predictor,level,arm,epoch,AURC,K,KL,M,MAE,REL,REL_debiased,RES,SHARP,SHARP_star,UNC,UNC_debiased,VAR_debiased,acc@0.25,acc@0.5,acc@0.75,bias,brier_debiased,brier_debiased_se,brier_raw,decomp_gap,f1@0.25,f1@0.5,f1@0.75,log_score,log_score_climatology,log_score_oracle,mean_p_invalid,n_bins_used,n_points,prec@0.25,prec@0.5,prec@0.75,rec@0.25,rec@0.5,rec@0.75,risk@0.2,risk@0.5,risk@0.8,risk@1,roa_frac_pred@0.25,roa_frac_pred@0.5,roa_frac_pred@0.75,roa_frac_true@0.25,roa_frac_true@0.5,roa_frac_true@0.75,run_dir,sAUROC,skill_score
fm,noisy_dynamics_f_0.150,dir00_s42,0,0.0150780814095019,100.0,0.19545809906186648,50.0,0.0434348223906759,0.007492171230290743,0.007479148664457879,0.007009313618313286,0.0013022565832863694,0.019765205461703593,0.023354387718783075,0.022959083609549003,0.022959083609549003,0.9307195454668614,0.953529572374523,0.9891202174289114,-0.04327037510238874,0.02342891865569305,0.00013867727210441146,0.023837245330759985,-5.48172618408671e-16,0.01755630430927469,nan,nan,0.25391717920948653,0.18267882128800783,0.059337315600780045,0.0,47,479789,1.0,nan,nan,0.00885589050899007,0.0,0.0,0.014869558152780288,0.014927459334888123,0.014913725009793998,0.023428918655693305,0.0006190221118033136,0.0,0.0,0.06989947664494184,0.04647042762547703,0.01087978257108854,/common/users/shared/pracsys/adaptive_roa_experiments/quadrotor_stoch/q2d_nd_dir00_s42,0.6786833933514448,-0.02046401564340461
fm,noisy_dynamics_f_0.150,dir00_s42,1,0.010466848066141348,100.0,0.16633309785089745,50.0,0.04257188055582766,0.009609702514691622,0.009587947758060492,0.010108178989156535,0.0021754756631129366,0.019765205461703593,0.023354387718783075,0.022959083609549003,0.022959083609549003,0.9312322708523956,0.9535587518680086,0.9891202174289114,-0.042267746863725496,0.02243885237845261,0.00013306260129025064,0.022855911244317812,-3.5041414214731503e-16,0.03186619718309859,0.0012550425818018825,nan,0.2247921779985263,0.18267882128800783,0.059337315600780045,0.0,59,479789,1.0,1.0,nan,0.016191072546739422,0.0006279153211338357,0.0,0.01026658346700143,0.010248902262086901,0.010191935587466332,0.022438852378451838,0.0011317474973373712,2.917949348567808e-05,0.0,0.06989947664494184,0.04647042762547703,0.01087978257108854,/common/users/shared/pracsys/adaptive_roa_experiments/quadrotor_stoch/q2d_nd_dir00_s42,0.7596891627558633,0.022659059043629304
fm,noisy_dynamics_f_0.150,dir00_s42,2,0.004602118594270428,100.0,0.10220452479213486,50.0,0.03834919099854311,0.008585960047798566,0.008519140788802329,0.013898588993454329,0.00668192589962368,0.019765205461703593,0.023354387718783075,0.022959083609549003,0.022959083609549003,0.9374120707227552,0.9537025650859023,0.9891202174289114,-0.03653414313375255,0.017579635404897043,0.00010576051105941276,0.018041758773127355,4.5102810375396984e-17,0.19443624755210986,0.0074176683497922166,nan,0.16066360493979961,0.18267882128800783,0.059337315600780045,0.0,67,479789,0.9689839572192513,1.0,nan,0.10805975489757581,0.0037226408324363114,0.0,0.004006004327573694,0.004121898568719098,0.004110975847851911,0.017579635404897927,0.0077950932597454295,0.00017299271137937719,0.0,0.06989947664494184,0.04647042762547703,0.01087978257108854,/common/users/shared/pracsys/adaptive_roa_experiments/quadrotor_stoch/q2d_nd_dir00_s42,0.871452637847441,0.23430587632054156
fm,noisy_dynamics_f_0.150,dir00_s42,3,0.013235343393339174,100.0,0.18054178630972856,50.0,0.042813590974365816,0.007926243717789478,0.007907121585166828,0.008112928758936721,0.0019122132622650565,0.019765205461703593,0.023354387718783075,0.022959083609549003,0.022959083609549003,0.9312927140889016,0.9535462463708005,0.9891202174289114,-0.042535010181558974,0.022753276435778656,0.00013544314550517538,0.023167702677635363,-4.718447854656915e-16,0.03359620063909003,0.0007173601147776185,nan,0.23900086645735502,0.18267882128800783,0.059337315600780045,0.0,56,479789,0.9982578397212544,1.0,nan,0.017085606941586905,0.0003588087549336204,0.0,0.013065767293599097,0.013015435749739627,0.012932881775232732,0.022753276435777653,0.0011963592329128012,1.667399627753033e-05,0.0,0.06989947664494184,0.04647042762547703,0.01087978257108854,/common/users/shared/pracsys/adaptive_roa_experiments/quadrotor_stoch/q2d_nd_dir00_s42,0.715711051075437,0.008964084859412691
fm,noisy_dynamics_f_0.150,dir00_s42,4,0.004439637001449551,100.0,0.09927776065482749,50.0,0.03811708897035989,0.008561504040643295,0.008492465051682007,0.01410071592171443,0.006903898896128814,0.019765205461703593,0.023354387718783075,0.022959083609549003,0.022959083609549003,0.9373578802348532,0.9537505028252002,0.9891202174289114,-0.036256896260647924,0.017350832739516642,0.00010456846288572894,0.017815175837711996,5.551115123125783e-17,0.19572372822392894,0.009463440764217481,nan,0.15773684080249292,0.18267882128800783,0.059337315600780045,0.0,63,479789,0.9543319415448852,1.0,nan,0.10904374273190805,0.00475421600287047,0.0,0.003802939296146242,0.003956469050447717,0.003967450045109121,0.017350832739516858,0.007986844216937029,0.0002209304506772769,0.0,0.06989947664494184,0.04647042762547703,0.01087978257108854,/common/users/shared/pracsys/adaptive_roa_experiments/quadrotor_stoch/q2d_nd_dir00_s42,0.8752395027577083,0.24427154695755415
fm,noisy_dynamics_f_0.150,dir00_s42,5,0.004259706389159961,100.0,0.0940021585488746,50.0,0.03756332471148776,0.008050051356526939,0.007973936085653765,0.014257153289266657,0.007611527087317487,0.019765205461703593,0.023354387718783075,0.022959083609549003,0.022959083609549003,0.9388689611475044,0.9536671328438125,0.9891202174289114,-0.03532004693729952,0.016675866405936202,0.00010043073108046117,0.017147285786043447,9.020562075079397e-17,0.2345633905736208,0.006258381761287438,nan,0.1524612386965462,0.18267882128800783,0.059337315600780045,0.0,61,479789,0.9399707174231332,0.9459459459459459,nan,0.1340012523481528,0.0031395766056691783,0.0,0.003700411447014953,0.0037692442824688757,0.0037412966812437115,0.016675866405936175,0.009964797025359065,0.00015423446556715557,0.0,0.06989947664494184,0.04647042762547703,0.01087978257108854,/common/users/shared/pracsys/adaptive_roa_experiments/quadrotor_stoch/q2d_nd_dir00_s42,0.8807515716515899,0.27367020872729964
fm,noisy_dynamics_f_0.150,dir00_s42,6,0.003744970496804371,100.0,0.08821496306241666,50.0,0.03683131543240883,0.008341980950885845,0.008263903860137768,0.015063352906489797,0.0078077090748077385,0.019765205461703593,0.023354387718783075,0.022959083609549003,0.022959083609549003,0.9397881151923033,0.9540735615030774,0.9891202174289114,-0.0349168071798228,0.016159634563197085,9.783077340997525e-05,0.016633015763179233,1.0755285551056204e-16,0.2522583149993529,0.02314137518287006,nan,0.1466740432100861,0.18267882128800783,0.059337315600780045,0.0,67,479789,0.9558650451157317,1.0,nan,0.14530220353639264,0.011706135629709366,0.0,0.0031679931398558687,0.003239992326574918,0.003247709138054094,0.016159634563196915,0.010625504127856204,0.000543989128554427,0.0,0.06989947664494184,0.04647042762547703,0.01087978257108854,/common/users/shared/pracsys/adaptive_roa_experiments/quadrotor_stoch/q2d_nd_dir00_s42,0.8916104360147901,0.2961550714299386
fm,noisy_dynamics_f_0.150,dir00_s42,7,0.004386683221232009,100.0,0.10312844492971153,50.0,0.03931465706800283,0.010111834332012742,0.010052748763021778,0.014620533633595816,0.0059085568990964905,0.019765205461703593,0.023354387718783075,0.022959083609549003,0.022959083609549003,0.9332414874038379,0.9535399936221964,0.9891202174289114,-0.037860976387537035,0.01839129873897502,0.00010840133146036368,0.01884568841720006,5.551115123125783e-17,0.08891796563886678,0.0004484103851845209,nan,0.16158752507737403,0.18267882128800783,0.059337315600780045,0.0,52,479789,0.9654107473749228,1.0,nan,0.04660524197155381,0.00022425547183351274,0.0,0.0037494209839254574,0.0038878574001976708,0.00392842149052465,0.018391298738975447,0.0033743999966652006,1.0421247673456457e-05,0.0,0.06989947664494184,0.04647042762547703,0.01087978257108854,/common/users/shared/pracsys/adaptive_roa_experiments/quadrotor_stoch/q2d_nd_dir00_s42,0.8751525149212281,0.19895327480205605
fm,noisy_dynamics_f_0.150,dir00_s42,8,0.003985751609491655,100.0,0.0868825048554135,50.0,0.03576178278368199,0.007170805026475552,0.007085445776278217,0.014860752126570113,0.008535925019733525,0.019765205461703593,0.023354387718783075,0.022959083609549003,0.022959083609549003,0.9432354639226826,0.9550469060357782,0.9891160489298421,-0.03337248248709329,0.015183777259257226,9.342160563863976e-05,0.015664440618688637,1.214306433183765e-16,0.33431916505756115,0.06470078057241978,nan,0.14534158500308095,0.18267882128800783,0.059337315600780045,0.0,76,479789,0.9271963123644251,0.9764397905759162,0.0,0.2039240242120643,0.0334589163975601,0.0,0.0034617951476220454,0.003538932636770143,0.0035494887006263316,0.015183777259256763,0.015373424567882965,0.0015923666445041467,4.168499069382583e-06,0.06989947664494184,0.04647042762547703,0.01087978257108854,/common/users/shared/pracsys/adaptive_roa_experiments/quadrotor_stoch/q2d_nd_dir00_s42,0.8848468845510044,0.33865926369369204
fm,noisy_dynamics_f_0.150,dir00_s42,9,0.0034713387311809656,100.0,0.07783938570615424,50.0,0.034608108981239664,0.006764543954789436,0.006669089555653419,0.01538922069645558,0.00954543991360175,0.019765205461703593,0.023354387718783075,0.022959083609549003,0.022959083609549003,0.9450883617590232,0.955109433521819,0.9891202174289114,-0.03203731223517005,0.014238952468746935,8.864997947988542e-05,0.014729710977117021,8.847089727481716e-17,0.3700444742001817,0.06664933263997226,nan,0.13629846585383024,0.18267882128800783,0.059337315600780045,0.0,72,479789,0.9339770669885334,0.985897435897436,nan,0.23073023824432717,0.03449049156799426,0.0,0.0029099380638893634,0.0029909173698868204,0.00300327609315476,0.014238952468747344,0.01726800739491735,0.0016257146370592074,0.0,0.06989947664494184,0.04647042762547703,0.01087978257108854,/common/users/shared/pracsys/adaptive_roa_experiments/quadrotor_stoch/q2d_nd_dir00_s42,0.8975420793187474,0.3798118117038105
fm,noisy_dynamics_f_0.150,dir00_s42,10,0.003677945123844961,100.0,0.07887183468475306,50.0,0.03451000335564174,0.0067339504037898365,0.006639497267603772,0.015536621430443757,0.009445313618606463,0.019765205461703593,0.023354387718783075,0.022959083609549003,0.022959083609549003,0.9461742557665974,0.9548676605757948,0.9891202174289114,-0.03219010856855826,0.014061959446709111,8.703792331111359e-05,0.014551716692129249,9.367506770274758e-17,0.38528004570231605,0.05597698142819775,nan,0.13733091483242504,0.18267882128800783,0.059337315600780045,0.0,71,479789,0.9550389426481001,1.0,nan,0.24131556191668904,0.028794402583423036,0.0,0.003167389134106758,0.0032244208882202985,0.0032228215490536327,0.014061959446709354,0.017661930556974004,0.001338088201271809,0.0,0.06989947664494184,0.04647042762547703,0.01087978257108854,/common/users/shared/pracsys/adaptive_roa_experiments/quadrotor_stoch/q2d_nd_dir00_s42,0.8932746528768049,0.3875208747068395
fm,noisy_dynamics_f_0.150,dir00_s42,11,0.0032983029237941344,100.0,0.07359635329052895,50.0,0.03351940123679368,0.006002613718560654,0.005899014533304324,0.015500431153323136,0.010359918525633033,0.019765205461703593,0.023354387718783075,0.022959083609549003,0.022959083609549003,0.9482376628059418,0.9554324921996962,0.9891202174289114,-0.030696868831924035,0.01335766698953028,8.475273158696635e-05,0.013856570284020688,9.367506770274758e-17,0.430272303915946,0.07946962848163934,nan,0.13205543343820705,0.18267882128800783,0.059337315600780045,0.0,73,479789,0.9327630793713945,0.9892818863879957,nan,0.27963145182932286,0.041397560100466455,0.0,0.002786499705866221,0.002835335697462964,0.002842240504030087,0.013357666989530753,0.020955044821786242,0.0019446048158669748,0.0,0.06989947664494184,0.04647042762547703,0.01087978257108854,/common/users/shared/pracsys/adaptive_roa_experiments/quadrotor_stoch/q2d_nd_dir00_s42,0.9010010447842103,0.41819685764920345
fm,noisy_dynamics_f_0.150,dir00_s42,12,0.00293815691111393,100.0,0.07082951433215243,50.0,0.03339192853525194,0.006127580618689101,0.0060230533950111674,0.015618339533977375,0.010452722367793366,0.019765205461703593,0.023354387718783075,0.022959083609549003,0.022959083609549003,0.9479271096252728,0.9559347963375567,0.9891181331793768,-0.030457847095285633,0.013363797470582861,8.50442670978501e-05,0.01386362880349487,6.938893903907228e-17,0.42356144155784237,0.10179284561135185,0.00038292169251388086,0.12928859447983754,0.18267882128800783,0.059337315600780045,0.0,77,479789,0.9361550229474758,0.964573268921095,0.3333333333333333,0.2736977070101679,0.05373161105130965,0.00019157088122605365,0.0023771709646779843,0.0024439535834343573,0.002467157187391984,0.013363797470583317,0.02043606668764811,0.0025886379220865837,6.252748604073874e-06,0.06989947664494184,0.04647042762547703,0.01087978257108854,/common/users/shared/pracsys/adaptive_roa_experiments/quadrotor_stoch/q2d_nd_dir00_s42,0.9088494859535071,0.41792983997738176
fm,noisy_dynamics_f_0.150,dir00_s42,13,0.0032045313006255458,100.0,0.07392432423329619,50.0,0.03343859488233368,0.006215762493680646,0.006115298716579639,0.015623441346691566,0.010046377710100723,0.019765205461703593,0.023354387718783075,0.022959083609549003,0.022959083609549003,0.9481605455731582,0.9562953715070583,0.9891264701775155,-0.030899395359209988,0.013450940979437165,8.594171565718459e-05,0.01394670886577224,8.500145032286355e-17,0.42585410895660203,0.11317403256502431,0.0015311004784688996,0.1323834043809742,0.18267882128800783,0.059337315600780045,0.0,79,479789,0.9428600633752428,0.9918458117123795,0.8,0.2750395086024391,0.06001076426264801,0.0007662835249042146,0.0026682421858882878,0.002719519721851186,0.0027343297726769365,0.013450940979437574,0.020390213197884904,0.002811652622298552,1.0421247673456457e-05,0.06989947664494184,0.04647042762547703,0.01087978257108854,/common/users/shared/pracsys/adaptive_roa_experiments/quadrotor_stoch/q2d_nd_dir00_s42,0.9030331720362934,0.414134239493656
fm,noisy_dynamics_f_0.150,dir00_s42,14,0.003126300057747155,100.0,0.07113139239887578,50.0,0.033225897217318445,0.006030522630189885,0.005925175791172203,0.015778383313130202,0.01053468390176818,0.019765205461703593,0.023354387718783075,0.022959083609549003,0.022959083609549003,0.9490380146272632,0.9556304959054918,0.9891202174289114,-0.03043462855546917,0.013105876087591084,8.281126509779463e-05,0.01360652703584284,8.153200337090993e-17,0.4420000456423012,0.08768320905116997,nan,0.12959047254655554,0.18267882128800783,0.059337315600780045,0.0,74,479789,0.9418401089282241,0.9855491329479769,nan,0.28875570265676714,0.045882669537136704,0.0,0.0026388245537694705,0.0026918035143777682,0.0026635122253741484,0.013105876087591525,0.021430253715695857,0.0021634510170095603,0.0,0.06989947664494184,0.04647042762547703,0.01087978257108854,/common/users/shared/pracsys/adaptive_roa_experiments/quadrotor_stoch/q2d_nd_dir00_s42,0.9044585156092847,0.42916379806465066
fm,noisy_dynamics_f_0.150,dir00_s42,15,0.0031766997962670252,100.0,0.07020123985995746,50.0,0.03275047989845537,0.005614936911636446,0.005506925496433328,0.01570800559225908,0.010801141520311825,0.019765205461703593,0.023354387718783075,0.022959083609549003,0.022959083609549003,0.9496987217297603,0.9568164338907311,0.9891243859279808,-0.02969988890949979,0.012758003513723332,8.178226292807638e-05,0.013261319038160531,8.847089727481716e-17,0.45631899076368554,0.13342256054205529,0.0007659900421294524,0.12866032000764197,0.18267882128800783,0.059337315600780045,0.0,77,479789,0.9331981940477287,0.9888406695598264,1.0,0.3019948117005099,0.07153749551489057,0.0003831417624521073,0.002670181809984033,0.0027320864442820503,0.002729818870585857,0.012758003513723836,0.022620360200004585,0.003361894499457053,4.168499069382583e-06,0.06989947664494184,0.04647042762547703,0.01087978257108854,/common/users/shared/pracsys/adaptive_roa_experiments/quadrotor_stoch/q2d_nd_dir00_s42,0.9039398343120538,0.44431564731890694
fm,noisy_dynamics_f_0.150,dir00_s42,16,0.003181774195823504,100.0,0.07077677369445215,50.0,0.032951339026113566,0.0059907109269396455,0.005885498694651761,0.015893812976397324,0.010521223228788429,0.019765205461703593,0.023354387718783075,0.022959083609549003,0.022959083609549003,0.9491568168507406,0.9561348842928871,0.9891243859279808,-0.030337940219554837,0.012950769327803513,8.227861926832778e-05,0.013451285669325476,7.806255641895632e-17,0.4407098312545854,0.10640285326086957,0.0007659900421294524,0.12923585384213174,0.18267882128800783,0.059337315600780045,0.0,76,479789,0.9535668221053676,0.9976114649681529,1.0,0.2865790022959716,0.056198421241478294,0.0003831417624521073,0.0026924959942083403,0.002751241082939863,0.002734810425139265,0.012950769327803906,0.021007151060153526,0.002617817415572262,4.168499069382583e-06,0.06989947664494184,0.04647042762547703,0.01087978257108854,/common/users/shared/pracsys/adaptive_roa_experiments/quadrotor_stoch/q2d_nd_dir00_s42,0.9043334590493616,0.43591958860165014
fm,noisy_dynamics_f_0.150,dir00_s42,17,0.003112506088718485,100.0,0.07135048953683429,50.0,0.03296501170306114,0.006073374884462332,0.00596955610562245,0.015833616218063666,0.010381877883988184,0.019765205461703593,0.023354387718783075,0.022959083609549003,0.022959083609549003,0.9493277253125854,0.9561869905312543,0.9891223016784462,-0.03045182361413037,0.013095023497107868,8.38661407226993e-05,0.013594146385181825,8.326672684688674e-17,0.44437334308437704,0.10863757791629565,0.0007658433850277617,0.12980956968451157,0.18267882128800783,0.059337315600780045,0.0,77,479789,0.9513651042176339,0.9953379953379954,0.6666666666666666,0.2898887795569073,0.05745425188374596,0.0003831417624521073,0.002627339937413083,0.002647597099241213,0.0026429143532608846,0.013095023497108322,0.021298945995010306,0.002682429151147692,6.252748604073874e-06,0.06989947664494184,0.04647042762547703,0.01087978257108854,/common/users/shared/pracsys/adaptive_roa_experiments/quadrotor_stoch/q2d_nd_dir00_s42,0.9054344980924067,0.4296364907325193
fm,noisy_dynamics_f_0.150,dir00_s42,18,0.0031334705437186935,100.0,0.07030609369233054,50.0,0.03245086902784349,0.005548216105846989,0.005440271691897852,0.015667893775004164,0.010794441394913687,0.019765205461703593,0.023354387718783075,0.022959083609549003,0.022959083609549003,0.9506428867689756,0.9567559906542251,0.9891348071756543,-0.029601866653883275,0.012731461526442776,8.250125674445369e-05,0.013234710049625982,8.153200337090993e-17,0.47113473435022446,0.1319554848966614,0.0026784006122058538,0.12876517384000902,0.18267882128800783,0.059337315600780045,0.0,77,479789,0.9384341637010676,0.9819427148194272,1.0,0.31451829322837466,0.07073017581628992,0.0013409961685823754,0.0026358045250239014,0.0026236410402341137,0.002659171465747602,0.012731461526443182,0.023426964769930114,0.003347304752714214,1.458974674283904e-05,0.06989947664494184,0.04647042762547703,0.01087978257108854,/common/users/shared/pracsys/adaptive_roa_experiments/quadrotor_stoch/q2d_nd_dir00_s42,0.9050260177706064,0.4454717033589449
fm,noisy_dynamics_f_0.150,dir00_s42,19,0.0026651232092555965,100.0,0.06915973958540728,50.0,0.033327796177069505,0.006489748947354611,0.006386412998603906,0.015977568028674203,0.010333594875070403,0.019765205461703593,0.023354387718783075,0.022959083609549003,0.022959083609549003,0.9483272855359335,0.9554283237006267,0.9891202174289114,-0.030831365454397665,0.013367928579478775,8.547819596166977e-05,0.013866568637463548,6.418476861114186e-17,0.4242184959821636,0.07954203073214824,nan,0.12761881973309003,0.18267882128800783,0.059337315600780045,0.0,74,479789,0.9592479781535553,0.9861259338313767,nan,0.2723260876047351,0.041442411194833155,0.0,0.002133646055183143,0.002141528755565385,0.002136551237765227,0.013367928579479046,0.019844139819795784,0.0019529418140057401,0.0,0.06989947664494184,0.04647042762547703,0.01087978257108854,/common/users/shared/pracsys/adaptive_roa_experiments/quadrotor_stoch/q2d_nd_dir00_s42,0.9155921800135353,0.4177499064501482
fm,noisy_dynamics_f_0.150,dir00_s42,20,0.0027429931905179708,100.0,0.06929196507117409,50.0,0.0331671839079262,0.00641568193065929,0.0063125261831759325,0.015938229194575815,0.010315574748335821,0.019765205461703593,0.023354387718783075,0.022959083609549003,0.022959083609549003,0.9484419192603415,0.9557888988701283,0.9891202174289114,-0.03074728682816822,0.01333338059814919,8.557663610464683e-05,0.013831840454866611,6.071532165918825e-17,0.42652138634519526,0.09327177908865522,nan,0.12775104521885516,0.18267882128800783,0.059337315600780045,0.0,74,479789,0.9584288393415294,0.9936247723132969,nan,0.2742940632733995,0.04893254395407248,0.0,0.0022021454114065915,0.0022084083555264154,0.002217985674855256,0.013333380598149517,0.020004627033967014,0.002288505989091038,0.0,0.06989947664494184,0.04647042762547703,0.01087978257108854,/common/users/shared/pracsys/adaptive_roa_experiments/quadrotor_stoch/q2d_nd_dir00_s42,0.9153009325428687,0.41925466952854984
fm,noisy_dynamics_f_0.150,dir00_s42,21,0.0024887100566341413,100.0,0.06630211386242035,50.0,0.03235613988649178,0.005746344174097202,0.005636917216611619,0.015822443311858274,0.010942695748558325,0.019765205461703593,0.023354387718783075,0.022959083609549003,0.022959083609549003,0.9503948610743472,0.9569164778683963,0.9891264701775155,-0.029381915800487306,0.01277355751430242,8.371024321723247e-05,0.013278288581022073,6.938893903907228e-17,0.46772822829538846,0.14010566163317942,0.0015311004784688996,0.12476119401010374,0.18267882128800783,0.059337315600780045,0.0,78,479789,0.9355819987474278,0.9661503155479059,0.8,0.3118048722306706,0.07552924291352708,0.0007662835249042146,0.0019155149085207629,0.0019464978513134524,0.0019488819725977716,0.012773557514302775,0.023295657049244564,0.003632846938966921,1.0421247673456457e-05,0.06989947664494184,0.04647042762547703,0.01087978257108854,/common/users/shared/pracsys/adaptive_roa_experiments/quadrotor_stoch/q2d_nd_dir00_s42,0.9191526477982919,0.443638181229946
fm,noisy_dynamics_f_0.150,dir00_s42,22,0.002454476274383746,100.0,0.06441038498963832,50.0,0.032001358930696625,0.005468890759927979,0.005356219468037905,0.015789574496335525,0.01126712918900735,0.019765205461703593,0.023354387718783075,0.022959083609549003,0.022959083609549003,0.9506866560092041,0.957937760140395,0.9891243859279808,-0.028739133243988507,0.01252572858125144,8.26713320698024e-05,0.013033703982375586,5.724587470723463e-17,0.47314509664202375,0.17712538226299693,0.0034377387318563794,0.12286946513732731,0.18267882128800783,0.059337315600780045,0.0,82,479789,0.9343065693430657,0.9744279946164199,0.5625,0.31678444702865494,0.09741657696447793,0.0017241379310344827,0.0018748593666191376,0.0019258391532691087,0.0018718818734897945,0.012525728581251767,0.023700001458974673,0.004645792212826888,3.334799255506066e-05,0.06989947664494184,0.04647042762547703,0.01087978257108854,/common/users/shared/pracsys/adaptive_roa_experiments/quadrotor_stoch/q2d_nd_dir00_s42,0.9215015856239754,0.45443255513726977
fm,noisy_dynamics_f_0.150,dir00_s42,23,0.0025578895019400315,100.0,0.06590356038714135,50.0,0.03245587122672674,0.005788308324231684,0.0056781101923129625,0.015951492618175994,0.011019813191872162,0.019765205461703593,0.023354387718783075,0.022959083609549003,0.022959083609549003,0.9505178317968941,0.9564600272202989,0.9891243859279808,-0.029457553216101245,0.012685701183686043,8.225782685565841e-05,0.013191203424838836,7.112366251504909e-17,0.46993681484293015,0.12108717603500506,0.0011485451761102604,0.12436264053482797,0.18267882128800783,0.059337315600780045,0.0,78,479789,0.9353003910415926,0.9775815217391305,0.75,0.31380266571249665,0.06454072479368497,0.0005747126436781609,0.0020534494045226287,0.002001678455412799,0.002010182175790415,0.012685701183686272,0.02345197576434641,0.0030680153150655807,8.336998138765165e-06,0.06989947664494184,0.04647042762547703,0.01087978257108854,/common/users/shared/pracsys/adaptive_roa_experiments/quadrotor_stoch/q2d_nd_dir00_s42,0.918258997981136,0.4474648291968464
fm,noisy_dynamics_f_0.150,dir00_s43,0,0.014757484314386855,100.0,0.19296939269870464,50.0,0.043350973031895265,0.007663746959090076,0.00765000544716999,0.007263244090551941,0.0013741511920086253,0.019765205461703593,0.023354387718783075,0.022959083609549003,0.022959083609549003,0.9307612304575553,0.9535420778717311,0.9891202174289114,-0.04318540024885939,0.02334584496616652,0.00013825995966452325,0.02375489058732068,-5.30825383648903e-16,0.018727476812193534,0.0005380683346785041,nan,0.251428472846325,0.18267882128800783,0.059337315600780045,0.0,53,479789,1.0,1.0,nan,0.009452246772221725,0.00026910656620021526,0.0,0.014668271110107324,0.014616207515958891,0.014515593769553295,0.02334584496616676,0.0006607071024971393,1.2505497208147748e-05,0.0,0.06989947664494184,0.04647042762547703,0.01087978257108854,/common/users/shared/pracsys/adaptive_roa_experiments/quadrotor_stoch/q2d_nd_dir00_s43,0.6861645755308245,-0.016845679174087635
fm,noisy_dynamics_f_0.150,dir00_s43,1,0.01048280047411364,100.0,0.16622087791280218,50.0,0.04251139563433092,0.009466221821442905,0.009443885580244622,0.010018938805798624,0.0022336241198282632,0.019765205461703593,0.023354387718783075,0.022959083609549003,0.022959083609549003,0.9313135565842485,0.9535712573652168,0.9891202174289114,-0.0421887954913514,0.02238403038399465,0.00013290752176169711,0.02280167073442701,-3.469446951953614e-16,0.034172503736701734,0.001792435920415845,nan,0.22467995806043117,0.18267882128800783,0.059337315600780045,0.0,59,479789,0.9982876712328768,1.0,nan,0.01738378507320273,0.000897021887334051,0.0,0.010192282252737214,0.010256497421703918,0.01018418772498739,0.022384030383994034,0.0012172017282597143,4.1684990693825826e-05,0.0,0.06989947664494184,0.04647042762547703,0.01087978257108854,/common/users/shared/pracsys/adaptive_roa_experiments/quadrotor_stoch/q2d_nd_dir00_s43,0.7594188592266987,0.025046871875808674
fm,noisy_dynamics_f_0.150,dir00_s43,2,0.004816029220669013,100.0,0.10547224448025795,50.0,0.03862700061902212,0.009161936856385026,0.00910052533438833,0.014119028888939376,0.006141152199669589,0.019765205461703593,0.023354387718783075,0.022959083609549003,0.022959083609549003,0.9365658654116705,0.953644206098931,0.9891202174289114,-0.03729312260181038,0.017940580054997976,0.00010742613492356281,0.018397295686228745,1.734723475976807e-17,0.17127297481279782,0.004921480023265179,nan,0.16393132462791712,0.18267882128800783,0.059337315600780045,0.0,61,479789,0.9865119196988708,1.0,nan,0.09377702239317769,0.0024668101901686402,0.0,0.00420853341023785,0.004407707283501196,0.004365421776789362,0.017940580054998392,0.006644587516595837,0.00011463372440802102,0.0,0.06989947664494184,0.04647042762547703,0.01087978257108854,/common/users/shared/pracsys/adaptive_roa_experiments/quadrotor_stoch/q2d_nd_dir00_s43,0.8670150321519108,0.2185846630422027
fm,noisy_dynamics_f_0.150,dir00_s43,3,0.005148062787170294,100.0,0.12292812398029798,50.0,0.041084018182992926,0.01209435437014401,0.012056527497973708,0.01440488906186724,0.00378268721703023,0.019765205461703593,0.023354387718783075,0.022959083609549003,0.022959083609549003,0.9316491207593338,0.9535587518680086,0.9891202174289114,-0.04047996098284872,0.02061072204565543,0.00012179065214630423,0.021043853027059814,-3.469446951953614e-17,0.04340470217606908,0.0012550425818018825,nan,0.1813872041279417,0.18267882128800783,0.059337315600780045,0.0,56,479789,0.9986577181208054,1.0,nan,0.02218445299221755,0.0006279153211338357,0.0,0.004546240680978343,0.004665786179412747,0.00472757639290333,0.020610722045654863,0.001552765903345012,2.917949348567808e-05,0.0,0.06989947664494184,0.04647042762547703,0.01087978257108854,/common/users/shared/pracsys/adaptive_roa_experiments/quadrotor_stoch/q2d_nd_dir00_s43,0.8582769011026479,0.10228463835189217
fm,noisy_dynamics_f_0.150,dir00_s43,4,0.004718831043936722,100.0,0.10658790227197218,50.0,0.03909522727699051,0.009475488535858676,0.009416449131942253,0.013972377645878333,0.005903940391642276,0.019765205461703593,0.023354387718783075,0.022959083609549003,0.022959083609549003,0.9348338540483421,0.9536567115961392,0.9891202174289114,-0.03769732111407305,0.018403155095612942,0.00011002433000449312,0.01885749860876344,2.0816681711721685e-17,0.12942028178426243,0.0054569038779800514,nan,0.16504698241963256,0.18267882128800783,0.059337315600780045,0.0,61,479789,0.9777029869583509,1.0,nan,0.06929659778751826,0.0027359167563688553,0.0,0.004138000851563147,0.004240076121738657,0.004257051660781977,0.018403155095613414,0.0049542611439611995,0.00012713922161616877,0.0,0.06989947664494184,0.04647042762547703,0.01087978257108854,/common/users/shared/pracsys/adaptive_roa_experiments/quadrotor_stoch/q2d_nd_dir00_s43,0.8689445848524315,0.19843686235112568
fm,noisy_dynamics_f_0.150,dir00_s43,5,0.004542376415704735,100.0,0.09938617555170422,50.0,0.037937822667881094,0.008575823693365542,0.008506805376370094,0.01431408661562352,0.006901831699544862,0.019765205461703593,0.023354387718783075,0.022959083609549003,0.022959083609549003,0.9378706056203873,0.9536733855924167,0.9891202174289114,-0.03626458714143093,0.01715180237029561,0.00010314031208475335,0.017616124796525138,3.8163916471489756e-17,0.20464793617759278,0.0061703554661301134,nan,0.15784525569936755,0.18267882128800783,0.059337315600780045,0.0,60,479789,0.9728564180618975,1.0,nan,0.11435131347466977,0.0030947255113024756,0.0,0.00396511909334493,0.0041065347041712085,0.004124867980081534,0.017151802370295857,0.00821611166575307,0.0001438132178936991,0.0,0.06989947664494184,0.04647042762547703,0.01087978257108854,/common/users/shared/pracsys/adaptive_roa_experiments/quadrotor_stoch/q2d_nd_dir00_s43,0.8731523091724045,0.25294046304348416
fm,noisy_dynamics_f_0.150,dir00_s43,6,0.0039976882594568415,100.0,0.0914588633372502,50.0,0.03711650329624064,0.008474494367412391,0.008399454560877907,0.014929656176472772,0.00750398065344844,0.019765205461703593,0.023354387718783075,0.022959083609549003,0.022959083609549003,0.9392691370581652,0.9539401695328572,0.9891202174289114,-0.03536419134244428,0.01642888199395426,9.921143943875605e-05,0.01689922590972282,1.214306433183765e-16,0.2390577666353285,0.01751656070777575,nan,0.1499179434849163,0.18267882128800783,0.059337315600780045,0.0,64,479789,0.9625657202944269,1.0,nan,0.13647613084056415,0.008835665590240401,0.0,0.0034101994452505565,0.003497781980296723,0.0035373532893430933,0.016428881993953915,0.00991060653745709,0.0004105971583341844,0.0,0.06989947664494184,0.04647042762547703,0.01087978257108854,/common/users/shared/pracsys/adaptive_roa_experiments/quadrotor_stoch/q2d_nd_dir00_s43,0.8857007696533408,0.28442779888996716
fm,noisy_dynamics_f_0.150,dir00_s43,7,0.00434334539892207,100.0,0.10418287397703628,50.0,0.03953452455141739,0.010508305209665506,0.010451863679633503,0.014690389478390391,0.005644153003200418,0.019765205461703593,0.023354387718783075,0.022959083609549003,0.022959083609549003,0.9324807363236756,0.953529572374523,0.9891202174289114,-0.03825712969659582,0.018720557810792172,0.00011065024298935713,0.019172303450058256,6.591949208711867e-17,0.06639960805786911,nan,nan,0.1626419541246972,0.18267882128800783,0.059337315600780045,0.0,48,479789,0.9913941480206541,nan,nan,0.034350120762143305,0.0,0.0,0.0037297440079015094,0.0038815655318590217,0.003900830763118846,0.018720557810792533,0.0024218979593112807,0.0,0.0,0.06989947664494184,0.04647042762547703,0.01087978257108854,/common/users/shared/pracsys/adaptive_roa_experiments/quadrotor_stoch/q2d_nd_dir00_s43,0.8764356815244938,0.18461215050386282
fm,noisy_dynamics_f_0.150,dir00_s43,8,0.0041356720189380195,100.0,0.08823461879435818,50.0,0.035905408419117574,0.00715090135914792,0.007066369187587909,0.014729428022342074,0.008453217156001088,0.019765205461703593,0.023354387718783075,0.022959083609549003,0.022959083609549003,0.9429269949915484,0.9547467741027826,0.9891202174289114,-0.033554541683948565,0.01529602477479494,9.401303777308751e-05,0.01577586105558903,1.0755285551056204e-16,0.3264543106628951,0.05220883534136546,nan,0.14669369894202575,0.18267882128800783,0.059337315600780045,0.0,73,479789,0.9322843495363866,0.9771241830065359,nan,0.19787100814026298,0.026820954431288124,0.0,0.0036105081687524735,0.003673498311974132,0.0036860620569119065,0.01529602477479459,0.014835688187932612,0.0012755607152310704,0.0,0.06989947664494184,0.04647042762547703,0.01087978257108854,/common/users/shared/pracsys/adaptive_roa_experiments/quadrotor_stoch/q2d_nd_dir00_s43,0.8820861240739556,0.33377023948668794
fm,noisy_dynamics_f_0.150,dir00_s43,9,0.0035876622931276096,100.0,0.08064299531031766,50.0,0.035145074188862195,0.007181559272153022,0.007090898712211174,0.015347675479917808,0.009066055994184816,0.019765205461703593,0.023354387718783075,0.022959083609549003,0.022959083609549003,0.9437231783138005,0.9547488583523174,0.9891202174289114,-0.03285652651478046,0.014702306841842459,9.093038357236818e-05,0.015188271511018384,9.367506770274758e-17,0.33994181924853933,0.0514657695836428,nan,0.13910207545799033,0.18267882128800783,0.059337315600780045,0.0,71,479789,0.9434192672998644,0.9932546374367622,nan,0.2073232549124847,0.0264172945819878,0.0,0.0030501354546696104,0.0031336022434986033,0.003150604579979983,0.014702306841842445,0.015360919070674817,0.0012359599740719358,0.0,0.06989947664494184,0.04647042762547703,0.01087978257108854,/common/users/shared/pracsys/adaptive_roa_experiments/quadrotor_stoch/q2d_nd_dir00_s43,0.8947852413137708,0.3596300666056391
fm,noisy_dynamics_f_0.150,dir00_s43,10,0.003942437048818271,100.0,0.08458217475370372,50.0,0.03547163440595763,0.0074558382711594085,0.00736991385880567,0.015379863059571112,0.008592441235373859,0.019765205461703593,0.023354387718783075,0.022959083609549003,0.022959083609549003,0.9437836215503065,0.9543611879388648,0.9891202174289114,-0.033581887037843726,0.01494913440878366,9.173111238583139e-05,0.015430362930371469,9.71445146547012e-17,0.33484586929716403,0.03516192994051553,nan,0.14304125490136843,0.18267882128800783,0.059337315600780045,0.0,68,479789,0.9680593184086697,1.0,nan,0.20243313355398515,0.017895586652314315,0.0,0.003457754264089247,0.003482982988731108,0.003472979887884709,0.014949134408783359,0.014616841986790027,0.0008316155643418253,0.0,0.06989947664494184,0.04647042762547703,0.01087978257108854,/common/users/shared/pracsys/adaptive_roa_experiments/quadrotor_stoch/q2d_nd_dir00_s43,0.8871965577340085,0.34887930794563127
fm,noisy_dynamics_f_0.150,dir00_s43,11,0.0034546250129573325,100.0,0.07507297865171185,50.0,0.03346452294654525,0.006084700143095579,0.005983936263535812,0.015548163934902513,0.010076387955976693,0.019765205461703593,0.023354387718783075,0.022959083609549003,0.022959083609549003,0.9482376628059418,0.955986902575924,0.9891202174289114,-0.03091902898982678,0.013394855938182399,8.521754438608997e-05,0.013890923926976235,9.367506770274758e-17,0.42780452964080823,0.10052391702517358,nan,0.13353205879938498,0.18267882128800783,0.059337315600780045,0.0,73,479789,0.9410095276707886,0.9991532599491956,nan,0.27682857739213407,0.052924291352709006,0.0,0.002935587040418641,0.002967049784961265,0.002969253980589353,0.013394855938182619,0.02056320590926428,0.002461498700470415,0.0,0.06989947664494184,0.04647042762547703,0.01087978257108854,/common/users/shared/pracsys/adaptive_roa_experiments/quadrotor_stoch/q2d_nd_dir00_s43,0.8988165978911086,0.41657706527052796
fm,noisy_dynamics_f_0.150,dir00_s43,12,0.002960745287800137,100.0,0.06904056672334083,50.0,0.032553038940034064,0.005692502056096553,0.005585020989766701,0.015778325260061732,0.0107481066329852,0.019765205461703593,0.023354387718783075,0.022959083609549003,0.022959083609549003,0.949782091711148,0.9571915988069756,0.9891535654214665,-0.029566517781774906,0.01276577933925405,8.236268040615508e-05,0.013268564514817971,7.45931094670027e-17,0.45702438364808223,0.15152641797827074,0.010270064663370103,0.12749964687102458,0.18267882128800783,0.059337315600780045,0.0,84,479789,0.9356833071883363,0.9597069597069597,0.7105263157894737,0.3023526254584489,0.08225690706853248,0.005172413793103448,0.002422454381615071,0.002468620837943235,0.002470081511001245,0.012765779339254303,0.022587012207449526,0.003983000860795058,7.920148231826907e-05,0.06989947664494184,0.04647042762547703,0.01087978257108854,/common/users/shared/pracsys/adaptive_roa_experiments/quadrotor_stoch/q2d_nd_dir00_s43,0.9089255373039122,0.4439769654419228
fm,noisy_dynamics_f_0.150,dir00_s43,13,0.003323056918713457,100.0,0.07477836435192772,50.0,0.03334876372738849,0.0062460574998308505,0.006147502297397693,0.015655297038893342,0.009855520243315711,0.019765205461703593,0.023354387718783075,0.022959083609549003,0.022959083609549003,0.9476853366792486,0.9571457453172123,0.9891285544270503,-0.03091723653522694,0.01345128886805344,8.601477012550317e-05,0.013945148179720666,8.326672684688674e-17,0.4170111952431829,0.1460314823275325,0.0026768642447418736,0.13323744449960298,0.18267882128800783,0.059337315600780045,0.0,80,479789,0.9432594304928024,0.987085906793936,0.7,0.26767450875152815,0.07884822389666307,0.0013409961685823754,0.0028466195457111255,0.0028571513642661663,0.002845011699421263,0.013451288868053846,0.01983580282165702,0.00371204842128519,2.0842495346912913e-05,0.06989947664494184,0.04647042762547703,0.01087978257108854,/common/users/shared/pracsys/adaptive_roa_experiments/quadrotor_stoch/q2d_nd_dir00_s43,0.901337261916736,0.4141190869456627
fm,noisy_dynamics_f_0.150,dir00_s43,14,0.0031889918228175987,100.0,0.07280666386575882,50.0,0.03352936394956951,0.006257563480114371,0.006155308021059569,0.015770708902804874,0.010225545905480212,0.019765205461703593,0.023354387718783075,0.022959083609549003,0.022959083609549003,0.9480771755917705,0.9554470819464389,0.9891202174289114,-0.030902834370942225,0.013343682727803789,8.403318695672443e-05,0.01384124229609266,8.673617379884035e-17,0.4245588099417906,0.07981058975462764,nan,0.1312657440134356,0.18267882128800783,0.059337315600780045,0.0,74,479789,0.9420809841107125,0.9925053533190579,nan,0.27402570295494527,0.04157696447793326,0.0,0.002741216288929125,0.0027169743905816946,0.0027382068940876325,0.013343682727804137,0.020331854210913547,0.0019466890654016662,0.0,0.06989947664494184,0.04647042762547703,0.01087978257108854,/common/users/shared/pracsys/adaptive_roa_experiments/quadrotor_stoch/q2d_nd_dir00_s43,0.9027751464716461,0.41880595259237763
fm,noisy_dynamics_f_0.150,dir00_s43,15,0.0031644018823781405,100.0,0.07093103095686595,50.0,0.03305532223539931,0.006000574338587961,0.005895631128177139,0.015829423956247497,0.010494321041082222,0.019765205461703593,0.023354387718783075,0.022959083609549003,0.022959083609549003,0.9490317618786591,0.9561994960284625,0.9891243859279808,-0.03034454729057982,0.013025290781478726,8.29429189797695e-05,0.013525538101123617,7.632783294297951e-17,0.44041189931350117,0.10934520025429117,0.0007659900421294524,0.12939011110454862,0.18267882128800783,0.059337315600780045,0.0,77,479789,0.9468660828495523,0.9930715935334873,1.0,0.2869368160539106,0.05785791173304629,0.0003831417624521073,0.0026645586015310134,0.00268509990127493,0.0026984743750561326,0.013025290781479128,0.021182228021067593,0.0027074401455639877,4.168499069382583e-06,0.06989947664494184,0.04647042762547703,0.01087978257108854,/common/users/shared/pracsys/adaptive_roa_experiments/quadrotor_stoch/q2d_nd_dir00_s43,0.9044675159324953,0.43267375113955653
fm,noisy_dynamics_f_0.150,dir00_s43,16,0.0033605411891519236,100.0,0.07462087175154403,50.0,0.033578656451064955,0.006418373173449733,0.00631920674273485,0.015762985136640338,0.009916643071488223,0.019765205461703593,0.023354387718783075,0.022959083609549003,0.022959083609549003,0.9478520766420239,0.9555950636634021,0.9891223016784462,-0.031310242627488334,0.013515305215643609,8.537382921648021e-05,0.014009775755592561,9.194034422677078e-17,0.41563901345291476,0.08542605709379694,0.0003830683777054204,0.1330799518992181,0.18267882128800783,0.059337315600780045,0.0,74,479789,0.9589395408988037,0.995995995995996,1.0,0.2653189015117631,0.044626838894869035,0.00019157088122605365,0.002824050147790005,0.0029067649069257754,0.0029173328807544285,0.013515305215643727,0.019339751432400493,0.0020821652851566,2.0842495346912913e-06,0.06989947664494184,0.04647042762547703,0.01087978257108854,/common/users/shared/pracsys/adaptive_roa_experiments/quadrotor_stoch/q2d_nd_dir00_s43,0.9001002417138029,0.41133080720946524
fm,noisy_dynamics_f_0.150,dir00_s43,17,0.0032056260614615013,100.0,0.07260874354566942,50.0,0.03313727492710337,0.006261467642757133,0.00616010655412539,0.01585888719428344,0.010136108863174299,0.019765205461703593,0.023354387718783075,0.022959083609549003,0.022959083609549003,0.9486899449549698,0.9562807817603155,0.9891243859279808,-0.030796204164747418,0.013260302969391046,8.459532529357882e-05,0.013756968167256857,8.847089727481716e-17,0.432529620579964,0.11238997968855789,0.0011485451761102604,0.13106782369334352,0.18267882128800783,0.059337315600780045,0.0,77,479789,0.9529710512950736,0.9940119760479041,0.75,0.2797507230819692,0.05956225331898098,0.0005747126436781609,0.002792378128016041,0.0027070789048440932,0.0027092316323766236,0.013260302969391355,0.020519436669035763,0.002784557378347565,8.336998138765165e-06,0.06989947664494184,0.04647042762547703,0.01087978257108854,/common/users/shared/pracsys/adaptive_roa_experiments/quadrotor_stoch/q2d_nd_dir00_s43,0.9039731527822362,0.42243762012017316
fm,noisy_dynamics_f_0.150,dir00_s43,18,0.0026719040847613612,100.0,0.06488536805373973,50.0,0.03193637203020493,0.00531316176765193,0.005198923958022188,0.01584850027938781,0.011423780962974233,0.019765205461703593,0.023354387718783075,0.022959083609549003,0.022959083609549003,0.9515328613202887,0.9571915988069756,0.9891389756747236,-0.028692696164355578,0.012309507288183448,8.050492671320344e-05,0.01281904920704726,6.418476861114186e-17,0.4878875968992248,0.14814814814814817,0.004584527220630372,0.12334444820143166,0.18267882128800783,0.059337315600780045,0.0,81,479789,0.933114312189369,0.9840220385674932,0.8,0.33029191639085187,0.08010405453893076,0.0022988505747126436,0.002111595591778871,0.0021468065748153835,0.002182476942505947,0.01230950728818378,0.02474212622632032,0.003782912905464694,3.126374302036937e-05,0.06989947664494184,0.04647042762547703,0.01087978257108854,/common/users/shared/pracsys/adaptive_roa_experiments/quadrotor_stoch/q2d_nd_dir00_s43,0.9161073499341766,0.463850234725233
fm,noisy_dynamics_f_0.150,dir00_s43,19,0.0029474428892553,100.0,0.07187496040235998,50.0,0.03357525912432341,0.0063815008883924985,0.006279655959126349,0.01567388885311709,0.010184492926614986,0.019765205461703593,0.023354387718783075,0.022959083609549003,0.022959083609549003,0.9479375308729462,0.9554887669371328,0.9891223016784462,-0.031037685315836745,0.01356485071555833,8.661674601051116e-05,0.014061999754058556,7.28583859910259e-17,0.4167464449996498,0.08122526243331613,0.0003830683777054204,0.13033404055004372,0.18267882128800783,0.059337315600780045,0.0,74,479789,0.9606027987082885,0.9957805907172996,1.0,0.2660941646539643,0.042339433082167206,0.00019157088122605365,0.0023817052613579527,0.002452926897014146,0.0024503917742924515,0.013564850715558638,0.019362678177282096,0.0019758685588873444,2.0842495346912913e-06,0.06989947664494184,0.04647042762547703,0.01087978257108854,/common/users/shared/pracsys/adaptive_roa_experiments/quadrotor_stoch/q2d_nd_dir00_s43,0.9099269999810908,0.4091728160301433
fm,noisy_dynamics_f_0.150,dir00_s43,20,0.0027339426300969343,100.0,0.07139482009831899,50.0,0.033690809918526674,0.006707887862332008,0.006608376277788878,0.015851270743571986,0.009951158454312966,0.019765205461703593,0.023354387718783075,0.022959083609549003,0.022959083609549003,0.9471705270441798,0.9555783896671245,0.9891243859279808,-0.031349322306263805,0.01371618914376597,8.730014164231538e-05,0.014211004837543173,7.632783294297951e-17,0.40397864885837237,0.08468971440841744,0.0007659900421294524,0.1298539002459992,0.18267882128800783,0.059337315600780045,0.0,73,479789,0.9555061179087876,0.9969666329625885,1.0,0.25613501505799563,0.04422317904556871,0.0003831417624521073,0.002137108454336511,0.002163752764283482,0.0021655924296812446,0.013716189143766214,0.01873740331687471,0.0020613227898096873,4.168499069382583e-06,0.06989947664494184,0.04647042762547703,0.01087978257108854,/common/users/shared/pracsys/adaptive_roa_experiments/quadrotor_stoch/q2d_nd_dir00_s43,0.9144809510110224,0.40258115798397043
fm,noisy_dynamics_f_0.150,dir00_s43,21,0.0026973360742325943,100.0,0.0689859578795908,50.0,0.03296399042078913,0.005949960214252563,0.005843724133328859,0.01559810748150389,0.010623608092370404,0.019765205461703593,0.023354387718783075,0.022959083609549003,0.022959083609549003,0.9490651098712142,0.956445437473556,0.9891264701775155,-0.03002415645210707,0.013204700261374045,8.564401207060266e-05,0.013706240451531819,7.112366251504909e-17,0.44464139623670573,0.12164263797234251,0.0015311004784688996,0.12744503802727508,0.18267882128800783,0.059337315600780045,0.0,79,479789,0.9346517626827171,0.9678929765886287,0.8,0.29170766615976385,0.06489953354861859,0.0007662835249042146,0.002167725590830328,0.0021283257003171492,0.002089172941733507,0.01320470026137433,0.021815839879613746,0.0031159530543634806,1.0421247673456457e-05,0.06989947664494184,0.04647042762547703,0.01087978257108854,/common/users/shared/pracsys/adaptive_roa_experiments/quadrotor_stoch/q2d_nd_dir00_s43,0.9161305705576122,0.42485943751334976
fm,noisy_dynamics_f_0.150,dir00_s43,22,0.002418589879277291,100.0,0.06479669828042885,50.0,0.032036103370439925,0.005604415296118561,0.005493253162999901,0.015915209476908953,0.01111621331186599,0.019765205461703593,0.023354387718783075,0.022959083609549003,0.022959083609549003,0.9507450149961754,0.9577460091832034,0.9891389756747236,-0.02900727194662653,0.012537127295640015,8.2707763891311e-05,0.013043593537992745,6.071532165918825e-17,0.4721465266919812,0.16849185841433903,0.004204089432447927,0.12325577842811584,0.18267882128800783,0.059337315600780045,0.0,80,479789,0.9408884536633134,0.9851318944844125,0.8461538461538461,0.31514446730476786,0.09212414782920703,0.00210727969348659,0.0018530556097884512,0.0018781448176095007,0.0019017610170436604,0.012537127295640368,0.023412375023187278,0.0043456602798313424,2.709524395098679e-05,0.06989947664494184,0.04647042762547703,0.01087978257108854,/common/users/shared/pracsys/adaptive_roa_experiments/quadrotor_stoch/q2d_nd_dir00_s43,0.9211282959109149,0.45393607563563
fm,noisy_dynamics_f_0.150,dir00_s43,23,0.0023459336361396437,100.0,0.06367586750631342,50.0,0.03241479066839799,0.005980201382929821,0.005868827458478898,0.016145723162727277,0.011137392445092285,0.019765205461703593,0.023354387718783075,0.022959083609549003,0.022959083609549003,0.9506345497708367,0.955703444639206,0.9891202174289114,-0.02953835957056122,0.012682187905300683,8.231744508573197e-05,0.01318886593898568,6.071532165918825e-17,0.4675494008947238,0.09155802521906392,nan,0.12213494765400353,0.18267882128800783,0.059337315600780045,0.0,74,479789,0.9500274072720628,0.9745222929936306,nan,0.3100754390672988,0.04803552206673843,0.0,0.0018145863985561583,0.0017762601069941835,0.0017647389100079029,0.012682187905301023,0.022814195406730877,0.0022905902386257293,0.0,0.06989947664494184,0.04647042762547703,0.01087978257108854,/common/users/shared/pracsys/adaptive_roa_experiments/quadrotor_stoch/q2d_nd_dir00_s43,0.924091392653357,0.44761785265567033
fm,noisy_dynamics_f_0.150,dir00_s44,0,0.014686456445889165,100.0,0.19323161421094837,50.0,0.04337688025361149,0.007799207593758219,0.007785798469111654,0.0073815769878188475,0.0013409124646564438,0.019765205461703593,0.023354387718783075,0.022959083609549003,0.022959083609549003,0.9307779044538328,0.9535337408735923,0.9891202174289114,-0.04322085333344449,0.023363305090841266,0.00013828947851886954,0.023772018324721915,-5.30825383648903e-16,0.019253484526340653,0.0001793882859449278,nan,0.25169069435856817,0.18267882128800783,0.059337315600780045,0.0,51,479789,0.9969418960244648,1.0,nan,0.00972060709067597,8.97021887334051e-05,0.0,0.014535747144477756,0.014499234571588235,0.014449633789613102,0.023363305090841325,0.0006815495978440523,4.168499069382583e-06,0.0,0.06989947664494184,0.04647042762547703,0.01087978257108854,/common/users/shared/pracsys/adaptive_roa_experiments/quadrotor_stoch/q2d_nd_dir00_s44,0.6861500686575674,-0.017606167918833737
fm,noisy_dynamics_f_0.150,dir00_s44,1,0.013869314417691476,100.0,0.18750240481134314,50.0,0.04317383266394184,0.007893739904376666,0.007878108881303412,0.007682368716639938,0.0015631023073252894,0.019765205461703593,0.023354387718783075,0.022959083609549003,0.022959083609549003,0.9309634026624204,0.9535441621212658,0.9891202174289114,-0.042958779796952395,0.023154823774211995,0.00013733569903613972,0.02356575890651933,-4.718447854656915e-16,0.024388088716090838,0.000627718244182397,nan,0.24596148495896683,0.18267882128800783,0.059337315600780045,0.0,56,479789,1.0,1.0,nan,0.01234457464889525,0.00031395766056691786,0.0,0.013731254022274198,0.013709154217555738,0.01357689439810213,0.02315482377421199,0.0008628793073621946,1.458974674283904e-05,0.0,0.06989947664494184,0.04647042762547703,0.01087978257108854,/common/users/shared/pracsys/adaptive_roa_experiments/quadrotor_stoch/q2d_nd_dir00_s44,0.7019411570008994,-0.00852560877393116
fm,noisy_dynamics_f_0.150,dir00_s44,2,0.005478813174442472,100.0,0.1206177220438443,50.0,0.04039594488410529,0.010636573102924572,0.010591809749353595,0.013745801178614476,0.004476335357097526,0.019765205461703593,0.023354387718783075,0.022959083609549003,0.022959083609549003,0.9322702271206718,0.9535524991194045,0.9891202174289114,-0.0395851718151104,0.01980509218028807,0.00011712117846784221,0.020245159643093105,-6.591949208711867e-17,0.06026604973973395,0.0009862375039225355,nan,0.17907680219149277,0.18267882128800783,0.059337315600780045,0.0,56,479789,0.9990412272291467,1.0,nan,0.031070161314369203,0.000493362038033728,0.0,0.004905819765535348,0.00508775310286694,0.005119844098459889,0.019805092180288936,0.0021738722646830167,2.2926744881604206e-05,0.0,0.06989947664494184,0.04647042762547703,0.01087978257108854,/common/users/shared/pracsys/adaptive_roa_experiments/quadrotor_stoch/q2d_nd_dir00_s44,0.8507727730203142,0.13737444764342188
fm,noisy_dynamics_f_0.150,dir00_s44,3,0.004440193901937657,100.0,0.10430105531513695,50.0,0.039109316803845016,0.010661143697937994,0.010605257708829693,0.015116597093508207,0.0055885989108301415,0.019765205461703593,0.023354387718783075,0.022959083609549003,0.022959083609549003,0.9336374948154292,0.9536108581063759,0.9891202174289114,-0.03817949140142853,0.018447744224870544,0.00010945558452489928,0.018898934323212917,5.551115123125783e-17,0.09648127128263337,0.003492276695768972,nan,0.16276013546278822,0.18267882128800783,0.059337315600780045,0.0,61,479789,0.9982384028185555,1.0,nan,0.05069028237469064,0.0017491926803013993,0.0,0.0038999119938103173,0.003988391179644533,0.003982462990823896,0.01844774422487088,0.003549476957579269,8.128573185296036e-05,0.0,0.06989947664494184,0.04647042762547703,0.01087978257108854,/common/users/shared/pracsys/adaptive_roa_experiments/quadrotor_stoch/q2d_nd_dir00_s44,0.8751290941435385,0.1964947495901853
fm,noisy_dynamics_f_0.150,dir00_s44,4,0.0050850100592074185,100.0,0.1113861748140173,50.0,0.03953408685901511,0.009733396766118969,0.009678891194425216,0.013702816926246043,0.0054505571693752326,0.019765205461703593,0.023354387718783075,0.022959083609549003,0.022959083609549003,0.9341460517018939,0.9536296163521881,0.9891202174289114,-0.03829416681082726,0.01893515787772817,0.00011324802214875074,0.019384967558655992,-6.938893903907228e-18,0.11182324169337156,0.004296455424274973,nan,0.16984525496167513,0.18267882128800783,0.059337315600780045,0.0,62,479789,0.9764359351988218,1.0,nan,0.05930763037838805,0.002152852529601722,0.0,0.004523926496754031,0.004607502176760228,0.004588002148899473,0.01893515787772822,0.004245616302166161,0.00010004397766518198,0.0,0.06989947664494184,0.04647042762547703,0.01087978257108854,/common/users/shared/pracsys/adaptive_roa_experiments/quadrotor_stoch/q2d_nd_dir00_s44,0.8627273099057832,0.1752650846285183
fm,noisy_dynamics_f_0.150,dir00_s44,5,0.004653199947313625,100.0,0.09936846801051698,50.0,0.03787592045670077,0.008543692372545786,0.008474587350769695,0.014285902029722663,0.006910502177609179,0.019765205461703593,0.023354387718783075,0.022959083609549003,0.022959083609549003,0.9381936642982645,0.9536483745980003,0.9891202174289114,-0.03624357790612124,0.01714776893059609,0.00010337910579507192,0.01761217806160625,5.204170427930421e-17,0.21124587722098095,0.005099986578982687,nan,0.15782754815818023,0.18267882128800783,0.059337315600780045,0.0,62,479789,0.978319783197832,1.0,nan,0.11840653606464502,0.002556512378902045,0.0,0.00406575836111984,0.004150210274818394,0.004150446772844185,0.01714776893059636,0.008459968861311952,0.00011880222347740361,0.0,0.06989947664494184,0.04647042762547703,0.01087978257108854,/common/users/shared/pracsys/adaptive_roa_experiments/quadrotor_stoch/q2d_nd_dir00_s44,0.8732017010737733,0.2531161425160674
fm,noisy_dynamics_f_0.150,dir00_s44,6,0.004111623886124816,100.0,0.09357452000594994,50.0,0.037551507016626066,0.008606298019993575,0.008533561037610894,0.0147234860530816,0.007273698238268081,0.019765205461703593,0.023354387718783075,0.022959083609549003,0.022959083609549003,0.9382853712777909,0.9538151145607757,0.9891202174289114,-0.03575367505299205,0.01676915859407841,0.00010100875462099729,0.017237199685695172,1.214306433183765e-16,0.21558758079898271,0.012302206373969244,nan,0.1520336001536175,0.18267882128800783,0.059337315600780045,0.0,65,479789,0.966278793635716,0.9928057553956835,nan,0.12132868175448012,0.006189451022604951,0.0,0.0035590145518597043,0.0036402082373623947,0.003623181655579837,0.016769158594078237,0.008776774790585027,0.0002897106853220895,0.0,0.06989947664494184,0.04647042762547703,0.01087978257108854,/common/users/shared/pracsys/adaptive_roa_experiments/quadrotor_stoch/q2d_nd_dir00_s44,0.8842301409344608,0.26960679793404807
fm,noisy_dynamics_f_0.150,dir00_s44,7,0.0041685375924444415,100.0,0.09712113054970845,50.0,0.03869982429776423,0.009718067936657972,0.009652489317723398,0.014845502765733383,0.006557861893457332,0.019765205461703593,0.023354387718783075,0.022959083609549003,0.022959083609549003,0.9338896890091269,0.953529572374523,0.9891202174289114,-0.03706919083180315,0.01776607016153912,0.00010504875728531788,0.018226952889707777,1.1102230246251565e-16,0.10663286861005492,nan,nan,0.15558021069737457,0.18267882128800783,0.059337315600780045,0.0,48,479789,0.961890243902439,nan,nan,0.056445120314876106,0.0,0.0,0.0035596355718552756,0.003668870436938675,0.003660187641617121,0.01776607016153875,0.004101803084272462,0.0,0.0,0.06989947664494184,0.04647042762547703,0.01087978257108854,/common/users/shared/pracsys/adaptive_roa_experiments/quadrotor_stoch/q2d_nd_dir00_s44,0.8824308587322411,0.2261855715290847
fm,noisy_dynamics_f_0.150,dir00_s44,8,0.003965078025230813,100.0,0.08526315460658049,50.0,0.035611008172342425,0.006719678287704931,0.006629565904338429,0.014593114379835565,0.009011238336650134,0.019765205461703593,0.023354387718783075,0.022959083609549003,0.022959083609549003,0.9439149292709921,0.954575865640938,0.9891202174289114,-0.03285542186252707,0.014995535134051975,9.260884908255538e-05,0.01548095162665255,1.0928757898653885e-16,0.349631419939577,0.045295251445593133,nan,0.14372223475425358,0.18267882128800783,0.059337315600780045,0.0,72,479789,0.9228119418218933,0.9718045112781954,nan,0.21567224259772788,0.02318801578758522,0.0,0.003364609771877294,0.0035002286289367896,0.003522982631431955,0.014995535134051809,0.01633634785291034,0.001108820752455767,0.0,0.06989947664494184,0.04647042762547703,0.01087978257108854,/common/users/shared/pracsys/adaptive_roa_experiments/quadrotor_stoch/q2d_nd_dir00_s44,0.8861341944851894,0.34685828977010547
fm,noisy_dynamics_f_0.150,dir00_s44,9,0.003396098644985469,100.0,0.07647269419659936,50.0,0.03432700624649586,0.0067222660163573904,0.0066258586709651785,0.015603705001426361,0.00964073453922117,0.019765205461703593,0.023354387718783075,0.022959083609549003,0.022959083609549003,0.9456927941240837,0.955169876758325,0.9891202174289114,-0.031892519419995026,0.013981237279087915,8.722273749165783e-05,0.014472948733714196,9.194034422677078e-17,0.3783164726092766,0.06835015376618878,nan,0.13493177434427503,0.18267882128800783,0.059337315600780045,0.0,72,479789,0.9466268656716418,0.9974715549936789,nan,0.23639562274502787,0.03538751345532831,0.0,0.00285543292537425,0.002932650381480753,0.00295092113003526,0.013981237279088128,0.017455589853039567,0.0016486413819408114,0.0,0.06989947664494184,0.04647042762547703,0.01087978257108854,/common/users/shared/pracsys/adaptive_roa_experiments/quadrotor_stoch/q2d_nd_dir00_s44,0.8991388596137183,0.3910367888867775
fm,noisy_dynamics_f_0.150,dir00_s44,10,0.003532071580237706,100.0,0.07775060112312562,50.0,0.034143488074966276,0.0066220060074732275,0.006526482592308679,0.015553605583968849,0.009552341516454907,0.019765205461703593,0.023354387718783075,0.022959083609549003,0.022959083609549003,0.946824541621421,0.9552740892350596,0.9891181331793768,-0.03189324890733219,0.013931960617888928,8.741138134041666e-05,0.01442278814228755,9.540979117872439e-17,0.3968700503534195,0.07260469337482173,nan,0.13620968127079655,0.18267882128800783,0.059337315600780045,0.0,74,479789,0.9577818347786399,0.99644128113879,0.0,0.25029072367832544,0.03767491926803014,0.0,0.0030079996733265,0.0030441243213974963,0.003085040181269852,0.013931960617889124,0.018266362922034478,0.0017570223577447587,2.0842495346912913e-06,0.06989947664494184,0.04647042762547703,0.01087978257108854,/common/users/shared/pracsys/adaptive_roa_experiments/quadrotor_stoch/q2d_nd_dir00_s44,0.8962485158666317,0.393183070595447
fm,noisy_dynamics_f_0.150,dir00_s44,11,0.0034616164723687065,100.0,0.07505705040391025,50.0,0.03320313721239962,0.005886761311188352,0.005785230413062701,0.015544965499294497,0.010153089812565123,0.019765205461703593,0.023354387718783075,0.022959083609549003,0.022959083609549003,0.9489275494019246,0.9564975437119234,0.9891243859279808,-0.030609205296494923,0.013199348523317302,8.435226056418563e-05,0.013696183530677026,9.540979117872439e-17,0.4417968927969384,0.12036412677006067,0.0007659900421294524,0.1335161305515819,0.18267882128800783,0.059337315600780045,0.0,77,479789,0.9359135218608242,0.9972067039106145,1.0,0.28914333422786775,0.06404736275565123,0.0003831417624521073,0.0029631586267972088,0.003011092863331869,0.003023774006570111,0.013199348523317592,0.02159490942893647,0.0029846453336779292,4.168499069382583e-06,0.06989947664494184,0.04647042762547703,0.01087978257108854,/common/users/shared/pracsys/adaptive_roa_experiments/quadrotor_stoch/q2d_nd_dir00_s44,0.8974467379959145,0.4250925364535234
fm,noisy_dynamics_f_0.150,dir00_s44,12,0.002939536320606545,100.0,0.07078178157581927,50.0,0.03304344201305157,0.006194701350387085,0.006091810658390765,0.015880674828743717,0.010289069199631972,0.019765205461703593,0.023354387718783075,0.022959083609549003,0.022959083609549003,0.9485294577407986,0.9567684961514332,0.9891285544270503,-0.030425833022432777,0.01317021943919613,8.430761083861091e-05,0.01366841424042652,7.632783294297951e-17,0.43215525765136015,0.13314944834503506,0.003819709702062643,0.1292408617234981,0.18267882128800783,0.059337315600780045,0.0,80,479789,0.9442323151125402,0.9761029411764706,0.625,0.2801979902793929,0.07144779332615715,0.0019157088122605363,0.0024106550016992846,0.0024584054843723086,0.0024542242333062034,0.013170219439196431,0.02074245136924773,0.0034014952406161876,3.334799255506066e-05,0.06989947664494184,0.04647042762547703,0.01087978257108854,/common/users/shared/pracsys/adaptive_roa_experiments/quadrotor_stoch/q2d_nd_dir00_s44,0.9084859342514343,0.4263612754248409
fm,noisy_dynamics_f_0.150,dir00_s44,13,0.0030652734078509287,100.0,0.0726195561575179,50.0,0.03333252742351325,0.00649530848245416,0.006396122390318667,0.015997027632345576,0.00991860921354928,0.019765205461703593,0.023354387718783075,0.022959083609549003,0.022959083609549003,0.9478791718859749,0.9566392726802824,0.9891327229261196,-0.03102101131955921,0.013358178367522181,8.466137601238988e-05,0.013852668568891738,7.806255641895632e-17,0.4180493821414442,0.12690951821386603,0.003059273422562142,0.13107863630519315,0.18267882128800783,0.059337315600780045,0.0,78,479789,0.9520881916472335,0.9869451697127938,0.8,0.26782359781733606,0.06781485468245425,0.0015325670498084292,0.0025464712240176397,0.0025650916153369106,0.002602494884028812,0.013358178367522369,0.019662810110277644,0.0031930702871470584,2.0842495346912913e-05,0.06989947664494184,0.04647042762547703,0.01087978257108854,/common/users/shared/pracsys/adaptive_roa_experiments/quadrotor_stoch/q2d_nd_dir00_s44,0.9059154696397415,0.41817458419959197
fm,noisy_dynamics_f_0.150,dir00_s44,14,0.003089845586904401,100.0,0.07197099201151226,50.0,0.0334358019879572,0.0064004793641263946,0.0062985085272406266,0.01594277405868432,0.01019708368857682,0.019765205461703593,0.023354387718783075,0.022959083609549003,0.022959083609549003,0.9480459118487502,0.9555575471717775,0.9891223016784462,-0.030951584967558655,0.013314818078105396,8.393001985185852e-05,0.013812093024225234,8.500145032286355e-17,0.4227856894755123,0.08394552562615458,0.0003830683777054204,0.13043007215918664,0.18267882128800783,0.059337315600780045,0.0,76,479789,0.9462064676616916,0.9959225280326198,1.0,0.27220681635208877,0.04381951919626839,0.00019157088122605365,0.0026242688659281546,0.0026306577154717164,0.002647533721173129,0.013314818078105863,0.020108839510701578,0.0020446487935321567,2.0842495346912913e-06,0.06989947664494184,0.04647042762547703,0.01087978257108854,/common/users/shared/pracsys/adaptive_roa_experiments/quadrotor_stoch/q2d_nd_dir00_s44,0.9049055174937123,0.42006317392530523
fm,noisy_dynamics_f_0.150,dir00_s44,15,0.002927397699546434,100.0,0.0662423626952809,50.0,0.03211949419432291,0.005386027433616318,0.005272951633102914,0.016001817977391287,0.011307580051340332,0.019765205461703593,0.023354387718783075,0.022959083609549003,0.022959083609549003,0.9513515316107706,0.956803928393523,0.9891306386765849,-0.028967525307999974,0.012230217265260706,7.884723487998434e-05,0.012738597175008179,7.28583859910259e-17,0.48320602236244886,0.1325911354790106,0.0019138755980861245,0.1247014428429705,0.18267882128800783,0.059337315600780045,0.0,78,479789,0.9384244926040591,0.9918597370068879,1.0,0.32537197721919076,0.07104413347685684,0.0009578544061302681,0.002465696088977694,0.0024397816902038652,0.0024619167994841835,0.012230217265261087,0.024235653589390335,0.0033285465069019925,1.0421247673456457e-05,0.06989947664494184,0.04647042762547703,0.01087978257108854,/common/users/shared/pracsys/adaptive_roa_experiments/quadrotor_stoch/q2d_nd_dir00_s44,0.9095525713434358,0.4673037707753289
fm,noisy_dynamics_f_0.150,dir00_s44,16,0.0033788076005780653,100.0,0.07450889046430084,50.0,0.03359864440410264,0.006423763470132025,0.0063244236403823696,0.015718658370196956,0.009933982974965571,0.019765205461703593,0.023354387718783075,0.022959083609549003,0.022959083609549003,0.9476207249436731,0.9556200746578183,0.9891243859279808,-0.031291630279143536,0.0135648488797345,8.571668745603545e-05,0.01405949281871823,8.500145032286355e-17,0.4120715873201543,0.0864118076114472,0.0007659900421294524,0.1329679706119744,0.18267882128800783,0.059337315600780045,0.0,75,479789,0.9564509122502172,0.9960435212660732,1.0,0.2626054805140591,0.04516505202726947,0.0003831417624521073,0.0028339949748423196,0.002920481792416912,0.0028848037683153567,0.01356484887973458,0.01919176971543741,0.0021071762795728958,4.168499069382583e-06,0.06989947664494184,0.04647042762547703,0.01087978257108854,/common/users/shared/pracsys/adaptive_roa_experiments/quadrotor_stoch/q2d_nd_dir00_s44,0.9006428880817646,0.40917289599081863
fm,noisy_dynamics_f_0.150,dir00_s44,17,0.003243648045563961,100.0,0.0736100126028763,50.0,0.03320163655273464,0.00619456754927777,0.006093958601038717,0.01570551408870918,0.010060894823905235,0.019765205461703593,0.023354387718783075,0.022959083609549003,0.022959083609549003,0.9482793477966356,0.9566934631681844,0.9891306386765849,-0.03078478247729731,0.013347528121878635,8.540144821596779e-05,0.013843441179351759,9.194034422677078e-17,0.4263356219802575,0.12814702920443102,0.0022957719533193035,0.13206909275055118,0.18267882128800783,0.059337315600780045,0.0,79,479789,0.9486625514403292,0.994140625,0.8571428571428571,0.27495005516295434,0.0684876210979548,0.0011494252873563218,0.002734265969252702,0.0027484541493707124,0.0027870314010679386,0.013347528121878834,0.020258905477199354,0.0032014072852858235,1.458974674283904e-05,0.06989947664494184,0.04647042762547703,0.01087978257108854,/common/users/shared/pracsys/adaptive_roa_experiments/quadrotor_stoch/q2d_nd_dir00_s44,0.9023374958026444,0.41863846358714374
fm,noisy_dynamics_f_0.150,dir00_s44,18,0.0026237555022312854,100.0,0.06346617391582818,50.0,0.03171752582906237,0.005188205764668486,0.005071593262173439,0.015912119254154998,0.011661250249504674,0.019765205461703593,0.023354387718783075,0.022959083609549003,0.022959083609549003,0.9519788907207126,0.9572186940509265,0.9891327229261196,-0.02834646063165266,0.012118557617567508,7.941151879583141e-05,0.012630474229296628,6.418476861114186e-17,0.49529025191675796,0.14879323214730034,0.002677888293802601,0.12192525406352264,0.18267882128800783,0.059337315600780045,0.0,80,479789,0.9332948072318996,0.9867986798679867,0.875,0.33709037779169276,0.08046286329386437,0.0013409961685823754,0.0020720885115128895,0.0021141902643632272,0.0021312832017069353,0.012118557617567863,0.025246514613715614,0.0037891656540687676,1.667399627753033e-05,0.06989947664494184,0.04647042762547703,0.01087978257108854,/common/users/shared/pracsys/adaptive_roa_experiments/quadrotor_stoch/q2d_nd_dir00_s44,0.9177488952060054,0.47216718996017637
fm,noisy_dynamics_f_0.150,dir00_s44,19,0.0028531929954485297,100.0,0.06949579983301982,50.0,0.033044546665304965,0.006026027117434518,0.0059201830754270785,0.01571473242165626,0.010584404200743884,0.019765205461703593,0.023354387718783075,0.022959083609549003,0.022959083609549003,0.9489108754056471,0.9560702725573117,0.9891202174289114,-0.030280498302378746,0.013164534263319896,8.484413917891567e-05,0.013665682414561404,7.28583859910259e-17,0.43784973855609577,0.10459237860571816,nan,0.1279548799807063,0.18267882128800783,0.059337315600780045,0.0,74,479789,0.9482467467964637,0.9903459372485921,nan,0.2846408444404687,0.055211697165410835,0.0,0.0022678714454580557,0.0023342661393952837,0.0023524279967724483,0.01316453426332031,0.02098214006573723,0.002590722171621275,0.0,0.06989947664494184,0.04647042762547703,0.01087978257108854,/common/users/shared/pracsys/adaptive_roa_experiments/quadrotor_stoch/q2d_nd_dir00_s44,0.91204234562329,0.4266088974977824
fm,noisy_dynamics_f_0.150,dir00_s44,20,0.002728300142981177,100.0,0.07012325946752945,50.0,0.03339071967052183,0.00642399858413415,0.006321811336882302,0.015833201648829773,0.010218724725184859,0.019765205461703593,0.023354387718783075,0.022959083609549003,0.022959083609549003,0.9480584173459583,0.9559181223412792,0.9891223016784462,-0.030853020807063106,0.013447693297601605,8.594671212110219e-05,0.013945184654087528,7.45931094670027e-17,0.4205631379478714,0.09831173260572988,0.0003830683777054204,0.12858233961521315,0.18267882128800783,0.059337315600780045,0.0,73,479789,0.9548141891891891,0.9939655172413793,1.0,0.2696723022333542,0.05171331180480804,0.00019157088122605365,0.0022233196411184865,0.002156371984171783,0.002150390200474686,0.013447693297601758,0.019742011592595914,0.002417729460241898,2.0842495346912913e-06,0.06989947664494184,0.04647042762547703,0.01087978257108854,/common/users/shared/pracsys/adaptive_roa_experiments/quadrotor_stoch/q2d_nd_dir00_s44,0.9149704447267135,0.41427569469678127
fm,noisy_dynamics_f_0.150,dir00_s44,21,0.0023804985191880528,100.0,0.06589935371175458,50.0,0.03263438719937306,0.005960733064013306,0.005851815063421674,0.015901764078078327,0.01089180005916321,0.019765205461703593,0.023354387718783075,0.022959083609549003,0.022959083609549003,0.9498300294504459,0.9563099612538012,0.9891243859279808,-0.029702014844025192,0.012909134594892414,8.371830709274647e-05,0.013413356704718112,5.724587470723463e-17,0.45787257043760277,0.11492991048809324,0.0007659900421294524,0.12435843385943988,0.18267882128800783,0.059337315600780045,0.0,77,479789,0.935659057437408,0.9805475504322767,1.0,0.30309807078748846,0.06104233943308217,0.0003831417624521073,0.001785993957390358,0.001836470122345292,0.0018242717583501424,0.012909134594892777,0.02264328694488619,0.0028929383541515126,4.168499069382583e-06,0.06989947664494184,0.04647042762547703,0.01087978257108854,/common/users/shared/pracsys/adaptive_roa_experiments/quadrotor_stoch/q2d_nd_dir00_s44,0.9214665053516214,0.437733020427552
fm,noisy_dynamics_f_0.150,dir00_s44,22,0.002563065386056919,100.0,0.06643441902090319,50.0,0.03250353801358514,0.006018819828402479,0.005911071757075418,0.0160150822045871,0.010774807132706126,0.019765205461703593,0.023354387718783075,0.022959083609549003,0.022959083609549003,0.9499196521804376,0.9566934631681844,0.9891223016784462,-0.029802100506681067,0.012855073162037383,8.368570093493876e-05,0.01335812534259852,6.418476861114186e-17,0.4563062859211658,0.12917015926236378,0.0007658433850277617,0.12489349916858551,0.18267882128800783,0.059337315600780045,0.0,75,479789,0.9461386881861688,0.9852941176470589,0.6666666666666666,0.30065301010823864,0.06911553641908863,0.0003831417624521073,0.0020358311523196015,0.002001865612123791,0.002002874556938454,0.01285507316203764,0.02221184729120509,0.00325976627225718,6.252748604073874e-06,0.06989947664494184,0.04647042762547703,0.01087978257108854,/common/users/shared/pracsys/adaptive_roa_experiments/quadrotor_stoch/q2d_nd_dir00_s44,0.918845591439011,0.44008770643220363
fm,noisy_dynamics_f_0.150,dir00_s44,23,0.0023782510582555432,100.0,0.06451612937957736,50.0,0.03267079903874411,0.006062684485226056,0.005952269153452794,0.016054676025689135,0.011041533177326203,0.019765205461703593,0.023354387718783075,0.022959083609549003,0.022959083609549003,0.9502739746013352,0.9554053969557451,0.9891223016784462,-0.02979211695140988,0.012856676737312719,8.306048070965483e-05,0.013362396178320052,5.551115123125783e-17,0.4611527689944891,0.0791082034948782,0.0003830683777054204,0.12297520952726772,0.18267882128800783,0.059337315600780045,0.0,75,479789,0.950647173852314,0.9797441364605544,1.0,0.3044100545665981,0.04121815572299964,0.00019157088122605365,0.0018143992418451667,0.0018210279922637193,0.0017953985821178478,0.012856676737312965,0.02238275575304978,0.0019550260635404315,2.0842495346912913e-06,0.06989947664494184,0.04647042762547703,0.01087978257108854,/common/users/shared/pracsys/adaptive_roa_experiments/quadrotor_stoch/q2d_nd_dir00_s44,0.9235758831419659,0.44001786151580335
fm,noisy_dynamics_f_0.150,epi_var,0,0.015124466385259095,100.0,0.19605723582270815,50.0,0.043443367813768126,0.0074292387553862626,0.0074163654891897645,0.006931472089637256,0.0012873266196497869,0.019765205461703593,0.023354387718783075,0.022959083609549003,0.022959083609549003,0.9306966187219798,0.9535337408735923,0.9891202174289114,-0.043282046899783023,0.02344397700910097,0.00013878903123681015,0.023852154384531525,-5.551115123125783e-16,0.01691156905064601,0.0001793882859449278,nan,0.25451631597032803,0.18267882128800783,0.059337315600780045,0.0,51,479789,1.0,1.0,nan,0.00852789456421266,8.97021887334051e-05,0.0,0.014880123999828172,0.015038143813769434,0.014974804027782717,0.02344397700910118,0.0005960953669217093,4.168499069382583e-06,0.0,0.06989947664494184,0.04647042762547703,0.01087978257108854,/common/users/shared/pracsys/adaptive_roa_experiments/quadrotor_stoch/q2d_nd_epi_var,0.6772438485468357,-0.021119893450376903
fm,noisy_dynamics_f_0.150,epi_var,1,0.013238844774872584,100.0,0.18187698937820426,50.0,0.042952693788311125,0.008148651068434286,0.008130726356117038,0.008191827192119888,0.001792471231724737,0.019765205461703593,0.023354387718783075,0.022959083609549003,0.022959083609549003,0.9309321389194,0.9535337408735923,0.9891202174289114,-0.042709753662547506,0.0228979827735457,0.0001359723007189495,0.023311211595097015,-4.579669976578771e-16,0.023572396723436854,0.0001793882859449278,nan,0.2403360695258286,0.18267882128800783,0.059337315600780045,0.0,51,479789,0.9975062344139651,1.0,nan,0.011927125264633092,8.97021887334051e-05,0.0,0.013067953624268422,0.01302906075829991,0.012959385717646285,0.022897982773544615,0.0008357840634112078,4.168499069382583e-06,0.0,0.06989947664494184,0.04647042762547703,0.01087978257108854,/common/users/shared/pracsys/adaptive_roa_experiments/quadrotor_stoch/q2d_nd_epi_var,0.713948987634519,0.002661292455849118
fm,noisy_dynamics_f_0.150,epi_var,2,0.006684396133442279,100.0,0.14073965900469496,50.0,0.04175918997726083,0.011816404763608256,0.011786789388280493,0.013254485939306615,0.0029615375327761407,0.019765205461703593,0.023354387718783075,0.022959083609549003,0.022959083609549003,0.9316011830200359,0.9535441621212658,0.9891202174289114,-0.04137760557244956,0.021491387058522726,0.00012730347596067338,0.02191630654308455,-1.6653345369377348e-16,0.042370655694651135,0.000627718244182397,nan,0.19919873915232691,0.18267882128800783,0.059337315600780045,0.0,54,479789,0.9918032786885246,1.0,nan,0.021647732355309063,0.00031395766056691786,0.0,0.006192300968408525,0.006231093450323422,0.006280409243670228,0.02149138705852141,0.0015256706593940253,1.458974674283904e-05,0.0,0.06989947664494184,0.04647042762547703,0.01087978257108854,/common/users/shared/pracsys/adaptive_roa_experiments/quadrotor_stoch/q2d_nd_epi_var,0.8263037248135524,0.06392661728083271
fm,noisy_dynamics_f_0.150,epi_var,3,0.004285497851200841,100.0,0.09362436501493872,50.0,0.03703838562368041,0.00823808240744046,0.008162847986737302,0.014747575599671306,0.0075234420703158,0.019765205461703593,0.023354387718783075,0.022959083609549003,0.022959083609549003,0.9397109979595197,0.9537484185756655,0.9891202174289114,-0.035338263278232716,0.016374355996615065,9.879987058799595e-05,0.016844894526552294,6.245004513516506e-17,0.24941616067258293,0.009374581491897684,nan,0.15208344516260322,0.18267882128800783,0.059337315600780045,0.0,62,479789,0.9610077984403119,1.0,nan,0.1433044100545666,0.004709364908503768,0.0,0.003682869758920979,0.003825816651928129,0.0038249578578384187,0.01637435599661462,0.010423331922991148,0.0002188462011425856,0.0,0.06989947664494184,0.04647042762547703,0.01087978257108854,/common/users/shared/pracsys/adaptive_roa_experiments/quadrotor_stoch/q2d_nd_epi_var,0.8784296131321283,0.2868027193470064
fm,noisy_dynamics_f_0.150,epi_var,4,0.003770629540843443,100.0,0.0749465431264344,50.0,0.032239234330090946,0.004717370495769985,0.0046086159361320165,0.015050578696056489,0.010875455963796882,0.019765205461703593,0.023354387718783075,0.022959083609549003,0.022959083609549003,0.9522498431602225,0.9577585146804116,0.9891223016784462,-0.029051874886668924,0.012517120849624632,8.246562865347937e-05,0.013021179518496673,1.0061396160665481e-16,0.5009801786103245,0.16853333333333334,0.0003830683777054204,0.13340562327412442,0.18267882128800783,0.059337315600780045,0.0,76,479789,0.9294431423260325,0.987974987974988,1.0,0.34290485135820137,0.09212414782920703,0.00019157088122605365,0.0033084202229632415,0.003281748690222112,0.0033088477059054194,0.01251712084962461,0.02578841949273535,0.004333154782623195,2.0842495346912913e-06,0.06989947664494184,0.04647042762547703,0.01087978257108854,/common/users/shared/pracsys/adaptive_roa_experiments/quadrotor_stoch/q2d_nd_epi_var,0.8915035201071785,0.4548074713043605
fm,noisy_dynamics_f_0.150,epi_var,5,0.003292833859427288,100.0,0.06622259349641682,50.0,0.03051378835279674,0.003751481809569589,0.003627909058913266,0.015513663371062782,0.012357275065632282,0.019765205461703593,0.023354387718783075,0.022959083609549003,0.022959083609549003,0.9565913349409845,0.9596989509972091,0.9891848291644869,-0.02633795272505206,0.011073329297399579,7.533689394955635e-05,0.011592206157289977,9.367506770274758e-17,0.5673210761400228,0.23975780451364317,0.015183146707155058,0.12468167364415143,0.18267882128800783,0.059337315600780045,0.0,83,479789,0.9353336073434717,0.9716379859783302,0.8163265306122449,0.4071324209082506,0.13675098672407607,0.007662835249042145,0.002822391258760748,0.002929274754984303,0.002923889745981614,0.011073329297399908,0.030425874707423473,0.0065403750398612725,0.00010212822719987328,0.06989947664494184,0.04647042762547703,0.01087978257108854,/common/users/shared/pracsys/adaptive_roa_experiments/quadrotor_stoch/q2d_nd_epi_var,0.8996380748421986,0.5176928885439476
fm,noisy_dynamics_f_0.150,epi_var,6,0.0026342484090267704,100.0,0.05941798454112627,50.0,0.03034848652220039,0.004527551759944452,0.00440385690805554,0.01659217731244201,0.012369485188891225,0.019765205461703593,0.023354387718783075,0.022959083609549003,0.022959083609549003,0.9565517341998253,0.9585130130119699,0.9891452284233277,-0.026820185539893585,0.010770763205162612,7.156542809795362e-05,0.011289762166285596,7.806255641895632e-17,0.5642558528428093,0.195074608758947,0.004967520061138708,0.1178770646888432,0.18267882128800783,0.059337315600780045,0.0,80,479789,0.9436481856953087,0.9913686806411838,0.9285714285714286,0.4024510242418821,0.10818083961248655,0.0024904214559386974,0.0022202655838800055,0.0022010513953597474,0.002202002917092625,0.010770763205162924,0.02981102109468954,0.005070979117903912,2.917949348567808e-05,0.06989947664494184,0.04647042762547703,0.01087978257108854,/common/users/shared/pracsys/adaptive_roa_experiments/quadrotor_stoch/q2d_nd_epi_var,0.9162713573321435,0.5308713802199447
fm,noisy_dynamics_f_0.150,epi_var,7,0.0024291924172710794,100.0,0.05623387892414295,50.0,0.0283769115173545,0.003883781587337785,0.0037567227272256453,0.016956223075590426,0.012705886011213982,0.019765205461703593,0.023354387718783075,0.022959083609549003,0.022959083609549003,0.9605076398166694,0.9617102517981863,0.9891910819130909,-0.025222941751478243,0.009759583261184292,6.843260851525787e-05,0.010281946230530505,6.938893903907228e-17,0.6176292529361909,0.30304639781478815,0.014068441064638783,0.11469295907184354,0.18267882128800783,0.059337315600780045,0.0,82,479789,0.9554223637385278,0.9830174747723357,0.925,0.45630199481170053,0.17913527090061,0.007088122605363984,0.0019486926891058934,0.0020374798328011146,0.0020525561565838822,0.009759583261184712,0.03338342479715042,0.008468305859450716,8.336998138765165e-05,0.06989947664494184,0.04647042762547703,0.01087978257108854,/common/users/shared/pracsys/adaptive_roa_experiments/quadrotor_stoch/q2d_nd_epi_var,0.9192748042557555,0.5749140763995848
fm,noisy_dynamics_f_0.150,epi_var,8,0.0017143406083813912,100.0,0.0435857545818305,50.0,0.025139425872623185,0.0023781653833169943,0.0022290800414881758,0.01753753737643737,0.014908534182881863,0.019765205461703593,0.023354387718783075,0.022959083609549003,0.022959083609549003,0.9665915642084333,0.9667645569198127,0.9892369354028542,-0.020228850598909102,0.0076506262745998505,5.821510006940029e-05,0.008195015725662738,3.8163916471489756e-17,0.7026986923861634,0.4539789069990412,0.04121797252135165,0.10204483472954817,0.18267882128800783,0.059337315600780045,0.0,87,479789,0.9295809206006478,0.9596120440069484,0.6686746987951807,0.5648388347198616,0.2973179045568712,0.021264367816091954,0.0013445848545132963,0.0013200332968803406,0.0013403100250918656,0.007650626274599554,0.042472837017939136,0.014397995785647441,0.00034598542275875437,0.06989947664494184,0.04647042762547703,0.01087978257108854,/common/users/shared/pracsys/adaptive_roa_experiments/quadrotor_stoch/q2d_nd_epi_var,0.936061032855536,0.6667712699378886
fm,noisy_dynamics_f_0.150,epi_var,9,0.001461074525773018,100.0,0.04065910868941003,50.0,0.025247806848427132,0.0023954289883285976,0.0022414780312254214,0.017600288476993887,0.015395095710317613,0.019765205461703593,0.023354387718783075,0.022959083609549003,0.022959083609549003,0.966964644875143,0.9656828314113078,0.9891660709186747,-0.019766188887198336,0.007600273163780574,5.643030247224924e-05,0.00814952823011782,3.469446951953614e-17,0.7107769789423745,0.42895293587209105,0.02219714070729872,0.09911818883712648,0.18267882128800783,0.059337315600780045,0.0,85,479789,0.9158711497766283,0.9459996940492581,0.6145833333333334,0.5807317291349853,0.27735916756368856,0.011302681992337164,0.0011095585611221852,0.0010667694327152297,0.0010640816071317602,0.0076002731637801685,0.04432156635521031,0.013624739208276972,0.00020008795533036397,0.06989947664494184,0.04647042762547703,0.01087978257108854,/common/users/shared/pracsys/adaptive_roa_experiments/quadrotor_stoch/q2d_nd_epi_var,0.9425075811430607,0.6689644372121406
fm,noisy_dynamics_f_0.150,epi_var,10,0.0012808205436792928,100.0,0.03767699362152587,50.0,0.024480136059809626,0.002241944514098956,0.002085095393280674,0.01790175857654563,0.015684912081828227,0.019765205461703593,0.023354387718783075,0.022959083609549003,0.022959083609549003,0.9675419819962525,0.9673710735344079,0.9892202614065766,-0.01901919385396497,0.00714242042628408,5.446445711548209e-05,0.007694573656336431,2.949029909160572e-17,0.7156395508079978,0.4704171036162511,0.03254769921436588,0.09613607376925717,0.18267882128800783,0.059337315600780045,0.0,85,479789,0.92312040700961,0.9570543702684102,0.6904761904761905,0.5843098667143751,0.31184965913168283,0.016666666666666666,0.0009032097801291439,0.0008877455315271711,0.0008863210137428731,0.007142420426283754,0.044244449122426734,0.015142072869532232,0.0002626154413711027,0.06989947664494184,0.04647042762547703,0.01087978257108854,/common/users/shared/pracsys/adaptive_roa_experiments/quadrotor_stoch/q2d_nd_epi_var,0.9477504108061445,0.6889065544709525
fm,noisy_dynamics_f_0.150,epi_var,11,0.0010794422108550482,100.0,0.034690077416962756,50.0,0.0236920604682475,0.001964876040381277,0.001802801880719636,0.01806137602101281,0.016207415966164082,0.019765205461703593,0.023354387718783075,0.022959083609549003,0.022959083609549003,0.9687425097282347,0.9684194510503575,0.9892015031607644,-0.017712890458097208,0.006700509469255849,5.163224973925185e-05,0.007257887738151561,1.9949319973733282e-17,0.7330307076101468,0.5003956739646531,0.03931021694789542,0.09314915756468242,0.18267882128800783,0.059337315600780045,0.0,84,479789,0.9094884707129605,0.9447211155378487,0.6127167630057804,0.6139189551838268,0.34033010405453895,0.020306513409961684,0.0007326759879215845,0.0007007861857930064,0.000706248609617042,0.0067005094692554655,0.04718324096634145,0.016740692262640453,0.0003605751695015934,0.06989947664494184,0.04647042762547703,0.01087978257108854,/common/users/shared/pracsys/adaptive_roa_experiments/quadrotor_stoch/q2d_nd_epi_var,0.9515446992946275,0.7081543155986847
fm,noisy_dynamics_f_0.150,epi_var,12,0.0008773028579133555,100.0,0.0327108488418427,50.0,0.024087150810043582,0.002382118687074388,0.002219333474104823,0.01841890325113739,0.016278521296956477,0.019765205461703593,0.023354387718783075,0.022959083609549003,0.022959083609549003,0.9689551031807733,0.9666770184393556,0.9891806606654175,-0.018648968609117758,0.006759513832516459,5.0670750705549964e-05,0.007317603154720094,1.8214596497756474e-17,0.7304413920408275,0.44887969665632543,0.026261489401613203,0.09116992898957234,0.18267882128800783,0.059337315600780045,0.0,85,479789,0.9291436464088397,0.9697646708370569,0.6306306306306306,0.6017532874139011,0.2920254754216003,0.013409961685823755,0.0004962970619373855,0.0004968262050020984,0.0005150297472831325,0.006759513832516346,0.04526989989349485,0.01399365137591733,0.00023135169835073334,0.06989947664494184,0.04647042762547703,0.01087978257108854,/common/users/shared/pracsys/adaptive_roa_experiments/quadrotor_stoch/q2d_nd_epi_var,0.9567533350988923,0.7055843365758255
fm,noisy_dynamics_f_0.150,epi_var,13,0.001152369208096704,100.0,0.03597296897784665,50.0,0.02442327773250325,0.0022431661055167,0.002082534387588337,0.018078272223429424,0.01606317179283629,0.019765205461703593,0.023354387718783075,0.022959083609549003,0.022959083609549003,0.9679317366592398,0.9669458866293308,0.9891889976635563,-0.018805725016621887,0.006963345773707947,5.275512305732605e-05,0.0075192816008703795,2.688821387764051e-17,0.7207217018804909,0.45738529441954356,0.02150537634408602,0.09443204912558784,0.18267882128800783,0.059337315600780045,0.0,85,479789,0.9210392020412898,0.9643630067811283,0.7037037037037037,0.5919730446969019,0.2997847147470398,0.010919540229885057,0.0007508727245040429,0.0007801746597469596,0.0007836230221470375,0.006963345773707542,0.04492599872027079,0.01444593352494534,0.0001688242123099946,0.06989947664494184,0.04647042762547703,0.01087978257108854,/common/users/shared/pracsys/adaptive_roa_experiments/quadrotor_stoch/q2d_nd_epi_var,0.9499759420857218,0.6967062844436964
fm,noisy_dynamics_f_0.150,epi_var,14,0.0010490690031717312,100.0,0.03579886358782957,50.0,0.025206559550135576,0.0027479889370902533,0.0025894675176051604,0.01821486381168559,0.015852141948509313,0.019765205461703593,0.023354387718783075,0.022959083609549003,0.022959083609549003,0.9674606962643996,0.9642947212212035,0.9891869134140215,-0.020037954184026735,0.007333687315468591,5.3470979892028604e-05,0.007887512844187757,2.0816681711721685e-17,0.711785556047851,0.38144069326593244,0.018910741301059002,0.0942579437355753,0.18267882128800783,0.059337315600780045,0.0,86,479789,0.9344190780863749,0.9783293202444897,0.7352941176470589,0.5748278021289919,0.23690348044492285,0.009578544061302681,0.0006466519578506062,0.000650410404892266,0.0006723051879414806,0.0073336873154681665,0.043000152150216034,0.011252863237798283,0.00014172896835900782,0.06989947664494184,0.04647042762547703,0.01087978257108854,/common/users/shared/pracsys/adaptive_roa_experiments/quadrotor_stoch/q2d_nd_epi_var,0.9532112290388246,0.6805757825448047
fm,noisy_dynamics_f_0.150,epi_var,15,0.0007123654133820306,100.0,0.027826171023622386,50.0,0.022197132489490175,0.001621068375662111,0.0014449516142347235,0.01873759403424791,0.017611676142738758,0.019765205461703593,0.023354387718783075,0.022959083609549003,0.022959083609549003,0.9724712321457974,0.9697658762497682,0.9891764921663482,-0.015609611725154184,0.005666441189535834,4.465916033287894e-05,0.006237862060197295,1.734723475976807e-17,0.7714720741919856,0.5313388472473507,0.024422318241593084,0.08628525117136392,0.18267882128800783,0.059337315600780045,0.0,85,479789,0.9189991343418937,0.9499768946395564,0.6310679611650486,0.6647583266243253,0.36881054897739507,0.012452107279693486,0.00035462793883888645,0.0003919571955587685,0.00040721684784711664,0.005666441189535703,0.050561809462076036,0.018041263972287818,0.00021467770207320302,0.06989947664494184,0.04647042762547703,0.01087978257108854,/common/users/shared/pracsys/adaptive_roa_experiments/quadrotor_stoch/q2d_nd_epi_var,0.9611827470872,0.7531939303022059
fm,noisy_dynamics_f_0.150,epi_var_anch,0,0.015030486294702732,100.0,0.1954618095151266,50.0,0.04343855319734299,0.007508930241368243,0.007495957872264324,0.00702307735438449,0.0012972369103918596,0.019765205461703593,0.023354387718783075,0.022959083609549003,0.022959083609549003,0.9306799447257024,0.953529572374523,0.9891202174289114,-0.04327735733832996,0.023431964127428297,0.00013867653564857092,0.023840240605766293,-5.342948306008566e-16,0.016442407215732664,nan,nan,0.2539208896627467,0.18267882128800783,0.059337315600780045,0.0,47,479789,1.0,nan,nan,0.008289352058919999,0.0,0.0,0.014814619150980616,0.014933526615173625,0.014867852474573437,0.023431964127428442,0.000579421370644179,0.0,0.0,0.06989947664494184,0.04647042762547703,0.01087978257108854,/common/users/shared/pracsys/adaptive_roa_experiments/quadrotor_stoch/q2d_nd_epi_var_anch,0.6790370726024687,-0.020596663434886198
fm,noisy_dynamics_f_0.150,epi_var_anch,1,0.006737978595511063,100.0,0.13808823384126087,50.0,0.04184420651578089,0.010678373676641264,0.010645149667459282,0.012219908036968699,0.0033224009181982367,0.019765205461703593,0.023354387718783075,0.022959083609549003,0.022959083609549003,0.9312197653551874,0.9535462463708005,0.9891202174289114,-0.04102459622875889,0.02138432524003944,0.0001263547740422172,0.021812853358455477,-1.6306400674181987e-16,0.03151963373833421,0.0007173601147776185,nan,0.19654731398890812,0.18267882128800783,0.059337315600780045,0.0,57,479789,1.0,1.0,nan,0.016012165667769925,0.0003588087549336204,0.0,0.006243496835988346,0.006352353984800467,0.006284920145761326,0.021384325240038828,0.0011192420001292236,1.667399627753033e-05,0.0,0.06989947664494184,0.04647042762547703,0.01087978257108854,/common/users/shared/pracsys/adaptive_roa_experiments/quadrotor_stoch/q2d_nd_epi_var_anch,0.8261845564330078,0.06858977458728366
fm,noisy_dynamics_f_0.150,epi_var_anch,2,0.004164139105975745,100.0,0.08760136988139165,50.0,0.035339888992869786,0.007041583827244863,0.006956096835709379,0.014829057131566679,0.00854869915354837,0.019765205461703593,0.023354387718783075,0.022959083609549003,0.022959083609549003,0.9443963909135057,0.9548301440841703,0.9891202174289114,-0.03337194058221426,0.015086123313691802,9.380283773743259e-05,0.015566914414461359,1.0061396160665481e-16,0.3514998298410229,0.05494505494505495,nan,0.1460604500290543,0.18267882128800783,0.059337315600780045,0.0,71,479789,0.9511906328114722,0.9905660377358491,nan,0.21558278915824314,0.028256189451022606,0.0,0.0036384966041691624,0.003702262597029108,0.0036593688310065098,0.015086123313691241,0.015842380713188504,0.0013255827040636614,0.0,0.06989947664494184,0.04647042762547703,0.01087978257108854,/common/users/shared/pracsys/adaptive_roa_experiments/quadrotor_stoch/q2d_nd_epi_var_anch,0.8830162511954575,0.342912654082706
fm,noisy_dynamics_f_0.150,epi_var_anch,3,0.0034160150197795583,100.0,0.07142252780865395,50.0,0.031203862531237688,0.004855153028244963,0.004747817404637186,0.015773918212955866,0.010733562360777656,0.019765205461703593,0.023354387718783075,0.022959083609549003,0.022959083609549003,0.9529209715103931,0.9601720756415841,0.989197334661695,-0.028482416228800583,0.01193298280123042,7.96175201209488e-05,0.012435622534072271,9.8879238130678e-17,0.507629261487488,0.2534672031878736,0.023365366497079324,0.12988160795633213,0.18267882128800783,0.059337315600780045,0.0,85,479789,0.9436745279196045,0.9827325053014239,0.7126436781609196,0.3471986164534693,0.14549695012558306,0.011877394636015325,0.0029294789259416815,0.0030238263253779744,0.003013327259247408,0.011932982801231009,0.025717555008555843,0.006880107714015953,0.00018132970951814236,0.06989947664494184,0.04647042762547703,0.01087978257108854,/common/users/shared/pracsys/adaptive_roa_experiments/quadrotor_stoch/q2d_nd_epi_var_anch,0.8965456969014548,0.4802500394106616
fm,noisy_dynamics_f_0.150,epi_var_anch,4,0.0026787961251803307,100.0,0.05674049812197194,50.0,0.028353005175191588,0.003234892862528938,0.0031018575347730145,0.016472122830717553,0.013303532775592368,0.019765205461703593,0.023354387718783075,0.022959083609549003,0.022959083609549003,0.960395090341796,0.9625460358615975,0.9892223456561113,-0.02401401449387126,0.009588818313604539,6.775098166392431e-05,0.010117157750594533,7.112366251504909e-17,0.6228115447219025,0.3306265365417567,0.0314665667728039,0.11519957826969748,0.18267882128800783,0.059337315600780045,0.0,87,479789,0.9315361320586664,0.9753846153846154,0.7058823529411765,0.4677818528789099,0.19904915679942592,0.016091954022988506,0.0022735797251433386,0.0022719089261417124,0.0022760297766327886,0.009588818313605075,0.03510084641373604,0.009483335382845376,0.0002480256946282637,0.06989947664494184,0.04647042762547703,0.01087978257108854,/common/users/shared/pracsys/adaptive_roa_experiments/quadrotor_stoch/q2d_nd_epi_var_anch,0.9144059088924663,0.5823518709772713
fm,noisy_dynamics_f_0.150,epi_var_anch,5,0.002579227492025496,100.0,0.05927017239553916,50.0,0.03028058167236014,0.004282562707506365,0.004156790035676781,0.01629524334255062,0.012577267182958433,0.019765205461703593,0.023354387718783075,0.022959083609549003,0.022959083609549003,0.9558764373505854,0.959369639570728,0.9891473126728625,-0.026321049461325713,0.010820630302675235,7.238284052342873e-05,0.011341707083738894,7.28583859910259e-17,0.5578160247305539,0.2263671719977776,0.007244995233555768,0.11772925254325954,0.18267882128800783,0.059337315600780045,0.0,81,479789,0.9312364879001325,0.9827705031013094,0.76,0.3981572591466142,0.12791532113383566,0.0036398467432950193,0.002123845849225685,0.0021451289701150283,0.00213725945577388,0.010820630302675702,0.02988605407793843,0.006048492149674127,5.2106238367282285e-05,0.06989947664494184,0.04647042762547703,0.01087978257108854,/common/users/shared/pracsys/adaptive_roa_experiments/quadrotor_stoch/q2d_nd_epi_var_anch,0.9166757954830146,0.5286993816175318
fm,noisy_dynamics_f_0.150,epi_var_anch,6,0.002422414690249651,100.0,0.05375220589488835,50.0,0.02873294302287047,0.0029110911646114805,0.0027680286912948747,0.016132396007380364,0.014306247331660587,0.019765205461703593,0.023354387718783075,0.022959083609549003,0.022959083609549003,0.9596822770009317,0.9623792958988222,0.9891827449149522,-0.022908882863091905,0.009594716293463574,6.728449969152056e-05,0.010133082876014247,5.551115123125783e-17,0.621477770820288,0.3269445894548438,0.017789553368660106,0.11221128604265476,0.18267882128800783,0.059337315600780045,0.0,84,479789,0.9039676666476917,0.9694825298540469,0.734375,0.47350687300593375,0.19662719770362397,0.00900383141762452,0.0019410788138177649,0.001993181540733704,0.0020012411892788833,0.009594716293464277,0.036614011575921916,0.00942497639587402,0.00013339197022024264,0.06989947664494184,0.04647042762547703,0.01087978257108854,/common/users/shared/pracsys/adaptive_roa_experiments/quadrotor_stoch/q2d_nd_epi_var_anch,0.9205526057037778,0.5820949800682377
fm,noisy_dynamics_f_0.150,epi_var_anch,7,0.002468923728665809,100.0,0.05724253705209779,50.0,0.029610057754554595,0.0036267936698715503,0.003492861125323506,0.016052341419418213,0.013393254454804429,0.019765205461703593,0.023354387718783075,0.022959083609549003,0.022959083609549003,0.9582087125799049,0.960078284412523,0.9891181331793768,-0.024828580897019312,0.010399603315454361,7.101167842306507e-05,0.010928839969236478,6.591949208711867e-17,0.5950356472037648,0.2557506994093876,0.0057131974861931055,0.11570161719983288,0.18267882128800783,0.059337315600780045,0.0,82,479789,0.9220706059088633,0.9566860465116279,0.4838709677419355,0.4392462056832752,0.14760495156081807,0.0028735632183908046,0.002012998033578451,0.002015606317559967,0.0020544660057483324,0.010399603315454694,0.033297970566228074,0.007169818399338042,6.461173557543003e-05,0.06989947664494184,0.04647042762547703,0.01087978257108854,/common/users/shared/pracsys/adaptive_roa_experiments/quadrotor_stoch/q2d_nd_epi_var_anch,0.9179825434239687,0.5470375258736799
fm,noisy_dynamics_f_0.150,epi_var_anch,8,0.002273953989088167,100.0,0.05163655657140248,50.0,0.027154707590211526,0.0033044036454542495,0.003169026271759824,0.017212147318625668,0.013537737369442557,0.019765205461703593,0.023354387718783075,0.022959083609549003,0.022959083609549003,0.9627482080664626,0.9632317539585109,0.9891681551682093,-0.023426818872462694,0.008915962562683217,6.385107015375734e-05,0.009446644045611715,5.724587470723463e-17,0.651278949524906,0.3506938054400235,0.023303890246194323,0.11009563671909622,0.18267882128800783,0.059337315600780045,0.0,85,479789,0.9420862497177692,0.9776318489636774,0.6138613861386139,0.49765930166681577,0.21367061356297093,0.011877394636015325,0.0018896702681572715,0.001894240294754907,0.0019055637011261225,0.008915962562683313,0.036924564756590915,0.010156547982550663,0.00021050920300382043,0.06989947664494184,0.04647042762547703,0.01087978257108854,/common/users/shared/pracsys/adaptive_roa_experiments/quadrotor_stoch/q2d_nd_epi_var_anch,0.9236990694433486,0.6116586047460995
fm,noisy_dynamics_f_0.150,epi_var_anch,9,0.001819479243425304,100.0,0.04501180486253622,50.0,0.02632946982944586,0.0028596590165023035,0.002711457807010193,0.017509257129854697,0.014820120949211034,0.019765205461703593,0.023354387718783075,0.022959083609549003,0.022959083609549003,0.965580703184108,0.9633317979361761,0.9891744079168134,-0.02168221864194468,0.00816128428670454,5.952526951864954e-05,0.008704789605430719,3.642919299551295e-17,0.6889315852923448,0.3544563901221884,0.011796042617960426,0.10347088501026858,0.18267882128800783,0.059337315600780045,0.0,83,479789,0.9353485755204337,0.9743796651200323,0.8611111111111112,0.5452783492858634,0.2166307857911733,0.0059386973180076625,0.0014623234399743661,0.0014272502723343277,0.0014366765902260048,0.008161284286704384,0.040749162652749436,0.010331624943464731,7.50329832488865e-05,0.06989947664494184,0.04647042762547703,0.01087978257108854,/common/users/shared/pracsys/adaptive_roa_experiments/quadrotor_stoch/q2d_nd_epi_var_anch,0.9351826384239955,0.6445291795831891
fm,noisy_dynamics_f_0.150,epi_var_anch,10,0.0016909892279342177,100.0,0.04338757493963147,50.0,0.02578873213016555,0.00267358754066058,0.002522580320757033,0.017528397945249335,0.01510072199035473,0.019765205461703593,0.023354387718783075,0.022959083609549003,0.022959083609549003,0.9663289487670622,0.9645052304242073,0.9892160929075072,-0.020928845805135175,0.007953265985056746,5.9197469302840136e-05,0.008499577314194364,4.336808689942018e-17,0.697975284637963,0.3878064562513481,0.030723117272386656,0.10184665508736267,0.18267882128800783,0.059337315600780045,0.0,85,479789,0.9355954290296712,0.9768199927562478,0.6949152542372882,0.5566091182872648,0.24192680301399355,0.015708812260536397,0.0012960942521196466,0.0012995141156569173,0.0013045907414426742,0.007953265985056445,0.04158494671616064,0.01150922593056531,0.00024594144509357236,0.06989947664494184,0.04647042762547703,0.01087978257108854,/common/users/shared/pracsys/adaptive_roa_experiments/quadrotor_stoch/q2d_nd_epi_var_anch,0.9383009088642326,0.6535895717654483
fm,noisy_dynamics_f_0.150,epi_var_anch,11,0.00169422291205141,100.0,0.04387442339696035,50.0,0.025893590724255868,0.0027543401239201854,0.0026058315592019953,0.017615935386019212,0.01485085647181902,0.019765205461703593,0.023354387718783075,0.022959083609549003,0.022959083609549003,0.9658016336347853,0.9648366261002232,0.9892494409000623,-0.021266098222343564,0.007948979782731822,5.883734853326607e-05,0.008492792456684087,3.8163916471489756e-17,0.6902982257455643,0.39575946420257146,0.032270168855534714,0.10233350354469695,0.18267882128800783,0.059337315600780045,0.0,84,479789,0.9404927223165149,0.9822222222222222,0.7818181818181819,0.5452485314727018,0.24780229637603157,0.016475095785440614,0.0013466861139503543,0.0012932494701125901,0.001305384030683594,0.007948979782731564,0.04052406370300278,0.011723903632638514,0.00022926744881604204,0.06989947664494184,0.04647042762547703,0.01087978257108854,/common/users/shared/pracsys/adaptive_roa_experiments/quadrotor_stoch/q2d_nd_epi_var_anch,0.9375799010463723,0.6537762605025869
fm,noisy_dynamics_f_0.150,epi_var_anch,12,0.0012789751986220543,100.0,0.03852047025071362,50.0,0.025262959342544328,0.0024858874015022147,0.0023277762044316003,0.01782558637168959,0.015811119707061463,0.019765205461703593,0.023354387718783075,0.022959083609549003,0.022959083609549003,0.9673752420334772,0.964938754327423,0.989218177157042,-0.01979434709841201,0.007461273442291049,5.556003602562838e-05,0.008014688748595735,3.469446951953614e-17,0.712350919749343,0.3999001141552511,0.032903346419891566,0.0969795503984526,0.18267882128800783,0.059337315600780045,0.0,88,479789,0.9282567049808429,0.9771617852161785,0.6821705426356589,0.5779288546977964,0.2513903839253678,0.01685823754789272,0.0008756637151202598,0.0008836246810360335,0.0008843771360855091,0.007461273442290788,0.04351913028435416,0.011955255330989248,0.0002688681899751766,0.06989947664494184,0.04647042762547703,0.01087978257108854,/common/users/shared/pracsys/adaptive_roa_experiments/quadrotor_stoch/q2d_nd_epi_var_anch,0.9472203188394968,0.6750186736901032
fm,noisy_dynamics_f_0.150,epi_var_anch,13,0.0014185824644730896,100.0,0.039220492281488814,50.0,0.02438059230203277,0.0022366095552430023,0.0020811797030927167,0.017886001536316413,0.015542985215028554,0.019765205461703593,0.023354387718783075,0.022959083609549003,0.022959083609549003,0.9679588319031908,0.9673043775492978,0.9893077998870337,-0.019252254636934155,0.0071542617763253455,5.5312441514675563e-05,0.007704995737709702,3.903127820947816e-17,0.7194247230384552,0.46389392023512527,0.06693343033830484,0.0976795724292118,0.18267882128800783,0.059337315600780045,0.0,88,479789,0.9273078008845393,0.9744436468054558,0.6618705035971223,0.587679279601634,0.3044043774668102,0.03524904214559387,0.0010448193533650495,0.0010357558642790394,0.001030189228195562,0.00715426177632493,0.044298639610328705,0.014516798009124844,0.000579421370644179,0.06989947664494184,0.04647042762547703,0.01087978257108854,/common/users/shared/pracsys/adaptive_roa_experiments/quadrotor_stoch/q2d_nd_epi_var_anch,0.9439104889374127,0.6883907956435252
fm,noisy_dynamics_f_0.150,epi_var_anch,14,0.0011672484242716775,100.0,0.03607156967165895,50.0,0.024174835187968056,0.0021203651963793116,0.001959287255362689,0.017995017864963266,0.016107794101662243,0.019765205461703593,0.023354387718783075,0.022959083609549003,0.022959083609549003,0.9688237954600877,0.9676816267150768,0.9892411039019235,-0.01842434903676407,0.006923352999948457,5.318628350609474e-05,0.007479735050199151,3.0357660829594124e-17,0.7301461302543749,0.4746934074124263,0.04795278495020288,0.09453064981940118,0.18267882128800783,0.059337315600780045,0.0,89,479789,0.9243137075777645,0.9700913874273055,0.6435643564356436,0.6033932671377881,0.31422676713311803,0.02490421455938697,0.0007936040044730417,0.0007940889104969686,0.0007943717723442973,0.0069233529999481215,0.045630475062996445,0.015052450139540506,0.00042101840600764086,0.06989947664494184,0.04647042762547703,0.01087978257108854,/common/users/shared/pracsys/adaptive_roa_experiments/quadrotor_stoch/q2d_nd_epi_var_anch,0.9499084088263969,0.6984481995148561
fm,noisy_dynamics_f_0.150,epi_var_anch,15,0.0011553349159727068,100.0,0.035458680444602,50.0,0.023991900606308188,0.0018911455325779766,0.0017256442856177967,0.017834647424466343,0.016550124696017993,0.019765205461703593,0.023354387718783075,0.022959083609549003,0.022959083609549003,0.9690468101602996,0.9676920479627503,0.9891806606654175,-0.017571870134579986,0.00685008047070049,5.325198988374066e-05,0.007410885826894739,3.122502256758253e-17,0.7356014883654685,0.477535474737942,0.06653479590001798,0.09391776059234355,0.18267882128800783,0.059337315600780045,0.0,91,479789,0.9128225521385649,0.9608029296080293,0.5425219941348973,0.6160062021051376,0.31772515249372085,0.035440613026819924,0.0007580016937682308,0.0007790993593710725,0.0007888378886851586,0.006850080470700135,0.04717073546913331,0.015367171819278892,0.0007107290913297304,0.06989947664494184,0.04647042762547703,0.01087978257108854,/common/users/shared/pracsys/adaptive_roa_experiments/quadrotor_stoch/q2d_nd_epi_var_anch,0.95050989327288,0.7016396391425899
fm,noisy_dynamics_f_0.150,epi_var_anch,16,0.0009717844802607833,100.0,0.03180512429998933,50.0,0.02257331868800661,0.0016226844388640385,0.001453625950590437,0.018368611980360872,0.01690584882736016,0.019765205461703593,0.023354387718783075,0.022959083609549003,0.022959083609549003,0.9708705285031545,0.9705912390655059,0.9892890416412214,-0.016254082523776085,0.006044097579778593,4.864759698962328e-05,0.006608460177286265,2.3418766925686896e-17,0.7551506657323055,0.5465938303341902,0.06376389141920204,0.09026420444772613,0.18267882128800783,0.059337315600780045,0.0,88,479789,0.9154313384020728,0.9638485947416138,0.6505576208178439,0.642633509258431,0.38145855758880515,0.033524904214559385,0.0006319006061750639,0.0006288975916759414,0.0006517987674029012,0.00604409757977845,0.04906948679523707,0.018391417894115955,0.0005606631248319574,0.06989947664494184,0.04647042762547703,0.01087978257108854,/common/users/shared/pracsys/adaptive_roa_experiments/quadrotor_stoch/q2d_nd_epi_var_anch,0.9544244942185062,0.7367448247252879
fm,noisy_dynamics_f_0.150,epi_bald,0,0.015030486294702732,100.0,0.1954618095151266,50.0,0.04343855319734299,0.007508930241368243,0.007495957872264324,0.00702307735438449,0.0012972369103918596,0.019765205461703593,0.023354387718783075,0.022959083609549003,0.022959083609549003,0.9306799447257024,0.953529572374523,0.9891202174289114,-0.04327735733832996,0.023431964127428297,0.00013867653564857092,0.023840240605766293,-5.342948306008566e-16,0.016442407215732664,nan,nan,0.2539208896627467,0.18267882128800783,0.059337315600780045,0.0,47,479789,1.0,nan,nan,0.008289352058919999,0.0,0.0,0.014814619150980616,0.014933526615173625,0.014867852474573437,0.023431964127428442,0.000579421370644179,0.0,0.0,0.06989947664494184,0.04647042762547703,0.01087978257108854,/common/users/shared/pracsys/adaptive_roa_experiments/quadrotor_stoch/q2d_nd_epi_bald,0.6790370726024687,-0.020596663434886198
fm,noisy_dynamics_f_0.150,epi_bald,1,0.005780539605997457,100.0,0.12872600765025383,50.0,0.041301530464433335,0.011382554681196302,0.011345718332827593,0.013446398848543146,0.0036836348368709474,0.019765205461703593,0.023354387718783075,0.022959083609549003,0.022959083609549003,0.9314636225507462,0.953529572374523,0.9891202174289114,-0.040601347675749126,0.020858403093833373,0.00012327067729796538,0.021290543551436156,-7.632783294297951e-17,0.03864932027481362,nan,nan,0.18718508779789975,0.18267882128800783,0.059337315600780045,0.0,46,479789,0.9895209580838323,nan,nan,0.019709574499806183,0.0,0.0,0.005202914029990345,0.005337961208368908,0.005332088315849238,0.020858403093832807,0.0013922786891737825,0.0,0.0,0.06989947664494184,0.04647042762547703,0.01087978257108854,/common/users/shared/pracsys/adaptive_roa_experiments/quadrotor_stoch/q2d_nd_epi_bald,0.8461937539075635,0.09149670568044488
fm,noisy_dynamics_f_0.150,epi_bald,2,0.0033990059940035757,100.0,0.06936354776622673,50.0,0.03137158209129431,0.005067358580383058,0.004957244081608544,0.01620245573602285,0.01101144987745139,0.019765205461703593,0.023354387718783075,0.022959083609549003,0.022959083609549003,0.954238217216318,0.957898159399236,0.9891327229261196,-0.028818876631185784,0.011713871955134802,7.67494400684056e-05,0.012219290563143382,9.8879238130678e-17,0.524040754389768,0.17247029905776323,0.002296211251435132,0.12782262791391893,0.18267882128800783,0.059337315600780045,0.0,78,479789,0.9598189470340666,0.9957426679280984,1.0,0.36040790768405045,0.09441155364190887,0.0011494252873563218,0.003017970021748486,0.00299804633915102,0.0029881078924411148,0.011713871955135095,0.026246954390367432,0.00440610351633739,1.2505497208147748e-05,0.06989947664494184,0.04647042762547703,0.01087978257108854,/common/users/shared/pracsys/adaptive_roa_experiments/quadrotor_stoch/q2d_nd_epi_bald,0.8975497476022433,0.4897935756345764
fm,noisy_dynamics_f_0.150,epi_bald,3,0.0031083135247571593,100.0,0.0620355552391826,50.0,0.02955924375089883,0.0034045788798186664,0.0032762922430435064,0.015861591294040852,0.012828663677515983,0.019765205461703593,0.023354387718783075,0.022959083609549003,0.022959083609549003,0.957512573235318,0.9612954861407828,0.9891702394177441,-0.02511866674725765,0.010373784558551731,7.146576885672547e-05,0.010897375304560966,7.632783294297951e-17,0.5881734984545143,0.29051730725147085,0.010285714285714287,0.12049463538689305,0.18267882128800783,0.059337315600780045,0.0,81,479789,0.9119784488159378,0.9804022692109334,0.9,0.4340579061931598,0.17052386078220308,0.005172413793103448,0.002708829670804101,0.002707912602920329,0.002721088435374194,0.010373784558551627,0.033268791072742394,0.008082719695532828,6.252748604073874e-05,0.06989947664494184,0.04647042762547703,0.01087978257108854,/common/users/shared/pracsys/adaptive_roa_experiments/quadrotor_stoch/q2d_nd_epi_bald,0.905624534173698,0.5481620810755212
fm,noisy_dynamics_f_0.150,epi_bald,4,0.00300840978014836,100.0,0.06483913024015207,50.0,0.03187715850092436,0.005115845720313837,0.004998260721723022,0.016087102729555925,0.011758499859081572,0.019765205461703593,0.023354387718783075,0.022959083609549003,0.022959083609549003,0.9525249640988017,0.9566830419205109,0.9891181331793768,-0.028294000070864488,0.011870241601716182,7.684940535522041e-05,0.01238313070954107,8.153200337090993e-17,0.5059430851986813,0.1312544413326088,0.00038292169251388086,0.1232982103878754,0.18267882128800783,0.059337315600780045,0.0,76,479789,0.9280655685525583,0.9649661954517517,0.3333333333333333,0.3477651549035394,0.070416218155723,0.00019157088122605365,0.00255534415354335,0.0025726187179681216,0.0025581578845507336,0.011870241601716675,0.026192763902465457,0.003391073992942731,6.252748604073874e-06,0.06989947664494184,0.04647042762547703,0.01087978257108854,/common/users/shared/pracsys/adaptive_roa_experiments/quadrotor_stoch/q2d_nd_epi_bald,0.9087939803387848,0.482982779121934
fm,noisy_dynamics_f_0.150,epi_bald,5,0.0026594198484281586,100.0,0.05689800405181637,50.0,0.02855415609778465,0.0036620848975594464,0.0035328988228979646,0.016800089372875155,0.012918607466148153,0.019765205461703593,0.023354387718783075,0.022959083609549003,0.022959083609549003,0.960301299112735,0.9619707829900227,0.9891806606654175,-0.024800631110759096,0.00969189305957189,6.767532857310021e-05,0.010216383243467445,7.806255641895632e-17,0.6170610587265526,0.313027108433735,0.026626664166510407,0.11535708419953955,0.18267882128800783,0.059337315600780045,0.0,83,479789,0.9471670164177262,0.974906191369606,0.6283185840707964,0.4575841607776486,0.18644599928238248,0.013601532567049808,0.0022617888523507783,0.00228510857854065,0.0022871209385399243,0.00969189305957243,0.0337690109610683,0.008887240015923666,0.00023552019742011592,0.06989947664494184,0.04647042762547703,0.01087978257108854,/common/users/shared/pracsys/adaptive_roa_experiments/quadrotor_stoch/q2d_nd_epi_bald,0.9146307739368799,0.577862373586161
fm,noisy_dynamics_f_0.150,epi_bald,6,0.0018998823644742963,100.0,0.04616816550461361,50.0,0.027099204025102703,0.002903794206631478,0.0027535340470255434,0.017253805418241647,0.015026015960593449,0.019765205461703593,0.023354387718783075,0.022959083609549003,0.022959083609549003,0.9640883805172691,0.9627648820627401,0.9891577339205359,-0.021772237379348004,0.008458812238332936,6.076910695531401e-05,0.009004376507172944,3.8163916471489756e-17,0.6708565752273248,0.3355030686256277,0.017749244712990938,0.10462724565238773,0.18267882128800783,0.059337315600780045,0.0,84,479789,0.9334431981287544,0.9827849204619743,0.618421052631579,0.5235709813042312,0.2022784355938285,0.00900383141762452,0.0014886785077314754,0.001517453001334406,0.0015360461698592722,0.008458812238332877,0.039206817997077884,0.009564621114698336,0.00015840296463653813,0.06989947664494184,0.04647042762547703,0.01087978257108854,/common/users/shared/pracsys/adaptive_roa_experiments/quadrotor_stoch/q2d_nd_epi_bald,0.9321904666661872,0.631570127876759
fm,noisy_dynamics_f_0.150,epi_bald,7,0.0017965754872278589,100.0,0.046082053742992464,50.0,0.02658454028750138,0.0030118009976013885,0.0028681331613759904,0.01744274132596915,0.014366783622539805,0.019765205461703593,0.023354387718783075,0.022959083609549003,0.022959083609549003,0.9640341900293671,0.9636423511168452,0.9892015031607644,-0.02211278291082122,0.0083844754449559,6.049025293753406e-05,0.008923447390415373,5.724587470723463e-17,0.670448034834422,0.3624269005847953,0.031045446044510944,0.10454113389071207,0.18267882128800783,0.059337315600780045,0.0,86,479789,0.9324302788844622,0.9790679304897314,0.6535433070866141,0.5233920744252617,0.22237172587011123,0.015900383141762453,0.0013858103736711232,0.001405757876213748,0.0014255386391411238,0.008384475444955703,0.039235997490563564,0.0105546396436767,0.000264699690905794,0.06989947664494184,0.04647042762547703,0.01087978257108854,/common/users/shared/pracsys/adaptive_roa_experiments/quadrotor_stoch/q2d_nd_epi_bald,0.9338662502919435,0.6348079223219223
fm,noisy_dynamics_f_0.150,epi_bald,8,0.0012966490040117445,100.0,0.037760127522176286,50.0,0.025082692600288864,0.002590859674546545,0.0024349594262240027,0.0181090518990603,0.01559002483225423,0.019765205461703593,0.023354387718783075,0.022959083609549003,0.022959083609549003,0.9671939123239591,0.965586955932712,0.9892035874102991,-0.019861980995812746,0.007284991136712743,5.39100414175344e-05,0.007836195494269355,3.469446951953614e-17,0.709947296649836,0.4192198107566217,0.03068862275449101,0.09621920766992208,0.18267882128800783,0.059337315600780045,0.0,86,479789,0.9292778233392831,0.9716288928746127,0.6612903225806451,0.5743805349315682,0.26726767133118046,0.015708812260536397,0.000914073376489966,0.0009183133267062679,0.0009404220639047052,0.0072849911367123665,0.04320440860461578,0.01278270239626169,0.0002584469423017201,0.06989947664494184,0.04647042762547703,0.01087978257108854,/common/users/shared/pracsys/adaptive_roa_experiments/quadrotor_stoch/q2d_nd_epi_bald,0.9466643692284176,0.6826967809079796
fm,noisy_dynamics_f_0.150,epi_bald,9,0.001434602612821526,100.0,0.04088753698147153,50.0,0.025845840567416088,0.0026857992453446027,0.0025323258234946655,0.01768305143163323,0.015347342184993739,0.019765205461703593,0.023354387718783075,0.022959083609549003,0.022959083609549003,0.9661538718061481,0.9642426149828363,0.9891514811719319,-0.020669690217991657,0.007808358001410485,5.688342668243202e-05,0.008357135532494491,4.336808689942018e-17,0.6993724197937686,0.38100736036946165,0.008760236145496095,0.09934661712919862,0.18267882128800783,0.059337315600780045,0.0,83,479789,0.922314453125,0.974169741697417,0.7419354838709677,0.5632286728091361,0.23681377825618946,0.004406130268199234,0.001034313056179759,0.0010464271996549312,0.0010473459689635289,0.0078083580014100444,0.042685430470477646,0.0112966324780268,6.461173557543003e-05,0.06989947664494184,0.04647042762547703,0.01087978257108854,/common/users/shared/pracsys/adaptive_roa_experiments/quadrotor_stoch/q2d_nd_epi_bald,0.9429787773729095,0.6599011470055851
fm,noisy_dynamics_f_0.150,epi_bald,10,0.0009707013453243211,100.0,0.03296511324516045,50.0,0.024166060497426988,0.0023823429398376187,0.002219026622191168,0.018347604813718058,0.016331631764645027,0.019765205461703593,0.023354387718783075,0.022959083609549003,0.022959083609549003,0.9690092936686752,0.9658724981189648,0.9891681551682093,-0.01857593650542217,0.006830505418022131,5.139841033185342e-05,0.007389125844902655,1.734723475976807e-17,0.731174630724449,0.42903968198619147,0.043790248390064394,0.09142419339290027,0.18267882128800783,0.059337315600780045,0.0,87,479789,0.9286764030495086,0.9639611407082419,0.5534883720930233,0.6029459999403644,0.2759239325439541,0.022796934865900384,0.000603767549663521,0.000605183134968479,0.0006237273875347534,0.006830505418021958,0.04538244936836818,0.013301680530399821,0.00044811364995862765,0.06989947664494184,0.04647042762547703,0.01087978257108854,/common/users/shared/pracsys/adaptive_roa_experiments/quadrotor_stoch/q2d_nd_epi_bald,0.9558871357535016,0.7024922451529716
fm,noisy_dynamics_f_0.150,epi_bald,11,0.0008071744508931886,100.0,0.029815624936491106,50.0,0.023242550371100627,0.0018037889143997323,0.0016300256370196569,0.01828965567918013,0.017376327738007565,0.019765205461703593,0.023354387718783075,0.022959083609549003,0.022959083609549003,0.9705787335682977,0.9675878354860157,0.9892223456561113,-0.01645294077188097,0.006299453567388548,4.8912605039545295e-05,0.0068685209540026975,1.9081958235744878e-17,0.7533461471256334,0.4780317524250663,0.04151992585727526,0.08827470508423273,0.18267882128800783,0.059337315600780045,0.0,87,479789,0.9098467901911957,0.9498466053087902,0.64,0.6427825983242389,0.31938464298528885,0.021455938697318006,0.00046076280821838987,0.00042928304942936016,0.00043654090161043244,0.006299453567388432,0.04938212422544077,0.015625618761580612,0.000364743668570976,0.06989947664494184,0.04647042762547703,0.01087978257108854,/common/users/shared/pracsys/adaptive_roa_experiments/quadrotor_stoch/q2d_nd_epi_bald,0.9600989896586062,0.7256226043460847
fm,noisy_dynamics_f_0.150,epi_bald,12,0.0008224649942714629,100.0,0.03056748742541744,50.0,0.02369135182340571,0.002222903352761412,0.002055508369305827,0.018505228352307505,0.016739498345558507,0.019765205461703593,0.023354387718783075,0.022959083609549003,0.022959083609549003,0.9693948798325931,0.9667791466665555,0.9891806606654175,-0.01780918278659994,0.006509363626547341,4.905476500754212e-05,0.007072062719237,1.734723475976807e-17,0.7375232375232377,0.4539381273767515,0.03423255813953489,0.08902656757315668,0.18267882128800783,0.059337315600780045,0.0,85,479789,0.920694425849065,0.9611199767880458,0.5935483870967742,0.6151414855234517,0.29713850017940435,0.017624521072796936,0.000450477696237,0.00046973271894888957,0.00047955717020753364,0.006509363626547372,0.04670177932382777,0.014366732042627072,0.0003230586778771502,0.06989947664494184,0.04647042762547703,0.01087978257108854,/common/users/shared/pracsys/adaptive_roa_experiments/quadrotor_stoch/q2d_nd_epi_bald,0.9596432301145629,0.7164798152553438
fm,noisy_dynamics_f_0.150,epi_bald,13,0.0006832971779266063,100.0,0.02686032204791692,50.0,0.02210081931849209,0.001783781399903839,0.0016098075270033546,0.01891291322495031,0.01739738729004844,0.019765205461703593,0.023354387718783075,0.022959083609549003,0.022959083609549003,0.9723336716765077,0.9697346125067478,0.9892015031607644,-0.015936526264670514,0.005655977911602067,4.485572971134543e-05,0.006225255893736622,1.734723475976807e-17,0.7679938476596637,0.5278184242187753,0.048484848484848485,0.08531940219566012,0.18267882128800783,0.059337315600780045,0.0,87,479789,0.9279047176584871,0.959678372945489,0.5866666666666667,0.6550973551599726,0.36401148188015786,0.02528735632183908,0.0003343809855587302,0.00035482870694704177,0.00036409211342887165,0.005655977911601943,0.04934877623288571,0.01762649831488425,0.0004689561453055406,0.06989947664494184,0.04647042762547703,0.01087978257108854,/common/users/shared/pracsys/adaptive_roa_experiments/quadrotor_stoch/q2d_nd_epi_bald,0.9633674237918556,0.753649666171795
fm,noisy_dynamics_f_0.150,epi_bald,14,0.000762782156559027,100.0,0.029408412322529102,50.0,0.023205158934448272,0.002102103672424288,0.0019327471175195022,0.018681469454481032,0.016935655490478548,0.019765205461703593,0.023354387718783075,0.022959083609549003,0.022959083609549003,0.9705307958289998,0.9675711614897382,0.9891869134140215,-0.01732194777287516,0.006210361272587497,4.744772271773307e-05,0.006775021936726354,2.2551405187698492e-17,0.7486712764633735,0.47441137722528126,0.03281133482475764,0.08786749247027145,0.18267882128800783,0.059337315600780045,0.0,86,479789,0.9268926056338028,0.9609963049130971,0.6111111111111112,0.6279333273697707,0.3149443846429853,0.01685823754789272,0.0003997071848185267,0.0004261115938903516,0.00042853144509225353,0.006210361272587439,0.04735414942818614,0.015229611349989266,0.000300131932995546,0.06989947664494184,0.04647042762547703,0.01087978257108854,/common/users/shared/pracsys/adaptive_roa_experiments/quadrotor_stoch/q2d_nd_epi_bald,0.9607587154168203,0.7295030856543194
fm,noisy_dynamics_f_0.150,epi_bald,15,0.000696899383052331,100.0,0.0275334218216023,50.0,0.022482257825835943,0.0018666987432268422,0.0016922264925777722,0.018803878897851525,0.017447225064907007,0.019765205461703593,0.023354387718783075,0.022959083609549003,0.022959083609549003,0.9717500818067942,0.9685194950280227,0.9891681551682093,-0.016230509661538717,0.0058474312042752705,4.5941571173075124e-05,0.006417207564158412,2.0816681711721685e-17,0.7621688015441306,0.49777216200039903,0.048342794360007324,0.08599250196935398,0.18267882128800783,0.059337315600780045,0.0,88,479789,0.9260222572805185,0.9623296477243507,0.5477178423236515,0.6475832662432537,0.3357104413347686,0.02528735632183908,0.0003501276706518266,0.000370624733354854,0.0003836712575357102,0.005847431204275181,0.048881904337114854,0.016211292880828863,0.0005023041378606013,0.06989947664494184,0.04647042762547703,0.01087978257108854,/common/users/shared/pracsys/adaptive_roa_experiments/quadrotor_stoch/q2d_nd_epi_bald,0.9628078304698553,0.7453107753027546
fm,noisy_dynamics_f_0.150,epi_bald,16,0.0006240265379716759,100.0,0.02682274633663708,50.0,0.022776470490152963,0.0018473381657703512,0.0016721710052733897,0.018651660751755478,0.017516716049696176,0.019765205461703593,0.023354387718783075,0.022959083609549003,0.022959083609549003,0.9705974918141099,0.9686508027487083,0.9892035874102991,-0.016037299729672834,0.005979593863066925,4.606579567149914e-05,0.00655006513279796,9.540979117872439e-18,0.753240392520422,0.503253079692196,0.051629439765653616,0.08528182648438414,0.18267882128800783,0.059337315600780045,0.0,87,479789,0.911095125253893,0.9544031066015283,0.5826446280991735,0.6420073351820378,0.34172048797990673,0.027011494252873563,0.00026892717945053177,0.00027101312606578283,0.00028676661685745757,0.005979593863066705,0.049254985003824595,0.01663856403544058,0.0005043883873952925,0.06989947664494184,0.04647042762547703,0.01087978257108854,/common/users/shared/pracsys/adaptive_roa_experiments/quadrotor_stoch/q2d_nd_epi_bald,0.9651492059193527,0.7395543321868505
fm,noisy_dynamics_f_0.150,yield_a1,0,0.015124466385259095,100.0,0.19605723582270815,50.0,0.043443367813768126,0.0074292387553862626,0.0074163654891897645,0.006931472089637256,0.0012873266196497869,0.019765205461703593,0.023354387718783075,0.022959083609549003,0.022959083609549003,0.9306966187219798,0.9535337408735923,0.9891202174289114,-0.043282046899783023,0.02344397700910097,0.00013878903123681015,0.023852154384531525,-5.551115123125783e-16,0.01691156905064601,0.0001793882859449278,nan,0.25451631597032803,0.18267882128800783,0.059337315600780045,0.0,51,479789,1.0,1.0,nan,0.00852789456421266,8.97021887334051e-05,0.0,0.014880123999828172,0.015038143813769434,0.014974804027782717,0.02344397700910118,0.0005960953669217093,4.168499069382583e-06,0.0,0.06989947664494184,0.04647042762547703,0.01087978257108854,/common/users/shared/pracsys/adaptive_roa_experiments/quadrotor_stoch/q2d_nd_yield_a1,0.6772438485468357,-0.021119893450376903
fm,noisy_dynamics_f_0.150,yield_a1,1,0.003605444478817477,100.0,0.07688960110322876,50.0,0.03396103287069941,0.005507498158274991,0.00540362372786723,0.014679794791184994,0.010387443040776066,0.019765205461703593,0.023354387718783075,0.022959083609549003,0.022959083609549003,0.9473372670069551,0.9560619355591728,0.9891264701775155,-0.030501637178009505,0.013682912546231335,8.703917129576508e-05,0.01418209108587316,8.673617379884035e-17,0.41942970060430596,0.10548648533966988,0.0011487650775416428,0.13534868125093058,0.18267882128800783,0.059337315600780045,0.0,75,479789,0.9141626602564102,0.977970102281668,1.0,0.27214718072576555,0.05574991029781127,0.0005747126436781609,0.003073972413951545,0.0031234617526120874,0.003093526036688743,0.013682912546231798,0.020809147354357852,0.0026490811585926314,6.252748604073874e-06,0.06989947664494184,0.04647042762547703,0.01087978257108854,/common/users/shared/pracsys/adaptive_roa_experiments/quadrotor_stoch/q2d_nd_yield_a1,0.8944558130578132,0.404030544993511
fm,noisy_dynamics_f_0.150,yield_a1,2,0.0035245324900474214,100.0,0.07040425280479048,50.0,0.03197734837605697,0.0027576434387630365,0.0026263422613578427,0.014000721394296105,0.013130117740519398,0.019765205461703593,0.023354387718783075,0.022959083609549003,0.022959083609549003,0.9545029169072238,0.9612746436454358,0.9893161368851724,-0.024859511160114128,0.011584704476610828,7.802298640835908e-05,0.012111309763250097,9.020562075079397e-17,0.5462972585371937,0.29892083616330845,0.04650297619047619,0.1288633329525929,0.18267882128800783,0.059337315600780045,0.0,88,479789,0.9016190998902305,0.9417498811222064,0.8012820512820513,0.39186570056952025,0.1776551847865088,0.023946360153256706,0.0029625461139248708,0.003004018339656339,0.0030765883543438623,0.011584704476611026,0.03038002121766026,0.008766353542911571,0.00032514292741184144,0.06989947664494184,0.04647042762547703,0.01087978257108854,/common/users/shared/pracsys/adaptive_roa_experiments/quadrotor_stoch/q2d_nd_yield_a1,0.8919407073666002,0.49541956144135524
fm,noisy_dynamics_f_0.150,yield_a1,3,0.0034290458200283893,100.0,0.06589370870952796,50.0,0.030675817911623656,0.0026141062747348613,0.002476671226739963,0.01458618843836773,0.013743504799489827,0.019765205461703593,0.023354387718783075,0.022959083609549003,0.022959083609549003,0.9567893386467802,0.9623563691539406,0.9892494409000623,-0.023901048169091003,0.010849566397921319,7.550992277528047e-05,0.01138230555515028,7.28583859910259e-17,0.57877199398594,0.32716164363148675,0.02862523540489642,0.1243527888573452,0.18267882128800783,0.059337315600780045,0.0,88,479789,0.9082966647535233,0.9656916648339564,0.8444444444444444,0.42469511286042283,0.19694115536419088,0.014559386973180077,0.0029107377334726993,0.002972021347775098,0.0029669676912221065,0.01084956639792144,0.03268311695349414,0.009477082634241301,0.00018758245812221624,0.06989947664494184,0.04647042762547703,0.01087978257108854,/common/users/shared/pracsys/adaptive_roa_experiments/quadrotor_stoch/q2d_nd_yield_a1,0.8966983386589206,0.52743904842052
fm,noisy_dynamics_f_0.150,yield_a1,4,0.002839874180494953,100.0,0.05721877120531528,50.0,0.028461094356060677,0.0018668554322927892,0.001714572986417118,0.015438476143078661,0.015228244587567124,0.019765205461703593,0.023354387718783075,0.022959083609549003,0.022959083609549003,0.9619353507479329,0.9651784430239126,0.989305715637499,-0.020406637084218266,0.009235180452887522,6.780498238665343e-05,0.009782767007997266,6.245004513516506e-17,0.6523783238479549,0.4147956145574276,0.0874977769873733,0.1156778513531626,0.18267882128800783,0.059337315600780045,0.0,90,479789,0.9019473684210526,0.9469054853670238,0.6104218362282878,0.5109878641500433,0.26556332974524577,0.047126436781609195,0.0023197223615263494,0.0024447124188261993,0.002450938356959798,0.009235180452888457,0.039600741159134534,0.013032812340424645,0.0008399525624805905,0.06989947664494184,0.04647042762547703,0.01087978257108854,/common/users/shared/pracsys/adaptive_roa_experiments/quadrotor_stoch/q2d_nd_yield_a1,0.907967241541912,0.597754831597613
fm,noisy_dynamics_f_0.150,yield_a1,5,0.002708473230408919,100.0,0.05483694491760675,50.0,0.02659612871491426,0.002305605059885025,0.0021654702876784462,0.016200017456182655,0.014013477220657879,0.019765205461703593,0.023354387718783075,0.022959083609549003,0.022959083609549003,0.9623376109081284,0.9666853554374945,0.9893890856188866,-0.02140613894857948,0.008924536441044857,6.694515275430908e-05,0.009459975322485508,6.245004513516506e-17,0.6560191883042717,0.4510234922379448,0.0818755635707845,0.11329602506530878,0.18267882128800783,0.059337315600780045,0.0,88,479789,0.907133456172677,0.9627565982404692,0.6984615384615385,0.513790738587232,0.29449228561176893,0.04348659003831418,0.0023227083617790153,0.0023322720697108797,0.0023191651449550577,0.008924536441044982,0.03959031991146108,0.014214581826594607,0.0006773810987746697,0.06989947664494184,0.04647042762547703,0.01087978257108854,/common/users/shared/pracsys/adaptive_roa_experiments/quadrotor_stoch/q2d_nd_yield_a1,0.9153779511668847,0.611285163083207
fm,noisy_dynamics_f_0.150,yield_a1,6,0.0021796945143331714,100.0,0.04601684289363521,50.0,0.025068478018462282,0.001623647914909924,0.001464995539289673,0.016780920651898963,0.015865237562025108,0.019765205461703593,0.023354387718783075,0.022959083609549003,0.022959083609549003,0.9662997692735765,0.9679859271471417,0.9892640306468051,-0.0183195112851691,0.007643158496939756,5.946834386147427e-05,0.00819711498179408,4.336808689942018e-17,0.7087034067775235,0.4890219560878243,0.05780135357600147,0.10447592304136359,0.18267882128800783,0.059337315600780045,0.0,86,479789,0.8952662721893491,0.9466769706336939,0.6396761133603239,0.5864865670751707,0.3296555435952637,0.030268199233716476,0.0018109453498150218,0.0018201806827902994,0.0018475748956495721,0.007643158496939882,0.04579096227716767,0.016182113387343187,0.000514809635068749,0.06989947664494184,0.04647042762547703,0.01087978257108854,/common/users/shared/pracsys/adaptive_roa_experiments/quadrotor_stoch/q2d_nd_yield_a1,0.9267781837159057,0.6670965345602531
fm,noisy_dynamics_f_0.150,yield_a1,7,0.0018399632403531595,100.0,0.041128910541948345,50.0,0.023312393573008135,0.0011965238215620195,0.0010325555169762768,0.01729549363789218,0.016396830458574273,0.019765205461703593,0.023354387718783075,0.022959083609549003,0.022959083609549003,0.9686382972515002,0.9720543822388592,0.98950163509376,-0.01601714503667237,0.006696145488633135,5.555303255116936e-05,0.007255417902452957,4.2500725161431774e-17,0.7348873266733619,0.5841449041622727,0.1322997416020672,0.09958799068969082,0.18267882128800783,0.059337315600780045,0.0,91,479789,0.8981481481481481,0.946812789060929,0.6564102564102564,0.6218504934848078,0.4223627556512379,0.0735632183908046,0.0014590481975319872,0.0014924420590471433,0.0015090977302570704,0.006696145488632741,0.04839627419553179,0.020729945872039583,0.0012192859777944054,0.06989947664494184,0.04647042762547703,0.01087978257108854,/common/users/shared/pracsys/adaptive_roa_experiments/quadrotor_stoch/q2d_nd_yield_a1,0.9342418319161886,0.7083443920275583
fm,noisy_dynamics_f_0.150,yield_a1,8,0.0012444798697201732,100.0,0.033324031746351984,50.0,0.021901836015415115,0.000937783808576298,0.000760748815226633,0.01793742475325662,0.01770349933496651,0.019765205461703593,0.023354387718783075,0.022959083609549003,0.022959083609549003,0.9716854700712189,0.9739114485742691,0.9894870453470171,-0.013705066185343976,0.005782407671519047,5.006448755869213e-05,0.006354746774102782,3.0357660829594124e-17,0.7678849078203223,0.6227433014858795,0.1377777777777778,0.09178311189412802,0.18267882128800783,0.059337315600780045,0.0,90,479789,0.8991996798719488,0.94927869153726,0.6396825396825396,0.6700360795539255,0.463356655902404,0.07720306513409962,0.0008686708598277013,0.000912640776938536,0.0009261130826369587,0.005782407671518746,0.05208539587193537,0.022682887686045324,0.0013130772068555136,0.06989947664494184,0.04647042762547703,0.01087978257108854,/common/users/shared/pracsys/adaptive_roa_experiments/quadrotor_stoch/q2d_nd_yield_a1,0.9480646883199447,0.7481429237396016
fm,noisy_dynamics_f_0.150,yield_a1,9,0.0010267516816345457,100.0,0.0303998427560043,50.0,0.022452869907396793,0.0010332796262075047,0.0008491522769609052,0.018057446768862347,0.018412734924659956,0.019765205461703593,0.023354387718783075,0.022959083609549003,0.022959083609549003,0.9711581549389419,0.9716792173226148,0.9894015911160948,-0.013641288149582423,0.005750789117647585,4.7157779111819733e-05,0.006330220576128256,2.3418766925686896e-17,0.7650275079807104,0.5791103952422253,0.07326407873154729,0.08885892290378647,0.18267882128800783,0.059337315600780045,0.0,87,479789,0.8884638138434234,0.9359231077292751,0.7528089887640449,0.6717058770909742,0.4192680301399354,0.038505747126436785,0.0006969290561219154,0.0006997415110607381,0.0007112210231432008,0.005750789117647245,0.052846146952097696,0.02081748435249662,0.0005564946257625748,0.06989947664494184,0.04647042762547703,0.01087978257108854,/common/users/shared/pracsys/adaptive_roa_experiments/quadrotor_stoch/q2d_nd_yield_a1,0.953975950518373,0.7495200934215096
fm,noisy_dynamics_f_0.150,yield_a1,10,0.0006664519640285523,100.0,0.024867922893783496,50.0,0.020496489081658808,0.0009645333868969013,0.0007796408043809885,0.018881145958688294,0.01848925825159128,0.019765205461703593,0.023354387718783075,0.022959083609549003,0.022959083609549003,0.9738947745779916,0.9749619103397535,0.9894703713507396,-0.012439905875291014,0.0048575784552417145,4.191302522801591e-05,0.005437775146991698,1.6479873021779667e-17,0.7887110106445789,0.6432665181885672,0.1334476843910806,0.08332700304156071,0.18267882128800783,0.059337315600780045,0.0,89,479789,0.9081267966746951,0.9518411108181738,0.6377049180327868,0.6970510182783195,0.4857822030857553,0.07452107279693486,0.000382641895625253,0.00036594921842931914,0.0003936288452728623,0.004857578455241875,0.05365275152202322,0.023716675455252204,0.0012713922161616878,0.06989947664494184,0.04647042762547703,0.01087978257108854,/common/users/shared/pracsys/adaptive_roa_experiments/quadrotor_stoch/q2d_nd_yield_a1,0.9630460981034481,0.7884245496095768
fm,noisy_dynamics_f_0.150,yield_a1,11,0.0006291049360470841,100.0,0.023661791405340284,50.0,0.020093457749135554,0.0006912299701255349,0.0004994143506710993,0.01887442827022666,0.019181561945443567,0.019765205461703593,0.023354387718783075,0.022959083609549003,0.022959083609549003,0.974324129982138,0.9764854967496128,0.9895183090900375,-0.010725339680567915,0.004584069689993455,4.005212182410046e-05,0.005171189418681963,1.3010426069826053e-17,0.7969875249254298,0.6756181713628522,0.14719348821434627,0.08212087155313344,0.18267882128800783,0.059337315600780045,0.0,92,479789,0.8908414382552313,0.9411246395386095,0.6410635155096012,0.721024540060232,0.5269555077143883,0.08314176245210728,0.0003410845986615726,0.00035671728830342675,0.00036747156813078034,0.004584069689993609,0.05657486936966041,0.02601977119108608,0.0014110369349860043,0.06989947664494184,0.04647042762547703,0.01087978257108854,/common/users/shared/pracsys/adaptive_roa_experiments/quadrotor_stoch/q2d_nd_yield_a1,0.9636476438360599,0.8003374277496478
fm,noisy_dynamics_f_0.150,yield_mlp,0,0.015124466385259095,100.0,0.19605723582270815,50.0,0.043443367813768126,0.0074292387553862626,0.0074163654891897645,0.006931472089637256,0.0012873266196497869,0.019765205461703593,0.023354387718783075,0.022959083609549003,0.022959083609549003,0.9306966187219798,0.9535337408735923,0.9891202174289114,-0.043282046899783023,0.02344397700910097,0.00013878903123681015,0.023852154384531525,-5.551115123125783e-16,0.01691156905064601,0.0001793882859449278,nan,0.25451631597032803,0.18267882128800783,0.059337315600780045,0.0,51,479789,1.0,1.0,nan,0.00852789456421266,8.97021887334051e-05,0.0,0.014880123999828172,0.015038143813769434,0.014974804027782717,0.02344397700910118,0.0005960953669217093,4.168499069382583e-06,0.0,0.06989947664494184,0.04647042762547703,0.01087978257108854,/common/users/shared/pracsys/adaptive_roa_experiments/quadrotor_stoch/q2d_nd_yield_mlp,0.6772438485468357,-0.021119893450376903
fm,noisy_dynamics_f_0.150,yield_mlp,1,0.0033599512702265975,100.0,0.07531178143736807,50.0,0.03418483958573457,0.005984422896013891,0.005882004661281035,0.014967247073323612,0.010241823473285639,0.019765205461703593,0.023354387718783075,0.022959083609549003,0.022959083609549003,0.9463368272303033,0.9557076131382753,0.9891389756747236,-0.030913943420962132,0.01387384119750651,8.727189769296739e-05,0.014371563541473448,9.367506770274758e-17,0.39735037333520584,0.09164351357127593,0.0038233607340852605,0.13377086158506615,0.18267882128800783,0.059337315600780045,0.0,79,479789,0.9240148051382538,0.9754322111010009,0.9090909090909091,0.2530935981155142,0.04808037316110513,0.0019157088122605363,0.0028176783124930177,0.0028643654047626377,0.0028761860524864546,0.013873841197506669,0.019145916225674204,0.0022905902386257293,2.2926744881604206e-05,0.06989947664494184,0.04647042762547703,0.01087978257108854,/common/users/shared/pracsys/adaptive_roa_experiments/quadrotor_stoch/q2d_nd_yield_mlp,0.8997342790178426,0.3957145052716221
fm,noisy_dynamics_f_0.150,yield_mlp,2,0.0031976904038050298,100.0,0.0630313057912896,50.0,0.030524001175516742,0.0028808530470243953,0.0027423401472777033,0.01509229751366963,0.013851289974669213,0.019765205461703593,0.023354387718783075,0.022959083609549003,0.022959083609549003,0.9572374522967387,0.961232958654742,0.9892244299056461,-0.02408250293358122,0.010609126243157156,7.276806427030637e-05,0.011142943252137917,7.632783294297951e-17,0.5839096311018273,0.29121256001829127,0.020833333333333336,0.12149038593908869,0.18267882128800783,0.059337315600780045,0.0,84,479789,0.9127567841744865,0.9683223517486061,0.9166666666666666,0.42925723827414497,0.17137603157517042,0.01053639846743295,0.0027296380942172347,0.0027382183787040457,0.002771189010838556,0.010609126243157133,0.032872783661151046,0.008224448663891836,0.00012505497208147747,0.06989947664494184,0.04647042762547703,0.01087978257108854,/common/users/shared/pracsys/adaptive_roa_experiments/quadrotor_stoch/q2d_nd_yield_mlp,0.9017931884030788,0.5379115985820675
fm,noisy_dynamics_f_0.150,yield_mlp,3,0.0030847820545792846,100.0,0.058678590472918096,50.0,0.031204112641181864,0.0008843988977992257,0.0006991988358443818,0.014314679769614215,0.018520006195484377,0.019765205461703593,0.023354387718783075,0.022959083609549003,0.022959083609549003,0.9607931820029221,0.966228904789397,0.9893995068665601,-0.016075920873550663,0.009343602675779232,6.593040807581503e-05,0.009924106846968142,5.551115123125783e-17,0.6508528685710043,0.44458917492201694,0.08492263404102195,0.11713767062090277,0.18267882128800783,0.059337315600780045,0.0,88,479789,0.8619960668633235,0.9429984004653191,0.6982248520710059,0.52279571816203,0.29085934696806603,0.045210727969348656,0.0025264369488181538,0.0025900753348298356,0.002592641508551199,0.009343602675779043,0.042393635535620866,0.01433338405007201,0.0007044763427256564,0.06989947664494184,0.04647042762547703,0.01087978257108854,/common/users/shared/pracsys/adaptive_roa_experiments/quadrotor_stoch/q2d_nd_yield_mlp,0.9014062192237731,0.5930324208631264
fm,noisy_dynamics_f_0.150,yield_mlp,4,0.002987704399476441,100.0,0.05836235945957424,50.0,0.03319346629455864,0.0006831402200051546,0.0004697422597780673,0.014184222840088651,0.021339796022708718,0.019765205461703593,0.023354387718783075,0.022959083609549003,0.022959083609549003,0.959626002263495,0.9671897438248896,0.9893098841365684,-0.01249778548486939,0.009244603029238479,6.263724216599202e-05,0.00985330509869964,6.071532165918825e-17,0.6567433948221785,0.46214295476288103,0.06931591362729086,0.11682143960766159,0.18267882128800783,0.059337315600780045,0.0,89,479789,0.8093553459119497,0.9700229489386116,0.6563573883161512,0.5525538956972895,0.30332795120200934,0.036590038314176246,0.0023620197782107744,0.002467634011648916,0.002746597129441492,0.009244603029238152,0.047720977346291805,0.014531387755867684,0.0006065166145951658,0.06989947664494184,0.04647042762547703,0.01087978257108854,/common/users/shared/pracsys/adaptive_roa_experiments/quadrotor_stoch/q2d_nd_yield_mlp,0.9009193363288174,0.5973444242611878
fm,noisy_dynamics_f_0.150,yield_mlp,5,0.0026063157823210197,100.0,0.05032729370496811,50.0,0.028588879695032602,0.0008599597934861719,0.0006618083270303049,0.01600173842785927,0.019815146645586697,0.019765205461703593,0.023354387718783075,0.022959083609549003,0.022959083609549003,0.9670688573518776,0.9694490703204951,0.9894015911160948,-0.013227377034488074,0.007619153508720082,5.844595104896904e-05,0.008212609084410022,4.5102810375396984e-17,0.7179478024920561,0.5244923116849413,0.1130298273155416,0.10878637385300734,0.18267882128800783,0.059337315600780045,0.0,89,479789,0.8944886793292114,0.9477139507620164,0.631578947368421,0.5996064048662672,0.3625762468604234,0.06206896551724138,0.002181532651827674,0.0021563651784731862,0.002408847897315681,0.007619153508721614,0.04685601378939492,0.017778648530916714,0.0010692200112966325,0.06989947664494184,0.04647042762547703,0.01087978257108854,/common/users/shared/pracsys/adaptive_roa_experiments/quadrotor_stoch/q2d_nd_yield_mlp,0.9122904279652615,0.66814208971515
fm,noisy_dynamics_f_0.150,yield_mlp,6,0.002541520071995197,100.0,0.05279135296736146,50.0,0.032488739841888825,0.000978521403076585,0.0007531008388896046,0.015384410511012013,0.022542056418698025,0.019765205461703593,0.023354387718783075,0.022959083609549003,0.022959083609549003,0.9653410144876186,0.9677462384506522,0.9892911258907562,-0.010918216132508247,0.008327773937426633,5.8081460447599314e-05,0.008948498610847684,3.642919299551295e-17,0.7037993623198733,0.47820076204606,0.08738898756660746,0.1112504331155253,0.18267882128800783,0.059337315600780045,0.0,92,479789,0.8740046009555831,0.9633202010596387,0.6,0.5890807168202284,0.31803911015428776,0.047126436781609195,0.0019222015073771443,0.001995223250308174,0.0026356355310210655,0.008327773937427136,0.047112376482161954,0.015342160824862595,0.0008545423092234294,0.06989947664494184,0.04647042762547703,0.01087978257108854,/common/users/shared/pracsys/adaptive_roa_experiments/quadrotor_stoch/q2d_nd_yield_mlp,0.9111591408206436,0.6372775987468857
fm,noisy_dynamics_f_0.150,yield_mlp,7,0.0020564220598275713,100.0,0.04831246976305181,50.0,0.031648662224436144,0.00048454803640370666,0.00024472193944791317,0.015308032378910994,0.023982609695579367,0.019765205461703593,0.023354387718783075,0.022959083609549003,0.022959083609549003,0.9625627098578751,0.9713540743952029,0.9894703713507396,-0.006974941067844407,0.007895773170085957,5.502851225442277e-05,0.008530903376275824,3.642919299551295e-17,0.7057532271803945,0.5719446866824467,0.11709192590003496,0.10677154991119941,0.18267882128800783,0.059337315600780045,0.0,92,479789,0.7831097538808304,0.9357929066449245,0.6673306772908366,0.6423055133136536,0.4118227484750628,0.06417624521072797,0.0014363767141321508,0.0014756932348379194,0.002001586280732596,0.007895773170084469,0.05733145195075335,0.02045065643439095,0.0010462932664150283,0.06989947664494184,0.04647042762547703,0.01087978257108854,/common/users/shared/pracsys/adaptive_roa_experiments/quadrotor_stoch/q2d_nd_yield_mlp,0.9216350980249445,0.6560937141758569
fm,noisy_dynamics_f_0.150,yield_mlp,8,0.00103897427170527,100.0,0.03170559116939851,50.0,0.02213106177924046,0.0009842760252522513,0.000807302755163049,0.01796887910953977,0.01769732700892024,0.019765205461703593,0.023354387718783075,0.022959083609549003,0.022959083609549003,0.9706412610543385,0.9730735802613232,0.9893744958721438,-0.013524611860630403,0.005797507255172308,4.794903287093876e-05,0.006369784634495579,2.2551405187698492e-17,0.7605806166502364,0.61125989227575,0.12884483937115515,0.09016467131714676,0.18267882128800783,0.059337315600780045,0.0,92,479789,0.8844527019014112,0.9286824540550425,0.5965189873417721,0.667143751677252,0.45555256548259776,0.07222222222222222,0.0006947001898364534,0.0007049002305855635,0.0007120972568355764,0.005797507255171997,0.0527252604790856,0.022795437160918655,0.001317245705924896,0.06989947664494184,0.04647042762547703,0.01087978257108854,/common/users/shared/pracsys/adaptive_roa_experiments/quadrotor_stoch/q2d_nd_yield_mlp,0.951749084290089,0.7474852501185612
fm,noisy_dynamics_f_0.150,yield_mlp,9,0.0008895597944745014,100.0,0.029609877302525258,50.0,0.02193662214014911,0.0013121680012158612,0.0011366362086313643,0.018467143269942792,0.0175531792584497,0.019765205461703593,0.023354387718783075,0.022959083609549003,0.022959083609549003,0.9720397924921164,0.9722794811886059,0.989393254117956,-0.01478843825098116,0.005628576548237602,4.631477706637551e-05,0.00619941245005617,2.688821387764051e-17,0.7689817286331777,0.5870078251148926,0.08190510553851704,0.0880689574502767,0.18267882128800783,0.059337315600780045,0.0,88,479789,0.9101173976846568,0.9539765845781187,0.7027863777089783,0.6657423144586576,0.4239325439540725,0.04348659003831418,0.0005663191932184609,0.0005542526896333404,0.0005807940633891141,0.005628576548237426,0.05113080958504676,0.020650744389721316,0.0006732125997052871,0.06989947664494184,0.04647042762547703,0.01087978257108854,/common/users/shared/pracsys/adaptive_roa_experiments/quadrotor_stoch/q2d_nd_yield_mlp,0.9563064940632454,0.7548431529777347
fm,noisy_dynamics_f_0.150,yield_mlp,10,0.0005831299043745914,100.0,0.02273173700994463,50.0,0.020057254334717972,0.0006690063055089962,0.0004736268193539817,0.019038179065216324,0.019537948615501458,0.019765205461703593,0.023354387718783075,0.022959083609549003,0.022959083609549003,0.9753787602466918,0.9758664746378095,0.9894015911160948,-0.010227516679206898,0.0043945313636866755,3.8119128714300806e-05,0.00498521495907576,1.214306433183765e-17,0.8058636953770811,0.6675089734386218,0.14552176104856326,0.0811908171577691,0.18267882128800783,0.059337315600780045,0.0,90,479789,0.8977006444053895,0.927687764386623,0.5923392612859097,0.7310731430956854,0.5213042698241838,0.08295019157088122,0.00029842137567838846,0.0003300287413158206,0.00035027867208910283,0.004394531363686514,0.05692502329148855,0.02611356242014719,0.001523586409859334,0.06989947664494184,0.04647042762547703,0.01087978257108854,/common/users/shared/pracsys/adaptive_roa_experiments/quadrotor_stoch/q2d_nd_yield_mlp,0.9645583036585054,0.8085929108312089
fm,noisy_dynamics_f_0.150,yield_mlp,11,0.0006510281048808796,100.0,0.02434573698358569,50.0,0.020793119475436078,0.001007454108893124,0.0008179688088419293,0.019030474289029015,0.018948530005119466,0.019765205461703593,0.023354387718783075,0.022959083609549003,0.022959083609549003,0.9745054596916561,0.9742324230026116,0.9894245178609764,-0.012279668771063948,0.0047465781293619305,3.9776075901886705e-05,0.005331367538647199,1.3010426069826053e-17,0.7945375751671314,0.6280350212113007,0.10162889518413597,0.08280481713141415,0.18267882128800783,0.059337315600780045,0.0,89,479789,0.9097588183251913,0.9539347408829175,0.6705607476635514,0.7052210990845932,0.4681108719052745,0.054980842911877395,0.0003680521792910231,0.0003738982743725865,0.0003825227959000713,0.00474657812936216,0.0541842351533695,0.02280377415905742,0.0008920588008478728,0.06989947664494184,0.04647042762547703,0.01087978257108854,/common/users/shared/pracsys/adaptive_roa_experiments/quadrotor_stoch/q2d_nd_yield_mlp,0.9633410983514651,0.7932592515413915
fm,noisy_dynamics_f_0.150,partx,0,0.004830973379464591,1.0,0.09853878796165365,50.0,0.06787144360541696,0.004686663857388816,0.004686663857388816,0.005371795824569213,0.041043724957373455,0.019765205461703593,0.023354387718783075,0.022959083609549003,0.022959083609549003,0.9149626189845953,0.9509721981954568,0.9827153186088051,0.021337373834436606,0.022400829026427947,0.000113822612820259,0.02279613313566201,0.0001268773840593304,0.4322293348177011,0.36709984663814677,0.21146714842635736,0.15699786811124933,0.18267882128800783,0.059337315600780045,0.0,20,479789,0.4052396733032383,0.4587452087956425,0.20993014914102323,0.4630706383993798,0.30597416576964476,0.21302681992337164,0.001176330351227988,0.002857159014121329,0.007827791126667394,0.0224008290264293,0.07987469491797436,0.030994874830394193,0.01104026978525977,0.06989947664494184,0.04647042762547703,0.01087978257108854,/common/users/shared/pracsys/adaptive_roa_experiments/quadrotor_stoch/q2d_nd_partx,0.8491665230789912,0.024315194483148672
fm,noisy_dynamics_f_0.150,partx,1,0.002364619344255011,1.0,0.07055738199250108,50.0,0.058105771759989384,0.002849413247699009,0.002849413247699009,0.009279795962544994,0.043087420117103516,0.019765205461703593,0.023354387718783075,0.022959083609549003,0.022959083609549003,0.9289958711016718,0.9587902182000838,0.986598275491935,0.024192593410020877,0.01630043487518509,8.277420634939753e-05,0.016695738984419152,-0.00022826601951794062,0.5653444250226469,0.4938562359205407,0.2143206256109482,0.12901646214168513,0.18267882128800783,0.059337315600780045,0.0,20,479789,0.4940900981266726,0.5752624045801527,0.2958839406207827,0.6606136505948653,0.43263365626121275,0.16800766283524904,0.00046525772400459375,0.0007652851010272609,0.003106444648158313,0.01630043487518564,0.0934577491355575,0.03494869619770358,0.006177715620824988,0.06989947664494184,0.04647042762547703,0.01087978257108854,/common/users/shared/pracsys/adaptive_roa_experiments/quadrotor_stoch/q2d_nd_partx,0.910083576702735,0.2900224088906792
fm,noisy_dynamics_f_0.150,partx,2,0.0013595754038866464,1.0,0.053769839378508565,50.0,0.048598830746858036,0.001377883284028712,0.001377883284028712,0.01100056425400005,0.03862083719024292,0.019765205461703593,0.023354387718783075,0.022959083609549003,0.022959083609549003,0.9416701925221295,0.9566538624270252,0.9879342794436721,0.016667666357362783,0.013261889948715567,7.513714075378201e-05,0.013657194057949643,-7.45126908620955e-05,0.6286457365781163,0.4571249575817693,0.11604825164147198,0.11222891952760003,0.18267882128800783,0.059337315600780045,0.0,20,479789,0.5663598326359832,0.5468057203522139,0.28592927012791575,0.7063243581715717,0.3927161822748475,0.07279693486590039,2.6591353550802475e-05,0.0003643978435406536,0.0014855542887261353,0.013261889948716096,0.08717373678846327,0.033375087799011646,0.0027699676316047263,0.06989947664494184,0.04647042762547703,0.01087978257108854,/common/users/shared/pracsys/adaptive_roa_experiments/quadrotor_stoch/q2d_nd_partx,0.9380345187995288,0.4223684980527811
fm,noisy_dynamics_f_0.150,partx,3,0.001354404837264878,1.0,0.05103683798772459,50.0,0.04535457533603149,0.0010181402288544092,0.0010181402288544092,0.011422946288625316,0.03625734974044749,0.019765205461703593,0.023354387718783075,0.022959083609549003,0.022959083609549003,0.9445860576211627,0.9581711960882805,0.9876904222481132,0.013603616891106595,0.01266406625303519,7.497496379100306e-05,0.013059370362269264,0.00010978870325709447,0.6447440505618729,0.4672842619382582,0.10379362670713203,0.10949591813665595,0.18267882128800783,0.059337315600780045,0.0,20,479789,0.5841363614352816,0.5724133446055798,0.24963503649635035,0.7193845603363449,0.39477933261571585,0.06551724137931035,5.607230499942245e-05,0.00048318596587185745,0.0012424605301771246,0.012664066253035533,0.08608367428181972,0.032049505094947986,0.002855421862527069,0.06989947664494184,0.04647042762547703,0.01087978257108854,/common/users/shared/pracsys/adaptive_roa_experiments/quadrotor_stoch/q2d_nd_partx,0.9397388439274571,0.44840715472772497
fm,noisy_dynamics_f_0.150,partx,4,0.0017712733996022908,1.0,0.06318361685989038,50.0,0.05766949380612152,0.0024082736806984814,0.0024082736806984814,0.010417802410813005,0.04724974531868186,0.019765205461703593,0.023354387718783075,0.022959083609549003,0.022959083609549003,0.9348359382978768,0.9569852581030411,0.988299023112243,0.027814970794567014,0.01491849377492662,7.705840288994721e-05,0.015313797884160688,-3.106110450786306e-05,0.611310715218121,0.4738157156697772,0.126633478531425,0.1216426970093225,0.18267882128800783,0.059337315600780045,0.0,20,479789,0.5242217484008529,0.5489779038166135,0.33692052980132453,0.733100754390673,0.4167563688554001,0.07796934865900383,7.851806996472448e-05,0.0005200002016291235,0.0021462729568860303,0.014918493774927212,0.09775130317702156,0.0352780076241848,0.00251777343790708,0.06989947664494184,0.04647042762547703,0.01087978257108854,/common/users/shared/pracsys/adaptive_roa_experiments/quadrotor_stoch/q2d_nd_partx,0.9312528443570237,0.3502138835923829
fm,noisy_dynamics_f_0.150,partx,5,0.0015158868820157889,1.0,0.057074606160066446,50.0,0.05155902701599945,0.0017000969682038362,0.0017000969682038362,0.010786911184195554,0.0412171475933223,0.019765205461703593,0.023354387718783075,0.022959083609549003,0.022959083609549003,0.9400298881383274,0.9544779059128075,0.9881281146503984,0.019883606175334547,0.014010882459164398,7.662398332985815e-05,0.014406186568398474,0.0001386130656071162,0.6297340076439022,0.42751172970564333,0.0950111217032094,0.11553368630922888,0.18267882128800783,0.059337315600780045,0.0,20,479789,0.5539255637055148,0.5143487858719646,0.2783985102420857,0.7295822524376062,0.3657606745604593,0.05727969348659004,5.8854603273907963e-05,0.0004881410359725405,0.001537573626969118,0.014010882459164894,0.09206547044638372,0.03304577637253042,0.002238484000258447,0.06989947664494184,0.04647042762547703,0.01087978257108854,/common/users/shared/pracsys/adaptive_roa_experiments/quadrotor_stoch/q2d_nd_partx,0.9348651303496587,0.3897455709714356
fm,noisy_dynamics_f_0.150,partx,6,0.0017090289975725075,1.0,0.060040225051147464,50.0,0.052509380666902195,0.0019049991948963407,0.0019049991948963407,0.01028084992291839,0.04084454487126814,0.019765205461703593,0.023354387718783075,0.022959083609549003,0.022959083609549003,0.9371994772702167,0.9562411810191563,0.9868421326874939,0.020367844298708606,0.014720626114025328,8.209527419849307e-05,0.015115930223259398,0.0001373932324983708,0.6088457893575314,0.4633591493494876,0.13032098085135693,0.11849930520040353,0.18267882128800783,0.059337315600780045,0.0,20,479789,0.539154825953005,0.5386581089915018,0.2319764590485532,0.699227718639115,0.4065303193397919,0.09061302681992338,2.424916582988809e-05,0.0005195365535253803,0.0021186526317944912,0.014720626114025867,0.09065234926186302,0.03507166692025036,0.004249784801235543,0.06989947664494184,0.04647042762547703,0.01087978257108854,/common/users/shared/pracsys/adaptive_roa_experiments/quadrotor_stoch/q2d_nd_partx,0.9301569866423344,0.35883215705078
fm,noisy_dynamics_f_0.150,partx,7,0.0021296833900987452,1.0,0.07411700452626577,50.0,0.07017642418274456,0.004887663526267443,0.004887663526267443,0.010381255915498867,0.05944525835118311,0.019765205461703593,0.023354387718783075,0.022959083609549003,0.022959083609549003,0.9216217962479339,0.9570102690974575,0.9888096642482425,0.04561666508511841,0.017167474909228465,7.730918966536069e-05,0.017562779018462538,-0.00029801631108911444,0.5865992414664981,0.5213274541656997,0.1358441976500885,0.13257608467637594,0.18267882128800783,0.059337315600780045,0.0,20,479789,0.46458173713171275,0.5401558141771665,0.42497482376636453,0.7955392551510272,0.503767491926803,0.08084291187739463,0.00019827309442278597,0.0004040367170681825,0.002659166439798149,0.01716747490922935,0.11969428227825148,0.04333988482437071,0.0020696597879484523,0.06989947664494184,0.04647042762547703,0.01087978257108854,/common/users/shared/pracsys/adaptive_roa_experiments/quadrotor_stoch/q2d_nd_partx,0.9347715329164427,0.25225783392816803
fm,noisy_dynamics_f_0.150,partx,8,0.0013977016043383549,1.0,0.05383269970316427,50.0,0.04905991443217194,0.0014414424386981796,0.0014414424386981796,0.011420515585329272,0.0402803878806328,0.019765205461703593,0.023354387718783075,0.022959083609549003,0.022959083609549003,0.944617321364183,0.959092434382614,0.9877821292276396,0.019181764734549467,0.012924132433368648,7.602586855189334e-05,0.01331943654260273,-5.587802954925246e-05,0.6467710631962355,0.49832579301178337,0.1474694589877836,0.11229177985242715,0.18267882128800783,0.059337315600780045,0.0,20,479789,0.5835352251193361,0.579307066024841,0.3061594202898551,0.725377940781823,0.43720846788661644,0.09712643678160919,4.942944233339873e-05,0.0004933298990643007,0.0013866981220276228,0.012924132433369064,0.08689027885174525,0.03507166692025036,0.0034515172294487784,0.06989947664494184,0.04647042762547703,0.01087978257108854,/common/users/shared/pracsys/adaptive_roa_experiments/quadrotor_stoch/q2d_nd_partx,0.9391310595065813,0.4370797783935365
fm,noisy_dynamics_f_0.150,partx,9,0.001444254424510952,1.0,0.05799256753979937,50.0,0.05049274186214603,0.0029628412311353044,0.0029628412311353044,0.010325127113421977,0.03783661925812777,0.019765205461703593,0.023354387718783075,0.022959083609549003,0.022959083609549003,0.9377601403950486,0.9536129423559107,0.9847328721583863,0.020742975830535377,0.015840739269617418,9.513129517981146e-05,0.016236043378851494,0.00024394154235509238,0.6114450776797564,0.4834996518913901,0.2056176119726711,0.11645164768895584,0.18267882128800783,0.059337315600780045,0.0,20,479789,0.5424198351686405,0.5009618159084351,0.2369407648087978,0.7005993380445478,0.4672138500179404,0.18160919540229886,1.3727346478073675e-06,3.828242982330794e-05,0.0011431518992082313,0.01584073926961792,0.09028343709422267,0.04333988482437071,0.008339082388299857,0.06989947664494184,0.04647042762547703,0.01087978257108854,/common/users/shared/pracsys/adaptive_roa_experiments/quadrotor_stoch/q2d_nd_partx,0.941708866973677,0.31004479364198
fm,noisy_dynamics_f_0.150,partx,10,0.0010357657846180534,1.0,0.04679283286724517,50.0,0.04406441646514864,0.0012420183606011493,0.0012420183606011493,0.01186404419603233,0.03645498568243251,0.019765205461703593,0.023354387718783075,0.022959083609549003,0.022959083609549003,0.9448986950513664,0.9578752326543543,0.9878884259539089,0.015325025131740161,0.012245304743917662,7.293482880220897e-05,0.012640608853151738,-9.175303020015659e-05,0.6587761529228029,0.4870955462504758,0.13307474265254363,0.10525191301616901,0.18267882128800783,0.059337315600780045,0.0,20,479789,0.5807919890760127,0.5609328423636682,0.3007417397167903,0.7609505918835913,0.4304359526372443,0.08544061302681992,7.645699788407495e-07,0.00015988113548020722,0.0007009272078960686,0.01224530474391796,0.09158192455433534,0.035659425289033306,0.003090942059947185,0.06989947664494184,0.04647042762547703,0.01087978257108854,/common/users/shared/pracsys/adaptive_roa_experiments/quadrotor_stoch/q2d_nd_partx,0.9491397902331551,0.46664662439642546
fm,noisy_dynamics_f_0.150,partx,11,0.0011298975274735567,1.0,0.04802132173998904,50.0,0.04476608759011312,0.0012643966141156746,0.0012643966141156746,0.012094422704074535,0.03764436288073425,0.019765205461703593,0.023354387718783075,0.022959083609549003,0.022959083609549003,0.9454447684294555,0.9602033393846044,0.9876674955032316,0.017009016860808513,0.012085916063628122,7.278963036986592e-05,0.01248122017286219,-4.3141455962025094e-05,0.6625758962525622,0.5177064915382673,0.11883842144452716,0.1064804018889535,0.18267882128800783,0.059337315600780045,0.0,20,479789,0.5835906985193933,0.5925754596970048,0.26688963210702343,0.7662879804395145,0.4596340150699677,0.0764367816091954,1.1445903233614106e-05,0.000320028234728646,0.0007962582140738541,0.012085916063628516,0.09178201250966571,0.03604501145295119,0.0031159530543634806,0.06989947664494184,0.04647042762547703,0.01087978257108854,/common/users/shared/pracsys/adaptive_roa_experiments/quadrotor_stoch/q2d_nd_partx,0.9475812570975518,0.473588917172573
fm,noisy_dynamics_f_0.150,partx,12,0.0016274772134421223,1.0,0.0601998618462845,50.0,0.05502765467517098,0.002612592819571761,0.002612592819571761,0.011001401385723478,0.045580029402789005,0.019765205461703593,0.023354387718783075,0.022959083609549003,0.022959083609549003,0.9358051143315083,0.9591216138760997,0.9887700635070833,0.026703466439346762,0.014216197102702945,7.19678425173866e-05,0.014611501211937014,-0.00035407794069434485,0.6305270986780548,0.4928503090011119,0.1337620578778135,0.11865894199546492,0.18267882128800783,0.059337315600780045,0.0,20,479789,0.5274661314601103,0.5819136594003785,0.416,0.7836419476995558,0.4274309293146753,0.07969348659003832,3.6352349385940013e-05,0.000301727335048719,0.0021763986779838656,0.014216197102703658,0.1038477330659936,0.03413375462963928,0.0020842495346912915,0.06989947664494184,0.04647042762547703,0.01087978257108854,/common/users/shared/pracsys/adaptive_roa_experiments/quadrotor_stoch/q2d_nd_partx,0.9346293375217523,0.3808029386333943
fm,noisy_dynamics_f_0.150,partx,13,0.0011267413324338928,1.0,0.04840915884592264,50.0,0.04467147722723036,0.0012297912808341025,0.0012297912808341025,0.01184588436447482,0.036281085581186964,0.019765205461703593,0.023354387718783075,0.022959083609549003,0.022959083609549003,0.9446923543474319,0.9595655590269889,0.9873215100804729,0.015211608148397645,0.012402909078555267,7.540643468792738e-05,0.012798213187789339,5.9918552646979345e-05,0.6473808701198609,0.5108174895355287,0.14263565891472868,0.10686823899488646,0.18267882128800783,0.059337315600780045,0.0,20,479789,0.5839106359517703,0.5834005298928695,0.26986666666666664,0.7263321108029938,0.4542967348403301,0.09693486590038314,2.7361917950531244e-06,0.0002486358888381129,0.0008354037465253109,0.012402909078555667,0.0869486378387166,0.036186740421310204,0.003907967877546171,0.06989947664494184,0.04647042762547703,0.01087978257108854,/common/users/shared/pracsys/adaptive_roa_experiments/quadrotor_stoch/q2d_nd_partx,0.947117400235577,0.4597820501251747
fm,noisy_dynamics_f_0.150,partx,14,0.0011964479631844367,1.0,0.050537614989264006,50.0,0.04764734774794289,0.001294975098688096,0.001294975098688096,0.011612467557812896,0.03996778981480424,0.019765205461703593,0.023354387718783075,0.022959083609549003,0.022959083609549003,0.9429916067271238,0.9597177092430215,0.9880239021736639,0.018569915861734305,0.012529282181349645,7.108269997237994e-05,0.012924586290583715,-0.00011230896907456038,0.6530959084798214,0.48831113817479027,0.09283233343858541,0.10899669513831334,0.18267882128800783,0.059337315600780045,0.0,20,479789,0.5682535478602485,0.5959289176090469,0.2639138240574506,0.7677192354712705,0.4136167922497309,0.05632183908045977,4.12275465676668e-06,0.00021553810401715238,0.0009493453531934249,0.012529282181350262,0.09443526216732773,0.03225376154934773,0.0023218539816460986,0.06989947664494184,0.04647042762547703,0.01087978257108854,/common/users/shared/pracsys/adaptive_roa_experiments/quadrotor_stoch/q2d_nd_partx,0.9455042939088778,0.45427777543618764
fm,noisy_dynamics_f_0.150,partx,15,0.0014021346579584499,1.0,0.05537103208873599,50.0,0.049740834076407954,0.00216572813989466,0.00216572813989466,0.01122386404532471,0.03964800577485691,0.019765205461703593,0.023354387718783075,0.022959083609549003,0.022959083609549003,0.9405988882612982,0.9582524818201335,0.9858708724043277,0.0216190250292128,0.013984257823895197,8.198247570902807e-05,0.014379561933129267,8.331011977624064e-05,0.6354846136136904,0.5132678849144634,0.21999769876884134,0.11383011223788887,0.18267882128800783,0.059337315600780045,0.0,20,479789,0.5564066384465498,0.5600869749681799,0.27542494958225294,0.7407639323731997,0.4736724076067456,0.18314176245210728,1.6146885476716945e-05,0.00028711290214372443,0.0012013991399925312,0.013984257823895578,0.09305965747443147,0.03930060922613899,0.007234430134913473,0.06989947664494184,0.04647042762547703,0.01087978257108854,/common/users/shared/pracsys/adaptive_roa_experiments/quadrotor_stoch/q2d_nd_partx,0.9406916455013623,0.39090522680622375
fm,noisy_dynamics_f_0.150,partx,16,0.0011759295498897913,1.0,0.04871837013759736,50.0,0.0439853946844795,0.0011663394281152544,0.0011663394281152544,0.011694438822694967,0.03524472642042235,0.019765205461703593,0.023354387718783075,0.022959083609549003,0.022959083609549003,0.9444589183995464,0.9589090204235612,0.9875653672760317,0.013581187957692635,0.012480351426557807,7.870248205633928e-05,0.012875655535791872,4.9367211588510415e-05,0.6385633680555556,0.4836707435246052,0.24096692111959286,0.10717745028657277,0.18267882128800783,0.059337315600780045,0.0,20,479789,0.5857032669005499,0.5812299364260087,0.3587121212121212,0.7019113218236575,0.41415500538213135,0.1814176245210728,2.1114780495706678e-05,0.00027437688477572995,0.0008727455398222656,0.012480351426558003,0.08376807304877769,0.033112472357640546,0.00550241877158501,0.06989947664494184,0.04647042762547703,0.01087978257108854,/common/users/shared/pracsys/adaptive_roa_experiments/quadrotor_stoch/q2d_nd_partx,0.9460964953350555,0.45640899093345977
fm,noisy_dynamics_f_0.150,partx,17,0.0012338291609684153,1.0,0.0516293436662668,50.0,0.048470970078187375,0.0013871562947927651,0.0013871562947927651,0.011758709816074102,0.041241821210418465,0.019765205461703593,0.023354387718783075,0.022959083609549003,0.022959083609549003,0.9450862775094886,0.9605722515522448,0.988738799764063,0.019950387778506697,0.012250579693660788,6.784254156251973e-05,0.012645883802894858,-0.00033695039460688095,0.6599992257165349,0.5050626618874441,0.12017586712261846,0.1100884238153478,0.18267882128800783,0.059337315600780045,0.0,20,479789,0.5817900532374756,0.6060910518053375,0.4006514657980456,0.7625011181679936,0.43290276282741297,0.0706896551724138,5.260176582797396e-05,0.00034622475047666287,0.0011367027506176684,0.012250579693661286,0.09161110404782102,0.033191673839958816,0.0019195938214506794,0.06989947664494184,0.04647042762547703,0.01087978257108854,/common/users/shared/pracsys/adaptive_roa_experiments/quadrotor_stoch/q2d_nd_partx,0.9436280615848341,0.4664168700284884
fm,noisy_dynamics_f_0.150,partx,18,0.0011665506276266292,1.0,0.050236930482302905,50.0,0.04642062734254523,0.0008151538423812166,0.0008151538423812166,0.01136275414988601,0.03648849458121313,0.019765205461703593,0.023354387718783075,0.022959083609549003,0.022959083609549003,0.94453603563233,0.9576355439578648,0.987692506497648,0.012602581339393563,0.012595863999549472,7.498067330729103e-05,0.012991168108783544,0.00018438069750526323,0.6314623235974351,0.44796306355241716,0.08605479028014239,0.10869601063144808,0.18267882128800783,0.059337315600780045,0.0,20,479789,0.5895526247737264,0.5678187827044892,0.22401289282836423,0.6797865044577631,0.36988697524219594,0.05325670498084291,2.9799169457872426e-06,0.00017391316138185814,0.0009978701645012495,0.012595863999549971,0.08059792950651223,0.030271640241856315,0.0025865536725518928,0.06989947664494184,0.04647042762547703,0.01087978257108854,/common/users/shared/pracsys/adaptive_roa_experiments/quadrotor_stoch/q2d_nd_partx,0.9440506543188645,0.45137775471531993
fm,noisy_dynamics_f_0.150,partx,19,0.0012731595526065751,1.0,0.05221026842230107,50.0,0.04883527268988791,0.0016311279910626014,0.0016311279910626014,0.011680945916449654,0.04119477043585048,0.019765205461703593,0.023354387718783075,0.022959083609549003,0.022959083609549003,0.9443838854162976,0.9581045001031704,0.9882635908701534,0.020806757886967817,0.012705018931927489,7.25308370778309e-05,0.013100323041161556,-0.00020424675223446737,0.6602495543672013,0.49053351919908755,0.12439744985227802,0.11066934857148904,0.18267882128800783,0.059337315600780045,0.0,20,479789,0.5761393684865453,0.5639606037647882,0.33030553261767137,0.773116259653517,0.43402404018658053,0.07662835249042145,3.105467775159167e-05,0.000415607766526873,0.0010448949039598525,0.012705018931927933,0.09379748180971219,0.03576363776576787,0.0025240261865111537,0.06989947664494184,0.04647042762547703,0.01087978257108854,/common/users/shared/pracsys/adaptive_roa_experiments/quadrotor_stoch/q2d_nd_partx,0.9436014414178842,0.44662343027300555
fm,noisy_dynamics_f_0.150,partx,20,0.0010591372098190442,1.0,0.046568972727388046,50.0,0.04394127936066908,0.0007930201559493513,0.0007930201559493513,0.01176125729239455,0.03638922209876104,0.019765205461703593,0.023354387718783075,0.022959083609549003,0.022959083609549003,0.944110848727253,0.9579648553843461,0.9886366715368631,0.013017471852463292,0.011898294507939314,6.827664994549107e-05,0.012293598617173385,-9.255196516449148e-05,0.656266423965851,0.4449276160070458,0.020833333333333336,0.10502805287625311,0.18267882128800783,0.059337315600780045,0.0,20,479789,0.5755722444574358,0.5757942726884172,0.16666666666666666,0.7632763813101947,0.3625313957660567,0.011111111111111112,3.35925880824233e-06,0.0002128266674464201,0.0007922736639788306,0.011898294507939673,0.0926949138058605,0.029258694967996348,0.0007253188380725694,0.06989947664494184,0.04647042762547703,0.01087978257108854,/common/users/shared/pracsys/adaptive_roa_experiments/quadrotor_stoch/q2d_nd_partx,0.9474383938898994,0.48176091388113385
fm,noisy_dynamics_f_0.150,partx,21,0.001345473459167813,1.0,0.05247509302942389,50.0,0.04676736191086609,0.0009666293835269773,0.0009666293835269773,0.011018279627147194,0.03575188729442565,0.019765205461703593,0.023354387718783075,0.022959083609549003,0.022959083609549003,0.9448007353232358,0.9563933312351888,0.9869713561586447,0.012417668761766002,0.01308746710981507,7.682659249367944e-05,0.013482771219049141,0.00018003374388628202,0.6323402837548935,0.43736890227504976,0.09049905427033318,0.11093417317850345,0.18267882128800783,0.059337315600780045,0.0,20,479789,0.5916045406135543,0.5461383478844862,0.1881427707199032,0.6791006947550466,0.3647290993900251,0.05957854406130268,5.060753958866869e-05,0.0003758835187373039,0.001233209425685871,0.013087467109815537,0.08023735433701064,0.031034475571553328,0.0034452644808447047,0.06989947664494184,0.04647042762547703,0.01087978257108854,/common/users/shared/pracsys/adaptive_roa_experiments/quadrotor_stoch/q2d_nd_partx,0.9386602812100229,0.4299656148134845
fm,noisy_dynamics_f_0.150,partx,22,0.0012899320597019816,1.0,0.05280515047008633,50.0,0.049629868131885135,0.001102144979637362,0.001102144979637362,0.011617439805688046,0.041621378290135576,0.019765205461703593,0.023354387718783075,0.022959083609549003,0.022959083609549003,0.9456948783736184,0.9598073319730132,0.9888159169968466,0.018731630222246085,0.012312852952153742,6.957901498431742e-05,0.012708157061387811,-0.0001309358313445804,0.650994575045208,0.4775399620698998,0.11946176567115195,0.11126423061937019,0.18267882128800783,0.059337315600780045,0.0,20,479789,0.590982051656209,0.6030518680717121,0.41647597254004576,0.7245728598264604,0.39527269465374953,0.06973180076628352,4.490467916290743e-05,0.0004152648066105467,0.0013254909153234,0.012312852952154108,0.08570017236743652,0.03045922269997853,0.0018216340933201887,0.06989947664494184,0.04647042762547703,0.01087978257108854,/common/users/shared/pracsys/adaptive_roa_experiments/quadrotor_stoch/q2d_nd_partx,0.9410688701582616,0.46370451183719485
fm,noisy_dynamics_f_0.150,partx,23,0.0010905339519977555,1.0,0.04801075925231862,50.0,0.045164375284507285,0.001009901578607213,0.001009901578607213,0.011541094929323486,0.0372265445399367,0.019765205461703593,0.023354387718783075,0.022959083609549003,0.022959083609549003,0.9435918705931149,0.9583691997940762,0.9883115286094513,0.014545315232491467,0.01225208059238875,7.018259909632645e-05,0.012647384701622822,-0.0001758096664439806,0.6476225196604345,0.4675871628105342,0.06439773106439774,0.10646983940125765,0.18267882128800783,0.059337315600780045,0.0,20,479789,0.574802967619664,0.5762812089356111,0.24935400516795866,0.7415690133285625,0.393388948690348,0.03697318007662835,4.6764590694556416e-06,0.00019596380731276466,0.0008111085661511438,0.012252080592389082,0.0901792246174881,0.03172227791800145,0.0016132091398510595,0.06989947664494184,0.04647042762547703,0.01087978257108854,/common/users/shared/pracsys/adaptive_roa_experiments/quadrotor_stoch/q2d_nd_partx,0.9467522193889893,0.46635149726564273
clf,noisy_dynamics_f_0.150,clf_dir00,0,0.0010239139209039323,1.0,0.04951982135215444,50.0,0.03433345054270788,0.0009981195681649348,0.0009981195681649348,0.011788294720865004,0.019689304072237145,0.019765205461703593,0.023354387718783075,0.022959083609549003,0.022959083609549003,0.948398150020113,0.9607285702673467,0.9892932101402908,-0.013313103777459919,0.01166121977317252,7.404016307713525e-05,0.012056523882406588,-0.0005076886836764168,0.5572128626104375,0.3697062955777079,0.11720226843100189,0.10797890150015833,0.18267882128800783,0.059337315600780045,0.0,20,479789,0.6961612369844036,0.7272966570150039,0.5692821368948247,0.46450189343113574,0.24784714747039827,0.06532567049808428,1.4819407467492213e-05,2.147186121762591e-05,0.0007329970756055778,0.011661219773172686,0.04663925183778703,0.01583612796458443,0.0012484654712800836,0.06989947664494184,0.04647042762547703,0.01087978257108854,/common/users/shared/pracsys/adaptive_roa_experiments/quadrotor_stoch/q2d_nd_clf_dir00,0.9526418025051361,0.492086880666158
clf,noisy_dynamics_f_0.150,clf_dir00,1,0.0008199513931263039,1.0,0.04327452406008361,50.0,0.032115290879875684,0.001088325057934896,0.001088325057934896,0.013195754696262418,0.0188724179275325,0.019765205461703593,0.023354387718783075,0.022959083609549003,0.022959083609549003,0.9525145428511284,0.9616810723047006,0.9888555177380056,-0.013577677377119589,0.010523116981069,6.741954412805225e-05,0.010918421090303073,-0.0003285369901524799,0.5904768752359212,0.3910033455894531,0.19630241996091988,0.10173360420802635,0.18267882128800783,0.059337315600780045,0.0,20,479789,0.7433472121650978,0.74775117192449,0.4556873691556176,0.4897575811789963,0.2647111589522784,0.12509578544061303,1.4487629328641607e-05,1.6554810529400996e-05,0.000450159173300577,0.01052311698106915,0.046053577718538775,0.016450981577318363,0.0029867295832126206,0.06989947664494184,0.04647042762547703,0.01087978257108854,/common/users/shared/pracsys/adaptive_roa_experiments/quadrotor_stoch/q2d_nd_clf_dir00,0.9597296884378188,0.5416577961024416
clf,noisy_dynamics_f_0.150,clf_dir00,2,0.0008135300647238835,1.0,0.049612839765387544,50.0,0.031689187471328026,0.002466983669663929,0.002466983669663929,0.014135300591385755,0.014624690867698516,0.019765205461703593,0.023354387718783075,0.022959083609549003,0.022959083609549003,0.9521852314246471,0.9610266179508076,0.988663766780814,-0.020337568584401566,0.01127852743084844,7.287752437346021e-05,0.01167383154008251,-1.223925697873933e-05,0.5445051126774546,0.3508869372027632,0.16464444785747195,0.10807191991320696,0.18267882128800783,0.059337315600780045,0.0,20,479789,0.8148324221535536,0.7762248502534173,0.41518202943454685,0.4088618540716224,0.22667743092931467,0.10268199233716475,1.3824075189646876e-05,1.2753878425619356e-05,0.00029758462656735767,0.01127852743084847,0.035073751169785054,0.013570548720374997,0.002690766149286457,0.06989947664494184,0.04647042762547703,0.01087978257108854,/common/users/shared/pracsys/adaptive_roa_experiments/quadrotor_stoch/q2d_nd_clf_dir00,0.9638292338352783,0.5087553308897075
clf,noisy_dynamics_f_0.150,clf_dir00,3,0.0007042182910316128,1.0,0.04226925131764022,50.0,0.02966747063551072,0.0012924496873894494,0.0012924496873894494,0.014493150907195104,0.016880927895677963,0.019765205461703593,0.023354387718783075,0.022959083609549003,0.022959083609549003,0.9575834377194975,0.9638611973179877,0.9886408400359324,-0.015110398539960197,0.009504000618003508,6.326992841025698e-05,0.009899304727237579,-0.0002543817717398419,0.6321953335381613,0.44281628587036853,0.22563228189826656,0.10072833146548586,0.18267882128800783,0.059337315600780045,0.0,20,479789,0.8025144535193173,0.7809135214779553,0.4367436743674367,0.521513552196082,0.30902404018658053,0.15210727969348659,1.4496137951250288e-05,1.2770893004750053e-05,0.00019930894233925026,0.009504000618003529,0.04542413435906201,0.018389333644581264,0.0037891656540687676,0.06989947664494184,0.04647042762547703,0.01087978257108854,/common/users/shared/pracsys/adaptive_roa_experiments/quadrotor_stoch/q2d_nd_clf_dir00,0.964987833761983,0.5860461689311214
clf,noisy_dynamics_f_0.150,clf_dir00,4,0.0006400088271492187,1.0,0.035593127433896386,50.0,0.029782624254784104,0.0005488030401584312,0.0005488030401584312,0.014338374228422934,0.020436920626424448,0.019765205461703593,0.023354387718783075,0.022959083609549003,0.022959083609549003,0.9581795330864192,0.9642530362305096,0.988886781481026,-0.009887296480708374,0.008793369710611343,5.769580556979118e-05,0.009188673819845415,-0.0003761427106731569,0.6634349262794169,0.46754214398807853,0.20107881330536412,0.0940522075818254,0.18267882128800783,0.059337315600780045,0.0,20,479789,0.758282208588957,0.7594553706505295,0.4614855570839065,0.5896770730834601,0.33772874058127017,0.128544061302682,1.0948667468309643e-05,1.2753877916105403e-05,0.00019915142838001135,0.008793369710611391,0.05435722786474888,0.020665334136464153,0.0030304988234411377,0.06989947664494184,0.04647042762547703,0.01087978257108854,/common/users/shared/pracsys/adaptive_roa_experiments/quadrotor_stoch/q2d_nd_clf_dir00,0.964690582564579,0.6169982277971209
clf,noisy_dynamics_f_0.150,clf_dir00,5,0.0006887869205408857,1.0,0.03730540989833253,50.0,0.029874290725883355,0.0006541400370613591,0.0006541400370613591,0.014182077924441719,0.01980240347676058,0.019765205461703593,0.023354387718783075,0.022959083609549003,0.022959083609549003,0.9582483133210641,0.9643030582193423,0.9888221697454506,-0.011167313024014629,0.009049310319053813,6.033253541940665e-05,0.009444614428287885,-0.0003818354031148302,0.6561620322691383,0.4593920646444241,0.20747746416432686,0.0957644900462585,0.18267882128800783,0.059337315600780045,0.0,20,479789,0.7731262387250738,0.7753862546616942,0.453781512605042,0.5699376807704923,0.3263814137064944,0.13448275862068965,1.0948667307762315e-05,1.2665403280990465e-05,0.0002152671624880026,0.009049310319053977,0.0515289012461728,0.01956068188307777,0.0032243340301674277,0.06989947664494184,0.04647042762547703,0.01087978257108854,/common/users/shared/pracsys/adaptive_roa_experiments/quadrotor_stoch/q2d_nd_clf_dir00,0.9642253791097792,0.6058505438217892
clf,noisy_dynamics_f_0.150,clf_dir00,6,0.0006608468294215065,1.0,0.035549745471702365,50.0,0.029979143205608284,0.0004862083918349936,0.0004862083918349936,0.014073682278656505,0.02100660784165368,0.019765205461703593,0.023354387718783075,0.022959083609549003,0.022959083609549003,0.957627206959726,0.9642926369716688,0.9890660269410095,-0.00921809825432601,0.008868885829608318,5.868044442506259e-05,0.009264189938842388,-0.0005027238931191759,0.662123982050856,0.46622632103688927,0.21349325337331332,0.09400882561965362,0.18267882128800783,0.059337315600780045,0.0,20,479789,0.747944279653062,0.7634693877551021,0.4910344827586207,0.593970838178728,0.33557588805166844,0.1363984674329502,1.0999709788407287e-05,1.2665401506240637e-05,0.00022846175913793744,0.008868885829608288,0.05550981785743316,0.020425645439974657,0.0030221618253023727,0.06989947664494184,0.04647042762547703,0.01087978257108854,/common/users/shared/pracsys/adaptive_roa_experiments/quadrotor_stoch/q2d_nd_clf_dir00,0.9641697992714772,0.6137090669455281
clf,noisy_dynamics_f_0.150,clf_dir00,7,0.0006383027204593999,1.0,0.03511748665151004,50.0,0.028588843719799667,0.0006128564798555652,0.0006128564798555652,0.014711674889529342,0.019658098014036965,0.019765205461703593,0.023354387718783075,0.022959083609549003,0.022959083609549003,0.9602950463641309,0.9663018535231112,0.9890952064344951,-0.011058178391037557,0.008302346940668196,5.648124100219872e-05,0.008697651049902267,-0.0005579182592070318,0.6727703724062113,0.49383257153590887,0.24632670700086431,0.09357656679943036,0.18267882128800783,0.059337315600780045,0.0,20,479789,0.7935086510798655,0.817644619531412,0.4965156794425087,0.5839222351432746,0.353740581270183,0.16379310344827586,1.3824075003518653e-05,1.2665403725430225e-05,0.00022249385006152354,0.00830234694066823,0.05143719426664638,0.020104671011632196,0.003589077698738404,0.06989947664494184,0.04647042762547703,0.01087978257108854,/common/users/shared/pracsys/adaptive_roa_experiments/quadrotor_stoch/q2d_nd_clf_dir00,0.9657600938099202,0.6383850905436341
clf,noisy_dynamics_f_0.150,clf_dir00,8,0.0006799716344105922,1.0,0.038166006650112196,50.0,0.028275816094267252,0.0009047045311008755,0.0009047045311008755,0.014752892125408045,0.01836909470877378,0.019765205461703593,0.023354387718783075,0.022959083609549003,0.022959083609549003,0.9601303906508903,0.9657807911394384,0.9893828328702826,-0.013461931827344663,0.008551281377552598,5.891589207317307e-05,0.008946585486786666,-0.0005596146376892399,0.6635949562984718,0.4776660727920591,0.20654205607476636,0.09662508679799213,0.18267882128800783,0.059337315600780045,0.0,20,479789,0.8088399211180657,0.8216943957968477,0.5525,0.5625726809195813,0.336697165410836,0.12701149425287356,1.094866755506642e-05,1.2665404565409915e-05,0.00033501247687651986,0.00855128137755261,0.04861720464620906,0.01904170374893964,0.0025010994416295495,0.06989947664494184,0.04647042762547703,0.01087978257108854,/common/users/shared/pracsys/adaptive_roa_experiments/quadrotor_stoch/q2d_nd_clf_dir00,0.9654146914546083,0.6275425655928184
clf,noisy_dynamics_f_0.150,clf_dir00,9,0.000703369320335481,1.0,0.03841790139374322,50.0,0.026854118953404157,0.0005806276133941899,0.0005806276133941899,0.014937447008012058,0.018589075664093846,0.019765205461703593,0.023354387718783075,0.022959083609549003,0.022959083609549003,0.9622167244351163,0.968942597683565,0.9889993309558993,-0.01110630157301268,0.007990685253778261,5.8223304021270745e-05,0.008385989363012332,-0.0006115789611528758,0.6898333504431442,0.5582663860314826,0.2470756062767475,0.09687698154160584,0.18267882128800783,0.059337315600780045,0.0,20,479789,0.8093058733790999,0.8232928215441112,0.48379888268156424,0.6010972955243462,0.4223179045568712,0.16590038314176245,1.0923146221006293e-05,1.2668807847607473e-05,0.0006627591235848063,0.007990685253778322,0.05191657165962538,0.0238375619282643,0.0037308066670974117,0.06989947664494184,0.04647042762547703,0.01087978257108854,/common/users/shared/pracsys/adaptive_roa_experiments/quadrotor_stoch/q2d_nd_clf_dir00,0.9646861761338956,0.651959747624473
clf,noisy_dynamics_f_0.150,clf_dir00,10,0.0007064716316578392,1.0,0.0395447057209184,50.0,0.02795033748018861,0.0011255553102683712,0.0011255553102683712,0.014950362590516448,0.017697034099157863,0.019765205461703593,0.023354387718783075,0.022959083609549003,0.022959083609549003,0.9608994787291913,0.9654410584652837,0.9894703713507396,-0.015071042493887996,0.00854135951988786,5.949323341417636e-05,0.008936663629121929,-0.0005929168094130702,0.6627112549442646,0.4599902296042989,0.17396991497710923,0.09800378586877756,0.18267882128800783,0.059337315600780045,0.0,20,479789,0.8345786351492098,0.8398144844809133,0.59375,0.5495422965679697,0.3167384284176534,0.10191570881226053,1.153565908986536e-05,1.2665405011809353e-05,0.00045422797275986417,0.00854135951988782,0.046026482474587786,0.01752645433721907,0.001867487583083397,0.06989947664494184,0.04647042762547703,0.01087978257108854,/common/users/shared/pracsys/adaptive_roa_experiments/quadrotor_stoch/q2d_nd_clf_dir00,0.965459977617271,0.6279747194990226
clf,noisy_dynamics_f_0.150,clf_dir00,11,0.0006622602308539663,1.0,0.0372499279845029,50.0,0.026805228120973572,0.0007648912706877389,0.0007648912706877389,0.015121011204180846,0.018226553164895548,0.019765205461703593,0.023354387718783075,0.022959083609549003,0.022959083609549003,0.9621479442004714,0.9682756378324638,0.9890889536858911,-0.012428276059226116,0.00797065824860873,5.7223061412275565e-05,0.008365962357842798,-0.0006323054274471711,0.6845350796435582,0.537538358703248,0.20476986176515266,0.09570900813235078,0.18267882128800783,0.059337315600780045,0.0,20,479789,0.8199067909454061,0.8331920504850712,0.4944974321349963,0.5875301905358261,0.39675278076785075,0.12911877394636015,1.0923146221467033e-05,1.2668807829657038e-05,0.00045448348182327496,0.007970658248608748,0.050088684817701117,0.02212847730981744,0.00284083211578423,0.06989947664494184,0.04647042762547703,0.01087978257108854,/common/users/shared/pracsys/adaptive_roa_experiments/quadrotor_stoch/q2d_nd_clf_dir00,0.9662576997596452,0.652832038762487
clf,noisy_dynamics_f_0.150,clf_dir00,12,0.000682291557429644,1.0,0.03816919730560072,50.0,0.02734623143610942,0.0006206786842711275,0.0006206786842711275,0.014865508670555668,0.018871446319877885,0.019765205461703593,0.023354387718783075,0.022959083609549003,0.022959083609549003,0.9617185887963251,0.967498212756024,0.9892661148963399,-0.01161047839635193,0.008077852278680136,5.7183075449623e-05,0.008473156387914208,-0.0006364013445843263,0.6878112623867557,0.5266800218539428,0.18202033036848794,0.096628277453462,0.18267882128800783,0.059337315600780045,0.0,20,479789,0.7998497786211258,0.8146478873239437,0.5325278810408922,0.6033038136983033,0.3891280947255113,0.10977011494252874,1.0923146221907036e-05,1.266540504271215e-05,0.0004666602634658251,0.008077852278680188,0.05272317622955091,0.022197257544462255,0.0022426524993278294,0.06989947664494184,0.04647042762547703,0.01087978257108854,/common/users/shared/pracsys/adaptive_roa_experiments/quadrotor_stoch/q2d_nd_clf_dir00,0.9651403329990706,0.6481631228817668
clf,noisy_dynamics_f_0.150,clf_dir00,13,0.000669474103827452,1.0,0.037135621655217714,50.0,0.02706590727890021,0.0012105115048280342,0.0012105115048280342,0.015432471295849279,0.017649770425488383,0.019765205461703593,0.023354387718783075,0.022959083609549003,0.022959083609549003,0.962616900345777,0.9660788388228992,0.9892411039019235,-0.015268586364091006,0.008080356086890231,5.6952959371923225e-05,0.008475660196124299,-0.0006567677316375326,0.6784510577267838,0.4699215060417549,0.11670088980150581,0.09559470180306362,0.18267882128800783,0.059337315600780045,0.0,20,479789,0.8506946005484871,0.8580944451052694,0.5464743589743589,0.5642126606434684,0.3235557947613922,0.06532567049808428,2.0689323686499822e-05,1.2668807891168416e-05,0.0004292296306704668,0.0080803560868903,0.04635996240013839,0.017522285838149687,0.0013005717096473658,0.06989947664494184,0.04647042762547703,0.01087978257108854,/common/users/shared/pracsys/adaptive_roa_experiments/quadrotor_stoch/q2d_nd_clf_dir00,0.9670382956071237,0.6480540676488717
clf,noisy_dynamics_f_0.150,clf_dir00,14,0.0006419893507711594,1.0,0.035593658193188736,50.0,0.026517737809352307,0.0010786355913326123,0.0010786355913326123,0.01556912485984465,0.018117927301884582,0.019765205461703593,0.023354387718783075,0.022959083609549003,0.022959083609549003,0.9637048786028859,0.9671522273332652,0.9894557816039967,-0.01450101446950598,0.007714508018189018,5.50327172007273e-05,0.008109812127423094,-0.0007540863228479439,0.6912630309907098,0.49131753921631915,0.11354476958121604,0.09405273834103911,0.18267882128800783,0.059337315600780045,0.0,20,479789,0.8525385927318844,0.8762376237623762,0.6652977412731006,0.5812982675850553,0.34136167922497307,0.06206896551724138,1.6061448651872328e-05,1.2668807898144068e-05,0.00043033846939819924,0.0077145080181889895,0.04766053410978576,0.018103791458328557,0.001015029523394659,0.06989947664494184,0.04647042762547703,0.01087978257108854,/common/users/shared/pracsys/adaptive_roa_experiments/quadrotor_stoch/q2d_nd_clf_dir00,0.967566046817706,0.6639888529792868
clf,noisy_dynamics_f_0.150,clf_dir00,15,0.0006252979553049537,1.0,0.03542040934374347,50.0,0.02605092377539196,0.0012022631818265992,0.0012022631818265992,0.015831612251335007,0.017727740845305293,0.019765205461703593,0.023354387718783075,0.022959083609549003,0.022959083609549003,0.9646011059028031,0.9672105863202366,0.9894495288553927,-0.015102606981174618,0.007553819765957019,5.448452301464237e-05,0.00794912387519109,-0.0007759147740835776,0.6972980680116918,0.4905110434613641,0.09380594343000359,0.09387948949158641,0.18267882128800783,0.059337315600780045,0.0,20,479789,0.8666873421647247,0.8824283383826614,0.7158469945355191,0.5832960610668814,0.3396573376390384,0.050191570881226055,2.0042782320831277e-05,1.2665405047780693e-05,0.00035029100683054776,0.007553819765957081,0.04704359624751714,0.017887029506720664,0.0007628353296970126,0.06989947664494184,0.04647042762547703,0.01087978257108854,/common/users/shared/pracsys/adaptive_roa_experiments/quadrotor_stoch/q2d_nd_clf_dir00,0.9683564722805056,0.6709877495800712
clf,noisy_dynamics_f_0.150,clf_dir00,16,0.0006183983885416677,1.0,0.034785652444566044,50.0,0.026198105202282745,0.0009707055440756255,0.0009707055440756255,0.015660153356011217,0.018316576323426197,0.019765205461703593,0.023354387718783075,0.022959083609549003,0.022959083609549003,0.9645114831728114,0.9671459745846612,0.9893286423823806,-0.013810988925553377,0.007554014120431016,5.418897167254658e-05,0.00794931822966509,-0.0007156216771823948,0.7028498630041361,0.4997619878772492,0.09572589191098553,0.09324473259241091,0.18267882128800783,0.059337315600780045,0.0,20,479789,0.8473741794310722,0.8544763971785133,0.6131221719457014,0.6004413036347914,0.35315751704341586,0.051915708812260535,1.0923146222874802e-05,1.2665405040060077e-05,0.00033411037713782746,0.0075540141204310796,0.04953010594240385,0.01920635946218025,0.0009212382943335508,0.06989947664494184,0.04647042762547703,0.01087978257108854,/common/users/shared/pracsys/adaptive_roa_experiments/quadrotor_stoch/q2d_nd_clf_dir00,0.9682067325421225,0.6709792843260871
clf,noisy_dynamics_f_0.150,clf_dir00,17,0.0006142136646841544,1.0,0.035881638585361364,50.0,0.026440314938028193,0.0012973191987457082,0.0012973191987457082,0.015760378699718892,0.017398265740649625,0.019765205461703593,0.023354387718783075,0.022959083609549003,0.022959083609549003,0.9634401789119801,0.9664102344989152,0.9892932101402908,-0.015496309401198855,0.007834600415303703,5.557958758970953e-05,0.008229904524537776,-0.0006614236932721163,0.6865159503172191,0.47858159699754105,0.07757227509427186,0.09434071873318016,0.18267882128800783,0.059337315600780045,0.0,20,479789,0.8567668837541261,0.8588016720854621,0.6189111747851003,0.5727107373945195,0.331718693936132,0.041379310344827586,5.784843792588207e-07,1.2512276690440604e-05,0.00020145588624035117,0.007834600415303766,0.04672470606870937,0.017949556992761403,0.0007274030876072607,0.06989947664494184,0.04647042762547703,0.01087978257108854,/common/users/shared/pracsys/adaptive_roa_experiments/quadrotor_stoch/q2d_nd_clf_dir00,0.9690504667718592,0.6587581391077306
clf,noisy_dynamics_f_0.150,clf_dir00,18,0.0006226518573203271,1.0,0.03442199967115002,50.0,0.02652975910984973,0.0006751015264286093,0.0006751015264286093,0.015415050842607516,0.01897571180907952,0.019765205461703593,0.023354387718783075,0.022959083609549003,0.022959083609549003,0.9638174280777592,0.9674356852699832,0.9889534774661362,-0.011673052524197286,0.007685975155341249,5.5064788791552806e-05,0.008081279264575322,-0.0005331591380288471,0.7043798106396021,0.5273761268074294,0.11930874044533069,0.09288107981901164,0.18267882128800783,0.059337315600780045,0.0,20,479789,0.8211378885933219,0.8099795577030292,0.449874686716792,0.616692011807854,0.3909669895945461,0.06877394636015326,9.162171714276707e-06,1.2665405007963502e-05,0.00034914960473979854,0.007685975155341188,0.052495993030269555,0.022430693492347678,0.0016632311286836506,0.06989947664494184,0.04647042762547703,0.01087978257108854,/common/users/shared/pracsys/adaptive_roa_experiments/quadrotor_stoch/q2d_nd_clf_dir00,0.9674585913135422,0.665231623088626
clf,noisy_dynamics_f_0.150,clf_dir00,19,0.0006571627287697186,1.0,0.03730054193301751,50.0,0.027068945733947695,0.0010139058545605944,0.0010139058545605944,0.015362482497824,0.017713683482228963,0.019765205461703593,0.023354387718783075,0.022959083609549003,0.022959083609549003,0.9622813361706917,0.9658704138694301,0.9888930342296302,-0.01401370511640248,0.008207852266484492,5.796952710401304e-05,0.008603156375718566,-0.00040265469980110477,0.6798407784166298,0.4865322504781913,0.14393574297188755,0.09575962208084833,0.18267882128800783,0.059337315600780045,0.0,20,479789,0.8358273882025404,0.8085461177696717,0.445771144278607,0.5729194620866506,0.34795479009687835,0.08582375478927202,8.005202956013798e-06,1.2665405042014084e-05,0.00039898223326601445,0.008207852266484508,0.04791272830348341,0.01999837428536294,0.002094670782364748,0.06989947664494184,0.04647042762547703,0.01087978257108854,/common/users/shared/pracsys/adaptive_roa_experiments/quadrotor_stoch/q2d_nd_clf_dir00,0.9672607825025398,0.6425008765127398
clf,noisy_dynamics_f_0.150,clf_dir00,20,0.000591187914018846,1.0,0.03392678900122325,50.0,0.02575038621191891,0.000911856753507322,0.000911856753507322,0.01587421216371978,0.018091409396548692,0.019765205461703593,0.023354387718783075,0.022959083609549003,0.022959083609549003,0.9647699301151131,0.9677191432067013,0.9891535654214665,-0.01323594817454564,0.007430269714571193,5.3722101687651e-05,0.007825573823805266,-0.0005664584847653517,0.7058147832291976,0.522829502742005,0.13898080741230973,0.09238586914905307,0.18267882128800783,0.059337315600780045,0.0,20,479789,0.8477006688963211,0.8349734304270813,0.5097087378640777,0.604615797477413,0.3805615357014711,0.08045977011494253,5.350980509371751e-06,1.266540501298503e-05,0.0003442016962509134,0.007430269714571261,0.04985524886981569,0.021180143771532902,0.0017174216165856241,0.06989947664494184,0.04647042762547703,0.01087978257108854,/common/users/shared/pracsys/adaptive_roa_experiments/quadrotor_stoch/q2d_nd_clf_dir00,0.969023731202949,0.676369064160695
clf,noisy_dynamics_f_0.150,clf_dir00,21,0.0005779208183938281,1.0,0.03296502602688374,50.0,0.026331869262586044,0.0008452422038396591,0.0008452422038396591,0.015711682617094436,0.018691163226991592,0.019765205461703593,0.023354387718783075,0.022959083609549003,0.022959083609549003,0.964027937280763,0.9668791906442207,0.9890785324382176,-0.012672151701845623,0.007546521502179222,5.336539208594888e-05,0.007941825611413293,-0.0005461216941150069,0.7019531317457302,0.5057077980652587,0.1196236559139785,0.09142410617472913,0.18267882128800783,0.059337315600780045,0.0,20,479789,0.8339762002462043,0.8250279102811326,0.48633879781420764,0.6060172346960074,0.364594546106925,0.0681992337164751,2.2799090248015677e-06,1.2665405057771926e-05,0.00021336794233197835,0.007546521502179328,0.05079316116042677,0.020536110665313294,0.0015256706593940253,0.06989947664494184,0.04647042762547703,0.01087978257108854,/common/users/shared/pracsys/adaptive_roa_experiments/quadrotor_stoch/q2d_nd_clf_dir00,0.9691038552244946,0.6713056308989389
clf,noisy_dynamics_f_0.150,clf_dir00,22,0.0005724449895521605,1.0,0.03270373466095602,50.0,0.026079478125162616,0.0007811484459736349,0.0007811484459736349,0.01575804066853103,0.018640077681232332,0.019765205461703593,0.023354387718783075,0.022959083609549003,0.022959083609549003,0.9640883805172691,0.9674690332625383,0.9890201734512463,-0.01214173739711032,0.007478182973682988,5.343179722631546e-05,0.007873487082917064,-0.0005040084133086167,0.7029515205847873,0.5237397778591482,0.17299843014128727,0.09116281480879762,0.18267882128800783,0.059337315600780045,0.0,20,479789,0.8332447786814894,0.8192058037418862,0.4791304347826087,0.6078957569251872,0.38491209185504127,0.10555555555555556,3.105099977783422e-06,1.266540503293315e-05,0.00025782270891604875,0.007478182973682987,0.05099533336529183,0.02183459812542597,0.002396886964894985,0.06989947664494184,0.04647042762547703,0.01087978257108854,/common/users/shared/pracsys/adaptive_roa_experiments/quadrotor_stoch/q2d_nd_clf_dir00,0.9691958649010183,0.6742821664461944
clf,noisy_dynamics_f_0.150,clf_dir00,23,0.0005671348494919481,1.0,0.031915538070000096,50.0,0.02644523793163988,0.0007339522632706347,0.0007339522632706347,0.01573683740426842,0.019201555149967423,0.019765205461703593,0.023354387718783075,0.022959083609549003,0.022959083609549003,0.9641925929940036,0.9666290807000577,0.9883302868552635,-0.011751799944252468,0.00755774883209789,5.3568123833449354e-05,0.007953052941331964,-0.00039844963645332444,0.7060333321926011,0.5070353151266973,0.08528018297663782,0.09037461821785005,0.18267882128800783,0.059337315600780045,0.0,20,479789,0.8283878739208994,0.8086025729156437,0.28967813540510545,0.6151713033366133,0.36930391101542875,0.05,3.998347916656237e-07,1.2665405054135027e-05,0.00022043614903399742,0.0075577488320979404,0.05190823466148661,0.02122391301176142,0.0018779088307568535,0.06989947664494184,0.04647042762547703,0.01087978257108854,/common/users/shared/pracsys/adaptive_roa_experiments/quadrotor_stoch/q2d_nd_clf_dir00,0.969257916465368,0.6708166161756335
clf,noisy_dynamics_f_0.150,clf_yield,0,0.0010239139209039323,1.0,0.04951982135215444,50.0,0.03433345054270788,0.0009981195681649348,0.0009981195681649348,0.011788294720865004,0.019689304072237145,0.019765205461703593,0.023354387718783075,0.022959083609549003,0.022959083609549003,0.948398150020113,0.9607285702673467,0.9892932101402908,-0.013313103777459919,0.01166121977317252,7.404016307713525e-05,0.012056523882406588,-0.0005076886836764168,0.5572128626104375,0.3697062955777079,0.11720226843100189,0.10797890150015833,0.18267882128800783,0.059337315600780045,0.0,20,479789,0.6961612369844036,0.7272966570150039,0.5692821368948247,0.46450189343113574,0.24784714747039827,0.06532567049808428,1.4819407467492213e-05,2.147186121762591e-05,0.0007329970756055778,0.011661219773172686,0.04663925183778703,0.01583612796458443,0.0012484654712800836,0.06989947664494184,0.04647042762547703,0.01087978257108854,/common/users/shared/pracsys/adaptive_roa_experiments/quadrotor_stoch/q2d_nd_clf_yield,0.9526418025051361,0.492086880666158
clf,noisy_dynamics_f_0.150,clf_yield,1,0.0008768223856315727,1.0,0.05660927107677413,50.0,0.030895629946673293,0.002280218496206144,0.002280218496206144,0.013968894496282597,0.014254611837779787,0.019765205461703593,0.023354387718783075,0.022959083609549003,0.022959083609549003,0.953414938650115,0.9620041309825778,0.9886679352798835,-0.019944590969909748,0.011145742534460417,7.40663259867791e-05,0.011541046643694486,-0.00012466507501213663,0.5733320607044001,0.38944336526224127,0.12938350680544436,0.11506835122453073,0.18267882128800783,0.059337315600780045,0.0,20,479789,0.7967423599320883,0.7688442211055276,0.39414634146341465,0.44777410024748787,0.2607642626480086,0.07739463601532567,1.8715671099302537e-07,1.5969571721209795e-05,0.00045773522299456175,0.011145742534460473,0.03928393522986146,0.015761094981335544,0.0021363557730585737,0.06989947664494184,0.04647042762547703,0.01087978257108854,/common/users/shared/pracsys/adaptive_roa_experiments/quadrotor_stoch/q2d_nd_clf_yield,0.9621247618870293,0.5145388760279288
clf,noisy_dynamics_f_0.150,clf_yield,2,0.0007408586511622782,1.0,0.046630680203763084,50.0,0.028695054169742797,0.0021630318520665347,0.0021630318520665347,0.015206183373884836,0.014821391178890971,0.019765205461703593,0.023354387718783075,0.022959083609549003,0.022959083609549003,0.9577209981887872,0.9636798676084696,0.9889993309558993,-0.019291963059534522,0.009520855180238772,6.405396393473279e-05,0.009916159289472844,-0.00039507690749193,0.6167072917257147,0.41758021390374334,0.11264290517821116,0.10508976035151246,0.18267882128800783,0.059337315600780045,0.0,20,479789,0.8417930465284226,0.819386149003148,0.46016483516483514,0.48659689298386855,0.2801847865087908,0.06417624521072797,4.4237040780171205e-06,5.79539262707297e-05,0.0004771601584395257,0.009520855180238862,0.040405261479525376,0.015890318452486406,0.00151733366125526,0.06989947664494184,0.04647042762547703,0.01087978257108854,/common/users/shared/pracsys/adaptive_roa_experiments/quadrotor_stoch/q2d_nd_clf_yield,0.9654333218713242,0.5853120559098048
clf,noisy_dynamics_f_0.150,clf_yield,3,0.0006153669291950903,1.0,0.04061554242607351,50.0,0.02639395904506236,0.0015660349654047735,0.0015660349654047735,0.015867705520823866,0.015787824846147012,0.019765205461703593,0.023354387718783075,0.022959083609549003,0.022959083609549003,0.9619374349974676,0.9671543115828,0.9891681551682093,-0.016505538719343495,0.008107930913964955,5.657145118933879e-05,0.008503235023199027,-0.0005494821401649565,0.6715822033593496,0.5030744489641471,0.15564581640942324,0.09907462257381792,0.18267882128800783,0.059337315600780045,0.0,20,479789,0.8460736780098781,0.8470850589359669,0.5122994652406417,0.5567582073530727,0.35777717976318624,0.0917624521072797,6.371835296990053e-06,1.5864083393625927e-05,0.00030041288429578103,0.008107930913964948,0.045997302981102106,0.01962737786818789,0.0019487733149363574,0.06989947664494184,0.04647042762547703,0.01087978257108854,/common/users/shared/pracsys/adaptive_roa_experiments/quadrotor_stoch/q2d_nd_clf_yield,0.9686738931317925,0.6468530255017342
clf,noisy_dynamics_f_0.150,clf_yield,4,0.0005548652442693178,1.0,0.03443937224663097,50.0,0.025498824669607647,0.0011068583487072467,0.0011068583487072467,0.016036675313921726,0.01747477325534781,0.019765205461703593,0.023354387718783075,0.022959083609549003,0.022959083609549003,0.9636861203570737,0.968773773471255,0.9896308585649108,-0.014130776869792742,0.0072710517581430914,5.125568544582005e-05,0.007666355867377163,-0.0007582148861914328,0.6977430043543882,0.5359023604485472,0.14415964218131774,0.09289845239441717,0.18267882128800783,0.059337315600780045,0.0,20,479789,0.8342321413755911,0.8662126977768877,0.7065767284991569,0.5996362226794287,0.38796196627197704,0.08026819923371648,1.1059260195040879e-07,2.5803806165292694e-05,0.0002844932198883634,0.007271051758143162,0.05024291928326827,0.020813315853427234,0.0012359599740719358,0.06989947664494184,0.04647042762547703,0.01087978257108854,/common/users/shared/pracsys/adaptive_roa_experiments/quadrotor_stoch/q2d_nd_clf_yield,0.9690871143799655,0.6833039209318024
clf,noisy_dynamics_f_0.150,clf_yield,5,0.0005253368284022427,1.0,0.033582258880011914,50.0,0.02544283959336238,0.0013244311711273393,0.0013244311711273393,0.01634006061373918,0.017152214215246202,0.019765205461703593,0.023354387718783075,0.022959083609549003,0.022959083609549003,0.9638049225805511,0.9682568795866516,0.989589173574217,-0.01512797944128455,0.007192108292742656,4.993488560347217e-05,0.007587412401976728,-0.0007513458741945055,0.6936348881518595,0.5160470289164284,0.14042333505420754,0.09204133902778901,0.18267882128800783,0.059337315600780045,0.0,20,479789,0.8493109258219208,0.8851100937431873,0.6903553299492385,0.5861883889435549,0.3641908862576247,0.07816091954022988,5.104273936172742e-08,1.5285599012050133e-05,0.00025596024809448507,0.007192108292742696,0.04824412397949932,0.019120905231257906,0.0012317914750025532,0.06989947664494184,0.04647042762547703,0.01087978257108854,/common/users/shared/pracsys/adaptive_roa_experiments/quadrotor_stoch/q2d_nd_clf_yield,0.9705078443654878,0.686742362410695
clf,noisy_dynamics_f_0.150,clf_yield,6,0.0005220001121728112,1.0,0.033053667102400354,50.0,0.024897151690079597,0.001442225988545312,0.001442225988545312,0.01657788007432394,0.01706735474176994,0.019765205461703593,0.023354387718783075,0.022959083609549003,0.022959083609549003,0.96529724524739,0.9684236195494269,0.9894432761067886,-0.0157382488225757,0.006986332502745265,4.949899972054422e-05,0.007381636611979338,-0.0008370970210251098,0.7045986800085161,0.5131748071979435,0.09050098760998383,0.09151274725017454,0.18267882128800783,0.059337315600780045,0.0,20,479789,0.8698909186489683,0.904918404351768,0.7220630372492837,0.5920923159495483,0.35813598851811984,0.04827586206896552,2.24025781876406e-28,1.0804046450557561e-05,0.00024254639370736587,0.006986332502745273,0.04757716412839811,0.018391417894115955,0.0007274030876072607,0.06989947664494184,0.04647042762547703,0.01087978257108854,/common/users/shared/pracsys/adaptive_roa_experiments/quadrotor_stoch/q2d_nd_clf_yield,0.9710232513401771,0.6957050803264835
clf,noisy_dynamics_f_0.150,clf_yield,7,0.0004633121850161129,1.0,0.030160430842048436,50.0,0.023632755893956893,0.0011082442474012986,0.0011082442474012986,0.016897247359215745,0.01782398278417877,0.019765205461703593,0.023354387718783075,0.022959083609549003,0.022959083609549003,0.9680255278883009,0.9705933233150406,0.9895808365760782,-0.014015331061851464,0.006234707235706,4.550359904449556e-05,0.006630011344940068,-0.0009353732620285618,0.7356777339375248,0.557058989734091,0.11033991813489946,0.08861951098982923,0.18267882128800783,0.059337315600780045,0.0,20,479789,0.871316627214105,0.9283247881134247,0.7769423558897243,0.6365804931866297,0.397918909221385,0.05938697318007663,7.656410904254704e-08,9.555200804505908e-06,0.00016215969218856286,0.006234707235706013,0.05106828209900602,0.01991917280304467,0.0008316155643418253,0.06989947664494184,0.04647042762547703,0.01087978257108854,/common/users/shared/pracsys/adaptive_roa_experiments/quadrotor_stoch/q2d_nd_clf_yield,0.972352211922332,0.7284426790835459
clf,noisy_dynamics_f_0.150,clf_yield,8,0.00048029050425951855,1.0,0.031632122875029235,50.0,0.02413765416976084,0.0015351850783962256,0.0015351850783962256,0.016916003791420036,0.01696153664545153,0.019765205461703593,0.023354387718783075,0.022959083609549003,0.022959083609549003,0.966560300465413,0.9691218431435485,0.989393254117956,-0.01594559748907512,0.0066804536013527396,4.8421841960936466e-05,0.0070757577105868144,-0.0008978112951724499,0.7153805215540181,0.5224202959285644,0.06020313942751616,0.09009120302279298,0.18267882128800783,0.059337315600780045,0.0,20,479789,0.8830639863355669,0.9287106017191977,0.8358974358974359,0.6012165667769925,0.36342841765339073,0.03122605363984674,3.848725081608102e-27,6.921395450607623e-06,0.00014353905035029298,0.006680453601352672,0.047589669625606255,0.018185077190181517,0.00040642865926480184,0.06989947664494184,0.04647042762547703,0.01087978257108854,/common/users/shared/pracsys/adaptive_roa_experiments/quadrotor_stoch/q2d_nd_clf_yield,0.9728649605257675,0.7090278638745735
clf,noisy_dynamics_f_0.150,clf_yield,9,0.00041177342072051397,1.0,0.025760516303002495,50.0,0.022511643239660085,0.0009136589416195434,0.0009136589416195434,0.017299648080248423,0.018857663947428667,0.019765205461703593,0.023354387718783075,0.022959083609549003,0.022959083609549003,0.9699993121976536,0.9715520781009985,0.9894682871012049,-0.012350904280974729,0.005648967346217913,4.256464544711443e-05,0.006044271455451983,-0.0009241271247022132,0.7566525781910398,0.5787215654804161,0.09460670130800931,0.08421959645080486,0.18267882128800783,0.059337315600780045,0.0,20,479789,0.8736969507671886,0.9279421953875087,0.7313019390581718,0.6672630229298984,0.42047900968783636,0.05057471264367816,5.104273936066289e-08,8.350592126205682e-06,0.00015114224548883073,0.005648967346217896,0.05338388333204805,0.021057173048986116,0.0007524140820235562,0.06989947664494184,0.04647042762547703,0.01087978257108854,/common/users/shared/pracsys/adaptive_roa_experiments/quadrotor_stoch/q2d_nd_clf_yield,0.9736764192070089,0.7539550165726812
clf,noisy_dynamics_f_0.150,clf_yield,10,0.0004064823322145916,1.0,0.025481148889730243,50.0,0.022283366181046017,0.0008336304935958835,0.0008336304935958835,0.017292898435096852,0.018949053639850277,0.019765205461703593,0.023354387718783075,0.022959083609549003,0.022959083609549003,0.9702931913820451,0.972237796197912,0.989393254117956,-0.011929749548764652,0.0055604921775942425,4.232238287787342e-05,0.005955796286828314,-0.0009393234904537945,0.7604578074318079,0.5940509569669633,0.09303154517911245,0.08394022903753097,0.18267882128800783,0.059337315600780045,0.0,20,479789,0.8713603450932059,0.9267782426778243,0.6675191815856778,0.6745982049676477,0.43711876569788305,0.05,5.104273936045423e-08,1.1314473774535292e-05,0.000131257942290326,0.005560492177594332,0.05411545491872469,0.02191796810681362,0.000814941568064295,0.06989947664494184,0.04647042762547703,0.01087978257108854,/common/users/shared/pracsys/adaptive_roa_experiments/quadrotor_stoch/q2d_nd_clf_yield,0.9739118593582642,0.7578086184902626
clf,noisy_dynamics_f_0.150,clf_yield,11,0.0003821585250907294,1.0,0.024350019957607986,50.0,0.022543336838528216,0.0009667580946746752,0.0009667580946746752,0.017496924761221996,0.01918686688548224,0.019765205461703593,0.023354387718783075,0.022959083609549003,0.022959083609549003,0.9709705724808197,0.9707809057731628,0.9893036313879643,-0.01232957445115064,0.005531530143967842,4.085443495843139e-05,0.005926834253201913,-0.0008973867990338426,0.76539549925886,0.5607945111062377,0.04786641929499072,0.08280910010541719,0.18267882128800783,0.059337315600780045,0.0,20,479789,0.8795633153962293,0.9300633897952821,0.7588235294117647,0.6774607150311596,0.4014172945819878,0.02471264367816092,4.812086078559307e-25,8.289340759521101e-06,0.00010599029629183955,0.005531530143967834,0.05383824973061075,0.020056733272334298,0.00035432242089751954,0.06989947664494184,0.04647042762547703,0.01087978257108854,/common/users/shared/pracsys/adaptive_roa_experiments/quadrotor_stoch/q2d_nd_clf_yield,0.9746537543347915,0.7590700814527631
clf,noisy_dynamics_f_0.150,clf_yield,12,0.00036247151413863434,1.0,0.0227138277149639,50.0,0.022013646647510907,0.0008502395718632144,0.0008502395718632144,0.017665324239713804,0.019649061757348353,0.019765205461703593,0.023354387718783075,0.022959083609549003,0.022959083609549003,0.9715875103430883,0.9721794372109407,0.9893578218758663,-0.01140372283129837,0.005202263872648026,3.8931341909476565e-05,0.005597567981882099,-0.0009417350690503878,0.7731327386499801,0.589620611203345,0.05584319526627218,0.0811729078627876,0.18267882128800783,0.059337315600780045,0.0,20,479789,0.8748446386200143,0.9373411534701858,0.8031914893617021,0.6926081641172437,0.4300771438823107,0.028927203065134098,3.4752670253330995e-25,8.912062112221847e-06,0.00011064508213374011,0.005202263872648041,0.05533890939558848,0.02132187273989191,0.00039183891252196276,0.06989947664494184,0.04647042762547703,0.01087978257108854,/common/users/shared/pracsys/adaptive_roa_experiments/quadrotor_stoch/q2d_nd_clf_yield,0.9751955083299033,0.7734115193306612
clf,noisy_dynamics_f_0.150,clf_yield,13,0.00034556783861383324,1.0,0.02222818560962023,50.0,0.02197533781175606,0.0009277623615247976,0.0009277623615247976,0.017879094968740395,0.01969375258020315,0.019765205461703593,0.023354387718783075,0.022959083609549003,0.022959083609549003,0.9723440929241812,0.9716521220786637,0.9893494848777274,-0.011599401182550203,0.005100666760444843,3.754527521903926e-05,0.005495970869678918,-0.0009070842418885611,0.7782920349546358,0.576490736416005,0.05789085545722714,0.08068726575744582,0.18267882128800783,0.059337315600780045,0.0,20,479789,0.8851474612344178,0.9427640289235156,0.7696078431372549,0.6944568685332617,0.41518658055256547,0.03007662835249042,2.5521369669118123e-08,8.34038324008942e-06,0.00010263792463865701,0.005100666760444866,0.05484077375679726,0.02046524618113379,0.00042518690507702345,0.06989947664494184,0.04647042762547703,0.01087978257108854,/common/users/shared/pracsys/adaptive_roa_experiments/quadrotor_stoch/q2d_nd_clf_yield,0.9756684347666456,0.7778366572817652
clf,noisy_dynamics_f_0.150,clf_yield,14,0.0003191561833378434,1.0,0.020480047327427347,50.0,0.021689495934928874,0.0007065533310738076,0.0007065533310738076,0.017864450436304566,0.020446816131425703,0.019765205461703593,0.023354387718783075,0.022959083609549003,0.022959083609549003,0.9725254226336993,0.9719626752593328,0.9893744958721438,-0.010027658816902655,0.004940231075639195,3.6099335083049904e-05,0.0053355351848732675,-0.000860955428679048,0.7849802629432681,0.5912736995624697,0.06424375917767988,0.07893912747525533,0.18267882128800783,0.059337315600780045,0.0,20,479789,0.8665058158378047,0.9165410700828938,0.7675438596491229,0.7174762202940036,0.4364011481880158,0.033524904214559385,5.180838045188809e-06,1.115113707367458e-05,8.025867723574816e-05,0.004940231075639176,0.05787752532884247,0.02212639306028275,0.00047520889390961443,0.06989947664494184,0.04647042762547703,0.01087978257108854,/common/users/shared/pracsys/adaptive_roa_experiments/quadrotor_stoch/q2d_nd_clf_yield,0.9762123560173158,0.7848245531200346
clf,noisy_dynamics_f_0.150,clf_yield,15,0.0002993302075734021,1.0,0.019441818813514807,50.0,0.021017134044881876,0.0004950425091018039,0.0004950425091018039,0.017940200492551867,0.020621641080741694,0.019765205461703593,0.023354387718783075,0.022959083609549003,0.022959083609549003,0.9737051078703347,0.9743199614830687,0.9893807486207479,-0.008567193036652184,0.00459080108020285,3.4632828809385716e-05,0.00498610518943692,-0.0009231245458960913,0.795586376745844,0.6402102496714849,0.12291272163883628,0.07790089896136428,0.18267882128800783,0.059337315600780045,0.0,20,479789,0.8711898087363826,0.9173989455184535,0.6061120543293718,0.7320571309300176,0.49165769644779334,0.06839080459770115,3.1476355909391874e-07,1.1647951695304688e-05,3.8833065018018434e-05,0.004590801080202873,0.05873623613713528,0.02490469769002624,0.0012276229759331707,0.06989947664494184,0.04647042762547703,0.01087978257108854,/common/users/shared/pracsys/adaptive_roa_experiments/quadrotor_stoch/q2d_nd_clf_yield,0.9765131811240122,0.8000442370315917
clf,noisy_dynamics_f_0.150,clf_yield,16,0.00029576639079955584,1.0,0.019304476127452667,50.0,0.02145211131761469,0.0005220737293356764,0.0005220737293356764,0.01794070850154718,0.02132783133971981,0.019765205461703593,0.023354387718783075,0.022959083609549003,0.022959083609549003,0.9737509613600979,0.9727546900825155,0.9893786643712131,-0.008377339660986726,0.004660963013204636,3.390977959524282e-05,0.005056267122438706,-0.000879485824132868,0.798888569512312,0.6101866762092204,0.0693937180423667,0.07776355627530326,0.18267882128800783,0.059337315600780045,0.0,20,479789,0.8600309437854564,0.9103933084178679,0.7421875,0.7458627784238304,0.45887154646573375,0.03639846743295019,2.552136966859604e-08,1.0739391587483217e-05,3.439646898900292e-05,0.004660963013204672,0.06062039771649621,0.023422796270860732,0.0005335678808809706,0.06989947664494184,0.04647042762547703,0.01087978257108854,/common/users/shared/pracsys/adaptive_roa_experiments/quadrotor_stoch/q2d_nd_clf_yield,0.9765045975648002,0.7969882817419561
clf,noisy_dynamics_f_0.150,clf_yield,17,0.0002757695134693493,1.0,0.01844225855815541,50.0,0.021135268470921894,0.0007102368881894536,0.0007102368881894536,0.01820763548292134,0.020690059187310296,0.019765205461703593,0.023354387718783075,0.022959083609549003,0.022959083609549003,0.9738405840900896,0.9728109648199521,0.9894161808628377,-0.009586370486584438,0.004555674365971809,3.302307908309695e-05,0.004950978475205879,-0.000906010648845307,0.7953296479298141,0.6061411189275686,0.07806826434277415,0.07690133870599733,0.18267882128800783,0.059337315600780045,0.0,20,479789,0.877636219678975,0.92729792147806,0.7465277777777778,0.7271371917583564,0.4502152852529602,0.04118773946360153,4.221348408078831e-23,8.285936987390279e-06,2.482051562376978e-05,0.004555674365971789,0.05791295757093222,0.022562001213033228,0.000600263865991092,0.06989947664494184,0.04647042762547703,0.01087978257108854,/common/users/shared/pracsys/adaptive_roa_experiments/quadrotor_stoch/q2d_nd_clf_yield,0.9774897909625807,0.8015742072528957
clf,noisy_dynamics_f_0.150,clf_yield,18,0.00029623945743787833,1.0,0.019187156702685015,50.0,0.021604649344891324,0.0006842258585290278,0.0006842258585290278,0.018052137341336982,0.020929041701466287,0.019765205461703593,0.023354387718783075,0.022959083609549003,0.022959083609549003,0.9734716719224492,0.97269007834694,0.9893890856188866,-0.009401954014488168,0.004686227582871098,3.399310810133091e-05,0.00508153169210517,-0.0009049445438699521,0.792223056580365,0.6023730768063605,0.08877751924109538,0.07764623685054367,0.18267882128800783,0.059337315600780045,0.0,20,479789,0.875329172829263,0.9313127521816646,0.6757493188010899,0.7235292363658049,0.4451471115895228,0.0475095785440613,2.5521369656225127e-08,1.0885713431264012e-05,2.8892733775937622e-05,0.004686227582871105,0.05777748135117729,0.02221184729120509,0.0007649195792317039,0.06989947664494184,0.04647042762547703,0.01087978257108854,/common/users/shared/pracsys/adaptive_roa_experiments/quadrotor_stoch/q2d_nd_clf_yield,0.9768641581990732,0.7958878645782695
clf,noisy_dynamics_f_0.150,clf_yield,19,0.0002587832003878141,1.0,0.01750403995457954,50.0,0.02022191689611715,0.000534781847433664,0.000534781847433664,0.018310552549675056,0.02095891299668789,0.019765205461703593,0.023354387718783075,0.022959083609549003,0.022959083609549003,0.9753329067569285,0.9749765000864964,0.9893995068665601,-0.008411948699020717,0.004232388642901653,3.2002513859678654e-05,0.004627692752135725,-0.0009509242644059569,0.810126582278481,0.6497053159829608,0.0816179126038281,0.07596312010241126,0.18267882128800783,0.059337315600780045,0.0,20,479789,0.8768493436132527,0.9295374853898815,0.710691823899371,0.7528401467036407,0.4993720846788662,0.043295019157088124,2.0695171882644755e-24,8.285937880006145e-06,2.5089492998481092e-05,0.004232388642901701,0.06001388110190104,0.02496514092653229,0.0006627913520318307,0.06989947664494184,0.04647042762547703,0.01087978257108854,/common/users/shared/pracsys/adaptive_roa_experiments/quadrotor_stoch/q2d_nd_clf_yield,0.977809698716131,0.8156551578939613
clf,noisy_dynamics_f_0.150,clf_yield,20,0.0002545126364462669,1.0,0.016933288982279388,50.0,0.02027097032018616,0.0004885175264204974,0.0004885175264204974,0.018345148562374063,0.021663649204167516,0.019765205461703593,0.023354387718783075,0.022959083609549003,0.022959083609549003,0.9753870972448305,0.9750744598146268,0.9893515691272622,-0.007621420628458995,0.004146250706619529,3.108122732120381e-05,0.004541554815853601,-0.0009562018669759097,0.8129445122047805,0.6518992868578082,0.05650969529085872,0.07539236913013056,0.18267882128800783,0.059337315600780045,0.0,20,479789,0.8671014394809758,0.9286010448627581,0.7846153846153846,0.7651549035393744,0.5022425547183351,0.029310344827586206,1.276068483641331e-07,1.114773373770447e-05,1.9110327596034584e-05,0.0041462507066194944,0.06168128072965408,0.025133965138842283,0.00040642865926480184,0.06989947664494184,0.04647042762547703,0.01087978257108854,/common/users/shared/pracsys/adaptive_roa_experiments/quadrotor_stoch/q2d_nd_clf_yield,0.9779216142767224,0.8194069599147658
clf,noisy_dynamics_f_0.150,clf_yield,21,0.0002455069557365093,1.0,0.016617601715076934,50.0,0.02018526987977082,0.0005974566239297909,0.0005974566239297909,0.018512739607520243,0.02150270071914884,0.019765205461703593,0.023354387718783075,0.022959083609549003,0.022959083609549003,0.975931086373385,0.9740886097847179,0.9892119244084379,-0.008229954363848452,0.004130576342285888,3.0424532497216178e-05,0.0045258804515199615,-0.0009132242836726607,0.8163077020965227,0.6307911617961511,0.033607169529499624,0.0750766818629109,0.18267882128800783,0.059337315600780045,0.0,20,479789,0.8748678782092809,0.9335443037974683,0.6617647058823529,0.7650952679130513,0.47631862217438103,0.017241379310344827,1.1569687588653465e-05,1.1644550245586385e-05,1.7183964566016857e-05,0.004130576342285858,0.06112895460296088,0.02371042270664813,0.00028345793671801563,0.06989947664494184,0.04647042762547703,0.01087978257108854,/common/users/shared/pracsys/adaptive_roa_experiments/quadrotor_stoch/q2d_nd_clf_yield,0.97826852813869,0.8200896685367737
clf,noisy_dynamics_f_0.150,clf_yield,22,0.0002937102899680581,1.0,0.019043662973680413,50.0,0.021953483995918593,0.000529961265154147,0.000529961265154147,0.017879314584868387,0.02194061877883186,0.019765205461703593,0.023354387718783075,0.022959083609549003,0.022959083609549003,0.9733320272036249,0.9730131370248172,0.9891806606654175,-0.008030872355473128,0.004706827488652052,3.354296978997691e-05,0.005102131597886126,-0.0009029028011827102,0.797229837878956,0.6128685044549423,0.011802779364172853,0.0775027431215511,0.18267882128800783,0.059337315600780045,0.0,20,479789,0.8507982681639832,0.9191928251121076,0.9393939393939394,0.7500074544532904,0.4596788661643344,0.0059386973180076625,2.2413733562879156e-22,8.64663830759798e-06,2.0011972012109496e-05,0.004706827488652073,0.061618753243613336,0.0232393823118079,6.878023464481262e-05,0.06989947664494184,0.04647042762547703,0.01087978257108854,/common/users/shared/pracsys/adaptive_roa_experiments/quadrotor_stoch/q2d_nd_clf_yield,0.9765385058704091,0.7949906203270928
clf,noisy_dynamics_f_0.150,clf_yield,23,0.0002409732492543586,1.0,0.0167258420491943,50.0,0.01940218070661593,0.00041334700701831496,0.00041334700701831496,0.01847634746612375,0.020880375627031555,0.019765205461703593,0.023354387718783075,0.022959083609549003,0.022959083609549003,0.9759560973678013,0.9769690426416612,0.989082700937287,-0.007645471236958884,0.003937200592011271,3.0414969574558533e-05,0.004332504701245342,-0.0009588825584322964,0.8173585383616732,0.6881878209831255,0.0673076923076923,0.07518492219700228,0.18267882128800783,0.059337315600780045,0.0,20,479789,0.8713248945147679,0.9278648607517882,0.4772727272727273,0.769687211139935,0.5469142447075709,0.03620689655172414,5.1297953058500965e-06,1.180788701160576e-05,1.7580187396424537e-05,0.0039372005920112405,0.061745892465229504,0.027391207384912953,0.0008253628157377514,0.06989947664494184,0.04647042762547703,0.01087978257108854,/common/users/shared/pracsys/adaptive_roa_experiments/quadrotor_stoch/q2d_nd_clf_yield,0.9782142039263838,0.8285122934796172
clf,noisy_dynamics_f_0.150,clf_epi_var,0,0.0010239139209039323,1.0,0.04951982135215444,50.0,0.03433345054270788,0.0009981195681649348,0.0009981195681649348,0.011788294720865004,0.019689304072237145,0.019765205461703593,0.023354387718783075,0.022959083609549003,0.022959083609549003,0.948398150020113,0.9607285702673467,0.9892932101402908,-0.013313103777459919,0.01166121977317252,7.404016307713525e-05,0.012056523882406588,-0.0005076886836764168,0.5572128626104375,0.3697062955777079,0.11720226843100189,0.10797890150015833,0.18267882128800783,0.059337315600780045,0.0,20,479789,0.6961612369844036,0.7272966570150039,0.5692821368948247,0.46450189343113574,0.24784714747039827,0.06532567049808428,1.4819407467492213e-05,2.147186121762591e-05,0.0007329970756055778,0.011661219773172686,0.04663925183778703,0.01583612796458443,0.0012484654712800836,0.06989947664494184,0.04647042762547703,0.01087978257108854,/common/users/shared/pracsys/adaptive_roa_experiments/quadrotor_stoch/q2d_nd_clf_epi_var,0.9526418025051361,0.492086880666158
clf,noisy_dynamics_f_0.150,clf_epi_var,1,0.0008931689803823238,1.0,0.0528025053590215,50.0,0.030777531901665427,0.002080004031897924,0.002080004031897924,0.013795233772732418,0.015274434629001275,0.019765205461703593,0.023354387718783075,0.022959083609549003,0.022959083609549003,0.9540172867656407,0.9623021786660386,0.9891181331793768,-0.019818317466931894,0.01079104320267521,7.180844196046889e-05,0.011186347311909277,-0.00045281066603930324,0.5778738711158733,0.3755135862997617,0.03296906834599,0.11126158550680808,0.18267882128800783,0.059337315600780045,0.0,20,479789,0.806375821007102,0.815659217039148,0.4972067039106145,0.4502787965530608,0.24390025116612846,0.017049808429118775,4.2535616134564956e-08,2.8413791551663676e-05,0.0006071128487804229,0.010791043202675378,0.03903174103616382,0.01389569164778684,0.00037308066670974115,0.06989947664494184,0.04647042762547703,0.01087978257108854,/common/users/shared/pracsys/adaptive_roa_experiments/quadrotor_stoch/q2d_nd_clf_epi_var,0.9606923532121585,0.5299880698118515
clf,noisy_dynamics_f_0.150,clf_epi_var,2,0.0007310809651553255,1.0,0.04273841532230327,50.0,0.027698631066376152,0.0015117063260319064,0.0015117063260319064,0.015098866682258513,0.01621144552424218,0.019765205461703593,0.023354387718783075,0.022959083609549003,0.022959083609549003,0.9601283064013556,0.9652472232585574,0.9891848291644869,-0.01671563436011286,0.008841801644433803,6.132477540938814e-05,0.009237105753667872,-0.0005301216088885972,0.6507977072761126,0.46084200995925756,0.14752751766058816,0.1011974954700794,0.18267882128800783,0.059337315600780045,0.0,20,479789,0.8390680160037656,0.8257242178447277,0.5178777393310265,0.5315323374183737,0.31960889845712237,0.08601532567049809,1.7864958776607498e-07,7.834039637008644e-05,0.0005589623864401542,0.008841801644433803,0.04427988136451649,0.017987073484385843,0.0018070443465773496,0.06989947664494184,0.04647042762547703,0.01087978257108854,/common/users/shared/pracsys/adaptive_roa_experiments/quadrotor_stoch/q2d_nd_clf_epi_var,0.9647054686492784,0.6148887388189843
clf,noisy_dynamics_f_0.150,clf_epi_var,3,0.0006060780177132043,1.0,0.03692502794383532,50.0,0.026011121050294458,0.0016100584187156886,0.0016100584187156886,0.0160564989575714,0.016585925125141635,0.019765205461703593,0.023354387718783075,0.022959083609549003,0.022959083609549003,0.9634922851503473,0.9666124067037802,0.9895308145872457,-0.01684920371156567,0.007773257481763006,5.532141059584041e-05,0.008168561590997079,-0.0007393855889302851,0.6808076390407463,0.47116305173153733,0.13679326344732773,0.09538410809161607,0.18267882128800783,0.059337315600780045,0.0,20,479789,0.8753924738741272,0.8925578486554097,0.664440734557596,0.5569967498583653,0.32005740940078936,0.07624521072796935,2.552136968085677e-08,1.5853874844654875e-05,0.00035692534256473235,0.007773257481763067,0.04447580082077747,0.016663575029856874,0.0012484654712800836,0.06989947664494184,0.04647042762547703,0.01087978257108854,/common/users/shared/pracsys/adaptive_roa_experiments/quadrotor_stoch/q2d_nd_clf_epi_var,0.9688882993182972,0.6614299763022772
clf,noisy_dynamics_f_0.150,clf_epi_var,4,0.0005771565759834528,1.0,0.03421224548630467,50.0,0.02437168016234947,0.0013320478596104337,0.0013320478596104337,0.016495943094934896,0.01673601950267524,0.019765205461703593,0.023354387718783075,0.022959083609549003,0.022959083609549003,0.9659204358582627,0.9692614878623729,0.9896871333023475,-0.015448227343458493,0.0069780539432015565,5.170866457410417e-05,0.007373358052435628,-0.0008171344310229861,0.7071654995791322,0.5318095238095237,0.2029639175257732,0.09267132563407794,0.18267882128800783,0.059337315600780045,0.0,20,479789,0.8853363228699551,0.910039113428944,0.6376518218623481,0.5886930852491278,0.3756727664155005,0.1206896551724138,2.2969232712781072e-07,3.3899184633018627e-05,0.0004655865086801272,0.006978053943201537,0.0464787646236158,0.019183432717298644,0.002059238540274996,0.06989947664494184,0.04647042762547703,0.01087978257108854,/common/users/shared/pracsys/adaptive_roa_experiments/quadrotor_stoch/q2d_nd_clf_epi_var,0.969193439189315,0.6960656591581345
clf,noisy_dynamics_f_0.150,clf_epi_var,5,0.0005266916747341235,1.0,0.030964413791149167,50.0,0.024645540588674766,0.0009575494466628972,0.0009575494466628972,0.016396631419741414,0.018229978609806973,0.019765205461703593,0.023354387718783075,0.022959083609549003,0.022959083609549003,0.9662622527819521,0.9685069895308146,0.9893098841365684,-0.013127613908877452,0.006800011230746272,4.938863078838197e-05,0.007195315339980346,-0.000719990405724214,0.7196133792936203,0.5275467450440873,0.1836702212318956,0.08942349393896111,0.18267882128800783,0.059337315600780045,0.0,20,479789,0.8585599735471604,0.8709477596531076,0.5428033866415805,0.6193756149923965,0.3783638320775027,0.11053639846743295,2.5765416347649235e-28,1.912061013713543e-05,0.00031647571363989846,0.00680001123074628,0.050426333242321104,0.020188040993019848,0.002215557255376843,0.06989947664494184,0.04647042762547703,0.01087978257108854,/common/users/shared/pracsys/adaptive_roa_experiments/quadrotor_stoch/q2d_nd_clf_epi_var,0.9699939395339773,0.7038204422097207
clf,noisy_dynamics_f_0.150,clf_epi_var,6,0.0004831199273495391,1.0,0.029765561858927994,50.0,0.023543543869375776,0.0009370851143129774,0.0009370851143129774,0.016799266587100375,0.01808665535091835,0.019765205461703593,0.023354387718783075,0.022959083609549003,0.022959083609549003,0.9682568795866516,0.97009101917718,0.98950163509376,-0.012990731851615863,0.006294731665773438,4.664602185520355e-05,0.006690035775007508,-0.0008021704709881682,0.7395245425004275,0.5591126950964729,0.16730038022813687,0.08822464200671151,0.18267882128800783,0.059337315600780045,0.0,20,479789,0.8671238920306421,0.8875341396800625,0.6103739445114595,0.6446611205534186,0.4081001076426265,0.09693486590038314,1.8715671099303072e-07,1.3298335027781949e-05,0.0002641542493808501,0.006294731665773463,0.051966593648457966,0.021367726229655118,0.0017278428642590806,0.06989947664494184,0.04647042762547703,0.01087978257108854,/common/users/shared/pracsys/adaptive_roa_experiments/quadrotor_stoch/q2d_nd_clf_epi_var,0.9715709366716937,0.7258282702905716
clf,noisy_dynamics_f_0.150,clf_epi_var,7,0.0004541180697766675,1.0,0.028913057979998744,50.0,0.023404880312282137,0.000991162011168342,0.000991162011168342,0.01685250655375925,0.01816912824486126,0.019765205461703593,0.023354387718783075,0.022959083609549003,0.022959083609549003,0.9680797183762029,0.9700764294304371,0.9894620343526008,-0.01308993271880294,0.0062544937325394595,4.618514522389557e-05,0.006649797841773532,-0.0008432453344186346,0.7390659874260984,0.5572243639167309,0.11885674451028232,0.0873721381277752,0.18267882128800783,0.059337315600780045,0.0,20,479789,0.8621799968198441,0.8918945601737586,0.6583011583011583,0.6467185496615678,0.4051847865087908,0.06532567049808428,2.933965333433741e-29,1.2781101934061511e-05,0.00015361821759465226,0.006254493732539484,0.05243138129469413,0.02111136353688809,0.001079641258970089,0.06989947664494184,0.04647042762547703,0.01087978257108854,/common/users/shared/pracsys/adaptive_roa_experiments/quadrotor_stoch/q2d_nd_clf_epi_var,0.9726155740881199,0.7275808634653811
clf,noisy_dynamics_f_0.150,clf_epi_var,8,0.0004309447548963199,1.0,0.027124516817351382,50.0,0.023659278585376118,0.0011964661857707475,0.0011964661857707475,0.017144763437006442,0.018320073035760488,0.019765205461703593,0.023354387718783075,0.022959083609549003,0.022959083609549003,0.9684632202905861,0.9689988724210017,0.9895370673358497,-0.013840985197443718,0.006201063398634004,4.472478503796389e-05,0.006596367507868075,-0.0008097229596793045,0.7383221209553292,0.5250957854406131,0.11118980169971672,0.08558359696514899,0.18267882128800783,0.059337315600780045,0.0,20,479789,0.8789426006752862,0.9112367021276596,0.7336448598130841,0.6364910397471449,0.36881054897739507,0.06015325670498084,1.0208547872293106e-07,1.1879346868121551e-05,0.00011487460718627311,0.006201063398634046,0.050618084199512706,0.018808267801054213,0.0008920588008478728,0.06989947664494184,0.04647042762547703,0.01087978257108854,/common/users/shared/pracsys/adaptive_roa_experiments/quadrotor_stoch/q2d_nd_clf_epi_var,0.973712767021966,0.7299080614848714
clf,noisy_dynamics_f_0.150,clf_epi_var,9,0.0003783799267931078,1.0,0.023758076091961556,50.0,0.022255330402882797,0.0006227189194344751,0.0006227189194344751,0.01728486957825634,0.019725332649755904,0.019765205461703593,0.023354387718783075,0.022959083609549003,0.022959083609549003,0.9708309277619954,0.9721002357286224,0.9896100160695639,-0.01030957695606828,0.0053967544139753255,4.050730178403853e-05,0.0057920585232093995,-0.0009001785367518103,0.7694208748661339,0.5988372093023255,0.15148936170212765,0.08221715623977986,0.18267882128800783,0.059337315600780045,0.0,20,479789,0.8597834892112821,0.9023663294797688,0.6793893129770993,0.6962459373229567,0.44810728381772513,0.08524904214559387,5.10427393615038e-08,1.2593945205637686e-05,0.00011300851025112732,0.005396754413975354,0.05660404886314609,0.023076810848101977,0.0013651834452227958,0.06989947664494184,0.04647042762547703,0.01087978257108854,/common/users/shared/pracsys/adaptive_roa_experiments/quadrotor_stoch/q2d_nd_clf_epi_var,0.9743281496593348,0.7649403388325682
clf,noisy_dynamics_f_0.150,clf_epi_var,10,0.00034781708168557925,1.0,0.022693571595859597,50.0,0.022148257080110968,0.000768326632856892,0.000768326632856892,0.017594291011189398,0.019607857964646654,0.019765205461703593,0.023354387718783075,0.022959083609549003,0.022959083609549003,0.9715333198551863,0.9713832538886886,0.9894641186021356,-0.011000430224524405,0.005308210408055619,3.9169811953266324e-05,0.005703514517289691,-0.0008249088231608781,0.7738666843272957,0.5806609248060595,0.12709376618891383,0.08115265174367087,0.18267882128800783,0.059337315600780045,0.0,20,479789,0.8700346226871672,0.910013402259238,0.6444833625218914,0.6968422935861884,0.42635450304987443,0.07049808429118774,1.871567109929258e-07,1.1807887033497023e-05,7.114062707186271e-05,0.005308210408055682,0.05598502675134278,0.02177207063938523,0.0011901064843087275,0.06989947664494184,0.04647042762547703,0.01087978257108854,/common/users/shared/pracsys/adaptive_roa_experiments/quadrotor_stoch/q2d_nd_clf_epi_var,0.9753470094118875,0.7687969390098889
clf,noisy_dynamics_f_0.150,clf_epi_var,11,0.00035961874798906936,1.0,0.023257257301797698,50.0,0.02204643859542571,0.0009342162261206557,0.0009342162261206557,0.017734042012372952,0.01926573117315883,0.019765205461703593,0.023354387718783075,0.022959083609549003,0.022959083609549003,0.9722482174455854,0.9713540743952029,0.9894912138460865,-0.012002360338392522,0.005289037550408358,3.9251589205054823e-05,0.00568434165964243,-0.0008702202728883487,0.7771287012704418,0.5734591273043262,0.09153153153153153,0.08171633744960122,0.18267882128800783,0.059337315600780045,0.0,20,479789,0.8858276730519729,0.9307878299415676,0.7696969696969697,0.6921907147329814,0.4143792608539648,0.04865900383141762,1.0208547872205178e-07,1.1807887030409711e-05,9.306094857211405e-05,0.005289037550408364,0.054619843306119985,0.020688260881345757,0.0006878023464481262,0.06989947664494184,0.04647042762547703,0.01087978257108854,/common/users/shared/pracsys/adaptive_roa_experiments/quadrotor_stoch/q2d_nd_clf_epi_var,0.9754072937912616,0.7696320271159005
clf,noisy_dynamics_f_0.150,clf_epi_var,12,0.00036681021152345914,1.0,0.023592378657276526,50.0,0.022494671232570543,0.0010282899697673371,0.0010282899697673371,0.01764969671509951,0.019022940799721583,0.019765205461703593,0.023354387718783075,0.022959083609549003,0.022959083609549003,0.9713895066372926,0.9702348323950737,0.9894932980956213,-0.012507594065860975,0.005504927129232848,4.027301589894888e-05,0.005900231238466921,-0.0008327497349839815,0.7680035153543241,0.5502188907435986,0.12800553537450268,0.08205145880508334,0.18267882128800783,0.059337315600780045,0.0,20,479789,0.8864310237203495,0.9238498149127445,0.6595365418894831,0.6774905328443211,0.39177430929314677,0.07088122605363985,1.0208547871619044e-07,1.2665404922921548e-05,7.412300786350714e-05,0.005504927129232844,0.053423484073207184,0.01970657935050616,0.0011692639889618144,0.06989947664494184,0.04647042762547703,0.01087978257108854,/common/users/shared/pracsys/adaptive_roa_experiments/quadrotor_stoch/q2d_nd_clf_epi_var,0.9753792876436549,0.7602287955890682
clf,noisy_dynamics_f_0.150,clf_epi_var,13,0.00036891121343265407,1.0,0.023561014714802923,50.0,0.022520354472759636,0.0008706103026085969,0.0008706103026085969,0.01750959021696205,0.019388102829045017,0.019765205461703593,0.023354387718783075,0.022959083609549003,0.022959083609549003,0.9708872024994321,0.9713644956428763,0.9894495288553927,-0.01173595249596519,0.0054174339384854405,3.966576959480737e-05,0.005812738047719511,-0.0009026697567101087,0.7665073050048476,0.5759698774729175,0.08063930257900472,0.08202009486261595,0.18267882128800783,0.059337315600780045,0.0,20,479789,0.8722465284382728,0.9234042553191489,0.7762237762237763,0.6836330023556072,0.41850556153570145,0.04252873563218391,2.5521369667285474e-08,9.565409070629649e-06,7.74897624087695e-05,0.005417433938485421,0.0547844990193606,0.0210613415480555,0.0005960953669217093,0.06989947664494184,0.04647042762547703,0.01087978257108854,/common/users/shared/pracsys/adaptive_roa_experiments/quadrotor_stoch/q2d_nd_clf_epi_var,0.9751063268698268,0.7640396267282962
clf,noisy_dynamics_f_0.150,clf_epi_var,14,0.00033017227086163796,1.0,0.021762161232188746,50.0,0.02203706443628466,0.0008126402828896761,0.0008126402828896761,0.017717259014642908,0.01949265011359484,0.019765205461703593,0.023354387718783075,0.022959083609549003,0.022959083609549003,0.9715895945926231,0.971083121955693,0.98950163509376,-0.011086861827361063,0.0052311441436164036,3.810866614820356e-05,0.005626448252850475,-0.0008233207341793699,0.7740481044971572,0.5755109533716802,0.13882714994016074,0.08022124137999297,0.18267882128800783,0.059337315600780045,0.0,20,479789,0.8715192235908922,0.9053715825953023,0.6454689984101749,0.6961863016966335,0.42182454251883744,0.07777777777777778,2.296923271255798e-07,1.165475879057036e-05,3.88843231155746e-05,0.005231144143616343,0.055837045034379695,0.021651184166373134,0.0013109929573208222,0.06989947664494184,0.04647042762547703,0.01087978257108854,/common/users/shared/pracsys/adaptive_roa_experiments/quadrotor_stoch/q2d_nd_clf_epi_var,0.976079162076471,0.7721536176016757
clf,noisy_dynamics_f_0.150,clf_epi_var,15,0.000306095318748301,1.0,0.019794119296714943,50.0,0.021390125578220055,0.0005641055726325993,0.0005641055726325993,0.017800470046473844,0.02049393875041456,0.019765205461703593,0.023354387718783075,0.022959083609549003,0.022959083609549003,0.9723899464139445,0.973675928376849,0.9896121003190986,-0.009134690747245013,0.004782005904403794,3.5727524329306405e-05,0.005177310013637864,-0.0009407132313039666,0.7839587716294012,0.6243977874263963,0.17510758027143328,0.07825319944455497,0.18267882128800783,0.059337315600780045,0.0,20,479789,0.865190784737221,0.9265666372462489,0.6435523114355232,0.7166711393386409,0.47084678866164337,0.10134099616858237,1.6777189260143511e-22,8.639833283265963e-06,2.648927979790637e-05,0.004782005904403769,0.057900452073724074,0.02361454722805233,0.0017132531175162416,0.06989947664494184,0.04647042762547703,0.01087978257108854,/common/users/shared/pracsys/adaptive_roa_experiments/quadrotor_stoch/q2d_nd_clf_epi_var,0.976500791467746,0.7917161683920655
clf,noisy_dynamics_f_0.150,clf_epi_var,16,0.0003068205771014601,1.0,0.019881916547790222,50.0,0.02155665933703322,0.0006790707200927522,0.0006790707200927522,0.01786985123926545,0.02034289749972484,0.019765205461703593,0.023354387718783075,0.022959083609549003,0.022959083609549003,0.9724316314046383,0.9725816973711361,0.989637111313515,-0.009863251152142337,0.0048520992806462574,3.5633791764117495e-05,0.0052474033898803315,-0.0009162038097300469,0.783380553872357,0.6025079317117389,0.1383015597920277,0.07834099669561846,0.18267882128800783,0.059337315600780045,0.0,20,479789,0.8689507339049557,0.9232336327437726,0.7254545454545455,0.7131526373855741,0.4471654108360244,0.0764367816091954,2.5980343033383707e-23,7.145983209396032e-06,2.4806784255752353e-05,0.004852099280646355,0.0573668841928431,0.022507810725131257,0.0011463372440802103,0.06989947664494184,0.04647042762547703,0.01087978257108854,/common/users/shared/pracsys/adaptive_roa_experiments/quadrotor_stoch/q2d_nd_clf_epi_var,0.9766860686603146,0.7886631991431835
clf,noisy_dynamics_f_0.150,clf_epi_var,17,0.0003055284995099685,1.0,0.019530040533802615,50.0,0.021610602549704587,0.0003170232251814639,0.0003170232251814639,0.017648359262999277,0.02164681146664944,0.019765205461703593,0.023354387718783075,0.022959083609549003,0.022959083609549003,0.9726734043506625,0.974121957777273,0.9895120563414335,-0.006923298499555185,0.00475155454257576,3.51967872780032e-05,0.005146858651809833,-0.000876193029155428,0.7925507507792598,0.6422108235836551,0.14856175972927244,0.0779891206816673,0.18267882128800783,0.059337315600780045,0.0,20,479789,0.8442893743257821,0.8981944220538449,0.636231884057971,0.7467871306318394,0.4997757445281665,0.08409961685823755,5.129795304250331e-06,1.165475794807744e-05,2.4728874148649798e-05,0.004751554542575782,0.061827178197082465,0.02585719972738016,0.001438132178936991,0.06989947664494184,0.04647042762547703,0.01087978257108854,/common/users/shared/pracsys/adaptive_roa_experiments/quadrotor_stoch/q2d_nd_clf_epi_var,0.9759308325281677,0.793042500154513
clf,noisy_dynamics_f_0.150,clf_epi_var,18,0.00027649894462448635,1.0,0.018198333535815125,50.0,0.020908437377899446,0.00041886762572597663,0.00041886762572597663,0.01797420636553915,0.021408611535508354,0.019765205461703593,0.023354387718783075,0.022959083609549003,0.022959083609549003,0.9738301628424162,0.9745429761832806,0.9895245618386416,-0.00758813682338306,0.004467608925808888,3.305931654563128e-05,0.004862913035042961,-0.0009361359439269421,0.800324417162304,0.6447973012272437,0.14026684912760862,0.07665741368366365,0.18267882128800783,0.059337315600780045,0.0,20,479789,0.8574884988924859,0.9169561621174525,0.6549520766773163,0.7503056325849062,0.49721923214926445,0.07854406130268199,1.5838484961365695e-22,1.1147732366323273e-05,2.017273357011447e-05,0.004467608925808922,0.061162302595515944,0.025198576874417712,0.0013047402087167485,0.06989947664494184,0.04647042762547703,0.01087978257108854,/common/users/shared/pracsys/adaptive_roa_experiments/quadrotor_stoch/q2d_nd_clf_epi_var,0.9770830663850016,0.8054099631419632
clf,noisy_dynamics_f_0.150,clf_epi_var,19,0.0002868258193746656,1.0,0.018659500511415555,50.0,0.02116485944620638,0.00047593167419955737,0.00047593167419955737,0.017984717998396037,0.021204685394751947,0.019765205461703593,0.023354387718783075,0.022959083609549003,0.022959083609549003,0.9734675034233798,0.9741615585184321,0.9894557816039967,-0.008069625552427755,0.004543846000302881,3.35285578295125e-05,0.004939150109536952,-0.0009064512850496427,0.7958365409289196,0.6357573086528573,0.13624722554208638,0.07711858065926834,0.18267882128800783,0.059337315600780045,0.0,20,479789,0.861044594829082,0.9216287588380612,0.6263736263736264,0.7398097623520291,0.4852439899533549,0.0764367816091954,1.0208547865703569e-07,1.25939438529478e-05,2.872098521814075e-05,0.004543846000302867,0.06005765034212956,0.02446700528774107,0.0013276669535983525,0.06989947664494184,0.04647042762547703,0.01087978257108854,/common/users/shared/pracsys/adaptive_roa_experiments/quadrotor_stoch/q2d_nd_clf_epi_var,0.9768671950832338,0.8020894005363075
clf,noisy_dynamics_f_0.150,clf_epi_var,20,0.0003101384045004903,1.0,0.01971353350051945,50.0,0.021795517930502082,0.000522878402130287,0.000522878402130287,0.017736790705099294,0.021214316977936663,0.019765205461703593,0.023354387718783075,0.022959083609549003,0.022959083609549003,0.9728276388162297,0.9726754886001971,0.9894766240993437,-0.008571170258357979,0.004852295521595223,3.566141471700279e-05,0.0052475996308292945,-0.0008928757849847755,0.7895051263421328,0.6097517413823897,0.09402476224654585,0.07817261364837812,0.18267882128800783,0.059337315600780045,0.0,20,479789,0.860940911331784,0.9065321295804567,0.7422096317280453,0.7290157139875362,0.4593649085037675,0.050191570881226055,1.5312821769501675e-07,1.1144329207633166e-05,2.537397756866167e-05,0.004852295521595224,0.05918851828616329,0.02354785124294221,0.0007357400857460259,0.06989947664494184,0.04647042762547703,0.01087978257108854,/common/users/shared/pracsys/adaptive_roa_experiments/quadrotor_stoch/q2d_nd_clf_epi_var,0.9762077739071782,0.788654651722376
clf,noisy_dynamics_f_0.150,clf_epi_var,21,0.00031099581730727747,1.0,0.020222813104013693,50.0,0.021891371112281604,0.0008582707368485914,0.0008582707368485914,0.01798544200924053,0.02021994346079531,0.019765205461703593,0.023354387718783075,0.022959083609549003,0.022959083609549003,0.9729360197920336,0.9711560706894072,0.9894516131049274,-0.010811118125372606,0.004949481669038354,3.5719258082120095e-05,0.005344785778272424,-0.0008824306681187123,0.7856093252100979,0.5715612519736231,0.08365019011406843,0.0786818932518467,0.18267882128800783,0.059337315600780045,0.0,20,479789,0.8801701812800592,0.9226386806596701,0.7623762376237624,0.7093955929272148,0.4140204520990312,0.044252873563218394,2.1437950523235136e-06,1.1113704451914923e-05,3.4409257515228226e-05,0.00494948166903832,0.056337264922705604,0.02085291659458637,0.0006315276090114613,0.06989947664494184,0.04647042762547703,0.01087978257108854,/common/users/shared/pracsys/adaptive_roa_experiments/quadrotor_stoch/q2d_nd_clf_epi_var,0.9766825382303663,0.7844216366292688
clf,noisy_dynamics_f_0.150,clf_epi_var,22,0.00027722575112733695,1.0,0.018356117242660383,50.0,0.021094576797652122,0.0006227874963886999,0.0006227874963886999,0.01817622915003874,0.020959401018198497,0.019765205461703593,0.023354387718783075,0.022959083609549003,0.022959083609549003,0.9743866574681788,0.9733403642017637,0.9894599501030661,-0.009018060378295181,0.0044797194098549825,3.252341034743065e-05,0.004875023519089054,-0.0009259225460439818,0.800900798729809,0.6174597003319676,0.09551064210338044,0.07681519739050362,0.18267882128800783,0.059337315600780045,0.0,20,479789,0.8769247143972185,0.9265775065074948,0.7196765498652291,0.7370068879148404,0.4629978471474704,0.051149425287356325,1.5312821807802377e-07,1.1157942761061506e-05,1.791361377141852e-05,0.004479719409854993,0.05874665738480874,0.023220624065995676,0.0007732565773704691,0.06989947664494184,0.04647042762547703,0.01087978257108854,/common/users/shared/pracsys/adaptive_roa_experiments/quadrotor_stoch/q2d_nd_clf_epi_var,0.9773327732095667,0.8048824819823468
clf,noisy_dynamics_f_0.150,clf_epi_var,23,0.0002751914129759699,1.0,0.01819104007497541,50.0,0.02113523600822607,0.00038732682566326016,0.00038732682566326016,0.01805590849696726,0.02170886353099598,0.019765205461703593,0.023354387718783075,0.022959083609549003,0.022959083609549003,0.9741407160230852,0.9741803167642443,0.9895787523265436,-0.007154942364085316,0.0044342187129018315,3.223250398642863e-05,0.004829522822135905,-0.0008562832253431697,0.8034721452218403,0.6422341593022585,0.12311469659768501,0.07665012022283399,0.18267882128800783,0.059337315600780045,0.0,20,479789,0.8569980401432723,0.9017842660178427,0.7282157676348547,0.7562393774040612,0.4986993182633656,0.06724137931034482,1.7864958770140364e-07,1.1147733335729291e-05,1.7246681920173666e-05,0.004434218712901872,0.06168128072965408,0.02569879676274362,0.0010046082757212025,0.06989947664494184,0.04647042762547703,0.01087978257108854,/common/users/shared/pracsys/adaptive_roa_experiments/quadrotor_stoch/q2d_nd_clf_epi_var,0.9769437163688885,0.8068642987537369
clf,noisy_dynamics_f_0.150,clf_epi_bald,0,0.0010239139209039323,1.0,0.04951982135215444,50.0,0.03433345054270788,0.0009981195681649348,0.0009981195681649348,0.011788294720865004,0.019689304072237145,0.019765205461703593,0.023354387718783075,0.022959083609549003,0.022959083609549003,0.948398150020113,0.9607285702673467,0.9892932101402908,-0.013313103777459919,0.01166121977317252,7.404016307713525e-05,0.012056523882406588,-0.0005076886836764168,0.5572128626104375,0.3697062955777079,0.11720226843100189,0.10797890150015833,0.18267882128800783,0.059337315600780045,0.0,20,479789,0.6961612369844036,0.7272966570150039,0.5692821368948247,0.46450189343113574,0.24784714747039827,0.06532567049808428,1.4819407467492213e-05,2.147186121762591e-05,0.0007329970756055778,0.011661219773172686,0.04663925183778703,0.01583612796458443,0.0012484654712800836,0.06989947664494184,0.04647042762547703,0.01087978257108854,/common/users/shared/pracsys/adaptive_roa_experiments/quadrotor_stoch/q2d_nd_clf_epi_bald,0.9526418025051361,0.492086880666158
clf,noisy_dynamics_f_0.150,clf_epi_bald,1,0.0008882043242810333,1.0,0.05174255425415377,50.0,0.030514730907869228,0.0017452113429118228,0.0017452113429118228,0.013534247155178635,0.01558980839286747,0.019765205461703593,0.023354387718783075,0.022959083609549003,0.022959083609549003,0.9545425176483829,0.9637319738468368,0.9888450964903323,-0.017871842529882585,0.010698063846626756,7.238578421866378e-05,0.011093367955860835,-0.0004719839506554281,0.5891726943942134,0.4260694613938455,0.17636195752539244,0.11020163440196024,0.18267882128800783,0.059337315600780045,0.0,20,479789,0.7999079330980513,0.805060451202792,0.44835680751173707,0.4663207800339923,0.2896932185145318,0.10977011494252874,3.5389632621812196e-06,1.788197289376536e-05,0.00047653254252573923,0.010698063846626851,0.040749162652749436,0.01672193401682823,0.0026636709053354706,0.06989947664494184,0.04647042762547703,0.01087978257108854,/common/users/shared/pracsys/adaptive_roa_experiments/quadrotor_stoch/q2d_nd_clf_epi_bald,0.9606153354554539,0.5340378549700789
clf,noisy_dynamics_f_0.150,clf_epi_bald,2,0.0007075659787327522,1.0,0.04739314769057826,50.0,0.028249777173987595,0.0023826238670642663,0.0023826238670642663,0.015338281772849799,0.01440556697667296,0.019765205461703593,0.023354387718783075,0.022959083609549003,0.022959083609549003,0.9592425003491118,0.9645844319065255,0.9893682431235398,-0.020210400011570505,0.0093735393323305,6.457955387993749e-05,0.009768843441564576,-0.0006298863714329674,0.6270905242281508,0.41700404858299606,0.16854115729421354,0.10585222783832186,0.18267882128800783,0.059337315600780045,0.0,20,479789,0.8698550417945191,0.8871532846715329,0.5650273224043716,0.49026448400274325,0.2725601004664514,0.09904214559386973,1.1178359920220186e-05,1.5782415010531765e-05,0.0002739953153106661,0.009373539332330493,0.03939648470473479,0.014277109312635346,0.0019070883242425316,0.06989947664494184,0.04647042762547703,0.01087978257108854,/common/users/shared/pracsys/adaptive_roa_experiments/quadrotor_stoch/q2d_nd_clf_epi_bald,0.9676411220363639,0.5917285074726626
clf,noisy_dynamics_f_0.150,clf_epi_bald,3,0.0005678022148805265,1.0,0.03480369840994485,50.0,0.026781850546383587,0.001153249776381099,0.001153249776381099,0.015625068952886192,0.017635756465788927,0.019765205461703593,0.023354387718783075,0.022959083609549003,0.022959083609549003,0.9620604057200144,0.9660121428377891,0.9891118804307727,-0.014033312977663115,0.007992455319638766,5.517322685527985e-05,0.00838775942887284,-0.0004948091134051417,0.6818602862785536,0.4813790032757688,0.21182860591430297,0.09326277855774648,0.18267882128800783,0.059337315600780045,0.0,20,479789,0.8237753378378379,0.8273750956597792,0.49857954545454547,0.5816560813429943,0.33943308216720486,0.13448275862068965,1.8715671098707187e-07,1.2665405051098494e-05,0.00021166111537748275,0.007992455319638827,0.04935502898148978,0.019064630493821243,0.0029346233448453384,0.06989947664494184,0.04647042762547703,0.01087978257108854,/common/users/shared/pracsys/adaptive_roa_experiments/quadrotor_stoch/q2d_nd_clf_epi_bald,0.9692919805704417,0.6518826510865359
clf,noisy_dynamics_f_0.150,clf_epi_bald,4,0.00048383893032901803,1.0,0.030900745801568485,50.0,0.024193144814908786,0.000744711054867842,0.000744711054867842,0.016324149029744096,0.018243785885994374,0.019765205461703593,0.023354387718783075,0.022959083609549003,0.022959083609549003,0.9659391941040749,0.9701556309127554,0.9892348511533194,-0.011419078743998924,0.006701834828575993,4.931058617622817e-05,0.007097138937810065,-0.0006778108060967562,0.7251042928273448,0.5774236387782206,0.21108904841912324,0.0893598259493507,0.18267882128800783,0.059337315600780045,0.0,20,479789,0.8318088842576512,0.8441625679523687,0.520723436322532,0.6426633270715926,0.43877825618945104,0.13237547892720306,2.5521369680856e-08,1.2672210757953248e-05,0.0001871405918659879,0.006701834828576027,0.05400498969338605,0.024154367857537377,0.0027657991325353436,0.06989947664494184,0.04647042762547703,0.01087978257108854,/common/users/shared/pracsys/adaptive_roa_experiments/quadrotor_stoch/q2d_nd_clf_epi_bald,0.9711830692385032,0.7080965885855912
clf,noisy_dynamics_f_0.150,clf_epi_bald,5,0.0004444000552394618,1.0,0.02741319893869816,50.0,0.02347186068003335,0.000583609382953297,0.000583609382953297,0.016598257277879894,0.01939463013153873,0.019765205461703593,0.023354387718783075,0.022959083609549003,0.022959083609549003,0.9675774142383423,0.9717563345553983,0.9896183530677026,-0.010485070567116958,0.006054872565204419,4.481578916685567e-05,0.0064501766744384905,-0.000889563149417987,0.7429185258634935,0.5957941834451901,0.1846456048453102,0.08587227908651188,0.18267882128800783,0.059337315600780045,0.0,20,479789,0.8333147962777593,0.8893935345979161,0.6344206974128234,0.670214986432895,0.44792787944025836,0.10804597701149425,5.104273936149574e-08,1.2665405056029286e-05,0.00019467839929242207,0.006054872565204442,0.0562184626992282,0.02340403802504851,0.001852897836340558,0.06989947664494184,0.04647042762547703,0.01087978257108854,/common/users/shared/pracsys/adaptive_roa_experiments/quadrotor_stoch/q2d_nd_clf_epi_bald,0.9721073341399206,0.7362755122035396
clf,noisy_dynamics_f_0.150,clf_epi_bald,6,0.0004304203735848702,1.0,0.02628222759049788,50.0,0.023690563662971044,0.0006174302288592375,0.0006174302288592375,0.01667562317875073,0.019888059483402207,0.019765205461703593,0.023354387718783075,0.022959083609549003,0.022959083609549003,0.9682902275792067,0.9707017042908446,0.9896537853097924,-0.010517507295281229,0.006046008526155931,4.374772276372764e-05,0.006441312635390008,-0.0008548821335015765,0.7494070365001977,0.5716549349422555,0.13277428371767996,0.08474130773832966,0.18267882128800783,0.059337315600780045,0.0,20,479789,0.8371297148114075,0.8915502328675982,0.753968253968254,0.6783254316128455,0.4207032651596699,0.07279693486590039,1.0208547872034807e-07,1.2682419264687231e-05,0.00012962687399204135,0.006046008526155961,0.056639481105235846,0.021928389354487078,0.0010504617654844108,0.06989947664494184,0.04647042762547703,0.01087978257108854,/common/users/shared/pracsys/adaptive_roa_experiments/quadrotor_stoch/q2d_nd_clf_epi_bald,0.9723913466197868,0.7366615920314297
clf,noisy_dynamics_f_0.150,clf_epi_bald,7,0.00040538457375278916,1.0,0.025129238518487074,50.0,0.02357824761459902,0.00034677032357294425,0.00034677032357294425,0.016583057364914205,0.020770975153040144,0.019765205461703593,0.023354387718783075,0.022959083609549003,0.022959083609549003,0.968200604849215,0.9715166458589088,0.9896662908070005,-0.008160937904767242,0.005877740577735099,4.238106264307132e-05,0.006273044686969172,-0.0008450559904726448,0.7566550233663493,0.5974668630338734,0.19539110678351182,0.08358831866632953,0.18267882128800783,0.059337315600780045,0.0,20,479789,0.813443072702332,0.8702591384932212,0.6390658174097664,0.7072785281927424,0.45487979906709725,0.11532567049808429,5.104273935687811e-08,8.32677212204997e-06,0.00011346441454517565,0.005877740577735115,0.06077671643159806,0.02428984407729231,0.0019633630616791966,0.06989947664494184,0.04647042762547703,0.01087978257108854,/common/users/shared/pracsys/adaptive_roa_experiments/quadrotor_stoch/q2d_nd_clf_epi_bald,0.9725346247154844,0.7439906279495204
clf,noisy_dynamics_f_0.150,clf_epi_bald,8,0.0003772601300079281,1.0,0.02386992756177297,50.0,0.02282611891621217,0.0005365296115619367,0.0005365296115619367,0.017084080761586153,0.020266916103848707,0.019765205461703593,0.023354387718783075,0.022959083609549003,0.022959083609549003,0.9700013964471882,0.9716750488235454,0.9895829208256129,-0.009661932159903271,0.0055284670320207415,4.006043193598053e-05,0.005923771141254812,-0.0008830654275040475,0.7666542371232632,0.5917447728911319,0.10909090909090909,0.0823290077095988,0.18267882128800783,0.059337315600780045,0.0,20,479789,0.8401080159181353,0.8960152838427947,0.7846153846153846,0.705012374392462,0.4417384284176534,0.05862068965517241,2.552136967757095e-08,1.1644550183283073e-05,9.95255280226486e-05,0.005528467032020763,0.05865911890435171,0.022910070885326674,0.0008128573185296037,0.06989947664494184,0.04647042762547703,0.01087978257108854,/common/users/shared/pracsys/adaptive_roa_experiments/quadrotor_stoch/q2d_nd_clf_epi_bald,0.9739482686169516,0.7592034975768207
clf,noisy_dynamics_f_0.150,clf_epi_bald,9,0.0003374812659453278,1.0,0.022034810789511406,50.0,0.022233067426512217,0.000340427702683483,0.000340427702683483,0.017332518108842888,0.02084036090459569,0.019765205461703593,0.023354387718783075,0.022959083609549003,0.022959083609549003,0.9710872904547624,0.9727213420899604,0.9896037633209598,-0.007755842309848528,0.005163065299646827,3.8036935238488575e-05,0.005558369408880899,-0.0008039279037427701,0.7787912613618242,0.6197780489222009,0.192095885973437,0.08049389093735343,0.18267882128800783,0.059337315600780045,0.0,20,479789,0.8370410996469339,0.8796800263895761,0.6215932914046122,0.7281211795926886,0.4784266236096161,0.11360153256704981,3.5064493965867155e-24,8.020515644077802e-06,9.16587470443145e-05,0.005163065299646816,0.06080381167554905,0.0252736098576666,0.001988374056095492,0.06989947664494184,0.04647042762547703,0.01087978257108854,/common/users/shared/pracsys/adaptive_roa_experiments/quadrotor_stoch/q2d_nd_clf_epi_bald,0.9746723004964198,0.7751188423958073
clf,noisy_dynamics_f_0.150,clf_epi_bald,10,0.0003246251552953996,1.0,0.021371966599582133,50.0,0.022042478541501594,0.0004798084729136222,0.0004798084729136222,0.01746264670237253,0.020662540821883534,0.019765205461703593,0.023354387718783075,0.022959083609549003,0.022959083609549003,0.9713207264026479,0.9720877302314143,0.9894453603563234,-0.008768884230336668,0.0051344417517113616,3.776205955464903e-05,0.005529745860945435,-0.0008418036283787339,0.7787994727196734,0.603388023455547,0.1128241065171689,0.07983104674741415,0.18267882128800783,0.059337315600780045,0.0,20,479789,0.8449195995674771,0.8881429816913687,0.6598360655737705,0.7222768882130185,0.45689809831359884,0.061685823754789273,6.15402206743062e-26,8.680668463706424e-06,7.324889757172003e-05,0.005134441751711425,0.05975334991006463,0.023906342162909114,0.0010171137729293501,0.06989947664494184,0.04647042762547703,0.01087978257108854,/common/users/shared/pracsys/adaptive_roa_experiments/quadrotor_stoch/q2d_nd_clf_epi_bald,0.9753924603318053,0.7763655623617366
clf,noisy_dynamics_f_0.150,clf_epi_bald,11,0.00032275368916952153,1.0,0.02101593440378801,50.0,0.022005605132959134,0.00028102654448239453,0.00028102654448239453,0.01745088067490942,0.021619066209391864,0.019765205461703593,0.023354387718783075,0.022959083609549003,0.022959083609549003,0.9721273309725733,0.9730339795201641,0.9895412358349192,-0.006845265318745372,0.00495436646611806,3.6362753659716735e-05,0.0053496705753521305,-0.0008348630130039199,0.7902965297705853,0.6261990061250433,0.1366139022711631,0.07947501455164191,0.18267882128800783,0.059337315600780045,0.0,20,479789,0.8334656347158828,0.8799123091912959,0.6706081081081081,0.7513790738587232,0.48605130965195553,0.07605363984674329,4.306843640786657e-24,1.0167713342388091e-05,8.023758221861728e-05,0.004954366466118093,0.0630152004318565,0.025669617269257945,0.0012338757245372446,0.06989947664494184,0.04647042762547703,0.01087978257108854,/common/users/shared/pracsys/adaptive_roa_experiments/quadrotor_stoch/q2d_nd_clf_epi_bald,0.975013714916616,0.7842088756514014
clf,noisy_dynamics_f_0.150,clf_epi_bald,12,0.0003417932730933736,1.0,0.022021871436127206,50.0,0.021703693131584347,0.0004944684021605347,0.0004944684021605347,0.017517495434781555,0.02021028025739873,0.019765205461703593,0.023354387718783075,0.022959083609549003,0.022959083609549003,0.9720439609911857,0.9728484813115765,0.9895995948218904,-0.009148239872560282,0.005068464783541252,3.822807601238431e-05,0.005463768892775324,-0.0008675917933867313,0.782683365467183,0.6149161961630554,0.16387399463806973,0.08048095158394752,0.18267882128800783,0.059337315600780045,0.0,20,479789,0.8570110701107011,0.9018468741871153,0.6537433155080213,0.7202194591048693,0.4664962325080732,0.09367816091954023,1.0208547871149119e-07,1.0613486803776046e-05,8.959168720068545e-05,0.005068464783541293,0.05874248888573936,0.024037649883594664,0.001559018651949086,0.06989947664494184,0.04647042762547703,0.01087978257108854,/common/users/shared/pracsys/adaptive_roa_experiments/quadrotor_stoch/q2d_nd_clf_epi_bald,0.9751539219116302,0.7792392383887131
clf,noisy_dynamics_f_0.150,clf_epi_bald,13,0.0003004554810289074,1.0,0.020095383345440615,50.0,0.020897766501063095,0.00038782720630921,0.00038782720630921,0.0178762568827644,0.02076979670150793,0.019765205461703593,0.023354387718783075,0.022959083609549003,0.022959083609549003,0.9737259503656815,0.9743658149728318,0.9895287303377109,-0.007923051704359719,0.004613283502721817,3.491820394122943e-05,0.005008587611955888,-0.0008573704303719972,0.7993889048028263,0.6441158598339073,0.17013544763792535,0.07855446349326368,0.18267882128800783,0.059337315600780045,0.0,20,479789,0.8571721101668885,0.9076082524667699,0.617505995203837,0.7489041953663118,0.49919268030139935,0.09865900383141762,2.5521369680486344e-08,1.1185165594932825e-05,7.523292514996239e-05,0.004613283502721851,0.06107059561598953,0.025559152043919307,0.001738264111932537,0.06989947664494184,0.04647042762547703,0.01087978257108854,/common/users/shared/pracsys/adaptive_roa_experiments/quadrotor_stoch/q2d_nd_clf_epi_bald,0.9760585922218588,0.7990649983606886
clf,noisy_dynamics_f_0.150,clf_epi_bald,14,0.00028885055358867593,1.0,0.01934791114322213,50.0,0.020488231810078777,0.0001903704783721883,0.0001903704783721883,0.017814997247757123,0.021334229339903296,0.019765205461703593,0.023354387718783075,0.022959083609549003,0.022959083609549003,0.9744304267084072,0.9750035953304473,0.9893911698684213,-0.0057920911445453185,0.0045198965545504835,3.543388966459378e-05,0.004915200663784554,-0.0008145602856135864,0.8087905236907731,0.6682709595330955,0.21619956883276872,0.07780699129105459,0.18267882128800783,0.059337315600780045,0.0,20,479789,0.8472716585572936,0.8717615645522119,0.5510204081632653,0.7736529802904255,0.5418012199497668,0.13448275862068965,5.104273935975896e-08,1.1113705734088436e-05,7.795745747529435e-05,0.0045198965545505,0.06382597350085141,0.028881445802217225,0.002655333907196705,0.06989947664494184,0.04647042762547703,0.01087978257108854,/common/users/shared/pracsys/adaptive_roa_experiments/quadrotor_stoch/q2d_nd_clf_epi_bald,0.9760561402509129,0.8031325364976416
clf,noisy_dynamics_f_0.150,clf_epi_bald,15,0.0003206604562406638,1.0,0.020813821546333836,50.0,0.021786981699889768,0.0005399136771781302,0.0005399136771781302,0.01755834198683218,0.020501108794905545,0.019765205461703593,0.023354387718783075,0.022959083609549003,0.022959083609549003,0.9715145616093741,0.9730944227566701,0.9893807486207479,-0.00916853302238067,0.004998368683328691,3.687064954718343e-05,0.005393672792562764,-0.0009422866165662604,0.7785752474766295,0.6165909293415308,0.11406711876195445,0.07927290169415842,0.18267882128800783,0.059337315600780045,0.0,20,479789,0.8524799545873838,0.9126879451332103,0.6177024482109228,0.7164624146465098,0.4655543595263724,0.06283524904214559,2.7456720180511137e-25,1.1110302813714691e-05,3.535209026411848e-05,0.004998368683328762,0.05874665738480874,0.023704169958044058,0.0011067365029210758,0.06989947664494184,0.04647042762547703,0.01087978257108854,/common/users/shared/pracsys/adaptive_roa_experiments/quadrotor_stoch/q2d_nd_clf_epi_bald,0.9759029246752826,0.7822923262821431
clf,noisy_dynamics_f_0.150,clf_epi_bald,16,0.0003159192071021902,1.0,0.02067630087224749,50.0,0.02191144974225121,0.0007833875460552095,0.0007833875460552095,0.01786551446614756,0.02018079921250681,0.019765205461703593,0.023354387718783075,0.022959083609549003,0.022959083609549003,0.9721189939744346,0.9720585507379286,0.9895558255816619,-0.010551878503884757,0.0049489565950730325,3.5722782926604226e-05,0.005344260704307103,-0.0009280000943836198,0.7790714958133081,0.5904313821336918,0.09727976941091696,0.0791353810200809,0.18267882128800783,0.059337315600780045,0.0,20,479789,0.8731674811195025,0.9259294748945956,0.8157099697885196,0.7032829412290903,0.4333961248654467,0.05172413793103448,3.263146596186295e-23,1.0259589824246752e-05,5.6276627229296376e-05,0.0049489565950730395,0.05629974843108116,0.021751228144038317,0.0006898865959828175,0.06989947664494184,0.04647042762547703,0.01087978257108854,/common/users/shared/pracsys/adaptive_roa_experiments/quadrotor_stoch/q2d_nd_clf_epi_bald,0.9763300009247786,0.7844445066172113
clf,noisy_dynamics_f_0.150,clf_epi_bald,17,0.0002929368030077246,1.0,0.01915653375153887,50.0,0.020998476056695536,0.00033116291981723423,0.00033116291981723423,0.01774953378317042,0.021076463037969187,0.019765205461703593,0.023354387718783075,0.022959083609549003,0.022959083609549003,0.9730694117622538,0.9746930421497784,0.9894099281142336,-0.007241301503130137,0.004662776999643536,3.5169154919276675e-05,0.005058081108877609,-0.0008779357465522834,0.7950316470756198,0.6556437889960295,0.11803506335705606,0.07761561389937228,0.18267882128800783,0.059337315600780045,0.0,20,479789,0.8494000406752085,0.8916229558778155,0.6284658040665434,0.7472045800161016,0.5184337997847147,0.06513409961685823,1.5312821806799553e-07,1.111030271353859e-05,2.2125507434097002e-05,0.004662776999643539,0.06148952977246248,0.027020210967737903,0.0011275789982679886,0.06989947664494184,0.04647042762547703,0.01087978257108854,/common/users/shared/pracsys/adaptive_roa_experiments/quadrotor_stoch/q2d_nd_clf_epi_bald,0.9764243289964427,0.7969092722104891
clf,noisy_dynamics_f_0.150,clf_epi_bald,18,0.0002522733855375568,1.0,0.017527487201164756,50.0,0.020701628304267944,0.0002763268748682617,0.0002763268748682617,0.018048931174684812,0.02188899456649592,0.019765205461703593,0.023354387718783075,0.022959083609549003,0.022959083609549003,0.9746388516618764,0.9744867014458439,0.9894912138460865,-0.006088570198936196,0.004330766840257602,3.1865516206111304e-05,0.004726070949491677,-0.0008557124694748477,0.8101597603594608,0.6520565077740826,0.15713808090939485,0.07598656734901899,0.18267882128800783,0.059337315600780045,0.0,20,479789,0.849635132039661,0.8901823826154444,0.6167979002624672,0.774189700927334,0.5144420523860782,0.09003831417624521,3.5366769978302455e-25,1.0116670642684503e-05,2.513809762989788e-05,0.004330766840257668,0.06369258153063118,0.02685555525449729,0.001588198145434764,0.06989947664494184,0.04647042762547703,0.01087978257108854,/common/users/shared/pracsys/adaptive_roa_experiments/quadrotor_stoch/q2d_nd_clf_epi_bald,0.97723010641615,0.8113702221783636
clf,noisy_dynamics_f_0.150,clf_epi_bald,19,0.0002861709815250557,1.0,0.018949397363832377,50.0,0.02087974626775023,0.0005984979716067667,0.0005984979716067667,0.01803706458745108,0.020268374737435875,0.019765205461703593,0.023354387718783075,0.022959083609549003,0.022959083609549003,0.9735821371477879,0.9738739320826446,0.9893807486207479,-0.009293317414956814,0.0046010730395908694,3.436183349259653e-05,0.00499637714882494,-0.0009194439541138234,0.7938722739913158,0.631789207766648,0.13717188823031332,0.07740847751165737,0.18267882128800783,0.059337315600780045,0.0,20,479789,0.8731487443657437,0.9154677790074062,0.5912408759124088,0.7277931836479112,0.4823286688195192,0.07758620689655173,5.092432103540903e-24,1.0477372496713264e-05,2.3296119174412098e-05,0.004601073039590897,0.05826311149276036,0.0244836792840186,0.0014277109312635346,0.06989947664494184,0.04647042762547703,0.01087978257108854,/common/users/shared/pracsys/adaptive_roa_experiments/quadrotor_stoch/q2d_nd_clf_epi_bald,0.9771816544645867,0.7995968341838688
clf,noisy_dynamics_f_0.150,clf_epi_bald,20,0.0002713989574639838,1.0,0.0186254764644865,50.0,0.020486792730296355,0.0005476835993453679,0.0005476835993453679,0.018222874413124004,0.01989611085629154,0.019765205461703593,0.023354387718783075,0.022959083609549003,0.022959083609549003,0.9739739760603099,0.9746055036693213,0.9894224336114417,-0.009082055296970494,0.004441400962005838,3.305033123640503e-05,0.004836705071239911,-0.0008424918337645295,0.797088025479777,0.6489974648536528,0.1792010350962316,0.07708455661228439,0.18267882128800783,0.059337315600780045,0.0,20,479789,0.8758660095707449,0.9072164948453608,0.5752855659397715,0.731311685600978,0.5052027269465375,0.10613026819923371,5.9520985511886096e-27,9.851248626687671e-06,1.652340747788329e-05,0.0044414009620058915,0.05836315547042554,0.025878042222727073,0.0020071323019077137,0.06989947664494184,0.04647042762547703,0.01087978257108854,/common/users/shared/pracsys/adaptive_roa_experiments/quadrotor_stoch/q2d_nd_clf_epi_bald,0.9775869009111591,0.806551470540462
clf,noisy_dynamics_f_0.150,clf_epi_bald,21,0.00028222424451284777,1.0,0.018760034929461305,50.0,0.0211434138621386,0.00037053881074461707,0.00037053881074461707,0.017884499356994286,0.02132528025476945,0.019765205461703593,0.023354387718783075,0.022959083609549003,0.022959083609549003,0.9736363276356899,0.9739927343061221,0.989697554550021,-0.0074086497515725245,0.004545856911488061,3.346269107656552e-05,0.004941161020722131,-0.0008992661518112755,0.8000379404650869,0.6394266890134659,0.15141630901287553,0.07721911507729785,0.18267882128800783,0.059337315600780045,0.0,20,479789,0.8514131897711978,0.8987814784727863,0.7289256198347107,0.7545099442406894,0.49623250807319697,0.08448275862068966,1.2541247249724906e-23,8.905256256376638e-06,2.0815622791694975e-05,0.004545856911488091,0.06194389617102518,0.025657111772049795,0.0012609709684882314,0.06989947664494184,0.04647042762547703,0.01087978257108854,/common/users/shared/pracsys/adaptive_roa_experiments/quadrotor_stoch/q2d_nd_clf_epi_bald,0.9767194634374528,0.8020018138007313
clf,noisy_dynamics_f_0.150,clf_epi_bald,22,0.00029880734693161435,1.0,0.01964969799451128,50.0,0.021997121070546712,0.0008333404909851708,0.0008333404909851708,0.017937282024866236,0.020529368802920066,0.019765205461703593,0.023354387718783075,0.022959083609549003,0.022959083609549003,0.9725587706262545,0.9711810816838236,0.9895287303377109,-0.010500621214024645,0.004899452072739046,3.451438111417557e-05,0.005294756181973119,-0.000955690002928891,0.7840860638262981,0.5680007498359734,0.0882032667876588,0.07810877814234445,0.18267882128800783,0.059337315600780045,0.0,20,479789,0.8711781640610765,0.9360518999073216,0.8379310344827586,0.7128246414407967,0.40769644779332614,0.04655172413793104,5.989057802563976e-24,7.373974122026647e-06,1.8360822287685358e-05,0.004899452072739027,0.05719389148146373,0.02024014723138713,0.0006044323650604745,0.06989947664494184,0.04647042762547703,0.01087978257108854,/common/users/shared/pracsys/adaptive_roa_experiments/quadrotor_stoch/q2d_nd_clf_epi_bald,0.9769754944834528,0.7866007129874601
clf,noisy_dynamics_f_0.150,clf_epi_bald,23,0.00027722030982257683,1.0,0.018326914962945223,50.0,0.02097892032299944,0.00031763297444739033,0.00031763297444739033,0.017866361477757036,0.021805012197790765,0.019765205461703593,0.023354387718783075,0.022959083609549003,0.022959083609549003,0.9738322470919508,0.974776412131166,0.989595426322821,-0.006677995762268974,0.004480351581924424,3.361005313560756e-05,0.004875655691158495,-0.0009300035243149339,0.8032224190085105,0.6533172911653489,0.1504424778761062,0.07678599511080005,0.18267882128800783,0.059337315600780045,0.0,20,479789,0.8466265776779224,0.904138915318744,0.6737804878048781,0.7640516444523958,0.5114370290635092,0.08467432950191571,2.552136967383038e-08,1.0739392020582522e-05,2.1105973278713532e-05,0.004480351581924425,0.06308189641696663,0.026286555131526567,0.0013672676947574871,0.06989947664494184,0.04647042762547703,0.01087978257108854,/common/users/shared/pracsys/adaptive_roa_experiments/quadrotor_stoch/q2d_nd_clf_epi_bald,0.9767581885157888,0.80485494725665
clf,noisy_dynamics_f_0.150,clf_epi_var_anch,0,0.0010239139209039323,1.0,0.04951982135215444,50.0,0.03433345054270788,0.0009981195681649348,0.0009981195681649348,0.011788294720865004,0.019689304072237145,0.019765205461703593,0.023354387718783075,0.022959083609549003,0.022959083609549003,0.948398150020113,0.9607285702673467,0.9892932101402908,-0.013313103777459919,0.01166121977317252,7.404016307713525e-05,0.012056523882406588,-0.0005076886836764168,0.5572128626104375,0.3697062955777079,0.11720226843100189,0.10797890150015833,0.18267882128800783,0.059337315600780045,0.0,20,479789,0.6961612369844036,0.7272966570150039,0.5692821368948247,0.46450189343113574,0.24784714747039827,0.06532567049808428,1.4819407467492213e-05,2.147186121762591e-05,0.0007329970756055778,0.011661219773172686,0.04663925183778703,0.01583612796458443,0.0012484654712800836,0.06989947664494184,0.04647042762547703,0.01087978257108854,/common/users/shared/pracsys/adaptive_roa_experiments/quadrotor_stoch/q2d_nd_clf_epi_var_anch,0.9526418025051361,0.492086880666158
clf,noisy_dynamics_f_0.150,clf_epi_var_anch,1,0.0008385701133738204,1.0,0.048202919848784505,50.0,0.030136949290300464,0.001149694923127059,0.001149694923127059,0.013741974375625325,0.016939594935292884,0.019765205461703593,0.023354387718783075,0.022959083609549003,0.022959083609549003,0.9565225547063396,0.9639070508077509,0.987725854490203,-0.014031205968009452,0.010093825970170845,6.793125132609124e-05,0.010489130079404923,-0.0002729781868798867,0.6310315551153248,0.4642514618073818,0.16313770072474063,0.1066619999966017,0.18267882128800783,0.059337315600780045,0.0,20,479789,0.775598939084308,0.7482796449586118,0.3159053384700055,0.5318901511763128,0.3365177610333692,0.10996168582375479,1.4972536874473593e-06,2.000194771609336e-05,0.0004950207745587663,0.010093825970170878,0.04793565504836501,0.02089877008434958,0.0037870814045340762,0.06989947664494184,0.04647042762547703,0.01087978257108854,/common/users/shared/pracsys/adaptive_roa_experiments/quadrotor_stoch/q2d_nd_clf_epi_var_anch,0.9609268953006849,0.5603558860697435
clf,noisy_dynamics_f_0.150,clf_epi_var_anch,2,0.0007115050139838208,1.0,0.0431424734701886,50.0,0.02830314653978555,0.0014748885186302311,0.0014748885186302311,0.014911113252120125,0.01621511183182947,0.019765205461703593,0.023354387718783075,0.022959083609549003,0.022959083609549003,0.9594259143081646,0.965095073042525,0.9888617704866097,-0.01668018283799109,0.009012332437562266,6.183325138797504e-05,0.00940763654679634,-0.000510526438496842,0.6430758511945142,0.45504539390192317,0.1788567916410572,0.10160155361798698,0.18267882128800783,0.059337315600780045,0.0,20,479789,0.8349362026280709,0.8289270895080024,0.4518633540372671,0.5229149894146763,0.3135988518119842,0.11149425287356322,4.50877531012569e-07,1.2696030685484896e-05,0.0002831717993332458,0.009012332437562422,0.04377757722665589,0.017580644825121044,0.0026845134006823835,0.06989947664494184,0.04647042762547703,0.01087978257108854,/common/users/shared/pracsys/adaptive_roa_experiments/quadrotor_stoch/q2d_nd_clf_epi_var_anch,0.965990200236494,0.6074611430129593
clf,noisy_dynamics_f_0.150,clf_epi_var_anch,3,0.0005977549661754522,1.0,0.03741184436692523,50.0,0.025138487003058756,0.001009451014195076,0.001009451014195076,0.01585428567507677,0.01674878727216248,0.019765205461703593,0.023354387718783075,0.022959083609549003,0.022959083609549003,0.9647782671132519,0.9696220630318745,0.9891202174289114,-0.013807074476613189,0.007429878019754312,5.480390598017765e-05,0.007825182128988382,-0.000684370928912997,0.7036251074203337,0.5591749085079999,0.26208651399491095,0.09587092451471158,0.18267882128800783,0.059337315600780045,0.0,20,479789,0.8542713567839196,0.8585492709204049,0.5,0.5981453320213496,0.41460351632579834,0.17758620689655172,1.8715671098731361e-07,1.2753879133612564e-05,0.00023420759734481782,0.007429878019754326,0.048942347573620905,0.022441114740021133,0.003864198637317654,0.06989947664494184,0.04647042762547703,0.01087978257108854,/common/users/shared/pracsys/adaptive_roa_experiments/quadrotor_stoch/q2d_nd_clf_epi_var_anch,0.9687160856783008,0.6763861247204082
clf,noisy_dynamics_f_0.150,clf_epi_var_anch,4,0.0005739102253827507,1.0,0.03498692112095697,50.0,0.025614842726561313,0.0009904758679306505,0.0009904758679306505,0.015920536673992555,0.01767008029203935,0.019765205461703593,0.023354387718783075,0.022959083609549003,0.022959083609549003,0.9647282451244192,0.9683673448119903,0.9893578218758663,-0.01381434306774196,0.007333371813562349,5.2584846067020294e-05,0.007728675922796424,-0.0006956509899247463,0.7054051701627644,0.5250211247770163,0.20714285714285713,0.0934460012687646,0.18267882128800783,0.059337315600780045,0.0,20,479789,0.8474569181863811,0.8685927306616962,0.5467213114754098,0.6041387124668277,0.37621097954790095,0.12777777777777777,9.16217171542152e-06,1.268582215449445e-05,0.0002235471751484051,0.0073333718135623616,0.04983023787539939,0.0201275977565138,0.0025427844323233756,0.06989947664494184,0.04647042762547703,0.01087978257108854,/common/users/shared/pracsys/adaptive_roa_experiments/quadrotor_stoch/q2d_nd_clf_epi_var_anch,0.9690008881620786,0.6805895244655018
clf,noisy_dynamics_f_0.150,clf_epi_var_anch,5,0.0006232904548169515,1.0,0.03719730135457341,50.0,0.02588865597630232,0.0008769288924201933,0.0008769288924201933,0.015478133827849912,0.0179725379794983,0.019765205461703593,0.023354387718783075,0.022959083609549003,0.022959083609549003,0.9638716185656612,0.9683610920633862,0.9895266460881763,-0.01342481464774224,0.0075831697031711505,5.48769278267378e-05,0.00797847381240522,-0.0007747089709481386,0.7001971704313537,0.5294190588381177,0.17147568013190437,0.09565638150239109,0.18267882128800783,0.059337315600780045,0.0,20,479789,0.8336559449775545,0.8571571973499297,0.6153846153846154,0.6035721740167576,0.38298349479727306,0.09961685823754789,1.9688941073845798e-25,1.2668807900017522e-05,0.00029838315544070544,0.00758316970317123,0.050607662951839244,0.020763293864594645,0.0017611908568141413,0.06989947664494184,0.04647042762547703,0.01087978257108854,/common/users/shared/pracsys/adaptive_roa_experiments/quadrotor_stoch/q2d_nd_clf_epi_var_anch,0.9673088620316778,0.669709391187669
clf,noisy_dynamics_f_0.150,clf_epi_var_anch,6,0.0005585896007240241,1.0,0.03426306109448246,50.0,0.025353088313256035,0.0011072427480494842,0.0011072427480494842,0.0160671191151761,0.017545569972077086,0.019765205461703593,0.023354387718783075,0.022959083609549003,0.022959083609549003,0.9648407945992926,0.9682443740894435,0.989616268818168,-0.014377523930434828,0.007233765575065632,5.216606625637498e-05,0.007629069684299708,-0.0007654416673567536,0.7046071409809657,0.5189441778226825,0.17734478203434612,0.09272214124229052,0.18267882128800783,0.059337315600780045,0.0,20,479789,0.8535850657615613,0.8764931740614335,0.6423444976076556,0.599904582997883,0.36858629350556155,0.1028735632183908,1.6163534126959656e-07,1.1736427125584268e-05,0.0001510644599870572,0.007233765575065596,0.049125761532673735,0.01954192363726555,0.0017424326110019196,0.06989947664494184,0.04647042762547703,0.01087978257108854,/common/users/shared/pracsys/adaptive_roa_experiments/quadrotor_stoch/q2d_nd_clf_epi_var_anch,0.9698514450985282,0.6849279484283507
clf,noisy_dynamics_f_0.150,clf_epi_var_anch,7,0.0005046512493541568,1.0,0.0310065232510042,50.0,0.02407217241196348,0.0008495667217028511,0.0008495667217028511,0.016458885070536316,0.018235756848352366,0.019765205461703593,0.023354387718783075,0.022959083609549003,0.022959083609549003,0.9671313848379184,0.9702619276390246,0.9896308585649108,-0.01265836966889646,0.006562178764595786,4.8636109456251666e-05,0.006957482873829859,-0.0007875864961197519,0.7310525956750118,0.5650795586173261,0.15806397021492638,0.08946560339881048,0.18267882128800783,0.059337315600780045,0.0,20,479789,0.8539384039204749,0.8819219790675548,0.6777939042089985,0.6390851894922026,0.4157247936849659,0.08946360153256705,2.552136967818542e-08,1.150843626013945e-05,0.00016762645508955272,0.006562178764595857,0.052312579071216725,0.02190546260960547,0.0014360479294022997,0.06989947664494184,0.04647042762547703,0.01087978257108854,/common/users/shared/pracsys/adaptive_roa_experiments/quadrotor_stoch/q2d_nd_clf_epi_var_anch,0.9710665804787952,0.7141794125499641
clf,noisy_dynamics_f_0.150,clf_epi_var_anch,8,0.0004981178349228085,1.0,0.03028238233614351,50.0,0.02375788045841952,0.0006963875365878118,0.0006963875365878118,0.01649481222936728,0.01874600170993481,0.019765205461703593,0.023354387718783075,0.022959083609549003,0.022959083609549003,0.9677649966964645,0.9710101732219788,0.9895599940807314,-0.011674468094061747,0.006367027202822979,4.7883977333707584e-05,0.00676233131205705,-0.0007936317139465576,0.7396997441766527,0.5822495870250788,0.12962641181581233,0.08874146248395723,0.18267882128800783,0.059337315600780045,0.0,20,479789,0.8491440936666795,0.8812619329029912,0.697196261682243,0.6552464442257805,0.4347416576964478,0.071455938697318,2.21349149746185e-25,1.1651355920116558e-05,0.0001752282858174711,0.006367027202823021,0.05393829370827593,0.022924660632069514,0.0011150735010598408,0.06989947664494184,0.04647042762547703,0.01087978257108854,/common/users/shared/pracsys/adaptive_roa_experiments/quadrotor_stoch/q2d_nd_clf_epi_var_anch,0.97091947378989,0.7226793842862769
clf,noisy_dynamics_f_0.150,clf_epi_var_anch,9,0.00047603956022335044,1.0,0.030115960150163077,50.0,0.02333002077529284,0.0007867094034314255,0.0007867094034314255,0.016629989255800445,0.018172213150578598,0.019765205461703593,0.023354387718783075,0.022959083609549003,0.022959083609549003,0.9678546194264562,0.9716146055870393,0.9892556936486664,-0.012047444718420692,0.006320441819506266,4.795225969042369e-05,0.006715745928740335,-0.000795361937673723,0.7393750950538215,0.5969636885561245,0.14411422878963973,0.08857504029794844,0.18267882128800783,0.059337315600780045,0.0,20,479789,0.8532371294851794,0.8774249673771205,0.5404732254047323,0.6523242985359454,0.4523681377825619,0.08314176245210728,2.22953726574827e-29,1.1807887037417432e-05,0.00015134560622524757,0.0063204418195062,0.05344015806948471,0.023958448401276394,0.001673652376357107,0.06989947664494184,0.04647042762547703,0.01087978257108854,/common/users/shared/pracsys/adaptive_roa_experiments/quadrotor_stoch/q2d_nd_clf_epi_var_anch,0.9719583558208472,0.7247084453807422
clf,noisy_dynamics_f_0.150,clf_epi_var_anch,10,0.0004939542466855381,1.0,0.03004178864663468,50.0,0.024573570622663885,0.0010379509285463435,0.0010379509285463435,0.0164821023036016,0.01830811511770888,0.019765205461703593,0.023354387718783075,0.022959083609549003,0.022959083609549003,0.9659808790947687,0.9695491142981603,0.9893453163786581,-0.013503779987107493,0.0066679113647503925,4.822901468871749e-05,0.0070632154739844666,-0.0008470208697433515,0.7180125082063508,0.5441497659906396,0.0735773831098224,0.08850086879444961,0.18267882128800783,0.059337315600780045,0.0,20,479789,0.8535633600328609,0.8939922083247899,0.6812080536912751,0.6196141574976891,0.3911015428776462,0.03888888888888889,1.8715671095402779e-07,1.2665404985936659e-05,0.0001450093763869244,0.006667911364750391,0.05074105492205949,0.020329769961378856,0.0006211063613380048,0.06989947664494184,0.04647042762547703,0.01087978257108854,/common/users/shared/pracsys/adaptive_roa_experiments/quadrotor_stoch/q2d_nd_clf_epi_var_anch,0.9717677618989969,0.7095741503385999
clf,noisy_dynamics_f_0.150,clf_epi_var_anch,11,0.00048272719123850237,1.0,0.028882881898824948,50.0,0.02419293786547245,0.0006790108374024176,0.0006790108374024176,0.01636560120045175,0.01950260163834825,0.019765205461703593,0.023354387718783075,0.022959083609549003,0.022959083609549003,0.9670876155976899,0.970320286625996,0.9894703713507396,-0.011298002639613511,0.006382477657681406,4.69114347617127e-05,0.006777781766915478,-0.0008900155888182668,0.7363376801188827,0.5659330610254223,0.08972972972972973,0.08734196204665427,0.18267882128800783,0.059337315600780045,0.0,20,479789,0.8366851331866131,0.8832540437678401,0.7545454545454545,0.6574827802128992,0.4163527090060998,0.04770114942528736,3.0236928143600235e-23,1.180788682682985e-05,0.0001560933033479148,0.006382477657681408,0.05492831223725429,0.02190546260960547,0.0006878023464481262,0.06989947664494184,0.04647042762547703,0.01087978257108854,/common/users/shared/pracsys/adaptive_roa_experiments/quadrotor_stoch/q2d_nd_clf_epi_var_anch,0.9713972039195615,0.7220064282083609
clf,noisy_dynamics_f_0.150,clf_epi_var_anch,12,0.00048178928230489175,1.0,0.028962805845956084,50.0,0.024312922520504966,0.0011253081381738372,0.0011253081381738372,0.016644597154888897,0.018443346800395256,0.019765205461703593,0.023354387718783075,0.022959083609549003,0.022959083609549003,0.9666228279514537,0.9687279199814919,0.9893828328702826,-0.01373675966155524,0.006584011144511683,4.789289377249428e-05,0.0069793152537457525,-0.0008557834483222627,0.7227397070535684,0.5220133800573431,0.08282319049333813,0.08742188599377083,0.18267882128800783,0.059337315600780045,0.0,20,479789,0.8617315552619628,0.9009236859467781,0.688622754491018,0.6223573963085547,0.367465016146394,0.044061302681992334,6.2442284480037245e-06,1.2665404942998216e-05,0.00014787342174420003,0.00658401114451175,0.05048260797975777,0.018954165268482603,0.0006961393445868913,0.06989947664494184,0.04647042762547703,0.01087978257108854,/common/users/shared/pracsys/adaptive_roa_experiments/quadrotor_stoch/q2d_nd_clf_epi_var_anch,0.972333457467163,0.7132284869691706
clf,noisy_dynamics_f_0.150,clf_epi_var_anch,13,0.0004330834178313958,1.0,0.025892325682011372,50.0,0.023369140710503555,0.0006107522503768109,0.0006107522503768109,0.016778445596119358,0.019710710217117518,0.019765205461703593,0.023354387718783075,0.022959083609549003,0.022959083609549003,0.9684986525326759,0.9714791293672844,0.9893348951309847,-0.010418165505381063,0.0059521017228469425,4.4415438501352004e-05,0.0063474058320810165,-0.000839288540959513,0.7491702071163038,0.5909607221856877,0.12274987142122408,0.08435140582984721,0.18267882128800783,0.059337315600780045,0.0,20,479789,0.8447546689621618,0.8859114536655315,0.5840130505709625,0.6730178608700838,0.4433530678148547,0.0685823754789272,5.350980509019644e-06,1.2665404866570926e-05,0.00012306625994522365,0.005952101722846958,0.05568906331741662,0.02325605630808543,0.0012776449647657615,0.06989947664494184,0.04647042762547703,0.01087978257108854,/common/users/shared/pracsys/adaptive_roa_experiments/quadrotor_stoch/q2d_nd_clf_epi_var_anch,0.9728910887249633,0.7407517728463962
clf,noisy_dynamics_f_0.150,clf_epi_var_anch,14,0.0004499110379658696,1.0,0.027842935782858527,50.0,0.024336146833949635,0.0014761676057019931,0.0014761676057019931,0.017005507306299017,0.018273688862762302,0.019765205461703593,0.023354387718783075,0.022959083609549003,0.022959083609549003,0.9674544435157955,0.9678191871843664,0.9892285984047154,-0.015052596781918517,0.006522854956975658,4.647016574833426e-05,0.006918159066209731,-0.0009068889519763196,0.7270725184835612,0.48748589258447855,0.02416918429003021,0.08630201593066472,0.18267882128800783,0.059337315600780045,0.0,20,479789,0.8784845413076533,0.9378033205619413,0.8421052631578947,0.6201806959477592,0.3293415859346968,0.012260536398467433,1.0208547869037903e-07,1.2665404950967597e-05,0.00012449001907363787,0.006522854956975708,0.04934669198335102,0.016319673856632813,0.00015840296463653813,0.06989947664494184,0.04647042762547703,0.01087978257108854,/common/users/shared/pracsys/adaptive_roa_experiments/quadrotor_stoch/q2d_nd_clf_epi_var_anch,0.973656790318972,0.7158921903022858
clf,noisy_dynamics_f_0.150,clf_epi_var_anch,15,0.00043435428424418035,1.0,0.02611363719929586,50.0,0.023540061015476562,0.0009988948343266158,0.0009988948343266158,0.016992245991567286,0.019359282453838413,0.019765205461703593,0.023354387718783075,0.022959083609549003,0.022959083609549003,0.9687862789684633,0.9703432133708776,0.9893140526356378,-0.01270477797764999,0.0059466274303093475,4.3546102431961696e-05,0.006341931539543422,-0.0010191050219989818,0.7460575846983416,0.5468038347612829,0.04684885666480758,0.08457271734712327,0.18267882128800783,0.059337315600780045,0.0,20,479789,0.864842552187758,0.9431930557081639,0.7924528301886793,0.6559620717416584,0.38500179404377466,0.02413793103448276,2.279909024289222e-06,1.2593944978196259e-05,0.0001227969208233845,0.005946627430309338,0.05301705541394238,0.018968755015225443,0.00033139567601591535,0.06989947664494184,0.04647042762547703,0.01087978257108854,/common/users/shared/pracsys/adaptive_roa_experiments/quadrotor_stoch/q2d_nd_clf_epi_var_anch,0.9734847132613875,0.7409902097383337
clf,noisy_dynamics_f_0.150,clf_epi_var_anch,16,0.0004000016828879176,1.0,0.024355931811162936,50.0,0.02306641509938977,0.0007346081782338335,0.0007346081782338335,0.017124074211839226,0.01991472508457881,0.019765205461703593,0.023354387718783075,0.022959083609549003,0.022959083609549003,0.9695324403018827,0.9715041403617006,0.9893536533767969,-0.011008251302488855,0.005630473597593804,4.130377918379497e-05,0.006025777706827876,-0.0009391439783498082,0.7569095686300595,0.582355816226784,0.056171470805617144,0.08281501195900066,0.18267882128800783,0.059337315600780045,0.0,20,479789,0.8556604128285145,0.9130268199233716,0.7916666666666666,0.6785937919312998,0.4275206315034087,0.029118773946360154,1.0208547863741764e-07,1.2593944911380155e-05,8.973968080941876e-05,0.005630473597593787,0.055434784874184274,0.02175956514217708,0.00040017591066072793,0.06989947664494184,0.04647042762547703,0.01087978257108854,/common/users/shared/pracsys/adaptive_roa_experiments/quadrotor_stoch/q2d_nd_clf_epi_var_anch,0.9740190693396575,0.7547605255789909
clf,noisy_dynamics_f_0.150,clf_epi_var_anch,17,0.0003994063777144112,1.0,0.024632174495976957,50.0,0.022910469543920918,0.0008237162313867911,0.0008237162313867911,0.01718714014759774,0.019429218351970104,0.019765205461703593,0.023354387718783075,0.022959083609549003,0.022959083609549003,0.9694928395607235,0.9713957593858967,0.9894245178609764,-0.011632775528911465,0.00565324598742521,4.1577376390332535e-05,0.006048550096659281,-0.0009424137059128451,0.7549185405957503,0.5786047654139032,0.08609510086455331,0.0830912546438,0.18267882128800783,0.059337315600780045,0.0,20,479789,0.8608798594668907,0.9172507788161994,0.7198795180722891,0.6721829621015595,0.4225870111230714,0.04578544061302682,5.265909277325757e-06,1.259394516602124e-05,8.809115097501734e-05,0.0056532459874252235,0.05457815831542616,0.021409411220348944,0.0006919708455175087,0.06989947664494184,0.04647042762547703,0.01087978257108854,/common/users/shared/pracsys/adaptive_roa_experiments/quadrotor_stoch/q2d_nd_clf_epi_var_anch,0.9742299276229281,0.7537686571656568
clf,noisy_dynamics_f_0.150,clf_epi_var_anch,18,0.00042814708314859487,1.0,0.026272789489787878,50.0,0.02359256084951321,0.0013222537291789917,0.0013222537291789917,0.01724066892340452,0.018543358294170018,0.019765205461703593,0.023354387718783075,0.022959083609549003,0.022959083609549003,0.9685465902719738,0.969638737028152,0.9892369354028542,-0.01425174809383401,0.006069347202992574,4.414818667202115e-05,0.006464651312226645,-0.0009713212123309009,0.7380716827215136,0.5284692325122196,0.02602791399471897,0.084731869637602,0.18267882128800783,0.059337315600780045,0.0,20,479789,0.8830467646814519,0.9495172734674887,0.8414634146341463,0.633986343441572,0.3661194833153929,0.013218390804597701,6.159157216141515e-06,1.2665405013848566e-05,0.00010893507710358706,0.006069347202992623,0.050184560296296914,0.017918293249741032,0.0001709084618446859,0.06989947664494184,0.04647042762547703,0.01087978257108854,/common/users/shared/pracsys/adaptive_roa_experiments/quadrotor_stoch/q2d_nd_clf_epi_var_anch,0.974200948660292,0.73564505856548
clf,noisy_dynamics_f_0.150,clf_epi_var_anch,19,0.00037739635562024327,1.0,0.023477483215552555,50.0,0.022269870938003256,0.0009081319138517232,0.0009081319138517232,0.01755683712146612,0.019418598611787394,0.019765205461703593,0.023354387718783075,0.022959083609549003,0.022959083609549003,0.971387422387758,0.9718542942835288,0.9894078438646988,-0.011885551737319951,0.00535848723415008,4.0246739493654246e-05,0.005753791343384152,-0.0009518911677845257,0.7692152511599758,0.5826688917732864,0.079014135556361,0.08193656336337189,0.18267882128800783,0.059337315600780045,0.0,20,479789,0.8817204301075269,0.9368912741005764,0.7315436241610739,0.6821719295106897,0.4228112665949049,0.04176245210727969,2.5521369679735936e-08,1.1147734158424487e-05,8.087295282266688e-05,0.0053584872341501276,0.054080022676634934,0.020971718818063773,0.0006211063613380048,0.06989947664494184,0.04647042762547703,0.01087978257108854,/common/users/shared/pracsys/adaptive_roa_experiments/quadrotor_stoch/q2d_nd_clf_epi_var_anch,0.9750914099900581,0.7666070943736879
clf,noisy_dynamics_f_0.150,clf_epi_var_anch,20,0.00035889292263208757,1.0,0.02258900256588252,50.0,0.022436214255838565,0.000993882648433423,0.000993882648433423,0.017645707128593528,0.019774048290241857,0.019765205461703593,0.023354387718783075,0.022959083609549003,0.022959083609549003,0.9713957593858967,0.9707579790282812,0.9893786643712131,-0.011983615356352529,0.0053362217684170135,3.900938596392553e-05,0.005731525877651083,-0.000971037360971887,0.7703019347927964,0.5544900292137686,0.059084194977843424,0.08104808271370441,0.18267882128800783,0.059337315600780045,0.0,20,479789,0.8779520048834459,0.9494345367551109,0.8163265306122449,0.6861675164743418,0.39159490491567994,0.03065134099616858,2.1948377925239013e-06,1.2593945109234378e-05,6.817063639039289e-05,0.005336221768416972,0.05463026455379344,0.019166758721021117,0.0004085129087994931,0.06989947664494184,0.04647042762547703,0.01087978257108854,/common/users/shared/pracsys/adaptive_roa_experiments/quadrotor_stoch/q2d_nd_clf_epi_var_anch,0.975552141049859,0.7675768833300645
clf,noisy_dynamics_f_0.150,clf_epi_var_anch,21,0.00038882126133421097,1.0,0.024111555222646696,50.0,0.022809819534962004,0.0011208355461093283,0.0011208355461093283,0.01759615369401628,0.019225525196869365,0.019765205461703593,0.023354387718783075,0.022959083609549003,0.022959083609549003,0.970853854506877,0.9703703086148286,0.989272367644944,-0.012932969988745081,0.00553266810666079,4.062586045093524e-05,0.00592797221589486,-0.0009510973549812654,0.7621121393576482,0.5476645029909635,0.029051122429730236,0.08257063537046704,0.18267882128800783,0.059337315600780045,0.0,20,479789,0.8872341268269497,0.9424003504161191,0.9506172839506173,0.6679190148194531,0.38598851811984214,0.01475095785440613,1.0208547871465525e-07,1.2593945098282955e-05,7.79155213535902e-05,0.005532668106660765,0.05262104800235103,0.019033366750800872,0.0001688242123099946,0.06989947664494184,0.04647042762547703,0.01087978257108854,/common/users/shared/pracsys/adaptive_roa_experiments/quadrotor_stoch/q2d_nd_clf_epi_var_anch,0.9749906626406694,0.75902051663945
clf,noisy_dynamics_f_0.150,clf_epi_var_anch,22,0.0003651257417340714,1.0,0.02274128409744077,50.0,0.02240086867420188,0.0009629739752637698,0.0009629739752637698,0.0176885836752371,0.01975719364989201,0.019765205461703593,0.023354387718783075,0.022959083609549003,0.022959083609549003,0.9717125653151698,0.9710893747042971,0.9893348951309847,-0.011858687954216235,0.005283636988922527,3.895357890158205e-05,0.005678941098156599,-0.0009498369206531482,0.7723659052027775,0.5652133028241858,0.04586984896513146,0.08120036424527284,0.18267882128800783,0.059337315600780045,0.0,20,479789,0.882691201840138,0.9384823566149683,0.8601398601398601,0.6865551480454424,0.40437746681019016,0.023563218390804597,2.2969232709697133e-07,1.2593945055197464e-05,6.59358012290671e-05,0.005283636988922535,0.05436764911242233,0.020023385279779236,0.00029804768346085466,0.06989947664494184,0.04647042762547703,0.01087978257108854,/common/users/shared/pracsys/adaptive_roa_experiments/quadrotor_stoch/q2d_nd_clf_epi_var_anch,0.9753504796070487,0.7698672525969203
clf,noisy_dynamics_f_0.150,clf_epi_var_anch,23,0.0003527555827298247,1.0,0.02192816738318141,50.0,0.02188112171223867,0.0007350919363320704,0.0007350919363320704,0.01768633990979723,0.020184751899193783,0.019765205461703593,0.023354387718783075,0.022959083609549003,0.022959083609549003,0.9720293712444429,0.9725337596318382,0.9894328548591151,-0.010524108487468467,0.005059597812841836,3.782928157007786e-05,0.005454901922075909,-0.0009482378232420078,0.7791964197571489,0.5974462365591399,0.08780136739834472,0.08038724753101248,0.18267882128800783,0.059337315600780045,0.0,20,479789,0.8692412172827723,0.9366858237547893,0.7218934911242604,0.7060559978531175,0.4385988518119842,0.04674329501915709,7.537311178984771e-06,1.2597348009882115e-05,7.731741493194519e-05,0.005059597812841843,0.05677704157452547,0.02175956514217708,0.0007044763427256564,0.06989947664494184,0.04647042762547703,0.01087978257108854,/common/users/shared/pracsys/adaptive_roa_experiments/quadrotor_stoch/q2d_nd_clf_epi_var_anch,0.9754623376842481,0.7796254459068446
fm,corridor_sine_ambient_smooth,dir00_s42,0,0.009665072317078475,100.0,0.13778750736771397,50.0,0.04494261018906227,0.009255290297459409,0.009153435572220446,0.02481923390644713,0.010185472523896288,0.01352589643891505,0.042607102789377564,0.04233658486059926,0.042336584860599255,0.9483314540350029,0.950484483804339,0.9590424123937814,-0.040154130253090434,0.026670786526372465,0.00017062325939280656,0.0270431591803897,-1.457167719820518e-16,0.5103886869963659,0.3272068194047181,0.15074117291153466,0.1796404769547497,0.22528469017533734,0.04274703240871915,0.0,100,479789,0.8998537502611602,0.9020924422236103,0.8429192846785887,0.35621536680175336,0.19984778773307504,0.0827717133364974,0.008808573138503218,0.008870714270826986,0.008798139151865742,0.02667078652637536,0.029927739068632254,0.01334753402016303,0.004312312287276282,0.07560198337185721,0.06024940129932116,0.04391513769594551,/common/users/shared/pracsys/adaptive_roa_experiments/quadrotor_stoch/q2d_cs_dir00_s42,0.8745455189410554,0.37002980721778156
fm,corridor_sine_ambient_smooth,dir00_s42,1,0.009322673864547923,100.0,0.13972441370171093,50.0,0.045785939235789073,0.011436841876802049,0.011341361051908295,0.026066512711716176,0.009548082489375432,0.01352589643891505,0.042607102789377564,0.04233658486059926,0.042336584860599255,0.9469370910962944,0.9488108314279818,0.9581295110975866,-0.04304360875301433,0.02761143320079126,0.00017380717021913826,0.027977431954463314,-1.214306433183765e-16,0.47408539734346916,0.2673905261901921,0.09357938907187655,0.18157738328873688,0.22528469017533734,0.04274703240871915,0.0,96,479789,0.9455339485827291,0.9707602339181286,0.9487648673376029,0.31635100487966256,0.15504895008129518,0.04921689606074988,0.008382425814695331,0.008561405478842715,0.008503839477390808,0.0276114332007939,0.025294452353013513,0.009622980101669691,0.0022780847414175815,0.07560198337185721,0.06024940129932116,0.04391513769594551,/common/users/shared/pracsys/adaptive_roa_experiments/quadrotor_stoch/q2d_cs_dir00_s42,0.8777858162692531,0.3478115135713752
fm,corridor_sine_ambient_smooth,dir00_s42,2,0.008417014460060653,100.0,0.13533107107808223,50.0,0.04609861835098345,0.012051030633816734,0.011952732939360937,0.026335647288664266,0.009829769445579728,0.01352589643891505,0.042607102789377564,0.04233658486059926,0.042336584860599255,0.9463264059826298,0.947635314690416,0.957702239942975,-0.04311434818222177,0.027953670511295863,0.0001751543102161059,0.02832248613452998,-5.551115123125783e-17,0.4681097157964309,0.2399104495673746,0.0749384629410156,0.17718404066511118,0.22528469017533734,0.04274703240871915,0.0,98,479789,0.933212550440583,0.9561128526645768,0.9470046082949308,0.31240867863148897,0.13716400871761164,0.03901281442809682,0.007450921342713359,0.0074970010263845374,0.007454122147827739,0.02795367051129848,0.025309042099756353,0.008643382820364785,0.001809128596112041,0.07560198337185721,0.06024940129932116,0.04391513769594551,/common/users/shared/pracsys/adaptive_roa_experiments/quadrotor_stoch/q2d_cs_dir00_s42,0.8892346947624375,0.3397277885465183
fm,corridor_sine_ambient_smooth,dir00_s42,3,0.005710337701615584,100.0,0.10592864124122699,50.0,0.04183088816125423,0.008904393911086364,0.008782759280914022,0.027695823560813033,0.012163463017234156,0.01352589643891505,0.042607102789377564,0.04233658486059926,0.042336584860599255,0.9533690851603518,0.9529293085085319,0.9598365114664988,-0.03647686795653923,0.023423520580700335,0.0001542157785548502,0.02381567313965097,7.28583859910259e-17,0.5811319341733286,0.38318675916316164,0.17437874892887745,0.1477816108282729,0.22528469017533734,0.04274703240871915,0.0,101,479789,0.9054842473745625,0.9102114960425587,0.8964757709251101,0.4278664571444325,0.242674784654236,0.0965828191741813,0.004807256235827756,0.004681034347084728,0.004759510006716486,0.0234235205807031,0.03572403702460873,0.016063311163865782,0.0047312464437492315,0.07560198337185721,0.06024940129932116,0.04391513769594551,/common/users/shared/pracsys/adaptive_roa_experiments/quadrotor_stoch/q2d_cs_dir00_s42,0.9186596393381297,0.4467309855571382
fm,corridor_sine_ambient_smooth,dir00_s42,4,0.005714142372960977,100.0,0.10764911750731368,50.0,0.042872596078692926,0.009648481438277002,0.009527663345492066,0.02771604372130706,0.012081809278493654,0.01352589643891505,0.042607102789377564,0.04233658486059926,0.042336584860599255,0.9519663852235045,0.951557872314705,0.9587693757047369,-0.03813822326064164,0.02414820448478435,0.0001562640639032919,0.024539540506347587,7.979727989493313e-17,0.5584211534776777,0.34125049600362795,0.12391496899911425,0.14950208709436807,0.22528469017533734,0.04274703240871915,0.0,100,479789,0.915499151850223,0.9443137254901961,0.9264900662251656,0.40173131530339373,0.20825405611097658,0.06639772187944945,0.004840910415313595,0.004687101627370187,0.004678788041196712,0.0241482044847871,0.03317499984368129,0.013287090783656983,0.00314721679738385,0.07560198337185721,0.06024940129932116,0.04391513769594551,/common/users/shared/pracsys/adaptive_roa_experiments/quadrotor_stoch/q2d_cs_dir00_s42,0.9195361854639619,0.4296137828713248
fm,corridor_sine_ambient_smooth,dir00_s42,5,0.005067914379553581,100.0,0.10164371523092083,50.0,0.041971741744808666,0.009233041250354243,0.00910643490186911,0.028277290785488858,0.012660634848513269,0.01352589643891505,0.042607102789377564,0.04233658486059926,0.042336584860599255,0.9544320524230443,0.9522998651490551,0.9585296870082474,-0.03715708363468107,0.02316572897697958,0.00015127892809252313,0.02356285325424301,6.245004513516506e-17,0.591368708296731,0.35933038463691847,0.11186001874748919,0.14349668481797467,0.22528469017533734,0.04274703240871915,0.0,101,479789,0.918165989553105,0.9417461482024945,0.9399849962490623,0.43613707165109034,0.22202234752828034,0.05946843853820598,0.004111569219696945,0.00399514583548673,0.004023609819091859,0.02316572897698135,0.03591161948273095,0.014204160578921151,0.0027783046297434914,0.07560198337185721,0.06024940129932116,0.04391513769594551,/common/users/shared/pracsys/adaptive_roa_experiments/quadrotor_stoch/q2d_cs_dir00_s42,0.9269293023105956,0.45282008330958035
fm,corridor_sine_ambient_smooth,dir00_s42,6,0.004724394731785535,100.0,0.09521397160812445,50.0,0.040658872962906614,0.008346783717126788,0.0082145307450659,0.028650813697415407,0.013225297206088768,0.01352589643891505,0.042607102789377564,0.04233658486059926,0.042336584860599255,0.9564100052314664,0.954096488247959,0.9592946065874791,-0.035135778435937466,0.021900301908249802,0.00014531341235418522,0.022303072809088987,4.163336342344337e-17,0.6198836786623046,0.4024959305480196,0.14835164835164835,0.1370669411951782,0.22528469017533734,0.04274703240871915,0.0,101,479789,0.9096388755534219,0.9327297875015718,0.9135338345864662,0.4701292972734541,0.2566160445566818,0.08073089700996677,0.003868963079510596,0.0036980941066478827,0.003699935048114234,0.021900301908250933,0.03907342602685764,0.01657603654939984,0.0038808726335951846,0.07560198337185721,0.06024940129932116,0.04391513769594551,/common/users/shared/pracsys/adaptive_roa_experiments/quadrotor_stoch/q2d_cs_dir00_s42,0.930477555419387,0.4827097655524071
fm,corridor_sine_ambient_smooth,dir00_s42,7,0.004635610722905693,100.0,0.09840149435674467,50.0,0.04176525514340679,0.009147619674510133,0.009018911667743438,0.028345817924600697,0.012870800676669507,0.01352589643891505,0.042607102789377564,0.04233658486059926,0.042336584860599255,0.9543966201809545,0.9524040776257897,0.9587568702075288,-0.036653299679650836,0.023009678603742072,0.00015082081938713306,0.023408904539287064,6.591949208711867e-17,0.5916234275262235,0.362122905027933,0.12395962457942271,0.1402544639438038,0.22528469017533734,0.04274703240871915,0.0,101,479789,0.9158624674949437,0.9403742927607718,0.922266139657444,0.43693656438673395,0.22423634413809804,0.0664451827242525,0.0036023328233313247,0.0035931978744102263,0.003619291773484298,0.023009678603743346,0.0360679381978328,0.014366732042627072,0.0031638907936613805,0.07560198337185721,0.06024940129932116,0.04391513769594551,/common/users/shared/pracsys/adaptive_roa_experiments/quadrotor_stoch/q2d_cs_dir00_s42,0.9317585384863357,0.4565060294894938
fm,corridor_sine_ambient_smooth,dir00_s42,8,0.004020854566310241,100.0,0.08567724674554338,50.0,0.038811748497777146,0.006647404279002356,0.006506328002858998,0.028911051299281468,0.01410762761433577,0.01352589643891505,0.042607102789377564,0.04233658486059926,0.042336584860599255,0.9586630789784676,0.9573291592762652,0.9604784603231837,-0.03145393079040996,0.019931861564176843,0.00013531886214338256,0.020343455769098493,4.163336342344337e-17,0.6539287022980683,0.47832844948401065,0.20991666666666667,0.12753021633260989,0.22528469017533734,0.04274703240871915,0.0,101,479789,0.8907586993725043,0.9079125556200426,0.8597269624573379,0.516582582085849,0.32469644030857575,0.11955386805885145,0.003044954616624369,0.003083621193115574,0.0031468040226783384,0.01993186156417743,0.043844273211766004,0.02154697168963857,0.006106851136645484,0.07560198337185721,0.06024940129932116,0.04391513769594551,/common/users/shared/pracsys/adaptive_roa_experiments/quadrotor_stoch/q2d_cs_dir00_s42,0.9375506044938375,0.5292047851803341
fm,corridor_sine_ambient_smooth,dir00_s42,9,0.0038999634834301316,100.0,0.08370726520984277,50.0,0.03840611185333553,0.006881622781656665,0.00674099354545896,0.029515792677616535,0.014062923619770485,0.01352589643891505,0.042607102789377564,0.04233658486059926,0.042336584860599255,0.9599052917011436,0.9578210421664524,0.9602721196192493,-0.03166118856413965,0.019561785728441722,0.0001331966427255257,0.019972932893417734,4.163336342344337e-17,0.6637182064504851,0.48570484637474903,0.2000251815167667,0.1255602347969074,0.22528469017533734,0.04274703240871915,0.0,101,479789,0.906936747563539,0.9151503543382494,0.8643453028654334,0.5233644859813084,0.330577368803404,0.11309919316563835,0.0029826994888494966,0.0029932517245002672,0.00301064964221171,0.019561785728442523,0.04362751126015811,0.021763733641246466,0.0057462759671438905,0.07560198337185721,0.06024940129932116,0.04391513769594551,/common/users/shared/pracsys/adaptive_roa_experiments/quadrotor_stoch/q2d_cs_dir00_s42,0.9402860428480021,0.5379460626582804
fm,corridor_sine_ambient_smooth,dir00_s42,10,0.004071870402116964,100.0,0.0866017510670387,50.0,0.03880349486961977,0.007161314320027961,0.007024615384757362,0.029433252068106167,0.013669893527059914,0.01352589643891505,0.042607102789377564,0.04233658486059926,0.042336584860599255,0.9587943866991532,0.9575000677381099,0.9605055555671347,-0.032449993643038924,0.0199279481772505,0.00013489099649880267,0.0203351650412994,4.163336342344337e-17,0.651002683236831,0.47657673845521986,0.20150857528127764,0.12845472065409788,0.22528469017533734,0.04274703240871915,0.0,101,479789,0.9049815950920246,0.923681592039801,0.8985343855693348,0.5083395362942134,0.3211332895146504,0.11347887992406265,0.0031847606797361723,0.003146488833762781,0.0031541584307080354,0.01992794817725111,0.04246658426933506,0.02094670782364748,0.005546188011813526,0.07560198337185721,0.06024940129932116,0.04391513769594551,/common/users/shared/pracsys/adaptive_roa_experiments/quadrotor_stoch/q2d_cs_dir00_s42,0.9374295517825012,0.5292972202914614
fm,corridor_sine_ambient_smooth,dir00_s42,11,0.002894205582460762,100.0,0.07531114119719098,50.0,0.03793586347331847,0.007182174060258241,0.007037038832358923,0.030583893441512678,0.01451352278993179,0.01352589643891505,0.042607102789377564,0.04233658486059926,0.042336584860599255,0.9607389915150202,0.957931507391791,0.9604617863269062,-0.03124492224707111,0.018789730251445536,0.0001270573050913027,0.019205383408123156,3.122502256758253e-17,0.6719378602901478,0.48523335883703134,0.2035435385002939,0.11716411078426067,0.22528469017533734,0.04274703240871915,0.0,101,479789,0.9122765534852927,0.9233233038920703,0.8820960698689956,0.5318280814931216,0.3290898398311828,0.11504508780256288,0.0020598127326963956,0.001919227417097097,0.0019137177787391414,0.018789730251446948,0.04407354066058205,0.021474022955924377,0.0057275177213316686,0.07560198337185721,0.06024940129932116,0.04391513769594551,/common/users/shared/pracsys/adaptive_roa_experiments/quadrotor_stoch/q2d_cs_dir00_s42,0.9528288082357148,0.5561821929351631
fm,corridor_sine_ambient_smooth,dir00_s42,12,0.003009004427597359,100.0,0.07304944046292797,50.0,0.0371420770380313,0.007020076877963465,0.006873256572210796,0.031134765710372467,0.014682030575266977,0.01352589643891505,0.042607102789377564,0.04233658486059926,0.042336584860599255,0.9621917134407,0.9586213939877738,0.960720233269208,-0.030796079109775342,0.018075075722437616,0.000123290408604014,0.01849241395696859,2.7755575615628914e-17,0.6863978977940668,0.4966150257359466,0.20974505199597449,0.11490241004999581,0.22528469017533734,0.04274703240871915,0.0,101,479789,0.9203096750266562,0.9298328902392708,0.900287976961843,0.5472941306205718,0.33877607499913515,0.11869957285239677,0.0022036086366016305,0.002114663260414612,0.002106272259419674,0.01807507572243908,0.044959346712825844,0.021951316099368682,0.005790045207372407,0.07560198337185721,0.06024940129932116,0.04391513769594551,/common/users/shared/pracsys/adaptive_roa_experiments/quadrotor_stoch/q2d_cs_dir00_s42,0.9523345811355793,0.5730624994445579
fm,corridor_sine_ambient_smooth,dir00_s42,13,0.0028041259923248345,100.0,0.07194686000781197,50.0,0.036379846140699335,0.006678664191584288,0.006534803518065578,0.0313731330939824,0.01438606735187107,0.01352589643891505,0.042607102789377564,0.04233658486059926,0.042336584860599255,0.9625418673625281,0.9604993028185307,0.96151641659146,-0.029944267167442362,0.017498255284682476,0.00012074784170082255,0.01791263388697949,4.163336342344337e-17,0.6910009972146763,0.5318875660722225,0.24673629242819847,0.1137998295948695,0.22528469017533734,0.04274703240871915,0.0,101,479789,0.918041025172461,0.9298730460316089,0.8785589773387565,0.5539933283709646,0.37247033590479817,0.14352159468438538,0.001997829832864793,0.0019527931225013782,0.0019502494926564925,0.01749825528468328,0.045622138064857674,0.024133525362190465,0.007173986898407425,0.07560198337185721,0.06024940129932116,0.04391513769594551,/common/users/shared/pracsys/adaptive_roa_experiments/quadrotor_stoch/q2d_cs_dir00_s42,0.9523928139570659,0.586687132599415
fm,corridor_sine_ambient_smooth,dir00_s42,14,0.002479417775983671,100.0,0.06876898835834307,50.0,0.03602385632017408,0.006671874496736496,0.006525913826019943,0.03172886442400178,0.014596067071655299,0.01352589643891505,0.042607102789377564,0.04233658486059926,0.042336584860599255,0.9631379627294498,0.9609786802115097,0.9614267938614682,-0.029554387449483004,0.017133634262617447,0.00011845931859053622,0.017550112862112305,2.42861286636753e-17,0.6977991934932677,0.5404742035246184,0.2421686253634167,0.11062195794540342,0.22528469017533734,0.04274703240871915,0.0,101,479789,0.9176666217248663,0.9302915082382763,0.8824231572664876,0.5629255920381551,0.3808766042826997,0.14034171808258186,0.0016989150440392434,0.0015904168958273523,0.00160026218953793,0.01713363426261782,0.04637663639641593,0.024667093243071432,0.006984320190750517,0.07560198337185721,0.06024940129932116,0.04391513769594551,/common/users/shared/pracsys/adaptive_roa_experiments/quadrotor_stoch/q2d_cs_dir00_s42,0.9567600887277224,0.5952995661073517
fm,corridor_sine_ambient_smooth,dir00_s42,15,0.0025941104773270834,100.0,0.0717555529331712,50.0,0.0371356783919598,0.007232088860375047,0.007086316946875445,0.03139651684895478,0.014577191349960213,0.01352589643891505,0.042607102789377564,0.04233658486059926,0.042336584860599255,0.9619207610011901,0.9591216138760997,0.9606827167775834,-0.03099564600272203,0.01802638495851995,0.00012264027043500174,0.018442674800797844,1.3877787807814457e-17,0.6837349397590362,0.50368195966293,0.20572631578947367,0.11360852252023836,0.22528469017533734,0.04274703240871915,0.0,100,479789,0.9187718073970691,0.9379830348727616,0.9115671641791044,0.5444545529732859,0.34427647282665097,0.11594684385382059,0.00176057467318822,0.001678278464515359,0.001718615414652139,0.01802638495852114,0.044800943748189305,0.022113887563074603,0.005585788752972661,0.07560198337185721,0.06024940129932116,0.04391513769594551,/common/users/shared/pracsys/adaptive_roa_experiments/quadrotor_stoch/q2d_cs_dir00_s42,0.955977804972402,0.5742125866345849
fm,corridor_sine_ambient_smooth,dir00_s42,16,0.002538210594560352,100.0,0.07015851323521795,50.0,0.036506193347492326,0.006840719182772399,0.006694712018554105,0.03152517118190677,0.014600716421829448,0.01352589643891505,0.042607102789377564,0.04233658486059926,0.042336584860599255,0.9626773435822831,0.9600053356788089,0.9610745556901055,-0.029968944681933108,0.017506125697246615,0.0001199578636952172,0.01792265079024321,1.734723475976807e-17,0.6931999246149365,0.5237870703561236,0.23017312448474855,0.11201148282228256,0.22528469017533734,0.04274703240871915,0.0,101,479789,0.9156332035846836,0.9266772040744643,0.8752351097178683,0.5577151048989607,0.36506728474072025,0.13251067869008068,0.0017291238386181634,0.00168012280883097,0.0016908609251242012,0.017506125697247295,0.046049409219469394,0.023735433701064425,0.00664875601566522,0.07560198337185721,0.06024940129932116,0.04391513769594551,/common/users/shared/pracsys/adaptive_roa_experiments/quadrotor_stoch/q2d_cs_dir00_s42,0.9560733806168542,0.5865012316206266
fm,corridor_sine_ambient_smooth,dir00_s42,17,0.002260780804494774,100.0,0.06373412448295894,50.0,0.03485209123177063,0.0060827991453714205,0.0059309777291769155,0.0323695825860353,0.015182141619450525,0.01352589643891505,0.042607102789377564,0.04233658486059926,0.042336584860599255,0.9652951609978553,0.962785724558087,0.961462226103558,-0.028390750934264852,0.015897980003740896,0.00011109270487758703,0.016320319348713707,2.0816681711721685e-17,0.7204754150648827,0.5697279321396728,0.2395953281789768,0.10558709407002233,0.22528469017533734,0.04274703240871915,0.0,101,479789,0.921145260989011,0.9389197776012709,0.8974121996303143,0.5915970556612357,0.4089320925727333,0.13825344091124822,0.0015409632870843507,0.001470847577447825,0.0014604986620422665,0.01589798000374126,0.04855467716016832,0.02624070164176336,0.006765473989607932,0.07560198337185721,0.06024940129932116,0.04391513769594551,/common/users/shared/pracsys/adaptive_roa_experiments/quadrotor_stoch/q2d_cs_dir00_s42,0.9597039948671856,0.6244860076435588
fm,corridor_sine_ambient_smooth,dir00_s42,18,0.002150568181452052,100.0,0.06740791531320936,50.0,0.03692210534213998,0.00781694883797274,0.007667483606928732,0.0323412844109281,0.014946523104400847,0.01352589643891505,0.042607102789377564,0.04233658486059926,0.042336584860599255,0.9630796037424785,0.9583921265389578,0.9597989949748744,-0.031438861666274125,0.017662784056599917,0.00011894119659334539,0.018082767216422217,1.3877787807814457e-17,0.692529334166493,0.48547642980489186,0.1706939547682518,0.1092608849002768,0.22528469017533734,0.04274703240871915,0.0,101,479789,0.934861052532921,0.9520824909017388,0.9072212065813529,0.5499682959777245,0.3258034386134846,0.09420977693402943,0.0012611044542871826,0.0012428362578696395,0.0013022193808431344,0.017662784056600673,0.04447580082077747,0.020617396397166254,0.004560337981904546,0.07560198337185721,0.06024940129932116,0.04391513769594551,/common/users/shared/pracsys/adaptive_roa_experiments/quadrotor_stoch/q2d_cs_dir00_s42,0.9619521821796437,0.5828009246669806
fm,corridor_sine_ambient_smooth,dir00_s42,19,0.0020390334443339776,100.0,0.06045215044050636,50.0,0.03420534860115592,0.006077154559496961,0.00592517494665747,0.03278359789232176,0.01519796128394908,0.01352589643891505,0.042607102789377564,0.04233658486059926,0.042336584860599255,0.9659225201077973,0.9630233290050418,0.9621812921930265,-0.027758139515495342,0.015478161914934983,0.00010863390885434556,0.015900659456552776,1.3877787807814457e-17,0.7264788543897216,0.5739944771281065,0.2692013371460792,0.1023051200275679,0.22528469017533734,0.04274703240871915,0.0,101,479789,0.9238395098498065,0.9382948657560056,0.8890662410215483,0.5985995092768726,0.4134638668834538,0.1586141433317513,0.0013256309839636438,0.001270749830601928,0.0012478078206835217,0.015478161914934922,0.04898611681384942,0.02654917057289767,0.007834694000904564,0.07560198337185721,0.06024940129932116,0.04391513769594551,/common/users/shared/pracsys/adaptive_roa_experiments/quadrotor_stoch/q2d_cs_dir00_s42,0.9635580103277953,0.6344022087303549
fm,corridor_sine_ambient_smooth,dir00_s42,20,0.001893562106272585,100.0,0.05820946036768933,50.0,0.03380415140822318,0.005405749096163021,0.005248669385765915,0.03260218386272224,0.01570797103971062,0.01352589643891505,0.042607102789377564,0.04233658486059926,0.042336584860599255,0.9661601245547522,0.964501061925138,0.9622834204202264,-0.02649885678913023,0.01498307038364295,0.00010621601026090916,0.015410668022818359,1.5612511283791264e-17,0.7311386368152614,0.6002816240319174,0.2725518572117704,0.10006242995476163,0.22528469017533734,0.04274703240871915,0.0,101,479789,0.9154468173336098,0.9332992775304678,0.8906988964792433,0.6086069528299286,0.44241879129622586,0.1608922638822971,0.0012028817029218952,0.0011083182225556946,0.0011239568671838685,0.01498307038364266,0.05026167752908049,0.028560471373874765,0.007932653729035054,0.07560198337185721,0.06024940129932116,0.04391513769594551,/common/users/shared/pracsys/adaptive_roa_experiments/quadrotor_stoch/q2d_cs_dir00_s42,0.964692007675988,0.6460963860694626
fm,corridor_sine_ambient_smooth,epi_var,0,0.009666241582166423,100.0,0.13788422029449376,50.0,0.04496372363684867,0.009248335392701713,0.009146505857407883,0.024814197970236027,0.010182953529382897,0.01352589643891505,0.042607102789377564,0.04233658486059926,0.042336584860599255,0.9482397470554764,0.9504678098080614,0.959038243894712,-0.040176160770672105,0.026668892747770997,0.0001705518671714358,0.02704124021184312,-1.3183898417423734e-16,0.5086462743856596,0.3270946003341167,0.15014054054054055,0.17973718988152987,0.22528469017533734,0.04274703240871915,0.0,99,479789,0.9008339757516294,0.9010920436817472,0.8447688564476885,0.35436826289526646,0.19981319403604664,0.0823920265780731,0.008757224142705312,0.00893891757916214,0.008802046048207723,0.026668892747773936,0.029740156610510035,0.013360039517371178,0.004283132793790604,0.07560198337185721,0.06024940129932116,0.04391513769594551,/common/users/shared/pracsys/adaptive_roa_experiments/quadrotor_stoch/q2d_cs_epi_var,0.8743281340342025,0.3700745387096509
fm,corridor_sine_ambient_smooth,epi_var,1,0.004921729241560013,100.0,0.08709301449051755,50.0,0.03666032360058276,0.005893396717734937,0.00575943386946184,0.029784025807215314,0.013396284827309708,0.01352589643891505,0.042607102789377564,0.04233658486059926,0.042336584860599255,0.9613996986175173,0.9611954421631176,0.9630670982452704,-0.030885034879915955,0.018311992922845848,0.0001298173761936482,0.01871647369989725,6.245004513516506e-17,0.677115659541825,0.5413155949741315,0.28983648605322226,0.12894598407757457,0.22528469017533734,0.04274703240871915,0.0,101,479789,0.920986483281954,0.9403406659248481,0.9314786192684184,0.5353568770159622,0.38004635555401806,0.1716184148077836,0.0042310177369266335,0.0041991534561677205,0.004160051314967392,0.018311992922846493,0.04394640143896588,0.024350287313798357,0.008091056693671593,0.07560198337185721,0.06024940129932116,0.04391513769594551,/common/users/shared/pracsys/adaptive_roa_experiments/quadrotor_stoch/q2d_cs_epi_var,0.9273539039549105,0.5674664599626695
fm,corridor_sine_ambient_smooth,epi_var,2,0.0029458353363174886,100.0,0.060410315096883375,50.0,0.03069418015002427,0.0025886300135170366,0.0024341973610827626,0.03164186995901949,0.015443265243427403,0.01352589643891505,0.042607102789377564,0.04233658486059926,0.042336584860599255,0.9676045094822933,0.9696199787823397,0.9700764294304371,-0.02115948885864412,0.013128912262662544,0.0001035830573616774,0.013553862843875119,1.0408340855860843e-17,0.7536727998858934,0.6837080114573387,0.502374267789678,0.10226328468396999,0.22528469017533734,0.04274703240871915,0.0,101,479789,0.8863788861552225,0.9171566629795657,0.9313712890373987,0.6555289057977007,0.544989102985436,0.34394874228761274,0.0023514199026699895,0.0023129268714927476,0.0023699739384280445,0.01312891226266226,0.05591207801762858,0.03580115425739231,0.01621754562943294,0.07560198337185721,0.06024940129932116,0.04391513769594551,/common/users/shared/pracsys/adaptive_roa_experiments/quadrotor_stoch/q2d_cs_epi_var,0.9508396787319325,0.6898920329570317
fm,corridor_sine_ambient_smooth,epi_var,3,0.0021760898266479454,100.0,0.04928478086498896,50.0,0.026773102342904906,0.001609513211280725,0.0014584805109002905,0.03334643056497719,0.01510327003804345,0.01352589643891505,0.042607102789377564,0.04233658486059926,0.042336584860599255,0.9712644516652111,0.9745513131814193,0.9753912657438999,-0.016547357275802487,0.010448634806522366,8.942309400692018e-05,0.010870185435681103,1.0408340855860843e-17,0.7875229244686917,0.7499692836957857,0.6306503581818751,0.09113775045206879,0.22528469017533734,0.04274703240871915,0.0,101,479789,0.8929195498706927,0.9189541827671,0.9250252363035698,0.7043806688170264,0.6334797799840869,0.47840531561461797,0.0016956312944736366,0.0016848765892901857,0.0017411422769571196,0.010448634806521886,0.05963871618565661,0.04153284047779336,0.022712067179531004,0.07560198337185721,0.06024940129932116,0.04391513769594551,/common/users/shared/pracsys/adaptive_roa_experiments/quadrotor_stoch/q2d_cs_epi_var,0.9589107864777326,0.7532008110496783
fm,corridor_sine_ambient_smooth,epi_var,4,0.0015545472496661008,100.0,0.0405482395810992,50.0,0.025732624132691666,0.00100102570191234,0.000837092614827826,0.03389140363932372,0.016393308708451407,0.01352589643891505,0.042607102789377564,0.04233658486059926,0.042336584860599255,0.9726525618553156,0.9751870092895002,0.9763812842728783,-0.012632282107343016,0.00928227383610336,7.862513438301675e-05,0.009716724851966174,-1.3877787807814457e-17,0.8067058528896157,0.7644393438730487,0.6585718589936728,0.08240120916819335,0.22528469017533734,0.04274703240871915,0.0,101,479789,0.8662363958491521,0.8929826183431953,0.9017326732673268,0.7548314173076393,0.6682464454976303,0.5186995728523968,0.0011854165789369545,0.001095605177605329,0.00115269180266371,0.009282273836102348,0.06587895929252234,0.04508648593444201,0.02526110436045845,0.07560198337185721,0.06024940129932116,0.04391513769594551,/common/users/shared/pracsys/adaptive_roa_experiments/quadrotor_stoch/q2d_cs_epi_var,0.9673898930612477,0.7807505289652696
fm,corridor_sine_ambient_smooth,epi_var,5,0.001312060811302319,100.0,0.0358253139246045,50.0,0.023181773654669034,0.000496224040794556,0.00034291464517239374,0.03472130973515755,0.015330939562216223,0.01352589643891505,0.042607102789377564,0.04233658486059926,0.042336584860599255,0.9750786283136962,0.9780528523997007,0.9795806073086294,-0.007758577207897639,0.00795818977061422,7.175247353356302e-05,0.008382017095014682,1.1102230246251565e-16,0.8281373521337301,0.8005681818181819,0.7335092348284961,0.07767828351168757,0.22528469017533734,0.04274703240871915,0.0,101,479789,0.8651051051051051,0.884568702130331,0.8591728796278596,0.7941995423593307,0.7311377866952641,0.6399145704793545,0.0010156484278198217,0.000977230259326881,0.0010421119613981161,0.007958189770613754,0.06940550950522001,0.04979897413237903,0.032708127947910434,0.07560198337185721,0.06024940129932116,0.04391513769594551,/common/users/shared/pracsys/adaptive_roa_experiments/quadrotor_stoch/q2d_cs_epi_var,0.9700161403161053,0.8120257031402515
fm,corridor_sine_ambient_smooth,epi_var,6,0.0011459655081912526,100.0,0.032473001429448874,50.0,0.022076350228954808,0.0003398320293787176,0.00018266571315018863,0.035382233460450954,0.015716631622852903,0.01352589643891505,0.042607102789377564,0.04233658486059926,0.042336584860599255,0.9765021707458904,0.9797285890255925,0.9804414023664569,-0.006868290019154251,0.007137017113298592,6.616039971959991e-05,0.007564701358305426,9.627715291671279e-17,0.839442877894557,0.8174412493430437,0.7451385116784357,0.07432597101653438,0.22528469017533734,0.04274703240871915,0.0,101,479789,0.8682280159080866,0.8935532849111576,0.870984126984127,0.8125051691340667,0.753277752793441,0.6510678690080683,0.0008989647256388936,0.0008428313237381394,0.0008869335266151933,0.007137017113298193,0.07074985045509588,0.05079107691089208,0.03282693017138784,0.07560198337185721,0.06024940129932116,0.04391513769594551,/common/users/shared/pracsys/adaptive_roa_experiments/quadrotor_stoch/q2d_cs_epi_var,0.9727762229671103,0.8314219926619378
fm,corridor_sine_ambient_smooth,epi_var,7,0.0010533373619105847,100.0,0.030916910111836764,50.0,0.021280062694226002,0.0004730362849026366,0.00031922703992539903,0.035882750222097366,0.015380924497723762,0.01352589643891505,0.042607102789377564,0.04233658486059926,0.042336584860599255,0.9776818559825257,0.9805122668506364,0.980649827319926,-0.008038033385509045,0.0067730616784274,6.484150587525179e-05,0.007197388852182939,1.0148132334464322e-16,0.8454120228677023,0.8232580998828021,0.7459083693688763,0.07276987969891849,0.22528469017533734,0.04274703240871915,0.0,101,479789,0.887407182906501,0.9075224005001042,0.8809800879234548,0.8072119758498056,0.7533123464904694,0.6467489321309919,0.0008019920279748228,0.0007532036762682229,0.0007845885806332846,0.0067730616784270085,0.06876981339713915,0.05001156758491754,0.032239171802604896,0.07560198337185721,0.06024940129932116,0.04391513769594551,/common/users/shared/pracsys/adaptive_roa_experiments/quadrotor_stoch/q2d_cs_epi_var,0.9745105493261885,0.8400187048452559
fm,corridor_sine_ambient_smooth,epi_var,8,0.0009624495552703105,100.0,0.029467639642395897,50.0,0.021310784532367354,0.0003274111790797597,0.00016473015542860128,0.035919926305964085,0.016268102365115843,0.01352589643891505,0.042607102789377564,0.04233658486059926,0.042336584860599255,0.9779611454201743,0.9807352815508484,0.9807519555471259,-0.007034133754629639,0.006581388710063845,6.259057836125623e-05,0.007014587662493303,6.678685382510707e-17,0.849792601852378,0.8270817353562944,0.7462563538947659,0.07132060922949214,0.22528469017533734,0.04274703240871915,0.0,101,479789,0.8765641942384902,0.9005540617615905,0.8861337683523655,0.8246078350288093,0.7646936728128135,0.6445182724252492,0.0007299196799960526,0.0006585772431901469,0.0007025331235476704,0.006581388710063629,0.07112084687227094,0.05115998907853244,0.03194112411914404,0.07560198337185721,0.06024940129932116,0.04391513769594551,/common/users/shared/pracsys/adaptive_roa_experiments/quadrotor_stoch/q2d_cs_epi_var,0.9758590916081068,0.8445460650230944
fm,corridor_sine_ambient_smooth,epi_var,9,0.0008743715461885883,100.0,0.028991338986585825,50.0,0.021067781879117703,0.00042351626600708493,0.0002648393951915448,0.03600363240083452,0.01586768708155401,0.01352589643891505,0.042607102789377564,0.04233658486059926,0.042336584860599255,0.9782987938447942,0.9805998053310935,0.9809916442436154,-0.007443751315682519,0.006597791854956389,6.356015820903864e-05,0.007026986654550232,1.0408340855860843e-16,0.8512868854800468,0.8241650294695482,0.7499725847132361,0.07084430857367048,0.22528469017533734,0.04274703240871915,0.0,101,479789,0.8832281200912836,0.9078197178409422,0.887835908087758,0.8215752763763681,0.7546269069775486,0.6491694352159468,0.0006261923264897777,0.0005703107354365436,0.0006027211735065962,0.006597791854955906,0.07032466355001886,0.050082432069097044,0.03210994833145404,0.07560198337185721,0.06024940129932116,0.04391513769594551,/common/users/shared/pracsys/adaptive_roa_experiments/quadrotor_stoch/q2d_cs_epi_var,0.977354637520192,0.844158618918347
fm,corridor_sine_ambient_smooth,epi_var,10,0.0008375010374434584,100.0,0.027593582950100053,50.0,0.020615708155043145,0.0003299925089999959,0.00016495923290352324,0.03631901089043998,0.016503327609647265,0.01352589643891505,0.042607102789377564,0.04233658486059926,0.042336584860599255,0.9789157317070629,0.9814918641319413,0.981412662649623,-0.007056289327183407,0.006182533203062882,6.0271436957290825e-05,0.0066180844079376565,7.37257477290143e-17,0.8566976427923844,0.8329445405974867,0.7543386039336676,0.06944655253719821,0.22528469017533734,0.04274703240871915,0.0,101,479789,0.8810862787377255,0.9129448637057198,0.8988970588235294,0.8336228048410663,0.7658352648147507,0.6498338870431893,0.0006007985636573136,0.0005656079977166828,0.0005947308580156787,0.0061825332030625525,0.07152935978107043,0.05054096696672913,0.03174728891241775,0.07560198337185721,0.06024940129932116,0.04391513769594551,/common/users/shared/pracsys/adaptive_roa_experiments/quadrotor_stoch/q2d_cs_epi_var,0.977686174630937,0.8539671250427976
fm,corridor_sine_ambient_smooth,epi_var,11,0.0007646316526931233,100.0,0.02746380165497596,50.0,0.02077142243777994,0.0003362715304670578,0.0001730914785288225,0.036179821591457856,0.016318005193823527,0.01352589643891505,0.042607102789377564,0.04233658486059926,0.042336584860599255,0.9785864202805816,0.9809520435024562,0.9810854354726766,-0.00675976314588288,0.006329854747670317,6.107121877675765e-05,0.006763552728386851,8.413408858487514e-17,0.8543438811387093,0.8285076279296691,0.7513357994245787,0.06931677124207182,0.22528469017533734,0.04274703240871915,0.0,101,479789,0.8794034381110819,0.9053477690288714,0.8888168557536467,0.8306729523336918,0.7636904555989898,0.6506881822496441,0.0005041746580455473,0.0004713933094027923,0.0005101338978660236,0.0063298547476701465,0.07141264180712771,0.050822340653912446,0.03214954907261317,0.07560198337185721,0.06024940129932116,0.04391513769594551,/common/users/shared/pracsys/adaptive_roa_experiments/quadrotor_stoch/q2d_cs_epi_var,0.9788851734278438,0.8504873558291843
fm,corridor_sine_ambient_smooth,epi_bald,0,0.009666241582166423,100.0,0.13788422029449376,50.0,0.04496372363684867,0.009248335392701713,0.009146505857407883,0.024814197970236027,0.010182953529382897,0.01352589643891505,0.042607102789377564,0.04233658486059926,0.042336584860599255,0.9482397470554764,0.9504678098080614,0.959038243894712,-0.040176160770672105,0.026668892747770997,0.0001705518671714358,0.02704124021184312,-1.3183898417423734e-16,0.5086462743856596,0.3270946003341167,0.15014054054054055,0.17973718988152987,0.22528469017533734,0.04274703240871915,0.0,99,479789,0.9008339757516294,0.9010920436817472,0.8447688564476885,0.35436826289526646,0.19981319403604664,0.0823920265780731,0.008757224142705312,0.00893891757916214,0.008802046048207723,0.026668892747773936,0.029740156610510035,0.013360039517371178,0.004283132793790604,0.07560198337185721,0.06024940129932116,0.04391513769594551,/common/users/shared/pracsys/adaptive_roa_experiments/quadrotor_stoch/q2d_cs_epi_bald,0.8743281340342025,0.3700745387096509
fm,corridor_sine_ambient_smooth,epi_bald,1,0.005245631831817847,100.0,0.08841915236163929,50.0,0.03555925625639605,0.005155161520868079,0.005026016880666287,0.029577625646166283,0.012914464020179239,0.01352589643891505,0.042607102789377564,0.04233658486059926,0.042336584860599255,0.9616664825579577,0.9629983180106255,0.9653556042343614,-0.02933631242066826,0.017784976095099325,0.00012900072501958676,0.018184638664079423,6.245004513516506e-17,0.6826886580863324,0.5762906035943579,0.3671184891867195,0.13027212194868357,0.22528469017533734,0.04274703240871915,0.0,101,479789,0.9122135644796902,0.9292641625615764,0.9281863688871775,0.5454470267140848,0.4176497042238904,0.22880873279544375,0.004589550445326714,0.004623635085247811,0.0046015646301040035,0.01778497609509995,0.04520528815791942,0.027078569954709256,0.010825592083186567,0.07560198337185721,0.06024940129932116,0.04391513769594551,/common/users/shared/pracsys/adaptive_roa_experiments/quadrotor_stoch/q2d_cs_epi_bald,0.9221183751794069,0.5799147202435074
fm,corridor_sine_ambient_smooth,epi_bald,2,0.0022765534376421124,100.0,0.055351667897225364,50.0,0.029896350270639808,0.0024620554725951847,0.0023081097366423583,0.0320464928819828,0.015394573595282656,0.01352589643891505,0.042607102789377564,0.04233658486059926,0.042336584860599255,0.9684944840336064,0.9703932353597102,0.9705537225738814,-0.01941670192522129,0.012598201715258824,9.990417021347162e-05,0.013022665379989954,8.673617379884035e-18,0.7632057146437746,0.6985548458290007,0.5259378565196967,0.09720463748430806,0.22528469017533734,0.04274703240871915,0.0,101,479789,0.8837934912745347,0.903546332894159,0.8975034356390289,0.671573897940617,0.569377659390459,0.3719506407214048,0.0016918115961447359,0.0016577286576483217,0.001699782770608466,0.012598201715258737,0.05744816992469606,0.037966689523936566,0.018199666936924357,0.07560198337185721,0.06024940129932116,0.04391513769594551,/common/users/shared/pracsys/adaptive_roa_experiments/quadrotor_stoch/q2d_cs_epi_bald,0.9576895711005904,0.7024275397569113
fm,corridor_sine_ambient_smooth,epi_bald,3,0.0016875544367809666,100.0,0.04470630803534834,50.0,0.027487708138369156,0.001311281851223844,0.0011441191100095929,0.0331365943119361,0.01671627412142514,0.01352589643891505,0.042607102789377564,0.04233658486059926,0.042336584860599255,0.971083121955693,0.9737676353563754,0.9741907380119177,-0.014646396645191944,0.010344109658672752,8.473263068007868e-05,0.010781790328665308,-1.734723475976807e-18,0.7920812852175999,0.7442805477670771,0.6092334879611222,0.08655927762246532,0.22528469017533734,0.04274703240871915,0.0,101,479789,0.8677392874733213,0.90177736202058,0.9090309822017139,0.7285584318914895,0.6336181547722005,0.45813953488372094,0.0011822264077268458,0.001156570625499,0.0012453960512486667,0.010344109658672112,0.06347581957902328,0.04233319229911482,0.02213264580888682,0.07560198337185721,0.06024940129932116,0.04391513769594551,/common/users/shared/pracsys/adaptive_roa_experiments/quadrotor_stoch/q2d_cs_epi_bald,0.965011260541337,0.7556697193991302
fm,corridor_sine_ambient_smooth,epi_bald,4,0.001253862438071518,100.0,0.038835374370531146,50.0,0.026923272521879413,0.0014787845158249723,0.001298991043479774,0.03406378946636086,0.017979347234519823,0.01352589643891505,0.042607102789377564,0.04233658486059926,0.042336584860599255,0.973757214108702,0.9738781005817141,0.9728505655611113,-0.014548165964621947,0.009571786437718157,7.794878719752237e-05,0.010022097838841657,-2.0816681711721685e-17,0.8141028480311822,0.7429918999282271,0.5718793137448235,0.08068834395766027,0.22528469017533734,0.04274703240871915,0.0,101,479789,0.8764066374213236,0.9122771678920334,0.9298845660538692,0.7600694731618559,0.6266994153665202,0.4129093497864262,0.0007862878784978622,0.0007882768439083183,0.0008149909122656235,0.009571786437717266,0.06556632186231864,0.041389027259899666,0.019500238646571723,0.07560198337185721,0.06024940129932116,0.04391513769594551,/common/users/shared/pracsys/adaptive_roa_experiments/quadrotor_stoch/q2d_cs_epi_bald,0.9721669128674487,0.7739121738507022
fm,corridor_sine_ambient_smooth,epi_bald,5,0.0011490713167997399,100.0,0.035240815299191826,50.0,0.024792252427629644,0.0008205834675035101,0.0006437154730688353,0.03452703722157594,0.017686799443467474,0.01352589643891505,0.042607102789377564,0.04233658486059926,0.042336584860599255,0.9749535733416147,0.9768106396770246,0.9758477163919973,-0.011382607771332811,0.008453263112092126,7.309925122733848e-05,0.008900649035305103,-2.7755575615628914e-17,0.8264216897054788,0.7824318510696545,0.6448013732221677,0.07709378488630651,0.22528469017533734,0.04274703240871915,0.0,101,479789,0.8679834941440622,0.8999145337591651,0.9103340834343084,0.7886582306398698,0.6920815027501989,0.49919316563834837,0.0007606729304614973,0.0007187634385962156,0.0007626721044198392,0.008453263112091675,0.06869269616435558,0.0463349514057221,0.02408141912382318,0.07560198337185721,0.06024940129932116,0.04391513769594551,/common/users/shared/pracsys/adaptive_roa_experiments/quadrotor_stoch/q2d_cs_epi_bald,0.9734096226859467,0.8003319554487921
fm,corridor_sine_ambient_smooth,epi_bald,6,0.0009352565111348834,100.0,0.030220515351103067,50.0,0.021930932138919407,0.0002308942571929087,6.702472708738742e-05,0.0354505675723642,0.016386953010552135,0.01352589643891505,0.042607102789377564,0.04233658486059926,0.042336584860599255,0.9769857166379388,0.979766105517217,0.9801662814278777,-0.005390452886581394,0.006953042015322545,6.477819489202314e-05,0.00738742947420637,9.80118763926896e-17,0.8453977765954468,0.8206871074990765,0.7428525104037182,0.07207348493820091,0.22528469017533734,0.04274703240871915,0.0,101,479789,0.858914905118211,0.8804343518408433,0.8625125502008032,0.8322995065200011,0.7685335731829661,0.6523493118177504,0.0006559927791538047,0.0006144797192308988,0.0006497379168011755,0.006953042015322181,0.0732592868948642,0.05259186850886535,0.033214600584840416,0.07560198337185721,0.06024940129932116,0.04391513769594551,/common/users/shared/pracsys/adaptive_roa_experiments/quadrotor_stoch/q2d_cs_epi_bald,0.976250687688268,0.8357675273474071
fm,corridor_sine_ambient_smooth,epi_bald,7,0.0008794357512082253,100.0,0.02862879584564337,50.0,0.020843120621773324,0.00020569653180119374,4.704101085891758e-05,0.035976822256260754,0.015865552094227617,0.01352589643891505,0.042607102789377564,0.04233658486059926,0.042336584860599255,0.9777256252227542,0.9810208237371011,0.9817127945826186,-0.0049546363088774446,0.006406803615197546,6.15896309767827e-05,0.006835977064918121,1.196959198423997e-16,0.8500932796566186,0.8331562167906483,0.7680431449267698,0.07048176543272681,0.22528469017533734,0.04274703240871915,0.0,101,479789,0.8653264035638815,0.8856686533442406,0.8669133444736213,0.8353872026024867,0.7865222956377348,0.6894162316089226,0.0006586640158470687,0.0005854193862876171,0.0006167153912149383,0.0064068036151973436,0.07298625020581964,0.053504769805060144,0.03492368520328728,0.07560198337185721,0.06024940129932116,0.04391513769594551,/common/users/shared/pracsys/adaptive_roa_experiments/quadrotor_stoch/q2d_cs_epi_bald,0.9768754299478223,0.8486698056469815
fm,corridor_sine_ambient_smooth,epi_bald,8,0.0007306007667488114,100.0,0.02630075268121606,50.0,0.020970426583352266,7.289072550240085e-05,-0.00010339841809862361,0.0361232496128731,0.017628914360102447,0.01352589643891505,0.042607102789377564,0.04233658486059926,0.042336584860599255,0.9784509440608268,0.9814501791412475,0.9813334611673048,-0.0033314227712598656,0.006109936829627598,5.863017253951219e-05,0.0065567439020069234,6.158268339717665e-17,0.8585074790272474,0.8384403136799302,0.7603681703858297,0.06815372226834092,0.22528469017533734,0.04274703240871915,0.0,101,479789,0.8523832817000924,0.882090065314541,0.8715039254170756,0.8647203153860998,0.7989068391739025,0.6743711438063598,0.0004935747825047606,0.0004336352936722714,0.00044623264174674414,0.00610993682962749,0.07669621437757014,0.0545677370677527,0.033981604413606814,0.07560198337185721,0.06024940129932116,0.04391513769594551,/common/users/shared/pracsys/adaptive_roa_experiments/quadrotor_stoch/q2d_cs_epi_bald,0.9798554784938696,0.8556818683002974
fm,corridor_sine_ambient_smooth,epi_bald,9,0.0007876715721998154,100.0,0.02628451877505381,50.0,0.02022599517704658,0.00014471245135822225,-2.4418050894756734e-05,0.03638436642469381,0.016913050225297897,0.01352589643891505,0.042607102789377564,0.04233658486059926,0.042336584860599255,0.9792304533868013,0.9818941242921367,0.9817294685788961,-0.004937816415132486,0.005927800385010769,5.855293248083887e-05,0.006367448816042052,7.719519468096792e-17,0.8611672262702538,0.8403154353780261,0.7630682739607546,0.06813748836215926,0.22528469017533734,0.04274703240871915,0.0,101,479789,0.8704934655250113,0.8965638973876207,0.8862380713209442,0.8520387064758912,0.7907081329781713,0.6699572852396772,0.0005484797558115343,0.0005085796464524621,0.000531542073466658,0.005927800385010584,0.0739991954796796,0.053135857637419785,0.03319792658856289,0.07560198337185721,0.06024940129932116,0.04391513769594551,/common/users/shared/pracsys/adaptive_roa_experiments/quadrotor_stoch/q2d_cs_epi_bald,0.9788734170765853,0.859983973564965
fm,corridor_sine_ambient_smooth,epi_bald,10,0.0006738283371342934,100.0,0.025116979126695523,50.0,0.02028656346852471,7.883403443496205e-05,-9.409577681982124e-05,0.03646578567403636,0.017292981125478328,0.01352589643891505,0.042607102789377564,0.04233658486059926,0.042336584860599255,0.9788969734612507,0.9823255639458178,0.9821567397335078,-0.003439907959540548,0.00577670340974317,5.637363119287339e-05,0.006220151149776255,9.107298248878237e-17,0.8607347702295641,0.8454923110560455,0.7711268546985697,0.06696994871381297,0.22528469017533734,0.04274703240871915,0.0,101,479789,0.8588800439198463,0.893174731493244,0.8828895010713192,0.862597524329391,0.8026429584529698,0.6844803037494067,0.00043147278294798104,0.00040314916687615265,0.0004205623974094059,0.005776703409743056,0.07592921054880375,0.054142550162675676,0.03404621614918225,0.07560198337185721,0.06024940129932116,0.04391513769594551,/common/users/shared/pracsys/adaptive_roa_experiments/quadrotor_stoch/q2d_cs_epi_bald,0.9807306119919563,0.8635529193305508
fm,corridor_sine_ambient_smooth,epi_bald,11,0.0006140366386076709,100.0,0.024272644103387808,50.0,0.019990099814710213,0.000214740751492803,4.4721238917083445e-05,0.03670934929860978,0.017001951257571965,0.01352589643891505,0.042607102789377564,0.04233658486059926,0.042336584860599255,0.9795826915581641,0.9818170070593532,0.9822359412158261,-0.005558756036507714,0.0056719568009066385,5.533429414022823e-05,0.006112494242260663,7.37257477290143e-17,0.8627203677233106,0.8379643387815751,0.767734023708952,0.06612561369049573,0.22528469017533734,0.04274703240871915,0.0,101,479789,0.8773264928031922,0.9047447158384471,0.901504,0.8485926170981171,0.7803646175666793,0.6685334598955861,0.00039233150898075646,0.000357602029119031,0.00036043192366047583,0.005671956800906464,0.07312589492464396,0.051966593648457966,0.03256639897955143,0.07560198337185721,0.06024940129932116,0.04391513769594551,/common/users/shared/pracsys/adaptive_roa_experiments/quadrotor_stoch/q2d_cs_epi_bald,0.9816642053898486,0.8660270586401202
fm,corridor_sine_ambient_smooth,yield_mlp,0,0.009666241582166423,100.0,0.13788422029449376,50.0,0.04496372363684867,0.009248335392701713,0.009146505857407883,0.024814197970236027,0.010182953529382897,0.01352589643891505,0.042607102789377564,0.04233658486059926,0.042336584860599255,0.9482397470554764,0.9504678098080614,0.959038243894712,-0.040176160770672105,0.026668892747770997,0.0001705518671714358,0.02704124021184312,-1.3183898417423734e-16,0.5086462743856596,0.3270946003341167,0.15014054054054055,0.17973718988152987,0.22528469017533734,0.04274703240871915,0.0,99,479789,0.9008339757516294,0.9010920436817472,0.8447688564476885,0.35436826289526646,0.19981319403604664,0.0823920265780731,0.008757224142705312,0.00893891757916214,0.008802046048207723,0.026668892747773936,0.029740156610510035,0.013360039517371178,0.004283132793790604,0.07560198337185721,0.06024940129932116,0.04391513769594551,/common/users/shared/pracsys/adaptive_roa_experiments/quadrotor_stoch/q2d_cs_yield_mlp,0.8743281340342025,0.3700745387096509
fm,corridor_sine_ambient_smooth,yield_mlp,1,0.00664825511319844,100.0,0.10397528154007016,50.0,0.03919141539301653,0.006438092729290729,0.006316187220364467,0.027754385808566595,0.01219055089262618,0.01352589643891505,0.042607102789377564,0.04233658486059926,0.042336584860599255,0.95621617002474,0.9579669396338807,0.9630316660031806,-0.03324221689117508,0.020898386272397172,0.00014390988118214798,0.021290809710101735,3.8163916471489756e-17,0.6213112685450579,0.4844968175660131,0.2895253354696575,0.14582825112712208,0.22528469017533734,0.04274703240871915,0.0,101,479789,0.8975520833333334,0.9278441355002938,0.9278562259306804,0.4750916659774488,0.3278444667381603,0.1715234931181775,0.005777485132738883,0.0059120252865731806,0.005885457540735491,0.020898386272399348,0.04001759106607279,0.021288524747336852,0.008118151937622579,0.07560198337185721,0.06024940129932116,0.04391513769594551,/common/users/shared/pracsys/adaptive_roa_experiments/quadrotor_stoch/q2d_cs_yield_mlp,0.9079230534118747,0.5063752463452394
fm,corridor_sine_ambient_smooth,yield_mlp,2,0.00461873461000772,100.0,0.07575622362928233,50.0,0.033415126232573054,0.0034617276567692427,0.0033149068604810764,0.0302499352651402,0.014682079628816637,0.01352589643891505,0.042607102789377564,0.04233658486059926,0.042336584860599255,0.9643009739698075,0.9665540477168089,0.9671980808230285,-0.025499855144657337,0.015401556455940178,0.00011636853985218445,0.015818895181006657,5.204170427930421e-17,0.7183265359821075,0.6322110426073204,0.41437820942174597,0.11760919321636461,0.22528469017533734,0.04274703240871915,0.0,101,479789,0.8901569186875892,0.9367019831567509,0.9593383873190903,0.6021007360846911,0.47711626941571245,0.2642619838633128,0.003975787025871487,0.003990650671573611,0.004027876141390172,0.015401556455939637,0.05113706233365083,0.030688490148794573,0.012096984299348254,0.07560198337185721,0.06024940129932116,0.04391513769594551,/common/users/shared/pracsys/adaptive_roa_experiments/quadrotor_stoch/q2d_cs_yield_mlp,0.9320122423687092,0.6362116475229982
fm,corridor_sine_ambient_smooth,yield_mlp,3,0.004497436394110638,100.0,0.07213525410249699,50.0,0.03134296534518299,0.002546817842133315,0.002404266511014718,0.03061148280988516,0.01425513311185972,0.01352589643891505,0.042607102789377564,0.04233658486059926,0.042336584860599255,0.9655661134373652,0.9692364768679566,0.9712081769277745,-0.022608334080189415,0.01412936856172886,0.00011229101108263375,0.014542437821625754,3.642919299551295e-17,0.7324837670223618,0.6741577994613448,0.528532423208191,0.11398822368957529,0.22528469017533734,0.04274703240871915,0.0,101,479789,0.8875372782922618,0.9315478006222927,0.9408262454434994,0.623549196371957,0.5282111599266613,0.3674893213099193,0.0038708856893598883,0.003963996153078908,0.003957354216619508,0.01412936856172815,0.05311501514207287,0.034162934123124954,0.017153373670509328,0.07560198337185721,0.06024940129932116,0.04391513769594551,/common/users/shared/pracsys/adaptive_roa_experiments/quadrotor_stoch/q2d_cs_yield_mlp,0.9328760252289905,0.6662610220391578
fm,corridor_sine_ambient_smooth,yield_mlp,4,0.003659450832201111,100.0,0.06208818207998167,50.0,0.028341041582862464,0.0012784744933787917,0.0011306919675121497,0.03142441914865994,0.014778252586664205,0.01352589643891505,0.042607102789377564,0.04233658486059926,0.042336584860599255,0.9682464583389782,0.9734800089205881,0.9758727273864136,-0.0171711314765449,0.01204285767945151,0.00010399801288313159,0.012461158134096446,3.122502256758253e-17,0.7629125881199522,0.7363884975553162,0.6408315234253801,0.10394115166709872,0.22528469017533734,0.04274703240871915,0.0,101,479789,0.8758665046809119,0.9179277929858994,0.9253584229390681,0.6757643426239903,0.6147991835887501,0.4901281442809682,0.0031496177536856165,0.0031524710428159734,0.0031484544045843705,0.012042857679451468,0.058329807477870484,0.040353155241158095,0.02326022480715481,0.07560198337185721,0.06024940129932116,0.04391513769594551,/common/users/shared/pracsys/adaptive_roa_experiments/quadrotor_stoch/q2d_cs_yield_mlp,0.9415100966352162,0.7155448952931663
fm,corridor_sine_ambient_smooth,yield_mlp,5,0.0024826631541562476,100.0,0.05013536768975251,50.0,0.025353686724789444,0.0010307279815638924,0.000890229402548382,0.033069643505289376,0.01404985790155104,0.01352589643891505,0.042607102789377564,0.04233658486059926,0.042336584860599255,0.9706120815608528,0.9757518409134015,0.9795389223179356,-0.013232775240782929,0.01015717075785838,9.191495961502793e-05,0.010568187265652191,1.0755285551056204e-16,0.7855643763117072,0.7665261890427453,0.719922398790334,0.09198833727682701,0.22528469017533734,0.04274703240871915,0.0,101,479789,0.8760557647298259,0.9127754146154949,0.9024390243902439,0.7120172028781738,0.6606704258484104,0.5988134788799241,0.0021013274940439404,0.002036598494834767,0.0020760294363478438,0.010157170757858077,0.06144576053223396,0.04360875301434589,0.029139892744518944,0.07560198337185721,0.06024940129932116,0.04391513769594551,/common/users/shared/pracsys/adaptive_roa_experiments/quadrotor_stoch/q2d_cs_yield_mlp,0.9551048529429724,0.7600852597982886
fm,corridor_sine_ambient_smooth,yield_mlp,6,0.0017506914135588265,100.0,0.04232353324484133,50.0,0.02391132351929703,0.0007316566348022636,0.0005859248315270402,0.034010742941934624,0.01457318032752234,0.01352589643891505,0.042607102789377564,0.04233658486059926,0.042336584860599255,0.9730777487603925,0.977206647088616,0.9804351496178528,-0.010643782996275448,0.008911766750191796,8.207385190205965e-05,0.009328016482245328,1.249000902703301e-16,0.8084355396046213,0.786147287731237,0.7393586005830904,0.08417650283192316,0.22528469017533734,0.04274703240871915,0.0,101,479789,0.8748234689947362,0.9041878458009086,0.8908665105386416,0.7514128966448874,0.695367903967897,0.6318936877076412,0.0013830200372526866,0.0013334439259353084,0.0013867610446918121,0.008911766750190927,0.06493687850284187,0.0463349514057221,0.03114910929596135,0.07560198337185721,0.06024940129932116,0.04391513769594551,/common/users/shared/pracsys/adaptive_roa_experiments/quadrotor_stoch/q2d_cs_yield_mlp,0.9636506769585506,0.7895019926728768
fm,corridor_sine_ambient_smooth,yield_mlp,7,0.0013508349920055439,100.0,0.037577779162838006,50.0,0.023618569829654303,0.0004202894229151402,0.00026299788750093,0.03431611725600995,0.01572915354142102,0.01352589643891505,0.042607102789377564,0.04233658486059926,0.042336584860599255,0.9736279906375511,0.9780153359080762,0.9806685855657383,-0.008040763752399495,0.008283465492090353,7.640866669941204e-05,0.008711274956282867,1.1449174941446927e-16,0.8172192127121705,0.7984330212115421,0.7438057619534292,0.07943074874996178,0.22528469017533734,0.04274703240871915,0.0,101,479789,0.8584000971109492,0.8919011228279896,0.8897112271195401,0.7798086731177459,0.7226969246203342,0.6390128144280968,0.0010023858227089966,0.0009612913132488556,0.0009852078141330035,0.008283465492089793,0.06868019066714744,0.04881937685107412,0.03154094820848331,0.07560198337185721,0.06024940129932116,0.04391513769594551,/common/users/shared/pracsys/adaptive_roa_experiments/quadrotor_stoch/q2d_cs_yield_mlp,0.9697383087241181,0.8043426148007654
fm,corridor_sine_ambient_smooth,yield_mlp,8,0.000974696255582774,100.0,0.03035670709723751,50.0,0.02172015198347608,0.00021925886270641697,5.199013845597785e-05,0.03559357911642778,0.016726872425043917,0.01352589643891505,0.042607102789377564,0.04233658486059926,0.042336584860599255,0.976525097490772,0.9801892081727592,0.9819420620314346,-0.006240597429286623,0.006794995882627558,6.48580250233191e-05,0.007232782535656299,9.194034422677078e-17,0.8408843681570954,0.8214721737007193,0.7626951520131472,0.07220967668436261,0.22528469017533734,0.04274703240871915,0.0,101,479789,0.8623377375985165,0.8986603106764198,0.9017487046632124,0.8204725277754804,0.7564949666170824,0.660797342192691,0.0006796936244641034,0.0006686122457486661,0.0006880944086507201,0.00679499588262716,0.07193161994126585,0.050718128177177885,0.032180812815633536,0.07560198337185721,0.06024940129932116,0.04391513769594551,/common/users/shared/pracsys/adaptive_roa_experiments/quadrotor_stoch/q2d_cs_yield_mlp,0.975542174965183,0.8395006138307732
fm,corridor_sine_ambient_smooth,yield_mlp,9,0.0008459770771860345,100.0,0.02876959081795575,50.0,0.02115240241022616,0.0001301364858093708,-3.6506449886836287e-05,0.03579788405862313,0.016664293569620705,0.01352589643891505,0.042607102789377564,0.04233658486059926,0.042336584860599255,0.976618888719833,0.9809999812417541,0.9829341648099477,-0.004635100012713921,0.006502194352089441,6.291649966664677e-05,0.006939355216563948,1.448494102440634e-16,0.8428587437664593,0.831727396906265,0.7815368196371397,0.07062256040508477,0.22528469017533734,0.04274703240871915,0.0,101,479789,0.8567563719208315,0.8916373134919064,0.8925045703839123,0.8294047914426709,0.7793614003528557,0.6951115329852872,0.0005875529727929435,0.0005224054231209112,0.0005454767413124121,0.006502194352089135,0.0731884224106847,0.05266273299304486,0.03420253486428409,0.07560198337185721,0.06024940129932116,0.04391513769594551,/common/users/shared/pracsys/adaptive_roa_experiments/quadrotor_stoch/q2d_cs_yield_mlp,0.9774436374002781,0.8464166542129208
fm,corridor_sine_ambient_smooth,partx,0,0.005148662604166283,1.0,0.10233194481173076,50.0,0.06245539108214731,0.0014398132218186401,0.0014398132218186401,0.0180498426627955,0.03482683634425443,0.01352589643891505,0.042607102789377564,0.04233658486059926,0.042336584860599255,0.9364283049423809,0.9549155983150927,0.9633172081894332,0.011029299852853808,0.024893491153161695,0.00014569121082719155,0.02516400908193998,-0.0008330642664607264,0.5991299433543181,0.5770652067650797,0.4655004859086491,0.14418491440030276,0.22528469017533734,0.04274703240871915,0.0,20,479789,0.5724870648515598,0.663593848367659,0.6463147242368021,0.6283737215008408,0.5104991870481198,0.36373991457047933,0.0007138430963761402,0.0031439260014626477,0.008530740794507751,0.024893491153162518,0.08298231097419907,0.04634954115246494,0.024715030982369334,0.07560198337185721,0.06024940129932116,0.04391513769594551,/common/users/shared/pracsys/adaptive_roa_experiments/quadrotor_stoch/q2d_cs_partx,0.911492994345916,0.41200993809189035
fm,corridor_sine_ambient_smooth,partx,1,0.0030179999845946406,1.0,0.08268566489788205,50.0,0.05938839692063215,0.0020919686503577386,0.0020919686503577386,0.02147326285048572,0.03783103361114865,0.01352589643891505,0.042607102789377564,0.04233658486059926,0.042336584860599255,0.9384333529947539,0.9560848623040545,0.964676138886052,0.020233116928319136,0.022231909153308194,0.00012821401213104433,0.022502427082086492,-0.0007233815071630914,0.6575783921636816,0.639964457810738,0.49661399548532736,0.12453863448623391,0.22528469017533734,0.04274703240871915,0.0,20,479789,0.5673507761241798,0.6323147053857843,0.6635973964121289,0.7819314641744548,0.6478015705538451,0.39677266255339344,0.0003376428229342821,0.0007593787235591541,0.0047028154382460705,0.022231909153308957,0.10419580273828703,0.061725049969882595,0.02625737563804089,0.07560198337185721,0.06024940129932116,0.04391513769594551,/common/users/shared/pracsys/adaptive_roa_experiments/quadrotor_stoch/q2d_cs_partx,0.9477293969806051,0.4748771251504883
fm,corridor_sine_ambient_smooth,partx,2,0.004724591894048692,1.0,0.10589097903761133,50.0,0.07615641852824738,0.004659509020847841,0.004659509020847841,0.017944314372647353,0.047737734215614225,0.01352589643891505,0.042607102789377564,0.04233658486059926,0.042336584860599255,0.9214154555439995,0.9490317618786591,0.9624355706362588,0.034806501761931515,0.028311049477010544,0.00014643120217791995,0.02858156740578885,-0.0007407300317892017,0.5816802023698575,0.5835774129827669,0.4999861284505479,0.14774394862658927,0.22528469017533734,0.04274703240871915,0.0,20,479789,0.4867153122040885,0.5746721668846632,0.6017362270450751,0.7226862955917625,0.5927629985816584,0.42766967252017085,0.0002405091262175769,0.001655325928556524,0.007992879271939805,0.02831104947701225,0.11225559568893827,0.062146068375890234,0.03121163678200209,0.07560198337185721,0.06024940129932116,0.04391513769594551,/common/users/shared/pracsys/adaptive_roa_experiments/quadrotor_stoch/q2d_cs_partx,0.9304410815571266,0.33128641409717585
fm,corridor_sine_ambient_smooth,partx,3,0.002803175120030046,1.0,0.08905417241318095,50.0,0.07181209215219299,0.004401805080743755,0.004401805080743755,0.019578214203684236,0.04860083995293382,0.01352589643891505,0.042607102789377564,0.04233658486059926,0.042336584860599255,0.9155545458524477,0.946115896779626,0.962610647597173,0.03553867860427596,0.026331848014186813,0.00012420777045708486,0.02660236594296511,-0.0008283277234719735,0.6075476084387532,0.5919343382527029,0.42674080465279773,0.13090714200178538,0.22528469017533734,0.04274703240871915,0.0,20,479789,0.46831927126110656,0.5443276823037622,0.6531350875476866,0.8645824718109889,0.6486664129795551,0.31689606074988136,7.991127596998169e-05,0.00040599174931152713,0.0021174106135691904,0.02633184801418819,0.13957177009060232,0.07179822797104561,0.02130728299314907,0.07560198337185721,0.06024940129932116,0.04391513769594551,/common/users/shared/pracsys/adaptive_roa_experiments/quadrotor_stoch/q2d_cs_partx,0.9525411542479534,0.37803561385763373
fm,corridor_sine_ambient_smooth,partx,4,0.003515296818597333,1.0,0.08934867970397598,50.0,0.06450681461850646,0.0018377647999243015,0.0018377647999243015,0.019676327062020493,0.040689873461432574,0.01352589643891505,0.042607102789377564,0.04233658486059926,0.042336584860599255,0.9343461396572244,0.9539943600207591,0.963379735675474,0.020437789189685474,0.023842889860565063,0.00013427267012889235,0.024113407789343365,-0.0006551327379380086,0.6229531743751795,0.5964052586348759,0.4703364283130351,0.13120164929270373,0.22528469017533734,0.04274703240871915,0.0,20,479789,0.5504854985085994,0.6325240459199504,0.6446041976532805,0.7173931023075014,0.5641886048361988,0.3702420503084955,1.68024201364552e-05,0.0013843541139148196,0.005338574949324467,0.023842889860565902,0.09852455975439203,0.053740290002480255,0.025223587868834007,0.07560198337185721,0.06024940129932116,0.04391513769594551,/common/users/shared/pracsys/adaptive_roa_experiments/quadrotor_stoch/q2d_cs_partx,0.9417526047991852,0.4368253854421177
fm,corridor_sine_ambient_smooth,partx,5,0.0037711179697515924,1.0,0.09435486841523966,50.0,0.06960140732396557,0.002889992726748214,0.002889992726748214,0.01905471122831765,0.04456891913821884,0.01352589643891505,0.042607102789377564,0.04233658486059926,0.042336584860599255,0.9282997317570849,0.9521831471751124,0.9641258970088935,0.027426439292742372,0.025472107552286558,0.00013827972417351997,0.025742625481064856,-0.0006997588067432711,0.6050900575128285,0.5968297483480951,0.49427043544690596,0.13620783800419947,0.22528469017533734,0.04274703240871915,0.0,20,479789,0.5184114245249617,0.6065292709933208,0.6487966676951559,0.7265734844098917,0.5874355692392846,0.39919316563834834,2.391053830195763e-05,0.0011425763312976176,0.006105126672563948,0.025472107552287394,0.10595907784463587,0.058352734222752084,0.027020210967737903,0.07560198337185721,0.06024940129932116,0.04391513769594551,/common/users/shared/pracsys/adaptive_roa_experiments/quadrotor_stoch/q2d_cs_partx,0.9400505472776078,0.39834288391097183
fm,corridor_sine_ambient_smooth,partx,6,0.003963547991423662,1.0,0.0951781541864355,50.0,0.06950410022041165,0.0030397278111496343,0.0030397278111496343,0.01898905397784827,0.04444757957099712,0.01352589643891505,0.042607102789377564,0.04233658486059926,0.042336584860599255,0.9292626550421123,0.951078494921726,0.963832017824502,0.027913881895088054,0.025590353982919575,0.00013790299932877687,0.02586087191169789,-0.000796904710981039,0.6120326021102207,0.5905808477237048,0.49273582975240426,0.13703112377532795,0.22528469017533734,0.04274703240871915,0.0,20,479789,0.5227902980119518,0.595609189740703,0.6414491209376665,0.7380145011441017,0.5856366969938077,0.4,0.0004181915453563729,0.0016779756563842774,0.005775485872068701,0.02559035398292088,0.10672608167340226,0.05924062452453058,0.027384954636308877,0.07560198337185721,0.06024940129932116,0.04391513769594551,/common/users/shared/pracsys/adaptive_roa_experiments/quadrotor_stoch/q2d_cs_partx,0.9402025392881345,0.3955498756647383
fm,corridor_sine_ambient_smooth,partx,7,0.003996482724075922,1.0,0.10405203918915473,50.0,0.07603004786830878,0.007390983469120345,0.007390983469120345,0.01769558672243286,0.04692566070069098,0.01352589643891505,0.042607102789377564,0.04233658486059926,0.042336584860599255,0.9072654854529804,0.9384208474975458,0.9590278226470386,0.04058355418645374,0.031762308505374336,0.00015345648081286267,0.03203282643415264,-0.00026967310191241406,0.574535022710973,0.5782478980200705,0.4431161473087819,0.14590500877785947,0.22528469017533734,0.04274703240871915,0.0,20,479789,0.43982606658663,0.49224712001166576,0.5496134926212227,0.8281917679816944,0.7006607396132425,0.37119126720455625,2.8601814497204296e-06,0.0005530826969513136,0.004926223948883537,0.03176230850537538,0.1423584117184846,0.08575853135440788,0.029658870878657078,0.07560198337185721,0.06024940129932116,0.04391513769594551,/common/users/shared/pracsys/adaptive_roa_experiments/quadrotor_stoch/q2d_cs_partx,0.9420971235504144,0.2497668716086242
fm,corridor_sine_ambient_smooth,partx,8,0.004157068070985502,1.0,0.09933565525169624,50.0,0.07138331744463786,0.0035240800231153982,0.0035240800231153982,0.01853878370965158,0.04452236774438107,0.01352589643891505,0.042607102789377564,0.04233658486059926,0.042336584860599255,0.9244563756151142,0.950207278616225,0.9614226253623989,0.029088776891313128,0.027008473502297712,0.00014349226357498223,0.027278991431076018,-0.00031340767176536374,0.5962054789942179,0.5865208210737651,0.4677498202731848,0.1411886248405621,0.22528469017533734,0.04274703240871915,0.0,20,479789,0.5002617409512414,0.5868864950988881,0.593433053630062,0.7376836765638354,0.5861556024492337,0.3859990507831039,0.00011752378506802538,0.0015438173209638606,0.006347514164561917,0.027008473502298902,0.1114823391115678,0.06017436831607227,0.028564639872944147,0.07560198337185721,0.06024940129932116,0.04391513769594551,/common/users/shared/pracsys/adaptive_roa_experiments/quadrotor_stoch/q2d_cs_partx,0.9376486988016223,0.36205356215604256
fm,corridor_sine_ambient_smooth,partx,9,0.0037232415840237187,1.0,0.09612339708349989,50.0,0.06962813387780642,0.003830792377623886,0.003830792377623886,0.01863934374888667,0.0432491830377206,0.01352589643891505,0.042607102789377564,0.04233658486059926,0.042336584860599255,0.9258965920435859,0.9480938495880481,0.9612142004089298,0.02918038765770477,0.0269618285369623,0.00014326563525741466,0.027232346465740593,-0.0005662049523741872,0.6068600999601929,0.5816422523854321,0.46996496624797063,0.1379763666722443,0.22528469017533734,0.04274703240871915,0.0,20,479789,0.5066373723759762,0.5653636393324842,0.5876486929268466,0.756513108923993,0.5988860829556855,0.39155196962505934,0.00011094805369779156,0.000860560262909893,0.005705617676684989,0.026961828536963155,0.11288920754748441,0.06382180500178203,0.02926077921753104,0.07560198337185721,0.06024940129932116,0.04391513769594551,/common/users/shared/pracsys/adaptive_roa_experiments/quadrotor_stoch/q2d_cs_partx,0.9435940023477922,0.3631553271068292
fm,corridor_sine_ambient_smooth,partx,10,0.0027488835063974896,1.0,0.08201777861788209,50.0,0.05778727477371158,0.0020943549789969635,0.0020943549789969635,0.020339595789818154,0.035024556247077385,0.01352589643891505,0.042607102789377564,0.04233658486059926,0.042336584860599255,0.9378872796166648,0.9521935684227858,0.963042087250854,0.01688345096272579,0.023411914151664125,0.00013524481700510747,0.023682432080442434,-0.0006794298981139396,0.6481789740865357,0.6090839369407754,0.47810218978102187,0.12387074820612592,0.22528469017533734,0.04274703240871915,0.0,20,479789,0.566815328708292,0.6002754635850578,0.6293196962653029,0.7568163647892372,0.6181547722005051,0.38547698149027054,0.00015107357739457374,0.0005720674894122131,0.003212112291438664,0.02341191415166499,0.10094437346416862,0.062043940148690364,0.026899324494725808,0.07560198337185721,0.06024940129932116,0.04391513769594551,/common/users/shared/pracsys/adaptive_roa_experiments/quadrotor_stoch/q2d_cs_partx,0.9508040136222409,0.4470051321155917
fm,corridor_sine_ambient_smooth,partx,11,0.004354854928121284,1.0,0.09707295086480518,50.0,0.06725834900755247,0.002624079877991292,0.002624079877991292,0.018674354429299135,0.040640537972637746,0.01352589643891505,0.042607102789377564,0.04233658486059926,0.042336584860599255,0.9314823807965585,0.9511847916479953,0.9621229332060551,0.02249950302641596,0.02587513180464894,0.00014479003993082533,0.026145649733427236,-0.0004111785046424857,0.6048228109823532,0.5809672051956417,0.47587459983272284,0.1389259204536546,0.22528469017533734,0.04274703240871915,0.0,20,479789,0.5362250879249707,0.6016452975616987,0.6064838638535617,0.6935461638133047,0.5616632649531256,0.39155196962505934,0.0009244663135916196,0.002068196283808501,0.006069785376196052,0.025875131804650252,0.09778256692004193,0.05624555794317919,0.028352046420405636,0.07560198337185721,0.06024940129932116,0.04391513769594551,/common/users/shared/pracsys/adaptive_roa_experiments/quadrotor_stoch/q2d_cs_partx,0.937817438311391,0.3888233571543992
fm,corridor_sine_ambient_smooth,partx,12,0.0029966460299363333,1.0,0.08489292788262986,50.0,0.060020838052433675,0.0014725595970867707,0.0014725595970867707,0.01981961421473523,0.03703546074129812,0.01352589643891505,0.042607102789377564,0.04233658486059926,0.042336584860599255,0.9324036190908921,0.9533419899164007,0.961745684040276,0.01461314435366982,0.023419447767993706,0.00012961084220240826,0.023689965696772012,-0.000570082474957094,0.6279880706584079,0.599964260185847,0.39140526560116723,0.12674589747089268,0.22528469017533734,0.04274703240871915,0.0,20,479789,0.537725656589467,0.6205226777067239,0.6494278169014085,0.7546660050175061,0.5807243920157747,0.2801139060275273,7.574026827997602e-05,0.0006090172740272598,0.004984847870448993,0.023419447767994827,0.10610289106252957,0.0563852026620035,0.018941659771274457,0.07560198337185721,0.06024940129932116,0.04391513769594551,/common/users/shared/pracsys/adaptive_roa_experiments/quadrotor_stoch/q2d_cs_partx,0.9443674669636047,0.4468271863423465
fm,corridor_sine_ambient_smooth,partx,13,0.0030263395588018783,1.0,0.08674814663808024,50.0,0.06453610045125627,0.002896245693168867,0.002896245693168867,0.02036722411846346,0.04150691028592318,0.01352589643891505,0.042607102789377564,0.04233658486059926,0.042336584860599255,0.9297983071725279,0.9525249640988017,0.9628169883011074,0.02559690814672865,0.024242453142520968,0.0001308082417220438,0.024512971071299273,-0.0006231532927836979,0.6299250664732897,0.6226058718271589,0.464650102028568,0.12860111622659665,0.22528469017533734,0.04274703240871915,0.0,20,479789,0.5236659907564714,0.5974434799198702,0.6317937000163212,0.7902847848261793,0.6499809734666344,0.3674418604651163,8.392088712550162e-05,0.0006946103181750625,0.003927996883212793,0.024242453142522033,0.11409390377853598,0.06554756361650642,0.025540393798107085,0.07560198337185721,0.06024940129932116,0.04391513769594551,/common/users/shared/pracsys/adaptive_roa_experiments/quadrotor_stoch/q2d_cs_partx,0.9480128569822056,0.4273876076130476
fm,corridor_sine_ambient_smooth,partx,14,0.004239590815792137,1.0,0.09918195702654417,50.0,0.07365157825813547,0.003646858975195811,0.003646858975195811,0.018713558099632512,0.04767867425536628,0.01352589643891505,0.042607102789377564,0.04233658486059926,0.042336584860599255,0.9242354451644369,0.9505032420501512,0.9624230651390507,0.03248382318146954,0.026628283453776932,0.0001388704219647045,0.026898801382555234,-0.0006416022823856303,0.5999449733120563,0.5867757090655995,0.4802675199631007,0.1410349266155267,0.22528469017533734,0.04274703240871915,0.0,20,479789,0.4992856096131301,0.590309141196653,0.6116454952639695,0.7514404653599096,0.5832843255958764,0.3953488372093023,0.00041117213800556445,0.0017198687642317062,0.006422834699920763,0.026628283453778174,0.11378335059786698,0.05953241945938736,0.028385394412960698,0.07560198337185721,0.06024940129932116,0.04391513769594551,/common/users/shared/pracsys/adaptive_roa_experiments/quadrotor_stoch/q2d_cs_partx,0.9410025530032784,0.3710337396968769
fm,corridor_sine_ambient_smooth,partx,15,0.003455313980775524,1.0,0.09106227270877262,50.0,0.06481018685012177,0.0029146478402561154,0.0029146478402561154,0.019396850082089533,0.03987810147793619,0.01352589643891505,0.042607102789377564,0.04233658486059926,0.042336584860599255,0.9316324467630562,0.9514078063482072,0.9618832445095656,0.023714312900739047,0.02522764952616677,0.0001404194697724295,0.025498167454945066,-0.0006267330925990786,0.6215736040609138,0.6033010039135615,0.4726947696211291,0.13291524229736848,0.22528469017533734,0.04274703240871915,0.0,20,479789,0.5344297419009265,0.593644309011151,0.6021892447840141,0.7426736139828523,0.6132770609195005,0.3890365448504983,5.541921311777038e-06,0.0009749385058430299,0.005148984127926527,0.025227649526168253,0.10506076629518392,0.06224194385448603,0.028370804666217858,0.07560198337185721,0.06024940129932116,0.04391513769594551,/common/users/shared/pracsys/adaptive_roa_experiments/quadrotor_stoch/q2d_cs_partx,0.9453152033356687,0.4041170394533876
fm,corridor_sine_ambient_smooth,partx,16,0.004699179335422341,1.0,0.10913502347131077,50.0,0.08001335369275808,0.006177665528244685,0.006177665528244685,0.017173372900993945,0.049973249694379177,0.01352589643891505,0.042607102789377564,0.04233658486059926,0.042336584860599255,0.9094518632148716,0.9434334676284784,0.9617644422860883,0.04040074607444424,0.030654971417343944,0.00014876824535717576,0.030925489346122242,-0.0006859060705060593,0.560985468582631,0.5644219040893625,0.48789883594338834,0.15098799306036909,0.22528469017533734,0.04274703240871915,0.0,20,479789,0.4428013081279413,0.5264513038531781,0.5923540974717006,0.765224822871006,0.6082955685474106,0.41476032273374464,0.00019884918310712304,0.0015469443008382937,0.0073996644412595855,0.030654971417345297,0.1306511820821236,0.06961601870822383,0.03074893338530062,0.07560198337185721,0.06024940129932116,0.04391513769594551,/common/users/shared/pracsys/adaptive_roa_experiments/quadrotor_stoch/q2d_cs_partx,0.9366774624103841,0.2759224316680031
fm,corridor_sine_ambient_smooth,partx,17,0.004866799381581595,1.0,0.10878370071604267,50.0,0.07838587589166067,0.005536823455424656,0.005536823455424656,0.01743351288147091,0.048736244072224606,0.01352589643891505,0.042607102789377564,0.04233658486059926,0.042336584860599255,0.916577912373981,0.9464243657107604,0.9610349549489463,0.03759031483898123,0.02977007331108127,0.00014966188568870506,0.03004059123985958,-0.0006698221234717333,0.5743243961840748,0.5804703693427559,0.4809395563206264,0.15063667030506978,0.22528469017533734,0.04274703240871915,0.0,20,479789,0.46751740139211134,0.5494685452972439,0.5794473807453001,0.7443828743142282,0.6151797142560625,0.41105837683910773,0.0003896358844397752,0.0018700919957951674,0.008122741920181111,0.029770073311083004,0.12037374762656085,0.06745465194074896,0.031153277795030732,0.07560198337185721,0.06024940129932116,0.04391513769594551,/common/users/shared/pracsys/adaptive_roa_experiments/quadrotor_stoch/q2d_cs_partx,0.9313999437780625,0.29682393114360694
fm,corridor_sine_ambient_smooth,partx,18,0.006948926357287109,1.0,0.13557042759196986,50.0,0.0951066944712819,0.012100009410581744,0.012100009410581744,0.014930913815571616,0.0563088029559642,0.01352589643891505,0.042607102789377564,0.04233658486059926,0.042336584860599255,0.8850765649066569,0.9324286300853083,0.9579815293806235,0.056812722057971485,0.039090407050163145,0.00017200687806894,0.039360924978941454,-0.0004152734054462398,0.49995012106976705,0.5224909417621587,0.4889215636566445,0.17742339718114664,0.22528469017533734,0.04274703240871915,0.0,20,479789,0.37251669054247644,0.4549465206350835,0.5247605572485851,0.7599040608717228,0.6135884041927561,0.45766492643569057,1.061366147454541e-05,0.0024247986766912466,0.01248433310045375,0.03909040705016496,0.15422196006994743,0.08125863660900938,0.03830016944948717,0.07560198337185721,0.06024940129932116,0.04391513769594551,/common/users/shared/pracsys/adaptive_roa_experiments/quadrotor_stoch/q2d_cs_partx,0.9229885520536825,0.07667547633151628
fm,corridor_sine_ambient_smooth,partx,19,0.011785061737723151,1.0,0.18315101153557056,50.0,0.1391657080190594,0.029276577753962207,0.029276577753962207,0.016280523150377806,0.08720914904627064,0.01352589643891505,0.042607102789377564,0.04233658486059926,0.042336584860599255,0.8002559458428601,0.9151376959455094,0.9550052210450845,0.11348063407200579,0.05493123978913078,0.00018031066910091415,0.055201757717909083,-0.0004013996750528853,0.402960434097323,0.5312564757891828,0.5045669435902144,0.2250039811255756,0.22528469017533734,0.04274703240871915,0.0,20,479789,0.2603023083609671,0.3981192304374083,0.4884909349448987,0.8915998125327379,0.798180371536306,0.5217370669197912,0.00017969041354020746,0.0026592048753255,0.026427542232300167,0.05493123978913712,0.2589554991881848,0.12079268178303379,0.04690395152869282,0.07560198337185721,0.06024940129932116,0.04391513769594551,/common/users/shared/pracsys/adaptive_roa_experiments/quadrotor_stoch/q2d_cs_partx,0.9282890780210817,-0.2974886843140907
fm,corridor_sine_ambient_smooth,partx,20,0.00291403938433501,1.0,0.08487829632641243,50.0,0.06190703898469676,0.0020419431426055143,0.0020419431426055143,0.020085079361935577,0.03845315665283969,0.01352589643891505,0.042607102789377564,0.04233658486059926,0.042336584860599255,0.9326891612771447,0.9537775980691512,0.9622750834220877,0.019303969652155032,0.02360499022879324,0.00012982770735223676,0.02387550815757154,-0.0006884584124759625,0.627993503277159,0.6122291969016104,0.447193207501069,0.1267312659148087,0.22528469017533734,0.04274703240871915,0.0,20,479789,0.5393549663632766,0.6189718568802149,0.6272275531185744,0.751495602789954,0.6056318538762238,0.3474608448030375,5.816932970859717e-05,0.0005071196065735361,0.0041852719665151725,0.023604990228794098,0.10533797148329786,0.05895091383920849,0.024327360568916753,0.07560198337185721,0.06024940129932116,0.04391513769594551,/common/users/shared/pracsys/adaptive_roa_experiments/quadrotor_stoch/q2d_cs_partx,0.947069381006097,0.4424446301817476
fm,corridor_sine_ambient_smooth,partx,21,0.005316792046520876,1.0,0.11008250241382155,50.0,0.07882134766640939,0.0057218807713997465,0.0057218807713997465,0.017824357244146227,0.04932623968621824,0.01352589643891505,0.042607102789377564,0.04233658486059926,0.042336584860599255,0.9160693554875163,0.9473289300088164,0.961543511835411,0.03938084541039571,0.0295911842164637,0.0001497165394036606,0.029861702145242017,-0.0006429241713890657,0.5755752063154123,0.5823734527606551,0.4982459957033693,0.15193547200291957,0.22528469017533734,0.04274703240871915,0.0,20,479789,0.465907927515954,0.5575243640045564,0.5833917085907151,0.7527637636809749,0.6095409416404332,0.43478879924062647,0.0007904919982773146,0.0019718660116816787,0.00899966878981769,0.029591184216465467,0.12214952823011782,0.06587062229438358,0.03272897044325735,0.07560198337185721,0.06024940129932116,0.04391513769594551,/common/users/shared/pracsys/adaptive_roa_experiments/quadrotor_stoch/q2d_cs_partx,0.9343707160807303,0.30104933324456984
fm,corridor_sine_ambient_smooth,partx,22,0.004175964102123125,1.0,0.10444229623436262,50.0,0.0742994109947696,0.005504616647376524,0.005504616647376524,0.017132833048827144,0.044694016312224194,0.01352589643891505,0.042607102789377564,0.04233658486059926,0.042336584860599255,0.9140080326977067,0.9438044640456534,0.9602908778650615,0.033641962985964384,0.03011420420747989,0.00015205990337344044,0.03038472213625819,-0.000594164251668753,0.5714968219018737,0.5656614472581997,0.4679698408265847,0.1462952658231564,0.22528469017533734,0.04274703240871915,0.0,20,479789,0.4584659479095499,0.529319545358618,0.5684531886024423,0.758498056405591,0.6073615387276439,0.39767441860465114,2.6978246958866373e-05,0.000995391347998801,0.006351767996178961,0.030114204207480868,0.12507789882635909,0.06913247281617545,0.030721838141349635,0.07560198337185721,0.06024940129932116,0.04391513769594551,/common/users/shared/pracsys/adaptive_roa_experiments/quadrotor_stoch/q2d_cs_partx,0.9379963925876035,0.28869547917867566
fm,corridor_sine_ambient_smooth,partx,23,0.004587676971666078,1.0,0.10652331413363988,50.0,0.07397658851504599,0.005059573767441607,0.005059573767441607,0.017020641022134166,0.043909152502639576,0.01352589643891505,0.042607102789377564,0.04233658486059926,0.042336584860599255,0.9166696193535074,0.944421401907922,0.9606973065243263,0.03154149288149718,0.02990653037536099,0.00015358736262952662,0.03017704830413929,-0.00046898723054571503,0.5694996285169752,0.5587583148558758,0.472900069881202,0.14837628372244394,0.22528469017533734,0.04274703240871915,0.0,20,479789,0.46724265875119264,0.5355409648872395,0.5752465147908875,0.729054668761889,0.5840799806275296,0.40147128618889416,0.0001427419040725821,0.0015408251562244442,0.007356086679885715,0.029906530375362103,0.1179643551644577,0.06571013508021234,0.03064888940763544,0.07560198337185721,0.06024940129932116,0.04391513769594551,/common/users/shared/pracsys/adaptive_roa_experiments/quadrotor_stoch/q2d_cs_partx,0.9347870990561827,0.2936007834870581
clf,corridor_sine_ambient_smooth,clf_dir00,0,0.0023244466669511007,1.0,0.11760459621130905,50.0,0.0468485633418737,0.007758259871142301,0.007758259871142301,0.022390076971629053,0.012294122071714144,0.01352589643891505,0.042607102789377564,0.04233658486059926,0.042336584860599255,0.9448445045634644,0.9492089230891079,0.9587735442038062,-0.03790613957193558,0.02705632632664101,0.00016922567924997482,0.02732684425541932,-0.0006484414334714909,0.47896197995628975,0.30570671529103394,0.13352023830383739,0.15945756579846912,0.22528469017533734,0.04274703240871915,0.0,20,479789,0.8379030035822541,0.8664405684754521,0.8668941979522184,0.3353182808149312,0.18559518455737364,0.07233032747982913,1.9396240943511357e-05,8.446551283185645e-05,0.0014153849745290761,0.02705632632664123,0.030254966245578784,0.012905673118808476,0.0036641106819872904,0.07560198337185721,0.06024940129932116,0.04391513769594551,/common/users/shared/pracsys/adaptive_roa_experiments/quadrotor_stoch/q2d_cs_clf_dir00,0.9624423573663704,0.36092326729402513
clf,corridor_sine_ambient_smooth,clf_dir00,1,0.0021475447533519836,1.0,0.111127077043978,50.0,0.045670132141218706,0.007659428071547754,0.007659428071547754,0.023178019465106784,0.012686032524542827,0.01352589643891505,0.042607102789377564,0.04233658486059926,0.042336584860599255,0.946845384116768,0.9507012457559468,0.959200815358418,-0.037263520269199414,0.025746953275127327,0.00016275673863585434,0.026017471203905632,-0.001071040191912901,0.5035912408759124,0.32916418503077227,0.14118369674900189,0.1529800466311338,0.22528469017533734,0.04274703240871915,0.0,20,479789,0.856575288041319,0.9135705289672544,0.9338363319791062,0.35662889752708626,0.20074722385581348,0.07636449928808733,2.3530702827672858e-05,4.217831384704872e-05,0.0013095073071910219,0.02574695327512737,0.03147633647290788,0.013239153044359082,0.003591161948273095,0.07560198337185721,0.06024940129932116,0.04391513769594551,/common/users/shared/pracsys/adaptive_roa_experiments/quadrotor_stoch/q2d_cs_clf_dir00,0.9652056246800944,0.3918509638908345
clf,corridor_sine_ambient_smooth,clf_dir00,2,0.002123093995957482,1.0,0.10143389662119015,50.0,0.04466167115992417,0.0058113774074970365,0.0058113774074970365,0.02303527173547134,0.014404712297755466,0.01352589643891505,0.042607102789377564,0.04233658486059926,0.042336584860599255,0.9486691024596229,0.9524874476071773,0.9595947385204746,-0.03315249106207143,0.024191067393082712,0.0001551240307032512,0.024461585321861,-0.0009216231395422596,0.5506823323359847,0.3894364688236554,0.16533195556703695,0.1432868662083677,0.22528469017533734,0.04274703240871915,0.0,20,479789,0.8140676411888451,0.862498517024558,0.8905380333951762,0.416067047114934,0.25149617739647834,0.09112482202183199,1.9642947524523333e-05,0.00011401245717484208,0.0014658762193346497,0.02419106739308309,0.03863990212364185,0.017568139327912895,0.004493641996794424,0.07560198337185721,0.06024940129932116,0.04391513769594551,/common/users/shared/pracsys/adaptive_roa_experiments/quadrotor_stoch/q2d_cs_clf_dir00,0.9640345906049542,0.4286013509890769
clf,corridor_sine_ambient_smooth,clf_dir00,3,0.001886990292513019,1.0,0.08987717486005818,50.0,0.04322582856818117,0.004937397605253811,0.004937397605253811,0.023852346306310522,0.015426880942507867,0.01352589643891505,0.042607102789377564,0.04233658486059926,0.042336584860599255,0.9507054142550163,0.9540068655179673,0.9611641784200972,-0.030298080930656387,0.022512259372614064,0.000146063842029261,0.02278277730139236,-0.0009093767869284945,0.5814204555510327,0.4260410435144485,0.22854303813190907,0.1317301444472531,0.22528469017533734,0.04274703240871915,0.0,20,479789,0.8119624320316362,0.8584905660377359,0.8952319169639961,0.4528437129545392,0.2833223786626077,0.13099193165638348,1.9642947518268954e-05,9.939040798247897e-05,0.0010727839858017294,0.022512259372614373,0.04216436808680483,0.01988374056095492,0.006425741315453252,0.07560198337185721,0.06024940129932116,0.04391513769594551,/common/users/shared/pracsys/adaptive_roa_experiments/quadrotor_stoch/q2d_cs_clf_dir00,0.9671445733119176,0.4682551876411457
clf,corridor_sine_ambient_smooth,clf_dir00,4,0.0019302570390400192,1.0,0.09541774844886497,50.0,0.04404492369808629,0.0065471146268325075,0.0065471146268325075,0.02427782476303272,0.014328922800400472,0.01352589643891505,0.042607102789377564,0.04233658486059926,0.042336584860599255,0.9496090989997686,0.9524415941174141,0.9598156689711519,-0.03398866925214023,0.023513705340709266,0.00015008981681277546,0.023784223269487557,-0.0010921693836897922,0.5531962077950878,0.3753969122960692,0.16261292564280752,0.13727071803603944,0.22528469017533734,0.04274703240871915,0.0,20,479789,0.8390514631685166,0.8992786885245901,0.9580348004094166,0.41262095773715984,0.23720898052374859,0.08884670147128619,2.3879494897412357e-05,0.00014688398656158904,0.0010397181067181595,0.023513705340709644,0.03717884319982326,0.015892402702021097,0.004072623590786783,0.07560198337185721,0.06024940129932116,0.04391513769594551,/common/users/shared/pracsys/adaptive_roa_experiments/quadrotor_stoch/q2d_cs_clf_dir00,0.9677005526522514,0.44460080051018924
clf,corridor_sine_ambient_smooth,clf_dir00,5,0.001992385229612125,1.0,0.10423267253177201,50.0,0.045073430501088876,0.008466511950444223,0.008466511950444223,0.02461838994150062,0.012332278774201951,0.01352589643891505,0.042607102789377564,0.04233658486059926,0.042336584860599255,0.9468057833756088,0.9506366340203715,0.959740635987903,-0.037452609900078274,0.02540844512802459,0.00016061511507882282,0.025678963056802877,-0.0007762617415182881,0.49801345344400294,0.33069575538348506,0.16301239275500476,0.14608564211891775,0.22528469017533734,0.04274703240871915,0.0,20,479789,0.8689683574713433,0.9030714616453156,0.9367529880478087,0.34901993218096106,0.20240772131317675,0.08927384907451352,2.0383067247924922e-05,0.00015972293735568892,0.0010107187131010167,0.025408445128024655,0.030365431470917425,0.013503852735264877,0.004185173065660113,0.07560198337185721,0.06024940129932116,0.04391513769594551,/common/users/shared/pracsys/adaptive_roa_experiments/quadrotor_stoch/q2d_cs_clf_dir00,0.9684206356626449,0.3998466052071413
clf,corridor_sine_ambient_smooth,clf_dir00,6,0.0018800360071028162,1.0,0.09803260031626994,50.0,0.043651167341659254,0.0074598159828299015,0.0074598159828299015,0.025162237333381382,0.0128483399821702,0.01352589643891505,0.042607102789377564,0.04233658486059926,0.042336584860599255,0.9490442673758673,0.9520935244451206,0.9604034273399349,-0.03512736187802881,0.02416733478515083,0.00015533537030185772,0.024437852713929127,-0.0004668287248969574,0.5365483773127085,0.37399569681618866,0.20055546204342706,0.1398855699034115,0.22528469017533734,0.04274703240871915,0.0,20,479789,0.8587899751198496,0.8791293213828425,0.884558277654046,0.39015245499407275,0.2375203237970042,0.11309919316563835,1.9642947530846234e-05,0.000133228354492129,0.0009750625173249937,0.024167334785150974,0.03434634808217779,0.016277988865938987,0.005614968246458339,0.07560198337185721,0.06024940129932116,0.04391513769594551,/common/users/shared/pracsys/adaptive_roa_experiments/quadrotor_stoch/q2d_cs_clf_dir00,0.9697402053481151,0.4291619207187807
clf,corridor_sine_ambient_smooth,clf_dir00,7,0.0017589923205318832,1.0,0.09610475176917668,50.0,0.04289603965788297,0.008210621726405465,0.008210621726405465,0.026063578701806717,0.012509267814284901,0.01352589643891505,0.042607102789377564,0.04233658486059926,0.042336584860599255,0.9503719343294657,0.9528459385271443,0.9602908778650615,-0.03604223564053878,0.023668507494773904,0.00015355078561112435,0.023939025423552206,-0.0008151203904241053,0.5431767166126278,0.3783249065728731,0.18830947511929105,0.1379577213563025,0.22528469017533734,0.04274703240871915,0.0,20,479789,0.8931230283911672,0.9197060788243153,0.9200666111573689,0.3902627298541615,0.2381430103435154,0.10488846701471286,1.9702497393436374e-05,6.633174050535566e-05,0.0007118629074780879,0.023668507494774133,0.03303535512485697,0.015600607767164315,0.005006367382328482,0.07560198337185721,0.06024940129932116,0.04391513769594551,/common/users/shared/pracsys/adaptive_roa_experiments/quadrotor_stoch/q2d_cs_clf_dir00,0.9724945365401757,0.44094433755800855
clf,corridor_sine_ambient_smooth,clf_dir00,8,0.0015753587285883346,1.0,0.08665806142068982,50.0,0.04084766473521378,0.006547074879779059,0.006547074879779059,0.026760769191985546,0.013096042401038501,0.01352589643891505,0.042607102789377564,0.04233658486059926,0.042336584860599255,0.9530251839871277,0.9555158621810838,0.9622063031874428,-0.03231010975314245,0.021839843656964706,0.00014518026505306033,0.02211036158574301,-0.0002830468914280654,0.5871707513646188,0.44657072475042137,0.27220549869556493,0.12851103100782293,0.22528469017533734,0.04274703240871915,0.0,20,479789,0.8748430762512963,0.8915924622074963,0.881924577373212,0.44187136437570645,0.29788632511156465,0.16093972472710014,1.4861944277457857e-05,3.591367127460186e-05,0.0005434944144267712,0.021839843656964817,0.03818553572507915,0.02012968200604849,0.008013939460888015,0.07560198337185721,0.06024940129932116,0.04391513769594551,/common/users/shared/pracsys/adaptive_roa_experiments/quadrotor_stoch/q2d_cs_clf_dir00,0.9741927814395428,0.48413780353620206
clf,corridor_sine_ambient_smooth,clf_dir00,9,0.0016079235426184877,1.0,0.09192573138498299,50.0,0.04185179858477522,0.0080938521102115,0.0080938521102115,0.027065975892806172,0.012377454692548936,0.01352589643891505,0.042607102789377564,0.04233658486059926,0.042336584860599255,0.9520455867058227,0.9539255797861144,0.961043291947085,-0.03520862484766406,0.022889503836839877,0.00015007415624194098,0.02316002176561818,-0.00047495724116471474,0.5645887740812233,0.4034756327918398,0.21870166785102205,0.13377870097209899,0.22528469017533734,0.04274703240871915,0.0,20,479789,0.9002957329953528,0.917188075082812,0.9169295478443743,0.4112425219860502,0.25862247898432905,0.12415757000474609,1.5117157974270271e-05,3.3541885386192974e-05,0.0004825726947350846,0.02288950383684029,0.034533930540300004,0.016988717957268716,0.005946363922474255,0.07560198337185721,0.06024940129932116,0.04391513769594551,/common/users/shared/pracsys/adaptive_roa_experiments/quadrotor_stoch/q2d_cs_clf_dir00,0.9749889384938583,0.4593445854877609
clf,corridor_sine_ambient_smooth,clf_dir00,10,0.0016426674453282031,1.0,0.09526674717210101,50.0,0.042781067005358414,0.009223386589669159,0.009223386589669159,0.027228767232016497,0.01193624223570742,0.01352589643891505,0.042607102789377564,0.04233658486059926,0.042336584860599255,0.9504427988136451,0.9523623926350958,0.9604597020773715,-0.037008603908966424,0.023835482288902383,0.00015417573798629018,0.024106000217680678,-0.0004957219293495498,0.5384271931357133,0.3641573471318088,0.19165707955174913,0.13711971675921295,0.22528469017533734,0.04274703240871915,0.0,20,479789,0.9099737532808398,0.9298195766444097,0.9374739474781159,0.38232293992776994,0.22641574705088732,0.10673943996203132,1.4853437154255745e-05,3.557338641694154e-05,0.000600748762657332,0.02383548228890252,0.03176396290869528,0.014671032474692,0.005000114633724408,0.07560198337185721,0.06024940129932116,0.04391513769594551,/common/users/shared/pracsys/adaptive_roa_experiments/quadrotor_stoch/q2d_cs_clf_dir00,0.9748440402020246,0.4370003540109588
clf,corridor_sine_ambient_smooth,clf_dir00,11,0.0015276804668840338,1.0,0.08603230624111954,50.0,0.04169904599103634,0.008104066599644274,0.008104066599644274,0.02752204288227902,0.012868810985235112,0.01352589643891505,0.042607102789377564,0.04233658486059926,0.042336584860599255,0.952058092203031,0.9534899716333638,0.961401782867052,-0.03490860599343551,0.02242438152830209,0.00014617397075706356,0.022694899457080402,-0.0004942270496624164,0.5640588279887803,0.3901505834768112,0.2282142112940196,0.12788527582826242,0.22528469017533734,0.04274703240871915,0.0,20,479789,0.902370990237099,0.928943258719417,0.9360683760683761,0.4102500482452513,0.24692980938872938,0.12994779307071666,2.0417095741929353e-05,2.2074282714799402e-05,0.00038063232830620817,0.022424381528302267,0.03437135907659409,0.016015373424567884,0.0060964298889720275,0.07560198337185721,0.06024940129932116,0.04391513769594551,/common/users/shared/pracsys/adaptive_roa_experiments/quadrotor_stoch/q2d_cs_clf_dir00,0.9761095598859977,0.4703308828017574
clf,corridor_sine_ambient_smooth,clf_dir00,12,0.0015932307814262878,1.0,0.09731874669739185,50.0,0.0433533746485589,0.010481413893854891,0.010481413893854891,0.02783674033069097,0.01127791856138775,0.01352589643891505,0.042607102789377564,0.04233658486059926,0.042336584860599255,0.949073446869353,0.951138938158232,0.960361742349241,-0.03857550469751882,0.024619844113639378,0.000157769495986176,0.02489036204241767,-0.0003614143101238164,0.5138866783383734,0.3312890435576348,0.18496614382446216,0.13917171628449518,0.22528469017533734,0.04274703240871915,0.0,20,479789,0.9230934171967694,0.9442276422764228,0.9531802120141343,0.3560499545116202,0.20088559864392708,0.10242050308495491,1.4164360172689787e-05,2.029799585884686e-05,0.00035060023651128415,0.024619844113639523,0.029160735239865856,0.012818134638351441,0.004718740946541083,0.07560198337185721,0.06024940129932116,0.04391513769594551,/common/users/shared/pracsys/adaptive_roa_experiments/quadrotor_stoch/q2d_cs_clf_dir00,0.9769089046187244,0.4184735449327196
clf,corridor_sine_ambient_smooth,clf_dir00,13,0.0016092771884235416,1.0,0.09624694510025963,50.0,0.04376295375429381,0.010792913469860459,0.010792913469860459,0.027788621629274462,0.011428080566786618,0.01352589643891505,0.042607102789377564,0.04233658486059926,0.042336584860599255,0.9485461317370761,0.9509075864598813,0.9600074199283435,-0.03894071303600714,0.02474079346499945,0.00015772535517576263,0.02501131139377775,-0.0006000832361858117,0.5048041241249273,0.32269381182424656,0.168630849220104,0.13809991468737762,0.22528469017533734,0.04274703240871915,0.0,20,479789,0.9265832106038292,0.9560402112796047,0.9681592039800995,0.3468971411242522,0.1941052340263604,0.09235880398671097,1.1986536626444813e-05,3.305868021159221e-05,0.0003986180111164706,0.024740793464999657,0.028304108681107738,0.01223246051910319,0.004189341564729496,0.07560198337185721,0.06024940129932116,0.04391513769594551,/common/users/shared/pracsys/adaptive_roa_experiments/quadrotor_stoch/q2d_cs_clf_dir00,0.9765614979776396,0.4156166930690579
clf,corridor_sine_ambient_smooth,clf_dir00,14,0.0014539799710441526,1.0,0.08339747039833037,50.0,0.04217882301648462,0.009244649446346544,0.009244649446346544,0.028190685955081972,0.012998392106556348,0.01352589643891505,0.042607102789377564,0.04233658486059926,0.042336584860599255,0.9517975610111945,0.9521685574283696,0.9602304346285555,-0.03598423763365219,0.02284507783146813,0.00014751757893553098,0.023115595760246424,-0.0005454705203957119,0.5561121667530373,0.3569727366975819,0.17955884249903253,0.12525043998547195,0.22528469017533734,0.04274703240871915,0.0,20,479789,0.9152767247915087,0.9392509584193454,0.9547325102880658,0.3993879745265073,0.22036185007091708,0.09909824394874228,6.456906529013241e-06,2.133586483473108e-05,0.00021668610311664245,0.0228450778314681,0.03298950163509376,0.014135380344276338,0.004558253732369854,0.07560198337185721,0.06024940129932116,0.04391513769594551,/common/users/shared/pracsys/adaptive_roa_experiments/quadrotor_stoch/q2d_cs_clf_dir00,0.978194987411072,0.4603939380871269
clf,corridor_sine_ambient_smooth,clf_dir00,15,0.001585458647405169,1.0,0.09690566649981207,50.0,0.04445296672395138,0.011956389961007292,0.011956389961007292,0.028104602440971488,0.011212564976487626,0.01352589643891505,0.042607102789377564,0.04233658486059926,0.042336584860599255,0.9472538970255675,0.9493548205565363,0.9591903941107445,-0.040185280297768945,0.02570080227411604,0.0001623129128214812,0.025971320202894353,-0.0004875701065190155,0.4805517354625505,0.2843342267251789,0.13653201622861175,0.13875863608692351,0.22528469017533734,0.04274703240871915,0.0,20,479789,0.9405431463924152,0.9565992865636147,0.9638854296388543,0.3227193780497891,0.16698377555609367,0.07346938775510205,1.7958537132056667e-05,1.9658260260317015e-05,0.0002003166432604425,0.025700802274116023,0.025940569708767812,0.010517123152052256,0.003347304752714214,0.07560198337185721,0.06024940129932116,0.04391513769594551,/common/users/shared/pracsys/adaptive_roa_experiments/quadrotor_stoch/q2d_cs_clf_dir00,0.9782766108313581,0.39294106128917794
clf,corridor_sine_ambient_smooth,clf_dir00,16,0.001462354938355739,1.0,0.09000226202799134,50.0,0.04339384596637589,0.011463426853658346,0.011463426853658346,0.028985935722609667,0.011931338979189823,0.01352589643891505,0.042607102789377564,0.04233658486059926,0.042336584860599255,0.95000510641136,0.9499759269178744,0.9590840973844753,-0.03897333492231917,0.024275439836699497,0.0001536752191454703,0.0245459577654778,-0.000538636154948445,0.522218902499751,0.298401005583326,0.13240818491183098,0.13185523161510024,0.22528469017533734,0.04274703240871915,0.0,20,479789,0.9409273614699971,0.9626556016597511,0.962106615285806,0.3613982852259256,0.17656622963296087,0.07109634551495017,1.496402975615554e-05,2.0161881964957652e-05,0.00017358039762297142,0.02427543983669932,0.02903776451731907,0.011050691032933227,0.0032451765255143406,0.07560198337185721,0.06024940129932116,0.04391513769594551,/common/users/shared/pracsys/adaptive_roa_experiments/quadrotor_stoch/q2d_cs_clf_dir00,0.9795534399023731,0.4266084542097407
clf,corridor_sine_ambient_smooth,clf_dir00,17,0.0015422171117659635,1.0,0.09244430105432301,50.0,0.04341017253258151,0.010933200698424513,0.010933200698424513,0.028262173497746488,0.011964410937235543,0.01352589643891505,0.042607102789377564,0.04233658486059926,0.042336584860599255,0.9502552163555229,0.9497529122176623,0.9592821010902709,-0.038778226872153446,0.024412201003065334,0.0001555380972551646,0.024682718931843633,-0.0005954110582119566,0.5278255880665519,0.2945514133551823,0.13953488372093023,0.13429727064143498,0.22528469017533734,0.04274703240871915,0.0,20,479789,0.9345663444024099,0.9555724321245491,0.9694002447980417,0.36776665839605216,0.1741100771439444,0.07517797816801139,2.000875382976231e-05,1.9767151428724783e-05,0.0002193629802049026,0.024412201003065494,0.029750577858183493,0.010977742299219032,0.00340566373968557,0.07560198337185721,0.06024940129932116,0.04391513769594551,/common/users/shared/pracsys/adaptive_roa_experiments/quadrotor_stoch/q2d_cs_clf_dir00,0.9782565410354152,0.42337812359105365
clf,corridor_sine_ambient_smooth,clf_dir00,18,0.0015718817072954787,1.0,0.09790161240777474,50.0,0.04416681025782599,0.012004880571790742,0.012004880571790742,0.028401779199993843,0.011143069087497796,0.01352589643891505,0.042607102789377564,0.04233658486059926,0.042336584860599255,0.9484398350108069,0.9490255091300551,0.9593550498239851,-0.04030018777720733,0.025351078503704196,0.00015995944339871127,0.025621596432482494,-0.0005886077286919693,0.49752193695157626,0.27200476261348416,0.1410386292560455,0.13975458199487273,0.22528469017533734,0.04274703240871915,0.0,20,479789,0.9450574890037812,0.9746160409556314,0.9804041641151255,0.33763405287679543,0.15805860172276612,0.07598481252966303,2.182927820035151e-05,1.9661663146091984e-05,0.00021497933618040192,0.025351078503704737,0.027009789720064445,0.009770961818632774,0.003403579490150879,0.07560198337185721,0.06024940129932116,0.04391513769594551,/common/users/shared/pracsys/adaptive_roa_experiments/quadrotor_stoch/q2d_cs_clf_dir00,0.9783509496802925,0.4012016182415956
clf,corridor_sine_ambient_smooth,clf_dir00,19,0.0014495601631378649,1.0,0.0840734973812466,50.0,0.041890197653978146,0.009567811764102244,0.009567811764102244,0.028688511515057313,0.012906740882691685,0.01352589643891505,0.042607102789377564,0.04233658486059926,0.042336584860599255,0.952779242542034,0.9516454107951621,0.9602116763827433,-0.03644334815160426,0.02268597350677673,0.00014653751464556837,0.022956491435555025,-0.0005299116028674722,0.5653608563864483,0.34199330648363496,0.1749502982107356,0.12592646696837384,0.22528469017533734,0.04274703240871915,0.0,20,479789,0.9294770705860089,0.9492993229412691,0.9787234042553191,0.40622501585201115,0.2085653993842322,0.09606074988134788,1.696320371453046e-05,2.1022802794589556e-05,0.0002180433279078639,0.022685973506776994,0.03304160787346104,0.013237068794824391,0.00431022803774159,0.07560198337185721,0.06024940129932116,0.04391513769594551,/common/users/shared/pracsys/adaptive_roa_experiments/quadrotor_stoch/q2d_cs_clf_dir00,0.9785116218930059,0.4641520193120362
clf,corridor_sine_ambient_smooth,clf_dir00,20,0.0015095898036887234,1.0,0.09410156622240078,50.0,0.043993413103333594,0.012484688871087706,0.012484688871087706,0.029181244290078564,0.011383322851594997,0.01352589643891505,0.042607102789377564,0.04233658486059926,0.042336584860599255,0.9487670621877534,0.9485106994949863,0.9591883098612098,-0.040363377554256945,0.025065007983800267,0.00015731393369253048,0.025335525912578573,-0.0005750214578081336,0.5003760239029248,0.2574691914637812,0.13362240608822618,0.13595453580949693,0.22528469017533734,0.04274703240871915,0.0,20,479789,0.9522667491876837,0.9816639926655971,0.9862834748530372,0.33934331320817135,0.14816480437264332,0.07166587565258661,2.3845466405157337e-05,2.0338830167755422e-05,0.00020197666702880841,0.025065007983800534,0.026941009485419633,0.009093580719858104,0.003190986037612367,0.07560198337185721,0.06024940129932116,0.04391513769594551,/common/users/shared/pracsys/adaptive_roa_experiments/quadrotor_stoch/q2d_cs_clf_dir00,0.9795340372574974,0.40795867058405233
clf,corridor_sine_ambient_smooth,clf_dir00,21,0.0013879078980709946,1.0,0.08390707964461505,50.0,0.04304801770487388,0.01155776821535942,0.01155776821535942,0.029721118922284535,0.012505931680254004,0.01352589643891505,0.042607102789377564,0.04233658486059926,0.042336584860599255,0.9506408025194408,0.9491026263628387,0.959484273295136,-0.03847836172721743,0.023748422176465233,0.00014939245608013376,0.024018940105243528,-0.00042481197720892205,0.5295029204911194,0.27506976191889804,0.14625148227853663,0.125760049231739,0.22528469017533734,0.04274703240871915,0.0,20,479789,0.9477277576274803,0.9694496756643649,0.9799882283696292,0.36738069638574145,0.1602725983325838,0.07902230659705743,2.384546640514176e-05,1.9113804374061904e-05,0.00017539718741966924,0.023748422176465733,0.029306632707294247,0.009960628526289681,0.003541139959440504,0.07560198337185721,0.06024940129932116,0.04391513769594551,/common/users/shared/pracsys/adaptive_roa_experiments/quadrotor_stoch/q2d_cs_clf_dir00,0.9804961602380355,0.43905673415413304
clf,corridor_sine_ambient_smooth,clf_dir00,22,0.0015173299630908312,1.0,0.09108153896373904,50.0,0.043684553129996355,0.011572924673924399,0.011572924673924399,0.028721019410887737,0.011983129004114289,0.01352589643891505,0.042607102789377564,0.04233658486059926,0.042336584860599255,0.9496903847316216,0.9489671501430837,0.9592195736042302,-0.03936694012714049,0.024525211840873064,0.0001547008288229202,0.02479572976965136,-0.000663278282762865,0.5150869862188115,0.2709108775273204,0.13470723509640897,0.13293450855085592,0.22528469017533734,0.04274703240871915,0.0,20,479789,0.9492780451684562,0.9728400342172797,0.9876783398184177,0.3534309265845119,0.1573667277821981,0.0722828666350261,2.3530702845591643e-05,1.829031467859958e-05,0.00026077560932941796,0.02452521184087303,0.02814778996600589,0.009745950824216478,0.0032139127824939713,0.07560198337185721,0.06024940129932116,0.04391513769594551,/common/users/shared/pracsys/adaptive_roa_experiments/quadrotor_stoch/q2d_cs_clf_dir00,0.9786201801546737,0.4207087812673911
clf,corridor_sine_ambient_smooth,clf_dir00,23,0.0015159032955635674,1.0,0.09382131067833935,50.0,0.044176870082715036,0.012458957920765783,0.012458957920765783,0.029206050586925086,0.011527200910854836,0.01352589643891505,0.042607102789377564,0.04233658486059926,0.042336584860599255,0.9486503442138107,0.9488358424223982,0.9584671595222066,-0.040397274027602216,0.024888343500858726,0.00015507638084064627,0.025158861429637018,-0.0007011486935812432,0.4988303260847454,0.266260162601626,0.1041226453266196,0.13567428026544356,0.22528469017533734,0.04274703240871915,0.0,20,479789,0.9514977494955766,0.9791162892943505,0.9872122762148338,0.3380200148871061,0.15408032656449994,0.05495965828191742,2.384546640515224e-05,2.1308642091647853e-05,0.0002956073357229745,0.024888343500858626,0.026857639504031982,0.009481251133310685,0.002444824704192885,0.07560198337185721,0.06024940129932116,0.04391513769594551,/common/users/shared/pracsys/adaptive_roa_experiments/quadrotor_stoch/q2d_cs_clf_dir00,0.9790932119402446,0.4121315268388315
clf,corridor_sine_ambient_smooth,clf_yield,0,0.0023244466669511007,1.0,0.11760459621130905,50.0,0.0468485633418737,0.007758259871142301,0.007758259871142301,0.022390076971629053,0.012294122071714144,0.01352589643891505,0.042607102789377564,0.04233658486059926,0.042336584860599255,0.9448445045634644,0.9492089230891079,0.9587735442038062,-0.03790613957193558,0.02705632632664101,0.00016922567924997482,0.02732684425541932,-0.0006484414334714909,0.47896197995628975,0.30570671529103394,0.13352023830383739,0.15945756579846912,0.22528469017533734,0.04274703240871915,0.0,20,479789,0.8379030035822541,0.8664405684754521,0.8668941979522184,0.3353182808149312,0.18559518455737364,0.07233032747982913,1.9396240943511357e-05,8.446551283185645e-05,0.0014153849745290761,0.02705632632664123,0.030254966245578784,0.012905673118808476,0.0036641106819872904,0.07560198337185721,0.06024940129932116,0.04391513769594551,/common/users/shared/pracsys/adaptive_roa_experiments/quadrotor_stoch/q2d_cs_clf_yield,0.9624423573663704,0.36092326729402513
clf,corridor_sine_ambient_smooth,clf_yield,1,0.0022367777971933735,1.0,0.13924568937803208,50.0,0.04807769374678376,0.012761854757250722,0.012761854757250722,0.02467209118906948,0.008990009972770142,0.01352589643891505,0.042607102789377564,0.04233658486059926,0.042336584860599255,0.9421683281609208,0.9470975783104656,0.9574688039950895,-0.044634100679731385,0.02957245822994459,0.00018114701379399594,0.029842976158722893,-0.0008538901988359125,0.401191272633101,0.22535555148629677,0.06205184776613349,0.18109865896510394,0.22528469017533734,0.04274703240871915,0.0,20,479789,0.9235890302066773,0.9567245400362788,0.9839650145772595,0.2562512061312822,0.12771992942885807,0.03203607024205031,2.3870987774838032e-05,6.479705618399747e-05,0.0014033249329159735,0.029572458229944948,0.020975887317133155,0.008043118954373693,0.001429795180798226,0.07560198337185721,0.06024940129932116,0.04391513769594551,/common/users/shared/pracsys/adaptive_roa_experiments/quadrotor_stoch/q2d_cs_clf_yield,0.9672247865968026,0.3014916454098229
clf,corridor_sine_ambient_smooth,clf_yield,2,0.0021964151574462836,1.0,0.13833990841949093,50.0,0.04843551122066471,0.013002451826745264,0.013002451826745264,0.024685963397313788,0.008845386236314725,0.01352589643891505,0.042607102789377564,0.04233658486059926,0.042336584860599255,0.9411949836282199,0.9467766038821231,0.9579210861441175,-0.04491670308553553,0.029634207107060648,0.00017978443310814947,0.029904725035838933,-0.001018866182970108,0.381434710163992,0.21461524266469825,0.08302675205523004,0.18019287800656905,0.22528469017533734,0.04274703240871915,0.0,20,479789,0.9314701788200022,0.9672858331023011,0.9651531151003168,0.23982025197805532,0.12069740893209258,0.04337921214997627,2.227164860816991e-05,3.201400612402762e-05,0.0013978993057599594,0.029634207107060682,0.01946480640448197,0.007517888071631488,0.001973784309352653,0.07560198337185721,0.06024940129932116,0.04391513769594551,/common/users/shared/pracsys/adaptive_roa_experiments/quadrotor_stoch/q2d_cs_clf_yield,0.9674090569483806,0.30003312254314907
clf,corridor_sine_ambient_smooth,clf_yield,3,0.002018475046555991,1.0,0.13917904845596502,50.0,0.04746444944977261,0.014768545881175528,0.014768545881175528,0.027167937556072157,0.00789877894172001,0.01352589643891505,0.042607102789377564,0.04233658486059926,0.042336584860599255,0.9419536504588475,0.9477145161727343,0.958667247477537,-0.04555209813553315,0.029202097940594664,0.00017840877506622582,0.029472615869372963,-0.0007350952451079737,0.3850468115173997,0.23560241330976903,0.1124289486640111,0.18103201804299754,0.22528469017533734,0.04274703240871915,0.0,20,479789,0.9671658347199112,0.9884939913065712,0.9866457187745483,0.24037162627849915,0.1337392327117999,0.059610821072615096,1.6886639605507684e-05,4.646590706544814e-05,0.0012893916967580325,0.02920209794059467,0.01878950955524199,0.008151499930177641,0.002653249657662014,0.07560198337185721,0.06024940129932116,0.04391513769594551,/common/users/shared/pracsys/adaptive_roa_experiments/quadrotor_stoch/q2d_cs_clf_yield,0.9712965721790783,0.31023964174843643
clf,corridor_sine_ambient_smooth,clf_yield,4,0.0018475896436421513,1.0,0.12821768082480461,50.0,0.046014856980283014,0.013918446194993956,0.013918446194993956,0.0281817060374093,0.00871743119880614,0.01352589643891505,0.042607102789377564,0.04233658486059926,0.042336584860599255,0.9451071200048354,0.9490380146272632,0.9587401962112512,-0.04385301703585446,0.02733374656791291,0.0001683929890208647,0.02760426449669123,-0.0007395784502709918,0.4427329087408223,0.2700976148541747,0.11419366386253803,0.17007065041183259,0.22528469017533734,0.04274703240871915,0.0,20,479789,0.9521295959228249,0.985191637630662,0.9984350547730829,0.28842389656218126,0.15650188535648804,0.060560037968675845,1.1909972517738414e-05,7.084732223404776e-05,0.001119388625471349,0.027333746567913094,0.02290173388718791,0.00957087386330241,0.0026636709053354706,0.07560198337185721,0.06024940129932116,0.04391513769594551,/common/users/shared/pracsys/adaptive_roa_experiments/quadrotor_stoch/q2d_cs_clf_yield,0.973845860773841,0.3543705365486106
clf,corridor_sine_ambient_smooth,clf_yield,5,0.0017939252913180643,1.0,0.12942970136227566,50.0,0.04720722282817641,0.01591494138748462,0.01591494138748462,0.028884970571492842,0.008424211620905996,0.01352589643891505,0.042607102789377564,0.04233658486059926,0.042336584860599255,0.9431145774496705,0.9471079995581391,0.9573937710118406,-0.045492763940822904,0.02861744823348684,0.00017346441958599108,0.028887966162265136,-0.000749107443104205,0.4059895096524256,0.21967344177608317,0.05831951354339414,0.17128267094930033,0.22528469017533734,0.04274703240871915,0.0,20,479789,0.9641306594996899,0.9883785279468733,0.9921630094043887,0.2571334050119924,0.1235686857854499,0.030042714760322733,2.0953044507992656e-05,6.482087613990914e-05,0.0007949626421895802,0.028617448233486813,0.020163029998603553,0.007532477818374327,0.001329751203133044,0.07560198337185721,0.06024940129932116,0.04391513769594551,/common/users/shared/pracsys/adaptive_roa_experiments/quadrotor_stoch/q2d_cs_clf_yield,0.9759821642462742,0.3240492040698397
clf,corridor_sine_ambient_smooth,clf_yield,6,0.0015347630817901766,1.0,0.10706481965547648,50.0,0.042158016152669196,0.011380991451199376,0.011380991451199376,0.029968527187037585,0.010238471145454259,0.01352589643891505,0.042607102789377564,0.04233658486059926,0.042336584860599255,0.9517996452607292,0.9535316566240577,0.9599615664385803,-0.03950285503125045,0.02313927717883338,0.0001473695169937519,0.023409795107611674,-0.0006097719459276819,0.5456938550997956,0.3790904280502409,0.16724466793826945,0.1489177892424947,0.22528469017533734,0.04274703240871915,0.0,20,479789,0.9492857631057344,0.9722857142857143,0.9654654654654654,0.382901882943236,0.2354447019753001,0.09155196962505932,4.843105253106056e-05,6.650868938834144e-05,0.0006189310759783252,0.023139277178833368,0.030494654942068284,0.01458974674283904,0.0041643305703132,0.07560198337185721,0.06024940129932116,0.04391513769594551,/common/users/shared/pracsys/adaptive_roa_experiments/quadrotor_stoch/q2d_cs_clf_yield,0.9780300676296071,0.4534448809457926
clf,corridor_sine_ambient_smooth,clf_yield,7,0.0015140088221658112,1.0,0.10219168126139863,50.0,0.04325529122438222,0.012057832069385968,0.012057832069385968,0.029938027287902107,0.010559630949647103,0.01352589643891505,0.042607102789377564,0.04233658486059926,0.042336584860599255,0.9497508279681277,0.9518184035065415,0.9588923464272837,-0.0402112563863233,0.023869003056661314,0.0001489496770319516,0.02413952098543962,-0.000587386585421807,0.5170762974981472,0.34126463967172943,0.12517187846529165,0.1440446508484415,0.22528469017533734,0.04274703240871915,0.0,20,479789,0.9455677655677656,0.967992240543162,0.9566101694915254,0.35582940479144265,0.20714705780606774,0.06696725201708591,1.6648440155152815e-05,2.7750235965207443e-05,0.000661919380592366,0.023869003056661366,0.028450006148536128,0.012893167621600329,0.003074268063669655,0.07560198337185721,0.06024940129932116,0.04391513769594551,/common/users/shared/pracsys/adaptive_roa_experiments/quadrotor_stoch/q2d_cs_clf_yield,0.9783031464611552,0.4362085856652288
clf,corridor_sine_ambient_smooth,clf_yield,8,0.0015407151405122637,1.0,0.10103700035673696,50.0,0.04329684596980029,0.012531491817146427,0.012531491817146427,0.030249236981807415,0.010741891079315393,0.01352589643891505,0.042607102789377564,0.04233658486059926,0.042336584860599255,0.9502218683629678,0.9507512677447795,0.9583650312950067,-0.040615371235944046,0.02384867067781516,0.00014839611658509164,0.024119188606593463,-0.0007701690181231152,0.5215841028825544,0.31269088687861774,0.10034228067014951,0.1428899699437751,0.22528469017533734,0.04274703240871915,0.0,20,479789,0.9539126611957796,0.9822733918128655,0.982363315696649,0.35891710087392825,0.18594112152765765,0.052871381110583766,2.304579682182383e-05,5.6545146664242215e-05,0.0007714313201888566,0.023848670677815202,0.028445837649466746,0.011405013453830746,0.0023635389723399244,0.07560198337185721,0.06024940129932116,0.04391513769594551,/common/users/shared/pracsys/adaptive_roa_experiments/quadrotor_stoch/q2d_cs_clf_yield,0.977966779891979,0.43668884119158036
clf,corridor_sine_ambient_smooth,clf_yield,9,0.0014794485071530788,1.0,0.10161736713719138,50.0,0.0421630857125265,0.011775687006058216,0.011775687006058216,0.03056151603941477,0.010358369452190897,0.01352589643891505,0.042607102789377564,0.04233658486059926,0.042336584860599255,0.9514349015921583,0.9536046053577718,0.9597093722448826,-0.039660989083692116,0.02288087220298529,0.000144974525297701,0.023151390131763597,-0.0006698836242574127,0.5392236350333207,0.3785594639865996,0.15315196915932885,0.1434703367242158,0.22528469017533734,0.04274703240871915,0.0,20,479789,0.9536933407946279,0.9807608852885867,0.9948776323278316,0.3758718606125768,0.23454526585256166,0.08296155671570954,1.4827915784584327e-05,2.0202716239167365e-05,0.0007262564993384904,0.02288087220298545,0.0297964313479467,0.014408417033320898,0.003662026432452599,0.07560198337185721,0.06024940129932116,0.04391513769594551,/common/users/shared/pracsys/adaptive_roa_experiments/quadrotor_stoch/q2d_cs_clf_yield,0.9789656420800529,0.45954846669081517
clf,corridor_sine_ambient_smooth,clf_yield,10,0.0012914712981413358,1.0,0.08294313096298297,50.0,0.03924443213579418,0.009520302491854135,0.009520302491854135,0.031238939390366337,0.011970517516957694,0.01352589643891505,0.042607102789377564,0.04233658486059926,0.042336584860599255,0.9559743970787159,0.9563829099875153,0.9611975264126522,-0.035820238949476536,0.01992245426430833,0.00012998193466995898,0.020192972193086644,-0.0006954936977787186,0.6027644569816644,0.43893938175286196,0.21271197192032815,0.12479610055002512,0.22528469017533734,0.04274703240871915,0.0,20,479789,0.9481718139865105,0.9754528122020972,0.975941016686069,0.4418162269456621,0.28318400387449405,0.1193640246796393,3.6453023027506515e-05,3.743814789665098e-05,0.0005667992433124585,0.019922454264308304,0.035227985635352205,0.017491022095129316,0.005371111050899458,0.07560198337185721,0.06024940129932116,0.04391513769594551,/common/users/shared/pracsys/adaptive_roa_experiments/quadrotor_stoch/q2d_cs_clf_yield,0.9803966629219368,0.5294269877953888
clf,corridor_sine_ambient_smooth,clf_yield,11,0.0012754835538975973,1.0,0.086941502926783,50.0,0.040287896451453954,0.01091348459647984,0.01091348459647984,0.03177674780356467,0.011359218384013525,0.01352589643891505,0.042607102789377564,0.04233658486059926,0.042336584860599255,0.9543507666911913,0.9553720489631901,0.9602137606322779,-0.037511962720498004,0.020819725879657025,0.0001335673408314009,0.02109024380843531,-0.0006535957738574259,0.579761310871484,0.41697979632957577,0.1734574583243126,0.1287944725138144,0.22528469017533734,0.04274703240871915,0.0,20,479789,0.9534869043862417,0.9792812380099757,0.9891358024691358,0.41650814655528906,0.2648839381464697,0.0950640721404841,2.3845466405157696e-05,3.6362847520889456e-05,0.0003833703507640231,0.020819725879657046,0.03302493387718351,0.016296747111751206,0.004220605307749865,0.07560198337185721,0.06024940129932116,0.04391513769594551,/common/users/shared/pracsys/adaptive_roa_experiments/quadrotor_stoch/q2d_cs_clf_yield,0.9818670357635222,0.5082332231518041
clf,corridor_sine_ambient_smooth,clf_yield,12,0.0012335189690216833,1.0,0.08343399727852832,50.0,0.04086307539485838,0.011411463126241146,0.011411463126241146,0.032014569790517734,0.011740205416343795,0.01352589643891505,0.042607102789377564,0.04233658486059926,0.042336584860599255,0.9542423857153874,0.9536733855924167,0.9595488850307115,-0.03780462852074163,0.021123537115485005,0.0001331468034120565,0.021394055044263307,-0.0006099410808376692,0.5782780744554151,0.38053565954126134,0.14757554462403372,0.12528696686557364,0.22528469017533734,0.04274703240871915,0.0,20,479789,0.9535635096610706,0.9789217092056208,0.9893992932862191,0.41496429851404626,0.23617116961289653,0.07973421926910298,2.5989261458350438e-05,3.927228365991772e-05,0.00032491042545240755,0.021123537115485154,0.032899878905102035,0.014535556254937066,0.0035390557099058127,0.07560198337185721,0.06024940129932116,0.04391513769594551,/common/users/shared/pracsys/adaptive_roa_experiments/quadrotor_stoch/q2d_cs_clf_yield,0.9824864218952827,0.5010571309651448
clf,corridor_sine_ambient_smooth,clf_yield,13,0.0011775257493587114,1.0,0.07732564141188647,50.0,0.039900549887210174,0.010488557215731652,0.010488557215731652,0.03213016407756162,0.012443889114111916,0.01352589643891505,0.042607102789377564,0.04233658486059926,0.042336584860599255,0.956101536300332,0.9548509865795173,0.9597948264758049,-0.03631783735502962,0.01999955331154626,0.00012656897264887274,0.02027007124032456,-0.0006954246872230355,0.6037700353675972,0.40700793868053653,0.15786256875927707,0.11917861099894293,0.22528469017533734,0.04274703240871915,0.0,20,479789,0.9504827341112362,0.9752066115702479,0.9847494553376906,0.4423951699611281,0.2571695437091362,0.0858092074038918,3.67507723404498e-05,2.7699193209740464e-05,0.00032417864010715505,0.01999955331154663,0.03518838489419307,0.015888234202951716,0.003826682145693211,0.07560198337185721,0.06024940129932116,0.04391513769594551,/common/users/shared/pracsys/adaptive_roa_experiments/quadrotor_stoch/q2d_cs_clf_yield,0.9826495510825864,0.5276058903334231
clf,corridor_sine_ambient_smooth,clf_yield,14,0.0011116963695724695,1.0,0.07294549438534399,50.0,0.038727206433343014,0.009860293924352434,0.009860293924352434,0.032590480970345996,0.012504336163367595,0.01352589643891505,0.042607102789377564,0.04233658486059926,0.042336584860599255,0.9572353680472041,0.9565163019577356,0.9607681710085059,-0.03512500486683413,0.01901578323253282,0.00012213672955303735,0.019286301161311126,-0.0005906145820728757,0.618425946589303,0.44191209908247064,0.19714224781403286,0.11479846397239699,0.22528469017533734,0.04274703240871915,0.0,20,479789,0.9501685810617749,0.9745162812647475,0.9730526315789474,0.45838502467399994,0.28574393745459575,0.10968201233981965,3.676778658690385e-05,4.406689830939759e-05,0.00029936209394438646,0.019015783232532855,0.036472282607562904,0.017666099056043386,0.004950092644891817,0.07560198337185721,0.06024940129932116,0.04391513769594551,/common/users/shared/pracsys/adaptive_roa_experiments/quadrotor_stoch/q2d_cs_clf_yield,0.983348550534832,0.5508427688452984
clf,corridor_sine_ambient_smooth,clf_yield,15,0.0011777506712726978,1.0,0.07742034598163962,50.0,0.03952986034844272,0.01025677817470342,0.01025677817470342,0.032111464769175535,0.012139685081556119,0.01352589643891505,0.042607102789377564,0.04233658486059926,0.042336584860599255,0.9557305398831569,0.9561036205498668,0.9606931380252569,-0.03604668587313169,0.019852819599589466,0.00012743471858111665,0.020123337528367768,-0.0006290786665376809,0.5979557069846678,0.43352430135291425,0.19202262113876867,0.11927331556869494,0.22528469017533734,0.04274703240871915,0.0,20,479789,0.9539771697771335,0.9742504835589942,0.9867899603698811,0.4354478537755355,0.2787906043518871,0.10635975320360702,3.3977450168459364e-05,4.116426781587346e-05,0.00031367612614617666,0.019852819599589597,0.03450891954588371,0.01724091215096636,0.0047333306932839225,0.07560198337185721,0.06024940129932116,0.04391513769594551,/common/users/shared/pracsys/adaptive_roa_experiments/quadrotor_stoch/q2d_cs_clf_yield,0.982726816381496,0.5310717748028471
clf,corridor_sine_ambient_smooth,clf_yield,16,0.0011603676449548448,1.0,0.07784873094731344,50.0,0.03974781977829962,0.010825465137514898,0.010825465137514898,0.03243918625543917,0.011882965110680129,0.01352589643891505,0.042607102789377564,0.04233658486059926,0.042336584860599255,0.9552532467397127,0.9557347083822264,0.9607452442636242,-0.03665091741614364,0.020133010066105957,0.00012870794475300035,0.02040352799488426,-0.0005898536765690313,0.5899184382938895,0.42406985573272593,0.1938190223439774,0.1197017005343666,0.22528469017533734,0.04274703240871915,0.0,20,479789,0.9603233830845771,0.9811770611118082,0.987783595113438,0.42571609737270144,0.27048811706507075,0.10745135263407689,3.2871524148956515e-05,3.941520331209544e-05,0.0002491111309895738,0.02013301006610613,0.03351473251783597,0.016609384541954902,0.00477709993351244,0.07560198337185721,0.06024940129932116,0.04391513769594551,/common/users/shared/pracsys/adaptive_roa_experiments/quadrotor_stoch/q2d_cs_clf_yield,0.9835949962444517,0.5244536106916162
clf,corridor_sine_ambient_smooth,clf_yield,17,0.0010292046941410761,1.0,0.06564374653421881,50.0,0.0376829073988951,0.008742855876048092,0.008742855876048092,0.032726241512246936,0.013270276785012672,0.01352589643891505,0.042607102789377564,0.04233658486059926,0.042336584860599255,0.9587881339505491,0.95807323636015,0.9617102517981863,-0.03311808660341199,0.01781950716644744,0.00011490682770357121,0.01809002509522574,-0.0005336920579529815,0.6400655319923545,0.47609125950619857,0.23399908268356753,0.10749671612129343,0.22528469017533734,0.04274703240871915,0.0,20,479789,0.9420748044153896,0.963220571187691,0.9632681084792311,0.4846855788051719,0.31618639083958905,0.13317513051732321,3.708255014630098e-05,4.6261735876743685e-05,0.00023947024525766946,0.017819507166447684,0.03889626481640888,0.019777443834685663,0.006071418894555732,0.07560198337185721,0.06024940129932116,0.04391513769594551,/common/users/shared/pracsys/adaptive_roa_experiments/quadrotor_stoch/q2d_cs_clf_yield,0.9838577470134143,0.5790990882915723
clf,corridor_sine_ambient_smooth,clf_yield,18,0.0009830844429119983,1.0,0.061340125365833394,50.0,0.03587999292169681,0.00755177797677558,0.00755177797677558,0.03263172289061167,0.013619076111496509,0.01352589643891505,0.042607102789377564,0.04233658486059926,0.042336584860599255,0.9607827607552487,0.9609411637198852,0.9635527283868534,-0.03111687386609221,0.016492121785139143,0.00011063575890083872,0.016762639713917442,-0.0007645181616240324,0.6650646160418671,0.5281736240495494,0.2949074634087335,0.10319309495291024,0.22528469017533734,0.04274703240871915,0.0,20,479789,0.9385079125847777,0.9702155212283785,0.9801661752881266,0.515011165329584,0.36285328813090256,0.1735643094447081,4.542803803194404e-05,4.462496549297061e-05,0.0002349623503705134,0.01649212178513922,0.041486986988030154,0.02253282171954755,0.007776335013933208,0.07560198337185721,0.06024940129932116,0.04391513769594551,/common/users/shared/pracsys/adaptive_roa_experiments/quadrotor_stoch/q2d_cs_clf_yield,0.9839194155863875,0.6104522403155004
clf,corridor_sine_ambient_smooth,clf_yield,19,0.0008557469317609706,1.0,0.05585786737513701,50.0,0.0343764978621291,0.007254486413129457,0.007254486413129457,0.033575365937066254,0.013417626262353115,0.01352589643891505,0.042607102789377564,0.04233658486059926,0.042336584860599255,0.9623438636567324,0.9618957500067739,0.9652534760071615,-0.02996982717613549,0.015465083808341783,0.00010505109332459705,0.01573560173712009,-0.00055062152832068,0.6807555704769142,0.5435661856493733,0.3514491344096479,0.09771083696220137,0.22528469017533734,0.04274703240871915,0.0,20,479789,0.9479822834645669,0.9765856284202028,0.9745415318230852,0.5310561574725002,0.3765869858511779,0.21438063597532037,4.397331996013562e-05,3.2861315566598164e-05,0.0001682666100320976,0.015465083808341794,0.04235195054492704,0.023233129563203826,0.009660496593294135,0.07560198337185721,0.06024940129932116,0.04391513769594551,/common/users/shared/pracsys/adaptive_roa_experiments/quadrotor_stoch/q2d_cs_clf_yield,0.985633499006865,0.6347111166556461
clf,corridor_sine_ambient_smooth,clf_yield,20,0.0009244179732867897,1.0,0.057714738769241554,50.0,0.036490060305792854,0.008071126784232394,0.008071126784232394,0.03315261297082573,0.014458061735865365,0.01352589643891505,0.042607102789377564,0.04233658486059926,0.042336584860599255,0.9615997865728476,0.9593050278351526,0.9616164605691252,-0.03138562472083374,0.016508947178402105,0.00010733869198457083,0.01677946510718041,-0.0007461514956038154,0.6737960339943342,0.49741306082524656,0.22719261435165758,0.09956770835633975,0.22528469017533734,0.04274703240871915,0.0,20,479789,0.9416538823180086,0.971836652584993,0.9807971014492753,0.5245775094422849,0.3342443006884146,0.1284765068818225,3.2454675110832965e-05,4.393758720786378e-05,0.00017057128735263526,0.016508947178402268,0.04211643034750692,0.02072160887390082,0.005752528715747964,0.07560198337185721,0.06024940129932116,0.04391513769594551,/common/users/shared/pracsys/adaptive_roa_experiments/quadrotor_stoch/q2d_cs_clf_yield,0.9848955797789378,0.6100548206058483
clf,corridor_sine_ambient_smooth,clf_yield,21,0.0009345340143047425,1.0,0.0598217105520968,50.0,0.03699277787938491,0.008745127746779163,0.008745127746779163,0.03321461886719299,0.013827402471173521,0.01352589643891505,0.042607102789377564,0.04233658486059926,0.042336584860599255,0.959707287995348,0.9583483572987292,0.9618999185058432,-0.03244724264096271,0.017199215486951414,0.00011141068789912368,0.017469733415729723,-0.0006678782532340138,0.6510595285368759,0.4795020055216961,0.2375072995745391,0.10167468013917628,0.22528469017533734,0.04274703240871915,0.0,20,479789,0.9428093470646662,0.9702751133129546,0.9803719008264463,0.4972017754252474,0.3184349811464351,0.13512102515424776,3.219946141402845e-05,2.6896120597636787e-05,0.00016778641148823296,0.01719921548695164,0.039869609349109714,0.01977327533561628,0.00605266064874351,0.07560198337185721,0.06024940129932116,0.04391513769594551,/common/users/shared/pracsys/adaptive_roa_experiments/quadrotor_stoch/q2d_cs_clf_yield,0.9854859170937191,0.5937505223063482
clf,corridor_sine_ambient_smooth,clf_yield,22,0.001018007622626753,1.0,0.06382081666623084,50.0,0.03853487014207904,0.008742408333369112,0.008742408333369112,0.03222353836291011,0.01408675638769265,0.01352589643891505,0.042607102789377564,0.04233658486059926,0.042336584860599255,0.9583129250566395,0.9565621554474988,0.9607765080066446,-0.0329622900184684,0.018220838093133605,0.00011582935723645058,0.01849135602191191,-0.0006346167379246564,0.6374857267141537,0.44834431827205595,0.19827035317172922,0.10567378625333627,0.22528469017533734,0.04274703240871915,0.0,20,479789,0.9304761904761905,0.9545761947700632,0.9683728672492717,0.48482342238028286,0.2929740201335317,0.11044138585666825,2.3845466405156022e-05,2.626659274506362e-05,0.00015799505002218455,0.01822083809313374,0.039392316205665405,0.018491461871781138,0.0050084516318631735,0.07560198337185721,0.06024940129932116,0.04391513769594551,/common/users/shared/pracsys/adaptive_roa_experiments/quadrotor_stoch/q2d_cs_clf_yield,0.9839669755577136,0.5696195582820636
clf,corridor_sine_ambient_smooth,clf_yield,23,0.0009857832334225977,1.0,0.06436075831287891,50.0,0.03797300570881832,0.009286691914568216,0.009286691914568216,0.03296365337410485,0.013286045251431575,0.01352589643891505,0.042607102789377564,0.04233658486059926,0.042336584860599255,0.958329599052917,0.9575313314811302,0.9614330466100723,-0.03360077145204393,0.018070839298456664,0.0001156986046989279,0.018341357227234963,-0.0005887841026059708,0.632542410263008,0.4624314056563951,0.22114656115834666,0.10621372789996505,0.22528469017533734,0.04274703240871915,0.0,20,479789,0.948831054256727,0.9741024786039791,0.9773065476190477,0.47440244810189397,0.3031791607569101,0.1246796392975795,2.9511210474309445e-05,3.386175316321374e-05,0.00017176833116023816,0.018070839298456837,0.03779994956116126,0.01875199306361755,0.005602462749250191,0.07560198337185721,0.06024940129932116,0.04391513769594551,/common/users/shared/pracsys/adaptive_roa_experiments/quadrotor_stoch/q2d_cs_clf_yield,0.9848918502282779,0.5731625647661918
clf,corridor_sine_ambient_smooth,clf_epi_var,0,0.0023244466669511007,1.0,0.11760459621130905,50.0,0.0468485633418737,0.007758259871142301,0.007758259871142301,0.022390076971629053,0.012294122071714144,0.01352589643891505,0.042607102789377564,0.04233658486059926,0.042336584860599255,0.9448445045634644,0.9492089230891079,0.9587735442038062,-0.03790613957193558,0.02705632632664101,0.00016922567924997482,0.02732684425541932,-0.0006484414334714909,0.47896197995628975,0.30570671529103394,0.13352023830383739,0.15945756579846912,0.22528469017533734,0.04274703240871915,0.0,20,479789,0.8379030035822541,0.8664405684754521,0.8668941979522184,0.3353182808149312,0.18559518455737364,0.07233032747982913,1.9396240943511357e-05,8.446551283185645e-05,0.0014153849745290761,0.02705632632664123,0.030254966245578784,0.012905673118808476,0.0036641106819872904,0.07560198337185721,0.06024940129932116,0.04391513769594551,/common/users/shared/pracsys/adaptive_roa_experiments/quadrotor_stoch/q2d_cs_clf_epi_var,0.9624423573663704,0.36092326729402513
clf,corridor_sine_ambient_smooth,clf_epi_var,1,0.0020258202183700263,1.0,0.11529756713281301,50.0,0.044302211465520776,0.009088730056109207,0.009088730056109207,0.025352892942094796,0.011128102182951839,0.01352589643891505,0.042607102789377564,0.04233658486059926,0.042336584860599255,0.9484919412491741,0.9517121067802722,0.9595342952839686,-0.03890420344215038,0.025238754130700876,0.00016142408228578004,0.025509272059479175,-0.0008336678439128005,0.5094777793215697,0.347931325640304,0.15384615384615383,0.15715053671990614,0.22528469017533734,0.04274703240871915,0.0,20,479789,0.9096966260277857,0.9332628718103578,0.9413333333333334,0.3538168885948226,0.21382364133254922,0.08376839107736117,1.7830930283698776e-05,6.015556975715409e-05,0.001439086732850486,0.025238754130700904,0.029404592435424738,0.013803984668260423,0.003907967877546171,0.07560198337185721,0.06024940129932116,0.04391513769594551,/common/users/shared/pracsys/adaptive_roa_experiments/quadrotor_stoch/q2d_cs_clf_epi_var,0.9683545289225477,0.40385474610661276
clf,corridor_sine_ambient_smooth,clf_epi_var,2,0.0019003673300623197,1.0,0.1132456685765112,50.0,0.04490050942252252,0.011577906436166472,0.011577906436166472,0.027264620164257077,0.010136483503837326,0.01352589643891505,0.042607102789377564,0.04233658486059926,0.042336584860599255,0.9465827686753969,0.9507033300054816,0.9591216138760997,-0.04113421457656606,0.02603887679683657,0.00016414729911252643,0.026309394725614874,-0.000610994335672084,0.4725566462925233,0.3179144076594763,0.1313609991585101,0.15509863816358754,0.22528469017533734,0.04274703240871915,0.0,20,479789,0.9320506575742815,0.9554515513953892,0.9827700463883366,0.3165164171697957,0.19068045802054864,0.0703844328429046,9.1536645922035e-06,0.00016920668097024862,0.0011430038590044293,0.026038876796836627,0.025673785768327326,0.01202403556563406,0.0031451325478491585,0.07560198337185721,0.06024940129932116,0.04391513769594551,/common/users/shared/pracsys/adaptive_roa_experiments/quadrotor_stoch/q2d_cs_clf_epi_var,0.971794690270579,0.3849556622818253
clf,corridor_sine_ambient_smooth,clf_epi_var,3,0.0016789274115496466,1.0,0.10837405329367159,50.0,0.04236183759867722,0.0101542430025279,0.0101542430025279,0.028438642261764603,0.01006997723159469,0.01352589643891505,0.042607102789377564,0.04233658486059926,0.042336584860599255,0.9497716704634745,0.9536942280877636,0.961962445991884,-0.03869121362110722,0.023777484094520965,0.00015437798201974165,0.02404800202329926,-0.00027470150684160213,0.52168390131592,0.387910846626443,0.24040622658786315,0.1502270228807211,0.22528469017533734,0.04274703240871915,0.0,20,479789,0.9313961729270022,0.952638700947226,0.9769959404600812,0.36230805282165796,0.24353962707994603,0.13706691979117228,3.5644846320945586e-06,9.566770495944706e-05,0.0009632950352472616,0.02377748409452114,0.02940876093449412,0.015402604061368643,0.006161041624547457,0.07560198337185721,0.06024940129932116,0.04391513769594551,/common/users/shared/pracsys/adaptive_roa_experiments/quadrotor_stoch/q2d_cs_clf_epi_var,0.9747770220894416,0.4383702848774277
clf,corridor_sine_ambient_smooth,clf_epi_var,4,0.001686129210890902,1.0,0.10526410472271718,50.0,0.043383232472706645,0.011437020505957574,0.011437020505957574,0.02889619749594767,0.010347261484223377,0.01352589643891505,0.042607102789377564,0.04233658486059926,0.042336584860599255,0.9489233809028552,0.9517642130186394,0.9601428961480984,-0.03994292496156914,0.024393772734989216,0.00015492103733159878,0.02466429066376752,-0.0004836351356199489,0.507733719014905,0.3424350049722972,0.17220033764772086,0.14711707430977114,0.22528469017533734,0.04274703240871915,0.0,20,479789,0.9355244651713672,0.9583333333333334,0.9793205317577548,0.3484134204504728,0.208461618293147,0.09439962031324158,1.8715671099303042e-07,0.00017019350727150834,0.0010155214051722034,0.024393772734989376,0.028156126964144657,0.01310576107413884,0.004233110804958013,0.07560198337185721,0.06024940129932116,0.04391513769594551,/common/users/shared/pracsys/adaptive_roa_experiments/quadrotor_stoch/q2d_cs_clf_epi_var,0.974785993087552,0.42381340357730657
clf,corridor_sine_ambient_smooth,clf_epi_var,5,0.0015093133007568088,1.0,0.0906175147725417,50.0,0.04102785282080069,0.009765086317065873,0.009765086317065873,0.029713063539949458,0.011269915518223518,0.01352589643891505,0.042607102789377564,0.04233658486059926,0.042336584860599255,0.9520622607021003,0.9546071293839584,0.9619603617423492,-0.036902486350984,0.021893798377103396,0.0001418265365722352,0.02216431630588169,-0.0004948092606122875,0.5542290100007753,0.40606506858654445,0.24007994337344382,0.132470484359607,0.22528469017533734,0.04274703240871915,0.0,20,479789,0.933107093911114,0.959160010306622,0.9782829996606719,0.3941774873873129,0.2575500743764486,0.1368296155671571,1.5908320434407648e-06,0.0001701050331950357,0.0010361932116318168,0.021893798377103375,0.03193695562007466,0.016177944888273805,0.006142283378735236,0.07560198337185721,0.06024940129932116,0.04391513769594551,/common/users/shared/pracsys/adaptive_roa_experiments/quadrotor_stoch/q2d_cs_clf_epi_var,0.9764544783014214,0.48286338047358746
clf,corridor_sine_ambient_smooth,clf_epi_var,6,0.0013956736415846925,1.0,0.09111071478794218,50.0,0.04159556627799038,0.011076050919718255,0.011076050919718255,0.030548518103448885,0.011167359392103103,0.01352589643891505,0.042607102789377564,0.04233658486059926,0.042336584860599255,0.9520309969590799,0.9537755138196166,0.960509724066204,-0.038279486076753994,0.022192295896651268,0.0001413729247455686,0.02246281382542956,-0.0006718217802173763,0.5490703187758381,0.38418392847226074,0.1847596919237554,0.13296368437499745,0.22528469017533734,0.04274703240871915,0.0,20,479789,0.9489367465799811,0.9734065006331786,0.988945186549977,0.3862928348909657,0.23931919604248106,0.1018984337921215,8.507123226955803e-08,3.269797883433995e-05,0.0006624986601934726,0.0221922958966514,0.03077602862925161,0.014812761443051008,0.004524905739814794,0.07560198337185721,0.06024940129932116,0.04391513769594551,/common/users/shared/pracsys/adaptive_roa_experiments/quadrotor_stoch/q2d_cs_clf_epi_var,0.9793607448007231,0.4758127995037069
clf,corridor_sine_ambient_smooth,clf_epi_var,7,0.001401784222692703,1.0,0.09080477702536525,50.0,0.042002398480651,0.011232554214987613,0.011232554214987613,0.030500807078091153,0.011551123221556197,0.01352589643891505,0.042607102789377564,0.04233658486059926,0.042336584860599255,0.9519163632346719,0.9528646967729565,0.9593383758277076,-0.03845410805257541,0.022398489426404877,0.0001412811153866445,0.022669007355183186,-0.0006698425710908382,0.5495372359120553,0.36487207571544916,0.13977688610608932,0.1326577466124211,0.22528469017533734,0.04274703240871915,0.0,20,479789,0.9418378957231779,0.9695522388059702,0.9850839030453697,0.3879469577922973,0.22472065589649565,0.07522543901281442,2.5521369680829852e-08,6.533130349732868e-05,0.0005171480575086146,0.02239848942640487,0.031140772297822583,0.013964471882431653,0.0033535575013182877,0.07560198337185721,0.06024940129932116,0.04391513769594551,/common/users/shared/pracsys/adaptive_roa_experiments/quadrotor_stoch/q2d_cs_clf_epi_var,0.9793809891017503,0.4709424602821438
clf,corridor_sine_ambient_smooth,clf_epi_var,8,0.0013253741556727811,1.0,0.08864065499825671,50.0,0.04136286606020204,0.011233470882358427,0.011233470882358427,0.031117320450577347,0.011403548509586778,0.01352589643891505,0.042607102789377564,0.04233658486059926,0.042336584860599255,0.9526666930671608,0.9534566236408087,0.9601449803976331,-0.038121947344920804,0.021890482174572488,0.00013904527671440938,0.022161000103350793,-0.0005622531178078524,0.5577926629799829,0.37725536127610926,0.17149046793760833,0.13049362458530617,0.22528469017533734,0.04274703240871915,0.0,20,479789,0.9496121461247763,0.9729574223245109,0.9845771144278607,0.3948667052628677,0.23399176670010724,0.0939250118652112,5.529630097520628e-07,3.146614738310558e-05,0.000388453607955557,0.021890482174572626,0.031436735731748745,0.014489702765173858,0.004189341564729496,0.07560198337185721,0.06024940129932116,0.04391513769594551,/common/users/shared/pracsys/adaptive_roa_experiments/quadrotor_stoch/q2d_cs_clf_epi_var,0.9809323647870555,0.4829417099501342
clf,corridor_sine_ambient_smooth,clf_epi_var,9,0.0012571855297298664,1.0,0.08163828365294548,50.0,0.040246579421451864,0.010046412972581657,0.010046412972581657,0.031243430223323834,0.012267591805852586,0.01352589643891505,0.042607102789377564,0.04233658486059926,0.042336584860599255,0.95520322475088,0.954973957302064,0.9602700353697146,-0.03628527836004058,0.020453306153026152,0.0001306584141214471,0.020723824081804457,-0.0006862614568309312,0.5954867972822916,0.4113463582113954,0.17623163353500432,0.12349125324000636,0.22528469017533734,0.04274703240871915,0.0,20,479789,0.9383155397390273,0.9686858316221766,0.985024154589372,0.43613707165109034,0.26111322517037394,0.09677266255339345,8.507123226949296e-08,3.544407820151893e-05,0.0003791749833395254,0.020453306153026353,0.03514044715489517,0.016240472374314543,0.004314396536810973,0.07560198337185721,0.06024940129932116,0.04391513769594551,/common/users/shared/pracsys/adaptive_roa_experiments/quadrotor_stoch/q2d_cs_clf_epi_var,0.9809517491200296,0.5168881424807338
clf,corridor_sine_ambient_smooth,clf_epi_var,10,0.0012316861506582969,1.0,0.08196553251423698,50.0,0.0405669218896208,0.01076943253334913,0.01076943253334913,0.03171706569973526,0.011970001701814725,0.01352589643891505,0.042607102789377564,0.04233658486059926,0.042336584860599255,0.9544153784267667,0.9544299681735096,0.9600345151722944,-0.03707042613343357,0.020777382698903193,0.00013160745585263898,0.021047900627681488,-0.0006115689953099489,0.5817444684553748,0.398481346979201,0.16590543303318978,0.12381850210129731,0.22528469017533734,0.04274703240871915,0.0,20,479789,0.9495567486577601,0.9732562827576938,0.9937467430953622,0.41932015548755275,0.2505275538796831,0.0905078310393925,1.638471933511679e-05,3.0350012814073413e-05,0.00032292426341185503,0.02077738269890347,0.03338550904668511,0.015508900787637898,0.003999674857072588,0.07560198337185721,0.06024940129932116,0.04391513769594551,/common/users/shared/pracsys/adaptive_roa_experiments/quadrotor_stoch/q2d_cs_clf_epi_var,0.9819864494087996,0.5092333789483392
clf,corridor_sine_ambient_smooth,clf_epi_var,11,0.0011458432766792907,1.0,0.07367922052307596,50.0,0.03895675979621709,0.009808251289077802,0.009808251289077802,0.03218925081679425,0.012762984590155034,0.01352589643891505,0.042607102789377564,0.04233658486059926,0.042336584860599255,0.9573812655146324,0.9561307157938177,0.960551409056898,-0.035254549981760114,0.019214411424240716,0.00012382749273808885,0.019484929353019022,-0.0007411739086420899,0.6192887730404022,0.43337102245194636,0.18750804893754022,0.11553219011013781,0.22528469017533734,0.04274703240871915,0.0,20,479789,0.9537764523713942,0.9769389489015657,0.9815730337078652,0.45849529953408874,0.27844466738160306,0.10365448504983389,1.5253271945930292e-05,4.043946093537174e-05,0.0003575161324920492,0.019214411424240907,0.036343059136412045,0.01717213191632155,0.004637455214688124,0.07560198337185721,0.06024940129932116,0.04391513769594551,/common/users/shared/pracsys/adaptive_roa_experiments/quadrotor_stoch/q2d_cs_clf_epi_var,0.98259057391123,0.5461511246713076
clf,corridor_sine_ambient_smooth,clf_epi_var,12,0.0010564992548478046,1.0,0.06824646225552052,50.0,0.037725275155660244,0.008623112840294865,0.008623112840294865,0.032430414638445794,0.013062908072353612,0.01352589643891505,0.042607102789377564,0.04233658486059926,0.042336584860599255,0.9590528336414549,0.957762683179481,0.9621917134407,-0.033208641100612134,0.018027635794433453,0.00011695384606192425,0.018298153723211752,-0.000501647268014882,0.643176286824803,0.47015452192328816,0.25158841488571665,0.11009943184258919,0.22528469017533734,0.04274703240871915,0.0,20,479789,0.942560553633218,0.9626338329764454,0.9624368686868687,0.488131668182946,0.31103192998235724,0.14470811580446133,2.4968406671115516e-05,4.293715227720836e-05,0.0003137755971062613,0.01802763579443346,0.039152627509175905,0.01946689065401666,0.006602902525902011,0.07560198337185721,0.06024940129932116,0.04391513769594551,/common/users/shared/pracsys/adaptive_roa_experiments/quadrotor_stoch/q2d_cs_clf_epi_var,0.9832012482351216,0.5741830415988287
clf,corridor_sine_ambient_smooth,clf_epi_var,13,0.001083801427715078,1.0,0.06915868050773304,50.0,0.03860172169407559,0.009250589278490703,0.009250589278490703,0.03213379601136319,0.013201612104190947,0.01352589643891505,0.042607102789377564,0.04233658486059926,0.042336584860599255,0.9574229505053263,0.9565517341998253,0.9613017388893867,-0.0341586678496589,0.01877813622844995,0.00012110484848129168,0.01904865415722825,-0.0006752418992768301,0.6225145982703821,0.4441659556313994,0.2156887593460905,0.11101165009480979,0.22528469017533734,0.04274703240871915,0.0,20,479789,0.9440116572325281,0.9688263347679423,0.9807913945447561,0.4643674358338158,0.2881309025495555,0.12116753678215472,1.6648440155152384e-05,3.815274620119459e-05,0.00025700165963819934,0.01877813622845012,0.03718926444749671,0.017918293249741032,0.005425301538801432,0.07560198337185721,0.06024940129932116,0.04391513769594551,/common/users/shared/pracsys/adaptive_roa_experiments/quadrotor_stoch/q2d_cs_clf_epi_var,0.9833939263834108,0.5564560464600461
clf,corridor_sine_ambient_smooth,clf_epi_var,14,0.0011320442997468643,1.0,0.0761447949491072,50.0,0.03954708521731487,0.01049951815655661,0.01049951815655661,0.03243449002803813,0.011992027295826784,0.01352589643891505,0.042607102789377564,0.04233658486059926,0.042336584860599255,0.9551782137564638,0.9556971918906019,0.9614434678577458,-0.036123909614725315,0.019941791860898422,0.00012774487690368685,0.02021230978967672,-0.0004598211282193232,0.5907161753230687,0.4241127065835817,0.2200767317340529,0.11799776453616492,0.22528469017533734,0.04274703240871915,0.0,20,479789,0.9538414259373079,0.9780082469074097,0.9852774631936579,0.4278388884294103,0.27076486664129795,0.12387280493592787,2.331802476508084e-05,3.420884386396643e-05,0.0002480876406708334,0.019941791860898676,0.03391073992942731,0.016680249026134405,0.005521177017397231,0.07560198337185721,0.06024940129932116,0.04391513769594551,/common/users/shared/pracsys/adaptive_roa_experiments/quadrotor_stoch/q2d_cs_clf_epi_var,0.9836660970650197,0.5289702292577372
clf,corridor_sine_ambient_smooth,clf_epi_var,15,0.0011058294304155756,1.0,0.07001659704544756,50.0,0.03841788338574787,0.00932956296641491,0.00932956296641491,0.032323135333696726,0.012942080408636645,0.01352589643891505,0.042607102789377564,0.04233658486059926,0.042336584860599255,0.9577272509373912,0.9568122653916618,0.9615122480923907,-0.03433677549086041,0.018709089505035772,0.00012106658210397098,0.018979607433814077,-0.0006339229882816703,0.6250323534849326,0.44866029853923306,0.22320376914016493,0.11186956663251683,0.22528469017533734,0.04274703240871915,0.0,20,479789,0.9487568052983106,0.9717611802674043,0.9818652849740933,0.46602155873514733,0.2916594596464524,0.12591362126245847,4.314812900712014e-05,4.4628368303457746e-05,0.00030095141976601105,0.01870908950503598,0.03713507395959474,0.018082948962981644,0.00563164224273587,0.07560198337185721,0.06024940129932116,0.04391513769594551,/common/users/shared/pracsys/adaptive_roa_experiments/quadrotor_stoch/q2d_cs_clf_epi_var,0.9830787338595273,0.5580869461568811
clf,corridor_sine_ambient_smooth,clf_epi_var,16,0.0010369602884606078,1.0,0.06514005554577602,50.0,0.03762566106675041,0.008914522891412589,0.008914522891412589,0.03269178143359881,0.013314601618652153,0.01352589643891505,0.042607102789377564,0.04233658486059926,0.042336584860599255,0.9587401962112512,0.957958602635742,0.9618415595188718,-0.03326208248162856,0.017911274629752016,0.00011658511900529951,0.018181792558530318,-0.0006480516886610242,0.6384028056844335,0.4714791038909996,0.23723023081409886,0.10699302513284928,0.22528469017533734,0.04274703240871915,0.0,20,479789,0.9459752070589509,0.9718081659105638,0.9710095497953616,0.48176329501281945,0.3112394921645276,0.13512102515424776,4.487507502219294e-05,5.7913092008734086e-05,0.00021963593832107132,0.01791127462975218,0.03850234165435223,0.019295982192171976,0.006111019635714867,0.07560198337185721,0.06024940129932116,0.04391513769594551,/common/users/shared/pracsys/adaptive_roa_experiments/quadrotor_stoch/q2d_cs_clf_epi_var,0.98391268269723,0.5769315194239668
clf,corridor_sine_ambient_smooth,clf_epi_var,17,0.0010411104284870484,1.0,0.0678494579130776,50.0,0.0381656856373511,0.009335991103132678,0.009335991103132678,0.03261704708689641,0.013076973054866355,0.01352589643891505,0.042607102789377564,0.04233658486059926,0.042336584860599255,0.9583379360510558,0.9570165218460615,0.9615289220886681,-0.034072309312520206,0.01839573006341194,0.00011894059061590217,0.01866624799219023,-0.0006597988134236024,0.6323185873264049,0.45243342272256587,0.22334427333165027,0.10970242750015556,0.22528469017533734,0.04274703240871915,0.0,20,479789,0.9500331638293168,0.9730470534490635,0.9844213649851632,0.47385107380145014,0.29473829868198015,0.1259610821072615,2.3658309694157586e-05,3.0064173265569558e-05,0.0001753796322381166,0.018395730063412104,0.03770824258163484,0.018249688925756947,0.005619136745527721,0.07560198337185721,0.06024940129932116,0.04391513769594551,/common/users/shared/pracsys/adaptive_roa_experiments/quadrotor_stoch/q2d_cs_clf_epi_var,0.9842610345436485,0.5654885691894337
clf,corridor_sine_ambient_smooth,clf_epi_var,18,0.0010117570156527804,1.0,0.0656403594297068,50.0,0.03813444449344397,0.009764832838579627,0.009764832838579627,0.03316661776866961,0.013054119909238162,0.01352589643891505,0.042607102789377564,0.04233658486059926,0.042336584860599255,0.9579544341366726,0.9566913789186496,0.9614455521072804,-0.0342628050339821,0.018373030004310897,0.0001179066808909924,0.018643547933089196,-0.0005617699261983855,0.6262251950121361,0.44510908751034794,0.22015177065767286,0.10749332901677784,0.22528469017533734,0.04274703240871915,0.0,20,479789,0.9548536557803141,0.9758782201405152,0.9852830188679246,0.4658837151600364,0.28830387103469746,0.1239202657807309,3.3662686609063866e-05,4.3981826975639394e-05,0.0001868301104072051,0.018373030004310925,0.03688704826496648,0.017799491026263627,0.0055232612669319225,0.07560198337185721,0.06024940129932116,0.04391513769594551,/common/users/shared/pracsys/adaptive_roa_experiments/quadrotor_stoch/q2d_cs_clf_epi_var,0.9849734918290426,0.5660247498751406
clf,corridor_sine_ambient_smooth,clf_epi_var,19,0.000979236796392957,1.0,0.0629175092324812,50.0,0.03722232860648046,0.008977139182967914,0.008977139182967914,0.03315940968803447,0.013343136544553668,0.01352589643891505,0.042607102789377564,0.04233658486059926,0.042336584860599255,0.9593508813249157,0.9582233023266478,0.9624126438913773,-0.03309575126592565,0.017484851827795522,0.00011362125664770282,0.01775536975657383,-0.000669462527737176,0.6443589416291325,0.47407640638119236,0.2529411764705882,0.10477047881955863,0.22528469017533734,0.04274703240871915,0.0,20,479789,0.9516320155122266,0.9814231395980445,0.9944625407166123,0.48708405701210267,0.3125194589545785,0.14489795918367346,3.2505717850195534e-05,4.0664048881938315e-05,0.00021467868743015498,0.017484851827795727,0.03869617686107851,0.01918551696683334,0.006398646071502264,0.07560198337185721,0.06024940129932116,0.04391513769594551,/common/users/shared/pracsys/adaptive_roa_experiments/quadrotor_stoch/q2d_cs_clf_epi_var,0.9848635565221728,0.5870037253744602
clf,corridor_sine_ambient_smooth,clf_epi_var,20,0.0010458948646986479,1.0,0.06703792944033957,50.0,0.03821320535474065,0.00927981418860775,0.00927981418860775,0.0324291702469192,0.013224319651304434,0.01352589643891505,0.042607102789377564,0.04233658486059926,0.042336584860599255,0.9580607308629419,0.9574562984978814,0.9615039110942518,-0.03399643433595153,0.01838117910997817,0.00011910864976625958,0.01865169703875647,-0.0008060496923096468,0.6283888601610401,0.45922746781115886,0.22041195340199227,0.10889089902742392,0.22528469017533734,0.04274703240871915,0.0,20,479789,0.9517762237762237,0.980540785156692,0.9958047292143402,0.4690265486725664,0.29982357214515515,0.1239202657807309,2.353070284575854e-05,3.39230044490866e-05,0.00017190140017187032,0.018381179109978482,0.03725596043260683,0.018422681637136326,0.005464902279960566,0.07560198337185721,0.06024940129932116,0.04391513769594551,/common/users/shared/pracsys/adaptive_roa_experiments/quadrotor_stoch/q2d_cs_clf_epi_var,0.9842354251587342,0.5658322661003131
clf,corridor_sine_ambient_smooth,clf_epi_var,21,0.0009256185020932442,1.0,0.05915357941966469,50.0,0.036344888997674685,0.008489034576534528,0.008489034576534528,0.033444484312229905,0.013601669928603986,0.01352589643891505,0.042607102789377564,0.04233658486059926,0.042336584860599255,0.9605993467961959,0.9594488410530463,0.9633213766885027,-0.03205090107449828,0.016771310979241526,0.0001107384981151184,0.017041828908019828,-0.000609824145662359,0.657598261184568,0.49827221620506473,0.28701077708451506,0.10100654900675918,0.22528469017533734,0.04274703240871915,0.0,20,479789,0.9585995669852669,0.9787255597203931,0.9806201550387597,0.5004548837978662,0.3342097069913862,0.1681063122923588,2.3530702845751685e-05,3.9660207225329944e-05,0.00017890959478926552,0.016771310979241647,0.039469433438448984,0.020573627156937738,0.007528309319304945,0.07560198337185721,0.06024940129932116,0.04391513769594551,/common/users/shared/pracsys/adaptive_roa_experiments/quadrotor_stoch/q2d_cs_clf_epi_var,0.9854371544967295,0.6038577264920151
clf,corridor_sine_ambient_smooth,clf_epi_bald,0,0.0023244466669511007,1.0,0.11760459621130905,50.0,0.0468485633418737,0.007758259871142301,0.007758259871142301,0.022390076971629053,0.012294122071714144,0.01352589643891505,0.042607102789377564,0.04233658486059926,0.042336584860599255,0.9448445045634644,0.9492089230891079,0.9587735442038062,-0.03790613957193558,0.02705632632664101,0.00016922567924997482,0.02732684425541932,-0.0006484414334714909,0.47896197995628975,0.30570671529103394,0.13352023830383739,0.15945756579846912,0.22528469017533734,0.04274703240871915,0.0,20,479789,0.8379030035822541,0.8664405684754521,0.8668941979522184,0.3353182808149312,0.18559518455737364,0.07233032747982913,1.9396240943511357e-05,8.446551283185645e-05,0.0014153849745290761,0.02705632632664123,0.030254966245578784,0.012905673118808476,0.0036641106819872904,0.07560198337185721,0.06024940129932116,0.04391513769594551,/common/users/shared/pracsys/adaptive_roa_experiments/quadrotor_stoch/q2d_cs_clf_epi_bald,0.9624423573663704,0.36092326729402513
clf,corridor_sine_ambient_smooth,clf_epi_bald,1,0.001815300981920994,1.0,0.1062844616102444,50.0,0.04350921231769427,0.009093718600582758,0.009093718600582758,0.02654541674951705,0.011462224655093094,0.01352589643891505,0.042607102789377564,0.04233658486059926,0.042336584860599255,0.9494527802846668,0.952381150880908,0.9599824089339272,-0.037941932450280866,0.02418802796794339,0.00015431996440539274,0.02445854589672169,-0.000696858743721579,0.5265685394135791,0.3643193010767647,0.17184265010351968,0.14813743119733522,0.22528469017533734,0.04274703240871915,0.0,20,479789,0.9019594730154484,0.9307648564117146,0.9422894985808893,0.3718192595043145,0.22648493444494414,0.09454200284765069,1.868164260633597e-05,6.210540230207096e-05,0.001203548500437393,0.02418802796794358,0.03116578329223888,0.014660611227018543,0.00440610351633739,0.07560198337185721,0.06024940129932116,0.04391513769594551,/common/users/shared/pracsys/adaptive_roa_experiments/quadrotor_stoch/q2d_cs_clf_epi_bald,0.9715127412535811,0.4286731429191377
clf,corridor_sine_ambient_smooth,clf_epi_bald,2,0.001838158629975089,1.0,0.11327841533580252,50.0,0.046050041510475405,0.01196983145734591,0.01196983145734591,0.027043352720329907,0.010418294540181151,0.01352589643891505,0.042607102789377564,0.04233658486059926,0.042336584860599255,0.945130046749717,0.948391897271509,0.9585088445129004,-0.04178035053653093,0.02667459588276274,0.00016353996482636434,0.026945113811541042,-0.0005884677148525266,0.4514959579964997,0.2618131950034285,0.10958536476271415,0.15513138492289721,0.22528469017533734,0.04274703240871915,0.0,20,479789,0.9242514714663482,0.9471527178602244,0.9518259518259519,0.29870702726545917,0.15190092365171065,0.05813953488372093,1.6648440154438627e-05,1.8824562161059705e-05,0.0009582794197706263,0.026674595882762855,0.02443365729518601,0.009662580842828826,0.002682429151147692,0.07560198337185721,0.06024940129932116,0.04391513769594551,/common/users/shared/pracsys/adaptive_roa_experiments/quadrotor_stoch/q2d_cs_clf_epi_bald,0.9726188741141092,0.3699398293321581
clf,corridor_sine_ambient_smooth,clf_epi_bald,3,0.0015817717162575674,1.0,0.10099949185593476,50.0,0.042571645678339,0.010440585896443259,0.010440585896443259,0.02903023011730488,0.010605774245727779,0.01352589643891505,0.042607102789377564,0.04233658486059926,0.042336584860599255,0.9499071466832295,0.9529042975141155,0.9607890135038527,-0.03861012919895501,0.023555654414040807,0.0001497411605494245,0.023826172342819123,-0.00019128622569681772,0.5239283733460106,0.3701990077484809,0.20090897506689886,0.14285246144300082,0.22528469017533734,0.04274703240871915,0.0,20,479789,0.9306171275772289,0.9526610242432937,0.9563283461382935,0.3645962561685,0.22973674196561386,0.11224489795918367,5.784843794328681e-07,6.108114473613606e-05,0.0008246562159452445,0.023555654414040835,0.029619270137497943,0.014529303506332992,0.005154349099291564,0.07560198337185721,0.06024940129932116,0.04391513769594551,/common/users/shared/pracsys/adaptive_roa_experiments/quadrotor_stoch/q2d_cs_clf_epi_bald,0.9759689930712165,0.44360995362280653
clf,corridor_sine_ambient_smooth,clf_epi_bald,4,0.001583874537079529,1.0,0.10510544413124064,50.0,0.04345675992631564,0.01248760046987599,0.01248760046987599,0.029885790041930035,0.009977960434218287,0.01352589643891505,0.042607102789377564,0.04233658486059926,0.042336584860599255,0.9488483479196064,0.9513536158603053,0.9598781964571926,-0.040781553511066646,0.024495195440828132,0.00015370342236879637,0.02476571336960644,-0.00044319984771707885,0.5002240052132123,0.3285771819803234,0.16224214466010967,0.14695841371828375,0.22528469017533734,0.04274703240871915,0.0,20,479789,0.9570638198394763,0.975405636208369,0.9769392033542977,0.33859895790257216,0.19756460372920054,0.08846701471286189,3.90476956117281e-05,7.934083406167268e-05,0.000578962620881262,0.024495195440828267,0.02674717427869334,0.012203281025617511,0.003976748112190984,0.07560198337185721,0.06024940129932116,0.04391513769594551,/common/users/shared/pracsys/adaptive_roa_experiments/quadrotor_stoch/q2d_cs_clf_epi_bald,0.977617008958726,0.42141777563110194
clf,corridor_sine_ambient_smooth,clf_epi_bald,5,0.0014619038042306511,1.0,0.0947503194715006,50.0,0.04247991142527612,0.011600564853024967,0.011600564853024967,0.030254419535026635,0.011171715537170186,0.01352589643891505,0.042607102789377564,0.04233658486059926,0.042336584860599255,0.9512952568733339,0.95243534136881,0.9592633428444587,-0.03924185998585655,0.022914506214167834,0.00014381747696479648,0.02318502414294614,-0.0007682239644297567,0.5385283778980213,0.35276099719220627,0.13605622596472616,0.13660328905856073,0.22528469017533734,0.04274703240871915,0.0,20,479789,0.9491820396797772,0.9790617128463476,0.9909851899549259,0.37589942932759907,0.21513820181962848,0.0730422401518747,1.6648440155113567e-05,3.156482997626259e-05,0.0005580990575128279,0.022914506214167924,0.0299402445658404,0.013239153044359082,0.0032368395273755755,0.07560198337185721,0.06024940129932116,0.04391513769594551,/common/users/shared/pracsys/adaptive_roa_experiments/quadrotor_stoch/q2d_cs_clf_epi_bald,0.9788396471281594,0.4587540235090306
clf,corridor_sine_ambient_smooth,clf_epi_bald,6,0.0014622609044174914,1.0,0.09640767213350236,50.0,0.04291543116162714,0.012339294609543167,0.012339294609543167,0.030466176416645615,0.01096702042758662,0.01352589643891505,0.042607102789377564,0.04233658486059926,0.042336584860599255,0.950565769536192,0.951578714810052,0.9586901742224186,-0.0400434458423217,0.02350464771953653,0.00014723282860070483,0.023775165648314826,-0.0007050553339602895,0.5252031869319774,0.3336775081741525,0.11327845382963493,0.13826064172055663,0.22528469017533734,0.04274703240871915,0.0,20,479789,0.9588480374241649,0.9761704984057727,0.9875195007800313,0.3616464036611254,0.2012315356142111,0.06008542952064547,1.7065289193199773e-05,3.211609155123167e-05,0.0004926821606979628,0.023504647719536583,0.028514617884111557,0.012420042977225406,0.0026720079034742356,0.07560198337185721,0.06024940129932116,0.04391513769594551,/common/users/shared/pracsys/adaptive_roa_experiments/quadrotor_stoch/q2d_cs_clf_epi_bald,0.9794015918659453,0.444814743632965
clf,corridor_sine_ambient_smooth,clf_epi_bald,7,0.0014844923811090614,1.0,0.09972476424142496,50.0,0.04358662760959948,0.013052894254037826,0.013052894254037826,0.03042012391496987,0.010658670083271865,0.01352589643891505,0.042607102789377564,0.04233658486059926,0.042336584860599255,0.9494673700314097,0.9507116670036203,0.9582233023266478,-0.04097389041239106,0.0242316587012894,0.00015080494055161398,0.02450217663006771,-0.0007376964983778107,0.5080453706146135,0.31223825034899955,0.09376978026946378,0.1415777338284717,0.22528469017533734,0.04274703240871915,0.0,20,479789,0.9622598001537279,0.9800985941208691,0.9895038167938931,0.34513274336283184,0.18569896564845886,0.04921689606074988,1.677604700355693e-05,3.2119494452406206e-05,0.00043396979729339513,0.024231658701289672,0.0271160864463337,0.011415434701504202,0.0021842935123564736,0.07560198337185721,0.06024940129932116,0.04391513769594551,/common/users/shared/pracsys/adaptive_roa_experiments/quadrotor_stoch/q2d_cs_clf_epi_bald,0.9797381033509468,0.42764257483033996
clf,corridor_sine_ambient_smooth,clf_epi_bald,8,0.0013056861024720713,1.0,0.08521250249446799,50.0,0.040716748172047,0.010739071711650254,0.010739071711650254,0.03126934260225145,0.01179128580028852,0.01352589643891505,0.042607102789377564,0.04233658486059926,0.042336584860599255,0.954036045011453,0.9543987044304892,0.9600345151722944,-0.03739941302870943,0.02112323538510862,0.00013501251863187193,0.02139375331388692,-0.0006830785848894495,0.5761239356487978,0.39742212674543503,0.16641307655523194,0.1270654720815223,0.22528469017533734,0.04274703240871915,0.0,20,479789,0.9513139520121874,0.9747365576871115,0.9901707190894982,0.41317233203760373,0.24959352405991628,0.09084005695301377,5.529630097521197e-07,2.5010942283197148e-05,0.0003975489450049482,0.021123235385108876,0.0328352671695266,0.01542761505578494,0.0040288543505582666,0.07560198337185721,0.06024940129932116,0.04391513769594551,/common/users/shared/pracsys/adaptive_roa_experiments/quadrotor_stoch/q2d_cs_clf_epi_bald,0.981043181765951,0.5010642579069466
clf,corridor_sine_ambient_smooth,clf_epi_bald,9,0.0011966410838062545,1.0,0.0793794719686726,50.0,0.039271455333892834,0.009686973812184443,0.009686973812184443,0.03174368352990412,0.012097976020380905,0.01352589643891505,0.042607102789377564,0.04233658486059926,0.042336584860599255,0.9558701846019813,0.9565413129521518,0.9613455081296153,-0.0355893222437471,0.01975258019404154,0.00012777787484624285,0.020023098122819827,-0.0005272949488380578,0.6022430538595931,0.44422528453767623,0.21891846361185982,0.12123244155572689,0.22528469017533734,0.04274703240871915,0.0,20,479789,0.9452175964146715,0.9678281068524971,0.9719521316379955,0.44189893309072864,0.28826927733766905,0.12335073564309444,9.043071990254173e-06,1.952895207876904e-05,0.0003363962603286789,0.01975258019404161,0.03534470360929492,0.017945388493692017,0.005573283255764513,0.07560198337185721,0.06024940129932116,0.04391513769594551,/common/users/shared/pracsys/adaptive_roa_experiments/quadrotor_stoch/q2d_cs_clf_epi_bald,0.9821223166771591,0.5334394529204369
clf,corridor_sine_ambient_smooth,clf_epi_bald,10,0.0011505965860491407,1.0,0.07607751611917764,50.0,0.0390646300102002,0.00983813257804283,0.00983813257804283,0.03205676147303343,0.012277452386890823,0.01352589643891505,0.042607102789377564,0.04233658486059926,0.042336584860599255,0.956101536300332,0.956445437473556,0.9615101638428559,-0.035439053632157075,0.01954470659281175,0.00012648565364083527,0.01981522452159006,-0.0005732493727969058,0.6034567157434951,0.4408829431438126,0.22227837439460937,0.11793048570623331,0.22528469017533734,0.04274703240871915,0.0,20,479789,0.9516061991568197,0.9729570146433633,0.9865420560747663,0.4418162269456621,0.2850174698169993,0.12524916943521594,2.3845466405157696e-05,2.1733998419629023e-05,0.00026369591427856257,0.019544706592811954,0.03510084641373604,0.017649425059765855,0.005575367505299205,0.07560198337185721,0.06024940129932116,0.04391513769594551,/common/users/shared/pracsys/adaptive_roa_experiments/quadrotor_stoch/q2d_cs_clf_epi_bald,0.9831104402374946,0.5383494758217703
clf,corridor_sine_ambient_smooth,clf_epi_bald,11,0.0011633837104228497,1.0,0.07404143181398845,50.0,0.03936117643010046,0.009916911293741074,0.009916911293741074,0.032004222385018335,0.012739781638289817,0.01352589643891505,0.042607102789377564,0.04233658486059926,0.042336584860599255,0.9562432652686911,0.9556367486540959,0.9605930940475917,-0.035405631703950245,0.019603873819392863,0.00012579152725969073,0.019874391748171173,-0.0006453999499291298,0.6064559667079068,0.424962852897474,0.18989673936329748,0.11589440140105482,0.22528469017533734,0.04274703240871915,0.0,20,479789,0.9474609031804604,0.9700296003946719,0.9766416923754958,0.445951534198991,0.2720794271283772,0.10517323208353109,3.5976624126796945e-05,3.991882502568768e-05,0.00029853301060241225,0.01960387381939298,0.03558439230578442,0.016899095227276992,0.00472916219421454,0.07560198337185721,0.06024940129932116,0.04391513769594551,/common/users/shared/pracsys/adaptive_roa_experiments/quadrotor_stoch/q2d_cs_clf_epi_bald,0.9826864880093602,0.5369519321423277
clf,corridor_sine_ambient_smooth,clf_epi_bald,12,0.001080734905984812,1.0,0.06996745439722228,50.0,0.03862602510403931,0.00953880095123296,0.00953880095123296,0.03243118826524161,0.012736209891117763,0.01352589643891505,0.042607102789377564,0.04233658486059926,0.042336584860599255,0.9566184301849354,0.9565433972016866,0.961826969772129,-0.034439879613555144,0.01894948247022034,0.00012202663968609863,0.019220000398998644,-0.0004947150763702675,0.6131945734993496,0.44429637526652455,0.23639774859287052,0.11182042398428658,0.22528469017533734,0.04274703240871915,0.0,20,479789,0.940753834749387,0.9677232091025194,0.9725557461406518,0.45482866043613707,0.28833846473172586,0.1345514950166113,3.706553589984734e-05,4.557776338276377e-05,0.00025751309797549817,0.018949482470220564,0.036551484089881174,0.017951641242296094,0.006075587393625115,0.07560198337185721,0.06024940129932116,0.04391513769594551,/common/users/shared/pracsys/adaptive_roa_experiments/quadrotor_stoch/q2d_cs_clf_epi_bald,0.9837092700131477,0.5524088083010266
clf,corridor_sine_ambient_smooth,clf_epi_bald,13,0.0009977185034350353,1.0,0.06523896952440811,50.0,0.03758412281500523,0.008699361150215374,0.008699361150215374,0.032656497463630675,0.013148470260272825,0.01352589643891505,0.042607102789377564,0.04233658486059926,0.042336584860599255,0.9584192217829087,0.9583129250566395,0.9626294058429852,-0.03293713265071199,0.017847250143158525,0.00011574087615042193,0.01811776807193683,-0.0005321984040254323,0.6364663435256388,0.4809922931208968,0.2649831925883414,0.10709193911148239,0.22528469017533734,0.04274703240871915,0.0,20,479789,0.9386723998925021,0.9624091381100727,0.9723225030084236,0.48146003914757535,0.32061438405922443,0.15339345040341718,1.693768234486937e-05,3.911915542210415e-05,0.0002332641023945245,0.017847250143158647,0.03877746259293147,0.020071323019077134,0.0069280454533138525,0.07560198337185721,0.06024940129932116,0.04391513769594551,/common/users/shared/pracsys/adaptive_roa_experiments/quadrotor_stoch/q2d_cs_clf_epi_bald,0.9843662473955535,0.5784437927167774
clf,corridor_sine_ambient_smooth,clf_epi_bald,14,0.0011044062128965752,1.0,0.07041932026116264,50.0,0.0395779207220695,0.010157226519429133,0.010157226519429133,0.03241250386814755,0.013086804694006226,0.01352589643891505,0.042607102789377564,0.04233658486059926,0.042336584860599255,0.956324551000544,0.9552970159799412,0.9598802807067274,-0.03526863404203465,0.019507146845167564,0.0001233113813990697,0.019777664773945863,-0.0005741606667132859,0.6086176948506752,0.41853277666323263,0.16334159168948584,0.11227228984824357,0.22528469017533734,0.04274703240871915,0.0,20,479789,0.9435371785962474,0.9674144629652839,0.9700567888487351,0.44917707385658756,0.2670287473622306,0.08917892738490746,3.3968943045230614e-05,4.11914905252788e-05,0.00024673124238759245,0.019507146845167394,0.03599082096504922,0.016630227037301815,0.004037191348697031,0.07560198337185721,0.06024940129932116,0.04391513769594551,/common/users/shared/pracsys/adaptive_roa_experiments/quadrotor_stoch/q2d_cs_clf_epi_bald,0.9836494986482087,0.5392366458135838
clf,corridor_sine_ambient_smooth,clf_epi_bald,15,0.0011311455883762794,1.0,0.0712593940662882,50.0,0.03889889000359456,0.009414228959601168,0.009414228959601168,0.03205896382939051,0.013060117390888182,0.01352589643891505,0.042607102789377564,0.04233658486059926,0.042336584860599255,0.9570894705797757,0.9567330639093434,0.9607827607552487,-0.034582468400056604,0.01900799923514022,0.0001223663813107137,0.019278517163918533,-0.0006838507556696863,0.6180759099172635,0.4484416930148524,0.19575995896734485,0.11311236365336845,0.22528469017533734,0.04274703240871915,0.0,20,479789,0.9447626609198662,0.9666666666666667,0.9845227858985383,0.4592672235547101,0.29193620922267965,0.10868533459895587,3.7065535899846436e-05,4.184143484946125e-05,0.00028217888474467635,0.019007999235140346,0.03675157204521154,0.018195498437854975,0.004847964417691944,0.07560198337185721,0.06024940129932116,0.04391513769594551,/common/users/shared/pracsys/adaptive_roa_experiments/quadrotor_stoch/q2d_cs_clf_epi_bald,0.9828437728756585,0.5510266286775978
clf,corridor_sine_ambient_smooth,clf_epi_bald,16,0.001018421409268756,1.0,0.06505185661845193,50.0,0.03754141331542687,0.008433919733429945,0.008433919733429945,0.032382682021902094,0.013540828792707385,0.01352589643891505,0.042607102789377564,0.04233658486059926,0.042336584860599255,0.9590299068965733,0.9586359837345166,0.9620499844723409,-0.03267495959894749,0.01771925569240743,0.00011565359073732512,0.017989773621185732,-0.0006685668797196849,0.644609571333008,0.4864669047249392,0.24272167692563631,0.10690482620553605,0.22528469017533734,0.04274703240871915,0.0,20,479789,0.9363903771404559,0.965191498100421,0.9811701412239409,0.49146748270063134,0.3251807520669734,0.1384907451352634,1.692917522164222e-05,3.946964886877335e-05,0.00019607080405871887,0.017719255692407492,0.0396799426414528,0.02029850621835849,0.006198558116171901,0.07560198337185721,0.06024940129932116,0.04391513769594551,/common/users/shared/pracsys/adaptive_roa_experiments/quadrotor_stoch/q2d_cs_clf_epi_bald,0.9840122543208639,0.5814670514697575
clf,corridor_sine_ambient_smooth,clf_epi_bald,17,0.0010308967016222355,1.0,0.06532902976179349,50.0,0.038426579615085873,0.009482369637040326,0.009482369637040326,0.03267021971358953,0.013595882565284576,0.01352589643891505,0.042607102789377564,0.04233658486059926,0.042336584860599255,0.9583796210417496,0.9569248148665351,0.9605493248073632,-0.034023732217168645,0.018391527960846407,0.00011792346985279155,0.01866204588962471,-0.0007572068232036544,0.633508910382293,0.4486300456206814,0.18561225367868514,0.10718199934888428,0.22528469017533734,0.04274703240871915,0.0,20,479789,0.9475678049851762,0.980410447761194,0.9930939226519337,0.4758084525680258,0.29086380461479916,0.10237304224015187,3.3424487158699594e-05,2.7991837819407235e-05,0.00016929556718527864,0.018391527960846615,0.037962521024867184,0.017874524009512515,0.004526989989349485,0.07560198337185721,0.06024940129932116,0.04391513769594551,/common/users/shared/pracsys/adaptive_roa_experiments/quadrotor_stoch/q2d_cs_clf_epi_bald,0.9844931988433586,0.5655878238312375
clf,corridor_sine_ambient_smooth,clf_epi_bald,18,0.0009709454453956151,1.0,0.06077933947958258,50.0,0.036804883078635955,0.008233801423090489,0.008233801423090489,0.03280934553716464,0.013875689753085637,0.01352589643891505,0.042607102789377564,0.04233658486059926,0.042336584860599255,0.960051189168572,0.9589173574216999,0.9624814241260221,-0.031979228457561217,0.017111530514518625,0.00011233671399406391,0.017382048443296938,-0.000649510232006472,0.6552635838774079,0.49021078494762704,0.25766010969524517,0.10263230906667459,0.22528469017533734,0.04274703240871915,0.0,20,479789,0.942564420987271,0.9712031153924985,0.9826989619377162,0.5021917128442643,0.3278444667381603,0.14826767916468914,2.452603626331226e-05,3.716932248612945e-05,0.00017919348712071775,0.017111530514518778,0.0402802065074439,0.02033810695951762,0.006625829270783615,0.07560198337185721,0.06024940129932116,0.04391513769594551,/common/users/shared/pracsys/adaptive_roa_experiments/quadrotor_stoch/q2d_cs_clf_epi_bald,0.9845748504414832,0.595821661788229
clf,corridor_sine_ambient_smooth,clf_epi_bald,19,0.0010063444293563933,1.0,0.06493424686775857,50.0,0.037752291354137706,0.009212654595251925,0.009212654595251925,0.032840088392355894,0.013203539292463824,0.01352589643891505,0.042607102789377564,0.04233658486059926,0.042336584860599255,0.9584671595222066,0.9581170056003785,0.961637303064472,-0.03359510793184043,0.017984407694391115,0.00011649296268110155,0.01825492562316942,-0.0007247433691041742,0.6343200044042353,0.47358080318549756,0.22754742319959714,0.10678721645483097,0.22528469017533734,0.04274703240871915,0.0,20,479789,0.9485729967069155,0.9755018346643644,0.9829586656997824,0.4764701017285584,0.3126924274397205,0.12866635026103465,4.541953090871804e-05,4.099412529279701e-05,0.00017714533912790786,0.01798440769439133,0.03797502652207533,0.019312656188449507,0.005748360216678581,0.07560198337185721,0.06024940129932116,0.04391513769594551,/common/users/shared/pracsys/adaptive_roa_experiments/quadrotor_stoch/q2d_cs_clf_epi_bald,0.984794128092707,0.575204099395169
clf,corridor_sine_ambient_smooth,clf_epi_bald,20,0.0009954187768691591,1.0,0.06407780810410317,50.0,0.03731660274751114,0.009008534052835434,0.009008534052835434,0.03300771390001665,0.013161878908813355,0.01352589643891505,0.042607102789377564,0.04233658486059926,0.042336584860599255,0.9590090644012264,0.958504676013831,0.9623563691539406,-0.033252845640577955,0.01773961684204705,0.00011619777302244568,0.01801013477082534,-0.0005977881713710061,0.6400688127962519,0.48081988160742684,0.25135751295336783,0.10593077769117976,0.22528469017533734,0.04274703240871915,0.0,20,479789,0.952036149825784,0.9765889830508474,0.9924713584288052,0.4820941195930858,0.31891929290483273,0.14390128144280967,2.385397352838464e-05,4.071509157072972e-05,0.00018774141330018222,0.017739616842047362,0.03828349545320964,0.01967531560748579,0.006367382328481895,0.07560198337185721,0.06024940129932116,0.04391513769594551,/common/users/shared/pracsys/adaptive_roa_experiments/quadrotor_stoch/q2d_cs_clf_epi_bald,0.9847686215189952,0.58098611637056
clf,corridor_sine_ambient_smooth,clf_epi_bald,21,0.0010344937016797593,1.0,0.06663539929686882,50.0,0.03847517380670043,0.009720968127070757,0.009720968127070757,0.03286401331832028,0.01315234794048769,0.01352589643891505,0.042607102789377564,0.04233658486059926,0.042336584860599255,0.9575271629820609,0.956716389913066,0.9611412516752156,-0.0343885924153962,0.018606761684207773,0.00011939421122775386,0.018877279612986075,-0.0005867779851419681,0.6216768156839447,0.4457847401990873,0.20865874363327674,0.10848836888395222,0.22528469017533734,0.04274703240871915,0.0,20,479789,0.9517935307827866,0.9752452125175152,0.98714859437751,0.4615829956165743,0.2889265575812087,0.11665875652586616,3.060012224735964e-05,3.9078321016367176e-05,0.00017568224565634767,0.01860676168420802,0.036664033564754506,0.01784951301509622,0.005189781341381316,0.07560198337185721,0.06024940129932116,0.04391513769594551,/common/users/shared/pracsys/adaptive_roa_experiments/quadrotor_stoch/q2d_cs_clf_epi_bald,0.9845942734652301,0.5605039531300446
clf,corridor_sine_ambient_smooth,clf_epi_bald,22,0.0009970388690502406,1.0,0.06297816440865453,50.0,0.03774052299251786,0.008921667189644416,0.008921667189644416,0.032712992638495655,0.01369698827230327,0.01352589643891505,0.042607102789377564,0.04233658486059926,0.042336584860599255,0.9587860497010144,0.957627206959726,0.9615018268447172,-0.03305180344257787,0.017887418554190647,0.00011585622420899688,0.018157936482968946,-0.0006578408575573791,0.6390288426433005,0.46573110480395247,0.22367923338797124,0.10483113399574694,0.22528469017533734,0.04274703240871915,0.0,20,479789,0.9457502566596423,0.9689447785675233,0.9772309952258539,0.4825352190334409,0.30653474936866504,0.12629330802088276,2.3845466405157544e-05,3.551894073038981e-05,0.00016576618612888813,0.017887418554190786,0.038573206138531727,0.019060461994751858,0.005675411482964386,0.07560198337185721,0.06024940129932116,0.04391513769594551,/common/users/shared/pracsys/adaptive_roa_experiments/quadrotor_stoch/q2d_cs_clf_epi_bald,0.9846650752546564,0.5774950054878503
clf,corridor_sine_ambient_smooth,clf_epi_bald,23,0.0009934400904345782,1.0,0.06350864310379487,50.0,0.03758351465599967,0.008617051115932334,0.008617051115932334,0.03261166899025272,0.013553941573579408,0.01352589643891505,0.042607102789377564,0.04233658486059926,0.042336584860599255,0.958863166933798,0.9581211740994479,0.9621271017051245,-0.03274405126085278,0.01773786842349259,0.0001152109804118602,0.018008386352270894,-0.0006040985627862872,0.6414518502370701,0.4764039087947883,0.2456722985595085,0.10536161269088284,0.22528469017533734,0.04274703240871915,0.0,20,479789,0.940396292745286,0.9654626108998733,0.9801258694932097,0.48672566371681414,0.31622098453661746,0.14043663977218795,2.384546640515769e-05,2.1686358496260955e-05,0.00016337832204931977,0.017737868423492783,0.039129700764294305,0.019733674594457146,0.006292349345233009,0.07560198337185721,0.06024940129932116,0.04391513769594551,/common/users/shared/pracsys/adaptive_roa_experiments/quadrotor_stoch/q2d_cs_clf_epi_bald,0.9845722146770053,0.5810274144242461
clf,corridor_sine_ambient_smooth,clf_epi_var_anch,0,0.0023244466669511007,1.0,0.11760459621130905,50.0,0.0468485633418737,0.007758259871142301,0.007758259871142301,0.022390076971629053,0.012294122071714144,0.01352589643891505,0.042607102789377564,0.04233658486059926,0.042336584860599255,0.9448445045634644,0.9492089230891079,0.9587735442038062,-0.03790613957193558,0.02705632632664101,0.00016922567924997482,0.02732684425541932,-0.0006484414334714909,0.47896197995628975,0.30570671529103394,0.13352023830383739,0.15945756579846912,0.22528469017533734,0.04274703240871915,0.0,20,479789,0.8379030035822541,0.8664405684754521,0.8668941979522184,0.3353182808149312,0.18559518455737364,0.07233032747982913,1.9396240943511357e-05,8.446551283185645e-05,0.0014153849745290761,0.02705632632664123,0.030254966245578784,0.012905673118808476,0.0036641106819872904,0.07560198337185721,0.06024940129932116,0.04391513769594551,/common/users/shared/pracsys/adaptive_roa_experiments/quadrotor_stoch/q2d_cs_clf_epi_var_anch,0.9624423573663704,0.36092326729402513
clf,corridor_sine_ambient_smooth,clf_epi_var_anch,1,0.002131984268530931,1.0,0.12420626716249829,50.0,0.04572991591035282,0.009581335170618198,0.009581335170618198,0.024412086147252442,0.010838615108197707,0.01352589643891505,0.042607102789377564,0.04233658486059926,0.042336584860599255,0.9462868052414707,0.9500196961581028,0.9585546980026637,-0.04018537851914549,0.026684091308475922,0.00016829901573287267,0.026954609237254224,-0.0008217425754890977,0.48193788320434205,0.31048363908217835,0.11492411091823564,0.16605923674958653,0.22528469017533734,0.04274703240871915,0.0,20,479789,0.889771377672209,0.9196048373360586,0.9241231209735147,0.33046618697102526,0.1867713702563393,0.061271950640721405,1.6682468648059566e-05,5.4496631385464285e-05,0.0014065231050699955,0.02668409130847622,0.028079009731361078,0.012236629018172572,0.002911696599963734,0.07560198337185721,0.06024940129932116,0.04391513769594551,/common/users/shared/pracsys/adaptive_roa_experiments/quadrotor_stoch/q2d_cs_clf_epi_var_anch,0.9670727573800181,0.3697155451641164
clf,corridor_sine_ambient_smooth,clf_epi_var_anch,2,0.002128117980399616,1.0,0.12869223901696292,50.0,0.0460107150568017,0.011831854619725711,0.011831854619725711,0.026199548923771902,0.009422239113798159,0.01352589643891505,0.042607102789377564,0.04233658486059926,0.042336584860599255,0.9456177611408348,0.9483231170368641,0.9589027676749571,-0.042589651589617764,0.027451528732844625,0.000170947633724275,0.02772204666162292,-0.000517361823708453,0.4569823100936524,0.2601014622500746,0.12783085633404104,0.1705452086040218,0.22528469017533734,0.04274703240871915,0.0,20,479789,0.9322408083552688,0.9467738431457745,0.9395318595578673,0.30267692222865494,0.1507593316497734,0.06858092074038918,1.82988220611823e-05,0.00017060865488977567,0.0014920370349351625,0.027451528732844625,0.02454620677005934,0.009593800608184015,0.0032055757843552062,0.07560198337185721,0.06024940129932116,0.04391513769594551,/common/users/shared/pracsys/adaptive_roa_experiments/quadrotor_stoch/q2d_cs_clf_epi_var_anch,0.9683336357761356,0.3515884943664287
clf,corridor_sine_ambient_smooth,clf_epi_var_anch,3,0.0020089462578775155,1.0,0.12908332622472585,50.0,0.04655431467219341,0.013561290438436813,0.013561290438436813,0.02708526549148056,0.008933198907405106,0.01352589643891505,0.042607102789377564,0.04233658486059926,0.042336584860599255,0.9443317791779303,0.9476957579269221,0.9583337675519864,-0.04413804095508266,0.027981728808575815,0.00017234557825717003,0.02825224673735411,-0.0008308809989797106,0.42813403275880524,0.23697892912523946,0.09840797366166057,0.17093629581177694,0.22528469017533734,0.04274703240871915,0.0,20,479789,0.9583972392638037,0.9786539427423405,0.9891205802357208,0.27563201279188376,0.13481163731968035,0.05177978168011391,2.3615774078029743e-05,0.00014232417158346723,0.0012394042979568607,0.027981728808575676,0.021742891145899553,0.008299481647140722,0.0022989272367644944,0.07560198337185721,0.06024940129932116,0.04391513769594551,/common/users/shared/pracsys/adaptive_roa_experiments/quadrotor_stoch/q2d_cs_clf_epi_var_anch,0.9709626899660248,0.3390650450264082
clf,corridor_sine_ambient_smooth,clf_epi_var_anch,4,0.001955701499995584,1.0,0.12823714765958444,50.0,0.04602953407243457,0.013302880424237185,0.013302880424237185,0.02729220421403442,0.00883008816924687,0.01352589643891505,0.042607102789377564,0.04233658486059926,0.042336584860599255,0.9449924862804274,0.9491380586049284,0.9587777127028756,-0.04354708890523813,0.02757635638929828,0.00017151104360549148,0.027846874318076583,-0.0007709046815037486,0.44200600448221916,0.2726161733583713,0.1168958742632613,0.17009011724662723,0.22528469017533734,0.04274703240871915,0.0,20,479789,0.9481179138321996,0.9851357173632055,0.9871794871794872,0.2881757781269815,0.15819697651087972,0.06212624584717608,2.3879494898065528e-05,0.00017055080645382519,0.0010653441441643467,0.02757635638929832,0.02297885111997149,0.009675086340036975,0.002763714883000652,0.07560198337185721,0.06024940129932116,0.04391513769594551,/common/users/shared/pracsys/adaptive_roa_experiments/quadrotor_stoch/q2d_cs_clf_epi_var_anch,0.9720939810215501,0.34864003603270444
clf,corridor_sine_ambient_smooth,clf_epi_var_anch,5,0.0017587487928749786,1.0,0.11664668267802203,50.0,0.045178886820417694,0.013472906587829151,0.013472906587829151,0.028787063667251474,0.009252689976720156,0.01352589643891505,0.042607102789377564,0.04233658486059926,0.042336584860599255,0.9459699993121976,0.9494194322921118,0.9590903501330793,-0.0427087842231986,0.026515177765095915,0.0001647899261029566,0.02678569569387422,-0.0005072500160810192,0.45657505817244204,0.28137400059224166,0.1298102500443341,0.1584996522650641,0.22528469017533734,0.04274703240871915,0.0,20,479789,0.952755905511811,0.9769689492083077,0.9851951547779273,0.3002233065916798,0.16435465458193518,0.0694826767916469,1.5278793315613e-05,0.0001548364484286703,0.0009795656787347654,0.026515177765096123,0.02382297218152146,0.01013570548720375,0.003097194808551259,0.07560198337185721,0.06024940129932116,0.04391513769594551,/common/users/shared/pracsys/adaptive_roa_experiments/quadrotor_stoch/q2d_cs_clf_epi_var_anch,0.9751235983252923,0.37370532242026944
clf,corridor_sine_ambient_smooth,clf_epi_var_anch,6,0.001742343631451457,1.0,0.11595199967795104,50.0,0.04470262604752937,0.013278594428517471,0.013278594428517471,0.029271462220245556,0.00928730386614124,0.01352589643891505,0.042607102789377564,0.04233658486059926,0.042336584860599255,0.9469412595953638,0.9500030221618253,0.9592529215967852,-0.04231346827871434,0.02589169215645676,0.00016094719303768793,0.02616221008523506,-0.0004520249124144171,0.47174783673299997,0.2968695040450229,0.1354148239872634,0.15780496926498375,0.22528469017533734,0.04274703240871915,0.0,20,479789,0.953767410639369,0.9721635630639278,0.9928664072632944,0.31337358365726575,0.17518248175182483,0.0726625533934504,1.1212388413128023e-05,0.00016745421359898373,0.001104249516241485,0.02589169215645667,0.02484008595445081,0.010856855826206937,0.0032139127824939713,0.07560198337185721,0.06024940129932116,0.04391513769594551,/common/users/shared/pracsys/adaptive_roa_experiments/quadrotor_stoch/q2d_cs_clf_epi_var_anch,0.9748147866429347,0.3884321977856795
clf,corridor_sine_ambient_smooth,clf_epi_var_anch,7,0.001714533080589367,1.0,0.11792011653063872,50.0,0.04599814843579128,0.014902182453869102,0.014902182453869102,0.029465849159167338,0.009020565083570176,0.01352589643891505,0.042607102789377564,0.04233658486059926,0.042336584860599255,0.9449695595355458,0.9481897250666439,0.9582066283303702,-0.043953065180050106,0.02711807345582395,0.00016566136722181909,0.02738859138460224,-0.000654844699477089,0.4376477604310877,0.24823081110506257,0.0924232823390966,0.1597730861176749,0.22528469017533734,0.04274703240871915,0.0,20,479789,0.9621651994755572,0.9867756672276989,0.9970703125,0.28324097813800897,0.14197253260455944,0.04845752254390128,1.667396152483378e-05,0.00010449809886946498,0.0009861628745934938,0.02711807345582391,0.022255616531433608,0.008668393814781081,0.0021342715235238823,0.07560198337185721,0.06024940129932116,0.04391513769594551,/common/users/shared/pracsys/adaptive_roa_experiments/quadrotor_stoch/q2d_cs_clf_epi_var_anch,0.9766038042894386,0.35946478571393903
clf,corridor_sine_ambient_smooth,clf_epi_var_anch,8,0.0017097807740987223,1.0,0.11737632335959527,50.0,0.046025615019414386,0.01495470336699901,0.01495470336699901,0.029549762353209812,0.009098338908847977,0.01352589643891505,0.042607102789377564,0.04233658486059926,0.042336584860599255,0.9451154570029742,0.9481480400759501,0.9580523938648031,-0.043940516779460786,0.02705557511120087,0.00016485469191188692,0.027326093039979165,-0.0006859507631875976,0.43959224499350913,0.24680593399939452,0.08601271571298817,0.15922929294663102,0.22528469017533734,0.04274703240871915,0.0,20,479789,0.9637924598730869,0.9886005335920446,0.9968421052631579,0.2847296887492074,0.14100390908776422,0.044945420028476506,1.6597397415791167e-05,0.00013279959641891888,0.000888835896020597,0.02705557511120087,0.022334818013751877,0.008593360831532195,0.0019800370579567267,0.07560198337185721,0.06024940129932116,0.04391513769594551,/common/users/shared/pracsys/adaptive_roa_experiments/quadrotor_stoch/q2d_cs_clf_epi_var_anch,0.9763533586657696,0.3609410111777752
clf,corridor_sine_ambient_smooth,clf_epi_var_anch,9,0.0016440205756434179,1.0,0.11125005551643931,50.0,0.04469746001288675,0.013517161047481113,0.013517161047481113,0.029688039110260963,0.009641984709651068,0.01352589643891505,0.042607102789377564,0.04233658486059926,0.042336584860599255,0.947412299990204,0.9498404506981194,0.9587964709486878,-0.04218131223160997,0.025629375363749003,0.00015863346697899216,0.025899893292527305,-0.0005363314340704091,0.4795693158144428,0.29288358700123407,0.11843924191750278,0.1531030251034756,0.22528469017533734,0.04274703240871915,0.0,20,479789,0.9522444298820446,0.9721084454846889,0.9800738007380074,0.3204863121329915,0.1724149859895527,0.06302800189843379,2.4262315443278543e-05,9.524915449810708e-05,0.0007417800421715781,0.025629375363748968,0.025444518319511285,0.010685947364362252,0.0028241581195067,0.07560198337185721,0.06024940129932116,0.04391513769594551,/common/users/shared/pracsys/adaptive_roa_experiments/quadrotor_stoch/q2d_cs_clf_epi_var_anch,0.9771658116654672,0.3946281815564887
clf,corridor_sine_ambient_smooth,clf_epi_var_anch,10,0.001626434474813492,1.0,0.10816470809231668,50.0,0.044974675525963646,0.014072476089411935,0.014072476089411935,0.02985299926554288,0.01003433186263382,0.01352589643891505,0.042607102789377564,0.04233658486059926,0.042336584860599255,0.9475561132080977,0.9486586812119494,0.9578627271571462,-0.042574679665948266,0.025828573224440505,0.00015909516806874864,0.02609909115321881,-0.0007274884600278059,0.4800595115096913,0.2603813241255067,0.07807013543709243,0.15001767767936,0.22528469017533734,0.04274703240871915,0.0,20,479789,0.9583367708934907,0.9859026830377444,0.9965075669383003,0.3202381936977918,0.1499982703151486,0.04062648315140009,6.831219951245655e-06,9.029120307903561e-05,0.0006616327483742027,0.025828573224440626,0.02526318860999314,0.0091665294535723,0.0017903703502998192,0.07560198337185721,0.06024940129932116,0.04391513769594551,/common/users/shared/pracsys/adaptive_roa_experiments/quadrotor_stoch/q2d_cs_clf_epi_var_anch,0.9777300023772693,0.38992308166835654
clf,corridor_sine_ambient_smooth,clf_epi_var_anch,11,0.0015777801596052032,1.0,0.10511569943612543,50.0,0.04414719197060799,0.013404051044812425,0.013404051044812425,0.02999157133242768,0.010116174989480585,0.01352589643891505,0.042607102789377564,0.04233658486059926,0.042336584860599255,0.9486107434726515,0.9498446191971888,0.9586755844756758,-0.041718652408282035,0.025046396644098957,0.0001556952950227805,0.02531691457287727,-0.0007026679288850389,0.4957666980244591,0.2901056109504986,0.11268740210337884,0.14696866902316835,0.22528469017533734,0.04274703240871915,0.0,20,479789,0.960079207920792,0.9851733119615308,0.9874509803921568,0.3341603947839991,0.1700972082886498,0.059753203607024206,2.3845466405157696e-05,3.562102637511366e-05,0.0006912396689939938,0.025046396644099026,0.026313650375477553,0.010402489427644235,0.0026574181567313965,0.07560198337185721,0.06024940129932116,0.04391513769594551,/common/users/shared/pracsys/adaptive_roa_experiments/quadrotor_stoch/q2d_cs_clf_epi_var_anch,0.9782821401997888,0.408398274764753
clf,corridor_sine_ambient_smooth,clf_epi_var_anch,12,0.0013999599148020038,1.0,0.09008217634525598,50.0,0.04109969498956623,0.010614715176904712,0.010614715176904712,0.03033425053989123,0.011329303842839209,0.01352589643891505,0.042607102789377564,0.04233658486059926,0.042336584860599255,0.953104385469446,0.9536796383410208,0.9607223175187426,-0.0377268195378548,0.02201440762160174,0.00014212163364125174,0.022284925550380044,-0.0006026418760110008,0.5643587360594795,0.38259806645182803,0.19524277234487766,0.13193514593230737,0.22528469017533734,0.04274703240871915,0.0,20,479789,0.9479024390243902,0.9713640852024263,0.974009373668513,0.4017864527334381,0.2382121977375722,0.10849549121974371,3.3016145243816286e-05,4.488698499440193e-05,0.00045246311712634037,0.02201440762160183,0.032045336595878604,0.014775244951426564,0.004891733657920461,0.07560198337185721,0.06024940129932116,0.04391513769594551,/common/users/shared/pracsys/adaptive_roa_experiments/quadrotor_stoch/q2d_cs_clf_epi_var_anch,0.979783323115996,0.4800145620132541
clf,corridor_sine_ambient_smooth,clf_epi_var_anch,13,0.0014458336187441968,1.0,0.09781275694469184,50.0,0.043310083726959804,0.0127928370552295,0.0127928370552295,0.03055246765782286,0.010610871132485121,0.01352589643891505,0.042607102789377564,0.04233658486059926,0.042336584860599255,0.9496445312418584,0.9510263886833588,0.9590444966433161,-0.04051476415440635,0.02396777555994172,0.00014957567852453925,0.024238293488720027,-0.0006091786980641778,0.5127067365873336,0.320876325905373,0.12875764831072095,0.13966572653174017,0.22528469017533734,0.04274703240871915,0.0,20,479789,0.9551363943788983,0.975228390723823,0.9784366576819407,0.3503983679320707,0.1920296122046563,0.06891314665401044,8.507123226955116e-08,2.2560890794739548e-05,0.00045804472817476214,0.023967775559941708,0.027735108558137014,0.01186354835146283,0.0030930263094818763,0.07560198337185721,0.06024940129932116,0.04391513769594551,/common/users/shared/pracsys/adaptive_roa_experiments/quadrotor_stoch/q2d_cs_clf_epi_var_anch,0.9801364883221162,0.43387555612102646
clf,corridor_sine_ambient_smooth,clf_epi_var_anch,14,0.001454574392538709,1.0,0.09439101065375774,50.0,0.042551462653789895,0.012050378881351293,0.012050378881351293,0.03049124199350903,0.011032213126342713,0.01352589643891505,0.042607102789377564,0.04233658486059926,0.042336584860599255,0.9510972531675382,0.9515766305605172,0.95925500584632,-0.03956650609918169,0.023244534586370037,0.0001465571359243269,0.023515052515148342,-0.0006511871620714857,0.5346212587024218,0.3342407656818638,0.13664267102415759,0.13624398024080916,0.22528469017533734,0.04274703240871915,0.0,20,479789,0.9528421945701357,0.9736227045075125,0.9834710743801653,0.3715435723540926,0.2017504410696371,0.073421926910299,3.3339415926440615e-05,5.3472373754137386e-05,0.0005097088025978627,0.023244534586370026,0.029479625418673626,0.012484654712800835,0.0032785245180694013,0.07560198337185721,0.06024940129932116,0.04391513769594551,/common/users/shared/pracsys/adaptive_roa_experiments/quadrotor_stoch/q2d_cs_clf_epi_var_anch,0.9794326958828261,0.450958676451896
clf,corridor_sine_ambient_smooth,clf_epi_var_anch,15,0.001351765987621983,1.0,0.0912194285572256,50.0,0.04209990256257842,0.012153522761790143,0.012153522761790143,0.03125240130076248,0.01086464358270753,0.01352589643891505,0.042607102789377564,0.04233658486059926,0.042336584860599255,0.9513119308696114,0.9523686453836999,0.9599886616825313,-0.039160853942865614,0.02286606422990161,0.0001445423535130144,0.02313658215867992,-0.0003716420917253063,0.5369305792332395,0.35295450041054394,0.16921279266023284,0.1330723981442708,0.22528469017533734,0.04274703240871915,0.0,20,479789,0.9555492838495732,0.9720835932626326,0.9597447226313206,0.3733631075455573,0.2156225135780261,0.0927859515899383,2.5087506396293275e-05,3.926888081384992e-05,0.0003655185842849838,0.022866064229901666,0.029540068655179674,0.01336420801644056,0.004245616302166161,0.07560198337185721,0.06024940129932116,0.04391513769594551,/common/users/shared/pracsys/adaptive_roa_experiments/quadrotor_stoch/q2d_cs_clf_epi_var_anch,0.981435197043865,0.4598982344657181
clf,corridor_sine_ambient_smooth,clf_epi_var_anch,16,0.0013817422558300143,1.0,0.09117902588578684,50.0,0.04236161517695781,0.01208019823680681,0.01208019823680681,0.031000325055827102,0.011143820503486692,0.01352589643891505,0.042607102789377564,0.04233658486059926,0.042336584860599255,0.9513160993686808,0.952172725927439,0.9593592183230545,-0.03927026842872129,0.022806849435599685,0.00014298214310277588,0.02307736736437798,-0.0006096086059792921,0.537703360646004,0.3475219653672268,0.1410510550196027,0.1330319954728402,0.22528469017533734,0.04274703240871915,0.0,20,479789,0.9530625131551252,0.97588629830725,0.9816063764561619,0.3744934248614672,0.21140208254056111,0.07598481252966303,1.4827915784584047e-05,4.031355554296916e-05,0.0004796624350300984,0.022806849435599835,0.029706808617954977,0.013051570586236867,0.0033994109910814962,0.07560198337185721,0.06024940129932116,0.04391513769594551,/common/users/shared/pracsys/adaptive_roa_experiments/quadrotor_stoch/q2d_cs_clf_epi_var_anch,0.980485620414341,0.4612969017058107
clf,corridor_sine_ambient_smooth,clf_epi_var_anch,17,0.0013036393523414328,1.0,0.08563111710925693,50.0,0.041104785306902224,0.011203867311703855,0.011203867311703855,0.03140323537381364,0.01168060450882336,0.01352589643891505,0.042607102789377564,0.04233658486059926,0.042336584860599255,0.9535608361175434,0.9536066896073065,0.9597552257346459,-0.03787903292176965,0.02150390780119471,0.00013649737615598572,0.021774425729973016,-0.0006333089972947632,0.569007872797261,0.3802656123841078,0.15522597016231351,0.12748408669631178,0.22528469017533734,0.04274703240871915,0.0,20,479789,0.9535788381742739,0.9741797432239657,0.9927252378287633,0.4054806605464119,0.23624035700695334,0.08419553868058852,1.5006565372350338e-05,4.05517549945237e-05,0.0004112636141701769,0.021503907801194856,0.03214746482307848,0.014610589238185952,0.0037245539184933376,0.07560198337185721,0.06024940129932116,0.04391513769594551,/common/users/shared/pracsys/adaptive_roa_experiments/quadrotor_stoch/q2d_cs_clf_epi_var_anch,0.9813958439997852,0.4920726867318147
clf,corridor_sine_ambient_smooth,clf_epi_var_anch,18,0.0013033860721559857,1.0,0.08575273528144003,50.0,0.041811791996893055,0.011954408330156931,0.011954408330156931,0.031554872714150854,0.011586788975735911,0.01352589643891505,0.042607102789377564,0.04233658486059926,0.042336584860599255,0.9521101984413982,0.9523853193799775,0.9592258263528343,-0.038643773867329076,0.022161722849015637,0.0001388703898893405,0.02243224077779395,-0.0005743976275896893,0.5486298006089775,0.3523374819266861,0.13617697708305734,0.1276057048684968,0.22528469017533734,0.04274703240871915,0.0,20,479789,0.9543466375068343,0.9761231542569903,0.9778059606848446,0.38496953656990046,0.21496523333448644,0.07318462268628381,2.4279329689732453e-05,4.126975619572428e-05,0.00035604476156759655,0.02216172284901589,0.030496739191602975,0.01326833253784476,0.0032868615162081664,0.07560198337185721,0.06024940129932116,0.04391513769594551,/common/users/shared/pracsys/adaptive_roa_experiments/quadrotor_stoch/q2d_cs_clf_epi_var_anch,0.98181797138176,0.4765349420132243
clf,corridor_sine_ambient_smooth,clf_epi_var_anch,19,0.0013193107910909703,1.0,0.0890468382318547,50.0,0.04219601665573733,0.01242007587004889,0.01242007587004889,0.031610520413784336,0.011100552009502643,0.01352589643891505,0.042607102789377564,0.04233658486059926,0.042336584860599255,0.9511827073984606,0.9524415941174141,0.9594405040549074,-0.03931961778219997,0.02257779566016236,0.00014102259671585366,0.022848313588940662,-0.0005683446567014555,0.5344649387820003,0.35319462554566583,0.14333509420672652,0.13089980781890662,0.22528469017533734,0.04274703240871915,0.0,20,479789,0.9576892941092671,0.9778684664887772,0.9890643985419199,0.3706613734733824,0.21551873248694087,0.07726625533934504,2.3556224215441165e-05,3.8887761690707756e-05,0.0003474800305602019,0.022577795660162374,0.02926077921753104,0.013278753785518217,0.0034306747341018655,0.07560198337185721,0.06024940129932116,0.04391513769594551,/common/users/shared/pracsys/adaptive_roa_experiments/quadrotor_stoch/q2d_cs_clf_epi_var_anch,0.9819839078478131,0.4667072052574913
clf,corridor_sine_ambient_smooth,clf_epi_var_anch,20,0.001299088782976487,1.0,0.08661861896023824,50.0,0.041562500559811956,0.012200700593796314,0.012200700593796314,0.03196072160379489,0.011296957784927182,0.01352589643891505,0.042607102789377564,0.04233658486059926,0.042336584860599255,0.9525749860876344,0.9529188872608584,0.9595947385204746,-0.03888343385541607,0.021992356660875498,0.00013819884900864867,0.0222628745896538,-0.0005842071897251902,0.5525974281332338,0.36219894400993874,0.14891562033541136,0.12847158854728846,0.22528469017533734,0.04274703240871915,0.0,20,479789,0.9634556050737059,0.9852534562211982,0.9929742388758782,0.38739558349185343,0.22188397274016675,0.08049359278595158,2.5266155984059336e-05,3.9602360043146275e-05,0.0003823458089353658,0.02199235666087556,0.030398779463472483,0.013568464470840307,0.0035598982052527255,0.07560198337185721,0.06024940129932116,0.04391513769594551,/common/users/shared/pracsys/adaptive_roa_experiments/quadrotor_stoch/q2d_cs_clf_epi_var_anch,0.9821247080678018,0.48053541084409035
clf,corridor_sine_ambient_smooth,clf_epi_var_anch,21,0.0012913807731732387,1.0,0.08564093442991554,50.0,0.04195562640569837,0.012193752262278394,0.012193752262278394,0.0315494132858968,0.011591284539381557,0.01352589643891505,0.042607102789377564,0.04233658486059926,0.042336584860599255,0.952151883432092,0.9519121947356025,0.9592028996079527,-0.038927971260779556,0.022296574102199315,0.00013958239682300742,0.02256709203097762,-0.0006843497347815419,0.5469937052311699,0.3399702483121639,0.13328019837052782,0.12749390401698066,0.22528469017533734,0.04274703240871915,0.0,20,479789,0.9622327131352402,0.9823111258059183,0.9940554821664465,0.3821023902075924,0.20555574774276128,0.07142857142857142,1.6648440155146994e-05,2.128141941424625e-05,0.00033474383024251176,0.022296574102199394,0.03002153029769336,0.012607625435347622,0.003155553795522615,0.07560198337185721,0.06024940129932116,0.04391513769594551,/common/users/shared/pracsys/adaptive_roa_experiments/quadrotor_stoch/q2d_cs_clf_epi_var_anch,0.9822718103044629,0.47334972398896236
