predictor,level,arm,epoch,train_trajectories,AURC,K,KL,M,MAE,REL,REL_debiased,RES,SHARP,SHARP_star,UNC,UNC_debiased,VAR_debiased,acc@0.25,acc@0.5,acc@0.75,bias,brier_debiased,brier_debiased_se,brier_raw,decomp_gap,f1@0.25,f1@0.5,f1@0.75,log_score,log_score_climatology,log_score_oracle,mean_p_invalid,n_bins_used,n_points,prec@0.25,prec@0.5,prec@0.75,rec@0.25,rec@0.5,rec@0.75,risk@0.2,risk@0.5,risk@0.8,risk@1,roa_frac_pred@0.25,roa_frac_pred@0.5,roa_frac_pred@0.75,roa_frac_true@0.25,roa_frac_true@0.5,roa_frac_true@0.75,run_dir,sAUROC,skill_score
clf,corridor_sine_ambient_smooth,clf_dir00,0,2000,0.0023244466669511007,1.0,0.11760459621130905,50.0,0.0468485633418737,0.007758259871142301,0.007758259871142301,0.022390076971629053,0.012294122071714144,0.01352589643891505,0.042607102789377564,0.04233658486059926,0.042336584860599255,0.9448445045634644,0.9492089230891079,0.9587735442038062,-0.03790613957193558,0.02705632632664101,0.00016922567924997482,0.02732684425541932,-0.0006484414334714909,0.47896197995628975,0.30570671529103394,0.13352023830383739,0.15945756579846912,0.22528469017533734,0.04274703240871915,0.0,20,479789,0.8379030035822541,0.8664405684754521,0.8668941979522184,0.3353182808149312,0.18559518455737364,0.07233032747982913,1.9396240943511357e-05,8.446551283185645e-05,0.0014153849745290761,0.02705632632664123,0.030254966245578784,0.012905673118808476,0.0036641106819872904,0.07560198337185721,0.06024940129932116,0.04391513769594551,/common/users/shared/pracsys/adaptive_roa_experiments/quadrotor_stoch/q2d_cs_clf_dir00,0.9624423573663704,0.36092326729402513
clf,corridor_sine_ambient_smooth,clf_dir00,1,2500,0.0021475447533519836,1.0,0.111127077043978,50.0,0.045670132141218706,0.007659428071547754,0.007659428071547754,0.023178019465106784,0.012686032524542827,0.01352589643891505,0.042607102789377564,0.04233658486059926,0.042336584860599255,0.946845384116768,0.9507012457559468,0.959200815358418,-0.037263520269199414,0.025746953275127327,0.00016275673863585434,0.026017471203905632,-0.001071040191912901,0.5035912408759124,0.32916418503077227,0.14118369674900189,0.1529800466311338,0.22528469017533734,0.04274703240871915,0.0,20,479789,0.856575288041319,0.9135705289672544,0.9338363319791062,0.35662889752708626,0.20074722385581348,0.07636449928808733,2.3530702827672858e-05,4.217831384704872e-05,0.0013095073071910219,0.02574695327512737,0.03147633647290788,0.013239153044359082,0.003591161948273095,0.07560198337185721,0.06024940129932116,0.04391513769594551,/common/users/shared/pracsys/adaptive_roa_experiments/quadrotor_stoch/q2d_cs_clf_dir00,0.9652056246800944,0.3918509638908345
clf,corridor_sine_ambient_smooth,clf_dir00,2,3000,0.002123093995957482,1.0,0.10143389662119015,50.0,0.04466167115992417,0.0058113774074970365,0.0058113774074970365,0.02303527173547134,0.014404712297755466,0.01352589643891505,0.042607102789377564,0.04233658486059926,0.042336584860599255,0.9486691024596229,0.9524874476071773,0.9595947385204746,-0.03315249106207143,0.024191067393082712,0.0001551240307032512,0.024461585321861,-0.0009216231395422596,0.5506823323359847,0.3894364688236554,0.16533195556703695,0.1432868662083677,0.22528469017533734,0.04274703240871915,0.0,20,479789,0.8140676411888451,0.862498517024558,0.8905380333951762,0.416067047114934,0.25149617739647834,0.09112482202183199,1.9642947524523333e-05,0.00011401245717484208,0.0014658762193346497,0.02419106739308309,0.03863990212364185,0.017568139327912895,0.004493641996794424,0.07560198337185721,0.06024940129932116,0.04391513769594551,/common/users/shared/pracsys/adaptive_roa_experiments/quadrotor_stoch/q2d_cs_clf_dir00,0.9640345906049542,0.4286013509890769
clf,corridor_sine_ambient_smooth,clf_dir00,3,3500,0.001886990292513019,1.0,0.08987717486005818,50.0,0.04322582856818117,0.004937397605253811,0.004937397605253811,0.023852346306310522,0.015426880942507867,0.01352589643891505,0.042607102789377564,0.04233658486059926,0.042336584860599255,0.9507054142550163,0.9540068655179673,0.9611641784200972,-0.030298080930656387,0.022512259372614064,0.000146063842029261,0.02278277730139236,-0.0009093767869284945,0.5814204555510327,0.4260410435144485,0.22854303813190907,0.1317301444472531,0.22528469017533734,0.04274703240871915,0.0,20,479789,0.8119624320316362,0.8584905660377359,0.8952319169639961,0.4528437129545392,0.2833223786626077,0.13099193165638348,1.9642947518268954e-05,9.939040798247897e-05,0.0010727839858017294,0.022512259372614373,0.04216436808680483,0.01988374056095492,0.006425741315453252,0.07560198337185721,0.06024940129932116,0.04391513769594551,/common/users/shared/pracsys/adaptive_roa_experiments/quadrotor_stoch/q2d_cs_clf_dir00,0.9671445733119176,0.4682551876411457
clf,corridor_sine_ambient_smooth,clf_dir00,4,4000,0.0019302570390400192,1.0,0.09541774844886497,50.0,0.04404492369808629,0.0065471146268325075,0.0065471146268325075,0.02427782476303272,0.014328922800400472,0.01352589643891505,0.042607102789377564,0.04233658486059926,0.042336584860599255,0.9496090989997686,0.9524415941174141,0.9598156689711519,-0.03398866925214023,0.023513705340709266,0.00015008981681277546,0.023784223269487557,-0.0010921693836897922,0.5531962077950878,0.3753969122960692,0.16261292564280752,0.13727071803603944,0.22528469017533734,0.04274703240871915,0.0,20,479789,0.8390514631685166,0.8992786885245901,0.9580348004094166,0.41262095773715984,0.23720898052374859,0.08884670147128619,2.3879494897412357e-05,0.00014688398656158904,0.0010397181067181595,0.023513705340709644,0.03717884319982326,0.015892402702021097,0.004072623590786783,0.07560198337185721,0.06024940129932116,0.04391513769594551,/common/users/shared/pracsys/adaptive_roa_experiments/quadrotor_stoch/q2d_cs_clf_dir00,0.9677005526522514,0.44460080051018924
clf,corridor_sine_ambient_smooth,clf_dir00,5,4500,0.001992385229612125,1.0,0.10423267253177201,50.0,0.045073430501088876,0.008466511950444223,0.008466511950444223,0.02461838994150062,0.012332278774201951,0.01352589643891505,0.042607102789377564,0.04233658486059926,0.042336584860599255,0.9468057833756088,0.9506366340203715,0.959740635987903,-0.037452609900078274,0.02540844512802459,0.00016061511507882282,0.025678963056802877,-0.0007762617415182881,0.49801345344400294,0.33069575538348506,0.16301239275500476,0.14608564211891775,0.22528469017533734,0.04274703240871915,0.0,20,479789,0.8689683574713433,0.9030714616453156,0.9367529880478087,0.34901993218096106,0.20240772131317675,0.08927384907451352,2.0383067247924922e-05,0.00015972293735568892,0.0010107187131010167,0.025408445128024655,0.030365431470917425,0.013503852735264877,0.004185173065660113,0.07560198337185721,0.06024940129932116,0.04391513769594551,/common/users/shared/pracsys/adaptive_roa_experiments/quadrotor_stoch/q2d_cs_clf_dir00,0.9684206356626449,0.3998466052071413
clf,corridor_sine_ambient_smooth,clf_dir00,6,5000,0.0018800360071028162,1.0,0.09803260031626994,50.0,0.043651167341659254,0.0074598159828299015,0.0074598159828299015,0.025162237333381382,0.0128483399821702,0.01352589643891505,0.042607102789377564,0.04233658486059926,0.042336584860599255,0.9490442673758673,0.9520935244451206,0.9604034273399349,-0.03512736187802881,0.02416733478515083,0.00015533537030185772,0.024437852713929127,-0.0004668287248969574,0.5365483773127085,0.37399569681618866,0.20055546204342706,0.1398855699034115,0.22528469017533734,0.04274703240871915,0.0,20,479789,0.8587899751198496,0.8791293213828425,0.884558277654046,0.39015245499407275,0.2375203237970042,0.11309919316563835,1.9642947530846234e-05,0.000133228354492129,0.0009750625173249937,0.024167334785150974,0.03434634808217779,0.016277988865938987,0.005614968246458339,0.07560198337185721,0.06024940129932116,0.04391513769594551,/common/users/shared/pracsys/adaptive_roa_experiments/quadrotor_stoch/q2d_cs_clf_dir00,0.9697402053481151,0.4291619207187807
clf,corridor_sine_ambient_smooth,clf_dir00,7,5500,0.0017589923205318832,1.0,0.09610475176917668,50.0,0.04289603965788297,0.008210621726405465,0.008210621726405465,0.026063578701806717,0.012509267814284901,0.01352589643891505,0.042607102789377564,0.04233658486059926,0.042336584860599255,0.9503719343294657,0.9528459385271443,0.9602908778650615,-0.03604223564053878,0.023668507494773904,0.00015355078561112435,0.023939025423552206,-0.0008151203904241053,0.5431767166126278,0.3783249065728731,0.18830947511929105,0.1379577213563025,0.22528469017533734,0.04274703240871915,0.0,20,479789,0.8931230283911672,0.9197060788243153,0.9200666111573689,0.3902627298541615,0.2381430103435154,0.10488846701471286,1.9702497393436374e-05,6.633174050535566e-05,0.0007118629074780879,0.023668507494774133,0.03303535512485697,0.015600607767164315,0.005006367382328482,0.07560198337185721,0.06024940129932116,0.04391513769594551,/common/users/shared/pracsys/adaptive_roa_experiments/quadrotor_stoch/q2d_cs_clf_dir00,0.9724945365401757,0.44094433755800855
clf,corridor_sine_ambient_smooth,clf_dir00,8,6000,0.0015753587285883346,1.0,0.08665806142068982,50.0,0.04084766473521378,0.006547074879779059,0.006547074879779059,0.026760769191985546,0.013096042401038501,0.01352589643891505,0.042607102789377564,0.04233658486059926,0.042336584860599255,0.9530251839871277,0.9555158621810838,0.9622063031874428,-0.03231010975314245,0.021839843656964706,0.00014518026505306033,0.02211036158574301,-0.0002830468914280654,0.5871707513646188,0.44657072475042137,0.27220549869556493,0.12851103100782293,0.22528469017533734,0.04274703240871915,0.0,20,479789,0.8748430762512963,0.8915924622074963,0.881924577373212,0.44187136437570645,0.29788632511156465,0.16093972472710014,1.4861944277457857e-05,3.591367127460186e-05,0.0005434944144267712,0.021839843656964817,0.03818553572507915,0.02012968200604849,0.008013939460888015,0.07560198337185721,0.06024940129932116,0.04391513769594551,/common/users/shared/pracsys/adaptive_roa_experiments/quadrotor_stoch/q2d_cs_clf_dir00,0.9741927814395428,0.48413780353620206
clf,corridor_sine_ambient_smooth,clf_dir00,9,6500,0.0016079235426184877,1.0,0.09192573138498299,50.0,0.04185179858477522,0.0080938521102115,0.0080938521102115,0.027065975892806172,0.012377454692548936,0.01352589643891505,0.042607102789377564,0.04233658486059926,0.042336584860599255,0.9520455867058227,0.9539255797861144,0.961043291947085,-0.03520862484766406,0.022889503836839877,0.00015007415624194098,0.02316002176561818,-0.00047495724116471474,0.5645887740812233,0.4034756327918398,0.21870166785102205,0.13377870097209899,0.22528469017533734,0.04274703240871915,0.0,20,479789,0.9002957329953528,0.917188075082812,0.9169295478443743,0.4112425219860502,0.25862247898432905,0.12415757000474609,1.5117157974270271e-05,3.3541885386192974e-05,0.0004825726947350846,0.02288950383684029,0.034533930540300004,0.016988717957268716,0.005946363922474255,0.07560198337185721,0.06024940129932116,0.04391513769594551,/common/users/shared/pracsys/adaptive_roa_experiments/quadrotor_stoch/q2d_cs_clf_dir00,0.9749889384938583,0.4593445854877609
clf,corridor_sine_ambient_smooth,clf_dir00,10,7000,0.0016426674453282031,1.0,0.09526674717210101,50.0,0.042781067005358414,0.009223386589669159,0.009223386589669159,0.027228767232016497,0.01193624223570742,0.01352589643891505,0.042607102789377564,0.04233658486059926,0.042336584860599255,0.9504427988136451,0.9523623926350958,0.9604597020773715,-0.037008603908966424,0.023835482288902383,0.00015417573798629018,0.024106000217680678,-0.0004957219293495498,0.5384271931357133,0.3641573471318088,0.19165707955174913,0.13711971675921295,0.22528469017533734,0.04274703240871915,0.0,20,479789,0.9099737532808398,0.9298195766444097,0.9374739474781159,0.38232293992776994,0.22641574705088732,0.10673943996203132,1.4853437154255745e-05,3.557338641694154e-05,0.000600748762657332,0.02383548228890252,0.03176396290869528,0.014671032474692,0.005000114633724408,0.07560198337185721,0.06024940129932116,0.04391513769594551,/common/users/shared/pracsys/adaptive_roa_experiments/quadrotor_stoch/q2d_cs_clf_dir00,0.9748440402020246,0.4370003540109588
clf,corridor_sine_ambient_smooth,clf_dir00,11,7500,0.0015276804668840338,1.0,0.08603230624111954,50.0,0.04169904599103634,0.008104066599644274,0.008104066599644274,0.02752204288227902,0.012868810985235112,0.01352589643891505,0.042607102789377564,0.04233658486059926,0.042336584860599255,0.952058092203031,0.9534899716333638,0.961401782867052,-0.03490860599343551,0.02242438152830209,0.00014617397075706356,0.022694899457080402,-0.0004942270496624164,0.5640588279887803,0.3901505834768112,0.2282142112940196,0.12788527582826242,0.22528469017533734,0.04274703240871915,0.0,20,479789,0.902370990237099,0.928943258719417,0.9360683760683761,0.4102500482452513,0.24692980938872938,0.12994779307071666,2.0417095741929353e-05,2.2074282714799402e-05,0.00038063232830620817,0.022424381528302267,0.03437135907659409,0.016015373424567884,0.0060964298889720275,0.07560198337185721,0.06024940129932116,0.04391513769594551,/common/users/shared/pracsys/adaptive_roa_experiments/quadrotor_stoch/q2d_cs_clf_dir00,0.9761095598859977,0.4703308828017574
clf,corridor_sine_ambient_smooth,clf_dir00,12,8000,0.0015932307814262878,1.0,0.09731874669739185,50.0,0.0433533746485589,0.010481413893854891,0.010481413893854891,0.02783674033069097,0.01127791856138775,0.01352589643891505,0.042607102789377564,0.04233658486059926,0.042336584860599255,0.949073446869353,0.951138938158232,0.960361742349241,-0.03857550469751882,0.024619844113639378,0.000157769495986176,0.02489036204241767,-0.0003614143101238164,0.5138866783383734,0.3312890435576348,0.18496614382446216,0.13917171628449518,0.22528469017533734,0.04274703240871915,0.0,20,479789,0.9230934171967694,0.9442276422764228,0.9531802120141343,0.3560499545116202,0.20088559864392708,0.10242050308495491,1.4164360172689787e-05,2.029799585884686e-05,0.00035060023651128415,0.024619844113639523,0.029160735239865856,0.012818134638351441,0.004718740946541083,0.07560198337185721,0.06024940129932116,0.04391513769594551,/common/users/shared/pracsys/adaptive_roa_experiments/quadrotor_stoch/q2d_cs_clf_dir00,0.9769089046187244,0.4184735449327196
clf,corridor_sine_ambient_smooth,clf_dir00,13,8500,0.0016092771884235416,1.0,0.09624694510025963,50.0,0.04376295375429381,0.010792913469860459,0.010792913469860459,0.027788621629274462,0.011428080566786618,0.01352589643891505,0.042607102789377564,0.04233658486059926,0.042336584860599255,0.9485461317370761,0.9509075864598813,0.9600074199283435,-0.03894071303600714,0.02474079346499945,0.00015772535517576263,0.02501131139377775,-0.0006000832361858117,0.5048041241249273,0.32269381182424656,0.168630849220104,0.13809991468737762,0.22528469017533734,0.04274703240871915,0.0,20,479789,0.9265832106038292,0.9560402112796047,0.9681592039800995,0.3468971411242522,0.1941052340263604,0.09235880398671097,1.1986536626444813e-05,3.305868021159221e-05,0.0003986180111164706,0.024740793464999657,0.028304108681107738,0.01223246051910319,0.004189341564729496,0.07560198337185721,0.06024940129932116,0.04391513769594551,/common/users/shared/pracsys/adaptive_roa_experiments/quadrotor_stoch/q2d_cs_clf_dir00,0.9765614979776396,0.4156166930690579
clf,corridor_sine_ambient_smooth,clf_dir00,14,9000,0.0014539799710441526,1.0,0.08339747039833037,50.0,0.04217882301648462,0.009244649446346544,0.009244649446346544,0.028190685955081972,0.012998392106556348,0.01352589643891505,0.042607102789377564,0.04233658486059926,0.042336584860599255,0.9517975610111945,0.9521685574283696,0.9602304346285555,-0.03598423763365219,0.02284507783146813,0.00014751757893553098,0.023115595760246424,-0.0005454705203957119,0.5561121667530373,0.3569727366975819,0.17955884249903253,0.12525043998547195,0.22528469017533734,0.04274703240871915,0.0,20,479789,0.9152767247915087,0.9392509584193454,0.9547325102880658,0.3993879745265073,0.22036185007091708,0.09909824394874228,6.456906529013241e-06,2.133586483473108e-05,0.00021668610311664245,0.0228450778314681,0.03298950163509376,0.014135380344276338,0.004558253732369854,0.07560198337185721,0.06024940129932116,0.04391513769594551,/common/users/shared/pracsys/adaptive_roa_experiments/quadrotor_stoch/q2d_cs_clf_dir00,0.978194987411072,0.4603939380871269
clf,corridor_sine_ambient_smooth,clf_dir00,15,9500,0.001585458647405169,1.0,0.09690566649981207,50.0,0.04445296672395138,0.011956389961007292,0.011956389961007292,0.028104602440971488,0.011212564976487626,0.01352589643891505,0.042607102789377564,0.04233658486059926,0.042336584860599255,0.9472538970255675,0.9493548205565363,0.9591903941107445,-0.040185280297768945,0.02570080227411604,0.0001623129128214812,0.025971320202894353,-0.0004875701065190155,0.4805517354625505,0.2843342267251789,0.13653201622861175,0.13875863608692351,0.22528469017533734,0.04274703240871915,0.0,20,479789,0.9405431463924152,0.9565992865636147,0.9638854296388543,0.3227193780497891,0.16698377555609367,0.07346938775510205,1.7958537132056667e-05,1.9658260260317015e-05,0.0002003166432604425,0.025700802274116023,0.025940569708767812,0.010517123152052256,0.003347304752714214,0.07560198337185721,0.06024940129932116,0.04391513769594551,/common/users/shared/pracsys/adaptive_roa_experiments/quadrotor_stoch/q2d_cs_clf_dir00,0.9782766108313581,0.39294106128917794
clf,corridor_sine_ambient_smooth,clf_dir00,16,10000,0.001462354938355739,1.0,0.09000226202799134,50.0,0.04339384596637589,0.011463426853658346,0.011463426853658346,0.028985935722609667,0.011931338979189823,0.01352589643891505,0.042607102789377564,0.04233658486059926,0.042336584860599255,0.95000510641136,0.9499759269178744,0.9590840973844753,-0.03897333492231917,0.024275439836699497,0.0001536752191454703,0.0245459577654778,-0.000538636154948445,0.522218902499751,0.298401005583326,0.13240818491183098,0.13185523161510024,0.22528469017533734,0.04274703240871915,0.0,20,479789,0.9409273614699971,0.9626556016597511,0.962106615285806,0.3613982852259256,0.17656622963296087,0.07109634551495017,1.496402975615554e-05,2.0161881964957652e-05,0.00017358039762297142,0.02427543983669932,0.02903776451731907,0.011050691032933227,0.0032451765255143406,0.07560198337185721,0.06024940129932116,0.04391513769594551,/common/users/shared/pracsys/adaptive_roa_experiments/quadrotor_stoch/q2d_cs_clf_dir00,0.9795534399023731,0.4266084542097407
clf,corridor_sine_ambient_smooth,clf_dir00,17,10500,0.0015422171117659635,1.0,0.09244430105432301,50.0,0.04341017253258151,0.010933200698424513,0.010933200698424513,0.028262173497746488,0.011964410937235543,0.01352589643891505,0.042607102789377564,0.04233658486059926,0.042336584860599255,0.9502552163555229,0.9497529122176623,0.9592821010902709,-0.038778226872153446,0.024412201003065334,0.0001555380972551646,0.024682718931843633,-0.0005954110582119566,0.5278255880665519,0.2945514133551823,0.13953488372093023,0.13429727064143498,0.22528469017533734,0.04274703240871915,0.0,20,479789,0.9345663444024099,0.9555724321245491,0.9694002447980417,0.36776665839605216,0.1741100771439444,0.07517797816801139,2.000875382976231e-05,1.9767151428724783e-05,0.0002193629802049026,0.024412201003065494,0.029750577858183493,0.010977742299219032,0.00340566373968557,0.07560198337185721,0.06024940129932116,0.04391513769594551,/common/users/shared/pracsys/adaptive_roa_experiments/quadrotor_stoch/q2d_cs_clf_dir00,0.9782565410354152,0.42337812359105365
clf,corridor_sine_ambient_smooth,clf_dir00,18,11000,0.0015718817072954787,1.0,0.09790161240777474,50.0,0.04416681025782599,0.012004880571790742,0.012004880571790742,0.028401779199993843,0.011143069087497796,0.01352589643891505,0.042607102789377564,0.04233658486059926,0.042336584860599255,0.9484398350108069,0.9490255091300551,0.9593550498239851,-0.04030018777720733,0.025351078503704196,0.00015995944339871127,0.025621596432482494,-0.0005886077286919693,0.49752193695157626,0.27200476261348416,0.1410386292560455,0.13975458199487273,0.22528469017533734,0.04274703240871915,0.0,20,479789,0.9450574890037812,0.9746160409556314,0.9804041641151255,0.33763405287679543,0.15805860172276612,0.07598481252966303,2.182927820035151e-05,1.9661663146091984e-05,0.00021497933618040192,0.025351078503704737,0.027009789720064445,0.009770961818632774,0.003403579490150879,0.07560198337185721,0.06024940129932116,0.04391513769594551,/common/users/shared/pracsys/adaptive_roa_experiments/quadrotor_stoch/q2d_cs_clf_dir00,0.9783509496802925,0.4012016182415956
clf,corridor_sine_ambient_smooth,clf_dir00,19,11500,0.0014495601631378649,1.0,0.0840734973812466,50.0,0.041890197653978146,0.009567811764102244,0.009567811764102244,0.028688511515057313,0.012906740882691685,0.01352589643891505,0.042607102789377564,0.04233658486059926,0.042336584860599255,0.952779242542034,0.9516454107951621,0.9602116763827433,-0.03644334815160426,0.02268597350677673,0.00014653751464556837,0.022956491435555025,-0.0005299116028674722,0.5653608563864483,0.34199330648363496,0.1749502982107356,0.12592646696837384,0.22528469017533734,0.04274703240871915,0.0,20,479789,0.9294770705860089,0.9492993229412691,0.9787234042553191,0.40622501585201115,0.2085653993842322,0.09606074988134788,1.696320371453046e-05,2.1022802794589556e-05,0.0002180433279078639,0.022685973506776994,0.03304160787346104,0.013237068794824391,0.00431022803774159,0.07560198337185721,0.06024940129932116,0.04391513769594551,/common/users/shared/pracsys/adaptive_roa_experiments/quadrotor_stoch/q2d_cs_clf_dir00,0.9785116218930059,0.4641520193120362
clf,corridor_sine_ambient_smooth,clf_dir00,20,12000,0.0015095898036887234,1.0,0.09410156622240078,50.0,0.043993413103333594,0.012484688871087706,0.012484688871087706,0.029181244290078564,0.011383322851594997,0.01352589643891505,0.042607102789377564,0.04233658486059926,0.042336584860599255,0.9487670621877534,0.9485106994949863,0.9591883098612098,-0.040363377554256945,0.025065007983800267,0.00015731393369253048,0.025335525912578573,-0.0005750214578081336,0.5003760239029248,0.2574691914637812,0.13362240608822618,0.13595453580949693,0.22528469017533734,0.04274703240871915,0.0,20,479789,0.9522667491876837,0.9816639926655971,0.9862834748530372,0.33934331320817135,0.14816480437264332,0.07166587565258661,2.3845466405157337e-05,2.0338830167755422e-05,0.00020197666702880841,0.025065007983800534,0.026941009485419633,0.009093580719858104,0.003190986037612367,0.07560198337185721,0.06024940129932116,0.04391513769594551,/common/users/shared/pracsys/adaptive_roa_experiments/quadrotor_stoch/q2d_cs_clf_dir00,0.9795340372574974,0.40795867058405233
clf,corridor_sine_ambient_smooth,clf_dir00,21,12500,0.0013879078980709946,1.0,0.08390707964461505,50.0,0.04304801770487388,0.01155776821535942,0.01155776821535942,0.029721118922284535,0.012505931680254004,0.01352589643891505,0.042607102789377564,0.04233658486059926,0.042336584860599255,0.9506408025194408,0.9491026263628387,0.959484273295136,-0.03847836172721743,0.023748422176465233,0.00014939245608013376,0.024018940105243528,-0.00042481197720892205,0.5295029204911194,0.27506976191889804,0.14625148227853663,0.125760049231739,0.22528469017533734,0.04274703240871915,0.0,20,479789,0.9477277576274803,0.9694496756643649,0.9799882283696292,0.36738069638574145,0.1602725983325838,0.07902230659705743,2.384546640514176e-05,1.9113804374061904e-05,0.00017539718741966924,0.023748422176465733,0.029306632707294247,0.009960628526289681,0.003541139959440504,0.07560198337185721,0.06024940129932116,0.04391513769594551,/common/users/shared/pracsys/adaptive_roa_experiments/quadrotor_stoch/q2d_cs_clf_dir00,0.9804961602380355,0.43905673415413304
clf,corridor_sine_ambient_smooth,clf_dir00,22,13000,0.0015173299630908312,1.0,0.09108153896373904,50.0,0.043684553129996355,0.011572924673924399,0.011572924673924399,0.028721019410887737,0.011983129004114289,0.01352589643891505,0.042607102789377564,0.04233658486059926,0.042336584860599255,0.9496903847316216,0.9489671501430837,0.9592195736042302,-0.03936694012714049,0.024525211840873064,0.0001547008288229202,0.02479572976965136,-0.000663278282762865,0.5150869862188115,0.2709108775273204,0.13470723509640897,0.13293450855085592,0.22528469017533734,0.04274703240871915,0.0,20,479789,0.9492780451684562,0.9728400342172797,0.9876783398184177,0.3534309265845119,0.1573667277821981,0.0722828666350261,2.3530702845591643e-05,1.829031467859958e-05,0.00026077560932941796,0.02452521184087303,0.02814778996600589,0.009745950824216478,0.0032139127824939713,0.07560198337185721,0.06024940129932116,0.04391513769594551,/common/users/shared/pracsys/adaptive_roa_experiments/quadrotor_stoch/q2d_cs_clf_dir00,0.9786201801546737,0.4207087812673911
clf,corridor_sine_ambient_smooth,clf_dir00,23,13500,0.0015159032955635674,1.0,0.09382131067833935,50.0,0.044176870082715036,0.012458957920765783,0.012458957920765783,0.029206050586925086,0.011527200910854836,0.01352589643891505,0.042607102789377564,0.04233658486059926,0.042336584860599255,0.9486503442138107,0.9488358424223982,0.9584671595222066,-0.040397274027602216,0.024888343500858726,0.00015507638084064627,0.025158861429637018,-0.0007011486935812432,0.4988303260847454,0.266260162601626,0.1041226453266196,0.13567428026544356,0.22528469017533734,0.04274703240871915,0.0,20,479789,0.9514977494955766,0.9791162892943505,0.9872122762148338,0.3380200148871061,0.15408032656449994,0.05495965828191742,2.384546640515224e-05,2.1308642091647853e-05,0.0002956073357229745,0.024888343500858626,0.026857639504031982,0.009481251133310685,0.002444824704192885,0.07560198337185721,0.06024940129932116,0.04391513769594551,/common/users/shared/pracsys/adaptive_roa_experiments/quadrotor_stoch/q2d_cs_clf_dir00,0.9790932119402446,0.4121315268388315
clf,corridor_sine_ambient_smooth,clf_epi_bald,0,2000,0.0023244466669511007,1.0,0.11760459621130905,50.0,0.0468485633418737,0.007758259871142301,0.007758259871142301,0.022390076971629053,0.012294122071714144,0.01352589643891505,0.042607102789377564,0.04233658486059926,0.042336584860599255,0.9448445045634644,0.9492089230891079,0.9587735442038062,-0.03790613957193558,0.02705632632664101,0.00016922567924997482,0.02732684425541932,-0.0006484414334714909,0.47896197995628975,0.30570671529103394,0.13352023830383739,0.15945756579846912,0.22528469017533734,0.04274703240871915,0.0,20,479789,0.8379030035822541,0.8664405684754521,0.8668941979522184,0.3353182808149312,0.18559518455737364,0.07233032747982913,1.9396240943511357e-05,8.446551283185645e-05,0.0014153849745290761,0.02705632632664123,0.030254966245578784,0.012905673118808476,0.0036641106819872904,0.07560198337185721,0.06024940129932116,0.04391513769594551,/common/users/shared/pracsys/adaptive_roa_experiments/quadrotor_stoch/q2d_cs_clf_epi_bald,0.9624423573663704,0.36092326729402513
clf,corridor_sine_ambient_smooth,clf_epi_bald,1,2500,0.001815300981920994,1.0,0.1062844616102444,50.0,0.04350921231769427,0.009093718600582758,0.009093718600582758,0.02654541674951705,0.011462224655093094,0.01352589643891505,0.042607102789377564,0.04233658486059926,0.042336584860599255,0.9494527802846668,0.952381150880908,0.9599824089339272,-0.037941932450280866,0.02418802796794339,0.00015431996440539274,0.02445854589672169,-0.000696858743721579,0.5265685394135791,0.3643193010767647,0.17184265010351968,0.14813743119733522,0.22528469017533734,0.04274703240871915,0.0,20,479789,0.9019594730154484,0.9307648564117146,0.9422894985808893,0.3718192595043145,0.22648493444494414,0.09454200284765069,1.868164260633597e-05,6.210540230207096e-05,0.001203548500437393,0.02418802796794358,0.03116578329223888,0.014660611227018543,0.00440610351633739,0.07560198337185721,0.06024940129932116,0.04391513769594551,/common/users/shared/pracsys/adaptive_roa_experiments/quadrotor_stoch/q2d_cs_clf_epi_bald,0.9715127412535811,0.4286731429191377
clf,corridor_sine_ambient_smooth,clf_epi_bald,2,3000,0.001838158629975089,1.0,0.11327841533580252,50.0,0.046050041510475405,0.01196983145734591,0.01196983145734591,0.027043352720329907,0.010418294540181151,0.01352589643891505,0.042607102789377564,0.04233658486059926,0.042336584860599255,0.945130046749717,0.948391897271509,0.9585088445129004,-0.04178035053653093,0.02667459588276274,0.00016353996482636434,0.026945113811541042,-0.0005884677148525266,0.4514959579964997,0.2618131950034285,0.10958536476271415,0.15513138492289721,0.22528469017533734,0.04274703240871915,0.0,20,479789,0.9242514714663482,0.9471527178602244,0.9518259518259519,0.29870702726545917,0.15190092365171065,0.05813953488372093,1.6648440154438627e-05,1.8824562161059705e-05,0.0009582794197706263,0.026674595882762855,0.02443365729518601,0.009662580842828826,0.002682429151147692,0.07560198337185721,0.06024940129932116,0.04391513769594551,/common/users/shared/pracsys/adaptive_roa_experiments/quadrotor_stoch/q2d_cs_clf_epi_bald,0.9726188741141092,0.3699398293321581
clf,corridor_sine_ambient_smooth,clf_epi_bald,3,3500,0.0015817717162575674,1.0,0.10099949185593476,50.0,0.042571645678339,0.010440585896443259,0.010440585896443259,0.02903023011730488,0.010605774245727779,0.01352589643891505,0.042607102789377564,0.04233658486059926,0.042336584860599255,0.9499071466832295,0.9529042975141155,0.9607890135038527,-0.03861012919895501,0.023555654414040807,0.0001497411605494245,0.023826172342819123,-0.00019128622569681772,0.5239283733460106,0.3701990077484809,0.20090897506689886,0.14285246144300082,0.22528469017533734,0.04274703240871915,0.0,20,479789,0.9306171275772289,0.9526610242432937,0.9563283461382935,0.3645962561685,0.22973674196561386,0.11224489795918367,5.784843794328681e-07,6.108114473613606e-05,0.0008246562159452445,0.023555654414040835,0.029619270137497943,0.014529303506332992,0.005154349099291564,0.07560198337185721,0.06024940129932116,0.04391513769594551,/common/users/shared/pracsys/adaptive_roa_experiments/quadrotor_stoch/q2d_cs_clf_epi_bald,0.9759689930712165,0.44360995362280653
clf,corridor_sine_ambient_smooth,clf_epi_bald,4,4000,0.001583874537079529,1.0,0.10510544413124064,50.0,0.04345675992631564,0.01248760046987599,0.01248760046987599,0.029885790041930035,0.009977960434218287,0.01352589643891505,0.042607102789377564,0.04233658486059926,0.042336584860599255,0.9488483479196064,0.9513536158603053,0.9598781964571926,-0.040781553511066646,0.024495195440828132,0.00015370342236879637,0.02476571336960644,-0.00044319984771707885,0.5002240052132123,0.3285771819803234,0.16224214466010967,0.14695841371828375,0.22528469017533734,0.04274703240871915,0.0,20,479789,0.9570638198394763,0.975405636208369,0.9769392033542977,0.33859895790257216,0.19756460372920054,0.08846701471286189,3.90476956117281e-05,7.934083406167268e-05,0.000578962620881262,0.024495195440828267,0.02674717427869334,0.012203281025617511,0.003976748112190984,0.07560198337185721,0.06024940129932116,0.04391513769594551,/common/users/shared/pracsys/adaptive_roa_experiments/quadrotor_stoch/q2d_cs_clf_epi_bald,0.977617008958726,0.42141777563110194
clf,corridor_sine_ambient_smooth,clf_epi_bald,5,4500,0.0014619038042306511,1.0,0.0947503194715006,50.0,0.04247991142527612,0.011600564853024967,0.011600564853024967,0.030254419535026635,0.011171715537170186,0.01352589643891505,0.042607102789377564,0.04233658486059926,0.042336584860599255,0.9512952568733339,0.95243534136881,0.9592633428444587,-0.03924185998585655,0.022914506214167834,0.00014381747696479648,0.02318502414294614,-0.0007682239644297567,0.5385283778980213,0.35276099719220627,0.13605622596472616,0.13660328905856073,0.22528469017533734,0.04274703240871915,0.0,20,479789,0.9491820396797772,0.9790617128463476,0.9909851899549259,0.37589942932759907,0.21513820181962848,0.0730422401518747,1.6648440155113567e-05,3.156482997626259e-05,0.0005580990575128279,0.022914506214167924,0.0299402445658404,0.013239153044359082,0.0032368395273755755,0.07560198337185721,0.06024940129932116,0.04391513769594551,/common/users/shared/pracsys/adaptive_roa_experiments/quadrotor_stoch/q2d_cs_clf_epi_bald,0.9788396471281594,0.4587540235090306
clf,corridor_sine_ambient_smooth,clf_epi_bald,6,5000,0.0014622609044174914,1.0,0.09640767213350236,50.0,0.04291543116162714,0.012339294609543167,0.012339294609543167,0.030466176416645615,0.01096702042758662,0.01352589643891505,0.042607102789377564,0.04233658486059926,0.042336584860599255,0.950565769536192,0.951578714810052,0.9586901742224186,-0.0400434458423217,0.02350464771953653,0.00014723282860070483,0.023775165648314826,-0.0007050553339602895,0.5252031869319774,0.3336775081741525,0.11327845382963493,0.13826064172055663,0.22528469017533734,0.04274703240871915,0.0,20,479789,0.9588480374241649,0.9761704984057727,0.9875195007800313,0.3616464036611254,0.2012315356142111,0.06008542952064547,1.7065289193199773e-05,3.211609155123167e-05,0.0004926821606979628,0.023504647719536583,0.028514617884111557,0.012420042977225406,0.0026720079034742356,0.07560198337185721,0.06024940129932116,0.04391513769594551,/common/users/shared/pracsys/adaptive_roa_experiments/quadrotor_stoch/q2d_cs_clf_epi_bald,0.9794015918659453,0.444814743632965
clf,corridor_sine_ambient_smooth,clf_epi_bald,7,5500,0.0014844923811090614,1.0,0.09972476424142496,50.0,0.04358662760959948,0.013052894254037826,0.013052894254037826,0.03042012391496987,0.010658670083271865,0.01352589643891505,0.042607102789377564,0.04233658486059926,0.042336584860599255,0.9494673700314097,0.9507116670036203,0.9582233023266478,-0.04097389041239106,0.0242316587012894,0.00015080494055161398,0.02450217663006771,-0.0007376964983778107,0.5080453706146135,0.31223825034899955,0.09376978026946378,0.1415777338284717,0.22528469017533734,0.04274703240871915,0.0,20,479789,0.9622598001537279,0.9800985941208691,0.9895038167938931,0.34513274336283184,0.18569896564845886,0.04921689606074988,1.677604700355693e-05,3.2119494452406206e-05,0.00043396979729339513,0.024231658701289672,0.0271160864463337,0.011415434701504202,0.0021842935123564736,0.07560198337185721,0.06024940129932116,0.04391513769594551,/common/users/shared/pracsys/adaptive_roa_experiments/quadrotor_stoch/q2d_cs_clf_epi_bald,0.9797381033509468,0.42764257483033996
clf,corridor_sine_ambient_smooth,clf_epi_bald,8,6000,0.0013056861024720713,1.0,0.08521250249446799,50.0,0.040716748172047,0.010739071711650254,0.010739071711650254,0.03126934260225145,0.01179128580028852,0.01352589643891505,0.042607102789377564,0.04233658486059926,0.042336584860599255,0.954036045011453,0.9543987044304892,0.9600345151722944,-0.03739941302870943,0.02112323538510862,0.00013501251863187193,0.02139375331388692,-0.0006830785848894495,0.5761239356487978,0.39742212674543503,0.16641307655523194,0.1270654720815223,0.22528469017533734,0.04274703240871915,0.0,20,479789,0.9513139520121874,0.9747365576871115,0.9901707190894982,0.41317233203760373,0.24959352405991628,0.09084005695301377,5.529630097521197e-07,2.5010942283197148e-05,0.0003975489450049482,0.021123235385108876,0.0328352671695266,0.01542761505578494,0.0040288543505582666,0.07560198337185721,0.06024940129932116,0.04391513769594551,/common/users/shared/pracsys/adaptive_roa_experiments/quadrotor_stoch/q2d_cs_clf_epi_bald,0.981043181765951,0.5010642579069466
clf,corridor_sine_ambient_smooth,clf_epi_bald,9,6500,0.0011966410838062545,1.0,0.0793794719686726,50.0,0.039271455333892834,0.009686973812184443,0.009686973812184443,0.03174368352990412,0.012097976020380905,0.01352589643891505,0.042607102789377564,0.04233658486059926,0.042336584860599255,0.9558701846019813,0.9565413129521518,0.9613455081296153,-0.0355893222437471,0.01975258019404154,0.00012777787484624285,0.020023098122819827,-0.0005272949488380578,0.6022430538595931,0.44422528453767623,0.21891846361185982,0.12123244155572689,0.22528469017533734,0.04274703240871915,0.0,20,479789,0.9452175964146715,0.9678281068524971,0.9719521316379955,0.44189893309072864,0.28826927733766905,0.12335073564309444,9.043071990254173e-06,1.952895207876904e-05,0.0003363962603286789,0.01975258019404161,0.03534470360929492,0.017945388493692017,0.005573283255764513,0.07560198337185721,0.06024940129932116,0.04391513769594551,/common/users/shared/pracsys/adaptive_roa_experiments/quadrotor_stoch/q2d_cs_clf_epi_bald,0.9821223166771591,0.5334394529204369
clf,corridor_sine_ambient_smooth,clf_epi_bald,10,7000,0.0011505965860491407,1.0,0.07607751611917764,50.0,0.0390646300102002,0.00983813257804283,0.00983813257804283,0.03205676147303343,0.012277452386890823,0.01352589643891505,0.042607102789377564,0.04233658486059926,0.042336584860599255,0.956101536300332,0.956445437473556,0.9615101638428559,-0.035439053632157075,0.01954470659281175,0.00012648565364083527,0.01981522452159006,-0.0005732493727969058,0.6034567157434951,0.4408829431438126,0.22227837439460937,0.11793048570623331,0.22528469017533734,0.04274703240871915,0.0,20,479789,0.9516061991568197,0.9729570146433633,0.9865420560747663,0.4418162269456621,0.2850174698169993,0.12524916943521594,2.3845466405157696e-05,2.1733998419629023e-05,0.00026369591427856257,0.019544706592811954,0.03510084641373604,0.017649425059765855,0.005575367505299205,0.07560198337185721,0.06024940129932116,0.04391513769594551,/common/users/shared/pracsys/adaptive_roa_experiments/quadrotor_stoch/q2d_cs_clf_epi_bald,0.9831104402374946,0.5383494758217703
clf,corridor_sine_ambient_smooth,clf_epi_bald,11,7500,0.0011633837104228497,1.0,0.07404143181398845,50.0,0.03936117643010046,0.009916911293741074,0.009916911293741074,0.032004222385018335,0.012739781638289817,0.01352589643891505,0.042607102789377564,0.04233658486059926,0.042336584860599255,0.9562432652686911,0.9556367486540959,0.9605930940475917,-0.035405631703950245,0.019603873819392863,0.00012579152725969073,0.019874391748171173,-0.0006453999499291298,0.6064559667079068,0.424962852897474,0.18989673936329748,0.11589440140105482,0.22528469017533734,0.04274703240871915,0.0,20,479789,0.9474609031804604,0.9700296003946719,0.9766416923754958,0.445951534198991,0.2720794271283772,0.10517323208353109,3.5976624126796945e-05,3.991882502568768e-05,0.00029853301060241225,0.01960387381939298,0.03558439230578442,0.016899095227276992,0.00472916219421454,0.07560198337185721,0.06024940129932116,0.04391513769594551,/common/users/shared/pracsys/adaptive_roa_experiments/quadrotor_stoch/q2d_cs_clf_epi_bald,0.9826864880093602,0.5369519321423277
clf,corridor_sine_ambient_smooth,clf_epi_bald,12,8000,0.001080734905984812,1.0,0.06996745439722228,50.0,0.03862602510403931,0.00953880095123296,0.00953880095123296,0.03243118826524161,0.012736209891117763,0.01352589643891505,0.042607102789377564,0.04233658486059926,0.042336584860599255,0.9566184301849354,0.9565433972016866,0.961826969772129,-0.034439879613555144,0.01894948247022034,0.00012202663968609863,0.019220000398998644,-0.0004947150763702675,0.6131945734993496,0.44429637526652455,0.23639774859287052,0.11182042398428658,0.22528469017533734,0.04274703240871915,0.0,20,479789,0.940753834749387,0.9677232091025194,0.9725557461406518,0.45482866043613707,0.28833846473172586,0.1345514950166113,3.706553589984734e-05,4.557776338276377e-05,0.00025751309797549817,0.018949482470220564,0.036551484089881174,0.017951641242296094,0.006075587393625115,0.07560198337185721,0.06024940129932116,0.04391513769594551,/common/users/shared/pracsys/adaptive_roa_experiments/quadrotor_stoch/q2d_cs_clf_epi_bald,0.9837092700131477,0.5524088083010266
clf,corridor_sine_ambient_smooth,clf_epi_bald,13,8500,0.0009977185034350353,1.0,0.06523896952440811,50.0,0.03758412281500523,0.008699361150215374,0.008699361150215374,0.032656497463630675,0.013148470260272825,0.01352589643891505,0.042607102789377564,0.04233658486059926,0.042336584860599255,0.9584192217829087,0.9583129250566395,0.9626294058429852,-0.03293713265071199,0.017847250143158525,0.00011574087615042193,0.01811776807193683,-0.0005321984040254323,0.6364663435256388,0.4809922931208968,0.2649831925883414,0.10709193911148239,0.22528469017533734,0.04274703240871915,0.0,20,479789,0.9386723998925021,0.9624091381100727,0.9723225030084236,0.48146003914757535,0.32061438405922443,0.15339345040341718,1.693768234486937e-05,3.911915542210415e-05,0.0002332641023945245,0.017847250143158647,0.03877746259293147,0.020071323019077134,0.0069280454533138525,0.07560198337185721,0.06024940129932116,0.04391513769594551,/common/users/shared/pracsys/adaptive_roa_experiments/quadrotor_stoch/q2d_cs_clf_epi_bald,0.9843662473955535,0.5784437927167774
clf,corridor_sine_ambient_smooth,clf_epi_bald,14,9000,0.0011044062128965752,1.0,0.07041932026116264,50.0,0.0395779207220695,0.010157226519429133,0.010157226519429133,0.03241250386814755,0.013086804694006226,0.01352589643891505,0.042607102789377564,0.04233658486059926,0.042336584860599255,0.956324551000544,0.9552970159799412,0.9598802807067274,-0.03526863404203465,0.019507146845167564,0.0001233113813990697,0.019777664773945863,-0.0005741606667132859,0.6086176948506752,0.41853277666323263,0.16334159168948584,0.11227228984824357,0.22528469017533734,0.04274703240871915,0.0,20,479789,0.9435371785962474,0.9674144629652839,0.9700567888487351,0.44917707385658756,0.2670287473622306,0.08917892738490746,3.3968943045230614e-05,4.11914905252788e-05,0.00024673124238759245,0.019507146845167394,0.03599082096504922,0.016630227037301815,0.004037191348697031,0.07560198337185721,0.06024940129932116,0.04391513769594551,/common/users/shared/pracsys/adaptive_roa_experiments/quadrotor_stoch/q2d_cs_clf_epi_bald,0.9836494986482087,0.5392366458135838
clf,corridor_sine_ambient_smooth,clf_epi_bald,15,9500,0.0011311455883762794,1.0,0.0712593940662882,50.0,0.03889889000359456,0.009414228959601168,0.009414228959601168,0.03205896382939051,0.013060117390888182,0.01352589643891505,0.042607102789377564,0.04233658486059926,0.042336584860599255,0.9570894705797757,0.9567330639093434,0.9607827607552487,-0.034582468400056604,0.01900799923514022,0.0001223663813107137,0.019278517163918533,-0.0006838507556696863,0.6180759099172635,0.4484416930148524,0.19575995896734485,0.11311236365336845,0.22528469017533734,0.04274703240871915,0.0,20,479789,0.9447626609198662,0.9666666666666667,0.9845227858985383,0.4592672235547101,0.29193620922267965,0.10868533459895587,3.7065535899846436e-05,4.184143484946125e-05,0.00028217888474467635,0.019007999235140346,0.03675157204521154,0.018195498437854975,0.004847964417691944,0.07560198337185721,0.06024940129932116,0.04391513769594551,/common/users/shared/pracsys/adaptive_roa_experiments/quadrotor_stoch/q2d_cs_clf_epi_bald,0.9828437728756585,0.5510266286775978
clf,corridor_sine_ambient_smooth,clf_epi_bald,16,10000,0.001018421409268756,1.0,0.06505185661845193,50.0,0.03754141331542687,0.008433919733429945,0.008433919733429945,0.032382682021902094,0.013540828792707385,0.01352589643891505,0.042607102789377564,0.04233658486059926,0.042336584860599255,0.9590299068965733,0.9586359837345166,0.9620499844723409,-0.03267495959894749,0.01771925569240743,0.00011565359073732512,0.017989773621185732,-0.0006685668797196849,0.644609571333008,0.4864669047249392,0.24272167692563631,0.10690482620553605,0.22528469017533734,0.04274703240871915,0.0,20,479789,0.9363903771404559,0.965191498100421,0.9811701412239409,0.49146748270063134,0.3251807520669734,0.1384907451352634,1.692917522164222e-05,3.946964886877335e-05,0.00019607080405871887,0.017719255692407492,0.0396799426414528,0.02029850621835849,0.006198558116171901,0.07560198337185721,0.06024940129932116,0.04391513769594551,/common/users/shared/pracsys/adaptive_roa_experiments/quadrotor_stoch/q2d_cs_clf_epi_bald,0.9840122543208639,0.5814670514697575
clf,corridor_sine_ambient_smooth,clf_epi_bald,17,10500,0.0010308967016222355,1.0,0.06532902976179349,50.0,0.038426579615085873,0.009482369637040326,0.009482369637040326,0.03267021971358953,0.013595882565284576,0.01352589643891505,0.042607102789377564,0.04233658486059926,0.042336584860599255,0.9583796210417496,0.9569248148665351,0.9605493248073632,-0.034023732217168645,0.018391527960846407,0.00011792346985279155,0.01866204588962471,-0.0007572068232036544,0.633508910382293,0.4486300456206814,0.18561225367868514,0.10718199934888428,0.22528469017533734,0.04274703240871915,0.0,20,479789,0.9475678049851762,0.980410447761194,0.9930939226519337,0.4758084525680258,0.29086380461479916,0.10237304224015187,3.3424487158699594e-05,2.7991837819407235e-05,0.00016929556718527864,0.018391527960846615,0.037962521024867184,0.017874524009512515,0.004526989989349485,0.07560198337185721,0.06024940129932116,0.04391513769594551,/common/users/shared/pracsys/adaptive_roa_experiments/quadrotor_stoch/q2d_cs_clf_epi_bald,0.9844931988433586,0.5655878238312375
clf,corridor_sine_ambient_smooth,clf_epi_bald,18,11000,0.0009709454453956151,1.0,0.06077933947958258,50.0,0.036804883078635955,0.008233801423090489,0.008233801423090489,0.03280934553716464,0.013875689753085637,0.01352589643891505,0.042607102789377564,0.04233658486059926,0.042336584860599255,0.960051189168572,0.9589173574216999,0.9624814241260221,-0.031979228457561217,0.017111530514518625,0.00011233671399406391,0.017382048443296938,-0.000649510232006472,0.6552635838774079,0.49021078494762704,0.25766010969524517,0.10263230906667459,0.22528469017533734,0.04274703240871915,0.0,20,479789,0.942564420987271,0.9712031153924985,0.9826989619377162,0.5021917128442643,0.3278444667381603,0.14826767916468914,2.452603626331226e-05,3.716932248612945e-05,0.00017919348712071775,0.017111530514518778,0.0402802065074439,0.02033810695951762,0.006625829270783615,0.07560198337185721,0.06024940129932116,0.04391513769594551,/common/users/shared/pracsys/adaptive_roa_experiments/quadrotor_stoch/q2d_cs_clf_epi_bald,0.9845748504414832,0.595821661788229
clf,corridor_sine_ambient_smooth,clf_epi_bald,19,11500,0.0010063444293563933,1.0,0.06493424686775857,50.0,0.037752291354137706,0.009212654595251925,0.009212654595251925,0.032840088392355894,0.013203539292463824,0.01352589643891505,0.042607102789377564,0.04233658486059926,0.042336584860599255,0.9584671595222066,0.9581170056003785,0.961637303064472,-0.03359510793184043,0.017984407694391115,0.00011649296268110155,0.01825492562316942,-0.0007247433691041742,0.6343200044042353,0.47358080318549756,0.22754742319959714,0.10678721645483097,0.22528469017533734,0.04274703240871915,0.0,20,479789,0.9485729967069155,0.9755018346643644,0.9829586656997824,0.4764701017285584,0.3126924274397205,0.12866635026103465,4.541953090871804e-05,4.099412529279701e-05,0.00017714533912790786,0.01798440769439133,0.03797502652207533,0.019312656188449507,0.005748360216678581,0.07560198337185721,0.06024940129932116,0.04391513769594551,/common/users/shared/pracsys/adaptive_roa_experiments/quadrotor_stoch/q2d_cs_clf_epi_bald,0.984794128092707,0.575204099395169
clf,corridor_sine_ambient_smooth,clf_epi_bald,20,12000,0.0009954187768691591,1.0,0.06407780810410317,50.0,0.03731660274751114,0.009008534052835434,0.009008534052835434,0.03300771390001665,0.013161878908813355,0.01352589643891505,0.042607102789377564,0.04233658486059926,0.042336584860599255,0.9590090644012264,0.958504676013831,0.9623563691539406,-0.033252845640577955,0.01773961684204705,0.00011619777302244568,0.01801013477082534,-0.0005977881713710061,0.6400688127962519,0.48081988160742684,0.25135751295336783,0.10593077769117976,0.22528469017533734,0.04274703240871915,0.0,20,479789,0.952036149825784,0.9765889830508474,0.9924713584288052,0.4820941195930858,0.31891929290483273,0.14390128144280967,2.385397352838464e-05,4.071509157072972e-05,0.00018774141330018222,0.017739616842047362,0.03828349545320964,0.01967531560748579,0.006367382328481895,0.07560198337185721,0.06024940129932116,0.04391513769594551,/common/users/shared/pracsys/adaptive_roa_experiments/quadrotor_stoch/q2d_cs_clf_epi_bald,0.9847686215189952,0.58098611637056
clf,corridor_sine_ambient_smooth,clf_epi_bald,21,12500,0.0010344937016797593,1.0,0.06663539929686882,50.0,0.03847517380670043,0.009720968127070757,0.009720968127070757,0.03286401331832028,0.01315234794048769,0.01352589643891505,0.042607102789377564,0.04233658486059926,0.042336584860599255,0.9575271629820609,0.956716389913066,0.9611412516752156,-0.0343885924153962,0.018606761684207773,0.00011939421122775386,0.018877279612986075,-0.0005867779851419681,0.6216768156839447,0.4457847401990873,0.20865874363327674,0.10848836888395222,0.22528469017533734,0.04274703240871915,0.0,20,479789,0.9517935307827866,0.9752452125175152,0.98714859437751,0.4615829956165743,0.2889265575812087,0.11665875652586616,3.060012224735964e-05,3.9078321016367176e-05,0.00017568224565634767,0.01860676168420802,0.036664033564754506,0.01784951301509622,0.005189781341381316,0.07560198337185721,0.06024940129932116,0.04391513769594551,/common/users/shared/pracsys/adaptive_roa_experiments/quadrotor_stoch/q2d_cs_clf_epi_bald,0.9845942734652301,0.5605039531300446
clf,corridor_sine_ambient_smooth,clf_epi_bald,22,13000,0.0009970388690502406,1.0,0.06297816440865453,50.0,0.03774052299251786,0.008921667189644416,0.008921667189644416,0.032712992638495655,0.01369698827230327,0.01352589643891505,0.042607102789377564,0.04233658486059926,0.042336584860599255,0.9587860497010144,0.957627206959726,0.9615018268447172,-0.03305180344257787,0.017887418554190647,0.00011585622420899688,0.018157936482968946,-0.0006578408575573791,0.6390288426433005,0.46573110480395247,0.22367923338797124,0.10483113399574694,0.22528469017533734,0.04274703240871915,0.0,20,479789,0.9457502566596423,0.9689447785675233,0.9772309952258539,0.4825352190334409,0.30653474936866504,0.12629330802088276,2.3845466405157544e-05,3.551894073038981e-05,0.00016576618612888813,0.017887418554190786,0.038573206138531727,0.019060461994751858,0.005675411482964386,0.07560198337185721,0.06024940129932116,0.04391513769594551,/common/users/shared/pracsys/adaptive_roa_experiments/quadrotor_stoch/q2d_cs_clf_epi_bald,0.9846650752546564,0.5774950054878503
clf,corridor_sine_ambient_smooth,clf_epi_bald,23,13500,0.0009934400904345782,1.0,0.06350864310379487,50.0,0.03758351465599967,0.008617051115932334,0.008617051115932334,0.03261166899025272,0.013553941573579408,0.01352589643891505,0.042607102789377564,0.04233658486059926,0.042336584860599255,0.958863166933798,0.9581211740994479,0.9621271017051245,-0.03274405126085278,0.01773786842349259,0.0001152109804118602,0.018008386352270894,-0.0006040985627862872,0.6414518502370701,0.4764039087947883,0.2456722985595085,0.10536161269088284,0.22528469017533734,0.04274703240871915,0.0,20,479789,0.940396292745286,0.9654626108998733,0.9801258694932097,0.48672566371681414,0.31622098453661746,0.14043663977218795,2.384546640515769e-05,2.1686358496260955e-05,0.00016337832204931977,0.017737868423492783,0.039129700764294305,0.019733674594457146,0.006292349345233009,0.07560198337185721,0.06024940129932116,0.04391513769594551,/common/users/shared/pracsys/adaptive_roa_experiments/quadrotor_stoch/q2d_cs_clf_epi_bald,0.9845722146770053,0.5810274144242461
clf,corridor_sine_ambient_smooth,clf_epi_var,0,2000,0.0023244466669511007,1.0,0.11760459621130905,50.0,0.0468485633418737,0.007758259871142301,0.007758259871142301,0.022390076971629053,0.012294122071714144,0.01352589643891505,0.042607102789377564,0.04233658486059926,0.042336584860599255,0.9448445045634644,0.9492089230891079,0.9587735442038062,-0.03790613957193558,0.02705632632664101,0.00016922567924997482,0.02732684425541932,-0.0006484414334714909,0.47896197995628975,0.30570671529103394,0.13352023830383739,0.15945756579846912,0.22528469017533734,0.04274703240871915,0.0,20,479789,0.8379030035822541,0.8664405684754521,0.8668941979522184,0.3353182808149312,0.18559518455737364,0.07233032747982913,1.9396240943511357e-05,8.446551283185645e-05,0.0014153849745290761,0.02705632632664123,0.030254966245578784,0.012905673118808476,0.0036641106819872904,0.07560198337185721,0.06024940129932116,0.04391513769594551,/common/users/shared/pracsys/adaptive_roa_experiments/quadrotor_stoch/q2d_cs_clf_epi_var,0.9624423573663704,0.36092326729402513
clf,corridor_sine_ambient_smooth,clf_epi_var,1,2500,0.0020258202183700263,1.0,0.11529756713281301,50.0,0.044302211465520776,0.009088730056109207,0.009088730056109207,0.025352892942094796,0.011128102182951839,0.01352589643891505,0.042607102789377564,0.04233658486059926,0.042336584860599255,0.9484919412491741,0.9517121067802722,0.9595342952839686,-0.03890420344215038,0.025238754130700876,0.00016142408228578004,0.025509272059479175,-0.0008336678439128005,0.5094777793215697,0.347931325640304,0.15384615384615383,0.15715053671990614,0.22528469017533734,0.04274703240871915,0.0,20,479789,0.9096966260277857,0.9332628718103578,0.9413333333333334,0.3538168885948226,0.21382364133254922,0.08376839107736117,1.7830930283698776e-05,6.015556975715409e-05,0.001439086732850486,0.025238754130700904,0.029404592435424738,0.013803984668260423,0.003907967877546171,0.07560198337185721,0.06024940129932116,0.04391513769594551,/common/users/shared/pracsys/adaptive_roa_experiments/quadrotor_stoch/q2d_cs_clf_epi_var,0.9683545289225477,0.40385474610661276
clf,corridor_sine_ambient_smooth,clf_epi_var,2,3000,0.0019003673300623197,1.0,0.1132456685765112,50.0,0.04490050942252252,0.011577906436166472,0.011577906436166472,0.027264620164257077,0.010136483503837326,0.01352589643891505,0.042607102789377564,0.04233658486059926,0.042336584860599255,0.9465827686753969,0.9507033300054816,0.9591216138760997,-0.04113421457656606,0.02603887679683657,0.00016414729911252643,0.026309394725614874,-0.000610994335672084,0.4725566462925233,0.3179144076594763,0.1313609991585101,0.15509863816358754,0.22528469017533734,0.04274703240871915,0.0,20,479789,0.9320506575742815,0.9554515513953892,0.9827700463883366,0.3165164171697957,0.19068045802054864,0.0703844328429046,9.1536645922035e-06,0.00016920668097024862,0.0011430038590044293,0.026038876796836627,0.025673785768327326,0.01202403556563406,0.0031451325478491585,0.07560198337185721,0.06024940129932116,0.04391513769594551,/common/users/shared/pracsys/adaptive_roa_experiments/quadrotor_stoch/q2d_cs_clf_epi_var,0.971794690270579,0.3849556622818253
clf,corridor_sine_ambient_smooth,clf_epi_var,3,3500,0.0016789274115496466,1.0,0.10837405329367159,50.0,0.04236183759867722,0.0101542430025279,0.0101542430025279,0.028438642261764603,0.01006997723159469,0.01352589643891505,0.042607102789377564,0.04233658486059926,0.042336584860599255,0.9497716704634745,0.9536942280877636,0.961962445991884,-0.03869121362110722,0.023777484094520965,0.00015437798201974165,0.02404800202329926,-0.00027470150684160213,0.52168390131592,0.387910846626443,0.24040622658786315,0.1502270228807211,0.22528469017533734,0.04274703240871915,0.0,20,479789,0.9313961729270022,0.952638700947226,0.9769959404600812,0.36230805282165796,0.24353962707994603,0.13706691979117228,3.5644846320945586e-06,9.566770495944706e-05,0.0009632950352472616,0.02377748409452114,0.02940876093449412,0.015402604061368643,0.006161041624547457,0.07560198337185721,0.06024940129932116,0.04391513769594551,/common/users/shared/pracsys/adaptive_roa_experiments/quadrotor_stoch/q2d_cs_clf_epi_var,0.9747770220894416,0.4383702848774277
clf,corridor_sine_ambient_smooth,clf_epi_var,4,4000,0.001686129210890902,1.0,0.10526410472271718,50.0,0.043383232472706645,0.011437020505957574,0.011437020505957574,0.02889619749594767,0.010347261484223377,0.01352589643891505,0.042607102789377564,0.04233658486059926,0.042336584860599255,0.9489233809028552,0.9517642130186394,0.9601428961480984,-0.03994292496156914,0.024393772734989216,0.00015492103733159878,0.02466429066376752,-0.0004836351356199489,0.507733719014905,0.3424350049722972,0.17220033764772086,0.14711707430977114,0.22528469017533734,0.04274703240871915,0.0,20,479789,0.9355244651713672,0.9583333333333334,0.9793205317577548,0.3484134204504728,0.208461618293147,0.09439962031324158,1.8715671099303042e-07,0.00017019350727150834,0.0010155214051722034,0.024393772734989376,0.028156126964144657,0.01310576107413884,0.004233110804958013,0.07560198337185721,0.06024940129932116,0.04391513769594551,/common/users/shared/pracsys/adaptive_roa_experiments/quadrotor_stoch/q2d_cs_clf_epi_var,0.974785993087552,0.42381340357730657
clf,corridor_sine_ambient_smooth,clf_epi_var,5,4500,0.0015093133007568088,1.0,0.0906175147725417,50.0,0.04102785282080069,0.009765086317065873,0.009765086317065873,0.029713063539949458,0.011269915518223518,0.01352589643891505,0.042607102789377564,0.04233658486059926,0.042336584860599255,0.9520622607021003,0.9546071293839584,0.9619603617423492,-0.036902486350984,0.021893798377103396,0.0001418265365722352,0.02216431630588169,-0.0004948092606122875,0.5542290100007753,0.40606506858654445,0.24007994337344382,0.132470484359607,0.22528469017533734,0.04274703240871915,0.0,20,479789,0.933107093911114,0.959160010306622,0.9782829996606719,0.3941774873873129,0.2575500743764486,0.1368296155671571,1.5908320434407648e-06,0.0001701050331950357,0.0010361932116318168,0.021893798377103375,0.03193695562007466,0.016177944888273805,0.006142283378735236,0.07560198337185721,0.06024940129932116,0.04391513769594551,/common/users/shared/pracsys/adaptive_roa_experiments/quadrotor_stoch/q2d_cs_clf_epi_var,0.9764544783014214,0.48286338047358746
clf,corridor_sine_ambient_smooth,clf_epi_var,6,5000,0.0013956736415846925,1.0,0.09111071478794218,50.0,0.04159556627799038,0.011076050919718255,0.011076050919718255,0.030548518103448885,0.011167359392103103,0.01352589643891505,0.042607102789377564,0.04233658486059926,0.042336584860599255,0.9520309969590799,0.9537755138196166,0.960509724066204,-0.038279486076753994,0.022192295896651268,0.0001413729247455686,0.02246281382542956,-0.0006718217802173763,0.5490703187758381,0.38418392847226074,0.1847596919237554,0.13296368437499745,0.22528469017533734,0.04274703240871915,0.0,20,479789,0.9489367465799811,0.9734065006331786,0.988945186549977,0.3862928348909657,0.23931919604248106,0.1018984337921215,8.507123226955803e-08,3.269797883433995e-05,0.0006624986601934726,0.0221922958966514,0.03077602862925161,0.014812761443051008,0.004524905739814794,0.07560198337185721,0.06024940129932116,0.04391513769594551,/common/users/shared/pracsys/adaptive_roa_experiments/quadrotor_stoch/q2d_cs_clf_epi_var,0.9793607448007231,0.4758127995037069
clf,corridor_sine_ambient_smooth,clf_epi_var,7,5500,0.001401784222692703,1.0,0.09080477702536525,50.0,0.042002398480651,0.011232554214987613,0.011232554214987613,0.030500807078091153,0.011551123221556197,0.01352589643891505,0.042607102789377564,0.04233658486059926,0.042336584860599255,0.9519163632346719,0.9528646967729565,0.9593383758277076,-0.03845410805257541,0.022398489426404877,0.0001412811153866445,0.022669007355183186,-0.0006698425710908382,0.5495372359120553,0.36487207571544916,0.13977688610608932,0.1326577466124211,0.22528469017533734,0.04274703240871915,0.0,20,479789,0.9418378957231779,0.9695522388059702,0.9850839030453697,0.3879469577922973,0.22472065589649565,0.07522543901281442,2.5521369680829852e-08,6.533130349732868e-05,0.0005171480575086146,0.02239848942640487,0.031140772297822583,0.013964471882431653,0.0033535575013182877,0.07560198337185721,0.06024940129932116,0.04391513769594551,/common/users/shared/pracsys/adaptive_roa_experiments/quadrotor_stoch/q2d_cs_clf_epi_var,0.9793809891017503,0.4709424602821438
clf,corridor_sine_ambient_smooth,clf_epi_var,8,6000,0.0013253741556727811,1.0,0.08864065499825671,50.0,0.04136286606020204,0.011233470882358427,0.011233470882358427,0.031117320450577347,0.011403548509586778,0.01352589643891505,0.042607102789377564,0.04233658486059926,0.042336584860599255,0.9526666930671608,0.9534566236408087,0.9601449803976331,-0.038121947344920804,0.021890482174572488,0.00013904527671440938,0.022161000103350793,-0.0005622531178078524,0.5577926629799829,0.37725536127610926,0.17149046793760833,0.13049362458530617,0.22528469017533734,0.04274703240871915,0.0,20,479789,0.9496121461247763,0.9729574223245109,0.9845771144278607,0.3948667052628677,0.23399176670010724,0.0939250118652112,5.529630097520628e-07,3.146614738310558e-05,0.000388453607955557,0.021890482174572626,0.031436735731748745,0.014489702765173858,0.004189341564729496,0.07560198337185721,0.06024940129932116,0.04391513769594551,/common/users/shared/pracsys/adaptive_roa_experiments/quadrotor_stoch/q2d_cs_clf_epi_var,0.9809323647870555,0.4829417099501342
clf,corridor_sine_ambient_smooth,clf_epi_var,9,6500,0.0012571855297298664,1.0,0.08163828365294548,50.0,0.040246579421451864,0.010046412972581657,0.010046412972581657,0.031243430223323834,0.012267591805852586,0.01352589643891505,0.042607102789377564,0.04233658486059926,0.042336584860599255,0.95520322475088,0.954973957302064,0.9602700353697146,-0.03628527836004058,0.020453306153026152,0.0001306584141214471,0.020723824081804457,-0.0006862614568309312,0.5954867972822916,0.4113463582113954,0.17623163353500432,0.12349125324000636,0.22528469017533734,0.04274703240871915,0.0,20,479789,0.9383155397390273,0.9686858316221766,0.985024154589372,0.43613707165109034,0.26111322517037394,0.09677266255339345,8.507123226949296e-08,3.544407820151893e-05,0.0003791749833395254,0.020453306153026353,0.03514044715489517,0.016240472374314543,0.004314396536810973,0.07560198337185721,0.06024940129932116,0.04391513769594551,/common/users/shared/pracsys/adaptive_roa_experiments/quadrotor_stoch/q2d_cs_clf_epi_var,0.9809517491200296,0.5168881424807338
clf,corridor_sine_ambient_smooth,clf_epi_var,10,7000,0.0012316861506582969,1.0,0.08196553251423698,50.0,0.0405669218896208,0.01076943253334913,0.01076943253334913,0.03171706569973526,0.011970001701814725,0.01352589643891505,0.042607102789377564,0.04233658486059926,0.042336584860599255,0.9544153784267667,0.9544299681735096,0.9600345151722944,-0.03707042613343357,0.020777382698903193,0.00013160745585263898,0.021047900627681488,-0.0006115689953099489,0.5817444684553748,0.398481346979201,0.16590543303318978,0.12381850210129731,0.22528469017533734,0.04274703240871915,0.0,20,479789,0.9495567486577601,0.9732562827576938,0.9937467430953622,0.41932015548755275,0.2505275538796831,0.0905078310393925,1.638471933511679e-05,3.0350012814073413e-05,0.00032292426341185503,0.02077738269890347,0.03338550904668511,0.015508900787637898,0.003999674857072588,0.07560198337185721,0.06024940129932116,0.04391513769594551,/common/users/shared/pracsys/adaptive_roa_experiments/quadrotor_stoch/q2d_cs_clf_epi_var,0.9819864494087996,0.5092333789483392
clf,corridor_sine_ambient_smooth,clf_epi_var,11,7500,0.0011458432766792907,1.0,0.07367922052307596,50.0,0.03895675979621709,0.009808251289077802,0.009808251289077802,0.03218925081679425,0.012762984590155034,0.01352589643891505,0.042607102789377564,0.04233658486059926,0.042336584860599255,0.9573812655146324,0.9561307157938177,0.960551409056898,-0.035254549981760114,0.019214411424240716,0.00012382749273808885,0.019484929353019022,-0.0007411739086420899,0.6192887730404022,0.43337102245194636,0.18750804893754022,0.11553219011013781,0.22528469017533734,0.04274703240871915,0.0,20,479789,0.9537764523713942,0.9769389489015657,0.9815730337078652,0.45849529953408874,0.27844466738160306,0.10365448504983389,1.5253271945930292e-05,4.043946093537174e-05,0.0003575161324920492,0.019214411424240907,0.036343059136412045,0.01717213191632155,0.004637455214688124,0.07560198337185721,0.06024940129932116,0.04391513769594551,/common/users/shared/pracsys/adaptive_roa_experiments/quadrotor_stoch/q2d_cs_clf_epi_var,0.98259057391123,0.5461511246713076
clf,corridor_sine_ambient_smooth,clf_epi_var,12,8000,0.0010564992548478046,1.0,0.06824646225552052,50.0,0.037725275155660244,0.008623112840294865,0.008623112840294865,0.032430414638445794,0.013062908072353612,0.01352589643891505,0.042607102789377564,0.04233658486059926,0.042336584860599255,0.9590528336414549,0.957762683179481,0.9621917134407,-0.033208641100612134,0.018027635794433453,0.00011695384606192425,0.018298153723211752,-0.000501647268014882,0.643176286824803,0.47015452192328816,0.25158841488571665,0.11009943184258919,0.22528469017533734,0.04274703240871915,0.0,20,479789,0.942560553633218,0.9626338329764454,0.9624368686868687,0.488131668182946,0.31103192998235724,0.14470811580446133,2.4968406671115516e-05,4.293715227720836e-05,0.0003137755971062613,0.01802763579443346,0.039152627509175905,0.01946689065401666,0.006602902525902011,0.07560198337185721,0.06024940129932116,0.04391513769594551,/common/users/shared/pracsys/adaptive_roa_experiments/quadrotor_stoch/q2d_cs_clf_epi_var,0.9832012482351216,0.5741830415988287
clf,corridor_sine_ambient_smooth,clf_epi_var,13,8500,0.001083801427715078,1.0,0.06915868050773304,50.0,0.03860172169407559,0.009250589278490703,0.009250589278490703,0.03213379601136319,0.013201612104190947,0.01352589643891505,0.042607102789377564,0.04233658486059926,0.042336584860599255,0.9574229505053263,0.9565517341998253,0.9613017388893867,-0.0341586678496589,0.01877813622844995,0.00012110484848129168,0.01904865415722825,-0.0006752418992768301,0.6225145982703821,0.4441659556313994,0.2156887593460905,0.11101165009480979,0.22528469017533734,0.04274703240871915,0.0,20,479789,0.9440116572325281,0.9688263347679423,0.9807913945447561,0.4643674358338158,0.2881309025495555,0.12116753678215472,1.6648440155152384e-05,3.815274620119459e-05,0.00025700165963819934,0.01877813622845012,0.03718926444749671,0.017918293249741032,0.005425301538801432,0.07560198337185721,0.06024940129932116,0.04391513769594551,/common/users/shared/pracsys/adaptive_roa_experiments/quadrotor_stoch/q2d_cs_clf_epi_var,0.9833939263834108,0.5564560464600461
clf,corridor_sine_ambient_smooth,clf_epi_var,14,9000,0.0011320442997468643,1.0,0.0761447949491072,50.0,0.03954708521731487,0.01049951815655661,0.01049951815655661,0.03243449002803813,0.011992027295826784,0.01352589643891505,0.042607102789377564,0.04233658486059926,0.042336584860599255,0.9551782137564638,0.9556971918906019,0.9614434678577458,-0.036123909614725315,0.019941791860898422,0.00012774487690368685,0.02021230978967672,-0.0004598211282193232,0.5907161753230687,0.4241127065835817,0.2200767317340529,0.11799776453616492,0.22528469017533734,0.04274703240871915,0.0,20,479789,0.9538414259373079,0.9780082469074097,0.9852774631936579,0.4278388884294103,0.27076486664129795,0.12387280493592787,2.331802476508084e-05,3.420884386396643e-05,0.0002480876406708334,0.019941791860898676,0.03391073992942731,0.016680249026134405,0.005521177017397231,0.07560198337185721,0.06024940129932116,0.04391513769594551,/common/users/shared/pracsys/adaptive_roa_experiments/quadrotor_stoch/q2d_cs_clf_epi_var,0.9836660970650197,0.5289702292577372
clf,corridor_sine_ambient_smooth,clf_epi_var,15,9500,0.0011058294304155756,1.0,0.07001659704544756,50.0,0.03841788338574787,0.00932956296641491,0.00932956296641491,0.032323135333696726,0.012942080408636645,0.01352589643891505,0.042607102789377564,0.04233658486059926,0.042336584860599255,0.9577272509373912,0.9568122653916618,0.9615122480923907,-0.03433677549086041,0.018709089505035772,0.00012106658210397098,0.018979607433814077,-0.0006339229882816703,0.6250323534849326,0.44866029853923306,0.22320376914016493,0.11186956663251683,0.22528469017533734,0.04274703240871915,0.0,20,479789,0.9487568052983106,0.9717611802674043,0.9818652849740933,0.46602155873514733,0.2916594596464524,0.12591362126245847,4.314812900712014e-05,4.4628368303457746e-05,0.00030095141976601105,0.01870908950503598,0.03713507395959474,0.018082948962981644,0.00563164224273587,0.07560198337185721,0.06024940129932116,0.04391513769594551,/common/users/shared/pracsys/adaptive_roa_experiments/quadrotor_stoch/q2d_cs_clf_epi_var,0.9830787338595273,0.5580869461568811
clf,corridor_sine_ambient_smooth,clf_epi_var,16,10000,0.0010369602884606078,1.0,0.06514005554577602,50.0,0.03762566106675041,0.008914522891412589,0.008914522891412589,0.03269178143359881,0.013314601618652153,0.01352589643891505,0.042607102789377564,0.04233658486059926,0.042336584860599255,0.9587401962112512,0.957958602635742,0.9618415595188718,-0.03326208248162856,0.017911274629752016,0.00011658511900529951,0.018181792558530318,-0.0006480516886610242,0.6384028056844335,0.4714791038909996,0.23723023081409886,0.10699302513284928,0.22528469017533734,0.04274703240871915,0.0,20,479789,0.9459752070589509,0.9718081659105638,0.9710095497953616,0.48176329501281945,0.3112394921645276,0.13512102515424776,4.487507502219294e-05,5.7913092008734086e-05,0.00021963593832107132,0.01791127462975218,0.03850234165435223,0.019295982192171976,0.006111019635714867,0.07560198337185721,0.06024940129932116,0.04391513769594551,/common/users/shared/pracsys/adaptive_roa_experiments/quadrotor_stoch/q2d_cs_clf_epi_var,0.98391268269723,0.5769315194239668
clf,corridor_sine_ambient_smooth,clf_epi_var,17,10500,0.0010411104284870484,1.0,0.0678494579130776,50.0,0.0381656856373511,0.009335991103132678,0.009335991103132678,0.03261704708689641,0.013076973054866355,0.01352589643891505,0.042607102789377564,0.04233658486059926,0.042336584860599255,0.9583379360510558,0.9570165218460615,0.9615289220886681,-0.034072309312520206,0.01839573006341194,0.00011894059061590217,0.01866624799219023,-0.0006597988134236024,0.6323185873264049,0.45243342272256587,0.22334427333165027,0.10970242750015556,0.22528469017533734,0.04274703240871915,0.0,20,479789,0.9500331638293168,0.9730470534490635,0.9844213649851632,0.47385107380145014,0.29473829868198015,0.1259610821072615,2.3658309694157586e-05,3.0064173265569558e-05,0.0001753796322381166,0.018395730063412104,0.03770824258163484,0.018249688925756947,0.005619136745527721,0.07560198337185721,0.06024940129932116,0.04391513769594551,/common/users/shared/pracsys/adaptive_roa_experiments/quadrotor_stoch/q2d_cs_clf_epi_var,0.9842610345436485,0.5654885691894337
clf,corridor_sine_ambient_smooth,clf_epi_var,18,11000,0.0010117570156527804,1.0,0.0656403594297068,50.0,0.03813444449344397,0.009764832838579627,0.009764832838579627,0.03316661776866961,0.013054119909238162,0.01352589643891505,0.042607102789377564,0.04233658486059926,0.042336584860599255,0.9579544341366726,0.9566913789186496,0.9614455521072804,-0.0342628050339821,0.018373030004310897,0.0001179066808909924,0.018643547933089196,-0.0005617699261983855,0.6262251950121361,0.44510908751034794,0.22015177065767286,0.10749332901677784,0.22528469017533734,0.04274703240871915,0.0,20,479789,0.9548536557803141,0.9758782201405152,0.9852830188679246,0.4658837151600364,0.28830387103469746,0.1239202657807309,3.3662686609063866e-05,4.3981826975639394e-05,0.0001868301104072051,0.018373030004310925,0.03688704826496648,0.017799491026263627,0.0055232612669319225,0.07560198337185721,0.06024940129932116,0.04391513769594551,/common/users/shared/pracsys/adaptive_roa_experiments/quadrotor_stoch/q2d_cs_clf_epi_var,0.9849734918290426,0.5660247498751406
clf,corridor_sine_ambient_smooth,clf_epi_var,19,11500,0.000979236796392957,1.0,0.0629175092324812,50.0,0.03722232860648046,0.008977139182967914,0.008977139182967914,0.03315940968803447,0.013343136544553668,0.01352589643891505,0.042607102789377564,0.04233658486059926,0.042336584860599255,0.9593508813249157,0.9582233023266478,0.9624126438913773,-0.03309575126592565,0.017484851827795522,0.00011362125664770282,0.01775536975657383,-0.000669462527737176,0.6443589416291325,0.47407640638119236,0.2529411764705882,0.10477047881955863,0.22528469017533734,0.04274703240871915,0.0,20,479789,0.9516320155122266,0.9814231395980445,0.9944625407166123,0.48708405701210267,0.3125194589545785,0.14489795918367346,3.2505717850195534e-05,4.0664048881938315e-05,0.00021467868743015498,0.017484851827795727,0.03869617686107851,0.01918551696683334,0.006398646071502264,0.07560198337185721,0.06024940129932116,0.04391513769594551,/common/users/shared/pracsys/adaptive_roa_experiments/quadrotor_stoch/q2d_cs_clf_epi_var,0.9848635565221728,0.5870037253744602
clf,corridor_sine_ambient_smooth,clf_epi_var,20,12000,0.0010458948646986479,1.0,0.06703792944033957,50.0,0.03821320535474065,0.00927981418860775,0.00927981418860775,0.0324291702469192,0.013224319651304434,0.01352589643891505,0.042607102789377564,0.04233658486059926,0.042336584860599255,0.9580607308629419,0.9574562984978814,0.9615039110942518,-0.03399643433595153,0.01838117910997817,0.00011910864976625958,0.01865169703875647,-0.0008060496923096468,0.6283888601610401,0.45922746781115886,0.22041195340199227,0.10889089902742392,0.22528469017533734,0.04274703240871915,0.0,20,479789,0.9517762237762237,0.980540785156692,0.9958047292143402,0.4690265486725664,0.29982357214515515,0.1239202657807309,2.353070284575854e-05,3.39230044490866e-05,0.00017190140017187032,0.018381179109978482,0.03725596043260683,0.018422681637136326,0.005464902279960566,0.07560198337185721,0.06024940129932116,0.04391513769594551,/common/users/shared/pracsys/adaptive_roa_experiments/quadrotor_stoch/q2d_cs_clf_epi_var,0.9842354251587342,0.5658322661003131
clf,corridor_sine_ambient_smooth,clf_epi_var,21,12500,0.0009256185020932442,1.0,0.05915357941966469,50.0,0.036344888997674685,0.008489034576534528,0.008489034576534528,0.033444484312229905,0.013601669928603986,0.01352589643891505,0.042607102789377564,0.04233658486059926,0.042336584860599255,0.9605993467961959,0.9594488410530463,0.9633213766885027,-0.03205090107449828,0.016771310979241526,0.0001107384981151184,0.017041828908019828,-0.000609824145662359,0.657598261184568,0.49827221620506473,0.28701077708451506,0.10100654900675918,0.22528469017533734,0.04274703240871915,0.0,20,479789,0.9585995669852669,0.9787255597203931,0.9806201550387597,0.5004548837978662,0.3342097069913862,0.1681063122923588,2.3530702845751685e-05,3.9660207225329944e-05,0.00017890959478926552,0.016771310979241647,0.039469433438448984,0.020573627156937738,0.007528309319304945,0.07560198337185721,0.06024940129932116,0.04391513769594551,/common/users/shared/pracsys/adaptive_roa_experiments/quadrotor_stoch/q2d_cs_clf_epi_var,0.9854371544967295,0.6038577264920151
clf,corridor_sine_ambient_smooth,clf_epi_var,22,13000,0.0010432597524720475,1.0,0.06692948723315788,50.0,0.03838184454421888,0.009155615310530647,0.009155615310530647,0.032273453700592425,0.013358940053506014,0.01352589643891505,0.042607102789377564,0.04233658486059926,0.042336584860599255,0.9580794891087541,0.9573249907771958,0.9612829806435745,-0.033841178495151385,0.018414591014226104,0.00011850913908633602,0.0186851089430044,-0.0008041554563113888,0.6302145575554778,0.4577451733361582,0.21341463414634146,0.10878245682024834,0.22528469017533734,0.04274703240871915,0.0,20,479789,0.9459653383375648,0.9762765476728423,0.9897879025923016,0.47250020676536264,0.2989587297194451,0.11960132890365449,2.384546640515531e-05,2.9842987454948203e-05,0.0001639653918767046,0.018414591014226125,0.03776243306953682,0.018449776881087312,0.005306499315324028,0.07560198337185721,0.06024940129932116,0.04391513769594551,/common/users/shared/pracsys/adaptive_roa_experiments/quadrotor_stoch/q2d_cs_clf_epi_var,0.9840253695982758,0.5650430691360812
clf,corridor_sine_ambient_smooth,clf_epi_var,23,13500,0.00099069088533954,1.0,0.06290596268851263,50.0,0.03768435868025363,0.008821353532093491,0.008821353532093491,0.032671544849460665,0.013735795684402065,0.01352589643891505,0.042607102789377564,0.04233658486059926,0.042336584860599255,0.9589194416712347,0.9576417967064689,0.96185406501608,-0.03294055521305045,0.017829778334921966,0.00011560850460085517,0.018100296263700265,-0.0006566152083101254,0.6399342345633906,0.46545148478392384,0.23671699057469345,0.1047589322756124,0.22528469017533734,0.04274703240871915,0.0,20,479789,0.9484485839605783,0.971027216856892,0.9759284731774416,0.48286604361370716,0.3060850313072958,0.1346938775510204,2.2135534636501436e-05,2.239415076514311e-05,0.0001623431903249405,0.017829778334922157,0.038489836157144075,0.018991681760107047,0.0060609976468822754,0.07560198337185721,0.06024940129932116,0.04391513769594551,/common/users/shared/pracsys/adaptive_roa_experiments/quadrotor_stoch/q2d_cs_clf_epi_var,0.9846337748304219,0.5788564808987384
clf,corridor_sine_ambient_smooth,clf_epi_var_anch,0,2000,0.0023244466669511007,1.0,0.11760459621130905,50.0,0.0468485633418737,0.007758259871142301,0.007758259871142301,0.022390076971629053,0.012294122071714144,0.01352589643891505,0.042607102789377564,0.04233658486059926,0.042336584860599255,0.9448445045634644,0.9492089230891079,0.9587735442038062,-0.03790613957193558,0.02705632632664101,0.00016922567924997482,0.02732684425541932,-0.0006484414334714909,0.47896197995628975,0.30570671529103394,0.13352023830383739,0.15945756579846912,0.22528469017533734,0.04274703240871915,0.0,20,479789,0.8379030035822541,0.8664405684754521,0.8668941979522184,0.3353182808149312,0.18559518455737364,0.07233032747982913,1.9396240943511357e-05,8.446551283185645e-05,0.0014153849745290761,0.02705632632664123,0.030254966245578784,0.012905673118808476,0.0036641106819872904,0.07560198337185721,0.06024940129932116,0.04391513769594551,/common/users/shared/pracsys/adaptive_roa_experiments/quadrotor_stoch/q2d_cs_clf_epi_var_anch,0.9624423573663704,0.36092326729402513
clf,corridor_sine_ambient_smooth,clf_epi_var_anch,1,2500,0.002131984268530931,1.0,0.12420626716249829,50.0,0.04572991591035282,0.009581335170618198,0.009581335170618198,0.024412086147252442,0.010838615108197707,0.01352589643891505,0.042607102789377564,0.04233658486059926,0.042336584860599255,0.9462868052414707,0.9500196961581028,0.9585546980026637,-0.04018537851914549,0.026684091308475922,0.00016829901573287267,0.026954609237254224,-0.0008217425754890977,0.48193788320434205,0.31048363908217835,0.11492411091823564,0.16605923674958653,0.22528469017533734,0.04274703240871915,0.0,20,479789,0.889771377672209,0.9196048373360586,0.9241231209735147,0.33046618697102526,0.1867713702563393,0.061271950640721405,1.6682468648059566e-05,5.4496631385464285e-05,0.0014065231050699955,0.02668409130847622,0.028079009731361078,0.012236629018172572,0.002911696599963734,0.07560198337185721,0.06024940129932116,0.04391513769594551,/common/users/shared/pracsys/adaptive_roa_experiments/quadrotor_stoch/q2d_cs_clf_epi_var_anch,0.9670727573800181,0.3697155451641164
clf,corridor_sine_ambient_smooth,clf_epi_var_anch,2,3000,0.002128117980399616,1.0,0.12869223901696292,50.0,0.0460107150568017,0.011831854619725711,0.011831854619725711,0.026199548923771902,0.009422239113798159,0.01352589643891505,0.042607102789377564,0.04233658486059926,0.042336584860599255,0.9456177611408348,0.9483231170368641,0.9589027676749571,-0.042589651589617764,0.027451528732844625,0.000170947633724275,0.02772204666162292,-0.000517361823708453,0.4569823100936524,0.2601014622500746,0.12783085633404104,0.1705452086040218,0.22528469017533734,0.04274703240871915,0.0,20,479789,0.9322408083552688,0.9467738431457745,0.9395318595578673,0.30267692222865494,0.1507593316497734,0.06858092074038918,1.82988220611823e-05,0.00017060865488977567,0.0014920370349351625,0.027451528732844625,0.02454620677005934,0.009593800608184015,0.0032055757843552062,0.07560198337185721,0.06024940129932116,0.04391513769594551,/common/users/shared/pracsys/adaptive_roa_experiments/quadrotor_stoch/q2d_cs_clf_epi_var_anch,0.9683336357761356,0.3515884943664287
clf,corridor_sine_ambient_smooth,clf_epi_var_anch,3,3500,0.0020089462578775155,1.0,0.12908332622472585,50.0,0.04655431467219341,0.013561290438436813,0.013561290438436813,0.02708526549148056,0.008933198907405106,0.01352589643891505,0.042607102789377564,0.04233658486059926,0.042336584860599255,0.9443317791779303,0.9476957579269221,0.9583337675519864,-0.04413804095508266,0.027981728808575815,0.00017234557825717003,0.02825224673735411,-0.0008308809989797106,0.42813403275880524,0.23697892912523946,0.09840797366166057,0.17093629581177694,0.22528469017533734,0.04274703240871915,0.0,20,479789,0.9583972392638037,0.9786539427423405,0.9891205802357208,0.27563201279188376,0.13481163731968035,0.05177978168011391,2.3615774078029743e-05,0.00014232417158346723,0.0012394042979568607,0.027981728808575676,0.021742891145899553,0.008299481647140722,0.0022989272367644944,0.07560198337185721,0.06024940129932116,0.04391513769594551,/common/users/shared/pracsys/adaptive_roa_experiments/quadrotor_stoch/q2d_cs_clf_epi_var_anch,0.9709626899660248,0.3390650450264082
clf,corridor_sine_ambient_smooth,clf_epi_var_anch,4,4000,0.001955701499995584,1.0,0.12823714765958444,50.0,0.04602953407243457,0.013302880424237185,0.013302880424237185,0.02729220421403442,0.00883008816924687,0.01352589643891505,0.042607102789377564,0.04233658486059926,0.042336584860599255,0.9449924862804274,0.9491380586049284,0.9587777127028756,-0.04354708890523813,0.02757635638929828,0.00017151104360549148,0.027846874318076583,-0.0007709046815037486,0.44200600448221916,0.2726161733583713,0.1168958742632613,0.17009011724662723,0.22528469017533734,0.04274703240871915,0.0,20,479789,0.9481179138321996,0.9851357173632055,0.9871794871794872,0.2881757781269815,0.15819697651087972,0.06212624584717608,2.3879494898065528e-05,0.00017055080645382519,0.0010653441441643467,0.02757635638929832,0.02297885111997149,0.009675086340036975,0.002763714883000652,0.07560198337185721,0.06024940129932116,0.04391513769594551,/common/users/shared/pracsys/adaptive_roa_experiments/quadrotor_stoch/q2d_cs_clf_epi_var_anch,0.9720939810215501,0.34864003603270444
clf,corridor_sine_ambient_smooth,clf_epi_var_anch,5,4500,0.0017587487928749786,1.0,0.11664668267802203,50.0,0.045178886820417694,0.013472906587829151,0.013472906587829151,0.028787063667251474,0.009252689976720156,0.01352589643891505,0.042607102789377564,0.04233658486059926,0.042336584860599255,0.9459699993121976,0.9494194322921118,0.9590903501330793,-0.0427087842231986,0.026515177765095915,0.0001647899261029566,0.02678569569387422,-0.0005072500160810192,0.45657505817244204,0.28137400059224166,0.1298102500443341,0.1584996522650641,0.22528469017533734,0.04274703240871915,0.0,20,479789,0.952755905511811,0.9769689492083077,0.9851951547779273,0.3002233065916798,0.16435465458193518,0.0694826767916469,1.5278793315613e-05,0.0001548364484286703,0.0009795656787347654,0.026515177765096123,0.02382297218152146,0.01013570548720375,0.003097194808551259,0.07560198337185721,0.06024940129932116,0.04391513769594551,/common/users/shared/pracsys/adaptive_roa_experiments/quadrotor_stoch/q2d_cs_clf_epi_var_anch,0.9751235983252923,0.37370532242026944
clf,corridor_sine_ambient_smooth,clf_epi_var_anch,6,5000,0.001742343631451457,1.0,0.11595199967795104,50.0,0.04470262604752937,0.013278594428517471,0.013278594428517471,0.029271462220245556,0.00928730386614124,0.01352589643891505,0.042607102789377564,0.04233658486059926,0.042336584860599255,0.9469412595953638,0.9500030221618253,0.9592529215967852,-0.04231346827871434,0.02589169215645676,0.00016094719303768793,0.02616221008523506,-0.0004520249124144171,0.47174783673299997,0.2968695040450229,0.1354148239872634,0.15780496926498375,0.22528469017533734,0.04274703240871915,0.0,20,479789,0.953767410639369,0.9721635630639278,0.9928664072632944,0.31337358365726575,0.17518248175182483,0.0726625533934504,1.1212388413128023e-05,0.00016745421359898373,0.001104249516241485,0.02589169215645667,0.02484008595445081,0.010856855826206937,0.0032139127824939713,0.07560198337185721,0.06024940129932116,0.04391513769594551,/common/users/shared/pracsys/adaptive_roa_experiments/quadrotor_stoch/q2d_cs_clf_epi_var_anch,0.9748147866429347,0.3884321977856795
clf,corridor_sine_ambient_smooth,clf_epi_var_anch,7,5500,0.001714533080589367,1.0,0.11792011653063872,50.0,0.04599814843579128,0.014902182453869102,0.014902182453869102,0.029465849159167338,0.009020565083570176,0.01352589643891505,0.042607102789377564,0.04233658486059926,0.042336584860599255,0.9449695595355458,0.9481897250666439,0.9582066283303702,-0.043953065180050106,0.02711807345582395,0.00016566136722181909,0.02738859138460224,-0.000654844699477089,0.4376477604310877,0.24823081110506257,0.0924232823390966,0.1597730861176749,0.22528469017533734,0.04274703240871915,0.0,20,479789,0.9621651994755572,0.9867756672276989,0.9970703125,0.28324097813800897,0.14197253260455944,0.04845752254390128,1.667396152483378e-05,0.00010449809886946498,0.0009861628745934938,0.02711807345582391,0.022255616531433608,0.008668393814781081,0.0021342715235238823,0.07560198337185721,0.06024940129932116,0.04391513769594551,/common/users/shared/pracsys/adaptive_roa_experiments/quadrotor_stoch/q2d_cs_clf_epi_var_anch,0.9766038042894386,0.35946478571393903
clf,corridor_sine_ambient_smooth,clf_epi_var_anch,8,6000,0.0017097807740987223,1.0,0.11737632335959527,50.0,0.046025615019414386,0.01495470336699901,0.01495470336699901,0.029549762353209812,0.009098338908847977,0.01352589643891505,0.042607102789377564,0.04233658486059926,0.042336584860599255,0.9451154570029742,0.9481480400759501,0.9580523938648031,-0.043940516779460786,0.02705557511120087,0.00016485469191188692,0.027326093039979165,-0.0006859507631875976,0.43959224499350913,0.24680593399939452,0.08601271571298817,0.15922929294663102,0.22528469017533734,0.04274703240871915,0.0,20,479789,0.9637924598730869,0.9886005335920446,0.9968421052631579,0.2847296887492074,0.14100390908776422,0.044945420028476506,1.6597397415791167e-05,0.00013279959641891888,0.000888835896020597,0.02705557511120087,0.022334818013751877,0.008593360831532195,0.0019800370579567267,0.07560198337185721,0.06024940129932116,0.04391513769594551,/common/users/shared/pracsys/adaptive_roa_experiments/quadrotor_stoch/q2d_cs_clf_epi_var_anch,0.9763533586657696,0.3609410111777752
clf,corridor_sine_ambient_smooth,clf_epi_var_anch,9,6500,0.0016440205756434179,1.0,0.11125005551643931,50.0,0.04469746001288675,0.013517161047481113,0.013517161047481113,0.029688039110260963,0.009641984709651068,0.01352589643891505,0.042607102789377564,0.04233658486059926,0.042336584860599255,0.947412299990204,0.9498404506981194,0.9587964709486878,-0.04218131223160997,0.025629375363749003,0.00015863346697899216,0.025899893292527305,-0.0005363314340704091,0.4795693158144428,0.29288358700123407,0.11843924191750278,0.1531030251034756,0.22528469017533734,0.04274703240871915,0.0,20,479789,0.9522444298820446,0.9721084454846889,0.9800738007380074,0.3204863121329915,0.1724149859895527,0.06302800189843379,2.4262315443278543e-05,9.524915449810708e-05,0.0007417800421715781,0.025629375363748968,0.025444518319511285,0.010685947364362252,0.0028241581195067,0.07560198337185721,0.06024940129932116,0.04391513769594551,/common/users/shared/pracsys/adaptive_roa_experiments/quadrotor_stoch/q2d_cs_clf_epi_var_anch,0.9771658116654672,0.3946281815564887
clf,corridor_sine_ambient_smooth,clf_epi_var_anch,10,7000,0.001626434474813492,1.0,0.10816470809231668,50.0,0.044974675525963646,0.014072476089411935,0.014072476089411935,0.02985299926554288,0.01003433186263382,0.01352589643891505,0.042607102789377564,0.04233658486059926,0.042336584860599255,0.9475561132080977,0.9486586812119494,0.9578627271571462,-0.042574679665948266,0.025828573224440505,0.00015909516806874864,0.02609909115321881,-0.0007274884600278059,0.4800595115096913,0.2603813241255067,0.07807013543709243,0.15001767767936,0.22528469017533734,0.04274703240871915,0.0,20,479789,0.9583367708934907,0.9859026830377444,0.9965075669383003,0.3202381936977918,0.1499982703151486,0.04062648315140009,6.831219951245655e-06,9.029120307903561e-05,0.0006616327483742027,0.025828573224440626,0.02526318860999314,0.0091665294535723,0.0017903703502998192,0.07560198337185721,0.06024940129932116,0.04391513769594551,/common/users/shared/pracsys/adaptive_roa_experiments/quadrotor_stoch/q2d_cs_clf_epi_var_anch,0.9777300023772693,0.38992308166835654
clf,corridor_sine_ambient_smooth,clf_epi_var_anch,11,7500,0.0015777801596052032,1.0,0.10511569943612543,50.0,0.04414719197060799,0.013404051044812425,0.013404051044812425,0.02999157133242768,0.010116174989480585,0.01352589643891505,0.042607102789377564,0.04233658486059926,0.042336584860599255,0.9486107434726515,0.9498446191971888,0.9586755844756758,-0.041718652408282035,0.025046396644098957,0.0001556952950227805,0.02531691457287727,-0.0007026679288850389,0.4957666980244591,0.2901056109504986,0.11268740210337884,0.14696866902316835,0.22528469017533734,0.04274703240871915,0.0,20,479789,0.960079207920792,0.9851733119615308,0.9874509803921568,0.3341603947839991,0.1700972082886498,0.059753203607024206,2.3845466405157696e-05,3.562102637511366e-05,0.0006912396689939938,0.025046396644099026,0.026313650375477553,0.010402489427644235,0.0026574181567313965,0.07560198337185721,0.06024940129932116,0.04391513769594551,/common/users/shared/pracsys/adaptive_roa_experiments/quadrotor_stoch/q2d_cs_clf_epi_var_anch,0.9782821401997888,0.408398274764753
clf,corridor_sine_ambient_smooth,clf_epi_var_anch,12,8000,0.0013999599148020038,1.0,0.09008217634525598,50.0,0.04109969498956623,0.010614715176904712,0.010614715176904712,0.03033425053989123,0.011329303842839209,0.01352589643891505,0.042607102789377564,0.04233658486059926,0.042336584860599255,0.953104385469446,0.9536796383410208,0.9607223175187426,-0.0377268195378548,0.02201440762160174,0.00014212163364125174,0.022284925550380044,-0.0006026418760110008,0.5643587360594795,0.38259806645182803,0.19524277234487766,0.13193514593230737,0.22528469017533734,0.04274703240871915,0.0,20,479789,0.9479024390243902,0.9713640852024263,0.974009373668513,0.4017864527334381,0.2382121977375722,0.10849549121974371,3.3016145243816286e-05,4.488698499440193e-05,0.00045246311712634037,0.02201440762160183,0.032045336595878604,0.014775244951426564,0.004891733657920461,0.07560198337185721,0.06024940129932116,0.04391513769594551,/common/users/shared/pracsys/adaptive_roa_experiments/quadrotor_stoch/q2d_cs_clf_epi_var_anch,0.979783323115996,0.4800145620132541
clf,corridor_sine_ambient_smooth,clf_epi_var_anch,13,8500,0.0014458336187441968,1.0,0.09781275694469184,50.0,0.043310083726959804,0.0127928370552295,0.0127928370552295,0.03055246765782286,0.010610871132485121,0.01352589643891505,0.042607102789377564,0.04233658486059926,0.042336584860599255,0.9496445312418584,0.9510263886833588,0.9590444966433161,-0.04051476415440635,0.02396777555994172,0.00014957567852453925,0.024238293488720027,-0.0006091786980641778,0.5127067365873336,0.320876325905373,0.12875764831072095,0.13966572653174017,0.22528469017533734,0.04274703240871915,0.0,20,479789,0.9551363943788983,0.975228390723823,0.9784366576819407,0.3503983679320707,0.1920296122046563,0.06891314665401044,8.507123226955116e-08,2.2560890794739548e-05,0.00045804472817476214,0.023967775559941708,0.027735108558137014,0.01186354835146283,0.0030930263094818763,0.07560198337185721,0.06024940129932116,0.04391513769594551,/common/users/shared/pracsys/adaptive_roa_experiments/quadrotor_stoch/q2d_cs_clf_epi_var_anch,0.9801364883221162,0.43387555612102646
clf,corridor_sine_ambient_smooth,clf_epi_var_anch,14,9000,0.001454574392538709,1.0,0.09439101065375774,50.0,0.042551462653789895,0.012050378881351293,0.012050378881351293,0.03049124199350903,0.011032213126342713,0.01352589643891505,0.042607102789377564,0.04233658486059926,0.042336584860599255,0.9510972531675382,0.9515766305605172,0.95925500584632,-0.03956650609918169,0.023244534586370037,0.0001465571359243269,0.023515052515148342,-0.0006511871620714857,0.5346212587024218,0.3342407656818638,0.13664267102415759,0.13624398024080916,0.22528469017533734,0.04274703240871915,0.0,20,479789,0.9528421945701357,0.9736227045075125,0.9834710743801653,0.3715435723540926,0.2017504410696371,0.073421926910299,3.3339415926440615e-05,5.3472373754137386e-05,0.0005097088025978627,0.023244534586370026,0.029479625418673626,0.012484654712800835,0.0032785245180694013,0.07560198337185721,0.06024940129932116,0.04391513769594551,/common/users/shared/pracsys/adaptive_roa_experiments/quadrotor_stoch/q2d_cs_clf_epi_var_anch,0.9794326958828261,0.450958676451896
clf,corridor_sine_ambient_smooth,clf_epi_var_anch,15,9500,0.001351765987621983,1.0,0.0912194285572256,50.0,0.04209990256257842,0.012153522761790143,0.012153522761790143,0.03125240130076248,0.01086464358270753,0.01352589643891505,0.042607102789377564,0.04233658486059926,0.042336584860599255,0.9513119308696114,0.9523686453836999,0.9599886616825313,-0.039160853942865614,0.02286606422990161,0.0001445423535130144,0.02313658215867992,-0.0003716420917253063,0.5369305792332395,0.35295450041054394,0.16921279266023284,0.1330723981442708,0.22528469017533734,0.04274703240871915,0.0,20,479789,0.9555492838495732,0.9720835932626326,0.9597447226313206,0.3733631075455573,0.2156225135780261,0.0927859515899383,2.5087506396293275e-05,3.926888081384992e-05,0.0003655185842849838,0.022866064229901666,0.029540068655179674,0.01336420801644056,0.004245616302166161,0.07560198337185721,0.06024940129932116,0.04391513769594551,/common/users/shared/pracsys/adaptive_roa_experiments/quadrotor_stoch/q2d_cs_clf_epi_var_anch,0.981435197043865,0.4598982344657181
clf,corridor_sine_ambient_smooth,clf_epi_var_anch,16,10000,0.0013817422558300143,1.0,0.09117902588578684,50.0,0.04236161517695781,0.01208019823680681,0.01208019823680681,0.031000325055827102,0.011143820503486692,0.01352589643891505,0.042607102789377564,0.04233658486059926,0.042336584860599255,0.9513160993686808,0.952172725927439,0.9593592183230545,-0.03927026842872129,0.022806849435599685,0.00014298214310277588,0.02307736736437798,-0.0006096086059792921,0.537703360646004,0.3475219653672268,0.1410510550196027,0.1330319954728402,0.22528469017533734,0.04274703240871915,0.0,20,479789,0.9530625131551252,0.97588629830725,0.9816063764561619,0.3744934248614672,0.21140208254056111,0.07598481252966303,1.4827915784584047e-05,4.031355554296916e-05,0.0004796624350300984,0.022806849435599835,0.029706808617954977,0.013051570586236867,0.0033994109910814962,0.07560198337185721,0.06024940129932116,0.04391513769594551,/common/users/shared/pracsys/adaptive_roa_experiments/quadrotor_stoch/q2d_cs_clf_epi_var_anch,0.980485620414341,0.4612969017058107
clf,corridor_sine_ambient_smooth,clf_epi_var_anch,17,10500,0.0013036393523414328,1.0,0.08563111710925693,50.0,0.041104785306902224,0.011203867311703855,0.011203867311703855,0.03140323537381364,0.01168060450882336,0.01352589643891505,0.042607102789377564,0.04233658486059926,0.042336584860599255,0.9535608361175434,0.9536066896073065,0.9597552257346459,-0.03787903292176965,0.02150390780119471,0.00013649737615598572,0.021774425729973016,-0.0006333089972947632,0.569007872797261,0.3802656123841078,0.15522597016231351,0.12748408669631178,0.22528469017533734,0.04274703240871915,0.0,20,479789,0.9535788381742739,0.9741797432239657,0.9927252378287633,0.4054806605464119,0.23624035700695334,0.08419553868058852,1.5006565372350338e-05,4.05517549945237e-05,0.0004112636141701769,0.021503907801194856,0.03214746482307848,0.014610589238185952,0.0037245539184933376,0.07560198337185721,0.06024940129932116,0.04391513769594551,/common/users/shared/pracsys/adaptive_roa_experiments/quadrotor_stoch/q2d_cs_clf_epi_var_anch,0.9813958439997852,0.4920726867318147
clf,corridor_sine_ambient_smooth,clf_epi_var_anch,18,11000,0.0013033860721559857,1.0,0.08575273528144003,50.0,0.041811791996893055,0.011954408330156931,0.011954408330156931,0.031554872714150854,0.011586788975735911,0.01352589643891505,0.042607102789377564,0.04233658486059926,0.042336584860599255,0.9521101984413982,0.9523853193799775,0.9592258263528343,-0.038643773867329076,0.022161722849015637,0.0001388703898893405,0.02243224077779395,-0.0005743976275896893,0.5486298006089775,0.3523374819266861,0.13617697708305734,0.1276057048684968,0.22528469017533734,0.04274703240871915,0.0,20,479789,0.9543466375068343,0.9761231542569903,0.9778059606848446,0.38496953656990046,0.21496523333448644,0.07318462268628381,2.4279329689732453e-05,4.126975619572428e-05,0.00035604476156759655,0.02216172284901589,0.030496739191602975,0.01326833253784476,0.0032868615162081664,0.07560198337185721,0.06024940129932116,0.04391513769594551,/common/users/shared/pracsys/adaptive_roa_experiments/quadrotor_stoch/q2d_cs_clf_epi_var_anch,0.98181797138176,0.4765349420132243
clf,corridor_sine_ambient_smooth,clf_epi_var_anch,19,11500,0.0013193107910909703,1.0,0.0890468382318547,50.0,0.04219601665573733,0.01242007587004889,0.01242007587004889,0.031610520413784336,0.011100552009502643,0.01352589643891505,0.042607102789377564,0.04233658486059926,0.042336584860599255,0.9511827073984606,0.9524415941174141,0.9594405040549074,-0.03931961778219997,0.02257779566016236,0.00014102259671585366,0.022848313588940662,-0.0005683446567014555,0.5344649387820003,0.35319462554566583,0.14333509420672652,0.13089980781890662,0.22528469017533734,0.04274703240871915,0.0,20,479789,0.9576892941092671,0.9778684664887772,0.9890643985419199,0.3706613734733824,0.21551873248694087,0.07726625533934504,2.3556224215441165e-05,3.8887761690707756e-05,0.0003474800305602019,0.022577795660162374,0.02926077921753104,0.013278753785518217,0.0034306747341018655,0.07560198337185721,0.06024940129932116,0.04391513769594551,/common/users/shared/pracsys/adaptive_roa_experiments/quadrotor_stoch/q2d_cs_clf_epi_var_anch,0.9819839078478131,0.4667072052574913
clf,corridor_sine_ambient_smooth,clf_epi_var_anch,20,12000,0.001299088782976487,1.0,0.08661861896023824,50.0,0.041562500559811956,0.012200700593796314,0.012200700593796314,0.03196072160379489,0.011296957784927182,0.01352589643891505,0.042607102789377564,0.04233658486059926,0.042336584860599255,0.9525749860876344,0.9529188872608584,0.9595947385204746,-0.03888343385541607,0.021992356660875498,0.00013819884900864867,0.0222628745896538,-0.0005842071897251902,0.5525974281332338,0.36219894400993874,0.14891562033541136,0.12847158854728846,0.22528469017533734,0.04274703240871915,0.0,20,479789,0.9634556050737059,0.9852534562211982,0.9929742388758782,0.38739558349185343,0.22188397274016675,0.08049359278595158,2.5266155984059336e-05,3.9602360043146275e-05,0.0003823458089353658,0.02199235666087556,0.030398779463472483,0.013568464470840307,0.0035598982052527255,0.07560198337185721,0.06024940129932116,0.04391513769594551,/common/users/shared/pracsys/adaptive_roa_experiments/quadrotor_stoch/q2d_cs_clf_epi_var_anch,0.9821247080678018,0.48053541084409035
clf,corridor_sine_ambient_smooth,clf_epi_var_anch,21,12500,0.0012913807731732387,1.0,0.08564093442991554,50.0,0.04195562640569837,0.012193752262278394,0.012193752262278394,0.0315494132858968,0.011591284539381557,0.01352589643891505,0.042607102789377564,0.04233658486059926,0.042336584860599255,0.952151883432092,0.9519121947356025,0.9592028996079527,-0.038927971260779556,0.022296574102199315,0.00013958239682300742,0.02256709203097762,-0.0006843497347815419,0.5469937052311699,0.3399702483121639,0.13328019837052782,0.12749390401698066,0.22528469017533734,0.04274703240871915,0.0,20,479789,0.9622327131352402,0.9823111258059183,0.9940554821664465,0.3821023902075924,0.20555574774276128,0.07142857142857142,1.6648440155146994e-05,2.128141941424625e-05,0.00033474383024251176,0.022296574102199394,0.03002153029769336,0.012607625435347622,0.003155553795522615,0.07560198337185721,0.06024940129932116,0.04391513769594551,/common/users/shared/pracsys/adaptive_roa_experiments/quadrotor_stoch/q2d_cs_clf_epi_var_anch,0.9822718103044629,0.47334972398896236
clf,corridor_sine_ambient_smooth,clf_epi_var_anch,22,13000,0.0010976835210717258,1.0,0.07198249104403355,50.0,0.03970716856643162,0.010963163176785248,0.010963163176785248,0.032751039357854755,0.012713015902570866,0.01352589643891505,0.042607102789377564,0.04233658486059926,0.042336584860599255,0.9560535985610341,0.9543340926949138,0.9599094602002131,-0.0362783093592806,0.01991456882878872,0.0001262566784901379,0.020185086757567024,-0.000634139850741032,0.6000037941304801,0.3948516820416506,0.1634410472752577,0.11383546063110421,0.22528469017533734,0.04274703240871915,0.0,20,479789,0.9619221411192214,0.9793122345526785,0.9771190847633905,0.43597165936095716,0.2472757463590134,0.08917892738490746,5.529630097519315e-07,2.39220304731294e-05,0.00018345362572622445,0.019914568828788674,0.03426506235032483,0.015212937353711736,0.004008011855211354,0.07560198337185721,0.06024940129932116,0.04391513769594551,/common/users/shared/pracsys/adaptive_roa_experiments/quadrotor_stoch/q2d_cs_clf_epi_var_anch,0.9845895379723244,0.5296132436198862
clf,corridor_sine_ambient_smooth,clf_epi_var_anch,23,13500,0.0012241791096945947,1.0,0.0814630437732511,50.0,0.041288441597072276,0.012015914093778536,0.012015914093778536,0.0321198847929624,0.011866309110426014,0.01352589643891505,0.042607102789377564,0.04233658486059926,0.042336584860599255,0.9534316126463924,0.9524999531043855,0.9592737640921322,-0.03826788917483765,0.02162135915662642,0.00013571589786232042,0.021891877085404732,-0.0006112550047889694,0.5644214835753972,0.3541713897075493,0.13776365722354603,0.12331601336031062,0.22528469017533734,0.04274703240871915,0.0,20,479789,0.9636533084808947,0.9793135872120358,0.9805276381909548,0.3990847186612632,0.2161760127304805,0.07408637873754152,1.659739741579081e-05,2.8243649076355086e-05,0.00024629015026634594,0.021621359156626514,0.03130959651013258,0.01329959628086513,0.0033181252592285357,0.07560198337185721,0.06024940129932116,0.04391513769594551,/common/users/shared/pracsys/adaptive_roa_experiments/quadrotor_stoch/q2d_cs_clf_epi_var_anch,0.983364001561856,0.4892984583471105
clf,corridor_sine_ambient_smooth,clf_yield,0,2000,0.0023244466669511007,1.0,0.11760459621130905,50.0,0.0468485633418737,0.007758259871142301,0.007758259871142301,0.022390076971629053,0.012294122071714144,0.01352589643891505,0.042607102789377564,0.04233658486059926,0.042336584860599255,0.9448445045634644,0.9492089230891079,0.9587735442038062,-0.03790613957193558,0.02705632632664101,0.00016922567924997482,0.02732684425541932,-0.0006484414334714909,0.47896197995628975,0.30570671529103394,0.13352023830383739,0.15945756579846912,0.22528469017533734,0.04274703240871915,0.0,20,479789,0.8379030035822541,0.8664405684754521,0.8668941979522184,0.3353182808149312,0.18559518455737364,0.07233032747982913,1.9396240943511357e-05,8.446551283185645e-05,0.0014153849745290761,0.02705632632664123,0.030254966245578784,0.012905673118808476,0.0036641106819872904,0.07560198337185721,0.06024940129932116,0.04391513769594551,/common/users/shared/pracsys/adaptive_roa_experiments/quadrotor_stoch/q2d_cs_clf_yield,0.9624423573663704,0.36092326729402513
clf,corridor_sine_ambient_smooth,clf_yield,1,2500,0.0022367777971933735,1.0,0.13924568937803208,50.0,0.04807769374678376,0.012761854757250722,0.012761854757250722,0.02467209118906948,0.008990009972770142,0.01352589643891505,0.042607102789377564,0.04233658486059926,0.042336584860599255,0.9421683281609208,0.9470975783104656,0.9574688039950895,-0.044634100679731385,0.02957245822994459,0.00018114701379399594,0.029842976158722893,-0.0008538901988359125,0.401191272633101,0.22535555148629677,0.06205184776613349,0.18109865896510394,0.22528469017533734,0.04274703240871915,0.0,20,479789,0.9235890302066773,0.9567245400362788,0.9839650145772595,0.2562512061312822,0.12771992942885807,0.03203607024205031,2.3870987774838032e-05,6.479705618399747e-05,0.0014033249329159735,0.029572458229944948,0.020975887317133155,0.008043118954373693,0.001429795180798226,0.07560198337185721,0.06024940129932116,0.04391513769594551,/common/users/shared/pracsys/adaptive_roa_experiments/quadrotor_stoch/q2d_cs_clf_yield,0.9672247865968026,0.3014916454098229
clf,corridor_sine_ambient_smooth,clf_yield,2,3000,0.0021964151574462836,1.0,0.13833990841949093,50.0,0.04843551122066471,0.013002451826745264,0.013002451826745264,0.024685963397313788,0.008845386236314725,0.01352589643891505,0.042607102789377564,0.04233658486059926,0.042336584860599255,0.9411949836282199,0.9467766038821231,0.9579210861441175,-0.04491670308553553,0.029634207107060648,0.00017978443310814947,0.029904725035838933,-0.001018866182970108,0.381434710163992,0.21461524266469825,0.08302675205523004,0.18019287800656905,0.22528469017533734,0.04274703240871915,0.0,20,479789,0.9314701788200022,0.9672858331023011,0.9651531151003168,0.23982025197805532,0.12069740893209258,0.04337921214997627,2.227164860816991e-05,3.201400612402762e-05,0.0013978993057599594,0.029634207107060682,0.01946480640448197,0.007517888071631488,0.001973784309352653,0.07560198337185721,0.06024940129932116,0.04391513769594551,/common/users/shared/pracsys/adaptive_roa_experiments/quadrotor_stoch/q2d_cs_clf_yield,0.9674090569483806,0.30003312254314907
clf,corridor_sine_ambient_smooth,clf_yield,3,3500,0.002018475046555991,1.0,0.13917904845596502,50.0,0.04746444944977261,0.014768545881175528,0.014768545881175528,0.027167937556072157,0.00789877894172001,0.01352589643891505,0.042607102789377564,0.04233658486059926,0.042336584860599255,0.9419536504588475,0.9477145161727343,0.958667247477537,-0.04555209813553315,0.029202097940594664,0.00017840877506622582,0.029472615869372963,-0.0007350952451079737,0.3850468115173997,0.23560241330976903,0.1124289486640111,0.18103201804299754,0.22528469017533734,0.04274703240871915,0.0,20,479789,0.9671658347199112,0.9884939913065712,0.9866457187745483,0.24037162627849915,0.1337392327117999,0.059610821072615096,1.6886639605507684e-05,4.646590706544814e-05,0.0012893916967580325,0.02920209794059467,0.01878950955524199,0.008151499930177641,0.002653249657662014,0.07560198337185721,0.06024940129932116,0.04391513769594551,/common/users/shared/pracsys/adaptive_roa_experiments/quadrotor_stoch/q2d_cs_clf_yield,0.9712965721790783,0.31023964174843643
clf,corridor_sine_ambient_smooth,clf_yield,4,4000,0.0018475896436421513,1.0,0.12821768082480461,50.0,0.046014856980283014,0.013918446194993956,0.013918446194993956,0.0281817060374093,0.00871743119880614,0.01352589643891505,0.042607102789377564,0.04233658486059926,0.042336584860599255,0.9451071200048354,0.9490380146272632,0.9587401962112512,-0.04385301703585446,0.02733374656791291,0.0001683929890208647,0.02760426449669123,-0.0007395784502709918,0.4427329087408223,0.2700976148541747,0.11419366386253803,0.17007065041183259,0.22528469017533734,0.04274703240871915,0.0,20,479789,0.9521295959228249,0.985191637630662,0.9984350547730829,0.28842389656218126,0.15650188535648804,0.060560037968675845,1.1909972517738414e-05,7.084732223404776e-05,0.001119388625471349,0.027333746567913094,0.02290173388718791,0.00957087386330241,0.0026636709053354706,0.07560198337185721,0.06024940129932116,0.04391513769594551,/common/users/shared/pracsys/adaptive_roa_experiments/quadrotor_stoch/q2d_cs_clf_yield,0.973845860773841,0.3543705365486106
clf,corridor_sine_ambient_smooth,clf_yield,5,4500,0.0017939252913180643,1.0,0.12942970136227566,50.0,0.04720722282817641,0.01591494138748462,0.01591494138748462,0.028884970571492842,0.008424211620905996,0.01352589643891505,0.042607102789377564,0.04233658486059926,0.042336584860599255,0.9431145774496705,0.9471079995581391,0.9573937710118406,-0.045492763940822904,0.02861744823348684,0.00017346441958599108,0.028887966162265136,-0.000749107443104205,0.4059895096524256,0.21967344177608317,0.05831951354339414,0.17128267094930033,0.22528469017533734,0.04274703240871915,0.0,20,479789,0.9641306594996899,0.9883785279468733,0.9921630094043887,0.2571334050119924,0.1235686857854499,0.030042714760322733,2.0953044507992656e-05,6.482087613990914e-05,0.0007949626421895802,0.028617448233486813,0.020163029998603553,0.007532477818374327,0.001329751203133044,0.07560198337185721,0.06024940129932116,0.04391513769594551,/common/users/shared/pracsys/adaptive_roa_experiments/quadrotor_stoch/q2d_cs_clf_yield,0.9759821642462742,0.3240492040698397
clf,corridor_sine_ambient_smooth,clf_yield,6,5000,0.0015347630817901766,1.0,0.10706481965547648,50.0,0.042158016152669196,0.011380991451199376,0.011380991451199376,0.029968527187037585,0.010238471145454259,0.01352589643891505,0.042607102789377564,0.04233658486059926,0.042336584860599255,0.9517996452607292,0.9535316566240577,0.9599615664385803,-0.03950285503125045,0.02313927717883338,0.0001473695169937519,0.023409795107611674,-0.0006097719459276819,0.5456938550997956,0.3790904280502409,0.16724466793826945,0.1489177892424947,0.22528469017533734,0.04274703240871915,0.0,20,479789,0.9492857631057344,0.9722857142857143,0.9654654654654654,0.382901882943236,0.2354447019753001,0.09155196962505932,4.843105253106056e-05,6.650868938834144e-05,0.0006189310759783252,0.023139277178833368,0.030494654942068284,0.01458974674283904,0.0041643305703132,0.07560198337185721,0.06024940129932116,0.04391513769594551,/common/users/shared/pracsys/adaptive_roa_experiments/quadrotor_stoch/q2d_cs_clf_yield,0.9780300676296071,0.4534448809457926
clf,corridor_sine_ambient_smooth,clf_yield,7,5500,0.0015140088221658112,1.0,0.10219168126139863,50.0,0.04325529122438222,0.012057832069385968,0.012057832069385968,0.029938027287902107,0.010559630949647103,0.01352589643891505,0.042607102789377564,0.04233658486059926,0.042336584860599255,0.9497508279681277,0.9518184035065415,0.9588923464272837,-0.0402112563863233,0.023869003056661314,0.0001489496770319516,0.02413952098543962,-0.000587386585421807,0.5170762974981472,0.34126463967172943,0.12517187846529165,0.1440446508484415,0.22528469017533734,0.04274703240871915,0.0,20,479789,0.9455677655677656,0.967992240543162,0.9566101694915254,0.35582940479144265,0.20714705780606774,0.06696725201708591,1.6648440155152815e-05,2.7750235965207443e-05,0.000661919380592366,0.023869003056661366,0.028450006148536128,0.012893167621600329,0.003074268063669655,0.07560198337185721,0.06024940129932116,0.04391513769594551,/common/users/shared/pracsys/adaptive_roa_experiments/quadrotor_stoch/q2d_cs_clf_yield,0.9783031464611552,0.4362085856652288
clf,corridor_sine_ambient_smooth,clf_yield,8,6000,0.0015407151405122637,1.0,0.10103700035673696,50.0,0.04329684596980029,0.012531491817146427,0.012531491817146427,0.030249236981807415,0.010741891079315393,0.01352589643891505,0.042607102789377564,0.04233658486059926,0.042336584860599255,0.9502218683629678,0.9507512677447795,0.9583650312950067,-0.040615371235944046,0.02384867067781516,0.00014839611658509164,0.024119188606593463,-0.0007701690181231152,0.5215841028825544,0.31269088687861774,0.10034228067014951,0.1428899699437751,0.22528469017533734,0.04274703240871915,0.0,20,479789,0.9539126611957796,0.9822733918128655,0.982363315696649,0.35891710087392825,0.18594112152765765,0.052871381110583766,2.304579682182383e-05,5.6545146664242215e-05,0.0007714313201888566,0.023848670677815202,0.028445837649466746,0.011405013453830746,0.0023635389723399244,0.07560198337185721,0.06024940129932116,0.04391513769594551,/common/users/shared/pracsys/adaptive_roa_experiments/quadrotor_stoch/q2d_cs_clf_yield,0.977966779891979,0.43668884119158036
clf,corridor_sine_ambient_smooth,clf_yield,9,6500,0.0014794485071530788,1.0,0.10161736713719138,50.0,0.0421630857125265,0.011775687006058216,0.011775687006058216,0.03056151603941477,0.010358369452190897,0.01352589643891505,0.042607102789377564,0.04233658486059926,0.042336584860599255,0.9514349015921583,0.9536046053577718,0.9597093722448826,-0.039660989083692116,0.02288087220298529,0.000144974525297701,0.023151390131763597,-0.0006698836242574127,0.5392236350333207,0.3785594639865996,0.15315196915932885,0.1434703367242158,0.22528469017533734,0.04274703240871915,0.0,20,479789,0.9536933407946279,0.9807608852885867,0.9948776323278316,0.3758718606125768,0.23454526585256166,0.08296155671570954,1.4827915784584327e-05,2.0202716239167365e-05,0.0007262564993384904,0.02288087220298545,0.0297964313479467,0.014408417033320898,0.003662026432452599,0.07560198337185721,0.06024940129932116,0.04391513769594551,/common/users/shared/pracsys/adaptive_roa_experiments/quadrotor_stoch/q2d_cs_clf_yield,0.9789656420800529,0.45954846669081517
clf,corridor_sine_ambient_smooth,clf_yield,10,7000,0.0012914712981413358,1.0,0.08294313096298297,50.0,0.03924443213579418,0.009520302491854135,0.009520302491854135,0.031238939390366337,0.011970517516957694,0.01352589643891505,0.042607102789377564,0.04233658486059926,0.042336584860599255,0.9559743970787159,0.9563829099875153,0.9611975264126522,-0.035820238949476536,0.01992245426430833,0.00012998193466995898,0.020192972193086644,-0.0006954936977787186,0.6027644569816644,0.43893938175286196,0.21271197192032815,0.12479610055002512,0.22528469017533734,0.04274703240871915,0.0,20,479789,0.9481718139865105,0.9754528122020972,0.975941016686069,0.4418162269456621,0.28318400387449405,0.1193640246796393,3.6453023027506515e-05,3.743814789665098e-05,0.0005667992433124585,0.019922454264308304,0.035227985635352205,0.017491022095129316,0.005371111050899458,0.07560198337185721,0.06024940129932116,0.04391513769594551,/common/users/shared/pracsys/adaptive_roa_experiments/quadrotor_stoch/q2d_cs_clf_yield,0.9803966629219368,0.5294269877953888
clf,corridor_sine_ambient_smooth,clf_yield,11,7500,0.0012754835538975973,1.0,0.086941502926783,50.0,0.040287896451453954,0.01091348459647984,0.01091348459647984,0.03177674780356467,0.011359218384013525,0.01352589643891505,0.042607102789377564,0.04233658486059926,0.042336584860599255,0.9543507666911913,0.9553720489631901,0.9602137606322779,-0.037511962720498004,0.020819725879657025,0.0001335673408314009,0.02109024380843531,-0.0006535957738574259,0.579761310871484,0.41697979632957577,0.1734574583243126,0.1287944725138144,0.22528469017533734,0.04274703240871915,0.0,20,479789,0.9534869043862417,0.9792812380099757,0.9891358024691358,0.41650814655528906,0.2648839381464697,0.0950640721404841,2.3845466405157696e-05,3.6362847520889456e-05,0.0003833703507640231,0.020819725879657046,0.03302493387718351,0.016296747111751206,0.004220605307749865,0.07560198337185721,0.06024940129932116,0.04391513769594551,/common/users/shared/pracsys/adaptive_roa_experiments/quadrotor_stoch/q2d_cs_clf_yield,0.9818670357635222,0.5082332231518041
clf,corridor_sine_ambient_smooth,clf_yield,12,8000,0.0012335189690216833,1.0,0.08343399727852832,50.0,0.04086307539485838,0.011411463126241146,0.011411463126241146,0.032014569790517734,0.011740205416343795,0.01352589643891505,0.042607102789377564,0.04233658486059926,0.042336584860599255,0.9542423857153874,0.9536733855924167,0.9595488850307115,-0.03780462852074163,0.021123537115485005,0.0001331468034120565,0.021394055044263307,-0.0006099410808376692,0.5782780744554151,0.38053565954126134,0.14757554462403372,0.12528696686557364,0.22528469017533734,0.04274703240871915,0.0,20,479789,0.9535635096610706,0.9789217092056208,0.9893992932862191,0.41496429851404626,0.23617116961289653,0.07973421926910298,2.5989261458350438e-05,3.927228365991772e-05,0.00032491042545240755,0.021123537115485154,0.032899878905102035,0.014535556254937066,0.0035390557099058127,0.07560198337185721,0.06024940129932116,0.04391513769594551,/common/users/shared/pracsys/adaptive_roa_experiments/quadrotor_stoch/q2d_cs_clf_yield,0.9824864218952827,0.5010571309651448
clf,corridor_sine_ambient_smooth,clf_yield,13,8500,0.0011775257493587114,1.0,0.07732564141188647,50.0,0.039900549887210174,0.010488557215731652,0.010488557215731652,0.03213016407756162,0.012443889114111916,0.01352589643891505,0.042607102789377564,0.04233658486059926,0.042336584860599255,0.956101536300332,0.9548509865795173,0.9597948264758049,-0.03631783735502962,0.01999955331154626,0.00012656897264887274,0.02027007124032456,-0.0006954246872230355,0.6037700353675972,0.40700793868053653,0.15786256875927707,0.11917861099894293,0.22528469017533734,0.04274703240871915,0.0,20,479789,0.9504827341112362,0.9752066115702479,0.9847494553376906,0.4423951699611281,0.2571695437091362,0.0858092074038918,3.67507723404498e-05,2.7699193209740464e-05,0.00032417864010715505,0.01999955331154663,0.03518838489419307,0.015888234202951716,0.003826682145693211,0.07560198337185721,0.06024940129932116,0.04391513769594551,/common/users/shared/pracsys/adaptive_roa_experiments/quadrotor_stoch/q2d_cs_clf_yield,0.9826495510825864,0.5276058903334231
clf,corridor_sine_ambient_smooth,clf_yield,14,9000,0.0011116963695724695,1.0,0.07294549438534399,50.0,0.038727206433343014,0.009860293924352434,0.009860293924352434,0.032590480970345996,0.012504336163367595,0.01352589643891505,0.042607102789377564,0.04233658486059926,0.042336584860599255,0.9572353680472041,0.9565163019577356,0.9607681710085059,-0.03512500486683413,0.01901578323253282,0.00012213672955303735,0.019286301161311126,-0.0005906145820728757,0.618425946589303,0.44191209908247064,0.19714224781403286,0.11479846397239699,0.22528469017533734,0.04274703240871915,0.0,20,479789,0.9501685810617749,0.9745162812647475,0.9730526315789474,0.45838502467399994,0.28574393745459575,0.10968201233981965,3.676778658690385e-05,4.406689830939759e-05,0.00029936209394438646,0.019015783232532855,0.036472282607562904,0.017666099056043386,0.004950092644891817,0.07560198337185721,0.06024940129932116,0.04391513769594551,/common/users/shared/pracsys/adaptive_roa_experiments/quadrotor_stoch/q2d_cs_clf_yield,0.983348550534832,0.5508427688452984
clf,corridor_sine_ambient_smooth,clf_yield,15,9500,0.0011777506712726978,1.0,0.07742034598163962,50.0,0.03952986034844272,0.01025677817470342,0.01025677817470342,0.032111464769175535,0.012139685081556119,0.01352589643891505,0.042607102789377564,0.04233658486059926,0.042336584860599255,0.9557305398831569,0.9561036205498668,0.9606931380252569,-0.03604668587313169,0.019852819599589466,0.00012743471858111665,0.020123337528367768,-0.0006290786665376809,0.5979557069846678,0.43352430135291425,0.19202262113876867,0.11927331556869494,0.22528469017533734,0.04274703240871915,0.0,20,479789,0.9539771697771335,0.9742504835589942,0.9867899603698811,0.4354478537755355,0.2787906043518871,0.10635975320360702,3.3977450168459364e-05,4.116426781587346e-05,0.00031367612614617666,0.019852819599589597,0.03450891954588371,0.01724091215096636,0.0047333306932839225,0.07560198337185721,0.06024940129932116,0.04391513769594551,/common/users/shared/pracsys/adaptive_roa_experiments/quadrotor_stoch/q2d_cs_clf_yield,0.982726816381496,0.5310717748028471
clf,corridor_sine_ambient_smooth,clf_yield,16,10000,0.0011603676449548448,1.0,0.07784873094731344,50.0,0.03974781977829962,0.010825465137514898,0.010825465137514898,0.03243918625543917,0.011882965110680129,0.01352589643891505,0.042607102789377564,0.04233658486059926,0.042336584860599255,0.9552532467397127,0.9557347083822264,0.9607452442636242,-0.03665091741614364,0.020133010066105957,0.00012870794475300035,0.02040352799488426,-0.0005898536765690313,0.5899184382938895,0.42406985573272593,0.1938190223439774,0.1197017005343666,0.22528469017533734,0.04274703240871915,0.0,20,479789,0.9603233830845771,0.9811770611118082,0.987783595113438,0.42571609737270144,0.27048811706507075,0.10745135263407689,3.2871524148956515e-05,3.941520331209544e-05,0.0002491111309895738,0.02013301006610613,0.03351473251783597,0.016609384541954902,0.00477709993351244,0.07560198337185721,0.06024940129932116,0.04391513769594551,/common/users/shared/pracsys/adaptive_roa_experiments/quadrotor_stoch/q2d_cs_clf_yield,0.9835949962444517,0.5244536106916162
clf,corridor_sine_ambient_smooth,clf_yield,17,10500,0.0010292046941410761,1.0,0.06564374653421881,50.0,0.0376829073988951,0.008742855876048092,0.008742855876048092,0.032726241512246936,0.013270276785012672,0.01352589643891505,0.042607102789377564,0.04233658486059926,0.042336584860599255,0.9587881339505491,0.95807323636015,0.9617102517981863,-0.03311808660341199,0.01781950716644744,0.00011490682770357121,0.01809002509522574,-0.0005336920579529815,0.6400655319923545,0.47609125950619857,0.23399908268356753,0.10749671612129343,0.22528469017533734,0.04274703240871915,0.0,20,479789,0.9420748044153896,0.963220571187691,0.9632681084792311,0.4846855788051719,0.31618639083958905,0.13317513051732321,3.708255014630098e-05,4.6261735876743685e-05,0.00023947024525766946,0.017819507166447684,0.03889626481640888,0.019777443834685663,0.006071418894555732,0.07560198337185721,0.06024940129932116,0.04391513769594551,/common/users/shared/pracsys/adaptive_roa_experiments/quadrotor_stoch/q2d_cs_clf_yield,0.9838577470134143,0.5790990882915723
clf,corridor_sine_ambient_smooth,clf_yield,18,11000,0.0009830844429119983,1.0,0.061340125365833394,50.0,0.03587999292169681,0.00755177797677558,0.00755177797677558,0.03263172289061167,0.013619076111496509,0.01352589643891505,0.042607102789377564,0.04233658486059926,0.042336584860599255,0.9607827607552487,0.9609411637198852,0.9635527283868534,-0.03111687386609221,0.016492121785139143,0.00011063575890083872,0.016762639713917442,-0.0007645181616240324,0.6650646160418671,0.5281736240495494,0.2949074634087335,0.10319309495291024,0.22528469017533734,0.04274703240871915,0.0,20,479789,0.9385079125847777,0.9702155212283785,0.9801661752881266,0.515011165329584,0.36285328813090256,0.1735643094447081,4.542803803194404e-05,4.462496549297061e-05,0.0002349623503705134,0.01649212178513922,0.041486986988030154,0.02253282171954755,0.007776335013933208,0.07560198337185721,0.06024940129932116,0.04391513769594551,/common/users/shared/pracsys/adaptive_roa_experiments/quadrotor_stoch/q2d_cs_clf_yield,0.9839194155863875,0.6104522403155004
clf,corridor_sine_ambient_smooth,clf_yield,19,11500,0.0008557469317609706,1.0,0.05585786737513701,50.0,0.0343764978621291,0.007254486413129457,0.007254486413129457,0.033575365937066254,0.013417626262353115,0.01352589643891505,0.042607102789377564,0.04233658486059926,0.042336584860599255,0.9623438636567324,0.9618957500067739,0.9652534760071615,-0.02996982717613549,0.015465083808341783,0.00010505109332459705,0.01573560173712009,-0.00055062152832068,0.6807555704769142,0.5435661856493733,0.3514491344096479,0.09771083696220137,0.22528469017533734,0.04274703240871915,0.0,20,479789,0.9479822834645669,0.9765856284202028,0.9745415318230852,0.5310561574725002,0.3765869858511779,0.21438063597532037,4.397331996013562e-05,3.2861315566598164e-05,0.0001682666100320976,0.015465083808341794,0.04235195054492704,0.023233129563203826,0.009660496593294135,0.07560198337185721,0.06024940129932116,0.04391513769594551,/common/users/shared/pracsys/adaptive_roa_experiments/quadrotor_stoch/q2d_cs_clf_yield,0.985633499006865,0.6347111166556461
clf,corridor_sine_ambient_smooth,clf_yield,20,12000,0.0009244179732867897,1.0,0.057714738769241554,50.0,0.036490060305792854,0.008071126784232394,0.008071126784232394,0.03315261297082573,0.014458061735865365,0.01352589643891505,0.042607102789377564,0.04233658486059926,0.042336584860599255,0.9615997865728476,0.9593050278351526,0.9616164605691252,-0.03138562472083374,0.016508947178402105,0.00010733869198457083,0.01677946510718041,-0.0007461514956038154,0.6737960339943342,0.49741306082524656,0.22719261435165758,0.09956770835633975,0.22528469017533734,0.04274703240871915,0.0,20,479789,0.9416538823180086,0.971836652584993,0.9807971014492753,0.5245775094422849,0.3342443006884146,0.1284765068818225,3.2454675110832965e-05,4.393758720786378e-05,0.00017057128735263526,0.016508947178402268,0.04211643034750692,0.02072160887390082,0.005752528715747964,0.07560198337185721,0.06024940129932116,0.04391513769594551,/common/users/shared/pracsys/adaptive_roa_experiments/quadrotor_stoch/q2d_cs_clf_yield,0.9848955797789378,0.6100548206058483
clf,corridor_sine_ambient_smooth,clf_yield,21,12500,0.0009345340143047425,1.0,0.0598217105520968,50.0,0.03699277787938491,0.008745127746779163,0.008745127746779163,0.03321461886719299,0.013827402471173521,0.01352589643891505,0.042607102789377564,0.04233658486059926,0.042336584860599255,0.959707287995348,0.9583483572987292,0.9618999185058432,-0.03244724264096271,0.017199215486951414,0.00011141068789912368,0.017469733415729723,-0.0006678782532340138,0.6510595285368759,0.4795020055216961,0.2375072995745391,0.10167468013917628,0.22528469017533734,0.04274703240871915,0.0,20,479789,0.9428093470646662,0.9702751133129546,0.9803719008264463,0.4972017754252474,0.3184349811464351,0.13512102515424776,3.219946141402845e-05,2.6896120597636787e-05,0.00016778641148823296,0.01719921548695164,0.039869609349109714,0.01977327533561628,0.00605266064874351,0.07560198337185721,0.06024940129932116,0.04391513769594551,/common/users/shared/pracsys/adaptive_roa_experiments/quadrotor_stoch/q2d_cs_clf_yield,0.9854859170937191,0.5937505223063482
clf,corridor_sine_ambient_smooth,clf_yield,22,13000,0.001018007622626753,1.0,0.06382081666623084,50.0,0.03853487014207904,0.008742408333369112,0.008742408333369112,0.03222353836291011,0.01408675638769265,0.01352589643891505,0.042607102789377564,0.04233658486059926,0.042336584860599255,0.9583129250566395,0.9565621554474988,0.9607765080066446,-0.0329622900184684,0.018220838093133605,0.00011582935723645058,0.01849135602191191,-0.0006346167379246564,0.6374857267141537,0.44834431827205595,0.19827035317172922,0.10567378625333627,0.22528469017533734,0.04274703240871915,0.0,20,479789,0.9304761904761905,0.9545761947700632,0.9683728672492717,0.48482342238028286,0.2929740201335317,0.11044138585666825,2.3845466405156022e-05,2.626659274506362e-05,0.00015799505002218455,0.01822083809313374,0.039392316205665405,0.018491461871781138,0.0050084516318631735,0.07560198337185721,0.06024940129932116,0.04391513769594551,/common/users/shared/pracsys/adaptive_roa_experiments/quadrotor_stoch/q2d_cs_clf_yield,0.9839669755577136,0.5696195582820636
clf,corridor_sine_ambient_smooth,clf_yield,23,13500,0.0009857832334225977,1.0,0.06436075831287891,50.0,0.03797300570881832,0.009286691914568216,0.009286691914568216,0.03296365337410485,0.013286045251431575,0.01352589643891505,0.042607102789377564,0.04233658486059926,0.042336584860599255,0.958329599052917,0.9575313314811302,0.9614330466100723,-0.03360077145204393,0.018070839298456664,0.0001156986046989279,0.018341357227234963,-0.0005887841026059708,0.632542410263008,0.4624314056563951,0.22114656115834666,0.10621372789996505,0.22528469017533734,0.04274703240871915,0.0,20,479789,0.948831054256727,0.9741024786039791,0.9773065476190477,0.47440244810189397,0.3031791607569101,0.1246796392975795,2.9511210474309445e-05,3.386175316321374e-05,0.00017176833116023816,0.018070839298456837,0.03779994956116126,0.01875199306361755,0.005602462749250191,0.07560198337185721,0.06024940129932116,0.04391513769594551,/common/users/shared/pracsys/adaptive_roa_experiments/quadrotor_stoch/q2d_cs_clf_yield,0.9848918502282779,0.5731625647661918
fm,corridor_sine_ambient_smooth,dir00_s42,0,2000,0.009665072317078475,100.0,0.13778750736771397,50.0,0.04494261018906227,0.009255290297459409,0.009153435572220446,0.02481923390644713,0.010185472523896288,0.01352589643891505,0.042607102789377564,0.04233658486059926,0.042336584860599255,0.9483314540350029,0.950484483804339,0.9590424123937814,-0.040154130253090434,0.026670786526372465,0.00017062325939280656,0.0270431591803897,-1.457167719820518e-16,0.5103886869963659,0.3272068194047181,0.15074117291153466,0.1796404769547497,0.22528469017533734,0.04274703240871915,0.0,100,479789,0.8998537502611602,0.9020924422236103,0.8429192846785887,0.35621536680175336,0.19984778773307504,0.0827717133364974,0.008808573138503218,0.008870714270826986,0.008798139151865742,0.02667078652637536,0.029927739068632254,0.01334753402016303,0.004312312287276282,0.07560198337185721,0.06024940129932116,0.04391513769594551,/common/users/shared/pracsys/adaptive_roa_experiments/quadrotor_stoch/q2d_cs_dir00_s42,0.8745455189410554,0.37002980721778156
fm,corridor_sine_ambient_smooth,dir00_s42,1,2500,0.009322673864547923,100.0,0.13972441370171093,50.0,0.045785939235789073,0.011436841876802049,0.011341361051908295,0.026066512711716176,0.009548082489375432,0.01352589643891505,0.042607102789377564,0.04233658486059926,0.042336584860599255,0.9469370910962944,0.9488108314279818,0.9581295110975866,-0.04304360875301433,0.02761143320079126,0.00017380717021913826,0.027977431954463314,-1.214306433183765e-16,0.47408539734346916,0.2673905261901921,0.09357938907187655,0.18157738328873688,0.22528469017533734,0.04274703240871915,0.0,96,479789,0.9455339485827291,0.9707602339181286,0.9487648673376029,0.31635100487966256,0.15504895008129518,0.04921689606074988,0.008382425814695331,0.008561405478842715,0.008503839477390808,0.0276114332007939,0.025294452353013513,0.009622980101669691,0.0022780847414175815,0.07560198337185721,0.06024940129932116,0.04391513769594551,/common/users/shared/pracsys/adaptive_roa_experiments/quadrotor_stoch/q2d_cs_dir00_s42,0.8777858162692531,0.3478115135713752
fm,corridor_sine_ambient_smooth,dir00_s42,2,3000,0.008417014460060653,100.0,0.13533107107808223,50.0,0.04609861835098345,0.012051030633816734,0.011952732939360937,0.026335647288664266,0.009829769445579728,0.01352589643891505,0.042607102789377564,0.04233658486059926,0.042336584860599255,0.9463264059826298,0.947635314690416,0.957702239942975,-0.04311434818222177,0.027953670511295863,0.0001751543102161059,0.02832248613452998,-5.551115123125783e-17,0.4681097157964309,0.2399104495673746,0.0749384629410156,0.17718404066511118,0.22528469017533734,0.04274703240871915,0.0,98,479789,0.933212550440583,0.9561128526645768,0.9470046082949308,0.31240867863148897,0.13716400871761164,0.03901281442809682,0.007450921342713359,0.0074970010263845374,0.007454122147827739,0.02795367051129848,0.025309042099756353,0.008643382820364785,0.001809128596112041,0.07560198337185721,0.06024940129932116,0.04391513769594551,/common/users/shared/pracsys/adaptive_roa_experiments/quadrotor_stoch/q2d_cs_dir00_s42,0.8892346947624375,0.3397277885465183
fm,corridor_sine_ambient_smooth,dir00_s42,3,3500,0.005710337701615584,100.0,0.10592864124122699,50.0,0.04183088816125423,0.008904393911086364,0.008782759280914022,0.027695823560813033,0.012163463017234156,0.01352589643891505,0.042607102789377564,0.04233658486059926,0.042336584860599255,0.9533690851603518,0.9529293085085319,0.9598365114664988,-0.03647686795653923,0.023423520580700335,0.0001542157785548502,0.02381567313965097,7.28583859910259e-17,0.5811319341733286,0.38318675916316164,0.17437874892887745,0.1477816108282729,0.22528469017533734,0.04274703240871915,0.0,101,479789,0.9054842473745625,0.9102114960425587,0.8964757709251101,0.4278664571444325,0.242674784654236,0.0965828191741813,0.004807256235827756,0.004681034347084728,0.004759510006716486,0.0234235205807031,0.03572403702460873,0.016063311163865782,0.0047312464437492315,0.07560198337185721,0.06024940129932116,0.04391513769594551,/common/users/shared/pracsys/adaptive_roa_experiments/quadrotor_stoch/q2d_cs_dir00_s42,0.9186596393381297,0.4467309855571382
fm,corridor_sine_ambient_smooth,dir00_s42,4,4000,0.005714142372960977,100.0,0.10764911750731368,50.0,0.042872596078692926,0.009648481438277002,0.009527663345492066,0.02771604372130706,0.012081809278493654,0.01352589643891505,0.042607102789377564,0.04233658486059926,0.042336584860599255,0.9519663852235045,0.951557872314705,0.9587693757047369,-0.03813822326064164,0.02414820448478435,0.0001562640639032919,0.024539540506347587,7.979727989493313e-17,0.5584211534776777,0.34125049600362795,0.12391496899911425,0.14950208709436807,0.22528469017533734,0.04274703240871915,0.0,100,479789,0.915499151850223,0.9443137254901961,0.9264900662251656,0.40173131530339373,0.20825405611097658,0.06639772187944945,0.004840910415313595,0.004687101627370187,0.004678788041196712,0.0241482044847871,0.03317499984368129,0.013287090783656983,0.00314721679738385,0.07560198337185721,0.06024940129932116,0.04391513769594551,/common/users/shared/pracsys/adaptive_roa_experiments/quadrotor_stoch/q2d_cs_dir00_s42,0.9195361854639619,0.4296137828713248
fm,corridor_sine_ambient_smooth,dir00_s42,5,4500,0.005067914379553581,100.0,0.10164371523092083,50.0,0.041971741744808666,0.009233041250354243,0.00910643490186911,0.028277290785488858,0.012660634848513269,0.01352589643891505,0.042607102789377564,0.04233658486059926,0.042336584860599255,0.9544320524230443,0.9522998651490551,0.9585296870082474,-0.03715708363468107,0.02316572897697958,0.00015127892809252313,0.02356285325424301,6.245004513516506e-17,0.591368708296731,0.35933038463691847,0.11186001874748919,0.14349668481797467,0.22528469017533734,0.04274703240871915,0.0,101,479789,0.918165989553105,0.9417461482024945,0.9399849962490623,0.43613707165109034,0.22202234752828034,0.05946843853820598,0.004111569219696945,0.00399514583548673,0.004023609819091859,0.02316572897698135,0.03591161948273095,0.014204160578921151,0.0027783046297434914,0.07560198337185721,0.06024940129932116,0.04391513769594551,/common/users/shared/pracsys/adaptive_roa_experiments/quadrotor_stoch/q2d_cs_dir00_s42,0.9269293023105956,0.45282008330958035
fm,corridor_sine_ambient_smooth,dir00_s42,6,5000,0.004724394731785535,100.0,0.09521397160812445,50.0,0.040658872962906614,0.008346783717126788,0.0082145307450659,0.028650813697415407,0.013225297206088768,0.01352589643891505,0.042607102789377564,0.04233658486059926,0.042336584860599255,0.9564100052314664,0.954096488247959,0.9592946065874791,-0.035135778435937466,0.021900301908249802,0.00014531341235418522,0.022303072809088987,4.163336342344337e-17,0.6198836786623046,0.4024959305480196,0.14835164835164835,0.1370669411951782,0.22528469017533734,0.04274703240871915,0.0,101,479789,0.9096388755534219,0.9327297875015718,0.9135338345864662,0.4701292972734541,0.2566160445566818,0.08073089700996677,0.003868963079510596,0.0036980941066478827,0.003699935048114234,0.021900301908250933,0.03907342602685764,0.01657603654939984,0.0038808726335951846,0.07560198337185721,0.06024940129932116,0.04391513769594551,/common/users/shared/pracsys/adaptive_roa_experiments/quadrotor_stoch/q2d_cs_dir00_s42,0.930477555419387,0.4827097655524071
fm,corridor_sine_ambient_smooth,dir00_s42,7,5500,0.004635610722905693,100.0,0.09840149435674467,50.0,0.04176525514340679,0.009147619674510133,0.009018911667743438,0.028345817924600697,0.012870800676669507,0.01352589643891505,0.042607102789377564,0.04233658486059926,0.042336584860599255,0.9543966201809545,0.9524040776257897,0.9587568702075288,-0.036653299679650836,0.023009678603742072,0.00015082081938713306,0.023408904539287064,6.591949208711867e-17,0.5916234275262235,0.362122905027933,0.12395962457942271,0.1402544639438038,0.22528469017533734,0.04274703240871915,0.0,101,479789,0.9158624674949437,0.9403742927607718,0.922266139657444,0.43693656438673395,0.22423634413809804,0.0664451827242525,0.0036023328233313247,0.0035931978744102263,0.003619291773484298,0.023009678603743346,0.0360679381978328,0.014366732042627072,0.0031638907936613805,0.07560198337185721,0.06024940129932116,0.04391513769594551,/common/users/shared/pracsys/adaptive_roa_experiments/quadrotor_stoch/q2d_cs_dir00_s42,0.9317585384863357,0.4565060294894938
fm,corridor_sine_ambient_smooth,dir00_s42,8,6000,0.004020854566310241,100.0,0.08567724674554338,50.0,0.038811748497777146,0.006647404279002356,0.006506328002858998,0.028911051299281468,0.01410762761433577,0.01352589643891505,0.042607102789377564,0.04233658486059926,0.042336584860599255,0.9586630789784676,0.9573291592762652,0.9604784603231837,-0.03145393079040996,0.019931861564176843,0.00013531886214338256,0.020343455769098493,4.163336342344337e-17,0.6539287022980683,0.47832844948401065,0.20991666666666667,0.12753021633260989,0.22528469017533734,0.04274703240871915,0.0,101,479789,0.8907586993725043,0.9079125556200426,0.8597269624573379,0.516582582085849,0.32469644030857575,0.11955386805885145,0.003044954616624369,0.003083621193115574,0.0031468040226783384,0.01993186156417743,0.043844273211766004,0.02154697168963857,0.006106851136645484,0.07560198337185721,0.06024940129932116,0.04391513769594551,/common/users/shared/pracsys/adaptive_roa_experiments/quadrotor_stoch/q2d_cs_dir00_s42,0.9375506044938375,0.5292047851803341
fm,corridor_sine_ambient_smooth,dir00_s42,9,6500,0.0038999634834301316,100.0,0.08370726520984277,50.0,0.03840611185333553,0.006881622781656665,0.00674099354545896,0.029515792677616535,0.014062923619770485,0.01352589643891505,0.042607102789377564,0.04233658486059926,0.042336584860599255,0.9599052917011436,0.9578210421664524,0.9602721196192493,-0.03166118856413965,0.019561785728441722,0.0001331966427255257,0.019972932893417734,4.163336342344337e-17,0.6637182064504851,0.48570484637474903,0.2000251815167667,0.1255602347969074,0.22528469017533734,0.04274703240871915,0.0,101,479789,0.906936747563539,0.9151503543382494,0.8643453028654334,0.5233644859813084,0.330577368803404,0.11309919316563835,0.0029826994888494966,0.0029932517245002672,0.00301064964221171,0.019561785728442523,0.04362751126015811,0.021763733641246466,0.0057462759671438905,0.07560198337185721,0.06024940129932116,0.04391513769594551,/common/users/shared/pracsys/adaptive_roa_experiments/quadrotor_stoch/q2d_cs_dir00_s42,0.9402860428480021,0.5379460626582804
fm,corridor_sine_ambient_smooth,dir00_s42,10,7000,0.004071870402116964,100.0,0.0866017510670387,50.0,0.03880349486961977,0.007161314320027961,0.007024615384757362,0.029433252068106167,0.013669893527059914,0.01352589643891505,0.042607102789377564,0.04233658486059926,0.042336584860599255,0.9587943866991532,0.9575000677381099,0.9605055555671347,-0.032449993643038924,0.0199279481772505,0.00013489099649880267,0.0203351650412994,4.163336342344337e-17,0.651002683236831,0.47657673845521986,0.20150857528127764,0.12845472065409788,0.22528469017533734,0.04274703240871915,0.0,101,479789,0.9049815950920246,0.923681592039801,0.8985343855693348,0.5083395362942134,0.3211332895146504,0.11347887992406265,0.0031847606797361723,0.003146488833762781,0.0031541584307080354,0.01992794817725111,0.04246658426933506,0.02094670782364748,0.005546188011813526,0.07560198337185721,0.06024940129932116,0.04391513769594551,/common/users/shared/pracsys/adaptive_roa_experiments/quadrotor_stoch/q2d_cs_dir00_s42,0.9374295517825012,0.5292972202914614
fm,corridor_sine_ambient_smooth,dir00_s42,11,7500,0.002894205582460762,100.0,0.07531114119719098,50.0,0.03793586347331847,0.007182174060258241,0.007037038832358923,0.030583893441512678,0.01451352278993179,0.01352589643891505,0.042607102789377564,0.04233658486059926,0.042336584860599255,0.9607389915150202,0.957931507391791,0.9604617863269062,-0.03124492224707111,0.018789730251445536,0.0001270573050913027,0.019205383408123156,3.122502256758253e-17,0.6719378602901478,0.48523335883703134,0.2035435385002939,0.11716411078426067,0.22528469017533734,0.04274703240871915,0.0,101,479789,0.9122765534852927,0.9233233038920703,0.8820960698689956,0.5318280814931216,0.3290898398311828,0.11504508780256288,0.0020598127326963956,0.001919227417097097,0.0019137177787391414,0.018789730251446948,0.04407354066058205,0.021474022955924377,0.0057275177213316686,0.07560198337185721,0.06024940129932116,0.04391513769594551,/common/users/shared/pracsys/adaptive_roa_experiments/quadrotor_stoch/q2d_cs_dir00_s42,0.9528288082357148,0.5561821929351631
fm,corridor_sine_ambient_smooth,dir00_s42,12,8000,0.003009004427597359,100.0,0.07304944046292797,50.0,0.0371420770380313,0.007020076877963465,0.006873256572210796,0.031134765710372467,0.014682030575266977,0.01352589643891505,0.042607102789377564,0.04233658486059926,0.042336584860599255,0.9621917134407,0.9586213939877738,0.960720233269208,-0.030796079109775342,0.018075075722437616,0.000123290408604014,0.01849241395696859,2.7755575615628914e-17,0.6863978977940668,0.4966150257359466,0.20974505199597449,0.11490241004999581,0.22528469017533734,0.04274703240871915,0.0,101,479789,0.9203096750266562,0.9298328902392708,0.900287976961843,0.5472941306205718,0.33877607499913515,0.11869957285239677,0.0022036086366016305,0.002114663260414612,0.002106272259419674,0.01807507572243908,0.044959346712825844,0.021951316099368682,0.005790045207372407,0.07560198337185721,0.06024940129932116,0.04391513769594551,/common/users/shared/pracsys/adaptive_roa_experiments/quadrotor_stoch/q2d_cs_dir00_s42,0.9523345811355793,0.5730624994445579
fm,corridor_sine_ambient_smooth,dir00_s42,13,8500,0.0028041259923248345,100.0,0.07194686000781197,50.0,0.036379846140699335,0.006678664191584288,0.006534803518065578,0.0313731330939824,0.01438606735187107,0.01352589643891505,0.042607102789377564,0.04233658486059926,0.042336584860599255,0.9625418673625281,0.9604993028185307,0.96151641659146,-0.029944267167442362,0.017498255284682476,0.00012074784170082255,0.01791263388697949,4.163336342344337e-17,0.6910009972146763,0.5318875660722225,0.24673629242819847,0.1137998295948695,0.22528469017533734,0.04274703240871915,0.0,101,479789,0.918041025172461,0.9298730460316089,0.8785589773387565,0.5539933283709646,0.37247033590479817,0.14352159468438538,0.001997829832864793,0.0019527931225013782,0.0019502494926564925,0.01749825528468328,0.045622138064857674,0.024133525362190465,0.007173986898407425,0.07560198337185721,0.06024940129932116,0.04391513769594551,/common/users/shared/pracsys/adaptive_roa_experiments/quadrotor_stoch/q2d_cs_dir00_s42,0.9523928139570659,0.586687132599415
fm,corridor_sine_ambient_smooth,dir00_s42,14,9000,0.002479417775983671,100.0,0.06876898835834307,50.0,0.03602385632017408,0.006671874496736496,0.006525913826019943,0.03172886442400178,0.014596067071655299,0.01352589643891505,0.042607102789377564,0.04233658486059926,0.042336584860599255,0.9631379627294498,0.9609786802115097,0.9614267938614682,-0.029554387449483004,0.017133634262617447,0.00011845931859053622,0.017550112862112305,2.42861286636753e-17,0.6977991934932677,0.5404742035246184,0.2421686253634167,0.11062195794540342,0.22528469017533734,0.04274703240871915,0.0,101,479789,0.9176666217248663,0.9302915082382763,0.8824231572664876,0.5629255920381551,0.3808766042826997,0.14034171808258186,0.0016989150440392434,0.0015904168958273523,0.00160026218953793,0.01713363426261782,0.04637663639641593,0.024667093243071432,0.006984320190750517,0.07560198337185721,0.06024940129932116,0.04391513769594551,/common/users/shared/pracsys/adaptive_roa_experiments/quadrotor_stoch/q2d_cs_dir00_s42,0.9567600887277224,0.5952995661073517
fm,corridor_sine_ambient_smooth,dir00_s42,15,9500,0.0025941104773270834,100.0,0.0717555529331712,50.0,0.0371356783919598,0.007232088860375047,0.007086316946875445,0.03139651684895478,0.014577191349960213,0.01352589643891505,0.042607102789377564,0.04233658486059926,0.042336584860599255,0.9619207610011901,0.9591216138760997,0.9606827167775834,-0.03099564600272203,0.01802638495851995,0.00012264027043500174,0.018442674800797844,1.3877787807814457e-17,0.6837349397590362,0.50368195966293,0.20572631578947367,0.11360852252023836,0.22528469017533734,0.04274703240871915,0.0,100,479789,0.9187718073970691,0.9379830348727616,0.9115671641791044,0.5444545529732859,0.34427647282665097,0.11594684385382059,0.00176057467318822,0.001678278464515359,0.001718615414652139,0.01802638495852114,0.044800943748189305,0.022113887563074603,0.005585788752972661,0.07560198337185721,0.06024940129932116,0.04391513769594551,/common/users/shared/pracsys/adaptive_roa_experiments/quadrotor_stoch/q2d_cs_dir00_s42,0.955977804972402,0.5742125866345849
fm,corridor_sine_ambient_smooth,dir00_s42,16,10000,0.002538210594560352,100.0,0.07015851323521795,50.0,0.036506193347492326,0.006840719182772399,0.006694712018554105,0.03152517118190677,0.014600716421829448,0.01352589643891505,0.042607102789377564,0.04233658486059926,0.042336584860599255,0.9626773435822831,0.9600053356788089,0.9610745556901055,-0.029968944681933108,0.017506125697246615,0.0001199578636952172,0.01792265079024321,1.734723475976807e-17,0.6931999246149365,0.5237870703561236,0.23017312448474855,0.11201148282228256,0.22528469017533734,0.04274703240871915,0.0,101,479789,0.9156332035846836,0.9266772040744643,0.8752351097178683,0.5577151048989607,0.36506728474072025,0.13251067869008068,0.0017291238386181634,0.00168012280883097,0.0016908609251242012,0.017506125697247295,0.046049409219469394,0.023735433701064425,0.00664875601566522,0.07560198337185721,0.06024940129932116,0.04391513769594551,/common/users/shared/pracsys/adaptive_roa_experiments/quadrotor_stoch/q2d_cs_dir00_s42,0.9560733806168542,0.5865012316206266
fm,corridor_sine_ambient_smooth,dir00_s42,17,10500,0.002260780804494774,100.0,0.06373412448295894,50.0,0.03485209123177063,0.0060827991453714205,0.0059309777291769155,0.0323695825860353,0.015182141619450525,0.01352589643891505,0.042607102789377564,0.04233658486059926,0.042336584860599255,0.9652951609978553,0.962785724558087,0.961462226103558,-0.028390750934264852,0.015897980003740896,0.00011109270487758703,0.016320319348713707,2.0816681711721685e-17,0.7204754150648827,0.5697279321396728,0.2395953281789768,0.10558709407002233,0.22528469017533734,0.04274703240871915,0.0,101,479789,0.921145260989011,0.9389197776012709,0.8974121996303143,0.5915970556612357,0.4089320925727333,0.13825344091124822,0.0015409632870843507,0.001470847577447825,0.0014604986620422665,0.01589798000374126,0.04855467716016832,0.02624070164176336,0.006765473989607932,0.07560198337185721,0.06024940129932116,0.04391513769594551,/common/users/shared/pracsys/adaptive_roa_experiments/quadrotor_stoch/q2d_cs_dir00_s42,0.9597039948671856,0.6244860076435588
fm,corridor_sine_ambient_smooth,dir00_s42,18,11000,0.002150568181452052,100.0,0.06740791531320936,50.0,0.03692210534213998,0.00781694883797274,0.007667483606928732,0.0323412844109281,0.014946523104400847,0.01352589643891505,0.042607102789377564,0.04233658486059926,0.042336584860599255,0.9630796037424785,0.9583921265389578,0.9597989949748744,-0.031438861666274125,0.017662784056599917,0.00011894119659334539,0.018082767216422217,1.3877787807814457e-17,0.692529334166493,0.48547642980489186,0.1706939547682518,0.1092608849002768,0.22528469017533734,0.04274703240871915,0.0,101,479789,0.934861052532921,0.9520824909017388,0.9072212065813529,0.5499682959777245,0.3258034386134846,0.09420977693402943,0.0012611044542871826,0.0012428362578696395,0.0013022193808431344,0.017662784056600673,0.04447580082077747,0.020617396397166254,0.004560337981904546,0.07560198337185721,0.06024940129932116,0.04391513769594551,/common/users/shared/pracsys/adaptive_roa_experiments/quadrotor_stoch/q2d_cs_dir00_s42,0.9619521821796437,0.5828009246669806
fm,corridor_sine_ambient_smooth,dir00_s42,19,11500,0.0020390334443339776,100.0,0.06045215044050636,50.0,0.03420534860115592,0.006077154559496961,0.00592517494665747,0.03278359789232176,0.01519796128394908,0.01352589643891505,0.042607102789377564,0.04233658486059926,0.042336584860599255,0.9659225201077973,0.9630233290050418,0.9621812921930265,-0.027758139515495342,0.015478161914934983,0.00010863390885434556,0.015900659456552776,1.3877787807814457e-17,0.7264788543897216,0.5739944771281065,0.2692013371460792,0.1023051200275679,0.22528469017533734,0.04274703240871915,0.0,101,479789,0.9238395098498065,0.9382948657560056,0.8890662410215483,0.5985995092768726,0.4134638668834538,0.1586141433317513,0.0013256309839636438,0.001270749830601928,0.0012478078206835217,0.015478161914934922,0.04898611681384942,0.02654917057289767,0.007834694000904564,0.07560198337185721,0.06024940129932116,0.04391513769594551,/common/users/shared/pracsys/adaptive_roa_experiments/quadrotor_stoch/q2d_cs_dir00_s42,0.9635580103277953,0.6344022087303549
fm,corridor_sine_ambient_smooth,dir00_s42,20,12000,0.001893562106272585,100.0,0.05820946036768933,50.0,0.03380415140822318,0.005405749096163021,0.005248669385765915,0.03260218386272224,0.01570797103971062,0.01352589643891505,0.042607102789377564,0.04233658486059926,0.042336584860599255,0.9661601245547522,0.964501061925138,0.9622834204202264,-0.02649885678913023,0.01498307038364295,0.00010621601026090916,0.015410668022818359,1.5612511283791264e-17,0.7311386368152614,0.6002816240319174,0.2725518572117704,0.10006242995476163,0.22528469017533734,0.04274703240871915,0.0,101,479789,0.9154468173336098,0.9332992775304678,0.8906988964792433,0.6086069528299286,0.44241879129622586,0.1608922638822971,0.0012028817029218952,0.0011083182225556946,0.0011239568671838685,0.01498307038364266,0.05026167752908049,0.028560471373874765,0.007932653729035054,0.07560198337185721,0.06024940129932116,0.04391513769594551,/common/users/shared/pracsys/adaptive_roa_experiments/quadrotor_stoch/q2d_cs_dir00_s42,0.964692007675988,0.6460963860694626
fm,corridor_sine_ambient_smooth,dir00_s42,21,12500,0.001822274832455622,100.0,0.058123850803846,50.0,0.033991650496364025,0.005718442244119851,0.005560661977453386,0.032857415501557345,0.01577802666664646,0.01352589643891505,0.042607102789377564,0.04233658486059926,0.042336584860599255,0.9665748902121558,0.9639445672993754,0.9615664385802926,-0.027123047839779573,0.015039831336495314,0.00010542538117243512,0.01546812953194008,1.0408340855860843e-17,0.7350438647215293,0.5897113582999312,0.24444808653609768,0.09997682039091109,0.22528469017533734,0.04274703240871915,0.0,101,479789,0.9171683021357302,0.9378394689197345,0.8941846522781774,0.6132660656686791,0.4300688414570865,0.14157570004746084,0.0011384317373544777,0.001058316755076932,0.0010846114222591932,0.015039831336494943,0.05055138821440258,0.02762881183186776,0.006953056447730148,0.07560198337185721,0.06024940129932116,0.04391513769594551,/common/users/shared/pracsys/adaptive_roa_experiments/quadrotor_stoch/q2d_cs_dir00_s42,0.9653835346094902,0.6447556791362214
fm,corridor_sine_ambient_smooth,dir00_s42,22,13000,0.001946075419245688,100.0,0.06071752264069649,50.0,0.03458168069713979,0.006184575139595182,0.00603050936139567,0.032769392090823066,0.015406577819951202,0.01352589643891505,0.042607102789377564,0.04233658486059926,0.042336584860599255,0.9657078424057242,0.9628378307964542,0.9616018708223824,-0.028330891287628526,0.015597702131171879,0.00010891203921220094,0.016022285838149686,6.938893903907228e-18,0.7241234762487634,0.5687403250773995,0.23969295530518755,0.10257049222776238,0.22528469017533734,0.04274703240871915,0.0,101,479789,0.924120516990499,0.945324435153172,0.9186966149952547,0.5952912634742095,0.4067180959629156,0.13782629330802088,0.0011994533322614326,0.0010975516073996594,0.0011362390263427863,0.01559770213117185,0.048700574627596714,0.02592181146295559,0.006588312779159172,0.07560198337185721,0.06024940129932116,0.04391513769594551,/common/users/shared/pracsys/adaptive_roa_experiments/quadrotor_stoch/q2d_cs_dir00_s42,0.9644464035564199,0.63157864096667
fm,corridor_sine_ambient_smooth,dir00_s42,23,13500,0.002115670197993384,100.0,0.05917824273661273,50.0,0.033580157110729925,0.005498525026590209,0.005342873963984005,0.03284321850687567,0.01556510626062033,0.01352589643891505,0.042607102789377564,0.04233658486059926,0.042336584860599255,0.9668270844058534,0.964730329373954,0.9624710028783486,-0.027039073426026867,0.014836240317707614,0.00010597313767245222,0.015262409309092116,8.673617379884035e-18,0.735991772550841,0.6006890367643588,0.2727199289118668,0.10103121232368029,0.22528469017533734,0.04274703240871915,0.0,101,479789,0.9238745679423646,0.9448444807363967,0.9154013015184381,0.6116119427673476,0.4403085757774933,0.16022781205505457,0.0014064231332500423,0.001354582425729651,0.0013789855340623758,0.014836240317707625,0.05004908407654198,0.028076925481826387,0.007686712283941482,0.07560198337185721,0.06024940129932116,0.04391513769594551,/common/users/shared/pracsys/adaptive_roa_experiments/quadrotor_stoch/q2d_cs_dir00_s42,0.9629801442967382,0.6495645464423128
fm,corridor_sine_ambient_smooth,dir00_s43,0,2000,0.009778792873385306,100.0,0.13974343878697607,50.0,0.04520787262734243,0.009443334130009683,0.009342821111987093,0.02473586030341635,0.010051301802258997,0.01352589643891505,0.042607102789377564,0.04233658486059926,0.042336584860599255,0.9479396151224809,0.9499592529215968,0.9589006834254225,-0.04049517600445196,0.026943545669169885,0.0001717246639764484,0.027314576615970764,-1.3530843112619095e-16,0.5041489657362925,0.31487030220015416,0.14566093323512846,0.18159640837400923,0.22528469017533734,0.04274703240871915,0.0,100,479789,0.9005035103893341,0.8991199478487614,0.8359025360517156,0.3500675433518044,0.19085342650569068,0.07978168011390603,0.008865638921109625,0.009124168694552327,0.008979744964953181,0.026943545669172366,0.029390002688681898,0.012788955144865765,0.004191425814264187,0.07560198337185721,0.06024940129932116,0.04391513769594551,/common/users/shared/pracsys/adaptive_roa_experiments/quadrotor_stoch/q2d_cs_dir00_s43,0.8722040950939539,0.3635871727044988
fm,corridor_sine_ambient_smooth,dir00_s43,1,2500,0.009070409051589044,100.0,0.14080692057875271,50.0,0.04650823591203632,0.012091003488078844,0.011995682407227457,0.026144296581944306,0.009532108085138689,0.01352589643891505,0.042607102789377564,0.04233658486059926,0.042336584860599255,0.946311816235887,0.947635314690416,0.9571207343227961,-0.043852526839923384,0.02818797068588229,0.00017522647812647313,0.02855380969551198,-1.214306433183765e-16,0.4634547688974985,0.2363990031001155,0.049702064760497024,0.18265989016577913,0.22528469017533734,0.04274703240871915,0.0,94,479789,0.9479379686434901,0.9734668335419274,0.9291882556131261,0.3067019546218951,0.13453488774345315,0.025533934504034173,0.008154417897966452,0.00828203155206946,0.008266960757916993,0.028187970685884505,0.024460752539136994,0.00832657689109171,0.0012067804805862578,0.07560198337185721,0.06024940129932116,0.04391513769594551,/common/users/shared/pracsys/adaptive_roa_experiments/quadrotor_stoch/q2d_cs_dir00_s43,0.879170670181093,0.33419356382438015
fm,corridor_sine_ambient_smooth,dir00_s43,2,3000,0.007852375376836649,100.0,0.12836694445276473,50.0,0.045113581178393015,0.011356919321934212,0.011253284742331239,0.026762224654513035,0.01036345796029741,0.01352589643891505,0.042607102789377564,0.04233658486059926,0.042336584860599255,0.9482543368022193,0.9489212966533205,0.9578752326543543,-0.041830179516412415,0.026827644948417446,0.00016983507588217068,0.027201797456798717,-2.42861286636753e-17,0.499304225068065,0.27504806981215796,0.08402447314751871,0.1702199140397976,0.22528469017533734,0.04274703240871915,0.0,97,479789,0.9299128605769231,0.949162923642303,0.9316582914572864,0.34127312325972486,0.16082609748503823,0.04399620313241576,0.006968737598209499,0.006909213256990531,0.006825471262725322,0.02682764494842012,0.027745529805810472,0.010208654220917945,0.002073828287017835,0.07560198337185721,0.06024940129932116,0.04391513769594551,/common/users/shared/pracsys/adaptive_roa_experiments/quadrotor_stoch/q2d_cs_dir00_s43,0.8960811560322396,0.36632477473673786
fm,corridor_sine_ambient_smooth,dir00_s43,3,3500,0.0059254784292704765,100.0,0.10944722276525065,50.0,0.04240122220392714,0.009491516064729534,0.009373708238810435,0.02772299665351483,0.011780782591909985,0.01352589643891505,0.042607102789377564,0.04233658486059926,0.042336584860599255,0.9524874476071773,0.951983059219782,0.9595426322821073,-0.037632709378497636,0.02398729644589494,0.00015667316923039768,0.024375622200592344,7.28583859910259e-17,0.566599490474923,0.3579868465054063,0.16024226692623836,0.15130019235229325,0.22528469017533734,0.04274703240871915,0.0,100,479789,0.9127718223583461,0.9205962448043572,0.9056234718826406,0.4108014225456951,0.22219531601342235,0.08789748457522543,0.0050877786242366435,0.004945425528430657,0.004941728332676281,0.023987296445897664,0.03402537365383533,0.01454180900354114,0.004262290298443691,0.07560198337185721,0.06024940129932116,0.04391513769594551,/common/users/shared/pracsys/adaptive_roa_experiments/quadrotor_stoch/q2d_cs_dir00_s43,0.915621879934444,0.43341446824590635
fm,corridor_sine_ambient_smooth,dir00_s43,4,4000,0.005540010053986126,100.0,0.10659140683523055,50.0,0.04257632000733657,0.009369874839909966,0.009247991836668074,0.027631020343897566,0.012188300324189225,0.01352589643891505,0.042607102789377564,0.04233658486059926,0.042336584860599255,0.9521122826909328,0.9518871837411862,0.959004895902157,-0.03754385782083375,0.02395355635336984,0.00015604958159150814,0.024345957285390032,6.938893903907228e-17,0.5632271310166528,0.3521553659631791,0.1378161574540832,0.1484443764222838,0.22528469017533734,0.04274703240871915,0.0,101,479789,0.9071091788622865,0.9329368029739777,0.9018932874354562,0.4084029443387644,0.21704085515619054,0.07460844803037495,0.004614357216656519,0.004508656210561546,0.00459207706092514,0.023953556353372863,0.034037879151043476,0.014016578120798935,0.003632846938966921,0.07560198337185721,0.06024940129932116,0.04391513769594551,/common/users/shared/pracsys/adaptive_roa_experiments/quadrotor_stoch/q2d_cs_dir00_s43,0.9207409179662593,0.4342114170937219
fm,corridor_sine_ambient_smooth,dir00_s43,5,4500,0.005125530546324538,100.0,0.10268121191229204,50.0,0.042409725942028687,0.009393047728119453,0.0092668753667041,0.02816440313687769,0.012617236141535367,0.01352589643891505,0.042607102789377564,0.04233658486059926,0.042336584860599255,0.953590015611029,0.9517454547728272,0.9584296430305822,-0.03763208410363722,0.023439057090425746,0.00015197245786037014,0.023835747380619388,6.245004513516506e-17,0.5791453249919674,0.34290741897031274,0.10572568712729229,0.1445341814993509,0.22528469017533734,0.04274703240871915,0.0,101,479789,0.9209545563837461,0.9547969021653232,0.9562043795620438,0.4223802828550161,0.208980523748573,0.0559563360227812,0.004233825087591534,0.004033318998830731,0.004128947145668836,0.023439057090427696,0.034673575259124324,0.0131870468059918,0.002569879676274362,0.07560198337185721,0.06024940129932116,0.04391513769594551,/common/users/shared/pracsys/adaptive_roa_experiments/quadrotor_stoch/q2d_cs_dir00_s43,0.9255114337050943,0.4463640095769884
fm,corridor_sine_ambient_smooth,dir00_s43,6,5000,0.005031556480802513,100.0,0.09975022038623388,50.0,0.04131853794063641,0.008938398640383474,0.00881131025761353,0.02853114053361717,0.01270883827699428,0.01352589643891505,0.042607102789377564,0.04233658486059926,0.042336584860599255,0.9551261075180965,0.9531940081994377,0.9590278226470386,-0.03635539789365741,0.022616754584595677,0.00014889520971287116,0.02301436089614392,5.551115123125783e-17,0.6011929018634461,0.3821158343651121,0.135684136475554,0.141603189973283,0.22528469017533734,0.04274703240871915,0.0,100,479789,0.9161632699147518,0.933584296853993,0.9217443249701314,0.44738510738014503,0.2402186321652195,0.07323208353108686,0.004135287079253698,0.00406280809078465,0.004099997405327497,0.02261675458459702,0.03691831200798684,0.015502648039033826,0.003489033721073222,0.07560198337185721,0.06024940129932116,0.04391513769594551,/common/users/shared/pracsys/adaptive_roa_experiments/quadrotor_stoch/q2d_cs_dir00_s43,0.9261692671307961,0.46578698638387184
fm,corridor_sine_ambient_smooth,dir00_s43,7,5500,0.004578573297346156,100.0,0.09792325924011384,50.0,0.04187094743731101,0.00894107729781693,0.008810348973238392,0.028214018612046105,0.013072832457853789,0.01352589643891505,0.042607102789377564,0.04233658486059926,0.042336584860599255,0.954521675153036,0.9524937003557814,0.9585672034998718,-0.0364750338169487,0.022932915221791608,0.0001500618371363078,0.023334161475148447,5.898059818321144e-17,0.5943483918944042,0.36497367174658013,0.11511239706209658,0.13977622882717777,0.22528469017533734,0.04274703240871915,0.0,100,479789,0.9125421019580978,0.9375894646435728,0.9268817204301075,0.4406859096297522,0.22658871553602933,0.06136687233032748,0.0034984012988676025,0.0035437816970094772,0.0035553182068175913,0.022932915221793086,0.03650979909918735,0.01456056724935336,0.0029075281008943514,0.07560198337185721,0.06024940129932116,0.04391513769594551,/common/users/shared/pracsys/adaptive_roa_experiments/quadrotor_stoch/q2d_cs_dir00_s43,0.9321603622285708,0.45831919845915026
fm,corridor_sine_ambient_smooth,dir00_s43,8,6000,0.004244304612207256,100.0,0.08834398662292668,50.0,0.039371181915383614,0.007007364494205282,0.006868549487751793,0.02876161113223303,0.013881500645348925,0.01352589643891505,0.042607102789377564,0.04233658486059926,0.042336584860599255,0.9579731923824848,0.9564600272202989,0.9603200573585472,-0.03236747820396049,0.020443523216118076,0.000137745143294096,0.020852856151349866,4.85722573273506e-17,0.6448249136898471,0.4605691266849145,0.1989396617015905,0.1301969562099918,0.22528469017533734,0.04274703240871915,0.0,101,479789,0.8929216059319967,0.9082391282207964,0.8768545994065282,0.5046177597662173,0.3085065900992839,0.11219743711438064,0.0033631890822983534,0.0032707438756156915,0.0033031436797817297,0.020443523216118892,0.04272503121163678,0.02046524618113379,0.005619136745527721,0.07560198337185721,0.06024940129932116,0.04391513769594551,/common/users/shared/pracsys/adaptive_roa_experiments/quadrotor_stoch/q2d_cs_dir00_s43,0.9353931439683536,0.5171192177301968
fm,corridor_sine_ambient_smooth,dir00_s43,9,6500,0.003935940344706839,100.0,0.08608066487877462,50.0,0.03938629272451016,0.007628503647164129,0.0074891421146925,0.029412675731586013,0.01393615324716288,0.01352589643891505,0.042607102789377564,0.04233658486059926,0.042336584860599255,0.9588506614365898,0.9559202065908139,0.95959265427094,-0.03308214652691078,0.020413051243705786,0.0001366930187968456,0.02082293070495572,3.8163916471489756e-17,0.6493810936084816,0.4459696644224976,0.16868916427254407,0.12793363446584016,0.22528469017533734,0.04274703240871915,0.0,101,479789,0.9125074865242563,0.9186272393697388,0.8738338516215015,0.5040388167507512,0.29446154910575295,0.09335548172757475,0.0030076168527812587,0.0029934558954577114,0.003010758108032855,0.02041305124370634,0.041760023677074716,0.019312656188449507,0.004691645702590097,0.07560198337185721,0.06024940129932116,0.04391513769594551,/common/users/shared/pracsys/adaptive_roa_experiments/quadrotor_stoch/q2d_cs_dir00_s43,0.9400406096485895,0.5178389728193855
fm,corridor_sine_ambient_smooth,dir00_s43,10,7000,0.004068552482834374,100.0,0.08818245948283257,50.0,0.03916261106444708,0.007603452706938105,0.007469711136490608,0.02940992792878083,0.013374157044749747,0.01352589643891505,0.042607102789377564,0.04233658486059926,0.042336584860599255,0.9581420165947948,0.9567684961514332,0.9604576178278368,-0.03304921538426267,0.0203963680683091,0.00013744714359382307,0.020800627567534903,6.245004513516506e-17,0.6414582329102173,0.46177798536509423,0.20372702090153613,0.13003542906988727,0.22528469017533734,0.04274703240871915,0.0,101,479789,0.910081053698075,0.9238916000415326,0.8806240928882438,0.49527196537369395,0.30781471615871586,0.11518747033697199,0.0031799626622361662,0.0031448452575553237,0.0031883953481349264,0.020396368068310047,0.041143085814806094,0.02007340726861183,0.005744191717609199,0.07560198337185721,0.06024940129932116,0.04391513769594551,/common/users/shared/pracsys/adaptive_roa_experiments/quadrotor_stoch/q2d_cs_dir00_s43,0.9372401867819642,0.5182330333098957
fm,corridor_sine_ambient_smooth,dir00_s43,11,7500,0.0029598479509834936,100.0,0.07459644171080904,50.0,0.03719878946787025,0.00684766072940308,0.006703857972757803,0.03077706623935159,0.014380275664527696,0.01352589643891505,0.042607102789377564,0.04233658486059926,0.042336584860599255,0.9613788561221703,0.9590778446358712,0.9611891894145135,-0.030524939087807353,0.0182633765940055,0.000125092317686651,0.018677697279429084,2.7755575615628914e-17,0.6788450206246317,0.5071292298423536,0.23417643429981494,0.11644941129787183,0.22528469017533734,0.04274703240871915,0.0,101,479789,0.9140723453908984,0.9242382651660719,0.8773497688751926,0.5399057149946241,0.3494309336838828,0.13512102515424776,0.0021365299699570837,0.0020376057382248433,0.0020712952222720414,0.018263376594007175,0.04465504628076092,0.022778763164641124,0.00676338974007324,0.07560198337185721,0.06024940129932116,0.04391513769594551,/common/users/shared/pracsys/adaptive_roa_experiments/quadrotor_stoch/q2d_cs_dir00_s43,0.9512560502052891,0.5686147889788249
fm,corridor_sine_ambient_smooth,dir00_s43,12,8000,0.0026547215962654065,100.0,0.07068779309570328,50.0,0.036280510807875976,0.006862342996563786,0.00671714566223894,0.03157830593071334,0.014519733432484663,0.01352589643891505,0.042607102789377564,0.04233658486059926,0.042336584860599255,0.9628690945394747,0.9602408558762289,0.9613121601370602,-0.03027128591943541,0.01747542459212488,0.00012108717254626418,0.01789113985522802,1.0408340855860843e-17,0.6929348294465416,0.5242655494039604,0.23234077750206783,0.1125407626827621,0.22528469017533734,0.04274703240871915,0.0,101,479789,0.9244389256806476,0.9392368867840228,0.9032154340836013,0.5541587406610978,0.3636143494655274,0.1333175130517323,0.0018199203648194637,0.0017738679039427333,0.0018153924484819884,0.017475424592125487,0.04531992188232744,0.02332483654273024,0.006482016052889917,0.07560198337185721,0.06024940129932116,0.04391513769594551,/common/users/shared/pracsys/adaptive_roa_experiments/quadrotor_stoch/q2d_cs_dir00_s43,0.9551333513826353,0.5872263988778068
fm,corridor_sine_ambient_smooth,dir00_s43,13,8500,0.002758701387187572,100.0,0.07099726785466463,50.0,0.03610184893776223,0.0060708782832780955,0.0059248971911267075,0.031087693050212487,0.014598109215138783,0.01352589643891505,0.042607102789377564,0.04233658486059926,0.042336584860599255,0.9627127758243728,0.9613017388893867,0.9619666144909533,-0.028832987000535645,0.01717378900151351,0.00011912956888056107,0.017590288022443192,1.734723475976807e-17,0.695820722957119,0.549989093288737,0.26573314018992433,0.11285023744172717,0.22528469017533734,0.04274703240871915,0.0,101,479789,0.9077680670777694,0.9185556994818653,0.8730830248545743,0.5641110467841094,0.39250008648424256,0.1567157095396298,0.00192905824869808,0.0019500640373701708,0.0019517595070292829,0.017173789001513947,0.0469810687614764,0.025744650252506832,0.007882631740202465,0.07560198337185721,0.06024940129932116,0.04391513769594551,/common/users/shared/pracsys/adaptive_roa_experiments/quadrotor_stoch/q2d_cs_dir00_s43,0.9523831022834409,0.5943511018174643
fm,corridor_sine_ambient_smooth,dir00_s43,14,9000,0.0024593104838309876,100.0,0.06894656341713779,50.0,0.035799736967708704,0.006296163230559467,0.006150065136218291,0.031513791896937156,0.01460980943411762,0.01352589643891505,0.042607102789377564,0.04233658486059926,0.042336584860599255,0.9631671422229355,0.9617081675486516,0.9616935778019088,-0.028925423467399212,0.016972858099880417,0.00011814252413460577,0.017389474122999904,2.7755575615628914e-17,0.6996805111821086,0.5554587688734031,0.2538264788274938,0.11079953300419774,0.22528469017533734,0.04274703240871915,0.0,101,479789,0.9120552921890922,0.9240801867804525,0.8778433024431339,0.5675295674468613,0.39706645449199157,0.1483626008542952,0.0016557584079088955,0.0016296687623965312,0.001641691879653205,0.016972858099880868,0.04704359624751714,0.02588846347040053,0.007422012593035689,0.07560198337185721,0.06024940129932116,0.04391513769594551,/common/users/shared/pracsys/adaptive_roa_experiments/quadrotor_stoch/q2d_cs_dir00_s43,0.9558578284072312,0.5990971365364832
fm,corridor_sine_ambient_smooth,dir00_s43,15,9500,0.0028244280954519917,100.0,0.07508549137971245,50.0,0.037997723999508105,0.007621097579306172,0.007476993002275246,0.031055460893622856,0.014410457703092593,0.01352589643891505,0.042607102789377564,0.04233658486059926,0.042336584860599255,0.9611600099210278,0.9576834816971627,0.9600887056601964,-0.0320679923883207,0.018758116969251688,0.00012628258184108843,0.019172739475060915,3.469446951953614e-17,0.6749009961445194,0.4753340052200428,0.18051097701887278,0.11693846096678147,0.22528469017533734,0.04274703240871915,0.0,101,479789,0.9189946788293425,0.9394279877425945,0.9181541140618198,0.5332616546742757,0.3181582315702079,0.10009492168960607,0.0019789270050544973,0.0018387057943293108,0.0018194779944117328,0.01875811696925304,0.0438692842061823,0.020404802944627744,0.0047875211811858965,0.07560198337185721,0.06024940129932116,0.04391513769594551,/common/users/shared/pracsys/adaptive_roa_experiments/quadrotor_stoch/q2d_cs_dir00_s43,0.9542785837122716,0.556928906027349
fm,corridor_sine_ambient_smooth,dir00_s43,16,10000,0.002497080827303764,100.0,0.06976664939729064,50.0,0.03637438540691845,0.006553143315606065,0.006406021633686586,0.031338981965955866,0.014712168191947848,0.01352589643891505,0.042607102789377564,0.04233658486059926,0.042336584860599255,0.9626981860776299,0.9604951343194612,0.9613184128856643,-0.02953000172992712,0.017403624528329997,0.00011997289490184659,0.017821264139027782,1.734723475976807e-17,0.6943766116224662,0.5338874680306905,0.23835515246029465,0.11161961898435736,0.22528469017533734,0.04274703240871915,0.0,101,479789,0.9122767656824913,0.923279748235094,0.8808007279344859,0.5604995451162021,0.37551458124329745,0.13782629330802088,0.0016584636730950669,0.0015746889264053555,0.0016101495935084567,0.01740362452833054,0.04644958513013012,0.024504521779365514,0.0068717707158771875,0.07560198337185721,0.06024940129932116,0.04391513769594551,/common/users/shared/pracsys/adaptive_roa_experiments/quadrotor_stoch/q2d_cs_dir00_s43,0.9565035100019934,0.5889223331160383
fm,corridor_sine_ambient_smooth,dir00_s43,17,10500,0.0023432312594639185,100.0,0.06433698440612516,50.0,0.035142281294485704,0.006245217363071606,0.006092714576229974,0.0323869113998517,0.015250278684163168,0.01352589643891505,0.042607102789377564,0.04233658486059926,0.042336584860599255,0.9651576005285657,0.9625689626064791,0.961037039198481,-0.028838135096886333,0.016042388036977565,0.00011128182333299734,0.016465408752597492,2.0816681711721685e-17,0.7189428201550127,0.5649993944531913,0.21997830259534343,0.10618995399318903,0.22528469017533734,0.04274703240871915,0.0,100,479789,0.9213565457209343,0.94223622556148,0.9102209944751382,0.5894466958895046,0.4034662884422458,0.12510678690080684,0.001649548207953216,0.0015111134931056593,0.0014921919496242947,0.01604238803697778,0.04836709470204611,0.025798840740408804,0.00603598665246598,0.07560198337185721,0.06024940129932116,0.04391513769594551,/common/users/shared/pracsys/adaptive_roa_experiments/quadrotor_stoch/q2d_cs_dir00_s43,0.9592759591448735,0.6210750562474516
fm,corridor_sine_ambient_smooth,dir00_s43,18,11000,0.002388050749466528,100.0,0.06987865659184014,50.0,0.0372639431083247,0.008186477123156503,0.00804040001657655,0.03230423626355507,0.014607710657995267,0.01352589643891505,0.042607102789377564,0.04233658486059926,0.042336584860599255,0.9626043948485689,0.9577230824383218,0.959740635987903,-0.03223152260681258,0.018072748613620775,0.00012128132815833927,0.01848934364897904,3.8163916471489756e-17,0.6863286713286714,0.47133027522935783,0.16532711088064989,0.11173162617890263,0.22528469017533734,0.04274703240871915,0.0,100,479789,0.9379748650069288,0.955712926751929,0.9232625482625483,0.5411463071706227,0.3127962085308057,0.09079259610821072,0.0015702873408476661,0.0014877120985329422,0.0014805074158720662,0.01807274861362208,0.043617090012484656,0.019719084847714306,0.004318565035880356,0.07560198337185721,0.06024940129932116,0.04391513769594551,/common/users/shared/pracsys/adaptive_roa_experiments/quadrotor_stoch/q2d_cs_dir00_s43,0.9596777419847219,0.5731174662970923
fm,corridor_sine_ambient_smooth,dir00_s43,19,11500,0.002241261958332863,100.0,0.06464662998840066,50.0,0.03539733091004588,0.006446898872131077,0.0062961411305809244,0.03221610062584507,0.01507577415501524,0.01352589643891505,0.042607102789377564,0.04233658486059926,0.042336584860599255,0.9647386663720927,0.9613934458689132,0.9614684788521621,-0.028990556265358302,0.016416625365335138,0.00011366442736455988,0.016837901035663596,2.42861286636753e-17,0.7142133180175007,0.545079450843628,0.23956233803627988,0.10649959957547048,0.22528469017533734,0.04274703240871915,0.0,101,479789,0.9221374045801527,0.9396274343776461,0.8984881209503239,0.5828026355691561,0.38388625592417064,0.1382059800664452,0.0014830127636623262,0.0014163713631516802,0.0014096919953500763,0.01641662536533562,0.04778142058279786,0.02461498700470415,0.006755052741934476,0.07560198337185721,0.06024940129932116,0.04391513769594551,/common/users/shared/pracsys/adaptive_roa_experiments/quadrotor_stoch/q2d_cs_dir00_s43,0.9608437340906765,0.6122354833440202
fm,corridor_sine_ambient_smooth,dir00_s43,20,12000,0.001902512061787399,100.0,0.05768393391631472,50.0,0.03346716994345431,0.00498080142878859,0.004823606579394461,0.03244798979745205,0.01571948493941287,0.01352589643891505,0.042607102789377564,0.04233658486059926,0.042336584860599255,0.9663748022568254,0.9649721023199782,0.9630754352434091,-0.025574575490476016,0.01471220164254167,0.00010493960391249227,0.015139914420714105,5.204170427930421e-18,0.7349118454131681,0.6096348601690978,0.3053093874990197,0.09953690350339012,0.22528469017533734,0.04274703240871915,0.0,101,479789,0.9095826893353941,0.9277483209614705,0.8783844765342961,0.616519174041298,0.4539730861037119,0.18476506881822496,0.0011497632254927825,0.0011255536542135126,0.0011534234152612368,0.014712201642541249,0.05124335905992009,0.029481709668208317,0.009237393937751803,0.07560198337185721,0.06024940129932116,0.04391513769594551,/common/users/shared/pracsys/adaptive_roa_experiments/quadrotor_stoch/q2d_cs_dir00_s43,0.9642927206492524,0.6524943688541669
fm,corridor_sine_ambient_smooth,dir00_s43,21,12500,0.0018349861845432984,100.0,0.0581055239694316,50.0,0.03415540998230472,0.005699309123831846,0.0055411587133957435,0.03271253689731702,0.015815041043610267,0.01352589643891505,0.042607102789377564,0.04233658486059926,0.042336584860599255,0.966114271064989,0.9636486038654491,0.961887413008635,-0.027079757976944036,0.015165206676677995,0.0001062034840880545,0.015593875015892407,1.5612511283791264e-17,0.7307208162183649,0.5851628095045549,0.25515274949083505,0.09995849355650417,0.22528469017533734,0.04274703240871915,0.0,101,479789,0.9151972783470937,0.9364342265529841,0.9,0.6081382846745513,0.4255370671463659,0.14864736592311342,0.0011120426411044587,0.0010425513543127366,0.0010456955870574768,0.01516520667667767,0.050236666534664194,0.027378701887704804,0.007253188380725694,0.07560198337185721,0.06024940129932116,0.04391513769594551,/common/users/shared/pracsys/adaptive_roa_experiments/quadrotor_stoch/q2d_cs_dir00_s43,0.9659105722591804,0.6417942843851921
fm,corridor_sine_ambient_smooth,dir00_s43,22,13000,0.0019852674604872215,100.0,0.060530358559685596,50.0,0.03434555606735461,0.0059640941570727034,0.005810913504912708,0.03270274727378167,0.015318065215999519,0.01352589643891505,0.042607102789377564,0.04233658486059926,0.042336584860599255,0.9656932526589813,0.9631671422229355,0.9623792958988222,-0.0278640819193437,0.015444751091730307,0.00010855509390443292,0.015868449672668615,1.3877787807814457e-17,0.7245925777197737,0.5755596118743395,0.2697629258030585,0.10238332814675186,0.22528469017533734,0.04274703240871915,0.0,101,479789,0.9216787979398119,0.9413151072354466,0.9139254385964912,0.5969453863755411,0.41450167779430586,0.158234456573327,0.0012412913642916028,0.0011861720114795223,0.0011889789367883123,0.015444751091730158,0.048965274318502505,0.02653041232708545,0.007603342302553831,0.07560198337185721,0.06024940129932116,0.04391513769594551,/common/users/shared/pracsys/adaptive_roa_experiments/quadrotor_stoch/q2d_cs_dir00_s43,0.9638348586527776,0.6351913801600932
fm,corridor_sine_ambient_smooth,dir00_s43,23,13500,0.002263480530469758,100.0,0.06358068393550351,50.0,0.03484377507612722,0.006196698320939572,0.006044155533349295,0.03244772291761161,0.015254278759027724,0.01352589643891505,0.042607102789377564,0.04233658486059926,0.042336584860599255,0.9655119229494632,0.9626273215934504,0.9611162406807993,-0.028724251702310803,0.01593301747633697,0.00011169130439342937,0.016356078192705546,1.734723475976807e-17,0.7216418538144502,0.5646230423697948,0.22383092028623733,0.10543365352256796,0.22528469017533734,0.04274703240871915,0.0,101,479789,0.9256430174348351,0.9469783352337514,0.9069453809844908,0.5913213685110137,0.4022209153492234,0.12766967252017086,0.0015646301039017427,0.0014280227191233229,0.0014717174307978093,0.01593301747633734,0.0482962302178666,0.025590415786939675,0.00618188411989437,0.07560198337185721,0.06024940129932116,0.04391513769594551,/common/users/shared/pracsys/adaptive_roa_experiments/quadrotor_stoch/q2d_cs_dir00_s43,0.9608309188786722,0.6236584143761414
fm,corridor_sine_ambient_smooth,dir00_s44,0,2000,0.009293457678424905,100.0,0.13574178549566468,50.0,0.04478943869075782,0.00920254278852558,0.009100476280375563,0.024856684171951672,0.010206650815001564,0.01352589643891505,0.042607102789377564,0.04233658486059926,0.042336584860599255,0.948195977815248,0.9505553482885185,0.9594592623007197,-0.03960015756926482,0.026580376969023052,0.0001703974303681588,0.02695296140595137,-1.0061396160665481e-16,0.510391017433271,0.3315393502211953,0.174580946318693,0.17759475508270217,0.22528469017533734,0.04274703240871915,0.0,100,479789,0.8939414849572178,0.8938012762078396,0.8244488977955912,0.3571527031125079,0.2035147196180856,0.09762695775984813,0.008391996328325636,0.008515392150732732,0.008425769607537012,0.026580376969026064,0.030204944256746195,0.01371853043733808,0.005200202589054772,0.07560198337185721,0.06024940129932116,0.04391513769594551,/common/users/shared/pracsys/adaptive_roa_experiments/quadrotor_stoch/q2d_cs_dir00_s44,0.8783504799348276,0.3721653020302965
fm,corridor_sine_ambient_smooth,dir00_s44,1,2500,0.008928061895328451,100.0,0.13596822369562292,50.0,0.045109808686735205,0.01097943216366649,0.010881641110271829,0.026226308061639596,0.009779105339466247,0.01352589643891505,0.042607102789377564,0.04233658486059926,0.042336584860599255,0.9478437396438851,0.949694553230691,0.958585961745684,-0.04208364510232622,0.026991917909231375,0.00017143946596859553,0.027360226891404344,-1.1449174941446927e-16,0.489535310676839,0.29140978216194,0.1164176449662042,0.17782119328264948,0.22528469017533734,0.04274703240871915,0.0,100,479789,0.9411718566162052,0.9627546071774976,0.9231311706629055,0.3307970115512916,0.17168851835195628,0.06212624584717608,0.008026632399974358,0.008172844326876129,0.008068298162759523,0.026991917909234248,0.026572097317779275,0.010744306351333607,0.0029554658401922513,0.07560198337185721,0.06024940129932116,0.04391513769594551,/common/users/shared/pracsys/adaptive_roa_experiments/quadrotor_stoch/q2d_cs_dir00_s44,0.8817873648288932,0.3624446091221796
fm,corridor_sine_ambient_smooth,dir00_s44,2,3000,0.00798388342200449,100.0,0.1298091663349165,50.0,0.04522719362052902,0.011181492612658384,0.011078178601160359,0.026382986894963004,0.010331401149802577,0.01352589643891505,0.042607102789377564,0.04233658486059926,0.042336584860599255,0.9479625418673625,0.9487232929475249,0.9581920385836273,-0.04174103616381367,0.02703177656679657,0.00017128689172614818,0.02740560850707289,-5.551115123125783e-17,0.4961962992110095,0.27113823546838894,0.09859344807441693,0.17166213592195087,0.22528469017533734,0.04274703240871915,0.0,97,479789,0.9255495332731105,0.9440891272952342,0.9273034657650042,0.3389573511978607,0.1583007576019649,0.05206454674893213,0.007031954030909009,0.007045919324398417,0.006958450359447501,0.027031776566799247,0.027687170818839115,0.01010235749464869,0.002465667199539798,0.07560198337185721,0.06024940129932116,0.04391513769594551,/common/users/shared/pracsys/adaptive_roa_experiments/quadrotor_stoch/q2d_cs_dir00_s44,0.8943668042196905,0.3615031383423224
fm,corridor_sine_ambient_smooth,dir00_s44,3,3500,0.005958305662065138,100.0,0.10903364579023654,50.0,0.04215982442281919,0.009260555634169857,0.009142194488421256,0.027666204867922005,0.01183611457486015,0.01352589643891505,0.042607102789377564,0.04233658486059926,0.042336584860599255,0.9527479787990137,0.9523457186388183,0.9597114564944174,-0.037339580523938654,0.02381257448109859,0.00015621135351759157,0.024201453555625495,7.632783294297951e-17,0.5707957062531948,0.36598081082580003,0.16752799310938846,0.1508866153772797,0.22528469017533734,0.04274703240871915,0.0,100,479789,0.9109862218999275,0.9222921034241789,0.9046511627906977,0.4155983789595567,0.228283806690421,0.09231134314190792,0.005014702435717091,0.004972985204836707,0.005071317340792506,0.0238125744811015,0.03449016130007149,0.01491280542071619,0.004481136499586276,0.07560198337185721,0.06024940129932116,0.04391513769594551,/common/users/shared/pracsys/adaptive_roa_experiments/quadrotor_stoch/q2d_cs_dir00_s44,0.915142270689253,0.43754144176943577
fm,corridor_sine_ambient_smooth,dir00_s44,4,4000,0.005973145970219383,100.0,0.11291632849254672,50.0,0.04397937426660471,0.01045480174905058,0.010338975316004285,0.027311904017365832,0.011582643304629431,0.01352589643891505,0.042607102789377564,0.04233658486059926,0.042336584860599255,0.9495861722548871,0.9499133994318336,0.9585005075147617,-0.03954709257611158,0.025363656159237788,0.00016209142914758466,0.025750000521062386,7.28583859910259e-17,0.5243638651826797,0.30140411058461003,0.11305626085794468,0.15476929807960066,0.22528469017533734,0.04274703240871915,0.0,100,479789,0.9144091626088746,0.943918426802622,0.9202320522117476,0.3675736773908968,0.17933372539523298,0.06022781205505458,0.0049241696303358225,0.004882414968113248,0.004957204916606929,0.025363656159240335,0.03039044246533372,0.011446698444524572,0.0028741801083392907,0.07560198337185721,0.06024940129932116,0.04391513769594551,/common/users/shared/pracsys/adaptive_roa_experiments/quadrotor_stoch/q2d_cs_dir00_s44,0.9165033659025864,0.40090453108695134
fm,corridor_sine_ambient_smooth,dir00_s44,5,4500,0.005158061375591391,100.0,0.10115277413125844,50.0,0.042001317245705924,0.008629729400740367,0.008499991084164295,0.027813844793574943,0.012973831657607238,0.01352589643891505,0.042607102789377564,0.04233658486059926,0.042336584860599255,0.9540110340170367,0.9524540996146222,0.9588402401889163,-0.03647276198495588,0.023022731151188688,0.00015039854294138564,0.02342298739654306,7.28583859910259e-17,0.589892756909466,0.36506346025384107,0.12503322995126276,0.14300574371832162,0.22528469017533734,0.04274703240871915,0.0,100,479789,0.905248146035368,0.9340549779233728,0.9406666666666667,0.4374879386871778,0.22686546511225655,0.06696725201708591,0.004175670393212056,0.004143581524399948,0.004139566162236884,0.02302273115119044,0.03653689434313834,0.014633515983067558,0.003126374302036937,0.07560198337185721,0.06024940129932116,0.04391513769594551,/common/users/shared/pracsys/adaptive_roa_experiments/quadrotor_stoch/q2d_cs_dir00_s44,0.9253746077470939,0.45619772527720104
fm,corridor_sine_ambient_smooth,dir00_s44,6,5000,0.004976271552107886,100.0,0.0997725594080287,50.0,0.04155758051977016,0.008940512135729606,0.008811732140247164,0.028354883328509568,0.012877999548244177,0.01352589643891505,0.042607102789377564,0.04233658486059926,0.042336584860599255,0.9547801220953377,0.952935561257136,0.9585713719989412,-0.03652295071375125,0.022793433672336924,0.0001497506662431778,0.023192731596597665,6.245004513516506e-17,0.5973423406703536,0.37526628855996674,0.11520142443801469,0.1416255289950808,0.22528469017533734,0.04274703240871915,0.0,100,479789,0.9139076608552444,0.9369991710417243,0.9275985663082438,0.443663330852149,0.23461445324661848,0.061414333175130516,0.003967798837161383,0.003980864077013319,0.004013248143001426,0.02279343367233817,0.03670155005637895,0.015085798132095566,0.0029075281008943514,0.07560198337185721,0.06024940129932116,0.04391513769594551,/common/users/shared/pracsys/adaptive_roa_experiments/quadrotor_stoch/q2d_cs_dir00_s44,0.9270848993581589,0.46161378516032026
fm,corridor_sine_ambient_smooth,dir00_s44,7,5500,0.004773278089385414,100.0,0.09934016265776466,50.0,0.041975118229054864,0.00894108229821693,0.008810918405254806,0.028098148509015215,0.013016389296212304,0.01352589643891505,0.042607102789377564,0.04233658486059926,0.042336584860599255,0.9543861989332811,0.9523040336481244,0.9584796650194148,-0.03662610022322312,0.023049354756838905,0.0001506070029215754,0.023450036578579327,4.85722573273506e-17,0.5935253802863989,0.36117469711350564,0.11118547271672691,0.1411931322448267,0.22528469017533734,0.04274703240871915,0.0,100,479789,0.9094945355191257,0.9355025307302964,0.9277736411020104,0.4404929286245968,0.2237866260767288,0.05913621262458472,0.003762658067666551,0.003725225024043289,0.0037453949878582795,0.02304935475684058,0.03661609582545661,0.01441258553239028,0.0027991471250904043,0.07560198337185721,0.06024940129932116,0.04391513769594551,/common/users/shared/pracsys/adaptive_roa_experiments/quadrotor_stoch/q2d_cs_dir00_s44,0.9299997140192329,0.45556886950770803
fm,corridor_sine_ambient_smooth,dir00_s44,8,6000,0.004596077247969957,100.0,0.0945606854442545,50.0,0.04066723080354073,0.008222092604277363,0.008089297253644379,0.02859171996174638,0.013279535063298344,0.01352589643891505,0.042607102789377564,0.04233658486059926,0.042336584860599255,0.9560452615628954,0.9544216311753708,0.9591612146172588,-0.03484250368391105,0.021834162152497328,0.00014496281049997643,0.02223747543190861,5.898059818321144e-17,0.6164450830256625,0.4125611132004513,0.14830913674693558,0.13641365503131164,0.22528469017533734,0.04274703240871915,0.0,101,479789,0.9057723142704436,0.9230676764034139,0.881198347107438,0.46720701348110166,0.26564499948109455,0.08096820123398196,0.003586951944536991,0.003590849908399592,0.0036430096330410627,0.0218341621524981,0.038996308794074064,0.017338871879096853,0.00403510709916234,0.07560198337185721,0.06024940129932116,0.04391513769594551,/common/users/shared/pracsys/adaptive_roa_experiments/quadrotor_stoch/q2d_cs_dir00_s44,0.9316859208449513,0.4842720019956689
fm,corridor_sine_ambient_smooth,dir00_s44,9,6500,0.003990442225048089,100.0,0.08650444776897476,50.0,0.03916444520403761,0.0073500332098997865,0.007211237515386683,0.029272770371887025,0.013879569451310367,0.01352589643891505,0.042607102789377564,0.04233658486059926,0.042336584860599255,0.9587943866991532,0.9566851261700455,0.9598636067104498,-0.03270956608008937,0.02027505200409896,0.00013669450528119989,0.020684365627390375,4.85722573273506e-17,0.65091641063672,0.4625808119989656,0.17982026491758593,0.12835741735603765,0.22528469017533734,0.04274703240871915,0.0,100,479789,0.9052600559893915,0.9161118508655126,0.8762972187629722,0.5081465552890579,0.30940602622202235,0.10018984337921215,0.002979177539833542,0.0030527709614453363,0.0030883919878212478,0.020275052004099934,0.04243740477584938,0.020348528207191078,0.005020957129071321,0.07560198337185721,0.06024940129932116,0.04391513769594551,/common/users/shared/pracsys/adaptive_roa_experiments/quadrotor_stoch/q2d_cs_dir00_s44,0.9385998480329626,0.5210985470165301
fm,corridor_sine_ambient_smooth,dir00_s44,10,7000,0.0039013709860838495,100.0,0.08716210131388186,50.0,0.039171531652455564,0.0074912679278404965,0.007355057069073055,0.029367349163993674,0.013621085876744097,0.01352589643891505,0.042607102789377564,0.04233658486059926,0.042336584860599255,0.9581441008443294,0.9568518661328209,0.9602679511201799,-0.03299177346708657,0.0203242927656787,0.00013709169285426544,0.020731021553224437,5.204170427930421e-17,0.6424654607605753,0.46353977714433797,0.19200610350527697,0.12901507090094055,0.22528469017533734,0.04274703240871915,0.0,101,479789,0.906911284242272,0.9236806774759888,0.8977407847800237,0.49742232514542495,0.30940602622202235,0.10749881347887992,0.002895943846181003,0.002965715868039258,0.0029823017808386872,0.0203242927656795,0.041466144492683245,0.020181788244415775,0.005258561576026128,0.07560198337185721,0.06024940129932116,0.04391513769594551,/common/users/shared/pracsys/adaptive_roa_experiments/quadrotor_stoch/q2d_cs_dir00_s44,0.9389465250822548,0.5199354687535602
fm,corridor_sine_ambient_smooth,dir00_s44,11,7500,0.0030379887896391285,100.0,0.07701314994804871,50.0,0.03825454522717278,0.007484657669101215,0.007340874773880292,0.030526237489006805,0.014378289522092325,0.01352589643891505,0.042607102789377564,0.04233658486059926,0.042336584860599255,0.9603492368520329,0.9571311555704696,0.9601845811387922,-0.03183926684438367,0.01915122214547278,0.0001289499860219066,0.01956552296947199,1.734723475976807e-17,0.6663977834671905,0.4690210656753408,0.19331953887082473,0.11886611953511672,0.22528469017533734,0.04274703240871915,0.0,101,479789,0.9155784705825664,0.9242038864584393,0.8766756032171582,0.5238331541366857,0.31424914380599855,0.10863787375415282,0.0021195497519960788,0.002096216414409277,0.0021187160539199055,0.019151222145473906,0.04325443059344837,0.020486088676480704,0.005441975535078962,0.07560198337185721,0.06024940129932116,0.04391513769594551,/common/users/shared/pracsys/adaptive_roa_experiments/quadrotor_stoch/q2d_cs_dir00_s44,0.9507666671560309,0.5476436701606522
fm,corridor_sine_ambient_smooth,dir00_s44,12,8000,0.0027452932016358827,100.0,0.0732444398016352,50.0,0.03705931148900872,0.00730078648048429,0.00715684185171008,0.03136142217703565,0.01439446287742101,0.01352589643891505,0.042607102789377564,0.04233658486059926,0.042336584860599255,0.9622063031874428,0.9587797969524103,0.9608598779880322,-0.031174349557826463,0.01813200453527372,0.00012390613913845557,0.018546467092826216,1.3877787807814457e-17,0.6844623871091234,0.4981093769826164,0.2141691425701971,0.11509740938869696,0.22528469017533734,0.04274703240871915,0.0,101,479789,0.9279513069736718,0.9348447323299676,0.9051998585072515,0.5421939183414661,0.3395025426367316,0.12145230185097294,0.001952010467164408,0.0018173563178789426,0.001887566881939487,0.018132004535275026,0.04417358463824723,0.021880451615189176,0.005892173434572281,0.07560198337185721,0.06024940129932116,0.04391513769594551,/common/users/shared/pracsys/adaptive_roa_experiments/quadrotor_stoch/q2d_cs_dir00_s44,0.9535325979672623,0.5717178276193846
fm,corridor_sine_ambient_smooth,dir00_s44,13,8500,0.0026699419124025124,100.0,0.07034128763735607,50.0,0.03594946945428094,0.006071616725046667,0.005925846843164035,0.0311517853829623,0.014576988188263145,0.01352589643891505,0.042607102789377564,0.04233658486059926,0.042336584860599255,0.9629357905245848,0.9614768158503009,0.9618999185058432,-0.028663058135972263,0.017110646320801018,0.000119124166444626,0.017526934131461953,2.0816681711721685e-17,0.6978403819686338,0.5526105584198678,0.2666880616174583,0.1121942572244172,0.22528469017533734,0.04274703240871915,0.0,101,479789,0.9094331266607617,0.9201192971142995,0.8615863141524106,0.5661235629807295,0.3948870515792023,0.15775984812529664,0.0018507671936404044,0.0018278064680509326,0.0018403502212490732,0.017110646320801396,0.04706235449332936,0.02585719972738016,0.008041034704839002,0.07560198337185721,0.06024940129932116,0.04391513769594551,/common/users/shared/pracsys/adaptive_roa_experiments/quadrotor_stoch/q2d_cs_dir00_s44,0.9535813111365817,0.5958425466498805
fm,corridor_sine_ambient_smooth,dir00_s44,14,9000,0.0024389412177093614,100.0,0.06816264358171074,50.0,0.03584977979903666,0.0060564760144570405,0.005908764565710136,0.03132133981961448,0.014771144874690391,0.01352589643891505,0.042607102789377564,0.04233658486059926,0.042336584860599255,0.9631400469789845,0.9616414715635415,0.9618978342563085,-0.02845490413494265,0.016924009606694945,0.00011769530472814001,0.017342238984220146,1.734723475976807e-17,0.700715845052546,0.5549644532572423,0.26543978784104155,0.11001561316877775,0.22528469017533734,0.04274703240871915,0.0,101,479789,0.9073100184065211,0.9219088937093276,0.8653392716793293,0.5707551071044579,0.39696267340090635,0.15676317038443285,0.0016117510594558522,0.0015876401708060687,0.0015857341498470943,0.016924009606695465,0.047558405882585884,0.025942653958302503,0.00795558047391666,0.07560198337185721,0.06024940129932116,0.04391513769594551,/common/users/shared/pracsys/adaptive_roa_experiments/quadrotor_stoch/q2d_cs_dir00_s44,0.9568521991123019,0.600250949328571
fm,corridor_sine_ambient_smooth,dir00_s44,15,9500,0.002770996041605439,100.0,0.07432872119321648,50.0,0.037715704194969044,0.007572662475744347,0.0074283051634569655,0.03123566608819208,0.014435731228738155,0.01352589643891505,0.042607102789377564,0.04233658486059926,0.042336584860599255,0.961320497135199,0.9581857858350233,0.9598969547030048,-0.031790557932757924,0.018529223935864172,0.00012501272663177797,0.018944099176929848,1.734723475976807e-17,0.6767574723054415,0.48590610906109066,0.17600959273692776,0.11618169078028037,0.22528469017533734,0.04274703240871915,0.0,100,479789,0.9190122522352051,0.9371355144805772,0.9009206488382289,0.5355774267361398,0.32798284152627394,0.09753203607024205,0.0019103425775987778,0.0018148722378966723,0.001816572811829733,0.01852922393586547,0.044058950913839205,0.021086352542471796,0.004754173188630835,0.07560198337185721,0.06024940129932116,0.04391513769594551,/common/users/shared/pracsys/adaptive_roa_experiments/quadrotor_stoch/q2d_cs_dir00_s44,0.953963175284781,0.5623354128143556
fm,corridor_sine_ambient_smooth,dir00_s44,16,10000,0.0023525486539993303,100.0,0.06651179121238454,50.0,0.03574944402643661,0.006324786761371195,0.0061737681012535356,0.031867600248576364,0.01510186601176599,0.01352589643891505,0.042607102789377564,0.04233658486059926,0.042336584860599255,0.9643885124502646,0.9615935338242436,0.9607869292543181,-0.0289123552228167,0.016642752713276456,0.0001145830050148055,0.01706428930217241,1.3877787807814457e-17,0.7119107034464153,0.5518616697876894,0.22017740197297522,0.10836476079944903,0.22528469017533734,0.04274703240871915,0.0,101,479789,0.916474929455177,0.9290861447756306,0.8691099476439791,0.5820031428335125,0.39250008648424256,0.12605600379686757,0.0015885946700320778,0.0015026335926730304,0.0015341256867907643,0.016642752713276886,0.048010688031613895,0.025452855317650052,0.006369466578016587,0.07560198337185721,0.06024940129932116,0.04391513769594551,/common/users/shared/pracsys/adaptive_roa_experiments/quadrotor_stoch/q2d_cs_dir00_s44,0.957934675721591,0.6068943026917338
fm,corridor_sine_ambient_smooth,dir00_s44,17,10500,0.0022360152814596373,100.0,0.06354074883053892,50.0,0.034863471234230045,0.006150327874521939,0.00599832772235067,0.032480398260072,0.015200015217126907,0.01352589643891505,0.042607102789377564,0.04233658486059926,0.042336584860599255,0.9652659815043696,0.9628524205431971,0.9615143323419253,-0.02854561067469242,0.015854514322877947,0.00011050597608515799,0.01627703240382752,1.734723475976807e-17,0.7202310003861199,0.5697317915167902,0.2364470909316462,0.10539371841760296,0.22528469017533734,0.04274703240871915,0.0,101,479789,0.9208809135399674,0.9427932246724193,0.918406681657565,0.5913765059410581,0.4082056249351368,0.1356905552918842,0.0014880404734894572,0.0014186887035187092,0.0014225058497106863,0.015854514322878155,0.04855050866109894,0.026086467176196202,0.00648826880149399,0.07560198337185721,0.06024940129932116,0.04391513769594551,/common/users/shared/pracsys/adaptive_roa_experiments/quadrotor_stoch/q2d_cs_dir00_s44,0.9601549661148403,0.6255126771542447
fm,corridor_sine_ambient_smooth,dir00_s44,18,11000,0.0023862409085022873,100.0,0.0702573013628928,50.0,0.03731333982229688,0.008120649049774602,0.007974450214600613,0.03211819868140993,0.014619883517398886,0.01352589643891505,0.042607102789377564,0.04233658486059926,0.042336584860599255,0.962502266621369,0.9576334597083301,0.9597281304906948,-0.03214119123197906,0.018192836393789966,0.00012233553755570636,0.01860955315774226,2.42861286636753e-17,0.6857302566073331,0.47132565216260497,0.16643658326143226,0.1121102709499571,0.22528469017533734,0.04274703240871915,0.0,100,479789,0.9358253075236006,0.9495912806539509,0.9142180094786729,0.5411187384556005,0.3134534887743453,0.09155196962505932,0.001533944910422112,0.0014716132185382544,0.0014958244912422005,0.01819283639379107,0.043715049740615144,0.019887909060024304,0.004397766518198625,0.07560198337185721,0.06024940129932116,0.04391513769594551,/common/users/shared/pracsys/adaptive_roa_experiments/quadrotor_stoch/q2d_cs_dir00_s44,0.9596492578598822,0.5702809649457291
fm,corridor_sine_ambient_smooth,dir00_s44,19,11500,0.0020965671064622875,100.0,0.06205413588709808,50.0,0.03475279758393793,0.006270776863917439,0.006118373003137813,0.032536678625343145,0.015240386077962596,0.01352589643891505,0.042607102789377564,0.04233658486059926,0.042336584860599255,0.9654243844690061,0.9621541969490756,0.9616602298093537,-0.028402381046668434,0.01591827923839394,0.00011118473839175545,0.016341201027951873,1.3877787807814457e-17,0.7214133373637631,0.5585861532477635,0.2481095442468833,0.1039071054741633,0.22528469017533734,0.04274703240871915,0.0,101,479789,0.922875311506402,0.9394881020524981,0.8939617083946981,0.5921484299616795,0.397446985159304,0.1440436639772188,0.001397941531392768,0.00125066621408773,0.0012566786234284326,0.01591827923839405,0.04850882367040511,0.0254882875597398,0.007076027170276934,0.07560198337185721,0.06024940129932116,0.04391513769594551,/common/users/shared/pracsys/adaptive_roa_experiments/quadrotor_stoch/q2d_cs_dir00_s44,0.9630003675221254,0.624006534990772
fm,corridor_sine_ambient_smooth,dir00_s44,20,12000,0.0018948120842311998,100.0,0.057742274981031405,50.0,0.03344793232024911,0.005155963426199446,0.004999881269209181,0.03264431630676294,0.01560821569902645,0.01352589643891505,0.042607102789377564,0.04233658486059926,0.042336584860599255,0.9666582601935434,0.9650825675453168,0.9629691385171398,-0.025860555369131018,0.014692149823045519,0.00010453341808257141,0.015118749908814087,1.734723475976807e-17,0.737051465391127,0.6112361636460678,0.3010346591132617,0.09959524456810104,0.22528469017533734,0.04274703240871915,0.0,101,479789,0.9127177984041687,0.9283800930494854,0.879742469533226,0.6180905907975629,0.4555989898640468,0.18158519221642144,0.0011980666711754397,0.0011170363224386826,0.0011194119365998685,0.01469214982304522,0.051197505570156884,0.02956716389913066,0.009064401226372426,0.07560198337185721,0.06024940129932116,0.04391513769594551,/common/users/shared/pracsys/adaptive_roa_experiments/quadrotor_stoch/q2d_cs_dir00_s44,0.9644178329150764,0.6529679975032932
fm,corridor_sine_ambient_smooth,dir00_s44,21,12500,0.0019686241486296676,100.0,0.06006857401449394,50.0,0.034326443499121485,0.006043225583732167,0.005889267975978203,0.03282412706378419,0.015395760775396406,0.01352589643891505,0.042607102789377564,0.04233658486059926,0.042336584860599255,0.9659433626031443,0.9634276734147719,0.9615664385802926,-0.027862977267090323,0.015401725772793291,0.00010770944054594052,0.01582620130932556,1.734723475976807e-17,0.7268198080716889,0.5803658974052374,0.24475753604193973,0.10192154360155838,0.22528469017533734,0.04274703240871915,0.0,101,479789,0.9233677413873668,0.9400371862410908,0.8930065750149432,0.5992611584374052,0.4197599197426229,0.14181300427147603,0.0012105210995797008,0.0011556042163004179,0.0011567348129773365,0.015401725772793222,0.04906531829616769,0.02690349299379519,0.006973898943077061,0.07560198337185721,0.06024940129932116,0.04391513769594551,/common/users/shared/pracsys/adaptive_roa_experiments/quadrotor_stoch/q2d_cs_dir00_s44,0.9643505820349544,0.6362076482194723
fm,corridor_sine_ambient_smooth,dir00_s44,22,13000,0.002103508797530929,100.0,0.06167463984579916,50.0,0.03452621881702162,0.00585022535249436,0.005695837776693204,0.032460310702956074,0.015438757580115548,0.01352589643891505,0.042607102789377564,0.04233658486059926,0.042336584860599255,0.9658328973778056,0.9631212887331723,0.9619874569863003,-0.02789680463703836,0.015572111934336394,0.00010928059381388002,0.01599701743891585,0.0,0.7266967873159834,0.5745407329037222,0.2554094880378868,0.10352760943286894,0.22528469017533734,0.04274703240871915,0.0,101,479789,0.9192677577189134,0.9421181294850564,0.9135514018691588,0.6008325751936702,0.41329089839831185,0.1484575225439013,0.0013383065975718068,0.0013333996888945274,0.0013149800656835715,0.01557211193433644,0.049413387968461134,0.026430368349420266,0.007136470406782982,0.07560198337185721,0.06024940129932116,0.04391513769594551,/common/users/shared/pracsys/adaptive_roa_experiments/quadrotor_stoch/q2d_cs_dir00_s44,0.9622748992667075,0.6321830873791463
fm,corridor_sine_ambient_smooth,dir00_s44,23,13500,0.0020656038420301527,100.0,0.06150552295344789,50.0,0.03408665059015526,0.006202087566424297,0.0060533716672993634,0.03297516706639759,0.014871589912493313,0.01352589643891505,0.042607102789377564,0.04233658486059926,0.042336584860599255,0.9656640731654956,0.9640029262863468,0.9622313141818591,-0.02835809074405624,0.015414789461501066,0.00010943191510498414,0.015834023289404302,2.7755575615628914e-17,0.7215818827108332,0.587183593469895,0.26334403837554377,0.10335849254050535,0.22528469017533734,0.04274703240871915,0.0,101,479789,0.9323492160545049,0.9499613302397525,0.9178237461037121,0.5885369282937722,0.4249143805998547,0.15372567631703846,0.0013348186770487558,0.0012565939775522764,0.0012420825267517848,0.015414789461501122,0.047723061595826496,0.026949346483558397,0.007355316607925567,0.07560198337185721,0.06024940129932116,0.04391513769594551,/common/users/shared/pracsys/adaptive_roa_experiments/quadrotor_stoch/q2d_cs_dir00_s44,0.963176964912424,0.6358990808479945
fm,corridor_sine_ambient_smooth,epi_bald,0,2000,0.009666241582166423,100.0,0.13788422029449376,50.0,0.04496372363684867,0.009248335392701713,0.009146505857407883,0.024814197970236027,0.010182953529382897,0.01352589643891505,0.042607102789377564,0.04233658486059926,0.042336584860599255,0.9482397470554764,0.9504678098080614,0.959038243894712,-0.040176160770672105,0.026668892747770997,0.0001705518671714358,0.02704124021184312,-1.3183898417423734e-16,0.5086462743856596,0.3270946003341167,0.15014054054054055,0.17973718988152987,0.22528469017533734,0.04274703240871915,0.0,99,479789,0.9008339757516294,0.9010920436817472,0.8447688564476885,0.35436826289526646,0.19981319403604664,0.0823920265780731,0.008757224142705312,0.00893891757916214,0.008802046048207723,0.026668892747773936,0.029740156610510035,0.013360039517371178,0.004283132793790604,0.07560198337185721,0.06024940129932116,0.04391513769594551,/common/users/shared/pracsys/adaptive_roa_experiments/quadrotor_stoch/q2d_cs_epi_bald,0.8743281340342025,0.3700745387096509
fm,corridor_sine_ambient_smooth,epi_bald,1,2500,0.005245631831817847,100.0,0.08841915236163929,50.0,0.03555925625639605,0.005155161520868079,0.005026016880666287,0.029577625646166283,0.012914464020179239,0.01352589643891505,0.042607102789377564,0.04233658486059926,0.042336584860599255,0.9616664825579577,0.9629983180106255,0.9653556042343614,-0.02933631242066826,0.017784976095099325,0.00012900072501958676,0.018184638664079423,6.245004513516506e-17,0.6826886580863324,0.5762906035943579,0.3671184891867195,0.13027212194868357,0.22528469017533734,0.04274703240871915,0.0,101,479789,0.9122135644796902,0.9292641625615764,0.9281863688871775,0.5454470267140848,0.4176497042238904,0.22880873279544375,0.004589550445326714,0.004623635085247811,0.0046015646301040035,0.01778497609509995,0.04520528815791942,0.027078569954709256,0.010825592083186567,0.07560198337185721,0.06024940129932116,0.04391513769594551,/common/users/shared/pracsys/adaptive_roa_experiments/quadrotor_stoch/q2d_cs_epi_bald,0.9221183751794069,0.5799147202435074
fm,corridor_sine_ambient_smooth,epi_bald,2,3000,0.0022765534376421124,100.0,0.055351667897225364,50.0,0.029896350270639808,0.0024620554725951847,0.0023081097366423583,0.0320464928819828,0.015394573595282656,0.01352589643891505,0.042607102789377564,0.04233658486059926,0.042336584860599255,0.9684944840336064,0.9703932353597102,0.9705537225738814,-0.01941670192522129,0.012598201715258824,9.990417021347162e-05,0.013022665379989954,8.673617379884035e-18,0.7632057146437746,0.6985548458290007,0.5259378565196967,0.09720463748430806,0.22528469017533734,0.04274703240871915,0.0,101,479789,0.8837934912745347,0.903546332894159,0.8975034356390289,0.671573897940617,0.569377659390459,0.3719506407214048,0.0016918115961447359,0.0016577286576483217,0.001699782770608466,0.012598201715258737,0.05744816992469606,0.037966689523936566,0.018199666936924357,0.07560198337185721,0.06024940129932116,0.04391513769594551,/common/users/shared/pracsys/adaptive_roa_experiments/quadrotor_stoch/q2d_cs_epi_bald,0.9576895711005904,0.7024275397569113
fm,corridor_sine_ambient_smooth,epi_bald,3,3500,0.0016875544367809666,100.0,0.04470630803534834,50.0,0.027487708138369156,0.001311281851223844,0.0011441191100095929,0.0331365943119361,0.01671627412142514,0.01352589643891505,0.042607102789377564,0.04233658486059926,0.042336584860599255,0.971083121955693,0.9737676353563754,0.9741907380119177,-0.014646396645191944,0.010344109658672752,8.473263068007868e-05,0.010781790328665308,-1.734723475976807e-18,0.7920812852175999,0.7442805477670771,0.6092334879611222,0.08655927762246532,0.22528469017533734,0.04274703240871915,0.0,101,479789,0.8677392874733213,0.90177736202058,0.9090309822017139,0.7285584318914895,0.6336181547722005,0.45813953488372094,0.0011822264077268458,0.001156570625499,0.0012453960512486667,0.010344109658672112,0.06347581957902328,0.04233319229911482,0.02213264580888682,0.07560198337185721,0.06024940129932116,0.04391513769594551,/common/users/shared/pracsys/adaptive_roa_experiments/quadrotor_stoch/q2d_cs_epi_bald,0.965011260541337,0.7556697193991302
fm,corridor_sine_ambient_smooth,epi_bald,4,4000,0.001253862438071518,100.0,0.038835374370531146,50.0,0.026923272521879413,0.0014787845158249723,0.001298991043479774,0.03406378946636086,0.017979347234519823,0.01352589643891505,0.042607102789377564,0.04233658486059926,0.042336584860599255,0.973757214108702,0.9738781005817141,0.9728505655611113,-0.014548165964621947,0.009571786437718157,7.794878719752237e-05,0.010022097838841657,-2.0816681711721685e-17,0.8141028480311822,0.7429918999282271,0.5718793137448235,0.08068834395766027,0.22528469017533734,0.04274703240871915,0.0,101,479789,0.8764066374213236,0.9122771678920334,0.9298845660538692,0.7600694731618559,0.6266994153665202,0.4129093497864262,0.0007862878784978622,0.0007882768439083183,0.0008149909122656235,0.009571786437717266,0.06556632186231864,0.041389027259899666,0.019500238646571723,0.07560198337185721,0.06024940129932116,0.04391513769594551,/common/users/shared/pracsys/adaptive_roa_experiments/quadrotor_stoch/q2d_cs_epi_bald,0.9721669128674487,0.7739121738507022
fm,corridor_sine_ambient_smooth,epi_bald,5,4500,0.0011490713167997399,100.0,0.035240815299191826,50.0,0.024792252427629644,0.0008205834675035101,0.0006437154730688353,0.03452703722157594,0.017686799443467474,0.01352589643891505,0.042607102789377564,0.04233658486059926,0.042336584860599255,0.9749535733416147,0.9768106396770246,0.9758477163919973,-0.011382607771332811,0.008453263112092126,7.309925122733848e-05,0.008900649035305103,-2.7755575615628914e-17,0.8264216897054788,0.7824318510696545,0.6448013732221677,0.07709378488630651,0.22528469017533734,0.04274703240871915,0.0,101,479789,0.8679834941440622,0.8999145337591651,0.9103340834343084,0.7886582306398698,0.6920815027501989,0.49919316563834837,0.0007606729304614973,0.0007187634385962156,0.0007626721044198392,0.008453263112091675,0.06869269616435558,0.0463349514057221,0.02408141912382318,0.07560198337185721,0.06024940129932116,0.04391513769594551,/common/users/shared/pracsys/adaptive_roa_experiments/quadrotor_stoch/q2d_cs_epi_bald,0.9734096226859467,0.8003319554487921
fm,corridor_sine_ambient_smooth,epi_bald,6,5000,0.0009352565111348834,100.0,0.030220515351103067,50.0,0.021930932138919407,0.0002308942571929087,6.702472708738742e-05,0.0354505675723642,0.016386953010552135,0.01352589643891505,0.042607102789377564,0.04233658486059926,0.042336584860599255,0.9769857166379388,0.979766105517217,0.9801662814278777,-0.005390452886581394,0.006953042015322545,6.477819489202314e-05,0.00738742947420637,9.80118763926896e-17,0.8453977765954468,0.8206871074990765,0.7428525104037182,0.07207348493820091,0.22528469017533734,0.04274703240871915,0.0,101,479789,0.858914905118211,0.8804343518408433,0.8625125502008032,0.8322995065200011,0.7685335731829661,0.6523493118177504,0.0006559927791538047,0.0006144797192308988,0.0006497379168011755,0.006953042015322181,0.0732592868948642,0.05259186850886535,0.033214600584840416,0.07560198337185721,0.06024940129932116,0.04391513769594551,/common/users/shared/pracsys/adaptive_roa_experiments/quadrotor_stoch/q2d_cs_epi_bald,0.976250687688268,0.8357675273474071
fm,corridor_sine_ambient_smooth,epi_bald,7,5500,0.0008794357512082253,100.0,0.02862879584564337,50.0,0.020843120621773324,0.00020569653180119374,4.704101085891758e-05,0.035976822256260754,0.015865552094227617,0.01352589643891505,0.042607102789377564,0.04233658486059926,0.042336584860599255,0.9777256252227542,0.9810208237371011,0.9817127945826186,-0.0049546363088774446,0.006406803615197546,6.15896309767827e-05,0.006835977064918121,1.196959198423997e-16,0.8500932796566186,0.8331562167906483,0.7680431449267698,0.07048176543272681,0.22528469017533734,0.04274703240871915,0.0,101,479789,0.8653264035638815,0.8856686533442406,0.8669133444736213,0.8353872026024867,0.7865222956377348,0.6894162316089226,0.0006586640158470687,0.0005854193862876171,0.0006167153912149383,0.0064068036151973436,0.07298625020581964,0.053504769805060144,0.03492368520328728,0.07560198337185721,0.06024940129932116,0.04391513769594551,/common/users/shared/pracsys/adaptive_roa_experiments/quadrotor_stoch/q2d_cs_epi_bald,0.9768754299478223,0.8486698056469815
fm,corridor_sine_ambient_smooth,epi_bald,8,6000,0.0007306007667488114,100.0,0.02630075268121606,50.0,0.020970426583352266,7.289072550240085e-05,-0.00010339841809862361,0.0361232496128731,0.017628914360102447,0.01352589643891505,0.042607102789377564,0.04233658486059926,0.042336584860599255,0.9784509440608268,0.9814501791412475,0.9813334611673048,-0.0033314227712598656,0.006109936829627598,5.863017253951219e-05,0.0065567439020069234,6.158268339717665e-17,0.8585074790272474,0.8384403136799302,0.7603681703858297,0.06815372226834092,0.22528469017533734,0.04274703240871915,0.0,101,479789,0.8523832817000924,0.882090065314541,0.8715039254170756,0.8647203153860998,0.7989068391739025,0.6743711438063598,0.0004935747825047606,0.0004336352936722714,0.00044623264174674414,0.00610993682962749,0.07669621437757014,0.0545677370677527,0.033981604413606814,0.07560198337185721,0.06024940129932116,0.04391513769594551,/common/users/shared/pracsys/adaptive_roa_experiments/quadrotor_stoch/q2d_cs_epi_bald,0.9798554784938696,0.8556818683002974
fm,corridor_sine_ambient_smooth,epi_bald,9,6500,0.0007876715721998154,100.0,0.02628451877505381,50.0,0.02022599517704658,0.00014471245135822225,-2.4418050894756734e-05,0.03638436642469381,0.016913050225297897,0.01352589643891505,0.042607102789377564,0.04233658486059926,0.042336584860599255,0.9792304533868013,0.9818941242921367,0.9817294685788961,-0.004937816415132486,0.005927800385010769,5.855293248083887e-05,0.006367448816042052,7.719519468096792e-17,0.8611672262702538,0.8403154353780261,0.7630682739607546,0.06813748836215926,0.22528469017533734,0.04274703240871915,0.0,101,479789,0.8704934655250113,0.8965638973876207,0.8862380713209442,0.8520387064758912,0.7907081329781713,0.6699572852396772,0.0005484797558115343,0.0005085796464524621,0.000531542073466658,0.005927800385010584,0.0739991954796796,0.053135857637419785,0.03319792658856289,0.07560198337185721,0.06024940129932116,0.04391513769594551,/common/users/shared/pracsys/adaptive_roa_experiments/quadrotor_stoch/q2d_cs_epi_bald,0.9788734170765853,0.859983973564965
fm,corridor_sine_ambient_smooth,epi_bald,10,7000,0.0006738283371342934,100.0,0.025116979126695523,50.0,0.02028656346852471,7.883403443496205e-05,-9.409577681982124e-05,0.03646578567403636,0.017292981125478328,0.01352589643891505,0.042607102789377564,0.04233658486059926,0.042336584860599255,0.9788969734612507,0.9823255639458178,0.9821567397335078,-0.003439907959540548,0.00577670340974317,5.637363119287339e-05,0.006220151149776255,9.107298248878237e-17,0.8607347702295641,0.8454923110560455,0.7711268546985697,0.06696994871381297,0.22528469017533734,0.04274703240871915,0.0,101,479789,0.8588800439198463,0.893174731493244,0.8828895010713192,0.862597524329391,0.8026429584529698,0.6844803037494067,0.00043147278294798104,0.00040314916687615265,0.0004205623974094059,0.005776703409743056,0.07592921054880375,0.054142550162675676,0.03404621614918225,0.07560198337185721,0.06024940129932116,0.04391513769594551,/common/users/shared/pracsys/adaptive_roa_experiments/quadrotor_stoch/q2d_cs_epi_bald,0.9807306119919563,0.8635529193305508
fm,corridor_sine_ambient_smooth,epi_bald,11,7500,0.0006140366386076709,100.0,0.024272644103387808,50.0,0.019990099814710213,0.000214740751492803,4.4721238917083445e-05,0.03670934929860978,0.017001951257571965,0.01352589643891505,0.042607102789377564,0.04233658486059926,0.042336584860599255,0.9795826915581641,0.9818170070593532,0.9822359412158261,-0.005558756036507714,0.0056719568009066385,5.533429414022823e-05,0.006112494242260663,7.37257477290143e-17,0.8627203677233106,0.8379643387815751,0.767734023708952,0.06612561369049573,0.22528469017533734,0.04274703240871915,0.0,101,479789,0.8773264928031922,0.9047447158384471,0.901504,0.8485926170981171,0.7803646175666793,0.6685334598955861,0.00039233150898075646,0.000357602029119031,0.00036043192366047583,0.005671956800906464,0.07312589492464396,0.051966593648457966,0.03256639897955143,0.07560198337185721,0.06024940129932116,0.04391513769594551,/common/users/shared/pracsys/adaptive_roa_experiments/quadrotor_stoch/q2d_cs_epi_bald,0.9816642053898486,0.8660270586401202
fm,corridor_sine_ambient_smooth,epi_bald,12,8000,0.0005755175070713638,100.0,0.02366096693151829,50.0,0.019644572926849093,0.00018864205136159414,2.2486762686822932e-05,0.03680999047788393,0.016615528867477133,0.01352589643891505,0.042607102789377564,0.04233658486059926,0.042336584860599255,0.9797848637630292,0.9820358532604958,0.9825735896404462,-0.0049028427079403645,0.005549081145402266,5.425990796709475e-05,0.005985754362855338,1.1015494072452725e-16,0.8644198107273159,0.8408515981313588,0.775609887013231,0.06551393651861759,0.22528469017533734,0.04274703240871915,0.0,101,479789,0.8767865245009074,0.9017425742574258,0.892471125934161,0.8523970997711796,0.7876638876396721,0.6858092074038918,0.0003638581675401343,0.00033889656656760006,0.00034085490633444367,0.005549081145402123,0.0734989755913537,0.052627300750955106,0.033746084216186696,0.07560198337185721,0.06024940129932116,0.04391513769594551,/common/users/shared/pracsys/adaptive_roa_experiments/quadrotor_stoch/q2d_cs_epi_bald,0.9821738693794878,0.8689294102565522
fm,corridor_sine_ambient_smooth,epi_bald,13,8500,0.0005359368243276486,100.0,0.02353688037867428,50.0,0.02009943954530012,0.00013751714489426583,-3.679172374961262e-05,0.03667617713962678,0.017430886864387846,0.01352589643891505,0.042607102789377564,0.04233658486059926,0.042336584860599255,0.9792575486307523,0.9818378495547001,0.9827695090967071,-0.0042313391928535254,0.005623615997222966,5.4790870343543935e-05,0.006068442794645146,9.454242944073599e-17,0.8617662582993028,0.8390825823607623,0.7774397630905909,0.06538984996581744,0.22528469017533734,0.04274703240871915,0.0,101,479789,0.8684247361496039,0.8999405822935235,0.8982270606531881,0.8552091087034434,0.785934202788252,0.6852871381110583,0.0003280261645081956,0.00027647469917748844,0.0002807754753248746,0.005623615997222828,0.07445147762870762,0.05261687950328165,0.03350431127016251,0.07560198337185721,0.06024940129932116,0.04391513769594551,/common/users/shared/pracsys/adaptive_roa_experiments/quadrotor_stoch/q2d_cs_epi_bald,0.9830636459413225,0.8671688796878698
fm,corridor_sine_ambient_smooth,epi_bald,14,9000,0.0005848746151251956,100.0,0.02430468461716344,50.0,0.020077200602764966,0.00027470978482617463,0.00010738862801547142,0.03659957725826287,0.016732115681070334,0.01352589643891505,0.042607102789377564,0.04233658486059926,0.042336584860599255,0.9790783031707688,0.981548138869378,0.982115054742814,-0.0058856705760240435,0.0058443962303519606,5.683295395200606e-05,0.0062822353159409676,9.974659986866641e-17,0.858571911632101,0.8343840613600225,0.7669029962241598,0.06615765420426403,0.22528469017533734,0.04274703240871915,0.0,101,479789,0.8779932570671124,0.9084650480690891,0.8966524804675093,0.8399911780111929,0.7714740374303802,0.6699572852396772,0.00035099539722097703,0.0003086452363725449,0.00032025278065956334,0.005844396230351764,0.07232971160239189,0.05116415757760182,0.032812340424645,0.07560198337185721,0.06024940129932116,0.04391513769594551,/common/users/shared/pracsys/adaptive_roa_experiments/quadrotor_stoch/q2d_cs_epi_bald,0.9823066091036733,0.8619539991334758
fm,corridor_sine_ambient_smooth,epi_bald,15,9500,0.000499410080683352,100.0,0.022803777593381765,50.0,0.019664769304840245,0.0002881826947183323,0.00012048181711664415,0.03691417503762889,0.016770087760168816,0.01352589643891505,0.042607102789377564,0.04233658486059926,0.042336584860599255,0.9798348857518617,0.9818670290481858,0.9822109302214098,-0.005945196742734827,0.005542891640087104,5.377402027281671e-05,0.005981110446467093,8.586881206085195e-17,0.8637112792122723,0.8374439461883408,0.7672293888237379,0.06465674718047694,0.22528469017533734,0.04274703240871915,0.0,101,479789,0.8830798479087453,0.9104944541502458,0.9018400974546387,0.8451740964353651,0.7752447504064759,0.6675842429995253,0.0002960053526819334,0.000237825136932782,0.00022404997764753225,0.005542891640086963,0.07235680684634287,0.051299633797356754,0.03250803999258007,0.07560198337185721,0.06024940129932116,0.04391513769594551,/common/users/shared/pracsys/adaptive_roa_experiments/quadrotor_stoch/q2d_cs_epi_bald,0.9840014149597986,0.869075607814422
fm,corridor_sine_ambient_smooth,epi_bald,16,10000,0.0004145452139703465,100.0,0.0219372940835037,50.0,0.019730569062650458,0.00014506594289569974,-2.8497534955496237e-05,0.03692329833299368,0.0173563477851196,0.01352589643891505,0.042607102789377564,0.04233658486059926,0.042336584860599255,0.9796452190442049,0.9822025932232711,0.9827486666013602,-0.004243719635089591,0.005384788992650187,5.1428629799175996e-05,0.005828870399279683,1.0148132334464322e-16,0.8646431046431047,0.8423986268249017,0.7771105426147839,0.06379026367061862,0.22528469017533734,0.04274703240871915,0.0,101,479789,0.8694149455082644,0.902943736646356,0.8981637099284158,0.8599233589722383,0.7894627598851489,0.684812529663028,0.0002051067410019088,0.00017558362055508056,0.00018170364500455266,0.005384788992650023,0.07477662055611946,0.052677322739787695,0.033483468774815596,0.07560198337185721,0.06024940129932116,0.04391513769594551,/common/users/shared/pracsys/adaptive_roa_experiments/quadrotor_stoch/q2d_cs_epi_bald,0.984911679307654,0.872810029189162
fm,corridor_sine_ambient_smooth,epi_bald,17,10500,0.0003840443452309269,100.0,0.02197046613026953,50.0,0.019726442248571775,0.00021665663714820555,4.487919272403511e-05,0.03690300321910967,0.017177744442417042,0.01352589643891505,0.042607102789377564,0.04233658486059926,0.042336584860599255,0.9798077905079108,0.9820129265156141,0.9820587800053774,-0.005198347606968896,0.005478460834213703,5.262805548041762e-05,0.005920756207416178,8.066464163292153e-17,0.8648211196070771,0.8403979878680279,0.7656794425087108,0.06382343571737205,0.22528469017533734,0.04274703240871915,0.0,101,479789,0.875547393699675,0.9028809854957281,0.8977403293757181,0.8543544785377554,0.7860033901823088,0.6674893213099193,0.00016237546103290882,0.00014517575929264822,0.0001455696390980571,0.005478460834213611,0.07377201228039826,0.05245013954050635,0.03265185321047377,0.07560198337185721,0.06024940129932116,0.04391513769594551,/common/users/shared/pracsys/adaptive_roa_experiments/quadrotor_stoch/q2d_cs_epi_bald,0.9851590981033904,0.8705974784633075
fm,corridor_sine_ambient_smooth,epi_bald,18,11000,0.0003764108831979659,100.0,0.021999139938966378,50.0,0.019534336968959273,0.0001206748833796631,-4.7022213098626796e-05,0.036783263313320214,0.01676970964782899,0.01352589643891505,0.042607102789377564,0.04233658486059926,0.042336584860599255,0.9795535120646784,0.9818753660463245,0.9825860951376543,-0.0030410868110773703,0.005506299334180578,5.322673070634118e-05,0.00594451435943717,1.5699247457590104e-16,0.8648685878009809,0.8420345140781107,0.7807719556033692,0.06385210952606198,0.22528469017533734,0.04274703240871915,0.0,101,479789,0.8642733254411805,0.8865470680488085,0.8730708291766915,0.8654646706916991,0.8017781160272598,0.7061224489795919,0.00016254560349744792,0.00014272570780328456,0.00014652669046108944,0.005506299334180448,0.07570619584859177,0.05448853558543443,0.035517696320674294,0.07560198337185721,0.06024940129932116,0.04391513769594551,/common/users/shared/pracsys/adaptive_roa_experiments/quadrotor_stoch/q2d_cs_epi_bald,0.9850302644599203,0.8699399266069512
fm,corridor_sine_ambient_smooth,epi_bald,19,11500,0.00035193211356339345,100.0,0.021780471821635762,50.0,0.019581211740994475,0.00013232492527825003,-3.662316092908972e-05,0.03681261301069233,0.01689480862073398,0.01352589643891505,0.042607102789377564,0.04233658486059926,0.042336584860599255,0.9794096988467847,0.9822526152121036,0.9826256958788134,-0.003515941382566085,0.0054873486889779775,5.26566959770361e-05,0.005926814703963616,1.2923689896027213e-16,0.863653302049548,0.8446082814752632,0.7793541556379037,0.06363344140873368,0.22528469017533734,0.04274703240871915,0.0,101,479789,0.8647393731689791,0.8938200077249904,0.8810293237582286,0.8625699556143688,0.8005327429342374,0.698718557190318,0.00012770042675983614,0.00011464539545574858,0.00012065865550872301,0.005487348688977927,0.0754123166642003,0.053961220453157537,0.03482780972469148,0.07560198337185721,0.06024940129932116,0.04391513769594551,/common/users/shared/pracsys/adaptive_roa_experiments/quadrotor_stoch/q2d_cs_epi_bald,0.9854912538924739,0.8703875452626599
fm,corridor_sine_ambient_smooth,epi_bald,20,12000,0.0003623792723739044,100.0,0.021330156803741934,50.0,0.01940805228965233,0.00011752029684479161,-5.439488489408342e-05,0.03696473759489192,0.017191518173887508,0.01352589643891505,0.042607102789377564,0.04233658486059926,0.042336584860599255,0.979805706258376,0.9824756299123156,0.983107157521327,-0.0037097765892923776,0.005317452380813388,5.13166757260914e-05,0.005759885491330564,1.231653667943533e-16,0.866401003819478,0.8459452526659095,0.784275105799686,0.06318312639084762,0.22528469017533734,0.04274703240871915,0.0,101,479789,0.8666758620689655,0.899263760663784,0.8928549784861524,0.8661263198522317,0.7985954959006469,0.6992406264831514,0.00015427667972084676,0.0001317821444841286,0.0001304461007813359,0.005317452380813322,0.07555404563255931,0.053504769805060144,0.034392201571941,0.07560198337185721,0.06024940129932116,0.04391513769594551,/common/users/shared/pracsys/adaptive_roa_experiments/quadrotor_stoch/q2d_cs_epi_bald,0.985532117851963,0.874400535652036
fm,corridor_sine_ambient_smooth,epi_bald,21,12500,0.0003980803901724993,100.0,0.022207287753512092,50.0,0.019915316941405498,0.00016396232576278244,-1.0066238687613275e-05,0.03678137068696471,0.017402856445039572,0.01352589643891505,0.042607102789377564,0.04233658486059926,0.042336584860599255,0.9796493875432742,0.9820525272567733,0.9817398898265696,-0.004660777966981318,0.00554514793494702,5.2717471259989965e-05,0.005989694428175718,8.066464163292153e-17,0.8650150689855393,0.8418055223853177,0.762090970807875,0.06406025734061428,0.22528469017533734,0.04274703240871915,0.0,101,479789,0.8675577493691246,0.8975554336754682,0.8906378927324659,0.8624872494693022,0.7925761926177051,0.6659705742762221,0.00017694816312068445,0.0001535876027394627,0.00014925109667452246,0.005545147934946878,0.07516012247050266,0.0532025536225299,0.03283735141906129,0.07560198337185721,0.06024940129932116,0.04391513769594551,/common/users/shared/pracsys/adaptive_roa_experiments/quadrotor_stoch/q2d_cs_epi_bald,0.9849632735282356,0.8690223136040518
fm,corridor_sine_ambient_smooth,epi_bald,22,13000,0.00037728280583497763,100.0,0.02189911319582582,50.0,0.0196712304783978,0.00014792336801950883,-2.330117553036936e-05,0.03682165878132144,0.01712245435498783,0.01352589643891505,0.042607102789377564,0.04233658486059926,0.042336584860599255,0.9794951530777071,0.9819253880351572,0.9825485786460298,-0.0042068492608209026,0.005491624903747553,5.249533839353824e-05,0.005933367376075734,9.627715291671279e-17,0.863931841442837,0.8416593631317557,0.7763203590414874,0.06375208278292156,0.22528469017533734,0.04274703240871915,0.0,101,479789,0.8668572538788198,0.8912261706817215,0.8879789769602151,0.861026107573126,0.797315529110596,0.6896060749881348,0.0001570159733999266,0.00014840846611889185,0.0001456270621798393,0.0054916249037475,0.07509342648539254,0.053900777216651485,0.0341045751361536,0.07560198337185721,0.06024940129932116,0.04391513769594551,/common/users/shared/pracsys/adaptive_roa_experiments/quadrotor_stoch/q2d_cs_epi_bald,0.9850799605548541,0.8702865400733265
fm,corridor_sine_ambient_smooth,epi_bald,23,13500,0.0003726058638903475,100.0,0.022054187170490232,50.0,0.019804351496178523,0.00023113662443194756,5.90632502586919e-05,0.036874084962582085,0.017207337417325563,0.01352589643891505,0.042607102789377564,0.04233658486059926,0.042336584860599255,0.9799245084818535,0.9820754540016549,0.9823943441804627,-0.005375592187399043,0.005521563148275964,5.275019296465651e-05,0.005964154451227517,8.760353553682876e-17,0.865651239992189,0.8403445587197861,0.7704931395190872,0.06390715675759301,0.22528469017533734,0.04274703240871915,0.0,101,479789,0.8760622229750713,0.9068071637485476,0.9011121703209406,0.8554847958536652,0.7829591448438095,0.6729473184622686,0.00014189030830239879,0.0001271440609007923,0.00013479324075031033,0.005521563148275849,0.07382620276830024,0.052020784136359945,0.03279566642836747,0.07560198337185721,0.06024940129932116,0.04391513769594551,/common/users/shared/pracsys/adaptive_roa_experiments/quadrotor_stoch/q2d_cs_epi_bald,0.9852517725206682,0.8695793917611283
fm,corridor_sine_ambient_smooth,epi_var,0,2000,0.009666241582166423,100.0,0.13788422029449376,50.0,0.04496372363684867,0.009248335392701713,0.009146505857407883,0.024814197970236027,0.010182953529382897,0.01352589643891505,0.042607102789377564,0.04233658486059926,0.042336584860599255,0.9482397470554764,0.9504678098080614,0.959038243894712,-0.040176160770672105,0.026668892747770997,0.0001705518671714358,0.02704124021184312,-1.3183898417423734e-16,0.5086462743856596,0.3270946003341167,0.15014054054054055,0.17973718988152987,0.22528469017533734,0.04274703240871915,0.0,99,479789,0.9008339757516294,0.9010920436817472,0.8447688564476885,0.35436826289526646,0.19981319403604664,0.0823920265780731,0.008757224142705312,0.00893891757916214,0.008802046048207723,0.026668892747773936,0.029740156610510035,0.013360039517371178,0.004283132793790604,0.07560198337185721,0.06024940129932116,0.04391513769594551,/common/users/shared/pracsys/adaptive_roa_experiments/quadrotor_stoch/q2d_cs_epi_var,0.8743281340342025,0.3700745387096509
fm,corridor_sine_ambient_smooth,epi_var,1,2500,0.004921729241560013,100.0,0.08709301449051755,50.0,0.03666032360058276,0.005893396717734937,0.00575943386946184,0.029784025807215314,0.013396284827309708,0.01352589643891505,0.042607102789377564,0.04233658486059926,0.042336584860599255,0.9613996986175173,0.9611954421631176,0.9630670982452704,-0.030885034879915955,0.018311992922845848,0.0001298173761936482,0.01871647369989725,6.245004513516506e-17,0.677115659541825,0.5413155949741315,0.28983648605322226,0.12894598407757457,0.22528469017533734,0.04274703240871915,0.0,101,479789,0.920986483281954,0.9403406659248481,0.9314786192684184,0.5353568770159622,0.38004635555401806,0.1716184148077836,0.0042310177369266335,0.0041991534561677205,0.004160051314967392,0.018311992922846493,0.04394640143896588,0.024350287313798357,0.008091056693671593,0.07560198337185721,0.06024940129932116,0.04391513769594551,/common/users/shared/pracsys/adaptive_roa_experiments/quadrotor_stoch/q2d_cs_epi_var,0.9273539039549105,0.5674664599626695
fm,corridor_sine_ambient_smooth,epi_var,2,3000,0.0029458353363174886,100.0,0.060410315096883375,50.0,0.03069418015002427,0.0025886300135170366,0.0024341973610827626,0.03164186995901949,0.015443265243427403,0.01352589643891505,0.042607102789377564,0.04233658486059926,0.042336584860599255,0.9676045094822933,0.9696199787823397,0.9700764294304371,-0.02115948885864412,0.013128912262662544,0.0001035830573616774,0.013553862843875119,1.0408340855860843e-17,0.7536727998858934,0.6837080114573387,0.502374267789678,0.10226328468396999,0.22528469017533734,0.04274703240871915,0.0,101,479789,0.8863788861552225,0.9171566629795657,0.9313712890373987,0.6555289057977007,0.544989102985436,0.34394874228761274,0.0023514199026699895,0.0023129268714927476,0.0023699739384280445,0.01312891226266226,0.05591207801762858,0.03580115425739231,0.01621754562943294,0.07560198337185721,0.06024940129932116,0.04391513769594551,/common/users/shared/pracsys/adaptive_roa_experiments/quadrotor_stoch/q2d_cs_epi_var,0.9508396787319325,0.6898920329570317
fm,corridor_sine_ambient_smooth,epi_var,3,3500,0.0021760898266479454,100.0,0.04928478086498896,50.0,0.026773102342904906,0.001609513211280725,0.0014584805109002905,0.03334643056497719,0.01510327003804345,0.01352589643891505,0.042607102789377564,0.04233658486059926,0.042336584860599255,0.9712644516652111,0.9745513131814193,0.9753912657438999,-0.016547357275802487,0.010448634806522366,8.942309400692018e-05,0.010870185435681103,1.0408340855860843e-17,0.7875229244686917,0.7499692836957857,0.6306503581818751,0.09113775045206879,0.22528469017533734,0.04274703240871915,0.0,101,479789,0.8929195498706927,0.9189541827671,0.9250252363035698,0.7043806688170264,0.6334797799840869,0.47840531561461797,0.0016956312944736366,0.0016848765892901857,0.0017411422769571196,0.010448634806521886,0.05963871618565661,0.04153284047779336,0.022712067179531004,0.07560198337185721,0.06024940129932116,0.04391513769594551,/common/users/shared/pracsys/adaptive_roa_experiments/quadrotor_stoch/q2d_cs_epi_var,0.9589107864777326,0.7532008110496783
fm,corridor_sine_ambient_smooth,epi_var,4,4000,0.0015545472496661008,100.0,0.0405482395810992,50.0,0.025732624132691666,0.00100102570191234,0.000837092614827826,0.03389140363932372,0.016393308708451407,0.01352589643891505,0.042607102789377564,0.04233658486059926,0.042336584860599255,0.9726525618553156,0.9751870092895002,0.9763812842728783,-0.012632282107343016,0.00928227383610336,7.862513438301675e-05,0.009716724851966174,-1.3877787807814457e-17,0.8067058528896157,0.7644393438730487,0.6585718589936728,0.08240120916819335,0.22528469017533734,0.04274703240871915,0.0,101,479789,0.8662363958491521,0.8929826183431953,0.9017326732673268,0.7548314173076393,0.6682464454976303,0.5186995728523968,0.0011854165789369545,0.001095605177605329,0.00115269180266371,0.009282273836102348,0.06587895929252234,0.04508648593444201,0.02526110436045845,0.07560198337185721,0.06024940129932116,0.04391513769594551,/common/users/shared/pracsys/adaptive_roa_experiments/quadrotor_stoch/q2d_cs_epi_var,0.9673898930612477,0.7807505289652696
fm,corridor_sine_ambient_smooth,epi_var,5,4500,0.001312060811302319,100.0,0.0358253139246045,50.0,0.023181773654669034,0.000496224040794556,0.00034291464517239374,0.03472130973515755,0.015330939562216223,0.01352589643891505,0.042607102789377564,0.04233658486059926,0.042336584860599255,0.9750786283136962,0.9780528523997007,0.9795806073086294,-0.007758577207897639,0.00795818977061422,7.175247353356302e-05,0.008382017095014682,1.1102230246251565e-16,0.8281373521337301,0.8005681818181819,0.7335092348284961,0.07767828351168757,0.22528469017533734,0.04274703240871915,0.0,101,479789,0.8651051051051051,0.884568702130331,0.8591728796278596,0.7941995423593307,0.7311377866952641,0.6399145704793545,0.0010156484278198217,0.000977230259326881,0.0010421119613981161,0.007958189770613754,0.06940550950522001,0.04979897413237903,0.032708127947910434,0.07560198337185721,0.06024940129932116,0.04391513769594551,/common/users/shared/pracsys/adaptive_roa_experiments/quadrotor_stoch/q2d_cs_epi_var,0.9700161403161053,0.8120257031402515
fm,corridor_sine_ambient_smooth,epi_var,6,5000,0.0011459655081912526,100.0,0.032473001429448874,50.0,0.022076350228954808,0.0003398320293787176,0.00018266571315018863,0.035382233460450954,0.015716631622852903,0.01352589643891505,0.042607102789377564,0.04233658486059926,0.042336584860599255,0.9765021707458904,0.9797285890255925,0.9804414023664569,-0.006868290019154251,0.007137017113298592,6.616039971959991e-05,0.007564701358305426,9.627715291671279e-17,0.839442877894557,0.8174412493430437,0.7451385116784357,0.07432597101653438,0.22528469017533734,0.04274703240871915,0.0,101,479789,0.8682280159080866,0.8935532849111576,0.870984126984127,0.8125051691340667,0.753277752793441,0.6510678690080683,0.0008989647256388936,0.0008428313237381394,0.0008869335266151933,0.007137017113298193,0.07074985045509588,0.05079107691089208,0.03282693017138784,0.07560198337185721,0.06024940129932116,0.04391513769594551,/common/users/shared/pracsys/adaptive_roa_experiments/quadrotor_stoch/q2d_cs_epi_var,0.9727762229671103,0.8314219926619378
fm,corridor_sine_ambient_smooth,epi_var,7,5500,0.0010533373619105847,100.0,0.030916910111836764,50.0,0.021280062694226002,0.0004730362849026366,0.00031922703992539903,0.035882750222097366,0.015380924497723762,0.01352589643891505,0.042607102789377564,0.04233658486059926,0.042336584860599255,0.9776818559825257,0.9805122668506364,0.980649827319926,-0.008038033385509045,0.0067730616784274,6.484150587525179e-05,0.007197388852182939,1.0148132334464322e-16,0.8454120228677023,0.8232580998828021,0.7459083693688763,0.07276987969891849,0.22528469017533734,0.04274703240871915,0.0,101,479789,0.887407182906501,0.9075224005001042,0.8809800879234548,0.8072119758498056,0.7533123464904694,0.6467489321309919,0.0008019920279748228,0.0007532036762682229,0.0007845885806332846,0.0067730616784270085,0.06876981339713915,0.05001156758491754,0.032239171802604896,0.07560198337185721,0.06024940129932116,0.04391513769594551,/common/users/shared/pracsys/adaptive_roa_experiments/quadrotor_stoch/q2d_cs_epi_var,0.9745105493261885,0.8400187048452559
fm,corridor_sine_ambient_smooth,epi_var,8,6000,0.0009624495552703105,100.0,0.029467639642395897,50.0,0.021310784532367354,0.0003274111790797597,0.00016473015542860128,0.035919926305964085,0.016268102365115843,0.01352589643891505,0.042607102789377564,0.04233658486059926,0.042336584860599255,0.9779611454201743,0.9807352815508484,0.9807519555471259,-0.007034133754629639,0.006581388710063845,6.259057836125623e-05,0.007014587662493303,6.678685382510707e-17,0.849792601852378,0.8270817353562944,0.7462563538947659,0.07132060922949214,0.22528469017533734,0.04274703240871915,0.0,101,479789,0.8765641942384902,0.9005540617615905,0.8861337683523655,0.8246078350288093,0.7646936728128135,0.6445182724252492,0.0007299196799960526,0.0006585772431901469,0.0007025331235476704,0.006581388710063629,0.07112084687227094,0.05115998907853244,0.03194112411914404,0.07560198337185721,0.06024940129932116,0.04391513769594551,/common/users/shared/pracsys/adaptive_roa_experiments/quadrotor_stoch/q2d_cs_epi_var,0.9758590916081068,0.8445460650230944
fm,corridor_sine_ambient_smooth,epi_var,9,6500,0.0008743715461885883,100.0,0.028991338986585825,50.0,0.021067781879117703,0.00042351626600708493,0.0002648393951915448,0.03600363240083452,0.01586768708155401,0.01352589643891505,0.042607102789377564,0.04233658486059926,0.042336584860599255,0.9782987938447942,0.9805998053310935,0.9809916442436154,-0.007443751315682519,0.006597791854956389,6.356015820903864e-05,0.007026986654550232,1.0408340855860843e-16,0.8512868854800468,0.8241650294695482,0.7499725847132361,0.07084430857367048,0.22528469017533734,0.04274703240871915,0.0,101,479789,0.8832281200912836,0.9078197178409422,0.887835908087758,0.8215752763763681,0.7546269069775486,0.6491694352159468,0.0006261923264897777,0.0005703107354365436,0.0006027211735065962,0.006597791854955906,0.07032466355001886,0.050082432069097044,0.03210994833145404,0.07560198337185721,0.06024940129932116,0.04391513769594551,/common/users/shared/pracsys/adaptive_roa_experiments/quadrotor_stoch/q2d_cs_epi_var,0.977354637520192,0.844158618918347
fm,corridor_sine_ambient_smooth,epi_var,10,7000,0.0008375010374434584,100.0,0.027593582950100053,50.0,0.020615708155043145,0.0003299925089999959,0.00016495923290352324,0.03631901089043998,0.016503327609647265,0.01352589643891505,0.042607102789377564,0.04233658486059926,0.042336584860599255,0.9789157317070629,0.9814918641319413,0.981412662649623,-0.007056289327183407,0.006182533203062882,6.0271436957290825e-05,0.0066180844079376565,7.37257477290143e-17,0.8566976427923844,0.8329445405974867,0.7543386039336676,0.06944655253719821,0.22528469017533734,0.04274703240871915,0.0,101,479789,0.8810862787377255,0.9129448637057198,0.8988970588235294,0.8336228048410663,0.7658352648147507,0.6498338870431893,0.0006007985636573136,0.0005656079977166828,0.0005947308580156787,0.0061825332030625525,0.07152935978107043,0.05054096696672913,0.03174728891241775,0.07560198337185721,0.06024940129932116,0.04391513769594551,/common/users/shared/pracsys/adaptive_roa_experiments/quadrotor_stoch/q2d_cs_epi_var,0.977686174630937,0.8539671250427976
fm,corridor_sine_ambient_smooth,epi_var,11,7500,0.0007646316526931233,100.0,0.02746380165497596,50.0,0.02077142243777994,0.0003362715304670578,0.0001730914785288225,0.036179821591457856,0.016318005193823527,0.01352589643891505,0.042607102789377564,0.04233658486059926,0.042336584860599255,0.9785864202805816,0.9809520435024562,0.9810854354726766,-0.00675976314588288,0.006329854747670317,6.107121877675765e-05,0.006763552728386851,8.413408858487514e-17,0.8543438811387093,0.8285076279296691,0.7513357994245787,0.06931677124207182,0.22528469017533734,0.04274703240871915,0.0,101,479789,0.8794034381110819,0.9053477690288714,0.8888168557536467,0.8306729523336918,0.7636904555989898,0.6506881822496441,0.0005041746580455473,0.0004713933094027923,0.0005101338978660236,0.0063298547476701465,0.07141264180712771,0.050822340653912446,0.03214954907261317,0.07560198337185721,0.06024940129932116,0.04391513769594551,/common/users/shared/pracsys/adaptive_roa_experiments/quadrotor_stoch/q2d_cs_epi_var,0.9788851734278438,0.8504873558291843
fm,corridor_sine_ambient_smooth,epi_var,12,8000,0.0006736443277187212,100.0,0.026624529903724076,50.0,0.02073659462805525,0.0003434165566919775,0.0001797751045393256,0.03624954350043749,0.016364145215265184,0.01352589643891505,0.042607102789377564,0.04233658486059926,0.042336584860599255,0.9788052664817243,0.9810833512231418,0.9811396259605785,-0.0066358545110454786,0.006266816464701191,6.0357915711941344e-05,0.006700975845632143,9.454242944073599e-17,0.8558099964551578,0.8293856680953455,0.7532517110680882,0.06847749949081904,0.22528469017533734,0.04274703240871915,0.0,101,479789,0.8810580404063997,0.9082300629914776,0.8852143818496443,0.8319686819397348,0.7631369564465355,0.6555291884195539,0.0003945688823894457,0.00039186872147720884,0.0003968402842910394,0.006266816464701022,0.07138971506224612,0.05062433694811678,0.03252054548978822,0.07560198337185721,0.06024940129932116,0.04391513769594551,/common/users/shared/pracsys/adaptive_roa_experiments/quadrotor_stoch/q2d_cs_epi_var,0.9803767601968447,0.8519763347625747
fm,corridor_sine_ambient_smooth,epi_var,13,8500,0.0006444058686714941,100.0,0.025754469888616998,50.0,0.020534047258273944,0.0002826532033199146,0.00011601798566289356,0.0364109244646717,0.0166635217657021,0.01352589643891505,0.042607102789377564,0.04233658486059926,0.042336584860599255,0.9789845119417077,0.9813813989066027,0.9816064978563493,-0.006216586874646979,0.0060416783815905395,5.839611782399259e-05,0.00647883152802586,7.979727989493313e-17,0.8576591329390009,0.8330311582961066,0.7590048881728064,0.06760743947571941,0.22528469017533734,0.04274703240871915,0.0,101,479789,0.8788624001851637,0.9060746523542328,0.8937552254164255,0.8374548562291512,0.7708859445808973,0.659563360227812,0.00040237842151179124,0.0003697570067857056,0.00037434107013654803,0.006041678381590309,0.0720400009170698,0.05126003305619762,0.03240799601491489,0.07560198337185721,0.06024940129932116,0.04391513769594551,/common/users/shared/pracsys/adaptive_roa_experiments/quadrotor_stoch/q2d_cs_epi_var,0.9808307550623285,0.8572941487490349
fm,corridor_sine_ambient_smooth,epi_var,14,9000,0.0006299903980417417,100.0,0.0252952214712739,50.0,0.020156026920166985,0.0002198529522076508,5.728634332943409e-05,0.036490373202177386,0.01625666088782167,0.01352589643891505,0.042607102789377564,0.04233658486059926,0.042336584860599255,0.9790407866791444,0.9817482268247084,0.9821838349774589,-0.0052089564371004754,0.00590349800175143,5.739578943548136e-05,0.006336582539407947,1.1535911115245767e-16,0.8589186004096636,0.8383452400731017,0.7714438502673796,0.06714819105836448,0.22528469017533734,0.04274703240871915,0.0,101,479789,0.8744750749892872,0.8987887903736542,0.8834047764849969,0.8439059355443442,0.7855190784239111,0.6846701471286188,0.00041098763021747036,0.00037412626527507,0.0003680606864142482,0.005903498001751184,0.07295915496186865,0.052656480244440786,0.034035794901508785,0.07560198337185721,0.06024940129932116,0.04391513769594551,/common/users/shared/pracsys/adaptive_roa_experiments/quadrotor_stoch/q2d_cs_epi_var,0.9810463518012561,0.8605580015206765
fm,corridor_sine_ambient_smooth,epi_var,15,9500,0.0006243645130948482,100.0,0.02478754394773392,50.0,0.01996894468193311,0.00032085669311800424,0.00015813990879755667,0.03661675726652156,0.01627167843204476,0.01352589643891505,0.042607102789377564,0.04233658486059926,0.042336584860599255,0.9794993215767764,0.9817315528284308,0.981864944798651,-0.00624116017666099,0.005877967502875357,5.758670266758641e-05,0.006311202215974107,1.0234868508263162e-16,0.8608139469066622,0.8361590369553432,0.7649204333612515,0.0666405135348189,0.22528469017533734,0.04274703240871915,0.0,101,479789,0.8843145806076464,0.9095567303782025,0.8879131907420185,0.8385300361150166,0.7737226277372263,0.6718557190317987,0.0004073465814763335,0.0003440178547502274,0.00035023400969216227,0.005877967502875101,0.07168776274570697,0.051251696058058856,0.03322919033158326,0.07560198337185721,0.06024940129932116,0.04391513769594551,/common/users/shared/pracsys/adaptive_roa_experiments/quadrotor_stoch/q2d_cs_epi_var,0.9817527915934388,0.8611610378534402
fm,corridor_sine_ambient_smooth,epi_var,16,10000,0.0006028029305519449,100.0,0.025505181269190623,50.0,0.020728320157402523,0.00038753406600503643,0.00021936371435361292,0.03638563706589186,0.01681703516514236,0.01352589643891505,0.042607102789377564,0.04233658486059926,0.042336584860599255,0.9792408746344747,0.9811583842063907,0.9807227760536402,-0.006926419738676794,0.006170311509061074,5.9086066820377224e-05,0.006608999789490799,5.811323644522304e-17,0.8590153724202362,0.8293888951798589,0.7437311241029619,0.06735815085628961,0.22528469017533734,0.04274703240871915,0.0,101,479789,0.8827568149419602,0.9125378960920304,0.8934824578922841,0.8365175199183966,0.7601273048050645,0.6369719981015662,0.00035172700981849506,0.0003129702578211293,0.0003132663057094259,0.00617031150906077,0.07164190925594376,0.050186644545831605,0.031307512260597886,0.07560198337185721,0.06024940129932116,0.04391513769594551,/common/users/shared/pracsys/adaptive_roa_experiments/quadrotor_stoch/q2d_cs_epi_var,0.9820146863331016,0.8542558043031122
fm,corridor_sine_ambient_smooth,epi_var,17,10500,0.0005472151475442256,100.0,0.02471966308466728,50.0,0.020545156308293854,0.00032172479742735317,0.0001533706697048364,0.03647449328568511,0.01683541277225168,0.01352589643891505,0.042607102789377564,0.04233658486059926,0.042336584860599255,0.9793388343626053,0.9812250801915009,0.9810625087277949,-0.00627863498329474,0.00601546224461905,5.743401892252691e-05,0.006454334301119866,5.724587470723463e-17,0.8599799426529373,0.8315380011968881,0.751395425194265,0.06657263267176411,0.22528469017533734,0.04274703240871915,0.0,101,479789,0.8817634109604913,0.9050274781192754,0.8871301201705647,0.8392468227055937,0.7690870723354205,0.6516848599905078,0.0003022836096234267,0.00026651115645407754,0.00027259587634215633,0.00601546224461879,0.07195663093568215,0.051199589819691575,0.032260014297951806,0.07560198337185721,0.06024940129932116,0.04391513769594551,/common/users/shared/pracsys/adaptive_roa_experiments/quadrotor_stoch/q2d_cs_epi_var,0.9827686826516636,0.8579133800133849
fm,corridor_sine_ambient_smooth,epi_var,18,11000,0.0005680919334055052,100.0,0.024990066217237008,50.0,0.020645825560819443,0.0003880463993343609,0.00022128029712246899,0.036481813534914184,0.016676610221189197,0.01352589643891505,0.042607102789377564,0.04233658486059926,0.042336584860599255,0.9789261529547364,0.9810604244782603,0.9809124427612972,-0.0068332537844760935,0.006076051622807621,5.7289038901580965e-05,0.006513335653797816,7.546047120499111e-17,0.8567177292502162,0.8286215415951569,0.7470305507982984,0.06684303580432785,0.22528469017533734,0.04274703240871915,0.0,101,479789,0.8814369860617017,0.9109305025709072,0.8936029606132699,0.8333471176908445,0.7599543363199225,0.641765543426673,0.0003305187516136935,0.0002933119974682799,0.0002925046714740397,0.006076051622807418,0.07147725354270315,0.05026376177861518,0.03153886395894862,0.07560198337185721,0.06024940129932116,0.04391513769594551,/common/users/shared/pracsys/adaptive_roa_experiments/quadrotor_stoch/q2d_cs_epi_var,0.9823081838626704,0.8564822447815736
fm,corridor_sine_ambient_smooth,epi_var,19,11500,0.00048631712704051526,100.0,0.024162646333854097,50.0,0.02049038223052217,0.0002989025215661084,0.00013002844305967073,0.03650590234901674,0.01688740785064377,0.01352589643891505,0.042607102789377564,0.04233658486059926,0.042336584860599255,0.9790116071856587,0.9812292486905703,0.9814209996477619,-0.005967123047839779,0.005960710954642275,5.624528285109493e-05,0.006400102961927012,8.066464163292153e-17,0.8584560890588103,0.831487164134421,0.7564613955521556,0.06601561592094977,0.22528469017533734,0.04274703240871915,0.0,101,479789,0.8757133434659172,0.9055304234421486,0.8913211434457894,0.841865850632702,0.7686373542740512,0.657047935453251,0.0002532230299735718,0.0002180069426632653,0.00022161481362381635,0.0059607109546420236,0.07267986552422002,0.051141230832720215,0.03237256377282514,0.07560198337185721,0.06024940129932116,0.04391513769594551,/common/users/shared/pracsys/adaptive_roa_experiments/quadrotor_stoch/q2d_cs_epi_var,0.9834422832840886,0.8592066182411978
fm,corridor_sine_ambient_smooth,epi_var,20,12000,0.000460333513497739,100.0,0.023383508028506545,50.0,0.020366911288087052,0.00015388637898939886,-2.1439643428157484e-05,0.036586597925549885,0.01753260224175564,0.01352589643891505,0.042607102789377564,0.04233658486059926,0.042336584860599255,0.9791679259007605,0.9820942122474671,0.9816335931003003,-0.00452290486026149,0.005728547291621295,5.446488987435816e-05,0.006174391242817154,7.37257477290143e-17,0.8617240568321735,0.8419697220536027,0.7610369888274217,0.06523647761561205,0.22528469017533734,0.04274703240871915,0.0,101,479789,0.8648708692029992,0.899041483343809,0.8877641401999241,0.858600060651173,0.791711350191995,0.6659705742762221,0.0002128312088919849,0.00019885230400545036,0.0001933413895790281,0.005728547291621154,0.0750538257442334,0.053056656155101516,0.03294364814533055,0.07560198337185721,0.06024940129932116,0.04391513769594551,/common/users/shared/pracsys/adaptive_roa_experiments/quadrotor_stoch/q2d_cs_epi_var,0.9840464296592355,0.8646903780622939
fm,corridor_sine_ambient_smooth,epi_var,21,12500,0.000495003196414318,100.0,0.02429949374064412,50.0,0.020844892233877813,0.00030560401143098627,0.0001318936592519739,0.03640960251955163,0.017371035217901235,0.01352589643891505,0.042607102789377564,0.04233658486059926,0.042336584860599255,0.9789094789584588,0.9810187394875665,0.9808478310257217,-0.006253019556513385,0.0060588760002996565,5.6920478148146365e-05,0.006503104281256967,4.423544863740858e-17,0.8578971759187742,0.8295175873752784,0.7459005060420872,0.06615246332774834,0.22528469017533734,0.04274703240871915,0.0,101,479789,0.8743130295397298,0.9038838120104439,0.8935930563837541,0.8420864003528795,0.7664579513612619,0.6401044138585666,0.00022884161480511567,0.00021092221043985627,0.0002216382082126906,0.006058876000299425,0.07281534174397496,0.051089124594352935,0.03145757822709566,0.07560198337185721,0.06024940129932116,0.04391513769594551,/common/users/shared/pracsys/adaptive_roa_experiments/quadrotor_stoch/q2d_cs_epi_var,0.9834952012456553,0.8568879369876058
fm,corridor_sine_ambient_smooth,epi_var,22,13000,0.0005232277881349278,100.0,0.02538882162719893,50.0,0.02125594792710963,0.0006058279761589565,0.0004350779993857071,0.03645971403901717,0.017074997677324948,0.01352589643891505,0.042607102789377564,0.04233658486059926,0.042336584860599255,0.9789053104593894,0.9803872118785549,0.9798828234911596,-0.008738778921567606,0.006311948820967814,5.829687148165429e-05,0.006753216726519366,1.474514954580286e-17,0.8551183131253847,0.8198008425890464,0.7246533919096251,0.06724179121429133,0.22528469017533734,0.04274703240871915,0.0,101,479789,0.8893520724154359,0.9181572513190066,0.9082522883295194,0.823422380282855,0.7404780848929325,0.6028001898433792,0.00024181497772622358,0.00022660253997178136,0.00023036013630112727,0.006311948820967519,0.06999743637307233,0.04859010940225807,0.02914614549312302,0.07560198337185721,0.06024940129932116,0.04391513769594551,/common/users/shared/pracsys/adaptive_roa_experiments/quadrotor_stoch/q2d_cs_epi_var,0.9829229626615091,0.8509102979904726
fm,corridor_sine_ambient_smooth,epi_var,23,13500,0.00047910249376377907,100.0,0.02408936511859395,50.0,0.021110196357148656,0.0004371547293875524,0.0002587427123710654,0.03657534014050095,0.01784120170164869,0.01352589643891505,0.042607102789377564,0.04233658486059926,0.042336584860599255,0.9793826036028338,0.9809645489996645,0.980022468209984,-0.00737107353440783,0.006019987432469407,5.520963861858627e-05,0.006468917378264194,2.6020852139652106e-17,0.8607466636634945,0.8266028744470393,0.7278921220723918,0.06594233470570082,0.22528469017533734,0.04274703240871915,0.0,101,479789,0.8794407847423985,0.9160494866184145,0.9056870363829036,0.8428307556584788,0.7530701906112707,0.6084480303749407,0.00023233804245139492,0.00019410873209409964,0.00019542350798882553,0.006019987432469127,0.07245476657447336,0.04953010594240385,0.02950255216355523,0.07560198337185721,0.06024940129932116,0.04391513769594551,/common/users/shared/pracsys/adaptive_roa_experiments/quadrotor_stoch/q2d_cs_epi_var,0.9839556507780615,0.8578064940218658
fm,corridor_sine_ambient_smooth,epi_var_anch,0,2000,0.009653179023410795,100.0,0.13763040985597833,50.0,0.04472019992121537,0.009076339371484683,0.008974976135444328,0.02479230543200839,0.010136323604035453,0.01352589643891505,0.042607102789377564,0.04233658486059926,0.042336584860599255,0.9485336262398679,0.9507220882512938,0.9593821450679361,-0.039765396872375146,0.026519255564035074,0.00017026157056281423,0.026891136728853716,-1.3877787807814457e-16,0.513620516456893,0.33398123890813824,0.16831683168316833,0.17948337944301357,0.22528469017533734,0.04274703240871915,0.0,101,479789,0.8994205298013245,0.8992718446601942,0.8348856900931414,0.35944090645934995,0.20507143598436364,0.09359278595158994,0.008751634962745208,0.008949878156727747,0.008837639851789298,0.026519255564037753,0.03021328125488496,0.013739372932684993,0.00492299740094083,0.07560198337185721,0.06024940129932116,0.04391513769594551,/common/users/shared/pracsys/adaptive_roa_experiments/quadrotor_stoch/q2d_cs_epi_var_anch,0.8740403311693169,0.3736090038590868
fm,corridor_sine_ambient_smooth,epi_var_anch,1,2500,0.006830108083352002,100.0,0.11003377467146437,50.0,0.04083290779905333,0.007755030590155933,0.007637173361206954,0.027477578710710354,0.011785722894897972,0.01352589643891505,0.042607102789377564,0.04233658486059926,0.042336584860599255,0.9547467741027826,0.9548780818234682,0.9612517169005542,-0.035603150551596636,0.02249617951109588,0.0001505232997128205,0.022884554668823172,2.7755575615628914e-17,0.5989508293620008,0.4215982259745117,0.22836508529448388,0.15188674425850734,0.22528469017533734,0.04274703240871915,0.0,101,479789,0.9075286873775539,0.9258390049284205,0.9100231558054912,0.44697157665481213,0.27294426955408724,0.13056478405315614,0.006040117041001458,0.006072292682470435,0.006045423359114382,0.0224961795110983,0.03723511793725992,0.017761974534639183,0.0063006863433717735,0.07560198337185721,0.06024940129932116,0.04391513769594551,/common/users/shared/pracsys/adaptive_roa_experiments/quadrotor_stoch/q2d_cs_epi_var_anch,0.9057475295501146,0.4686349977172567
fm,corridor_sine_ambient_smooth,epi_var_anch,2,3000,0.004541528720461671,100.0,0.0797779100272033,50.0,0.03395415484723492,0.003973364334846547,0.0038384157481245766,0.029912169810196537,0.013494858672197043,0.01352589643891505,0.042607102789377564,0.04233658486059926,0.042336584860599255,0.9628816000366828,0.9653201719922716,0.9671689013295428,-0.025930252673571092,0.01626283079852735,0.00012159054094954168,0.01666829731402762,4.5102810375396984e-17,0.703257518953595,0.6197060772975567,0.43240126837705384,0.12163087961425696,0.22528469017533734,0.04274703240871915,0.0,101,479789,0.8888467694381266,0.9131752660649333,0.8979347500748279,0.581782593113335,0.4689867506140381,0.28476506881822494,0.00392274511255142,0.0038453490068571976,0.0038727934117435622,0.016262830798527292,0.04948425245264064,0.030942768592026913,0.013926955390807209,0.07560198337185721,0.06024940129932116,0.04391513769594551,/common/users/shared/pracsys/adaptive_roa_experiments/quadrotor_stoch/q2d_cs_epi_var_anch,0.9311408805717836,0.6158681468503986
fm,corridor_sine_ambient_smooth,epi_var_anch,3,3500,0.0036717918345428907,100.0,0.06634023298359056,50.0,0.03023501997753179,0.0026306202284983714,0.0024882966953274034,0.03138149809400318,0.014232353317096819,0.01352589643891505,0.042607102789377564,0.04233658486059926,0.042336584860599255,0.9676962164618197,0.9705891548159712,0.9705787335682977,-0.021367496962206297,0.013443383461923513,0.00010922224958953673,0.013856224923872779,2.2551405187698492e-17,0.7523923636073169,0.6977660690955043,0.5254487998386338,0.10819320257064288,0.22528469017533734,0.04274703240871915,0.0,101,479789,0.8946128713623585,0.9160386908109324,0.9007607192254495,0.6491881013425964,0.5634967308956308,0.370906502135738,0.003064810242236087,0.003035899634661645,0.0030671688421508112,0.01344338346192339,0.05486161625214417,0.037062125225880545,0.018082948962981644,0.07560198337185721,0.06024940129932116,0.04391513769594551,/common/users/shared/pracsys/adaptive_roa_experiments/quadrotor_stoch/q2d_cs_epi_var_anch,0.9423430103761149,0.6824641499500197
fm,corridor_sine_ambient_smooth,epi_var_anch,4,4000,0.0028591259942980225,100.0,0.06090495009764098,50.0,0.03133341948231409,0.003289708116005312,0.0031345738672822147,0.03188159775960423,0.015513424872309719,0.01352589643891505,0.042607102789377564,0.04233658486059926,0.042336584860599255,0.9679233996611011,0.9687821104693939,0.9676774582160075,-0.022998630648055712,0.013589560968277273,0.00010544408394845773,0.014015213145778659,1.3877787807814457e-17,0.752906043285595,0.6670371687711186,0.43701444855877447,0.10275791968472522,0.22528469017533734,0.04274703240871915,0.0,101,479789,0.901426319634001,0.933196491882814,0.929431747992588,0.646403661125355,0.5190092365171066,0.2856668248694827,0.0022788966771601893,0.0021711709757373404,0.0021940530104370137,0.013589560968277162,0.05421341464685518,0.033508479769231894,0.013497599986660802,0.07560198337185721,0.06024940129932116,0.04391513769594551,/common/users/shared/pracsys/adaptive_roa_experiments/quadrotor_stoch/q2d_cs_epi_var_anch,0.9523682592383022,0.6790114031865508
fm,corridor_sine_ambient_smooth,epi_var_anch,5,4500,0.0023560681200026096,100.0,0.05295165836248943,50.0,0.028353234442640398,0.00232823849015665,0.002174564302443958,0.03277201719332132,0.015367418771269218,0.01352589643891505,0.042607102789377564,0.04233658486059926,0.042336584860599255,0.9703536346185511,0.9727526058329807,0.9719939390023531,-0.019264655921665565,0.011739131969721905,9.76318896971993e-05,0.012163324086212898,0.0,0.7774509497136777,0.7252128218602207,0.555522476927657,0.09480462794955731,0.22528469017533734,0.04274703240871915,0.0,101,479789,0.8988459172967693,0.9240947075208914,0.9166029909398538,0.6849447247263805,0.596775867436953,0.39852871381110583,0.0018745020674436144,0.0017480879177157647,0.0017866511326597159,0.011739131969721595,0.057610741388401984,0.03890877031361703,0.01909380998730692,0.07560198337185721,0.06024940129932116,0.04391513769594551,/common/users/shared/pracsys/adaptive_roa_experiments/quadrotor_stoch/q2d_cs_epi_var_anch,0.9581620069872696,0.722718967333452
fm,corridor_sine_ambient_smooth,epi_var_anch,6,5000,0.001975119968303127,100.0,0.04736255699057134,50.0,0.026402939625543728,0.0017561025698380126,0.0016077840634137555,0.03358328501923279,0.014831850642425709,0.01352589643891505,0.042607102789377564,0.04233658486059926,0.042336584860599255,0.971502056112166,0.9743866574681788,0.9755538372076058,-0.016278364030855235,0.010361083904780225,8.889552972459955e-05,0.01077992033998278,-3.469446951953614e-18,0.7893317720290279,0.748572948421548,0.64101857803079,0.08921552657763587,0.22528469017533734,0.04274703240871915,0.0,101,479789,0.8946908836884387,0.9160741111667501,0.902525208997673,0.706172635293469,0.6328570934375757,0.49700996677740866,0.0015289852575807964,0.0014730288038432172,0.0015376136073138084,0.010361083904779427,0.05967206417821167,0.041622463207785086,0.024183547351023054,0.07560198337185721,0.06024940129932116,0.04391513769594551,/common/users/shared/pracsys/adaptive_roa_experiments/quadrotor_stoch/q2d_cs_epi_var_anch,0.9614945914634007,0.7552687837506039
fm,corridor_sine_ambient_smooth,epi_var_anch,7,5500,0.0015027689888451627,100.0,0.03852004604826876,50.0,0.024640685801466902,0.0008881434313849566,0.0007234528606498538,0.03443715964520535,0.016469057073510283,0.01352589643891505,0.042607102789377564,0.04233658486059926,0.042336584860599255,0.9744804486972398,0.9771232771072283,0.9772254053344283,-0.0120936286575974,0.008622878076043766,7.613708558852428e-05,0.00905808657555717,-1.734723475976807e-18,0.8199252875253699,0.7835108481262327,0.6744719516191497,0.08037301563536596,0.22528469017533734,0.04274703240871915,0.0,101,479789,0.8787553986318212,0.9113935667416143,0.9058173961750821,0.7684779312436247,0.6871000103781091,0.5372567631703844,0.0011778962820043252,0.0010724964280716255,0.0011371577956512866,0.008622878076043072,0.06611447948994245,0.045422050109527316,0.026046866435037067,0.07560198337185721,0.06024940129932116,0.04391513769594551,/common/users/shared/pracsys/adaptive_roa_experiments/quadrotor_stoch/q2d_cs_epi_var_anch,0.968401136307974,0.7963256104752868
fm,corridor_sine_ambient_smooth,epi_var_anch,8,6000,0.0013095122519687457,100.0,0.03507962101496326,50.0,0.02383103822722071,0.0007971728226319079,0.0006294059922169134,0.035007735674662005,0.016776683041499457,0.01352589643891505,0.042607102789377564,0.04233658486059926,0.042336584860599255,0.9757601779115402,0.9776776874834563,0.9780340941538885,-0.011142877389852625,0.007958255178154164,7.084530030018159e-05,0.008396539937347458,-6.938893903907228e-18,0.8306047541365649,0.7903945514325975,0.6912372191134679,0.07693259060206231,0.22528469017533734,0.04274703240871915,0.0,101,479789,0.8804928511873514,0.910045518049484,0.9030850493761005,0.7860667714277838,0.69855052409451,0.5598955861414333,0.0010194851403951784,0.0009280012386371321,0.00099021000259045,0.007958255178153543,0.06749425268190809,0.04624741292526507,0.02722655167167234,0.07560198337185721,0.06024940129932116,0.04391513769594551,/common/users/shared/pracsys/adaptive_roa_experiments/quadrotor_stoch/q2d_cs_epi_var_anch,0.9711536957185724,0.8120241581989163
fm,corridor_sine_ambient_smooth,epi_var_anch,9,6500,0.0013318580263310073,100.0,0.03442995510739857,50.0,0.023046610072344296,0.0007477511653247846,0.0005838620959062013,0.0352685366360477,0.016388906941858346,0.01352589643891505,0.042607102789377564,0.04233658486059926,0.042336584860599255,0.9765876249768127,0.9786322737703449,0.9786155997740673,-0.010819318492087145,0.007651910320457773,6.992536831411237e-05,0.008086317318654657,3.469446951953614e-18,0.8361079093654707,0.8006455878349472,0.7028326478595841,0.076282924694484,0.22528469017533734,0.04274703240871915,0.0,101,479789,0.8880245459616934,0.914205781784271,0.9016795481569561,0.7899263915308907,0.7121804407237001,0.5758424299952539,0.0010803621142072752,0.0009755560574758161,0.0010232537959847575,0.007651910320457281,0.0672503954863492,0.04693521527171319,0.028045661738806016,0.07560198337185721,0.06024940129932116,0.04391513769594551,/common/users/shared/pracsys/adaptive_roa_experiments/quadrotor_stoch/q2d_cs_epi_var_anch,0.9709893912832527,0.819260095124511
fm,corridor_sine_ambient_smooth,epi_var_anch,10,7000,0.0011592727698958817,100.0,0.03336323015074997,50.0,0.022868219154670077,0.0008205761942067167,0.0006585240749575796,0.0354607585247993,0.01620521192491371,0.01352589643891505,0.042607102789377564,0.04233658486059926,0.042336584860599255,0.9769773796398,0.978617684023602,0.9786948012563856,-0.010886452169599553,0.00753435041075757,6.855977942149149e-05,0.007966920458785007,2.949029909160572e-17,0.8386455929182857,0.8000701576598522,0.7043272012032857,0.07521619973783375,0.22528469017533734,0.04274703240871915,0.0,101,479789,0.8919061674693181,0.916138534321164,0.9017182639608947,0.7913875334270669,0.7101048189019961,0.5778357854769814,0.000857432950044895,0.0008079827441512386,0.0008452932852000452,0.007534350410757089,0.06708157127403921,0.04669969507429308,0.028141537217401816,0.07560198337185721,0.06024940129932116,0.04391513769594551,/common/users/shared/pracsys/adaptive_roa_experiments/quadrotor_stoch/q2d_cs_epi_var_anch,0.9731139319920018,0.8220368875863332
fm,corridor_sine_ambient_smooth,epi_var_anch,11,7500,0.0011577899911899667,100.0,0.03318957413539023,50.0,0.022978142475129693,0.0007382876406131493,0.0005732141806067082,0.035358075589508764,0.01650734600064409,0.01352589643891505,0.042607102789377564,0.04233658486059926,0.042336584860599255,0.9761895333156867,0.9785676620347694,0.9788031822321895,-0.010625837607781748,0.007551723451697221,6.843285692181252e-05,0.007987314840481962,1.214306433183765e-17,0.8341704166061839,0.7990541887323394,0.7041884816753927,0.07504254372247478,0.22528469017533734,0.04274703240871915,0.0,101,479789,0.8809209921206733,0.9182161142549178,0.9094665664913599,0.7921318887326662,0.7072681357456672,0.5745135263407689,0.0008501593596858471,0.0007957495009508754,0.0008195081946991385,0.007551723451696833,0.06798196707302585,0.04640790013943629,0.02774136130674109,0.07560198337185721,0.06024940129932116,0.04391513769594551,/common/users/shared/pracsys/adaptive_roa_experiments/quadrotor_stoch/q2d_cs_epi_var_anch,0.9733702824045196,0.8216265323109406
fm,corridor_sine_ambient_smooth,epi_var_anch,12,8000,0.001065386301315945,100.0,0.031781850896522995,50.0,0.022266683896462816,0.0005019366020681875,0.0003405537395552449,0.03559696491704143,0.01613828625129426,0.01352589643891505,0.042607102789377564,0.04233658486059926,0.042336584860599255,0.9767022587012207,0.9795722703104907,0.9798432227500006,-0.008643236922897356,0.0070801736831131315,6.47414974105116e-05,0.007512074474404374,5.204170427930421e-17,0.839327296248383,0.8127328658501632,0.7303348855366256,0.07363482048360537,0.22528469017533734,0.04274703240871915,0.0,101,479789,0.8768357509685557,0.9077251387110542,0.8852835800716555,0.8048962037879415,0.7357387484000415,0.621547223540579,0.0007909753033959147,0.0007336338899969341,0.0007751563077553973,0.007080173683112772,0.06939925675661593,0.048833966597816955,0.030832303366688272,0.07560198337185721,0.06024940129932116,0.04391513769594551,/common/users/shared/pracsys/adaptive_roa_experiments/quadrotor_stoch/q2d_cs_epi_var_anch,0.9740431677685305,0.8327646477290064
fm,corridor_sine_ambient_smooth,epi_var_anch,13,8500,0.0008138068242176732,100.0,0.028369185911659565,50.0,0.021824176877752517,0.0005893612921514657,0.00041809364463696807,0.036114979095420566,0.017126764751449766,0.01352589643891505,0.042607102789377564,0.04233658486059926,0.042336584860599255,0.9783654898299043,0.9799161714837147,0.9795806073086294,-0.0090017903703503,0.006639699409815676,6.118958164723119e-05,0.0070814849861084795,1.474514954580286e-17,0.8513447712886318,0.8142207141204596,0.7181773724937432,0.07022215549875924,0.22528469017533734,0.04274703240871915,0.0,101,479789,0.8858522337793938,0.9196463568659902,0.9116336814430731,0.819424916604637,0.7304805064517245,0.592453725676317,0.0005388156638257121,0.0004961388294453619,0.0005329712701687867,0.006639699409815541,0.0699328246374969,0.047856453566046744,0.028539628878527852,0.07560198337185721,0.06024940129932116,0.04391513769594551,/common/users/shared/pracsys/adaptive_roa_experiments/quadrotor_stoch/q2d_cs_epi_var_anch,0.9783805727824225,0.8431687527069538
fm,corridor_sine_ambient_smooth,epi_var_anch,14,9000,0.0007796390175041678,100.0,0.02780414213428159,50.0,0.02124644374923144,0.00037792416717580523,0.0002109681182510158,0.036059362341483055,0.016695604892478937,0.01352589643891505,0.042607102789377564,0.04233658486059926,0.042336584860599255,0.9783571528317656,0.9804455708655263,0.980528940846914,-0.0072158177865686785,0.006488190637367284,6.125322440624747e-05,0.0069256646150703755,6.331740687315346e-17,0.8529053460634048,0.8226800226800226,0.7409174108380941,0.06965711172137348,0.22528469017533734,0.04274703240871915,0.0,101,479789,0.8771597564173538,0.9067199933341665,0.8912463303976514,0.8299561657431147,0.7528972221261286,0.6339819648789748,0.0005208401124471542,0.00047520450060846854,0.0005168694126809656,0.006488190637367273,0.07153352828013981,0.050028241581195065,0.031238732025953075,0.07560198337185721,0.06024940129932116,0.04391513769594551,/common/users/shared/pracsys/adaptive_roa_experiments/quadrotor_stoch/q2d_cs_epi_var_anch,0.9785843455082909,0.84674742521791
fm,corridor_sine_ambient_smooth,epi_var_anch,15,9500,0.0007124403546092039,100.0,0.0268933337350693,50.0,0.021565792462936828,0.0004230501026982332,0.00024935049177288345,0.03623124483040706,0.017369961092534976,0.01352589643891505,0.042607102789377564,0.04233658486059926,0.042336584860599255,0.9787614972414957,0.9804059701243671,0.979799453509772,-0.007458299377434662,0.006354690521965125,5.8607071268180806e-05,0.006798908061668774,3.469446951953614e-17,0.8559228572236518,0.8208821568067066,0.7268166187496478,0.06874630332217783,0.22528469017533734,0.04274703240871915,0.0,101,479789,0.8785301715380374,0.9136483162269913,0.8948500832870627,0.8344498662917321,0.7452174213858235,0.6119126720455624,0.0004697548374692832,0.00040083863220771103,0.000421251474390789,0.0063546905219649,0.07180864921871906,0.04914243552895127,0.030029867295832128,0.07560198337185721,0.06024940129932116,0.04391513769594551,/common/users/shared/pracsys/adaptive_roa_experiments/quadrotor_stoch/q2d_cs_epi_var_anch,0.9800919220566655,0.8499007290529201
fm,corridor_sine_ambient_smooth,epi_var_anch,16,10000,0.0006870269766260648,100.0,0.02595320608646735,50.0,0.020840536152350306,0.00032077656255102133,0.00014977018729486129,0.03642640224428341,0.01710063752561601,0.01352589643891505,0.042607102789377564,0.04233658486059926,0.042336584860599255,0.9790574606754219,0.9811396259605785,0.9809833072454767,-0.006691774926061247,0.006059952803610775,5.728158344061726e-05,0.006501477107645238,6.158268339717665e-17,0.8586182636836921,0.8297299840060212,0.7466822144483314,0.0678061756735663,0.22528469017533734,0.04274703240871915,0.0,101,479789,0.8768284622237549,0.9096460103968974,0.8995852287931496,0.841149064042125,0.7627218320821946,0.6382059800664451,0.0004503671036350503,0.0004011585000410451,0.0003985757374293386,0.006059952803610513,0.07252563105865287,0.05051804022184752,0.031155362044565423,0.07560198337185721,0.06024940129932116,0.04391513769594551,/common/users/shared/pracsys/adaptive_roa_experiments/quadrotor_stoch/q2d_cs_epi_var_anch,0.9804406385889463,0.8568625026424723
fm,corridor_sine_ambient_smooth,epi_var_anch,17,10500,0.0006809445075233735,100.0,0.02690756587270286,50.0,0.020720941914049718,0.00032177017135343223,0.0001595049028518807,0.03623352062876849,0.01622652685015515,0.01352589643891505,0.042607102789377564,0.04233658486059926,0.042336584860599255,0.9786426950180184,0.9809499592529216,0.9814168311486925,-0.006480140228308692,0.0062625691346827415,6.008746236618029e-05,0.006695352331962589,8.153200337090993e-17,0.8547040056717475,0.8289990645463049,0.7572159895436226,0.06876053545979016,0.22528469017533734,0.04274703240871915,0.0,101,479789,0.8799194207637511,0.902701381249236,0.8882074869043056,0.8308935020538692,0.7664233576642335,0.6598955861414333,0.00042749144927776533,0.0003900686142023852,0.00040533890039476763,0.006262569134682622,0.07138971506224612,0.05115373632992837,0.032626842216057474,0.07560198337185721,0.06024940129932116,0.04391513769594551,/common/users/shared/pracsys/adaptive_roa_experiments/quadrotor_stoch/q2d_cs_epi_var_anch,0.9800352121542597,0.8520766576873556
fm,corridor_sine_ambient_smooth,epi_var_anch,18,11000,0.0006497923091551554,100.0,0.026373832991509232,50.0,0.020647284535493728,0.0002974992830484667,0.0001355157587673491,0.036208824970408365,0.016198352428111764,0.01352589643891505,0.042607102789377564,0.04233658486059926,0.042336584860599255,0.9788031822321895,0.9808082302845625,0.9814564318898515,-0.005867412550100149,0.006263275648958343,5.9943255855598845e-05,0.006695777102017762,9.71445146547012e-17,0.8563843307820488,0.8287648305872727,0.7607368562592445,0.06822680257859418,0.22528469017533734,0.04274703240871915,0.0,101,479789,0.8778553023942561,0.8960871838179113,0.8776915916847657,0.8359385769029306,0.7708513508838689,0.6712861888941624,0.0004220298761660596,0.00035166745995590594,0.000363386022201036,0.006263275648958168,0.07199206317777189,0.05182903317916834,0.033587681251550164,0.07560198337185721,0.06024940129932116,0.04391513769594551,/common/users/shared/pracsys/adaptive_roa_experiments/quadrotor_stoch/q2d_cs_epi_var_anch,0.9807963476205471,0.8520599696555285
fm,corridor_sine_ambient_smooth,epi_var_anch,19,11500,0.0006085780513381384,100.0,0.02508988129381501,50.0,0.020626483725137507,0.0002854769044379075,0.00011547622800419491,0.0364477570738722,0.017000067643371263,0.01352589643891505,0.042607102789377564,0.04233658486059926,0.042336584860599255,0.9789949331893811,0.981216743193362,0.9814189153982271,-0.006194056137176968,0.006004304014731337,5.6876965078736614e-05,0.006444822619943349,7.546047120499111e-17,0.8584471037698748,0.8309383559074025,0.7549140893470792,0.06694285088091112,0.22528469017533734,0.04274703240871915,0.0,101,479789,0.8750393723334192,0.90770113529243,0.8970924534465861,0.8424723623631902,0.7661466080880064,0.6516373991457048,0.0003902812922830599,0.00031891843838141663,0.00032778583827703246,0.006004304014731091,0.07278824650002397,0.05085360439693282,0.03189943912845022,0.07560198337185721,0.06024940129932116,0.04391513769594551,/common/users/shared/pracsys/adaptive_roa_experiments/quadrotor_stoch/q2d_cs_epi_var_anch,0.9818367006210197,0.8581769400035082
fm,corridor_sine_ambient_smooth,epi_var_anch,20,12000,0.0005779364182121399,100.0,0.0249837796049774,50.0,0.020334876372738852,0.0002892008209692125,0.00012385566114085284,0.03643988818606659,0.01653451598283597,0.01352589643891505,0.042607102789377564,0.04233658486059926,0.042336584860599255,0.979151251904483,0.9809666332491991,0.9816731938414595,-0.005867683502539659,0.006020552335673598,5.7766402171095175e-05,0.006456415424280256,6.852157730108388e-17,0.8590670217112586,0.8295569076859904,0.7620619672574752,0.0668367491920665,0.22528469017533734,0.04274703240871915,0.0,101,479789,0.8784866297833103,0.9007741883182684,0.8864337425243941,0.8404874148815924,0.7687757290621648,0.668296155671571,0.00034364524275288665,0.00030334700002679674,0.00030980390655605444,0.006020552335673357,0.07233179585192658,0.05142052027036885,0.033108303858571164,0.07560198337185721,0.06024940129932116,0.04391513769594551,/common/users/shared/pracsys/adaptive_roa_experiments/quadrotor_stoch/q2d_cs_epi_var_anch,0.9819412110254824,0.8577931508765447
fm,corridor_sine_ambient_smooth,partx,0,2000,0.005148662604166283,1.0,0.10233194481173076,50.0,0.06245539108214731,0.0014398132218186401,0.0014398132218186401,0.0180498426627955,0.03482683634425443,0.01352589643891505,0.042607102789377564,0.04233658486059926,0.042336584860599255,0.9364283049423809,0.9549155983150927,0.9633172081894332,0.011029299852853808,0.024893491153161695,0.00014569121082719155,0.02516400908193998,-0.0008330642664607264,0.5991299433543181,0.5770652067650797,0.4655004859086491,0.14418491440030276,0.22528469017533734,0.04274703240871915,0.0,20,479789,0.5724870648515598,0.663593848367659,0.6463147242368021,0.6283737215008408,0.5104991870481198,0.36373991457047933,0.0007138430963761402,0.0031439260014626477,0.008530740794507751,0.024893491153162518,0.08298231097419907,0.04634954115246494,0.024715030982369334,0.07560198337185721,0.06024940129932116,0.04391513769594551,/common/users/shared/pracsys/adaptive_roa_experiments/quadrotor_stoch/q2d_cs_partx,0.911492994345916,0.41200993809189035
fm,corridor_sine_ambient_smooth,partx,1,2500,0.0030179999845946406,1.0,0.08268566489788205,50.0,0.05938839692063215,0.0020919686503577386,0.0020919686503577386,0.02147326285048572,0.03783103361114865,0.01352589643891505,0.042607102789377564,0.04233658486059926,0.042336584860599255,0.9384333529947539,0.9560848623040545,0.964676138886052,0.020233116928319136,0.022231909153308194,0.00012821401213104433,0.022502427082086492,-0.0007233815071630914,0.6575783921636816,0.639964457810738,0.49661399548532736,0.12453863448623391,0.22528469017533734,0.04274703240871915,0.0,20,479789,0.5673507761241798,0.6323147053857843,0.6635973964121289,0.7819314641744548,0.6478015705538451,0.39677266255339344,0.0003376428229342821,0.0007593787235591541,0.0047028154382460705,0.022231909153308957,0.10419580273828703,0.061725049969882595,0.02625737563804089,0.07560198337185721,0.06024940129932116,0.04391513769594551,/common/users/shared/pracsys/adaptive_roa_experiments/quadrotor_stoch/q2d_cs_partx,0.9477293969806051,0.4748771251504883
fm,corridor_sine_ambient_smooth,partx,2,3000,0.004724591894048692,1.0,0.10589097903761133,50.0,0.07615641852824738,0.004659509020847841,0.004659509020847841,0.017944314372647353,0.047737734215614225,0.01352589643891505,0.042607102789377564,0.04233658486059926,0.042336584860599255,0.9214154555439995,0.9490317618786591,0.9624355706362588,0.034806501761931515,0.028311049477010544,0.00014643120217791995,0.02858156740578885,-0.0007407300317892017,0.5816802023698575,0.5835774129827669,0.4999861284505479,0.14774394862658927,0.22528469017533734,0.04274703240871915,0.0,20,479789,0.4867153122040885,0.5746721668846632,0.6017362270450751,0.7226862955917625,0.5927629985816584,0.42766967252017085,0.0002405091262175769,0.001655325928556524,0.007992879271939805,0.02831104947701225,0.11225559568893827,0.062146068375890234,0.03121163678200209,0.07560198337185721,0.06024940129932116,0.04391513769594551,/common/users/shared/pracsys/adaptive_roa_experiments/quadrotor_stoch/q2d_cs_partx,0.9304410815571266,0.33128641409717585
fm,corridor_sine_ambient_smooth,partx,3,3500,0.002803175120030046,1.0,0.08905417241318095,50.0,0.07181209215219299,0.004401805080743755,0.004401805080743755,0.019578214203684236,0.04860083995293382,0.01352589643891505,0.042607102789377564,0.04233658486059926,0.042336584860599255,0.9155545458524477,0.946115896779626,0.962610647597173,0.03553867860427596,0.026331848014186813,0.00012420777045708486,0.02660236594296511,-0.0008283277234719735,0.6075476084387532,0.5919343382527029,0.42674080465279773,0.13090714200178538,0.22528469017533734,0.04274703240871915,0.0,20,479789,0.46831927126110656,0.5443276823037622,0.6531350875476866,0.8645824718109889,0.6486664129795551,0.31689606074988136,7.991127596998169e-05,0.00040599174931152713,0.0021174106135691904,0.02633184801418819,0.13957177009060232,0.07179822797104561,0.02130728299314907,0.07560198337185721,0.06024940129932116,0.04391513769594551,/common/users/shared/pracsys/adaptive_roa_experiments/quadrotor_stoch/q2d_cs_partx,0.9525411542479534,0.37803561385763373
fm,corridor_sine_ambient_smooth,partx,4,4000,0.003515296818597333,1.0,0.08934867970397598,50.0,0.06450681461850646,0.0018377647999243015,0.0018377647999243015,0.019676327062020493,0.040689873461432574,0.01352589643891505,0.042607102789377564,0.04233658486059926,0.042336584860599255,0.9343461396572244,0.9539943600207591,0.963379735675474,0.020437789189685474,0.023842889860565063,0.00013427267012889235,0.024113407789343365,-0.0006551327379380086,0.6229531743751795,0.5964052586348759,0.4703364283130351,0.13120164929270373,0.22528469017533734,0.04274703240871915,0.0,20,479789,0.5504854985085994,0.6325240459199504,0.6446041976532805,0.7173931023075014,0.5641886048361988,0.3702420503084955,1.68024201364552e-05,0.0013843541139148196,0.005338574949324467,0.023842889860565902,0.09852455975439203,0.053740290002480255,0.025223587868834007,0.07560198337185721,0.06024940129932116,0.04391513769594551,/common/users/shared/pracsys/adaptive_roa_experiments/quadrotor_stoch/q2d_cs_partx,0.9417526047991852,0.4368253854421177
fm,corridor_sine_ambient_smooth,partx,5,4500,0.0037711179697515924,1.0,0.09435486841523966,50.0,0.06960140732396557,0.002889992726748214,0.002889992726748214,0.01905471122831765,0.04456891913821884,0.01352589643891505,0.042607102789377564,0.04233658486059926,0.042336584860599255,0.9282997317570849,0.9521831471751124,0.9641258970088935,0.027426439292742372,0.025472107552286558,0.00013827972417351997,0.025742625481064856,-0.0006997588067432711,0.6050900575128285,0.5968297483480951,0.49427043544690596,0.13620783800419947,0.22528469017533734,0.04274703240871915,0.0,20,479789,0.5184114245249617,0.6065292709933208,0.6487966676951559,0.7265734844098917,0.5874355692392846,0.39919316563834834,2.391053830195763e-05,0.0011425763312976176,0.006105126672563948,0.025472107552287394,0.10595907784463587,0.058352734222752084,0.027020210967737903,0.07560198337185721,0.06024940129932116,0.04391513769594551,/common/users/shared/pracsys/adaptive_roa_experiments/quadrotor_stoch/q2d_cs_partx,0.9400505472776078,0.39834288391097183
fm,corridor_sine_ambient_smooth,partx,6,5000,0.003963547991423662,1.0,0.0951781541864355,50.0,0.06950410022041165,0.0030397278111496343,0.0030397278111496343,0.01898905397784827,0.04444757957099712,0.01352589643891505,0.042607102789377564,0.04233658486059926,0.042336584860599255,0.9292626550421123,0.951078494921726,0.963832017824502,0.027913881895088054,0.025590353982919575,0.00013790299932877687,0.02586087191169789,-0.000796904710981039,0.6120326021102207,0.5905808477237048,0.49273582975240426,0.13703112377532795,0.22528469017533734,0.04274703240871915,0.0,20,479789,0.5227902980119518,0.595609189740703,0.6414491209376665,0.7380145011441017,0.5856366969938077,0.4,0.0004181915453563729,0.0016779756563842774,0.005775485872068701,0.02559035398292088,0.10672608167340226,0.05924062452453058,0.027384954636308877,0.07560198337185721,0.06024940129932116,0.04391513769594551,/common/users/shared/pracsys/adaptive_roa_experiments/quadrotor_stoch/q2d_cs_partx,0.9402025392881345,0.3955498756647383
fm,corridor_sine_ambient_smooth,partx,7,5500,0.003996482724075922,1.0,0.10405203918915473,50.0,0.07603004786830878,0.007390983469120345,0.007390983469120345,0.01769558672243286,0.04692566070069098,0.01352589643891505,0.042607102789377564,0.04233658486059926,0.042336584860599255,0.9072654854529804,0.9384208474975458,0.9590278226470386,0.04058355418645374,0.031762308505374336,0.00015345648081286267,0.03203282643415264,-0.00026967310191241406,0.574535022710973,0.5782478980200705,0.4431161473087819,0.14590500877785947,0.22528469017533734,0.04274703240871915,0.0,20,479789,0.43982606658663,0.49224712001166576,0.5496134926212227,0.8281917679816944,0.7006607396132425,0.37119126720455625,2.8601814497204296e-06,0.0005530826969513136,0.004926223948883537,0.03176230850537538,0.1423584117184846,0.08575853135440788,0.029658870878657078,0.07560198337185721,0.06024940129932116,0.04391513769594551,/common/users/shared/pracsys/adaptive_roa_experiments/quadrotor_stoch/q2d_cs_partx,0.9420971235504144,0.2497668716086242
fm,corridor_sine_ambient_smooth,partx,8,6000,0.004157068070985502,1.0,0.09933565525169624,50.0,0.07138331744463786,0.0035240800231153982,0.0035240800231153982,0.01853878370965158,0.04452236774438107,0.01352589643891505,0.042607102789377564,0.04233658486059926,0.042336584860599255,0.9244563756151142,0.950207278616225,0.9614226253623989,0.029088776891313128,0.027008473502297712,0.00014349226357498223,0.027278991431076018,-0.00031340767176536374,0.5962054789942179,0.5865208210737651,0.4677498202731848,0.1411886248405621,0.22528469017533734,0.04274703240871915,0.0,20,479789,0.5002617409512414,0.5868864950988881,0.593433053630062,0.7376836765638354,0.5861556024492337,0.3859990507831039,0.00011752378506802538,0.0015438173209638606,0.006347514164561917,0.027008473502298902,0.1114823391115678,0.06017436831607227,0.028564639872944147,0.07560198337185721,0.06024940129932116,0.04391513769594551,/common/users/shared/pracsys/adaptive_roa_experiments/quadrotor_stoch/q2d_cs_partx,0.9376486988016223,0.36205356215604256
fm,corridor_sine_ambient_smooth,partx,9,6334,0.0037232415840237187,1.0,0.09612339708349989,50.0,0.06962813387780642,0.003830792377623886,0.003830792377623886,0.01863934374888667,0.0432491830377206,0.01352589643891505,0.042607102789377564,0.04233658486059926,0.042336584860599255,0.9258965920435859,0.9480938495880481,0.9612142004089298,0.02918038765770477,0.0269618285369623,0.00014326563525741466,0.027232346465740593,-0.0005662049523741872,0.6068600999601929,0.5816422523854321,0.46996496624797063,0.1379763666722443,0.22528469017533734,0.04274703240871915,0.0,20,479789,0.5066373723759762,0.5653636393324842,0.5876486929268466,0.756513108923993,0.5988860829556855,0.39155196962505934,0.00011094805369779156,0.000860560262909893,0.005705617676684989,0.026961828536963155,0.11288920754748441,0.06382180500178203,0.02926077921753104,0.07560198337185721,0.06024940129932116,0.04391513769594551,/common/users/shared/pracsys/adaptive_roa_experiments/quadrotor_stoch/q2d_cs_partx,0.9435940023477922,0.3631553271068292
fm,corridor_sine_ambient_smooth,partx,10,6363,0.0027488835063974896,1.0,0.08201777861788209,50.0,0.05778727477371158,0.0020943549789969635,0.0020943549789969635,0.020339595789818154,0.035024556247077385,0.01352589643891505,0.042607102789377564,0.04233658486059926,0.042336584860599255,0.9378872796166648,0.9521935684227858,0.963042087250854,0.01688345096272579,0.023411914151664125,0.00013524481700510747,0.023682432080442434,-0.0006794298981139396,0.6481789740865357,0.6090839369407754,0.47810218978102187,0.12387074820612592,0.22528469017533734,0.04274703240871915,0.0,20,479789,0.566815328708292,0.6002754635850578,0.6293196962653029,0.7568163647892372,0.6181547722005051,0.38547698149027054,0.00015107357739457374,0.0005720674894122131,0.003212112291438664,0.02341191415166499,0.10094437346416862,0.062043940148690364,0.026899324494725808,0.07560198337185721,0.06024940129932116,0.04391513769594551,/common/users/shared/pracsys/adaptive_roa_experiments/quadrotor_stoch/q2d_cs_partx,0.9508040136222409,0.4470051321155917
fm,corridor_sine_ambient_smooth,partx,11,6551,0.004354854928121284,1.0,0.09707295086480518,50.0,0.06725834900755247,0.002624079877991292,0.002624079877991292,0.018674354429299135,0.040640537972637746,0.01352589643891505,0.042607102789377564,0.04233658486059926,0.042336584860599255,0.9314823807965585,0.9511847916479953,0.9621229332060551,0.02249950302641596,0.02587513180464894,0.00014479003993082533,0.026145649733427236,-0.0004111785046424857,0.6048228109823532,0.5809672051956417,0.47587459983272284,0.1389259204536546,0.22528469017533734,0.04274703240871915,0.0,20,479789,0.5362250879249707,0.6016452975616987,0.6064838638535617,0.6935461638133047,0.5616632649531256,0.39155196962505934,0.0009244663135916196,0.002068196283808501,0.006069785376196052,0.025875131804650252,0.09778256692004193,0.05624555794317919,0.028352046420405636,0.07560198337185721,0.06024940129932116,0.04391513769594551,/common/users/shared/pracsys/adaptive_roa_experiments/quadrotor_stoch/q2d_cs_partx,0.937817438311391,0.3888233571543992
fm,corridor_sine_ambient_smooth,partx,12,6559,0.0029966460299363333,1.0,0.08489292788262986,50.0,0.060020838052433675,0.0014725595970867707,0.0014725595970867707,0.01981961421473523,0.03703546074129812,0.01352589643891505,0.042607102789377564,0.04233658486059926,0.042336584860599255,0.9324036190908921,0.9533419899164007,0.961745684040276,0.01461314435366982,0.023419447767993706,0.00012961084220240826,0.023689965696772012,-0.000570082474957094,0.6279880706584079,0.599964260185847,0.39140526560116723,0.12674589747089268,0.22528469017533734,0.04274703240871915,0.0,20,479789,0.537725656589467,0.6205226777067239,0.6494278169014085,0.7546660050175061,0.5807243920157747,0.2801139060275273,7.574026827997602e-05,0.0006090172740272598,0.004984847870448993,0.023419447767994827,0.10610289106252957,0.0563852026620035,0.018941659771274457,0.07560198337185721,0.06024940129932116,0.04391513769594551,/common/users/shared/pracsys/adaptive_roa_experiments/quadrotor_stoch/q2d_cs_partx,0.9443674669636047,0.4468271863423465
fm,corridor_sine_ambient_smooth,partx,13,6563,0.0030263395588018783,1.0,0.08674814663808024,50.0,0.06453610045125627,0.002896245693168867,0.002896245693168867,0.02036722411846346,0.04150691028592318,0.01352589643891505,0.042607102789377564,0.04233658486059926,0.042336584860599255,0.9297983071725279,0.9525249640988017,0.9628169883011074,0.02559690814672865,0.024242453142520968,0.0001308082417220438,0.024512971071299273,-0.0006231532927836979,0.6299250664732897,0.6226058718271589,0.464650102028568,0.12860111622659665,0.22528469017533734,0.04274703240871915,0.0,20,479789,0.5236659907564714,0.5974434799198702,0.6317937000163212,0.7902847848261793,0.6499809734666344,0.3674418604651163,8.392088712550162e-05,0.0006946103181750625,0.003927996883212793,0.024242453142522033,0.11409390377853598,0.06554756361650642,0.025540393798107085,0.07560198337185721,0.06024940129932116,0.04391513769594551,/common/users/shared/pracsys/adaptive_roa_experiments/quadrotor_stoch/q2d_cs_partx,0.9480128569822056,0.4273876076130476
fm,corridor_sine_ambient_smooth,partx,14,6564,0.004239590815792137,1.0,0.09918195702654417,50.0,0.07365157825813547,0.003646858975195811,0.003646858975195811,0.018713558099632512,0.04767867425536628,0.01352589643891505,0.042607102789377564,0.04233658486059926,0.042336584860599255,0.9242354451644369,0.9505032420501512,0.9624230651390507,0.03248382318146954,0.026628283453776932,0.0001388704219647045,0.026898801382555234,-0.0006416022823856303,0.5999449733120563,0.5867757090655995,0.4802675199631007,0.1410349266155267,0.22528469017533734,0.04274703240871915,0.0,20,479789,0.4992856096131301,0.590309141196653,0.6116454952639695,0.7514404653599096,0.5832843255958764,0.3953488372093023,0.00041117213800556445,0.0017198687642317062,0.006422834699920763,0.026628283453778174,0.11378335059786698,0.05953241945938736,0.028385394412960698,0.07560198337185721,0.06024940129932116,0.04391513769594551,/common/users/shared/pracsys/adaptive_roa_experiments/quadrotor_stoch/q2d_cs_partx,0.9410025530032784,0.3710337396968769
fm,corridor_sine_ambient_smooth,partx,15,6820,0.003455313980775524,1.0,0.09106227270877262,50.0,0.06481018685012177,0.0029146478402561154,0.0029146478402561154,0.019396850082089533,0.03987810147793619,0.01352589643891505,0.042607102789377564,0.04233658486059926,0.042336584860599255,0.9316324467630562,0.9514078063482072,0.9618832445095656,0.023714312900739047,0.02522764952616677,0.0001404194697724295,0.025498167454945066,-0.0006267330925990786,0.6215736040609138,0.6033010039135615,0.4726947696211291,0.13291524229736848,0.22528469017533734,0.04274703240871915,0.0,20,479789,0.5344297419009265,0.593644309011151,0.6021892447840141,0.7426736139828523,0.6132770609195005,0.3890365448504983,5.541921311777038e-06,0.0009749385058430299,0.005148984127926527,0.025227649526168253,0.10506076629518392,0.06224194385448603,0.028370804666217858,0.07560198337185721,0.06024940129932116,0.04391513769594551,/common/users/shared/pracsys/adaptive_roa_experiments/quadrotor_stoch/q2d_cs_partx,0.9453152033356687,0.4041170394533876
fm,corridor_sine_ambient_smooth,partx,16,6827,0.004699179335422341,1.0,0.10913502347131077,50.0,0.08001335369275808,0.006177665528244685,0.006177665528244685,0.017173372900993945,0.049973249694379177,0.01352589643891505,0.042607102789377564,0.04233658486059926,0.042336584860599255,0.9094518632148716,0.9434334676284784,0.9617644422860883,0.04040074607444424,0.030654971417343944,0.00014876824535717576,0.030925489346122242,-0.0006859060705060593,0.560985468582631,0.5644219040893625,0.48789883594338834,0.15098799306036909,0.22528469017533734,0.04274703240871915,0.0,20,479789,0.4428013081279413,0.5264513038531781,0.5923540974717006,0.765224822871006,0.6082955685474106,0.41476032273374464,0.00019884918310712304,0.0015469443008382937,0.0073996644412595855,0.030654971417345297,0.1306511820821236,0.06961601870822383,0.03074893338530062,0.07560198337185721,0.06024940129932116,0.04391513769594551,/common/users/shared/pracsys/adaptive_roa_experiments/quadrotor_stoch/q2d_cs_partx,0.9366774624103841,0.2759224316680031
fm,corridor_sine_ambient_smooth,partx,17,6833,0.004866799381581595,1.0,0.10878370071604267,50.0,0.07838587589166067,0.005536823455424656,0.005536823455424656,0.01743351288147091,0.048736244072224606,0.01352589643891505,0.042607102789377564,0.04233658486059926,0.042336584860599255,0.916577912373981,0.9464243657107604,0.9610349549489463,0.03759031483898123,0.02977007331108127,0.00014966188568870506,0.03004059123985958,-0.0006698221234717333,0.5743243961840748,0.5804703693427559,0.4809395563206264,0.15063667030506978,0.22528469017533734,0.04274703240871915,0.0,20,479789,0.46751740139211134,0.5494685452972439,0.5794473807453001,0.7443828743142282,0.6151797142560625,0.41105837683910773,0.0003896358844397752,0.0018700919957951674,0.008122741920181111,0.029770073311083004,0.12037374762656085,0.06745465194074896,0.031153277795030732,0.07560198337185721,0.06024940129932116,0.04391513769594551,/common/users/shared/pracsys/adaptive_roa_experiments/quadrotor_stoch/q2d_cs_partx,0.9313999437780625,0.29682393114360694
fm,corridor_sine_ambient_smooth,partx,18,7092,0.006948926357287109,1.0,0.13557042759196986,50.0,0.0951066944712819,0.012100009410581744,0.012100009410581744,0.014930913815571616,0.0563088029559642,0.01352589643891505,0.042607102789377564,0.04233658486059926,0.042336584860599255,0.8850765649066569,0.9324286300853083,0.9579815293806235,0.056812722057971485,0.039090407050163145,0.00017200687806894,0.039360924978941454,-0.0004152734054462398,0.49995012106976705,0.5224909417621587,0.4889215636566445,0.17742339718114664,0.22528469017533734,0.04274703240871915,0.0,20,479789,0.37251669054247644,0.4549465206350835,0.5247605572485851,0.7599040608717228,0.6135884041927561,0.45766492643569057,1.061366147454541e-05,0.0024247986766912466,0.01248433310045375,0.03909040705016496,0.15422196006994743,0.08125863660900938,0.03830016944948717,0.07560198337185721,0.06024940129932116,0.04391513769594551,/common/users/shared/pracsys/adaptive_roa_experiments/quadrotor_stoch/q2d_cs_partx,0.9229885520536825,0.07667547633151628
fm,corridor_sine_ambient_smooth,partx,19,7130,0.011785061737723151,1.0,0.18315101153557056,50.0,0.1391657080190594,0.029276577753962207,0.029276577753962207,0.016280523150377806,0.08720914904627064,0.01352589643891505,0.042607102789377564,0.04233658486059926,0.042336584860599255,0.8002559458428601,0.9151376959455094,0.9550052210450845,0.11348063407200579,0.05493123978913078,0.00018031066910091415,0.055201757717909083,-0.0004013996750528853,0.402960434097323,0.5312564757891828,0.5045669435902144,0.2250039811255756,0.22528469017533734,0.04274703240871915,0.0,20,479789,0.2603023083609671,0.3981192304374083,0.4884909349448987,0.8915998125327379,0.798180371536306,0.5217370669197912,0.00017969041354020746,0.0026592048753255,0.026427542232300167,0.05493123978913712,0.2589554991881848,0.12079268178303379,0.04690395152869282,0.07560198337185721,0.06024940129932116,0.04391513769594551,/common/users/shared/pracsys/adaptive_roa_experiments/quadrotor_stoch/q2d_cs_partx,0.9282890780210817,-0.2974886843140907
fm,corridor_sine_ambient_smooth,partx,20,7137,0.00291403938433501,1.0,0.08487829632641243,50.0,0.06190703898469676,0.0020419431426055143,0.0020419431426055143,0.020085079361935577,0.03845315665283969,0.01352589643891505,0.042607102789377564,0.04233658486059926,0.042336584860599255,0.9326891612771447,0.9537775980691512,0.9622750834220877,0.019303969652155032,0.02360499022879324,0.00012982770735223676,0.02387550815757154,-0.0006884584124759625,0.627993503277159,0.6122291969016104,0.447193207501069,0.1267312659148087,0.22528469017533734,0.04274703240871915,0.0,20,479789,0.5393549663632766,0.6189718568802149,0.6272275531185744,0.751495602789954,0.6056318538762238,0.3474608448030375,5.816932970859717e-05,0.0005071196065735361,0.0041852719665151725,0.023604990228794098,0.10533797148329786,0.05895091383920849,0.024327360568916753,0.07560198337185721,0.06024940129932116,0.04391513769594551,/common/users/shared/pracsys/adaptive_roa_experiments/quadrotor_stoch/q2d_cs_partx,0.947069381006097,0.4424446301817476
fm,corridor_sine_ambient_smooth,partx,21,7138,0.005316792046520876,1.0,0.11008250241382155,50.0,0.07882134766640939,0.0057218807713997465,0.0057218807713997465,0.017824357244146227,0.04932623968621824,0.01352589643891505,0.042607102789377564,0.04233658486059926,0.042336584860599255,0.9160693554875163,0.9473289300088164,0.961543511835411,0.03938084541039571,0.0295911842164637,0.0001497165394036606,0.029861702145242017,-0.0006429241713890657,0.5755752063154123,0.5823734527606551,0.4982459957033693,0.15193547200291957,0.22528469017533734,0.04274703240871915,0.0,20,479789,0.465907927515954,0.5575243640045564,0.5833917085907151,0.7527637636809749,0.6095409416404332,0.43478879924062647,0.0007904919982773146,0.0019718660116816787,0.00899966878981769,0.029591184216465467,0.12214952823011782,0.06587062229438358,0.03272897044325735,0.07560198337185721,0.06024940129932116,0.04391513769594551,/common/users/shared/pracsys/adaptive_roa_experiments/quadrotor_stoch/q2d_cs_partx,0.9343707160807303,0.30104933324456984
fm,corridor_sine_ambient_smooth,partx,22,7139,0.004175964102123125,1.0,0.10444229623436262,50.0,0.0742994109947696,0.005504616647376524,0.005504616647376524,0.017132833048827144,0.044694016312224194,0.01352589643891505,0.042607102789377564,0.04233658486059926,0.042336584860599255,0.9140080326977067,0.9438044640456534,0.9602908778650615,0.033641962985964384,0.03011420420747989,0.00015205990337344044,0.03038472213625819,-0.000594164251668753,0.5714968219018737,0.5656614472581997,0.4679698408265847,0.1462952658231564,0.22528469017533734,0.04274703240871915,0.0,20,479789,0.4584659479095499,0.529319545358618,0.5684531886024423,0.758498056405591,0.6073615387276439,0.39767441860465114,2.6978246958866373e-05,0.000995391347998801,0.006351767996178961,0.030114204207480868,0.12507789882635909,0.06913247281617545,0.030721838141349635,0.07560198337185721,0.06024940129932116,0.04391513769594551,/common/users/shared/pracsys/adaptive_roa_experiments/quadrotor_stoch/q2d_cs_partx,0.9379963925876035,0.28869547917867566
fm,corridor_sine_ambient_smooth,partx,23,7139,0.004587676971666078,1.0,0.10652331413363988,50.0,0.07397658851504599,0.005059573767441607,0.005059573767441607,0.017020641022134166,0.043909152502639576,0.01352589643891505,0.042607102789377564,0.04233658486059926,0.042336584860599255,0.9166696193535074,0.944421401907922,0.9606973065243263,0.03154149288149718,0.02990653037536099,0.00015358736262952662,0.03017704830413929,-0.00046898723054571503,0.5694996285169752,0.5587583148558758,0.472900069881202,0.14837628372244394,0.22528469017533734,0.04274703240871915,0.0,20,479789,0.46724265875119264,0.5355409648872395,0.5752465147908875,0.729054668761889,0.5840799806275296,0.40147128618889416,0.0001427419040725821,0.0015408251562244442,0.007356086679885715,0.029906530375362103,0.1179643551644577,0.06571013508021234,0.03064888940763544,0.07560198337185721,0.06024940129932116,0.04391513769594551,/common/users/shared/pracsys/adaptive_roa_experiments/quadrotor_stoch/q2d_cs_partx,0.9347870990561827,0.2936007834870581
fm,corridor_sine_ambient_smooth,yield_a1,0,2000,0.009653179023410795,100.0,0.13763040985597833,50.0,0.04472019992121537,0.009076339371484683,0.008974976135444328,0.02479230543200839,0.010136323604035453,0.01352589643891505,0.042607102789377564,0.04233658486059926,0.042336584860599255,0.9485336262398679,0.9507220882512938,0.9593821450679361,-0.039765396872375146,0.026519255564035074,0.00017026157056281423,0.026891136728853716,-1.3877787807814457e-16,0.513620516456893,0.33398123890813824,0.16831683168316833,0.17948337944301357,0.22528469017533734,0.04274703240871915,0.0,101,479789,0.8994205298013245,0.8992718446601942,0.8348856900931414,0.35944090645934995,0.20507143598436364,0.09359278595158994,0.008751634962745208,0.008949878156727747,0.008837639851789298,0.026519255564037753,0.03021328125488496,0.013739372932684993,0.00492299740094083,0.07560198337185721,0.06024940129932116,0.04391513769594551,/common/users/shared/pracsys/adaptive_roa_experiments/quadrotor_stoch/q2d_cs_yield_a1,0.8740403311693169,0.3736090038590868
fm,corridor_sine_ambient_smooth,yield_a1,1,2500,0.006174097719208911,100.0,0.10150954256182969,50.0,0.03890347631979891,0.007399928900382096,0.007281542667848186,0.028947481762604248,0.011838623253390999,0.01352589643891505,0.042607102789377564,0.04233658486059926,0.042336584860599255,0.9571645035630246,0.9576730604494893,0.9630379187517847,-0.03436689878258984,0.020670645765843265,0.0001417423360236545,0.021059549927155485,7.28583859910259e-17,0.6244289316910933,0.4705943691345151,0.2801006738653893,0.14336251214887274,0.22528469017533734,0.04274703240871915,0.0,101,479789,0.9260664534663126,0.9548291547656829,0.968013468013468,0.47101149615416427,0.31224270937835125,0.16373991457047934,0.005521429230730748,0.005412973618134889,0.005427183066060927,0.02067064576584509,0.03845231966551964,0.01970241085143678,0.007428265341639762,0.07560198337185721,0.06024940129932116,0.04391513769594551,/common/users/shared/pracsys/adaptive_roa_experiments/quadrotor_stoch/q2d_cs_yield_a1,0.9127139815117251,0.5117545301798658
fm,corridor_sine_ambient_smooth,yield_a1,2,3000,0.004086013188496466,100.0,0.07291842463333548,50.0,0.031835327612763115,0.0027483479844494607,0.0026126538027204595,0.030222351432241487,0.01356941817290012,0.01352589643891505,0.042607102789377564,0.04233658486059926,0.042336584860599255,0.9642530362305096,0.9679880113966765,0.9715729205963455,-0.021932015948677448,0.014726887231078272,0.00011490285997714275,0.01513309934158558,4.163336342344337e-17,0.7221115053711175,0.666188520136489,0.5487808912561617,0.11477139422040107,0.22528469017533734,0.04274703240871915,0.0,101,479789,0.8757368545154445,0.8960477081384471,0.9057551599868953,0.6143412455545447,0.5301830006572802,0.393640246796393,0.003496061839980191,0.0034601770927842525,0.0034629308485728534,0.014726887231078251,0.0530358136597546,0.03564900404135985,0.019085472989168156,0.07560198337185721,0.06024940129932116,0.04391513769594551,/common/users/shared/pracsys/adaptive_roa_experiments/quadrotor_stoch/q2d_cs_yield_a1,0.9359334936838515,0.6521474918307848
fm,corridor_sine_ambient_smooth,yield_a1,3,3500,0.003970728472677029,100.0,0.06822505546994749,50.0,0.028839156379158352,0.0022196679978885867,0.0020934338774226268,0.031377106247228816,0.012623412046595981,0.01352589643891505,0.042607102789377564,0.04233658486059926,0.042336584860599255,0.9667603884207433,0.9716083528384353,0.9758581376396708,-0.019505386742922418,0.01305291249079313,0.00010945693535803349,0.013449664540037393,5.898059818321144e-17,0.7430394431554523,0.7125796514326709,0.646309810986595,0.11007802505699549,0.22528469017533734,0.04274703240871915,0.0,101,479789,0.8940328021402815,0.9133986044247309,0.9061563490024831,0.635679430981722,0.5841491680215865,0.5022781205505458,0.003366396267754924,0.0034338186221778604,0.0034365970486238146,0.013052912490792596,0.0537548797492231,0.0385315211478379,0.024341950315659593,0.07560198337185721,0.06024940129932116,0.04391513769594551,/common/users/shared/pracsys/adaptive_roa_experiments/quadrotor_stoch/q2d_cs_yield_a1,0.9371970094588291,0.6916871652786315
fm,corridor_sine_ambient_smooth,yield_a1,4,4000,0.002788720506608154,100.0,0.05666007660870344,50.0,0.027582916657113866,0.0013393845923987706,0.0011963031650432145,0.031840510379385734,0.01430814273555562,0.01352589643891505,0.042607102789377564,0.04233658486059926,0.042336584860599255,0.9686132862570839,0.9731819612371272,0.976868998663996,-0.015167834193781014,0.011692377646256772,0.00010068032899002258,0.01210597700239063,2.7755575615628914e-17,0.7681768500130853,0.7378522095226454,0.6717150801632846,0.09851304619578266,0.22528469017533734,0.04274703240871915,0.0,101,479789,0.8697622533640104,0.897501982553529,0.8914886934673367,0.6878394398037108,0.626422665790293,0.5388704318936877,0.002257705433201844,0.002240078673875681,0.0022481732016260995,0.011692377646256706,0.059788782152154385,0.042051818611931496,0.026545002073828285,0.07560198337185721,0.06024940129932116,0.04391513769594551,/common/users/shared/pracsys/adaptive_roa_experiments/quadrotor_stoch/q2d_cs_yield_a1,0.9509230917276726,0.7238233153487461
fm,corridor_sine_ambient_smooth,yield_a1,5,4500,0.002461773753729744,100.0,0.053323035231730515,50.0,0.02720166573222812,0.0010016362473157586,0.0008538249756479584,0.03200359260774235,0.014781127166780022,0.01352589643891505,0.042607102789377564,0.04233658486059926,0.042336584860599255,0.9679317366592398,0.9737884778517223,0.9785363982917491,-0.013101300780134596,0.011186817228504954,9.610894552367275e-05,0.011605146428951062,8.673617379884035e-17,0.7680316005306959,0.7473582707220059,0.7022322461253759,0.09517600481882742,0.22528469017533734,0.04274703240871915,0.0,101,479789,0.8474796206953917,0.8912366441473816,0.8985496522125204,0.7022027403302732,0.643477358425295,0.5763170384432843,0.0020006797191458236,0.0019215141318205003,0.001974773402139008,0.011186817228504738,0.06264211976514676,0.04350037203854194,0.02816654821181811,0.07560198337185721,0.06024940129932116,0.04391513769594551,/common/users/shared/pracsys/adaptive_roa_experiments/quadrotor_stoch/q2d_cs_yield_a1,0.9538429058979344,0.7357647702255734
fm,corridor_sine_ambient_smooth,yield_a1,6,5000,0.0019214643326766834,100.0,0.04470457674474278,50.0,0.024803465690126283,0.0007993687379743538,0.0006529254182246431,0.033504159260918265,0.014644331974971076,0.01352589643891505,0.042607102789377564,0.04233658486059926,0.042336584860599255,0.9714999718626313,0.9759415076210585,0.9801412704334613,-0.010874092569858834,0.009485351017905772,8.438619045219099e-05,0.009902312266433786,1.3010426069826053e-16,0.7970915566107731,0.7737154731332456,0.7322091062394603,0.08655754633183081,0.22528469017533734,0.04274703240871915,0.0,101,479789,0.8631294790628916,0.8927795874049945,0.8977257064093729,0.7404405480660546,0.6826720171584737,0.6182249644043664,0.001566493163888447,0.0014769590947740735,0.0015571970049822628,0.009485351017905094,0.06485559277098892,0.0460702517148163,0.03024246074837064,0.07560198337185721,0.06024940129932116,0.04391513769594551,/common/users/shared/pracsys/adaptive_roa_experiments/quadrotor_stoch/q2d_cs_yield_a1,0.960963451885542,0.775953798608509
fm,corridor_sine_ambient_smooth,yield_a1,7,5500,0.0014223132049605981,100.0,0.03803188432992232,50.0,0.023423379860730446,0.0004407564538488015,0.0002900699241577511,0.03436686614000827,0.015068652969105041,0.01352589643891505,0.042607102789377564,0.04233658486059926,0.042336584860599255,0.9732736682166536,0.9775776435057911,0.9813605564112557,-0.007280325309667375,0.00825978864474894,7.497973421282095e-05,0.008680993103218291,1.9949319973733282e-16,0.8154246973644439,0.7957083175085453,0.7584604996623904,0.07988485391702219,0.22528469017533734,0.04274703240871915,0.0,101,479789,0.8531626506024096,0.8820359533532607,0.8800376057662175,0.7808838530036115,0.7247725464420383,0.6663977218794495,0.001108188914282647,0.0010313457715981917,0.0010834821016508114,0.008259788644748267,0.06919708455175087,0.04950717919752225,0.03325420132599955,0.07560198337185721,0.06024940129932116,0.04391513769594551,/common/users/shared/pracsys/adaptive_roa_experiments/quadrotor_stoch/q2d_cs_yield_a1,0.9680301631671387,0.8049018674523284
fm,corridor_sine_ambient_smooth,yield_a1,8,6000,0.0013473560607130573,100.0,0.03650484583588655,50.0,0.02237844135651297,0.0005170105155919015,0.00037068503804770067,0.03487774187919706,0.014632547754420069,0.01352589643891505,0.042607102789377564,0.04233658486059926,0.042336584860599255,0.9745158809393296,0.9788469514724181,0.9819879155211979,-0.008088242956799758,0.007829528019450074,7.378790518662355e-05,0.00824637142577258,1.734723475976807e-16,0.822475499092559,0.8066967601851321,0.7671373140763095,0.07835781542296259,0.22528469017533734,0.04274703240871915,0.0,101,479789,0.8687810563769094,0.8974826241735887,0.8873581847649918,0.7808562842885893,0.7325907219704569,0.6756051257712388,0.0010917616593313965,0.0009950407725148349,0.0010100783888870135,0.007829528019449555,0.06795070333000548,0.049179952020575714,0.0334355310355177,0.07560198337185721,0.06024940129932116,0.04391513769594551,/common/users/shared/pracsys/adaptive_roa_experiments/quadrotor_stoch/q2d_cs_yield_a1,0.9696569528622744,0.8150647236844873
fm,corridor_sine_ambient_smooth,yield_a1,9,6500,0.0010029904437792417,100.0,0.0307795654609711,50.0,0.021538801431462574,0.00017843745877287937,1.7939457031330985e-05,0.0355310529631149,0.01604980017415484,0.01352589643891505,0.042607102789377564,0.04233658486059926,0.042336584860599255,0.9760832365894174,0.9801933766718287,0.9829237435622743,-0.004669594342513064,0.006823471354515862,6.488841274369628e-05,0.007254487285035714,1.734723475976807e-16,0.8387006086504265,0.824125997075861,0.7831220054530535,0.07263253504809207,0.22528469017533734,0.04274703240871915,0.0,101,479789,0.8555982562808305,0.8861338852184988,0.8853773867241276,0.8224574752570782,0.7702286643373577,0.7020408163265306,0.0007763175300758702,0.0006859191372415845,0.0006813993026711021,0.006823471354515538,0.07267361277561595,0.05236885380865339,0.0348215569760874,0.07560198337185721,0.06024940129932116,0.04391513769594551,/common/users/shared/pracsys/adaptive_roa_experiments/quadrotor_stoch/q2d_cs_yield_a1,0.9749175434511076,0.8388280165492007
fm,corridor_sine_ambient_smooth,yield_a1,10,7000,0.0008853033914685185,100.0,0.028904641024474643,50.0,0.020769859250628922,0.0001912465630437837,3.178163116326907e-05,0.035944636782937835,0.01594649318805146,0.01352589643891505,0.042607102789377564,0.04233658486059926,0.042336584860599255,0.977538042764632,0.9809749702473379,0.9827861830929846,-0.00506295475719535,0.006423729708824854,6.220959160696646e-05,0.006853712569483669,1.5525775109992423e-16,0.8483372971755865,0.8308000296581893,0.7800356886036167,0.07075761061157711,0.22528469017533734,0.04274703240871915,0.0,101,479789,0.8664692692462485,0.8949323110099436,0.8887540207562056,0.8309486394839136,0.7752447504064759,0.695016611295681,0.0006614543522655105,0.0005908979736457766,0.0006001966846889974,0.0064237297088245585,0.07250270431377126,0.05219169259820463,0.03434217958310841,0.07560198337185721,0.06024940129932116,0.04391513769594551,/common/users/shared/pracsys/adaptive_roa_experiments/quadrotor_stoch/q2d_cs_yield_a1,0.9766304845030269,0.8482700073712576
fm,corridor_sine_ambient_smooth,yield_a1,11,7500,0.0008300686084030839,100.0,0.027605797599048607,50.0,0.02025925979962025,0.00016792782800042466,8.980160537764111e-06,0.036220417026820634,0.01589476674626605,0.01352589643891505,0.042607102789377564,0.04233658486059926,0.042336584860599255,0.9780549366492354,0.9816648568433207,0.9829675128025027,-0.004640227266569263,0.006125147994316553,5.993295130359622e-05,0.006554613590557518,1.6393136847980827e-16,0.8522846841285652,0.8384003527012878,0.7843344241528554,0.06945876718614677,0.22528469017533734,0.04274703240871915,0.0,101,479789,0.8677083928469406,0.8938503721112416,0.8833670193793841,0.8373997187991068,0.7894281661881205,0.7052681537731371,0.0006136528268532445,0.0005506933092751847,0.0005563020556187117,0.006125147994316263,0.07296123921140335,0.053210890620668666,0.0350612456725769,0.07560198337185721,0.06024940129932116,0.04391513769594551,/common/users/shared/pracsys/adaptive_roa_experiments/quadrotor_stoch/q2d_cs_yield_a1,0.9776615168808914,0.8553225770457231
fm,corridor_sine_ambient_smooth,yield_a1,12,8000,0.0006579278258794812,100.0,0.025657017755218406,50.0,0.02009620895852136,0.00013470607371678393,-2.9476194873463978e-05,0.03640093943924361,0.016418226859024793,0.01352589643891505,0.042607102789377564,0.04233658486059926,0.042336584860599255,0.9787656657405651,0.9820254320128223,0.982959175804364,-0.003786456129673668,0.0059061692264823565,5.866321042361581e-05,0.006340869423850903,1.6479873021779667e-16,0.8576975724222701,0.8421091175393629,0.7846721095601791,0.06750998734235636,0.22528469017533734,0.04274703240871915,0.0,101,479789,0.8692562498230515,0.8944113872360284,0.8814792899408284,0.846442257326386,0.795585844259176,0.7070242050308495,0.0004229061098584361,0.00038516170552507675,0.000395032520605311,0.005906169226482144,0.0736177778148311,0.05359230828551718,0.03522381713628282,0.07560198337185721,0.06024940129932116,0.04391513769594551,/common/users/shared/pracsys/adaptive_roa_experiments/quadrotor_stoch/q2d_cs_yield_a1,0.9803825208490676,0.860494906570063
fm,corridor_sine_ambient_smooth,yield_a1,13,8500,0.000643095315280395,100.0,0.025017088439771514,50.0,0.019934742147068824,0.0001380640979550587,-3.01829098678877e-05,0.03659074087923337,0.016824700782294644,0.01352589643891505,0.042607102789377564,0.04233658486059926,0.042336584860599255,0.979117903911928,0.9822963844523321,0.9830237875399395,-0.004333217310109236,0.005715661071498145,5.713089320490344e-05,0.006154426008099392,1.3704315460216776e-16,0.8599740045561907,0.8436763839811544,0.7823181976107118,0.0668700580269191,0.22528469017533734,0.04274703240871915,0.0,101,479789,0.8721015930608311,0.9013724487789532,0.8953324769070777,0.8481790863727842,0.792922129587989,0.6946369245372568,0.00041383751649850143,0.000368154264769747,0.00039258034233514185,0.005715661071497997,0.07352815508483938,0.053000381417664846,0.03407122714359854,0.07560198337185721,0.06024940129932116,0.04391513769594551,/common/users/shared/pracsys/adaptive_roa_experiments/quadrotor_stoch/q2d_cs_yield_a1,0.9807546843062741,0.8649947535844477
fm,corridor_sine_ambient_smooth,yield_a1,14,9000,0.0005926345336162552,100.0,0.02367219602127364,50.0,0.01950624128523163,0.0001090749772476975,-5.983855462872017e-05,0.03676690381495081,0.016891353187641768,0.01352589643891505,0.042607102789377564,0.04233658486059926,0.042336584860599255,0.9795389223179356,0.982648622623695,0.9833051612271227,-0.0038009625064351206,0.005509842491019873,5.533245756687585e-05,0.00594927395167459,1.3791051634015616e-16,0.863877757595086,0.8469472174728365,0.7866048593350383,0.06552516560839101,0.22528469017533734,0.04274703240871915,0.0,101,479789,0.869023043017352,0.90379031625206,0.8965747601117454,0.8587930416563284,0.7968312173521984,0.7006644518272426,0.0004020466437059404,0.0003383589163796564,0.00033609304410815526,0.005509842491019659,0.07471200882054403,0.05311918364114225,0.0343192528382268,0.07560198337185721,0.06024940129932116,0.04391513769594551,/common/users/shared/pracsys/adaptive_roa_experiments/quadrotor_stoch/q2d_cs_yield_a1,0.9822068262430586,0.8698562364167537
fm,corridor_sine_ambient_smooth,yield_a1,15,9500,0.0005549176995715076,100.0,0.02357272447894888,50.0,0.01937195308771147,0.00010618702627201514,-6.071199000641586e-05,0.036743035599733985,0.016689901627843097,0.01352589643891505,0.042607102789377564,0.04233658486059926,0.042336584860599255,0.9792700541279604,0.9826382013760215,0.9836699048956937,-0.0036112332712921725,0.005532837270859015,5.598942830110309e-05,0.005970254215915748,1.5612511283791264e-16,0.8618304067570571,0.847831646633298,0.7935713344750362,0.06542569406607111,0.22528469017533734,0.04274703240871915,0.0,101,479789,0.8686119122959313,0.8982388233017224,0.8919159016878887,0.855153971273399,0.8027813332410835,0.7147603227337447,0.0003392130315516429,0.0003045822343193508,0.0003052674830952807,0.005532837270858822,0.0744306351333607,0.053846586728749514,0.03519255339326245,0.07560198337185721,0.06024940129932116,0.04391513769594551,/common/users/shared/pracsys/adaptive_roa_experiments/quadrotor_stoch/q2d_cs_yield_a1,0.9824705117456378,0.8693130943585349
fm,corridor_sine_ambient_smooth,yield_a1,16,10000,0.0005488540868520513,100.0,0.023797436551846483,50.0,0.019766501524628534,0.00011651863019094851,-5.114136032971621e-05,0.0365930433946452,0.01676599905206647,0.01352589643891505,0.042607102789377564,0.04233658486059926,0.042336584860599255,0.9788198562284671,0.9819983367688713,0.9830592197820291,-0.0037020648660140197,0.0056924001056244886,5.584797387979929e-05,0.006130578024923454,1.3617579286417936e-16,0.8592715690347597,0.8423933869819894,0.7849621673104397,0.065650406138959,0.22528469017533734,0.04274703240871915,0.0,101,479789,0.8632885327100203,0.8914034139182823,0.8868364418938307,0.8552918148485099,0.7984917148095617,0.7040816326530612,0.0003301189168220266,0.00029614997377679217,0.00030409350008996067,0.005692400105624328,0.07490167552820094,0.0539695574512963,0.034865326216315926,0.07560198337185721,0.06024940129932116,0.04391513769594551,/common/users/shared/pracsys/adaptive_roa_experiments/quadrotor_stoch/q2d_cs_yield_a1,0.982468593164127,0.8655441830188304
fm,corridor_sine_ambient_smooth,yield_mlp,0,2000,0.009666241582166423,100.0,0.13788422029449376,50.0,0.04496372363684867,0.009248335392701713,0.009146505857407883,0.024814197970236027,0.010182953529382897,0.01352589643891505,0.042607102789377564,0.04233658486059926,0.042336584860599255,0.9482397470554764,0.9504678098080614,0.959038243894712,-0.040176160770672105,0.026668892747770997,0.0001705518671714358,0.02704124021184312,-1.3183898417423734e-16,0.5086462743856596,0.3270946003341167,0.15014054054054055,0.17973718988152987,0.22528469017533734,0.04274703240871915,0.0,99,479789,0.9008339757516294,0.9010920436817472,0.8447688564476885,0.35436826289526646,0.19981319403604664,0.0823920265780731,0.008757224142705312,0.00893891757916214,0.008802046048207723,0.026668892747773936,0.029740156610510035,0.013360039517371178,0.004283132793790604,0.07560198337185721,0.06024940129932116,0.04391513769594551,/common/users/shared/pracsys/adaptive_roa_experiments/quadrotor_stoch/q2d_cs_yield_mlp,0.8743281340342025,0.3700745387096509
fm,corridor_sine_ambient_smooth,yield_mlp,1,2500,0.00664825511319844,100.0,0.10397528154007016,50.0,0.03919141539301653,0.006438092729290729,0.006316187220364467,0.027754385808566595,0.01219055089262618,0.01352589643891505,0.042607102789377564,0.04233658486059926,0.042336584860599255,0.95621617002474,0.9579669396338807,0.9630316660031806,-0.03324221689117508,0.020898386272397172,0.00014390988118214798,0.021290809710101735,3.8163916471489756e-17,0.6213112685450579,0.4844968175660131,0.2895253354696575,0.14582825112712208,0.22528469017533734,0.04274703240871915,0.0,101,479789,0.8975520833333334,0.9278441355002938,0.9278562259306804,0.4750916659774488,0.3278444667381603,0.1715234931181775,0.005777485132738883,0.0059120252865731806,0.005885457540735491,0.020898386272399348,0.04001759106607279,0.021288524747336852,0.008118151937622579,0.07560198337185721,0.06024940129932116,0.04391513769594551,/common/users/shared/pracsys/adaptive_roa_experiments/quadrotor_stoch/q2d_cs_yield_mlp,0.9079230534118747,0.5063752463452394
fm,corridor_sine_ambient_smooth,yield_mlp,2,3000,0.00461873461000772,100.0,0.07575622362928233,50.0,0.033415126232573054,0.0034617276567692427,0.0033149068604810764,0.0302499352651402,0.014682079628816637,0.01352589643891505,0.042607102789377564,0.04233658486059926,0.042336584860599255,0.9643009739698075,0.9665540477168089,0.9671980808230285,-0.025499855144657337,0.015401556455940178,0.00011636853985218445,0.015818895181006657,5.204170427930421e-17,0.7183265359821075,0.6322110426073204,0.41437820942174597,0.11760919321636461,0.22528469017533734,0.04274703240871915,0.0,101,479789,0.8901569186875892,0.9367019831567509,0.9593383873190903,0.6021007360846911,0.47711626941571245,0.2642619838633128,0.003975787025871487,0.003990650671573611,0.004027876141390172,0.015401556455939637,0.05113706233365083,0.030688490148794573,0.012096984299348254,0.07560198337185721,0.06024940129932116,0.04391513769594551,/common/users/shared/pracsys/adaptive_roa_experiments/quadrotor_stoch/q2d_cs_yield_mlp,0.9320122423687092,0.6362116475229982
fm,corridor_sine_ambient_smooth,yield_mlp,3,3500,0.004497436394110638,100.0,0.07213525410249699,50.0,0.03134296534518299,0.002546817842133315,0.002404266511014718,0.03061148280988516,0.01425513311185972,0.01352589643891505,0.042607102789377564,0.04233658486059926,0.042336584860599255,0.9655661134373652,0.9692364768679566,0.9712081769277745,-0.022608334080189415,0.01412936856172886,0.00011229101108263375,0.014542437821625754,3.642919299551295e-17,0.7324837670223618,0.6741577994613448,0.528532423208191,0.11398822368957529,0.22528469017533734,0.04274703240871915,0.0,101,479789,0.8875372782922618,0.9315478006222927,0.9408262454434994,0.623549196371957,0.5282111599266613,0.3674893213099193,0.0038708856893598883,0.003963996153078908,0.003957354216619508,0.01412936856172815,0.05311501514207287,0.034162934123124954,0.017153373670509328,0.07560198337185721,0.06024940129932116,0.04391513769594551,/common/users/shared/pracsys/adaptive_roa_experiments/quadrotor_stoch/q2d_cs_yield_mlp,0.9328760252289905,0.6662610220391578
fm,corridor_sine_ambient_smooth,yield_mlp,4,4000,0.003659450832201111,100.0,0.06208818207998167,50.0,0.028341041582862464,0.0012784744933787917,0.0011306919675121497,0.03142441914865994,0.014778252586664205,0.01352589643891505,0.042607102789377564,0.04233658486059926,0.042336584860599255,0.9682464583389782,0.9734800089205881,0.9758727273864136,-0.0171711314765449,0.01204285767945151,0.00010399801288313159,0.012461158134096446,3.122502256758253e-17,0.7629125881199522,0.7363884975553162,0.6408315234253801,0.10394115166709872,0.22528469017533734,0.04274703240871915,0.0,101,479789,0.8758665046809119,0.9179277929858994,0.9253584229390681,0.6757643426239903,0.6147991835887501,0.4901281442809682,0.0031496177536856165,0.0031524710428159734,0.0031484544045843705,0.012042857679451468,0.058329807477870484,0.040353155241158095,0.02326022480715481,0.07560198337185721,0.06024940129932116,0.04391513769594551,/common/users/shared/pracsys/adaptive_roa_experiments/quadrotor_stoch/q2d_cs_yield_mlp,0.9415100966352162,0.7155448952931663
fm,corridor_sine_ambient_smooth,yield_mlp,5,4500,0.0024826631541562476,100.0,0.05013536768975251,50.0,0.025353686724789444,0.0010307279815638924,0.000890229402548382,0.033069643505289376,0.01404985790155104,0.01352589643891505,0.042607102789377564,0.04233658486059926,0.042336584860599255,0.9706120815608528,0.9757518409134015,0.9795389223179356,-0.013232775240782929,0.01015717075785838,9.191495961502793e-05,0.010568187265652191,1.0755285551056204e-16,0.7855643763117072,0.7665261890427453,0.719922398790334,0.09198833727682701,0.22528469017533734,0.04274703240871915,0.0,101,479789,0.8760557647298259,0.9127754146154949,0.9024390243902439,0.7120172028781738,0.6606704258484104,0.5988134788799241,0.0021013274940439404,0.002036598494834767,0.0020760294363478438,0.010157170757858077,0.06144576053223396,0.04360875301434589,0.029139892744518944,0.07560198337185721,0.06024940129932116,0.04391513769594551,/common/users/shared/pracsys/adaptive_roa_experiments/quadrotor_stoch/q2d_cs_yield_mlp,0.9551048529429724,0.7600852597982886
fm,corridor_sine_ambient_smooth,yield_mlp,6,5000,0.0017506914135588265,100.0,0.04232353324484133,50.0,0.02391132351929703,0.0007316566348022636,0.0005859248315270402,0.034010742941934624,0.01457318032752234,0.01352589643891505,0.042607102789377564,0.04233658486059926,0.042336584860599255,0.9730777487603925,0.977206647088616,0.9804351496178528,-0.010643782996275448,0.008911766750191796,8.207385190205965e-05,0.009328016482245328,1.249000902703301e-16,0.8084355396046213,0.786147287731237,0.7393586005830904,0.08417650283192316,0.22528469017533734,0.04274703240871915,0.0,101,479789,0.8748234689947362,0.9041878458009086,0.8908665105386416,0.7514128966448874,0.695367903967897,0.6318936877076412,0.0013830200372526866,0.0013334439259353084,0.0013867610446918121,0.008911766750190927,0.06493687850284187,0.0463349514057221,0.03114910929596135,0.07560198337185721,0.06024940129932116,0.04391513769594551,/common/users/shared/pracsys/adaptive_roa_experiments/quadrotor_stoch/q2d_cs_yield_mlp,0.9636506769585506,0.7895019926728768
fm,corridor_sine_ambient_smooth,yield_mlp,7,5500,0.0013508349920055439,100.0,0.037577779162838006,50.0,0.023618569829654303,0.0004202894229151402,0.00026299788750093,0.03431611725600995,0.01572915354142102,0.01352589643891505,0.042607102789377564,0.04233658486059926,0.042336584860599255,0.9736279906375511,0.9780153359080762,0.9806685855657383,-0.008040763752399495,0.008283465492090353,7.640866669941204e-05,0.008711274956282867,1.1449174941446927e-16,0.8172192127121705,0.7984330212115421,0.7438057619534292,0.07943074874996178,0.22528469017533734,0.04274703240871915,0.0,101,479789,0.8584000971109492,0.8919011228279896,0.8897112271195401,0.7798086731177459,0.7226969246203342,0.6390128144280968,0.0010023858227089966,0.0009612913132488556,0.0009852078141330035,0.008283465492089793,0.06868019066714744,0.04881937685107412,0.03154094820848331,0.07560198337185721,0.06024940129932116,0.04391513769594551,/common/users/shared/pracsys/adaptive_roa_experiments/quadrotor_stoch/q2d_cs_yield_mlp,0.9697383087241181,0.8043426148007654
fm,corridor_sine_ambient_smooth,yield_mlp,8,6000,0.000974696255582774,100.0,0.03035670709723751,50.0,0.02172015198347608,0.00021925886270641697,5.199013845597785e-05,0.03559357911642778,0.016726872425043917,0.01352589643891505,0.042607102789377564,0.04233658486059926,0.042336584860599255,0.976525097490772,0.9801892081727592,0.9819420620314346,-0.006240597429286623,0.006794995882627558,6.48580250233191e-05,0.007232782535656299,9.194034422677078e-17,0.8408843681570954,0.8214721737007193,0.7626951520131472,0.07220967668436261,0.22528469017533734,0.04274703240871915,0.0,101,479789,0.8623377375985165,0.8986603106764198,0.9017487046632124,0.8204725277754804,0.7564949666170824,0.660797342192691,0.0006796936244641034,0.0006686122457486661,0.0006880944086507201,0.00679499588262716,0.07193161994126585,0.050718128177177885,0.032180812815633536,0.07560198337185721,0.06024940129932116,0.04391513769594551,/common/users/shared/pracsys/adaptive_roa_experiments/quadrotor_stoch/q2d_cs_yield_mlp,0.975542174965183,0.8395006138307732
fm,corridor_sine_ambient_smooth,yield_mlp,9,6500,0.0008459770771860345,100.0,0.02876959081795575,50.0,0.02115240241022616,0.0001301364858093708,-3.6506449886836287e-05,0.03579788405862313,0.016664293569620705,0.01352589643891505,0.042607102789377564,0.04233658486059926,0.042336584860599255,0.976618888719833,0.9809999812417541,0.9829341648099477,-0.004635100012713921,0.006502194352089441,6.291649966664677e-05,0.006939355216563948,1.448494102440634e-16,0.8428587437664593,0.831727396906265,0.7815368196371397,0.07062256040508477,0.22528469017533734,0.04274703240871915,0.0,101,479789,0.8567563719208315,0.8916373134919064,0.8925045703839123,0.8294047914426709,0.7793614003528557,0.6951115329852872,0.0005875529727929435,0.0005224054231209112,0.0005454767413124121,0.006502194352089135,0.0731884224106847,0.05266273299304486,0.03420253486428409,0.07560198337185721,0.06024940129932116,0.04391513769594551,/common/users/shared/pracsys/adaptive_roa_experiments/quadrotor_stoch/q2d_cs_yield_mlp,0.9774436374002781,0.8464166542129208
fm,corridor_sine_ambient_smooth,yield_mlp,10,7000,0.0006841774505580187,100.0,0.0267778951805522,50.0,0.02100558787300252,0.0001633049479654147,-5.030773096817437e-06,0.03611846928106336,0.016833572106223212,0.01352589643891505,0.042607102789377564,0.04233658486059926,0.042336584860599255,0.9774505042841749,0.9813438824149783,0.9825235676516135,-0.004669906979943266,0.006213084806439205,5.960515098478155e-05,0.006651938456279738,1.1709383462843448e-16,0.8480968226556028,0.8344706426259824,0.7757361790901067,0.06863086476771173,0.22528469017533734,0.04274703240871915,0.0,101,479789,0.8641487839771101,0.8964558169103624,0.8886573932226239,0.8326303311002674,0.7805029923547929,0.6882771713336497,0.0004385677237192628,0.00039153183939742204,0.00039344168856187035,0.006213084806439178,0.07284452123746063,0.05245639228911042,0.034012868156627185,0.07560198337185721,0.06024940129932116,0.04391513769594551,/common/users/shared/pracsys/adaptive_roa_experiments/quadrotor_stoch/q2d_cs_yield_mlp,0.9801613315179026,0.8532454890516821
fm,corridor_sine_ambient_smooth,yield_mlp,11,7500,0.0006185398482618755,100.0,0.025774825667636784,50.0,0.02067900681341172,0.00012460041136549865,-4.3740229788816865e-05,0.03624386875685223,0.016834064115431552,0.01352589643891505,0.042607102789377564,0.04233658486059926,0.042336584860599255,0.9779778194164518,0.9814022414019496,0.9825110621544054,-0.0039089266323321286,0.006048975873958344,5.8066802300401946e-05,0.006487834443890958,1.2663481374630692e-16,0.8528330269095773,0.8360556341521671,0.7775391712399586,0.06762779525477072,0.22528469017533734,0.04274703240871915,0.0,101,479789,0.8618359935816232,0.8915360501567398,0.8807736200372395,0.8440162104044331,0.7870757947901892,0.6959658281917418,0.00037819267017755566,0.0003337310413441927,0.00035833917134664466,0.006048975873958139,0.07403879622083874,0.05319004812532176,0.034700670503075313,0.07560198337185721,0.06024940129932116,0.04391513769594551,/common/users/shared/pracsys/adaptive_roa_experiments/quadrotor_stoch/q2d_cs_yield_mlp,0.9810684930855793,0.8571217802787903
fm,corridor_sine_ambient_smooth,yield_mlp,12,8000,0.0005812026354518764,100.0,0.02519119002378722,50.0,0.020842787141847775,5.085195535934312e-05,-0.00012571955984227822,0.03633530624716836,0.01765715152016213,0.01352589643891505,0.042607102789377564,0.04233658486059926,0.042336584860599255,0.9781091271371374,0.9819524832791081,0.9837657803742895,-0.001074263895170585,0.005875559053588802,5.7738978546601756e-05,0.006322648497568722,1.726049858596923e-16,0.856152845305759,0.8441420523066401,0.7991852940418182,0.06704415961101398,0.22528469017533734,0.04274703240871915,0.0,101,479789,0.8506885852702629,0.8798874296435272,0.8748095049952024,0.8616877567336586,0.8111876016189851,0.7355956336022781,0.0003570354547121155,0.00029814744631048154,0.0003157822874037983,0.005875559053588533,0.07657949640362743,0.055545250099522915,0.03692664900612561,0.07560198337185721,0.06024940129932116,0.04391513769594551,/common/users/shared/pracsys/adaptive_roa_experiments/quadrotor_stoch/q2d_cs_yield_mlp,0.9818180470004169,0.8612179259868238
fm,corridor_sine_ambient_smooth,yield_mlp,13,8500,0.0005802979020359876,100.0,0.024747830593722372,50.0,0.02006609155274506,0.0001448370916040796,-2.0078178073283393e-05,0.03652734010899869,0.016491526967736304,0.01352589643891505,0.042607102789377564,0.04233658486059926,0.042336584860599255,0.9789886804407771,0.9820962964970018,0.9829487545566905,-0.003705816515176463,0.005789166573527435,5.7109875793882265e-05,0.006224599771983102,1.48318857196017e-16,0.8589892434012674,0.8426567022017071,0.7853263008738092,0.06660080018086935,0.22528469017533734,0.04274703240871915,0.0,101,479789,0.8718553012663979,0.8954724179546074,0.8782205528493456,0.8464973947564304,0.7957242190472896,0.710204081632653,0.00035403244021300017,0.0003115036297768017,0.0003294574879911296,0.00578916657352716,0.0734031001127579,0.0535381177976152,0.03551352782160491,0.07560198337185721,0.06024940129932116,0.04391513769594551,/common/users/shared/pracsys/adaptive_roa_experiments/quadrotor_stoch/q2d_cs_yield_mlp,0.9817740117699819,0.8632585364977053
fm,corridor_sine_ambient_smooth,yield_mlp,14,9000,0.0005416323051203987,100.0,0.02422759087652911,50.0,0.01978567662034769,0.00014485073111043732,-1.9587624377942253e-05,0.036679923732393836,0.016443835548837958,0.01352589643891505,0.042607102789377564,0.04233658486059926,0.042336584860599255,0.9792846438747033,0.9820796225007242,0.9835073334319878,-0.0035834293824993906,0.005637073503827671,5.615727956431018e-05,0.006072029788094351,1.8474805019152996e-16,0.8612317272384569,0.8423542354235423,0.7923042599543295,0.06608056046368292,0.22528469017533734,0.04274703240871915,0.0,101,479789,0.8724752475247525,0.8961494947918699,0.886311586117799,0.8502743087144709,0.7946518144394091,0.7163265306122449,0.0002988722532094173,0.0002860877484239485,0.00030651803020964277,0.00563707350382743,0.07367822105133714,0.053425568322741875,0.035492685326258,0.07560198337185721,0.06024940129932116,0.04391513769594551,/common/users/shared/pracsys/adaptive_roa_experiments/quadrotor_stoch/q2d_cs_yield_mlp,0.9821374018549982,0.8668510102458964
fm,corridor_sine_ambient_smooth,yield_mlp,15,9500,0.0004575852429021839,100.0,0.022857821614894632,50.0,0.019589361156675124,0.00013408309800550983,-3.287281407461304e-05,0.03671083712990857,0.016695591208012298,0.01352589643891505,0.042607102789377564,0.04233658486059926,0.042336584860599255,0.9794513838374785,0.9819795785230591,0.9829612600538987,-0.003724887398418888,0.005592874916616215,5.502868259359822e-05,0.006030348757474639,1.4137996329210978e-16,0.8632915956015919,0.8421686746987951,0.784135618283119,0.06471079120200031,0.22528469017533734,0.04274703240871915,0.0,101,479789,0.8684577614105569,0.8915471727283268,0.8837569192309982,0.8581865299258401,0.7979728093541357,0.7046986236355007,0.00023785916542568952,0.00021822132216858412,0.0002120655678015584,0.0055928749166160845,0.07470784032147465,0.053925788211067784,0.035017476432348385,0.07560198337185721,0.06024940129932116,0.04391513769594551,/common/users/shared/pracsys/adaptive_roa_experiments/quadrotor_stoch/q2d_cs_yield_mlp,0.9839418698465376,0.8678949911753215
fm,corridor_sine_ambient_smooth,yield_mlp,16,10000,0.00043226863244896785,100.0,0.022425502205293577,50.0,0.019563037085051978,0.00015185954414636752,-1.7375507431755688e-05,0.03684020492141166,0.01692350515781232,0.01352589643891505,0.042607102789377564,0.04233658486059926,0.042336584860599255,0.9796598087909477,0.9821442342362997,0.9829716813015722,-0.004254682787642069,0.005479004431755983,5.3696776428700246e-05,0.005918757412112409,1.3704315460216776e-16,0.8644150214651902,0.8422254553490855,0.781667557455906,0.064278471792403,0.22528469017533734,0.04274703240871915,0.0,101,479789,0.8713029352453506,0.9005198487712666,0.8944954128440367,0.8576351556253963,0.791019476251427,0.6941148552444234,0.00020735262153382495,0.0001903519864770758,0.00019328396649724637,0.005479004431755859,0.07441604538661786,0.05292326418488127,0.03407747989220261,0.07560198337185721,0.06024940129932116,0.04391513769594551,/common/users/shared/pracsys/adaptive_roa_experiments/quadrotor_stoch/q2d_cs_yield_mlp,0.9844165226529946,0.8705846385626856
fm,corridor_sine_ambient_smooth,yield_mlp,17,10500,0.0004309548744909359,100.0,0.02200187099966638,50.0,0.01921459224784228,7.898259298544182e-05,-9.00533348659236e-05,0.03691327254171863,0.016903592785136548,0.01352589643891505,0.042607102789377564,0.04233658486059926,0.042336584860599255,0.9796681457890865,0.9827382453536867,0.9835907034133755,-0.0027060436983757426,0.005333258984014866,5.310671698420519e-05,0.005772812840644534,1.5785983631388945e-16,0.8657205390449708,0.8498712975383389,0.7946905885727696,0.0638548405867862,0.22528469017533734,0.04274703240871915,0.0,101,479789,0.8645186121955243,0.8927224951445218,0.8819239451293628,0.8669258125878753,0.8109454457397862,0.7231608922638822,0.00022664677701256128,0.00019914494904445774,0.0002029650727295221,0.005333258984014758,0.07581249257486103,0.05473030853145862,0.03600957921086144,0.07560198337185721,0.06024940129932116,0.04391513769594551,/common/users/shared/pracsys/adaptive_roa_experiments/quadrotor_stoch/q2d_cs_yield_mlp,0.984514837875505,0.8740271800010424
fm,corridor_sine_ambient_smooth,yield_mlp,18,11000,0.00044611729387142367,100.0,0.022078424834815993,50.0,0.01914128919170719,0.00014066291273671076,-2.680543840779802e-05,0.03696787370792531,0.016746835114450877,0.01352589643891505,0.042607102789377564,0.04233658486059926,0.042336584860599255,0.9797160835283844,0.9826673808695072,0.9834781539385021,-0.004101844769263155,0.005341905714266301,5.3376120237127036e-05,0.005779891994189113,1.4311468676808659e-16,0.8647431621080721,0.8473231989424983,0.7895505349510181,0.06393139442191875,0.22528469017533734,0.04274703240871915,0.0,101,479789,0.8719414781804423,0.902781581315285,0.895945050310297,0.8576627243404185,0.7982841526273913,0.7057427622211675,0.0002402326528060101,0.00020150992930155208,0.00021223996382771133,0.00534190571426619,0.07436393914825058,0.0532755023562441,0.034592289527271364,0.07560198337185721,0.06024940129932116,0.04391513769594551,/common/users/shared/pracsys/adaptive_roa_experiments/quadrotor_stoch/q2d_cs_yield_mlp,0.9843373427743206,0.8738229422175767
fm,corridor_sine_ambient_smooth,yield_mlp,19,11500,0.0004759084526384161,100.0,0.022591996483163797,50.0,0.019259403612838146,0.00015784979366060623,-7.566365391296838e-06,0.03689476902318179,0.01654161590519031,0.01352589643891505,0.042607102789377564,0.04233658486059926,0.042336584860599255,0.979684819785364,0.9823234796962832,0.9830196190408701,-0.00442609146937508,0.005434249472026316,5.3531532624558966e-05,0.005870183559856521,1.4311468676808659e-16,0.8645742153307491,0.8443196211245113,0.7830070581968305,0.06444496607025091,0.22528469017533734,0.04274703240871915,0.0,101,479789,0.8715126050420168,0.8994133750488854,0.8922003034901366,0.857745430485485,0.795585844259176,0.6976269577598482,0.00025984157184414357,0.00023641976017568854,0.00023184675608503718,0.005434249472026244,0.0744077083884791,0.05329426060205632,0.03433801108403903,0.07560198337185721,0.06024940129932116,0.04391513769594551,/common/users/shared/pracsys/adaptive_roa_experiments/quadrotor_stoch/q2d_cs_yield_mlp,0.9835821595057987,0.8716417611406411
fm,corridor_sine_ambient_smooth,yield_mlp,20,12000,0.00043495058267344224,100.0,0.022547882261282754,50.0,0.018984240989268198,0.0001701329788503663,1.0800563134206927e-05,0.03693468018650364,0.01593324157161594,0.01352589643891505,0.042607102789377564,0.04233658486059926,0.042336584860599255,0.9800370579567268,0.9823297324448872,0.9834468901954818,-0.0037021065510047116,0.005412705237230005,5.3884666540199676e-05,0.005842555581724465,1.7867651802561113e-16,0.866809433752364,0.8457872526193249,0.793295507782,0.06440085184836074,0.22528469017533734,0.04274703240871915,0.0,101,479789,0.874519487078762,0.891825539913307,0.8782849239280774,0.8592341410966835,0.8042688622133047,0.7233032747982914,0.0002260002356473125,0.00019609259323062573,0.0002166338929744335,0.005412705237229971,0.07428056916686293,0.05433430111986728,0.03616589792596329,0.07560198337185721,0.06024940129932116,0.04391513769594551,/common/users/shared/pracsys/adaptive_roa_experiments/quadrotor_stoch/q2d_cs_yield_mlp,0.9837521202167507,0.8721506409869313
fm,corridor_sine_ambient_smooth,yield_mlp,21,12500,0.0004606684732217561,100.0,0.022416497894297283,50.0,0.019274055887067022,0.00013894979304748085,-2.8615359908750246e-05,0.03692665322145607,0.01675651529562312,0.01352589643891505,0.042607102789377564,0.04233658486059926,0.042336584860599255,0.9799099187351107,0.982310974199075,0.9831946960017841,-0.004254578575165333,0.0053813162792345605,5.3223990735349386e-05,0.005819399360969093,1.205632815803881e-16,0.8663384871385981,0.8448531159168601,0.7860648995728197,0.06426946748139066,0.22528469017533734,0.04274703240871915,0.0,101,479789,0.8715473466882429,0.8957977981082338,0.8913292015163368,0.8611915198632591,0.7993911509323002,0.7030374940673944,0.00024036025965441446,0.00024019011718987552,0.00024621954077697967,0.005381316279234442,0.07470367182240527,0.05376530099689655,0.03463814301703457,0.07560198337185721,0.06024940129932116,0.04391513769594551,/common/users/shared/pracsys/adaptive_roa_experiments/quadrotor_stoch/q2d_cs_yield_mlp,0.9836697938334507,0.8728920554892772
fm,corridor_sine_ambient_smooth,yield_mlp,22,13000,0.0004199560377713958,100.0,0.02154392964533784,50.0,0.019092163430174516,0.00013575863135693308,-3.3513326175072157e-05,0.03709900443360069,0.01692719575320052,0.01352589643891505,0.042607102789377564,0.04233658486059926,0.042336584860599255,0.9803246843925142,0.9827215713574092,0.9834343846982736,-0.004086400480211093,0.00520406710082362,5.1390448743404626e-05,0.005643856987133925,1.1709383462843448e-16,0.8693244739756366,0.8478899082568808,0.7889425885601998,0.06339689923243697,0.22528469017533734,0.04274703240871915,0.0,101,479789,0.8730224928406595,0.9027859180244598,0.8955268869061973,0.8656576516968544,0.799287369841215,0.705030849549122,0.00021920304418897473,0.00018481555068097287,0.00018846893475078918,0.005204067100823434,0.07496420301424167,0.05334219834135422,0.03457353128145914,0.07560198337185721,0.06024940129932116,0.04391513769594551,/common/users/shared/pracsys/adaptive_roa_experiments/quadrotor_stoch/q2d_cs_yield_mlp,0.9847550177077842,0.8770787223872937
fm,corridor_sine_ambient_smooth,yield_mlp,23,13500,0.00040746376676015157,100.0,0.02143089287113493,50.0,0.018722209137766812,0.0001122684362382945,-5.104950670173227e-05,0.03708162859291707,0.016331794294002683,0.01352589643891505,0.042607102789377564,0.04233658486059926,0.042336584860599255,0.9806039738301628,0.9827757618453111,0.9837907913687058,-0.0027680292795374643,0.005203906760980632,5.286167565369086e-05,0.005637742632698957,1.6653345369377348e-16,0.8713610350833542,0.8506901785069018,0.7996909207984546,0.06328386245822351,0.22528469017533734,0.04274703240871915,0.0,101,479789,0.8738251684271813,0.8903596686963428,0.8743452548577866,0.8689107600694732,0.8144048154426263,0.7367821547223541,0.00021898185898507384,0.00016917265249124605,0.00017186090343096456,0.005203906760980598,0.07517679646678019,0.05510964194677243,0.037005850488443875,0.07560198337185721,0.06024940129932116,0.04391513769594551,/common/users/shared/pracsys/adaptive_roa_experiments/quadrotor_stoch/q2d_cs_yield_mlp,0.9851255809802318,0.8770825096517487
