run_id,launched_at,system,level,arm,predictor,score_mode,d2_ratio,seed,n_members,k_acq,cluster,job_id,status,epochs_on_disk,dir_state,code_hash,output_dir,notes
gt_cp_dir00_s42,2026-08-17T00:07:12,cartpole,med,dir00,fm,,1.0,42,5,20,ilab,210866,launched,12,local,9b1460758b92,/common/users/shared/pracsys/adaptive_roa_experiments/gaussian_torque/cp_dir00_s42,"NEW datasets stochastic/{pendulum/gaussian_signal,cartpole/noisy_torque}/lqr/med, budget 300/150/12. Coupling INVERTS between systems: pendulum L_fail/L_succ=5.44, cartpole=0.16. attractor_radius kept 0.1/0.2 by decision -- it defines predicted p_success so it inflates KL, shared by all arms."
gt_cp_yield_a1,2026-08-17T00:07:12,cartpole,med,yield_a1,fm,,1.0,42,5,20,ilab,210867,launched,12,local,9b1460758b92,/common/users/shared/pracsys/adaptive_roa_experiments/gaussian_torque/cp_yield_a1,"NEW datasets stochastic/{pendulum/gaussian_signal,cartpole/noisy_torque}/lqr/med, budget 300/150/12. Coupling INVERTS between systems: pendulum L_fail/L_succ=5.44, cartpole=0.16. attractor_radius kept 0.1/0.2 by decision -- it defines predicted p_success so it inflates KL, shared by all arms."
gt_pen_dir00_s42,2026-08-17T00:07:12,pendulum,med,dir00,fm,,1.0,42,5,20,ilab,210852,launched,20,local,9b1460758b92,/common/users/shared/pracsys/adaptive_roa_experiments/gaussian_torque/pen_dir00_s42,"NEW datasets stochastic/{pendulum/gaussian_signal,cartpole/noisy_torque}/lqr/med, budget 100/100/20. Coupling INVERTS between systems: pendulum L_fail/L_succ=5.44, cartpole=0.16. attractor_radius kept 0.1/0.2 by decision -- it defines predicted p_success so it inflates KL, shared by all arms."
gt_pen_dir00_s43,2026-08-17T00:07:12,pendulum,med,dir00,fm,,1.0,43,5,20,ilab,210853,launched,20,local,9b1460758b92,/common/users/shared/pracsys/adaptive_roa_experiments/gaussian_torque/pen_dir00_s43,"NEW datasets stochastic/{pendulum/gaussian_signal,cartpole/noisy_torque}/lqr/med, budget 100/100/20. Coupling INVERTS between systems: pendulum L_fail/L_succ=5.44, cartpole=0.16. attractor_radius kept 0.1/0.2 by decision -- it defines predicted p_success so it inflates KL, shared by all arms."
gt_pen_dir00_s44,2026-08-17T00:07:12,pendulum,med,dir00,fm,,1.0,44,5,20,ilab,210854,launched,20,local,9b1460758b92,/common/users/shared/pracsys/adaptive_roa_experiments/gaussian_torque/pen_dir00_s44,"NEW datasets stochastic/{pendulum/gaussian_signal,cartpole/noisy_torque}/lqr/med, budget 100/100/20. Coupling INVERTS between systems: pendulum L_fail/L_succ=5.44, cartpole=0.16. attractor_radius kept 0.1/0.2 by decision -- it defines predicted p_success so it inflates KL, shared by all arms."
gt_pen_epi_bald,2026-08-17T00:07:12,pendulum,med,epi_bald,fm,,1.0,42,5,20,ilab,210856,launched,20,local,9b1460758b92,/common/users/shared/pracsys/adaptive_roa_experiments/gaussian_torque/pen_epi_bald,"NEW datasets stochastic/{pendulum/gaussian_signal,cartpole/noisy_torque}/lqr/med, budget 100/100/20. Coupling INVERTS between systems: pendulum L_fail/L_succ=5.44, cartpole=0.16. attractor_radius kept 0.1/0.2 by decision -- it defines predicted p_success so it inflates KL, shared by all arms."
gt_pen_epi_var,2026-08-17T00:07:12,pendulum,med,epi_var,fm,,1.0,42,5,20,ilab,210855,launched,20,local,9b1460758b92,/common/users/shared/pracsys/adaptive_roa_experiments/gaussian_torque/pen_epi_var,"NEW datasets stochastic/{pendulum/gaussian_signal,cartpole/noisy_torque}/lqr/med, budget 100/100/20. Coupling INVERTS between systems: pendulum L_fail/L_succ=5.44, cartpole=0.16. attractor_radius kept 0.1/0.2 by decision -- it defines predicted p_success so it inflates KL, shared by all arms."
gt_pen_yield_a1,2026-08-17T00:07:12,pendulum,med,yield_a1,fm,,1.0,42,5,20,ilab,210869,launched,20,local,9b1460758b92,/common/users/shared/pracsys/adaptive_roa_experiments/gaussian_torque/pen_yield_a1,"NEW datasets stochastic/{pendulum/gaussian_signal,cartpole/noisy_torque}/lqr/med, budget 100/100/20. Coupling INVERTS between systems: pendulum L_fail/L_succ=5.44, cartpole=0.16. attractor_radius kept 0.1/0.2 by decision -- it defines predicted p_success so it inflates KL, shared by all arms."
gt_pen_yield_mlp,2026-08-17T00:07:12,pendulum,med,yield_mlp,fm,,1.0,42,5,20,ilab,210858,launched,20,local,9b1460758b92,/common/users/shared/pracsys/adaptive_roa_experiments/gaussian_torque/pen_yield_mlp,"NEW datasets stochastic/{pendulum/gaussian_signal,cartpole/noisy_torque}/lqr/med, budget 100/100/20. Coupling INVERTS between systems: pendulum L_fail/L_succ=5.44, cartpole=0.16. attractor_radius kept 0.1/0.2 by decision -- it defines predicted p_success so it inflates KL, shared by all arms."
fm_high_i100_yield_mlp,2026-08-16T21:27:00,pendulum,high,yield_mlp,fm,,1.0,42,5,20,ilab,210698,launched,20,local,9b1460758b92,/common/users/shared/pracsys/adaptive_roa_experiments/ensemble_epistemic/fm_high_i100_yield_mlp,"i100: yield weight with MLP(64,64) length model refit per epoch, chosen against kNN by held-out MSE each epoch. Pool benchmark MLP R2 0.757 vs kNN 0.681 at n=100; but a unit test found the MLP can invert ordering at small n, hence the per-epoch bake-off. Bounded below by yield_knn."
fm_high_i100_yield_knn,2026-08-16T19:09:12,pendulum,high,yield_knn,fm,,1.0,42,5,20,ilab,210623,launched,20,local,9b1460758b92,/common/users/shared/pracsys/adaptive_roa_experiments/ensemble_epistemic/fm_high_i100_yield_knn,i100: yield weight with LEARNED length model (kNN regression on acquired start_state->true length) replacing the p_bar two-point mixture. 98.7% of Var(L) is the outcome label; kNN R2 0.687 at n=100 vs p_bar error ~0.8 at ep0. Targets the 6-8 epochs the weight is inert.
fm_high_i100_length_only,2026-08-16T12:21:06,pendulum,high,length_only,fm,,1.0,42,5,20,ilab,210229,launched,20,local,9b1460758b92,/common/users/shared/pracsys/adaptive_roa_experiments/ensemble_epistemic/fm_high_i100_length_only,i100: E[L]-only control. Isolates the yield weight from the epistemic score; if it matches epi_var_yield the win is just 'buy long trajectories'.
fm_high_i100_yield_a05,2026-08-16T12:21:06,pendulum,high,yield_a05,fm,,1.0,42,5,20,ilab,210230,launched,20,local,9b1460758b92,/common/users/shared/pracsys/adaptive_roa_experiments/ensemble_epistemic/fm_high_i100_yield_a05,"i100: yield weight alpha=0.5. Dose-response between alpha=0 (=epi_var, loses 3.3 floor units) and alpha=1 (wins 1.87)."
fm_high_i100_yield_a20,2026-08-16T12:21:06,pendulum,high,yield_a20,fm,,1.0,42,5,20,ilab,210231,launched,20,local,9b1460758b92,/common/users/shared/pracsys/adaptive_roa_experiments/ensemble_epistemic/fm_high_i100_yield_a20,i100: yield weight alpha=2.0. Tests whether over-weighting length past alpha=1 keeps helping or overshoots.
fm_high_i100_epi_var_yield_s43,2026-08-16T07:43:31,pendulum,high,epi_var_yield_s43,fm,,1.0,43,5,20,ilab,209953,launched,20,local,9b1460758b92,/common/users/shared/pracsys/adaptive_roa_experiments/ensemble_epistemic/fm_high_i100_yield_s43,"Seed replication of the yield-aware arm. Seed 42 pooled ep15-19 beat the control on all three metrics (sAUROC .9803 vs .9785, KL .0209 vs .0525, recal .00126 vs .00324) at 0.9-1.3x the 3-seed floor - suggestive but not claimable from one seed. These two seeds make the win testable against the same 3-seed standard the control was held to."
fm_high_i100_epi_var_yield_s44,2026-08-16T07:43:31,pendulum,high,epi_var_yield_s44,fm,,1.0,44,5,20,ilab,209954,launched,20,local,9b1460758b92,/common/users/shared/pracsys/adaptive_roa_experiments/ensemble_epistemic/fm_high_i100_yield_s44,"Seed replication of the yield-aware arm. Seed 42 pooled ep15-19 beat the control on all three metrics (sAUROC .9803 vs .9785, KL .0209 vs .0525, recal .00126 vs .00324) at 0.9-1.3x the 3-seed floor - suggestive but not claimable from one seed. These two seeds make the win testable against the same 3-seed standard the control was held to."
fm_high_i100_epi_var_qknn2,2026-08-16T00:09:35,pendulum,high,epi_var_qknn2,fm,,1.0,42,5,20,ilab,209585,launched,20,local,9b1460758b92,/common/users/shared/pracsys/adaptive_roa_experiments/ensemble_epistemic/fm_high_i100_epi_var_qknn2,"Relaunch of the class-quota arm with the label-convention fix. 209584 imported the buggy class at parent startup (get_label returns {-1,+1} but the code tested ==0 for failure), so its gate can never turn on and it is a duplicate of epi_var; the strategy object is built once in the parent, NOT re-imported per epoch like mp.spawn trainer children. Fix normalises labels to {0,1} in _acquired_truth; regression test added."
fm_high_i100_epi_var_qknn,2026-08-15T23:50:20,pendulum,high,epi_var_qknn,fm,,1.0,42,5,20,ilab,209584,launched,20,local,9b1460758b92,/common/users/shared/pracsys/adaptive_roa_experiments/ensemble_epistemic/fm_high_i100_epi_var_qknn,"Class-quota epi_var: kNN on ACQUIRED ground-truth labels splits candidates into predicted-fail/succ pots, quota_fail=pool tracks the measured class marginal, top-epi_var within each pot. p_bar appears nowhere in the composition path - that is the fix, since the p_bar->true-p gap on acquired batches plateaus at ~0.27-0.30 from ep8-19 and never closes. Ep0 gate: gate_on, realized pairs>=45k, fail fraction>=0.45. Falsifier: pairs<30k or fail-pot precision<0.75."
fm_high_i100_dir00_s43,2026-08-15T23:26:24,pendulum,high,dir00_s43,fm,,0.0,43,5,20,ilab,209579,launched,20,local,9b1460758b92,/common/users/shared/pracsys/adaptive_roa_experiments/ensemble_epistemic/fm_high_i100_dir00_s43,"Floor seed 2 of 3 for the i100 pendulum sweep. Required before any beats-uniform claim: the single-seed control wobble (max|d| sAUROC .0027, KL .0723, recal .0023 over ep3-9) is comparable to the arm gaps."
fm_high_i100_dir00_s44,2026-08-15T23:26:24,pendulum,high,dir00_s44,fm,,0.0,44,5,20,ilab,209580,launched,20,local,9b1460758b92,/common/users/shared/pracsys/adaptive_roa_experiments/ensemble_epistemic/fm_high_i100_dir00_s44,Floor seed 3 of 3 for the i100 pendulum sweep.
fm_high_i100_epi_var_anch,2026-08-15T23:26:24,pendulum,high,epi_var_anch,fm,,0.5,42,5,20,ilab,209581,launched,20,local,9b1460758b92,/common/users/shared/pracsys/adaptive_roa_experiments/ensemble_epistemic/fm_high_i100_epi_var_anch,Arm 1: epi_var with d2_ratio=0.5 (50 uniform + 50 scored). Targets the pair-yield deficit by restoring uniform's failure-basin coverage. Readout at shared depth 9: cum pairs >=350k AND KL <=0.12 AND sAUROC >=0.973.
fm_high_i100_epi_var_yield,2026-08-15T23:26:24,pendulum,high,epi_var_yield,fm,,1.0,42,5,20,ilab,209582,launched,20,local,9b1460758b92,/common/users/shared/pracsys/adaptive_roa_experiments/ensemble_epistemic/fm_high_i100_epi_var_yield,"Arm 2: NEW yield_aware strategy, score*E[L]^alpha with E[L]=p_bar*L_succ+(1-p_bar)*L_fail estimated online from acquired trajectories. Ranks informativeness per trajectory purchased. alpha=0 reduces exactly to decomp_epi_var. Readout: batch succ<=0.6, cum pairs>=300k, KL in dir00 band [0.06,0.18]."
fm_high_i100_epi_bald,2026-08-15T19:06:32,pendulum,high,epi_bald,fm,,1.0,42,5,20,ilab,209218,launched,20,local,9b1460758b92,/common/users/shared/pracsys/adaptive_roa_experiments/ensemble_epistemic/fm_high_i100_epi_bald,"RESTART with adaptive_v2.filter_confident_pairs=false; the ConfidencePairFilter discarded 58-97% of new pairs per epoch (control hit hardest at 96.8%) and confounded the pair-budget comparison. Filter-ON data preserved at fm_high_i100_<arm>_filtON. init=100 step=100 n_epochs=20, pendulum noisy/lqr/high."
fm_high_i100_dir00,2026-08-15T19:06:31,pendulum,high,dir00,fm,,0.0,42,5,20,ilab,209215,launched,20,local,9b1460758b92,/common/users/shared/pracsys/adaptive_roa_experiments/ensemble_epistemic/fm_high_i100_dir00,"RESTART with adaptive_v2.filter_confident_pairs=false; the ConfidencePairFilter discarded 58-97% of new pairs per epoch (control hit hardest at 96.8%) and confounded the pair-budget comparison. Filter-ON data preserved at fm_high_i100_<arm>_filtON. init=100 step=100 n_epochs=20, pendulum noisy/lqr/high."
fm_high_i100_epi_var,2026-08-15T19:06:31,pendulum,high,epi_var,fm,,1.0,42,5,20,ilab,209217,launched,20,local,9b1460758b92,/common/users/shared/pracsys/adaptive_roa_experiments/ensemble_epistemic/fm_high_i100_epi_var,"RESTART with adaptive_v2.filter_confident_pairs=false; the ConfidencePairFilter discarded 58-97% of new pairs per epoch (control hit hardest at 96.8%) and confounded the pair-budget comparison. Filter-ON data preserved at fm_high_i100_<arm>_filtON. init=100 step=100 n_epochs=20, pendulum noisy/lqr/high."
fm_high_i100_total,2026-08-15T19:06:31,pendulum,high,total,fm,,1.0,42,5,20,ilab,209216,launched,20,local,9b1460758b92,/common/users/shared/pracsys/adaptive_roa_experiments/ensemble_epistemic/fm_high_i100_total,"RESTART with adaptive_v2.filter_confident_pairs=false; the ConfidencePairFilter discarded 58-97% of new pairs per epoch (control hit hardest at 96.8%) and confounded the pair-budget comparison. Filter-ON data preserved at fm_high_i100_<arm>_filtON. init=100 step=100 n_epochs=20, pendulum noisy/lqr/high."
fm_high_i100_dir00,2026-08-15T17:59:45,pendulum,high,dir00,fm,,0.0,42,5,20,ilab,209179,launched,20,local,9b1460758b92,/common/users/shared/pracsys/adaptive_roa_experiments/ensemble_epistemic/fm_high_i100_dir00,init=100 step=100 n_epochs=20 (train sizes 100..2000); pendulum noisy/lqr/high; per-epoch uncertainty maps via _uncertainty_maps (--level high --arms i100_*)
fm_high_i100_epi_bald,2026-08-15T17:59:45,pendulum,high,epi_bald,fm,,1.0,42,5,20,ilab,209182,launched,20,local,9b1460758b92,/common/users/shared/pracsys/adaptive_roa_experiments/ensemble_epistemic/fm_high_i100_epi_bald,init=100 step=100 n_epochs=20 (train sizes 100..2000); pendulum noisy/lqr/high; per-epoch uncertainty maps via _uncertainty_maps (--level high --arms i100_*)
fm_high_i100_epi_var,2026-08-15T17:59:45,pendulum,high,epi_var,fm,,1.0,42,5,20,ilab,209181,launched,20,local,9b1460758b92,/common/users/shared/pracsys/adaptive_roa_experiments/ensemble_epistemic/fm_high_i100_epi_var,init=100 step=100 n_epochs=20 (train sizes 100..2000); pendulum noisy/lqr/high; per-epoch uncertainty maps via _uncertainty_maps (--level high --arms i100_*)
fm_high_i100_total,2026-08-15T17:59:45,pendulum,high,total,fm,,1.0,42,5,20,ilab,209180,launched,20,local,9b1460758b92,/common/users/shared/pracsys/adaptive_roa_experiments/ensemble_epistemic/fm_high_i100_total,init=100 step=100 n_epochs=20 (train sizes 100..2000); pendulum noisy/lqr/high; per-epoch uncertainty maps via _uncertainty_maps (--level high --arms i100_*)
fm_cpstoch_s020_dir00_v2_s43,2026-08-14T19:09:15,cartpole_stoch,sigma_020.0,dir00_v2_s43,fm,dir00,0.0,42,5,20,ilab,208677,launched,14,local,9b1460758b92,/common/users/shared/pracsys/adaptive_roa_experiments/ensemble_epistemic/fm_cpstoch_s020_dir00_v2_s43,
fm_cpstoch_s020_dir00_v2_s44,2026-08-14T18:27:29,cartpole_stoch,sigma_020.0,dir00_v2_s44,fm,dir00,0.0,42,5,20,ilab,208676,launched,16,local,9b1460758b92,/common/users/shared/pracsys/adaptive_roa_experiments/ensemble_epistemic/fm_cpstoch_s020_dir00_v2_s44,
fm_cpstoch_s020_dir00_v2_s43,2026-08-14T18:27:28,cartpole_stoch,sigma_020.0,dir00_v2_s43,fm,dir00,0.0,42,5,20,ilab,208675,FAILED,14,local,9b1460758b92,/common/users/shared/pracsys/adaptive_roa_experiments/ensemble_epistemic/fm_cpstoch_s020_dir00_v2_s43,"uncorrectable ECC on ilab3, died in 19s; relaunched as 208677 with --exclude=ilab3"
fm_cpstoch_s020_dir00_v2,2026-08-14T18:11:23,cartpole_stoch,sigma_020.0,dir00_v2,fm,dir00,0.0,42,5,20,ilab,208674,launched,14,local,9b1460758b92,/common/users/shared/pracsys/adaptive_roa_experiments/ensemble_epistemic/fm_cpstoch_s020_dir00_v2,
fm_cpstoch_s020_total_greedy,2026-08-14T10:10:44,cartpole_stoch,sigma_020.0,total_greedy,fm,total,1.0,42,5,20,ilab,208573,launched,14,local,9b1460758b92,/common/users/shared/pracsys/adaptive_roa_experiments/ensemble_epistemic/fm_cpstoch_s020_total_greedy,
fm_cpstoch_s020_epi_bald_greedy,2026-08-14T10:10:43,cartpole_stoch,sigma_020.0,epi_bald_greedy,fm,epi_bald,1.0,42,5,20,ilab,208571,launched,15,local,9b1460758b92,/common/users/shared/pracsys/adaptive_roa_experiments/ensemble_epistemic/fm_cpstoch_s020_epi_bald_greedy,
fm_cpstoch_s020_epi_var_greedy,2026-08-14T10:10:43,cartpole_stoch,sigma_020.0,epi_var_greedy,fm,epi_var,1.0,42,5,20,ilab,208572,launched,15,local,9b1460758b92,/common/users/shared/pracsys/adaptive_roa_experiments/ensemble_epistemic/fm_cpstoch_s020_epi_var_greedy,
fm_cpstoch_s020_total_greedy,2026-08-14T10:07:28,cartpole_stoch,sigma_020.0,total_greedy,fm,total,1.0,42,5,20,ilab,208567,launched,14,local,9b1460758b92,/common/users/shared/pracsys/adaptive_roa_experiments/ensemble_epistemic/fm_cpstoch_s020_total_greedy,
fm_cpstoch_s020_epi_bald_greedy,2026-08-14T10:07:27,cartpole_stoch,sigma_020.0,epi_bald_greedy,fm,epi_bald,1.0,42,5,20,ilab,208565,launched,15,local,9b1460758b92,/common/users/shared/pracsys/adaptive_roa_experiments/ensemble_epistemic/fm_cpstoch_s020_epi_bald_greedy,
fm_cpstoch_s020_epi_var_greedy,2026-08-14T10:07:27,cartpole_stoch,sigma_020.0,epi_var_greedy,fm,epi_var,1.0,42,5,20,ilab,208566,launched,15,local,9b1460758b92,/common/users/shared/pracsys/adaptive_roa_experiments/ensemble_epistemic/fm_cpstoch_s020_epi_var_greedy,
fm_cpstoch_s020_epi_var,2026-08-12T12:12:14,cartpole_stoch,sigma_020.0,epi_var,fm,epi_var,1.0,42,5,20,ilab,207081,stopped_by_user,12,local,f9f7afdac53c,/common/users/shared/pracsys/adaptive_roa_experiments/ensemble_epistemic/fm_cpstoch_s020_epi_var,scancelled 2026-08-13 at 12/19; resumable via scripts/resume_adaptive.py
fm_cpstoch_s020_total,2026-08-12T12:12:14,cartpole_stoch,sigma_020.0,total,fm,total,1.0,42,5,20,ilab,207082,stopped_by_user,12,local,f9f7afdac53c,/common/users/shared/pracsys/adaptive_roa_experiments/ensemble_epistemic/fm_cpstoch_s020_total,scancelled 2026-08-13 at 12/19; resumable via scripts/resume_adaptive.py
fm_cpstoch_s020_epi_bald,2026-08-12T12:12:13,cartpole_stoch,sigma_020.0,epi_bald,fm,epi_bald,1.0,42,5,20,ilab,207080,stopped_by_user,12,local,f9f7afdac53c,/common/users/shared/pracsys/adaptive_roa_experiments/ensemble_epistemic/fm_cpstoch_s020_epi_bald,scancelled 2026-08-13 at 12/19; resumable via scripts/resume_adaptive.py
fm_low_dir00_s43,2026-08-12T11:43:54,pendulum_stoch,low,dir00,fm,dir00,0.0,42,5,20,amarel,60471979,paused_by_user,13,local,f9f7afdac53c,/common/users/shared/pracsys/adaptive_roa_experiments/ensemble_epistemic/fm_low_dir00_s43,scancelled 2026-08-12 for pause; resume with scripts/resume_adaptive.py
fm_low_total,2026-08-12T11:43:54,pendulum_stoch,low,total,fm,total,1.0,42,5,20,amarel,60472045,paused_by_user,15,local,f9f7afdac53c,/common/users/shared/pracsys/adaptive_roa_experiments/ensemble_epistemic/fm_low_total,scancelled 2026-08-12 for pause; resume with scripts/resume_adaptive.py
fm_med_total,2026-08-12T11:43:54,pendulum_stoch,med,total,fm,total,1.0,42,5,20,amarel,60472126,paused_by_user,13,local,f9f7afdac53c,/common/users/shared/pracsys/adaptive_roa_experiments/ensemble_epistemic/fm_med_total,scancelled 2026-08-12 for pause; resume with scripts/resume_adaptive.py
fm_cpstoch_s020_dir00_s44,2026-08-10T17:35:38,cartpole_stoch,sigma_020.0,dir00,fm,dir00,0.0,42,5,20,ilab,205997,RUNNING,19,local,f9f7afdac53c,/common/users/shared/pracsys/adaptive_roa_experiments/ensemble_epistemic/fm_cpstoch_s020_dir00_s44,
fm_cpstoch_s020_dir00_s43,2026-08-10T17:35:36,cartpole_stoch,sigma_020.0,dir00,fm,dir00,0.0,42,5,20,ilab,205996,RUNNING,19,local,f9f7afdac53c,/common/users/shared/pracsys/adaptive_roa_experiments/ensemble_epistemic/fm_cpstoch_s020_dir00_s43,
fm_cpstoch_s020_dir00,2026-08-10T17:35:35,cartpole_stoch,sigma_020.0,dir00,fm,dir00,0.0,42,5,20,ilab,205995,RUNNING,19,local,f9f7afdac53c,/common/users/shared/pracsys/adaptive_roa_experiments/ensemble_epistemic/fm_cpstoch_s020_dir00,
fm_cpstoch_s020_smoke,2026-08-10T15:43:36,cartpole_stoch,sigma_020.0,epi_var,fm,epi_var,1.0,42,5,20,ilab,205952,COMPLETED,2,local,f9f7afdac53c,/common/users/shared/pracsys/adaptive_roa_experiments/ensemble_epistemic/fm_cpstoch_s020_smoke,
fm_cpstoch_s020_smoke,2026-08-10T14:32:56,cartpole_pybullet,sigma_020.0,epi_var,fm,decomp_epi_var,1.0,42,5,20,ilab,205743,FAILED,2,local,7d95b52929c1,/common/users/shared/pracsys/adaptive_roa_experiments/ensemble_epistemic/fm_cpstoch_s020_smoke,"CARTPOLE SMOKE TEST (n_epochs=2, not 19) validating the new configs/adaptive_v2/system/cartpole_stoch.yaml end to end before committing a 5x5 grid. Pre-flight verified: all 6 data paths resolve; train.npz has pendulum's key layout with 4-D states (100k rollouts); eval_success_prob.npz has starts/successes/trials/p_success -- the only four arrays stoch_prob_metrics.py reads, and it matches via cKDTree so it is dimension-agnostic. mem=120G not 60G, applying the OOM finding from fm_low_dir00 the same day. NOISE AXIS WARNING recorded in the config: cartpole uses sigma dirs, sigma_000.0 is zero-noise = the analogue of det, NOT of low."
fm_low_dir00,2026-08-10T12:33:46,pendulum_stoch,low,dir00,fm,dir00,0.0,42,5,20,amarel,60338262,paused_by_user,,remote,7d95b52929c1,/scratch/st1122/adaptive_roa/experiments/ensemble_epistemic/fm_low_dir00,"RESUMED from epoch 13 after HOST OUT_OF_MEMORY (exit 0:125), a NEW failure mode for this campaign -- not preemption, not walltime. MaxRSS 54.87G against ReqMem 60G, i.e. it grew into the ceiling rather than spiking: FM host memory scales with the accumulated dataset, so the deepest runs hit it first and every long run is exposed as it approaches epoch ~13-15. Resumed at mem=120G. 13 epochs verified clean (0 inversions) and preserved at _preserved_fm_low_dir00_oom_0810. NOTE: fm_low_dir00 is BOTH the control every low arm is scored against AND the low floor anchor, so its loss would have frozen the level whose verdict moved between passes. | scancelled 2026-08-12 for pause; resume with scripts/resume_adaptive.py"
fm_low_dir00_s43,2026-08-10T10:33:28,pendulum_stoch,low,dir00,fm,dir00,0.0,43,5,20,amarel,RESUME_0810,launched,,remote,7d95b52929c1,/scratch/st1122/adaptive_roa/experiments/ensemble_epistemic/fm_low_dir00_s43,"RESUMED after PREEMPTION 2026-08-10T08:57 (neither requeued; caught same cycle by the squeue-membership check). Both clean (0 mtime inversions), preserved under _preserved_*_preempt_0810. fm_low_dir00_s43 is a FLOOR SEED for the level whose verdict moved between passes 1 and 2, so its depth directly controls whether that marginal -1.0x effect firms up or dissolves."
fm_med_aleat,2026-08-10T10:33:28,pendulum_stoch,med,aleat,fm,decomp_aleat,1.0,42,5,20,amarel,RESUME_0810,launched,,remote,7d95b52929c1,/scratch/st1122/adaptive_roa/experiments/ensemble_epistemic/fm_med_aleat,"RESUMED after PREEMPTION 2026-08-10T08:57 (neither requeued; caught same cycle by the squeue-membership check). Both clean (0 mtime inversions), preserved under _preserved_*_preempt_0810. fm_low_dir00_s43 is a FLOOR SEED for the level whose verdict moved between passes 1 and 2, so its depth directly controls whether that marginal -1.0x effect firms up or dissolves."
fm_xhigh_dir00_s43,2026-08-09T20:33:30,pendulum_stoch,xhigh,dir00,fm,dir00,0.0,43,5,20,amarel,60326767,OUT_OF_MEMORY,,remote,7d95b52929c1,/scratch/st1122/adaptive_roa/experiments/ensemble_epistemic/fm_xhigh_dir00_s43,"RESUMED after 3-day walltime TIMEOUT (not preemption, not a fault -- these ran their full --time=3-00:00:00 and stopped cleanly). Both xhigh floor seeds hit the wall: s43 at 9 epochs, s44 at 12, both with 0 mtime inversions. TIMEOUT data is final and safe to score as-is, which is why the xhigh verdict computed 2026-08-09 on 7 shared epochs stands. Resumed to deepen the floor further, since s43 is the binding constraint on that level's shared window. | resumed_after_oom job=60444979 gpu=2 mem=120G"
fm_xhigh_dir00_s44,2026-08-09T20:33:30,pendulum_stoch,xhigh,dir00,fm,dir00,0.0,44,5,20,amarel,60326768,PREEMPTED,,remote,7d95b52929c1,/scratch/st1122/adaptive_roa/experiments/ensemble_epistemic/fm_xhigh_dir00_s44,"RESUMED after 3-day walltime TIMEOUT (not preemption, not a fault -- these ran their full --time=3-00:00:00 and stopped cleanly). Both xhigh floor seeds hit the wall: s43 at 9 epochs, s44 at 12, both with 0 mtime inversions. TIMEOUT data is final and safe to score as-is, which is why the xhigh verdict computed 2026-08-09 on 7 shared epochs stands. Resumed to deepen the floor further, since s43 is the binding constraint on that level's shared window. | resumed_after_preempt job=60426690 gpu=2 mem=120G"
fm_det_dir00,2026-08-09T08:33:56,pendulum,det,dir00,fm,dir00,0.0,42,5,20,amarel,60305874,PREEMPTED,,remote,7d95b52929c1,/scratch/st1122/adaptive_roa/experiments/ensemble_epistemic/fm_det_dir00,"RESUMED after PREEMPTION WAVE at 2026-08-09T08:02 (Amarel 'general' account, 4 jobs at once, none requeued). Caught within one cycle by the squeue-membership liveness check added after the det_dir00_s43 miss -- epoch counts alone would have shown these as merely slow. All four verified clean (0 mtime inversions) and preserved under _preserved_*_preempt_0809b before resubmitting. | resumed_after_preempt job=60423858 gpu=2 mem=120G (prev gpu:4 ran 5min)"
fm_det_total,2026-08-09T08:33:56,pendulum,det,total,fm,decomp_total,1.0,42,5,20,amarel,60305875,COMPLETED,,remote,7d95b52929c1,/scratch/st1122/adaptive_roa/experiments/ensemble_epistemic/fm_det_total,"RESUMED after PREEMPTION WAVE at 2026-08-09T08:02 (Amarel 'general' account, 4 jobs at once, none requeued). Caught within one cycle by the squeue-membership liveness check added after the det_dir00_s43 miss -- epoch counts alone would have shown these as merely slow. All four verified clean (0 mtime inversions) and preserved under _preserved_*_preempt_0809b before resubmitting."
fm_med_dir00_s43,2026-08-09T08:33:56,pendulum_stoch,med,dir00,fm,dir00,0.0,43,5,20,amarel,60305876,paused_by_user,,remote,7d95b52929c1,/scratch/st1122/adaptive_roa/experiments/ensemble_epistemic/fm_med_dir00_s43,"RESUMED after PREEMPTION WAVE at 2026-08-09T08:02 (Amarel 'general' account, 4 jobs at once, none requeued). Caught within one cycle by the squeue-membership liveness check added after the det_dir00_s43 miss -- epoch counts alone would have shown these as merely slow. All four verified clean (0 mtime inversions) and preserved under _preserved_*_preempt_0809b before resubmitting. | scancelled 2026-08-12 for pause; resume with scripts/resume_adaptive.py"
fm_med_epi_bald,2026-08-09T08:33:56,pendulum_stoch,med,epi_bald,fm,decomp_epi_bald,1.0,42,5,20,amarel,60305877,paused_by_user,,remote,7d95b52929c1,/scratch/st1122/adaptive_roa/experiments/ensemble_epistemic/fm_med_epi_bald,"RESUMED after PREEMPTION WAVE at 2026-08-09T08:02 (Amarel 'general' account, 4 jobs at once, none requeued). Caught within one cycle by the squeue-membership liveness check added after the det_dir00_s43 miss -- epoch counts alone would have shown these as merely slow. All four verified clean (0 mtime inversions) and preserved under _preserved_*_preempt_0809b before resubmitting. | scancelled 2026-08-12 for pause; resume with scripts/resume_adaptive.py"
fm_det_dir00_s43,2026-08-09T00:33:56,pendulum,det,dir00,fm,dir00,0.0,43,5,20,amarel,60303729,COMPLETED,,remote,7d95b52929c1,/scratch/st1122/adaptive_roa/experiments/ensemble_epistemic/fm_det_dir00_s43,"RESUMED from epoch 4 after a PREEMPTION I MISSED FOR 24H. Preempted 2026-08-07T21:33 (job 60288970), never requeued, last write 08-08 12:18 -- it simply vanished. My hourly checks counted completed epochs and saw det s43 frozen at 4; I read that as a slow run rather than a dead one, because a dead-and-not-requeued job looks identical to a stalled one in an epoch count. It is one of three det floor seeds, so the det floor was capped at 3 shared epochs the whole time and both det verdicts (2026-08-08) were computed against a floor that could not deepen. 4 epochs verified clean (0 mtime inversions) and preserved at _preserved_fm_det_dir00_s43_preempt_0809. LESSON: an unchanging epoch count needs a liveness check, not just another cycle of waiting -- check_preempted.sh (sacct) is the only reliable detector since squeue shows nothing."
fm_med_total,2026-08-08T23:34:20,pendulum_stoch,med,total,fm,decomp_total,1.0,42,5,20,amarel,60302900,resumed,,remote,7d95b52929c1,/scratch/st1122/adaptive_roa/experiments/ensemble_epistemic/fm_med_total,"RESUMED via scripts/resume_adaptive.py from epoch 2 after PREEMPTION (job 60288980, Amarel 'general' account). It was NOT requeued -- it vanished from the queue entirely -- so it needed explicit resubmission; a squeue-only check would have shown nothing and the run would have sat dead. 2 completed epochs verified clean (0 mtime inversions) and preserved at _preserved_fm_med_total_preempt_2333 before resubmitting. Resume prerequisites all present (dataset_builder_state.json, .hydra/config.yaml, epoch_001 complete), so the 2 epochs are kept rather than discarded and the partial epoch_002 will be deleted by the resume script instead of half-overwritten. | resumed as 60472126 gpu=2 mem=120G"
fm_low_dir00,2026-08-07T19:33:26,pendulum_stoch,low,dir00,fm,dir00,0.0,42,5,20,amarel,60291374,OUT_OF_MEMORY,,remote,7d95b52929c1,/scratch/st1122/adaptive_roa/experiments/ensemble_epistemic/fm_low_dir00,"RELAUNCHED on Amarel — the LAST of all 5 low arms to die of CUDA OOM on westeros (this one at epoch 3; its log ends mid-training with no traceback, consistent with the same teardown OOM the others hit). westeros 11GB 2080 Ti cards cannot hold FM at this level: arms sat at 9.8-10.4GB of 11.2GB after one epoch and another user concurrently took 4 of 8 cards. NET EFFECT: the whole [FM] low level is now on Amarel, which is the RIGHT outcome scientifically — a fully within-cluster floor (dir00 + s43 + s44 all on gpu-redhat), unlike [FM] high whose floor spans iLab+arrakis and is therefore inflated. 3 epochs discarded. Root error: I sized the placement from a 282 MiB/member measurement taken at an early epoch of a DIFFERENT noise level."
fm_low_epi_bald,2026-08-07T18:33:42,pendulum_stoch,low,epi_bald,fm,decomp_epi_bald,1.0,42,5,20,amarel,60291059,COMPLETED,,remote,7d95b52929c1,/scratch/st1122/adaptive_roa/experiments/ensemble_epistemic/fm_low_epi_bald,"RELAUNCHED on Amarel after CUDA OOM on westeros at epoch 3. Fourth and fifth of five low arms to die this way -- westeros 11GB 2080 Ti cards cannot hold FM at this level, full stop. Only fm_low_dir00 still survives there. 3 completed epochs discarded."
fm_low_epi_var,2026-08-07T18:33:42,pendulum_stoch,low,epi_var,fm,decomp_epi_var,1.0,42,5,20,amarel,60291058,TIMEOUT,,remote,7d95b52929c1,/scratch/st1122/adaptive_roa/experiments/ensemble_epistemic/fm_low_epi_var,"RELAUNCHED on Amarel after CUDA OOM on westeros at epoch 3. Fourth and fifth of five low arms to die this way -- westeros 11GB 2080 Ti cards cannot hold FM at this level, full stop. Only fm_low_dir00 still survives there. 3 completed epochs discarded. | resumed_after_timeout job=60420919 gpu=2 mem=120G"
fm_low_aleat,2026-08-07T16:34:09,pendulum_stoch,low,aleat,fm,decomp_aleat,1.0,42,5,20,amarel,60290593,TIMEOUT,,remote,7d95b52929c1,/scratch/st1122/adaptive_roa/experiments/ensemble_epistemic/fm_low_aleat,"RELAUNCHED on Amarel after CUDA OOM on westeros at epoch 2 teardown (RuntimeError: CUDA error: out of memory in Lightning strategy.teardown -> lightning_module.cpu()). 11GB 2080 Ti cards are too small for FM at this depth: the arms sat at 9.8-10.4GB of 11.2GB after ONE epoch and another user concurrently claimed 4 of the 8 westeros GPUs (~7.6GB each), leaving no headroom. My earlier 282 MiB/member estimate came from an early epoch at a different level and understated the real requirement badly. 2 completed epochs discarded. | resumed_after_timeout job=60420918 gpu=2 mem=120G"
fm_low_total,2026-08-07T16:34:08,pendulum_stoch,low,total,fm,decomp_total,1.0,42,5,20,amarel,60290592,TIMEOUT,,remote,7d95b52929c1,/scratch/st1122/adaptive_roa/experiments/ensemble_epistemic/fm_low_total,"RELAUNCHED on Amarel after CUDA OOM on westeros at epoch 2 teardown (RuntimeError: CUDA error: out of memory in Lightning strategy.teardown -> lightning_module.cpu()). 11GB 2080 Ti cards are too small for FM at this depth: the arms sat at 9.8-10.4GB of 11.2GB after ONE epoch and another user concurrently claimed 4 of the 8 westeros GPUs (~7.6GB each), leaving no headroom. My earlier 282 MiB/member estimate came from an early epoch at a different level and understated the real requirement badly. 2 completed epochs discarded. | resumed_after_timeout job=60409203 gpu=2 mem=120G"
fm_low_dir00_s43,2026-08-07T14:34:23,pendulum_stoch,low,dir00,fm,dir00,0.0,43,5,20,amarel,60289359,PREEMPTED,,remote,7d95b52929c1,/scratch/st1122/adaptive_roa/experiments/ensemble_epistemic/fm_low_dir00_s43,"MOVED BACK to Amarel after CUDA OOM on westeros. Root cause: another user claimed westeros GPUs 6-7 (7.6GB each) after my launch -- the box has no scheduler, so nothing reserved them -- and the seeds pinned there died with 'Tried to allocate 1.08 GiB, 538 MiB free'. Compounding risk: my own low arms sit at 9.8-10.4GB of 11.2GB after ONE epoch and FM memory grows with dataset size, so 11GB cards are marginal for this level at depth. The earlier 282 MiB/member figure was measured on an early epoch at a different level and understates it badly. Floor will therefore be cross-cluster (dir00 on westeros, s43/s44 on Amarel), which inflates it -- conservative for claiming significance."
fm_low_dir00_s44,2026-08-07T14:34:23,pendulum_stoch,low,dir00,fm,dir00,0.0,44,5,20,amarel,60289360,TIMEOUT,,remote,7d95b52929c1,/scratch/st1122/adaptive_roa/experiments/ensemble_epistemic/fm_low_dir00_s44,"MOVED BACK to Amarel after CUDA OOM on westeros. Root cause: another user claimed westeros GPUs 6-7 (7.6GB each) after my launch -- the box has no scheduler, so nothing reserved them -- and the seeds pinned there died with 'Tried to allocate 1.08 GiB, 538 MiB free'. Compounding risk: my own low arms sit at 9.8-10.4GB of 11.2GB after ONE epoch and FM memory grows with dataset size, so 11GB cards are marginal for this level at depth. The earlier 282 MiB/member figure was measured on an early epoch at a different level and understates it badly. Floor will therefore be cross-cluster (dir00 on westeros, s43/s44 on Amarel), which inflates it -- conservative for claiming significance. | resumed_after_timeout job=60383967 gpu=2 mem=120G at96pct"
fm_low_aleat,2026-08-07T13:32:40,pendulum_stoch,low,aleat,fm,decomp_aleat,1.0,42,5,20,westeros,1450594,resumed_after_timeout job=60420918 gpu=2 mem=120G,14,local,7d95b52929c1,/common/users/shared/pracsys/adaptive_roa_experiments/ensemble_epistemic/fm_low_aleat,"MOVED from Amarel to westeros (user reported the box restarted; verified torch.cuda.is_available()=True, device_count=8 INCLUDING the previously faulted GPU5, matmul confirmed -- the NVML-dead condition that made it CPU-only is genuinely resolved). Amarel copies 60288972-78 cancelled first (PD, 0 epochs) so the same run_id could not be written from two filesystems and later merged by the sync. One run pinned per GPU per the 2026-08-05 finding that pinned members give a 1.27x spread vs 1.85x when spread across cards. Measured 282 MiB/member, so 5 members fit an 11GB 2080 Ti with room. Amarel estimated these starting 2026-08-10; westeros starts now."
fm_low_dir00,2026-08-07T13:32:40,pendulum_stoch,low,dir00,fm,dir00,0.0,42,5,20,westeros,1450586,launched,18,local,7d95b52929c1,/common/users/shared/pracsys/adaptive_roa_experiments/ensemble_epistemic/fm_low_dir00,"MOVED from Amarel to westeros (user reported the box restarted; verified torch.cuda.is_available()=True, device_count=8 INCLUDING the previously faulted GPU5, matmul confirmed -- the NVML-dead condition that made it CPU-only is genuinely resolved). Amarel copies 60288972-78 cancelled first (PD, 0 epochs) so the same run_id could not be written from two filesystems and later merged by the sync. One run pinned per GPU per the 2026-08-05 finding that pinned members give a 1.27x spread vs 1.85x when spread across cards. Measured 282 MiB/member, so 5 members fit an 11GB 2080 Ti with room. Amarel estimated these starting 2026-08-10; westeros starts now."
fm_low_dir00_s43,2026-08-07T13:32:40,pendulum_stoch,low,dir00,fm,dir00,0.0,43,5,20,westeros,1450596,launched,13,local,7d95b52929c1,/common/users/shared/pracsys/adaptive_roa_experiments/ensemble_epistemic/fm_low_dir00_s43,"MOVED from Amarel to westeros (user reported the box restarted; verified torch.cuda.is_available()=True, device_count=8 INCLUDING the previously faulted GPU5, matmul confirmed -- the NVML-dead condition that made it CPU-only is genuinely resolved). Amarel copies 60288972-78 cancelled first (PD, 0 epochs) so the same run_id could not be written from two filesystems and later merged by the sync. One run pinned per GPU per the 2026-08-05 finding that pinned members give a 1.27x spread vs 1.85x when spread across cards. Measured 282 MiB/member, so 5 members fit an 11GB 2080 Ti with room. Amarel estimated these starting 2026-08-10; westeros starts now."
fm_low_dir00_s44,2026-08-07T13:32:40,pendulum_stoch,low,dir00,fm,dir00,0.0,44,5,20,westeros,1450598,resumed_after_timeout job=60383967 gpu=2 mem=120G at96pct,16,local,7d95b52929c1,/common/users/shared/pracsys/adaptive_roa_experiments/ensemble_epistemic/fm_low_dir00_s44,"MOVED from Amarel to westeros (user reported the box restarted; verified torch.cuda.is_available()=True, device_count=8 INCLUDING the previously faulted GPU5, matmul confirmed -- the NVML-dead condition that made it CPU-only is genuinely resolved). Amarel copies 60288972-78 cancelled first (PD, 0 epochs) so the same run_id could not be written from two filesystems and later merged by the sync. One run pinned per GPU per the 2026-08-05 finding that pinned members give a 1.27x spread vs 1.85x when spread across cards. Measured 282 MiB/member, so 5 members fit an 11GB 2080 Ti with room. Amarel estimated these starting 2026-08-10; westeros starts now."
fm_low_epi_bald,2026-08-07T13:32:40,pendulum_stoch,low,epi_bald,fm,decomp_epi_bald,1.0,42,5,20,westeros,1450592,launched,19,local,7d95b52929c1,/common/users/shared/pracsys/adaptive_roa_experiments/ensemble_epistemic/fm_low_epi_bald,"MOVED from Amarel to westeros (user reported the box restarted; verified torch.cuda.is_available()=True, device_count=8 INCLUDING the previously faulted GPU5, matmul confirmed -- the NVML-dead condition that made it CPU-only is genuinely resolved). Amarel copies 60288972-78 cancelled first (PD, 0 epochs) so the same run_id could not be written from two filesystems and later merged by the sync. One run pinned per GPU per the 2026-08-05 finding that pinned members give a 1.27x spread vs 1.85x when spread across cards. Measured 282 MiB/member, so 5 members fit an 11GB 2080 Ti with room. Amarel estimated these starting 2026-08-10; westeros starts now."
fm_low_epi_var,2026-08-07T13:32:40,pendulum_stoch,low,epi_var,fm,decomp_epi_var,1.0,42,5,20,westeros,1450590,resumed_after_timeout job=60420919 gpu=2 mem=120G,15,local,7d95b52929c1,/common/users/shared/pracsys/adaptive_roa_experiments/ensemble_epistemic/fm_low_epi_var,"MOVED from Amarel to westeros (user reported the box restarted; verified torch.cuda.is_available()=True, device_count=8 INCLUDING the previously faulted GPU5, matmul confirmed -- the NVML-dead condition that made it CPU-only is genuinely resolved). Amarel copies 60288972-78 cancelled first (PD, 0 epochs) so the same run_id could not be written from two filesystems and later merged by the sync. One run pinned per GPU per the 2026-08-05 finding that pinned members give a 1.27x spread vs 1.85x when spread across cards. Measured 282 MiB/member, so 5 members fit an 11GB 2080 Ti with room. Amarel estimated these starting 2026-08-10; westeros starts now."
fm_low_total,2026-08-07T13:32:40,pendulum_stoch,low,total,fm,decomp_total,1.0,42,5,20,westeros,1450588,resumed_after_timeout job=60409203 gpu=2 mem=120G,15,local,7d95b52929c1,/common/users/shared/pracsys/adaptive_roa_experiments/ensemble_epistemic/fm_low_total,"MOVED from Amarel to westeros (user reported the box restarted; verified torch.cuda.is_available()=True, device_count=8 INCLUDING the previously faulted GPU5, matmul confirmed -- the NVML-dead condition that made it CPU-only is genuinely resolved). Amarel copies 60288972-78 cancelled first (PD, 0 epochs) so the same run_id could not be written from two filesystems and later merged by the sync. One run pinned per GPU per the 2026-08-05 finding that pinned members give a 1.27x spread vs 1.85x when spread across cards. Measured 282 MiB/member, so 5 members fit an 11GB 2080 Ti with room. Amarel estimated these starting 2026-08-10; westeros starts now."
fm_med_aleat,2026-08-07T13:27:59,pendulum_stoch,med,aleat,fm,decomp_aleat,1.0,42,5,20,amarel,60288983,PREEMPTED,,remote,7d95b52929c1,/scratch/st1122/adaptive_roa/experiments/ensemble_epistemic/fm_med_aleat,"FM at the levels where [CLF] showed a real effect. Motivation: [FM] was only ever run at high/xhigh -- the two levels where even the classifier showed no benefit -- so the FM nulls never tested the regime where adaptive sampling actually worked ([CLF] low: -1.1 to -3.3x floor, sign-stable, 3 of 4 arms). gres=gpu:1 chosen deliberately: earliest Amarel start estimate AND the configuration measured 2026-08-05 to give the tightest ensemble member spread (1.27x pinned vs 1.85x spread across cards), which matters because mp.spawn(join=True) pays for the slowest member. patience=30 (Amarel clone verified). det uses system=pendulum with NO noise_level key."
fm_med_dir00_s43,2026-08-07T13:27:59,pendulum_stoch,med,dir00,fm,dir00,0.0,43,5,20,amarel,60288984,PREEMPTED,,remote,7d95b52929c1,/scratch/st1122/adaptive_roa/experiments/ensemble_epistemic/fm_med_dir00_s43,"FM at the levels where [CLF] showed a real effect. Motivation: [FM] was only ever run at high/xhigh -- the two levels where even the classifier showed no benefit -- so the FM nulls never tested the regime where adaptive sampling actually worked ([CLF] low: -1.1 to -3.3x floor, sign-stable, 3 of 4 arms). gres=gpu:1 chosen deliberately: earliest Amarel start estimate AND the configuration measured 2026-08-05 to give the tightest ensemble member spread (1.27x pinned vs 1.85x spread across cards), which matters because mp.spawn(join=True) pays for the slowest member. patience=30 (Amarel clone verified). det uses system=pendulum with NO noise_level key."
fm_med_dir00_s44,2026-08-07T13:27:59,pendulum_stoch,med,dir00,fm,dir00,0.0,44,5,20,amarel,60288985,TIMEOUT,,remote,7d95b52929c1,/scratch/st1122/adaptive_roa/experiments/ensemble_epistemic/fm_med_dir00_s44,"FM at the levels where [CLF] showed a real effect. Motivation: [FM] was only ever run at high/xhigh -- the two levels where even the classifier showed no benefit -- so the FM nulls never tested the regime where adaptive sampling actually worked ([CLF] low: -1.1 to -3.3x floor, sign-stable, 3 of 4 arms). gres=gpu:1 chosen deliberately: earliest Amarel start estimate AND the configuration measured 2026-08-05 to give the tightest ensemble member spread (1.27x pinned vs 1.85x spread across cards), which matters because mp.spawn(join=True) pays for the slowest member. patience=30 (Amarel clone verified). det uses system=pendulum with NO noise_level key. | resumed_after_timeout job=60377922 gpu=2 mem=120G"
fm_med_epi_bald,2026-08-07T13:27:59,pendulum_stoch,med,epi_bald,fm,decomp_epi_bald,1.0,42,5,20,amarel,60288982,PREEMPTED,,remote,7d95b52929c1,/scratch/st1122/adaptive_roa/experiments/ensemble_epistemic/fm_med_epi_bald,"FM at the levels where [CLF] showed a real effect. Motivation: [FM] was only ever run at high/xhigh -- the two levels where even the classifier showed no benefit -- so the FM nulls never tested the regime where adaptive sampling actually worked ([CLF] low: -1.1 to -3.3x floor, sign-stable, 3 of 4 arms). gres=gpu:1 chosen deliberately: earliest Amarel start estimate AND the configuration measured 2026-08-05 to give the tightest ensemble member spread (1.27x pinned vs 1.85x spread across cards), which matters because mp.spawn(join=True) pays for the slowest member. patience=30 (Amarel clone verified). det uses system=pendulum with NO noise_level key."
fm_med_epi_var,2026-08-07T13:27:59,pendulum_stoch,med,epi_var,fm,decomp_epi_var,1.0,42,5,20,amarel,60288981,TIMEOUT,,remote,7d95b52929c1,/scratch/st1122/adaptive_roa/experiments/ensemble_epistemic/fm_med_epi_var,"FM at the levels where [CLF] showed a real effect. Motivation: [FM] was only ever run at high/xhigh -- the two levels where even the classifier showed no benefit -- so the FM nulls never tested the regime where adaptive sampling actually worked ([CLF] low: -1.1 to -3.3x floor, sign-stable, 3 of 4 arms). gres=gpu:1 chosen deliberately: earliest Amarel start estimate AND the configuration measured 2026-08-05 to give the tightest ensemble member spread (1.27x pinned vs 1.85x spread across cards), which matters because mp.spawn(join=True) pays for the slowest member. patience=30 (Amarel clone verified). det uses system=pendulum with NO noise_level key. | resumed_after_preempt job=60419609 gpu=2 mem=120G"
fm_det_aleat,2026-08-07T13:27:58,pendulum,det,aleat,fm,decomp_aleat,1.0,42,5,20,amarel,60288969,COMPLETED,,remote,7d95b52929c1,/scratch/st1122/adaptive_roa/experiments/ensemble_epistemic/fm_det_aleat,"FM at the levels where [CLF] showed a real effect. Motivation: [FM] was only ever run at high/xhigh -- the two levels where even the classifier showed no benefit -- so the FM nulls never tested the regime where adaptive sampling actually worked ([CLF] low: -1.1 to -3.3x floor, sign-stable, 3 of 4 arms). gres=gpu:1 chosen deliberately: earliest Amarel start estimate AND the configuration measured 2026-08-05 to give the tightest ensemble member spread (1.27x pinned vs 1.85x spread across cards), which matters because mp.spawn(join=True) pays for the slowest member. patience=30 (Amarel clone verified). det uses system=pendulum with NO noise_level key."
fm_det_dir00,2026-08-07T13:27:58,pendulum,det,dir00,fm,dir00,0.0,42,5,20,amarel,60288965,PREEMPTED,,remote,7d95b52929c1,/scratch/st1122/adaptive_roa/experiments/ensemble_epistemic/fm_det_dir00,"FM at the levels where [CLF] showed a real effect. Motivation: [FM] was only ever run at high/xhigh -- the two levels where even the classifier showed no benefit -- so the FM nulls never tested the regime where adaptive sampling actually worked ([CLF] low: -1.1 to -3.3x floor, sign-stable, 3 of 4 arms). gres=gpu:1 chosen deliberately: earliest Amarel start estimate AND the configuration measured 2026-08-05 to give the tightest ensemble member spread (1.27x pinned vs 1.85x spread across cards), which matters because mp.spawn(join=True) pays for the slowest member. patience=30 (Amarel clone verified). det uses system=pendulum with NO noise_level key. | resumed_after_preempt job=60423858 gpu=2 mem=120G (prev gpu:4 ran 5min)"
fm_det_dir00_s43,2026-08-07T13:27:58,pendulum,det,dir00,fm,dir00,0.0,43,5,20,amarel,60288970,PREEMPTED,,remote,7d95b52929c1,/scratch/st1122/adaptive_roa/experiments/ensemble_epistemic/fm_det_dir00_s43,"FM at the levels where [CLF] showed a real effect. Motivation: [FM] was only ever run at high/xhigh -- the two levels where even the classifier showed no benefit -- so the FM nulls never tested the regime where adaptive sampling actually worked ([CLF] low: -1.1 to -3.3x floor, sign-stable, 3 of 4 arms). gres=gpu:1 chosen deliberately: earliest Amarel start estimate AND the configuration measured 2026-08-05 to give the tightest ensemble member spread (1.27x pinned vs 1.85x spread across cards), which matters because mp.spawn(join=True) pays for the slowest member. patience=30 (Amarel clone verified). det uses system=pendulum with NO noise_level key."
fm_det_dir00_s44,2026-08-07T13:27:58,pendulum,det,dir00,fm,dir00,0.0,44,5,20,amarel,60288971,COMPLETED,,remote,7d95b52929c1,/scratch/st1122/adaptive_roa/experiments/ensemble_epistemic/fm_det_dir00_s44,"FM at the levels where [CLF] showed a real effect. Motivation: [FM] was only ever run at high/xhigh -- the two levels where even the classifier showed no benefit -- so the FM nulls never tested the regime where adaptive sampling actually worked ([CLF] low: -1.1 to -3.3x floor, sign-stable, 3 of 4 arms). gres=gpu:1 chosen deliberately: earliest Amarel start estimate AND the configuration measured 2026-08-05 to give the tightest ensemble member spread (1.27x pinned vs 1.85x spread across cards), which matters because mp.spawn(join=True) pays for the slowest member. patience=30 (Amarel clone verified). det uses system=pendulum with NO noise_level key."
fm_det_epi_bald,2026-08-07T13:27:58,pendulum,det,epi_bald,fm,decomp_epi_bald,1.0,42,5,20,amarel,60288968,COMPLETED,,remote,7d95b52929c1,/scratch/st1122/adaptive_roa/experiments/ensemble_epistemic/fm_det_epi_bald,"FM at the levels where [CLF] showed a real effect. Motivation: [FM] was only ever run at high/xhigh -- the two levels where even the classifier showed no benefit -- so the FM nulls never tested the regime where adaptive sampling actually worked ([CLF] low: -1.1 to -3.3x floor, sign-stable, 3 of 4 arms). gres=gpu:1 chosen deliberately: earliest Amarel start estimate AND the configuration measured 2026-08-05 to give the tightest ensemble member spread (1.27x pinned vs 1.85x spread across cards), which matters because mp.spawn(join=True) pays for the slowest member. patience=30 (Amarel clone verified). det uses system=pendulum with NO noise_level key."
fm_det_epi_var,2026-08-07T13:27:58,pendulum,det,epi_var,fm,decomp_epi_var,1.0,42,5,20,amarel,60288967,COMPLETED,,remote,7d95b52929c1,/scratch/st1122/adaptive_roa/experiments/ensemble_epistemic/fm_det_epi_var,"FM at the levels where [CLF] showed a real effect. Motivation: [FM] was only ever run at high/xhigh -- the two levels where even the classifier showed no benefit -- so the FM nulls never tested the regime where adaptive sampling actually worked ([CLF] low: -1.1 to -3.3x floor, sign-stable, 3 of 4 arms). gres=gpu:1 chosen deliberately: earliest Amarel start estimate AND the configuration measured 2026-08-05 to give the tightest ensemble member spread (1.27x pinned vs 1.85x spread across cards), which matters because mp.spawn(join=True) pays for the slowest member. patience=30 (Amarel clone verified). det uses system=pendulum with NO noise_level key."
fm_det_total,2026-08-07T13:27:58,pendulum,det,total,fm,decomp_total,1.0,42,5,20,amarel,60288966,PREEMPTED,,remote,7d95b52929c1,/scratch/st1122/adaptive_roa/experiments/ensemble_epistemic/fm_det_total,"FM at the levels where [CLF] showed a real effect. Motivation: [FM] was only ever run at high/xhigh -- the two levels where even the classifier showed no benefit -- so the FM nulls never tested the regime where adaptive sampling actually worked ([CLF] low: -1.1 to -3.3x floor, sign-stable, 3 of 4 arms). gres=gpu:1 chosen deliberately: earliest Amarel start estimate AND the configuration measured 2026-08-05 to give the tightest ensemble member spread (1.27x pinned vs 1.85x spread across cards), which matters because mp.spawn(join=True) pays for the slowest member. patience=30 (Amarel clone verified). det uses system=pendulum with NO noise_level key."
fm_low_aleat,2026-08-07T13:27:58,pendulum_stoch,low,aleat,fm,decomp_aleat,1.0,42,5,20,amarel,60288976,CANCELLED by 1619230,,remote,7d95b52929c1,/scratch/st1122/adaptive_roa/experiments/ensemble_epistemic/fm_low_aleat,"FM at the levels where [CLF] showed a real effect. Motivation: [FM] was only ever run at high/xhigh -- the two levels where even the classifier showed no benefit -- so the FM nulls never tested the regime where adaptive sampling actually worked ([CLF] low: -1.1 to -3.3x floor, sign-stable, 3 of 4 arms). gres=gpu:1 chosen deliberately: earliest Amarel start estimate AND the configuration measured 2026-08-05 to give the tightest ensemble member spread (1.27x pinned vs 1.85x spread across cards), which matters because mp.spawn(join=True) pays for the slowest member. patience=30 (Amarel clone verified). det uses system=pendulum with NO noise_level key. | resumed_after_timeout job=60420918 gpu=2 mem=120G"
fm_low_dir00,2026-08-07T13:27:58,pendulum_stoch,low,dir00,fm,dir00,0.0,42,5,20,amarel,60288972,CANCELLED by 1619230,,remote,7d95b52929c1,/scratch/st1122/adaptive_roa/experiments/ensemble_epistemic/fm_low_dir00,"FM at the levels where [CLF] showed a real effect. Motivation: [FM] was only ever run at high/xhigh -- the two levels where even the classifier showed no benefit -- so the FM nulls never tested the regime where adaptive sampling actually worked ([CLF] low: -1.1 to -3.3x floor, sign-stable, 3 of 4 arms). gres=gpu:1 chosen deliberately: earliest Amarel start estimate AND the configuration measured 2026-08-05 to give the tightest ensemble member spread (1.27x pinned vs 1.85x spread across cards), which matters because mp.spawn(join=True) pays for the slowest member. patience=30 (Amarel clone verified). det uses system=pendulum with NO noise_level key."
fm_low_dir00_s43,2026-08-07T13:27:58,pendulum_stoch,low,dir00,fm,dir00,0.0,43,5,20,amarel,60288977,CANCELLED by 1619230,,remote,7d95b52929c1,/scratch/st1122/adaptive_roa/experiments/ensemble_epistemic/fm_low_dir00_s43,"FM at the levels where [CLF] showed a real effect. Motivation: [FM] was only ever run at high/xhigh -- the two levels where even the classifier showed no benefit -- so the FM nulls never tested the regime where adaptive sampling actually worked ([CLF] low: -1.1 to -3.3x floor, sign-stable, 3 of 4 arms). gres=gpu:1 chosen deliberately: earliest Amarel start estimate AND the configuration measured 2026-08-05 to give the tightest ensemble member spread (1.27x pinned vs 1.85x spread across cards), which matters because mp.spawn(join=True) pays for the slowest member. patience=30 (Amarel clone verified). det uses system=pendulum with NO noise_level key."
fm_low_dir00_s44,2026-08-07T13:27:58,pendulum_stoch,low,dir00,fm,dir00,0.0,44,5,20,amarel,60288978,CANCELLED by 1619230,,remote,7d95b52929c1,/scratch/st1122/adaptive_roa/experiments/ensemble_epistemic/fm_low_dir00_s44,"FM at the levels where [CLF] showed a real effect. Motivation: [FM] was only ever run at high/xhigh -- the two levels where even the classifier showed no benefit -- so the FM nulls never tested the regime where adaptive sampling actually worked ([CLF] low: -1.1 to -3.3x floor, sign-stable, 3 of 4 arms). gres=gpu:1 chosen deliberately: earliest Amarel start estimate AND the configuration measured 2026-08-05 to give the tightest ensemble member spread (1.27x pinned vs 1.85x spread across cards), which matters because mp.spawn(join=True) pays for the slowest member. patience=30 (Amarel clone verified). det uses system=pendulum with NO noise_level key. | resumed_after_timeout job=60383967 gpu=2 mem=120G at96pct"
fm_low_epi_bald,2026-08-07T13:27:58,pendulum_stoch,low,epi_bald,fm,decomp_epi_bald,1.0,42,5,20,amarel,60288975,CANCELLED by 1619230,,remote,7d95b52929c1,/scratch/st1122/adaptive_roa/experiments/ensemble_epistemic/fm_low_epi_bald,"FM at the levels where [CLF] showed a real effect. Motivation: [FM] was only ever run at high/xhigh -- the two levels where even the classifier showed no benefit -- so the FM nulls never tested the regime where adaptive sampling actually worked ([CLF] low: -1.1 to -3.3x floor, sign-stable, 3 of 4 arms). gres=gpu:1 chosen deliberately: earliest Amarel start estimate AND the configuration measured 2026-08-05 to give the tightest ensemble member spread (1.27x pinned vs 1.85x spread across cards), which matters because mp.spawn(join=True) pays for the slowest member. patience=30 (Amarel clone verified). det uses system=pendulum with NO noise_level key."
fm_low_epi_var,2026-08-07T13:27:58,pendulum_stoch,low,epi_var,fm,decomp_epi_var,1.0,42,5,20,amarel,60288974,CANCELLED by 1619230,,remote,7d95b52929c1,/scratch/st1122/adaptive_roa/experiments/ensemble_epistemic/fm_low_epi_var,"FM at the levels where [CLF] showed a real effect. Motivation: [FM] was only ever run at high/xhigh -- the two levels where even the classifier showed no benefit -- so the FM nulls never tested the regime where adaptive sampling actually worked ([CLF] low: -1.1 to -3.3x floor, sign-stable, 3 of 4 arms). gres=gpu:1 chosen deliberately: earliest Amarel start estimate AND the configuration measured 2026-08-05 to give the tightest ensemble member spread (1.27x pinned vs 1.85x spread across cards), which matters because mp.spawn(join=True) pays for the slowest member. patience=30 (Amarel clone verified). det uses system=pendulum with NO noise_level key. | resumed_after_timeout job=60420919 gpu=2 mem=120G"
fm_low_total,2026-08-07T13:27:58,pendulum_stoch,low,total,fm,decomp_total,1.0,42,5,20,amarel,60288973,CANCELLED by 1619230,,remote,7d95b52929c1,/scratch/st1122/adaptive_roa/experiments/ensemble_epistemic/fm_low_total,"FM at the levels where [CLF] showed a real effect. Motivation: [FM] was only ever run at high/xhigh -- the two levels where even the classifier showed no benefit -- so the FM nulls never tested the regime where adaptive sampling actually worked ([CLF] low: -1.1 to -3.3x floor, sign-stable, 3 of 4 arms). gres=gpu:1 chosen deliberately: earliest Amarel start estimate AND the configuration measured 2026-08-05 to give the tightest ensemble member spread (1.27x pinned vs 1.85x spread across cards), which matters because mp.spawn(join=True) pays for the slowest member. patience=30 (Amarel clone verified). det uses system=pendulum with NO noise_level key. | resumed_after_timeout job=60409203 gpu=2 mem=120G"
fm_med_dir00,2026-08-07T13:27:58,pendulum_stoch,med,dir00,fm,dir00,0.0,42,5,20,amarel,60288979,TIMEOUT,,remote,7d95b52929c1,/scratch/st1122/adaptive_roa/experiments/ensemble_epistemic/fm_med_dir00,"FM at the levels where [CLF] showed a real effect. Motivation: [FM] was only ever run at high/xhigh -- the two levels where even the classifier showed no benefit -- so the FM nulls never tested the regime where adaptive sampling actually worked ([CLF] low: -1.1 to -3.3x floor, sign-stable, 3 of 4 arms). gres=gpu:1 chosen deliberately: earliest Amarel start estimate AND the configuration measured 2026-08-05 to give the tightest ensemble member spread (1.27x pinned vs 1.85x spread across cards), which matters because mp.spawn(join=True) pays for the slowest member. patience=30 (Amarel clone verified). det uses system=pendulum with NO noise_level key. | resumed_after_timeout job=60360127 gpu=2 mem=120G"
fm_med_total,2026-08-07T13:27:58,pendulum_stoch,med,total,fm,decomp_total,1.0,42,5,20,amarel,60288980,PREEMPTED,,remote,7d95b52929c1,/scratch/st1122/adaptive_roa/experiments/ensemble_epistemic/fm_med_total,"FM at the levels where [CLF] showed a real effect. Motivation: [FM] was only ever run at high/xhigh -- the two levels where even the classifier showed no benefit -- so the FM nulls never tested the regime where adaptive sampling actually worked ([CLF] low: -1.1 to -3.3x floor, sign-stable, 3 of 4 arms). gres=gpu:1 chosen deliberately: earliest Amarel start estimate AND the configuration measured 2026-08-05 to give the tightest ensemble member spread (1.27x pinned vs 1.85x spread across cards), which matters because mp.spawn(join=True) pays for the slowest member. patience=30 (Amarel clone verified). det uses system=pendulum with NO noise_level key."
fm_high_dir00_s43,2026-08-05T23:32:56,pendulum_stoch,high,dir00,fm,dir00,0.0,43,5,20,ilab,201154,COMPLETED,19,local,7d95b52929c1,/common/users/shared/pracsys/adaptive_roa_experiments/ensemble_epistemic/fm_high_dir00_s43,"Resubmitted at gres=gpu:1 (was gpu:2). It was PD for ~4.5h with reason AssocGrpGRES -- the 12-GPU iLab QUOTA, not contention: 5 arms x 2 + your rs_fm_high_ent10 x 1 = 11 held, only 1 free. Dropping to 1 GPU started it instantly. 5 members on 1 card is also the tighter-member-spread configuration measured today (1.27x vs 1.85x spread)."
fm_high_dir00_s44,2026-08-05T23:32:56,pendulum_stoch,high,dir00,fm,dir00,0.0,44,5,20,arrakis,435638,launched,19,local,7d95b52929c1,/common/users/shared/pracsys/adaptive_roa_experiments/ensemble_epistemic/fm_high_dir00_s44,"MOVED off Amarel to arrakis GPU2. Amarel copy (60264800) cancelled first -- running the same run_id on both sides would interleave two independent runs in one arm's curve. Amarel is saturated (44 nodes mix, 10 alloc, 0 idle) with est_start 2026-08-07T21:32, ~48h out; arrakis starts now. Completes the high floor: dir00 + s43 (both iLab) + s44 (arrakis)."
fm_xhigh_dir00_s43,2026-08-05T23:32:56,pendulum_stoch,xhigh,dir00,fm,dir00,0.0,43,5,20,amarel,60267472,TIMEOUT,,remote,7d95b52929c1,/scratch/st1122/adaptive_roa/experiments/ensemble_epistemic/fm_xhigh_dir00_s43,"Resubmitted at gres=gpu:1 to test backfill. Moved est_start from 2026-08-07T21:32 to 2026-08-07T12:57 (~8.5h earlier) but still ~41h out -- Amarel is saturated, not shape-limited. xhigh floor remains blocked on this plus s44 (60264801). | resumed_after_oom job=60444979 gpu=2 mem=120G"
fm_xhigh_dir00_s43,2026-08-05T16:34:27,pendulum_stoch,xhigh,dir00,fm,dir00,0.0,43,5,20,amarel,60264943,CANCELLED by 1619230,,remote,7d95b52929c1,/scratch/st1122/adaptive_roa/experiments/ensemble_epistemic/fm_xhigh_dir00_s43,"Third xhigh floor seed. GAP FIX: cancelled as part of the 16:00 FM restart and not recreated, leaving the xhigh floor with only dir00+s44 (2 seeds); pooled_floor needs 3, so xhigh would have been unscoreable no matter how long the arms ran. Launched under patience=30 like the arms. | resumed_after_oom job=60444979 gpu=2 mem=120G"
fm_xhigh_aleat,2026-08-05T16:19:45,pendulum_stoch,xhigh,aleat,fm,decomp_aleat,1.0,42,5,20,arrakis,4034445,launched,19,local,7d95b52929c1,/common/users/shared/pracsys/adaptive_roa_experiments/ensemble_epistemic/fm_xhigh_aleat,"RE-PINNED (revert of the un-pinning). Un-pinning so visible_devices() saw all 5 cards made the member spread WORSE: 1.85x (3.7 ep/min on GPU0-2 vs 2.0 on GPU3-4) against 1.20-1.40x when pinned, because arrakis's 5 cards carry uneven external load from the CLF arms (GPU3 27.6GB vs GPU2 9.1GB). mp.spawn(join=True) pays for the slowest member, so spread beats mean throughput. Aggregate density is 25 members / 5 cards either way, so spreading could never deliver wall-clock=one-member. EarlyStopping patience=30 retained."
fm_xhigh_dir00,2026-08-05T16:19:45,pendulum_stoch,xhigh,dir00,fm,dir00,0.0,42,5,20,arrakis,4034443,launched,19,local,7d95b52929c1,/common/users/shared/pracsys/adaptive_roa_experiments/ensemble_epistemic/fm_xhigh_dir00,"RE-PINNED (revert of the un-pinning). Un-pinning so visible_devices() saw all 5 cards made the member spread WORSE: 1.85x (3.7 ep/min on GPU0-2 vs 2.0 on GPU3-4) against 1.20-1.40x when pinned, because arrakis's 5 cards carry uneven external load from the CLF arms (GPU3 27.6GB vs GPU2 9.1GB). mp.spawn(join=True) pays for the slowest member, so spread beats mean throughput. Aggregate density is 25 members / 5 cards either way, so spreading could never deliver wall-clock=one-member. EarlyStopping patience=30 retained."
fm_xhigh_epi_bald,2026-08-05T16:19:45,pendulum_stoch,xhigh,epi_bald,fm,decomp_epi_bald,1.0,42,5,20,arrakis,4034444,launched,19,local,7d95b52929c1,/common/users/shared/pracsys/adaptive_roa_experiments/ensemble_epistemic/fm_xhigh_epi_bald,"RE-PINNED (revert of the un-pinning). Un-pinning so visible_devices() saw all 5 cards made the member spread WORSE: 1.85x (3.7 ep/min on GPU0-2 vs 2.0 on GPU3-4) against 1.20-1.40x when pinned, because arrakis's 5 cards carry uneven external load from the CLF arms (GPU3 27.6GB vs GPU2 9.1GB). mp.spawn(join=True) pays for the slowest member, so spread beats mean throughput. Aggregate density is 25 members / 5 cards either way, so spreading could never deliver wall-clock=one-member. EarlyStopping patience=30 retained."
fm_xhigh_total,2026-08-05T16:19:45,pendulum_stoch,xhigh,total,fm,decomp_total,1.0,42,5,20,arrakis,4034442,launched,19,local,7d95b52929c1,/common/users/shared/pracsys/adaptive_roa_experiments/ensemble_epistemic/fm_xhigh_total,"RE-PINNED (revert of the un-pinning). Un-pinning so visible_devices() saw all 5 cards made the member spread WORSE: 1.85x (3.7 ep/min on GPU0-2 vs 2.0 on GPU3-4) against 1.20-1.40x when pinned, because arrakis's 5 cards carry uneven external load from the CLF arms (GPU3 27.6GB vs GPU2 9.1GB). mp.spawn(join=True) pays for the slowest member, so spread beats mean throughput. Aggregate density is 25 members / 5 cards either way, so spreading could never deliver wall-clock=one-member. EarlyStopping patience=30 retained."
fm_xhigh_epi_var,2026-08-05T16:19:44,pendulum_stoch,xhigh,epi_var,fm,decomp_epi_var,1.0,42,5,20,arrakis,4034441,launched,13,local,7d95b52929c1,/common/users/shared/pracsys/adaptive_roa_experiments/ensemble_epistemic/fm_xhigh_epi_var,"RE-PINNED (revert of the un-pinning). Un-pinning so visible_devices() saw all 5 cards made the member spread WORSE: 1.85x (3.7 ep/min on GPU0-2 vs 2.0 on GPU3-4) against 1.20-1.40x when pinned, because arrakis's 5 cards carry uneven external load from the CLF arms (GPU3 27.6GB vs GPU2 9.1GB). mp.spawn(join=True) pays for the slowest member, so spread beats mean throughput. Aggregate density is 25 members / 5 cards either way, so spreading could never deliver wall-clock=one-member. EarlyStopping patience=30 retained."
fm_high_dir00_s44,2026-08-05T16:05:19,pendulum_stoch,high,dir00,fm,dir00,0.0,44,5,20,amarel,60264800,CANCELLED by 1619230,,remote,7d95b52929c1,/scratch/st1122/adaptive_roa/experiments/ensemble_epistemic/fm_high_dir00_s44,"RESTART under new hyperparams (patience 30). Amarel is a separate clone and still had patience:100, so configs/adaptive_v2/predictor/fm_ensemble.yaml was scp'd across before launch -- without that this floor seed would have trained under a different early-stopping rule than the arms it is the floor FOR, silently confounding the run-to-run floor. Amarel clone now differs from its git HEAD by that one file (local commit 74aed20)."
fm_xhigh_dir00_s44,2026-08-05T16:05:19,pendulum_stoch,xhigh,dir00,fm,dir00,0.0,44,5,20,amarel,60264801,TIMEOUT,,remote,7d95b52929c1,/scratch/st1122/adaptive_roa/experiments/ensemble_epistemic/fm_xhigh_dir00_s44,"RESTART under new hyperparams (patience 30). Amarel is a separate clone and still had patience:100, so configs/adaptive_v2/predictor/fm_ensemble.yaml was scp'd across before launch -- without that this floor seed would have trained under a different early-stopping rule than the arms it is the floor FOR, silently confounding the run-to-run floor. Amarel clone now differs from its git HEAD by that one file (local commit 74aed20). | resumed_after_preempt job=60426690 gpu=2 mem=120G"
fm_high_aleat,2026-08-05T16:03:03,pendulum_stoch,high,aleat,fm,decomp_aleat,1.0,42,5,20,ilab,200753,COMPLETED,19,local,7d95b52929c1,/common/users/shared/pracsys/adaptive_roa_experiments/ensemble_epistemic/fm_high_aleat,"RESTART after hyperparam fixes (user-authorised): EarlyStopping patience 100->30 (members were running 185/200 epochs; 1.94x speedup, val_loss cost +0.0009 = 0.91x member-to-member SD, i.e. under the noise the pooled floor absorbs) and FM member GPU placement un-pinned so visible_devices() sees all cards instead of a 1-element list. Pre-restart data preserved at _preserved_fm_prehparam_1600 (12 runs, 81 epochs)."
fm_high_dir00,2026-08-05T16:03:03,pendulum_stoch,high,dir00,fm,dir00,0.0,42,5,20,ilab,200755,COMPLETED,19,local,7d95b52929c1,/common/users/shared/pracsys/adaptive_roa_experiments/ensemble_epistemic/fm_high_dir00,"RESTART after hyperparam fixes (user-authorised): EarlyStopping patience 100->30 (members were running 185/200 epochs; 1.94x speedup, val_loss cost +0.0009 = 0.91x member-to-member SD, i.e. under the noise the pooled floor absorbs) and FM member GPU placement un-pinned so visible_devices() sees all cards instead of a 1-element list. Pre-restart data preserved at _preserved_fm_prehparam_1600 (12 runs, 81 epochs)."
fm_high_dir00_s43,2026-08-05T16:03:03,pendulum_stoch,high,dir00,fm,dir00,0.0,43,5,20,ilab,200756,CANCELLED by 1171,19,local,7d95b52929c1,/common/users/shared/pracsys/adaptive_roa_experiments/ensemble_epistemic/fm_high_dir00_s43,"RESTART after hyperparam fixes (user-authorised): EarlyStopping patience 100->30 (members were running 185/200 epochs; 1.94x speedup, val_loss cost +0.0009 = 0.91x member-to-member SD, i.e. under the noise the pooled floor absorbs) and FM member GPU placement un-pinned so visible_devices() sees all cards instead of a 1-element list. Pre-restart data preserved at _preserved_fm_prehparam_1600 (12 runs, 81 epochs)."
fm_high_epi_bald,2026-08-05T16:03:03,pendulum_stoch,high,epi_bald,fm,decomp_epi_bald,1.0,42,5,20,ilab,200752,COMPLETED,19,local,7d95b52929c1,/common/users/shared/pracsys/adaptive_roa_experiments/ensemble_epistemic/fm_high_epi_bald,"RESTART after hyperparam fixes (user-authorised): EarlyStopping patience 100->30 (members were running 185/200 epochs; 1.94x speedup, val_loss cost +0.0009 = 0.91x member-to-member SD, i.e. under the noise the pooled floor absorbs) and FM member GPU placement un-pinned so visible_devices() sees all cards instead of a 1-element list. Pre-restart data preserved at _preserved_fm_prehparam_1600 (12 runs, 81 epochs)."
fm_high_epi_var,2026-08-05T16:03:03,pendulum_stoch,high,epi_var,fm,decomp_epi_var,1.0,42,5,20,ilab,200751,FAILED,17,local,7d95b52929c1,/common/users/shared/pracsys/adaptive_roa_experiments/ensemble_epistemic/fm_high_epi_var,"RESTART after hyperparam fixes (user-authorised): EarlyStopping patience 100->30 (members were running 185/200 epochs; 1.94x speedup, val_loss cost +0.0009 = 0.91x member-to-member SD, i.e. under the noise the pooled floor absorbs) and FM member GPU placement un-pinned so visible_devices() sees all cards instead of a 1-element list. Pre-restart data preserved at _preserved_fm_prehparam_1600 (12 runs, 81 epochs)."
fm_high_total,2026-08-05T16:03:03,pendulum_stoch,high,total,fm,decomp_total,1.0,42,5,20,ilab,200750,COMPLETED,19,local,7d95b52929c1,/common/users/shared/pracsys/adaptive_roa_experiments/ensemble_epistemic/fm_high_total,"RESTART after hyperparam fixes (user-authorised): EarlyStopping patience 100->30 (members were running 185/200 epochs; 1.94x speedup, val_loss cost +0.0009 = 0.91x member-to-member SD, i.e. under the noise the pooled floor absorbs) and FM member GPU placement un-pinned so visible_devices() sees all cards instead of a 1-element list. Pre-restart data preserved at _preserved_fm_prehparam_1600 (12 runs, 81 epochs)."
fm_xhigh_aleat,2026-08-05T16:03:03,pendulum_stoch,xhigh,aleat,fm,decomp_aleat,1.0,42,5,20,arrakis,4005714,launched,19,local,7d95b52929c1,/common/users/shared/pracsys/adaptive_roa_experiments/ensemble_epistemic/fm_xhigh_aleat,"RESTART after hyperparam fixes (user-authorised): EarlyStopping patience 100->30 (members were running 185/200 epochs; 1.94x speedup, val_loss cost +0.0009 = 0.91x member-to-member SD, i.e. under the noise the pooled floor absorbs) and FM member GPU placement un-pinned so visible_devices() sees all cards instead of a 1-element list. Pre-restart data preserved at _preserved_fm_prehparam_1600 (12 runs, 81 epochs)."
fm_xhigh_dir00,2026-08-05T16:03:03,pendulum_stoch,xhigh,dir00,fm,dir00,0.0,42,5,20,arrakis,4012339,launched,19,local,7d95b52929c1,/common/users/shared/pracsys/adaptive_roa_experiments/ensemble_epistemic/fm_xhigh_dir00,"RESTART after hyperparam fixes (user-authorised): EarlyStopping patience 100->30 (members were running 185/200 epochs; 1.94x speedup, val_loss cost +0.0009 = 0.91x member-to-member SD, i.e. under the noise the pooled floor absorbs) and FM member GPU placement un-pinned so visible_devices() sees all cards instead of a 1-element list. Pre-restart data preserved at _preserved_fm_prehparam_1600 (12 runs, 81 epochs)."
fm_xhigh_epi_bald,2026-08-05T16:03:03,pendulum_stoch,xhigh,epi_bald,fm,decomp_epi_bald,1.0,42,5,20,arrakis,4005713,launched,19,local,7d95b52929c1,/common/users/shared/pracsys/adaptive_roa_experiments/ensemble_epistemic/fm_xhigh_epi_bald,"RESTART after hyperparam fixes (user-authorised): EarlyStopping patience 100->30 (members were running 185/200 epochs; 1.94x speedup, val_loss cost +0.0009 = 0.91x member-to-member SD, i.e. under the noise the pooled floor absorbs) and FM member GPU placement un-pinned so visible_devices() sees all cards instead of a 1-element list. Pre-restart data preserved at _preserved_fm_prehparam_1600 (12 runs, 81 epochs)."
fm_xhigh_epi_var,2026-08-05T16:03:03,pendulum_stoch,xhigh,epi_var,fm,decomp_epi_var,1.0,42,5,20,arrakis,4005710,launched,13,local,7d95b52929c1,/common/users/shared/pracsys/adaptive_roa_experiments/ensemble_epistemic/fm_xhigh_epi_var,"RESTART after hyperparam fixes (user-authorised): EarlyStopping patience 100->30 (members were running 185/200 epochs; 1.94x speedup, val_loss cost +0.0009 = 0.91x member-to-member SD, i.e. under the noise the pooled floor absorbs) and FM member GPU placement un-pinned so visible_devices() sees all cards instead of a 1-element list. Pre-restart data preserved at _preserved_fm_prehparam_1600 (12 runs, 81 epochs)."
fm_xhigh_total,2026-08-05T16:03:03,pendulum_stoch,xhigh,total,fm,decomp_total,1.0,42,5,20,arrakis,4005711,launched,19,local,7d95b52929c1,/common/users/shared/pracsys/adaptive_roa_experiments/ensemble_epistemic/fm_xhigh_total,"RESTART after hyperparam fixes (user-authorised): EarlyStopping patience 100->30 (members were running 185/200 epochs; 1.94x speedup, val_loss cost +0.0009 = 0.91x member-to-member SD, i.e. under the noise the pooled floor absorbs) and FM member GPU placement un-pinned so visible_devices() sees all cards instead of a 1-element list. Pre-restart data preserved at _preserved_fm_prehparam_1600 (12 runs, 81 epochs)."
fm_xhigh_dir00_s43,2026-08-05T12:44:58,pendulum_stoch,xhigh,dir00,fm,dir00,0.0,43,5,20,amarel,60263610,CANCELLED by 1619230,,remote,7d95b52929c1,/scratch/st1122/adaptive_roa/experiments/ensemble_epistemic/fm_xhigh_dir00_s43,"RELAUNCH off gpuk003 (user-authorised). Prior job 60257408 ran 15h49m on gpuk003 without completing epoch 0: data workers pegged at 2.7% CPU vs 79-99% for the identical twin s44 on gpu016, GPU util 0-18%, node loadavg 7.05 -- I/O-blocked, not GPU- or CPU-bound. Nothing to resume (no artifacts_v2.json, no dataset_builder_state.json), so the dir was cleared on Amarel and locally. Resubmitted with --exclude=gpuk003,gpu029 and time=3-00:00:00. This is the [FM] xhigh floor gate; needs epoch 2 to make the floor scoreable. | resumed_after_oom job=60444979 gpu=2 mem=120G"
clf_high_dir00_s44,2026-08-05T10:58:22,pendulum_stoch,high,dir00,clf,dir00,0.0,44,5,20,amarel,60262925,TIMEOUT,,remote,7d95b52929c1,/scratch/st1122/adaptive_roa/experiments/ensemble_epistemic/clf_high_dir00_s44,"RESUME after 10:30 Priority preemption; scripts/resume_adaptive.py continues from epoch 14 of 19 (partial epoch deleted, pool restored from dataset_builder_state.json). Pre-preemption data also backed up at _preserved_clf_high_dir00_s44_preempt_1030."
clf_low_total,2026-08-05T10:58:22,pendulum_stoch,low,total,clf,decomp_total,1.0,42,5,20,amarel,60262929,TIMEOUT,,remote,7d95b52929c1,/scratch/st1122/adaptive_roa/experiments/ensemble_epistemic/clf_low_total,RESUME after 10:30 Priority preemption; continues from epoch 10 of 19. Backup at _preserved_clf_low_total_preempt_1931.
clf_med_dir00_s43,2026-08-05T10:58:22,pendulum_stoch,med,dir00,clf,dir00,0.0,43,5,20,amarel,60262926,TIMEOUT,,remote,7d95b52929c1,/scratch/st1122/adaptive_roa/experiments/ensemble_epistemic/clf_med_dir00_s43,"RESUME after 10:30 Priority preemption; scripts/resume_adaptive.py continues from epoch 14 of 19 (partial epoch deleted, pool restored from dataset_builder_state.json). Pre-preemption data also backed up at _preserved_clf_med_dir00_s43_preempt_1030."
clf_xhigh_dir00_s43,2026-08-05T10:58:22,pendulum_stoch,xhigh,dir00,clf,dir00,0.0,43,5,20,amarel,60262927,TIMEOUT,,remote,7d95b52929c1,/scratch/st1122/adaptive_roa/experiments/ensemble_epistemic/clf_xhigh_dir00_s43,"RESUME after 10:30 Priority preemption; scripts/resume_adaptive.py continues from epoch 13 of 19 (partial epoch deleted, pool restored from dataset_builder_state.json). Pre-preemption data also backed up at _preserved_clf_xhigh_dir00_s43_preempt_1030."
clf_xhigh_dir00_s44,2026-08-05T10:58:22,pendulum_stoch,xhigh,dir00,clf,dir00,0.0,44,5,20,amarel,60262928,TIMEOUT,,remote,7d95b52929c1,/scratch/st1122/adaptive_roa/experiments/ensemble_epistemic/clf_xhigh_dir00_s44,"RESUME after 10:30 Priority preemption; scripts/resume_adaptive.py continues from epoch 13 of 19 (partial epoch deleted, pool restored from dataset_builder_state.json). Pre-preemption data also backed up at _preserved_clf_xhigh_dir00_s44_preempt_1030."
fm_high_dir00_s44,2026-08-05T10:58:22,pendulum_stoch,high,dir00,fm,dir00,0.0,44,5,20,amarel,60262936,CANCELLED by 1619230,,remote,7d95b52929c1,/scratch/st1122/adaptive_roa/experiments/ensemble_epistemic/fm_high_dir00_s44,"FRESH RELAUNCH (not resume): preempted during epoch 0, so no dataset_builder_state.json existed and resume was impossible. Old dir with 1 partial epoch deleted. gres=gpu:4 (gpu-redhat max; 5 members share 4 GPUs, matching the original placement on gpuk008). This is the [FM] high floor gate."
fm_xhigh_dir00_s44,2026-08-04T15:53:16,pendulum_stoch,xhigh,dir00,fm,dir00,0.0,44,5,20,amarel,60257445,CANCELLED by 1619230,,remote,e72ac3cbe2e7,/scratch/st1122/adaptive_roa/experiments/ensemble_epistemic/fm_xhigh_dir00_s44,"FM xhigh floor, queued WITH the arms rather than after them: without three seeds the verdict script correctly refuses to judge the level, so arms without a floor produce nothing | resumed_after_preempt job=60426690 gpu=2 mem=120G"
fm_xhigh_dir00_s43,2026-08-04T15:53:13,pendulum_stoch,xhigh,dir00,fm,dir00,0.0,43,5,20,amarel,60257408,CANCELLED by 1619230,,remote,e72ac3cbe2e7,/scratch/st1122/adaptive_roa/experiments/ensemble_epistemic/fm_xhigh_dir00_s43,"FM xhigh floor, queued WITH the arms rather than after them: without three seeds the verdict script correctly refuses to judge the level, so arms without a floor produce nothing | resumed_after_oom job=60444979 gpu=2 mem=120G"
fm_xhigh_aleat,2026-08-04T15:43:56,pendulum_stoch,xhigh,aleat,fm,aleat,1.0,42,5,20,amarel,60257307,CANCELLED by 1619230,,remote,e72ac3cbe2e7,/scratch/st1122/adaptive_roa/experiments/ensemble_epistemic/fm_xhigh_aleat,"phase-1 xhigh FM: the campaign headline is at xhigh but FM (the well-calibrated, fair test) only covered high. Queued to start when the CLF arms free ~25 GPUs in ~10h; 3-day Amarel cap means ~15 epochs | cancelled on user instruction: duplicate of the arrakis fm_xhigh arm of the same name, which runs ~2x faster with no walltime cap. Was holding queue position ahead of the rs_fm_* restoration jobs."
fm_xhigh_epi_bald,2026-08-04T15:43:54,pendulum_stoch,xhigh,epi_bald,fm,epi_bald,1.0,42,5,20,amarel,60257306,CANCELLED by 1619230,,remote,e72ac3cbe2e7,/scratch/st1122/adaptive_roa/experiments/ensemble_epistemic/fm_xhigh_epi_bald,"phase-1 xhigh FM: the campaign headline is at xhigh but FM (the well-calibrated, fair test) only covered high. Queued to start when the CLF arms free ~25 GPUs in ~10h; 3-day Amarel cap means ~15 epochs | cancelled on user instruction: duplicate of the arrakis fm_xhigh arm of the same name, which runs ~2x faster with no walltime cap. Was holding queue position ahead of the rs_fm_* restoration jobs."
fm_xhigh_dir00,2026-08-04T15:43:52,pendulum_stoch,xhigh,dir00,fm,dir00,0.0,42,5,20,amarel,60257305,CANCELLED by 1619230,,remote,e72ac3cbe2e7,/scratch/st1122/adaptive_roa/experiments/ensemble_epistemic/fm_xhigh_dir00,"phase-1 xhigh FM: the campaign headline is at xhigh but FM (the well-calibrated, fair test) only covered high. Queued to start when the CLF arms free ~25 GPUs in ~10h; 3-day Amarel cap means ~15 epochs | cancelled on user instruction: duplicate of the arrakis fm_xhigh arm of the same name, which runs ~2x faster with no walltime cap. Was holding queue position ahead of the rs_fm_* restoration jobs."
fm_xhigh_total,2026-08-04T15:43:50,pendulum_stoch,xhigh,total,fm,total,1.0,42,5,20,amarel,60257304,CANCELLED by 1619230,,remote,e72ac3cbe2e7,/scratch/st1122/adaptive_roa/experiments/ensemble_epistemic/fm_xhigh_total,"phase-1 xhigh FM: the campaign headline is at xhigh but FM (the well-calibrated, fair test) only covered high. Queued to start when the CLF arms free ~25 GPUs in ~10h; 3-day Amarel cap means ~15 epochs | cancelled on user instruction: duplicate of the arrakis fm_xhigh arm of the same name, which runs ~2x faster with no walltime cap. Was holding queue position ahead of the rs_fm_* restoration jobs."
fm_xhigh_epi_var,2026-08-04T15:43:48,pendulum_stoch,xhigh,epi_var,fm,epi_var,1.0,42,5,20,amarel,60257302,CANCELLED by 1619230,,remote,e72ac3cbe2e7,/scratch/st1122/adaptive_roa/experiments/ensemble_epistemic/fm_xhigh_epi_var,"phase-1 xhigh FM: the campaign headline is at xhigh but FM (the well-calibrated, fair test) only covered high. Queued to start when the CLF arms free ~25 GPUs in ~10h; 3-day Amarel cap means ~15 epochs | cancelled on user instruction: duplicate of the arrakis fm_xhigh arm of the same name, which runs ~2x faster with no walltime cap. Was holding queue position ahead of the rs_fm_* restoration jobs."
clf_xhigh_total_v2,2026-08-04T13:04:30,pendulum_stoch,xhigh,total,clf,total,1.0,42,5,20,amarel,60250190,TIMEOUT,,remote,e72ac3cbe2e7,/scratch/st1122/adaptive_roa/experiments/ensemble_epistemic/clf_xhigh_total,preempted at epoch 11 and auto-requeued; engine has no resume (range(n_epochs)) so the restart would have overwritten epochs 0-10 with post-seed-fix code while 11+ stayed pre-fix -- a curve stitched across two codebases. Deleted both sides and relaunched clean.
clf_det_dir00_s44,2026-08-04T12:23:27,pendulum,det,dir00,clf,dir00,0.0,44,5,20,amarel,60231677,COMPLETED,,remote,e72ac3cbe2e7,/scratch/st1122/adaptive_roa/experiments/ensemble_epistemic/clf_det_dir00_s44,"det floor: cancelled during the seed-bug cleanup and missed in the relaunch; det is the only level with all 5 arms at 19/19 | 19/19 epochs, exit 0, 2:50:27"
clf_det_dir00_s43,2026-08-04T12:23:25,pendulum,det,dir00,clf,dir00,0.0,43,5,20,amarel,60231676,COMPLETED,,remote,e72ac3cbe2e7,/scratch/st1122/adaptive_roa/experiments/ensemble_epistemic/clf_det_dir00_s43,det floor: cancelled during the seed-bug cleanup and missed in the relaunch; det is the only level with all 5 arms at 19/19
fm_high_dir00_s44,2026-08-04T12:13:28,pendulum_stoch,high,dir00,fm,dir00,0.0,44,5,20,amarel,60227234,CANCELLED by 1619230,,remote,e72ac3cbe2e7,/scratch/st1122/adaptive_roa/experiments/ensemble_epistemic/fm_high_dir00_s44,second FM floor seed; queued on Amarel (est start +14.5h) because iLab quota is full and will not free for ~26h
fm_high_dir00_s43,2026-08-04T11:15:24,pendulum_stoch,high,dir00,fm,dir00,0.0,43,5,20,ilab,199933,CANCELLED by 1171,19,local,e72ac3cbe2e7,/common/users/shared/pracsys/adaptive_roa_experiments/ensemble_epistemic/fm_high_dir00_s43,"FM floor (none existed). FM seeding verified correct: EnsembleFlowMatchingTrainer reads cfg.seed, unlike the CLF ensemble bug in 4c7c561"
clf_xhigh_epi_bald_s44,2026-08-04T10:57:28,pendulum_stoch,xhigh,epi_bald,clf,epi_bald,1.0,44,5,20,amarel,60199866,TIMEOUT,,remote,e72ac3cbe2e7,/scratch/st1122/adaptive_roa/experiments/ensemble_epistemic/clf_xhigh_epi_bald_s44,"RELAUNCH on 4c7c561: earlier replicates used member seeds 0..4 regardless of --seed, so they measured only cross-cluster float noise, not seed variance"
clf_xhigh_epi_bald_s43,2026-08-04T10:57:27,pendulum_stoch,xhigh,epi_bald,clf,epi_bald,1.0,43,5,20,amarel,60199865,TIMEOUT,,remote,e72ac3cbe2e7,/scratch/st1122/adaptive_roa/experiments/ensemble_epistemic/clf_xhigh_epi_bald_s43,"RELAUNCH on 4c7c561: earlier replicates used member seeds 0..4 regardless of --seed, so they measured only cross-cluster float noise, not seed variance"
clf_low_dir00_s44,2026-08-04T10:57:25,pendulum_stoch,low,dir00,clf,dir00,0.0,44,5,20,amarel,60199864,TIMEOUT,,remote,e72ac3cbe2e7,/scratch/st1122/adaptive_roa/experiments/ensemble_epistemic/clf_low_dir00_s44,"RELAUNCH on 4c7c561: earlier replicates used member seeds 0..4 regardless of --seed, so they measured only cross-cluster float noise, not seed variance"
clf_low_dir00_s43,2026-08-04T10:57:23,pendulum_stoch,low,dir00,clf,dir00,0.0,43,5,20,amarel,60199863,TIMEOUT,,remote,e72ac3cbe2e7,/scratch/st1122/adaptive_roa/experiments/ensemble_epistemic/clf_low_dir00_s43,"RELAUNCH on 4c7c561: earlier replicates used member seeds 0..4 regardless of --seed, so they measured only cross-cluster float noise, not seed variance"
clf_med_dir00_s44,2026-08-04T10:57:21,pendulum_stoch,med,dir00,clf,dir00,0.0,44,5,20,amarel,60199860,TIMEOUT,,remote,e72ac3cbe2e7,/scratch/st1122/adaptive_roa/experiments/ensemble_epistemic/clf_med_dir00_s44,"RELAUNCH on 4c7c561: earlier replicates used member seeds 0..4 regardless of --seed, so they measured only cross-cluster float noise, not seed variance"
clf_med_dir00_s43,2026-08-04T10:57:19,pendulum_stoch,med,dir00,clf,dir00,0.0,43,5,20,amarel,60199859,CANCELLED by 1619230,,remote,e72ac3cbe2e7,/scratch/st1122/adaptive_roa/experiments/ensemble_epistemic/clf_med_dir00_s43,"RELAUNCH on 4c7c561: earlier replicates used member seeds 0..4 regardless of --seed, so they measured only cross-cluster float noise, not seed variance"
clf_xhigh_dir00_s44,2026-08-04T10:57:17,pendulum_stoch,xhigh,dir00,clf,dir00,0.0,44,5,20,amarel,60199858,CANCELLED by 1619230,,remote,e72ac3cbe2e7,/scratch/st1122/adaptive_roa/experiments/ensemble_epistemic/clf_xhigh_dir00_s44,"RELAUNCH on 4c7c561: earlier replicates used member seeds 0..4 regardless of --seed, so they measured only cross-cluster float noise, not seed variance"
clf_xhigh_dir00_s43,2026-08-04T10:57:15,pendulum_stoch,xhigh,dir00,clf,dir00,0.0,43,5,20,amarel,60199857,CANCELLED by 1619230,,remote,e72ac3cbe2e7,/scratch/st1122/adaptive_roa/experiments/ensemble_epistemic/clf_xhigh_dir00_s43,"RELAUNCH on 4c7c561: earlier replicates used member seeds 0..4 regardless of --seed, so they measured only cross-cluster float noise, not seed variance"
clf_high_dir00_s44,2026-08-04T10:57:13,pendulum_stoch,high,dir00,clf,dir00,0.0,44,5,20,amarel,60199856,CANCELLED by 1619230,,remote,e72ac3cbe2e7,/scratch/st1122/adaptive_roa/experiments/ensemble_epistemic/clf_high_dir00_s44,"RELAUNCH on 4c7c561: earlier replicates used member seeds 0..4 regardless of --seed, so they measured only cross-cluster float noise, not seed variance"
clf_high_dir00_s43,2026-08-04T10:57:11,pendulum_stoch,high,dir00,clf,dir00,0.0,43,5,20,amarel,60199855,TIMEOUT,,remote,e72ac3cbe2e7,/scratch/st1122/adaptive_roa/experiments/ensemble_epistemic/clf_high_dir00_s43,"RELAUNCH on 4c7c561: earlier replicates used member seeds 0..4 regardless of --seed, so they measured only cross-cluster float noise, not seed variance"
clf_xhigh_epi_bald_s44,2026-08-04T07:54:29,pendulum_stoch,xhigh,epi_bald,clf,epi_bald,1.0,44,5,20,amarel,60118334,CANCELLED by 1619230,,remote,e72ac3cbe2e7,/scratch/st1122/adaptive_roa/experiments/ensemble_epistemic/clf_xhigh_epi_bald_s44,ADAPTIVE-arm floor: dir00 replicates fix the data order and so measure training noise only; the headline xhigh claim needs the acquisition-driven variance too
clf_xhigh_epi_bald_s43,2026-08-04T07:54:27,pendulum_stoch,xhigh,epi_bald,clf,epi_bald,1.0,43,5,20,amarel,60118333,CANCELLED by 1619230,,remote,e72ac3cbe2e7,/scratch/st1122/adaptive_roa/experiments/ensemble_epistemic/clf_xhigh_epi_bald_s43,ADAPTIVE-arm floor: dir00 replicates fix the data order and so measure training noise only; the headline xhigh claim needs the acquisition-driven variance too
clf_med_dir00_s44,2026-08-04T07:03:49,pendulum_stoch,med,dir00,clf,dir00,0.0,44,5,20,amarel,60098933,CANCELLED by 1619230,,remote,e72ac3cbe2e7,/scratch/st1122/adaptive_roa/experiments/ensemble_epistemic/clf_med_dir00_s44,"floor at med: diagnostics predict NO arm separation below ale_pool~0.1, so confirming that null requires a floor here"
clf_med_dir00_s43,2026-08-04T07:03:47,pendulum_stoch,med,dir00,clf,dir00,0.0,43,5,20,amarel,60098932,CANCELLED by 1619230,,remote,e72ac3cbe2e7,/scratch/st1122/adaptive_roa/experiments/ensemble_epistemic/clf_med_dir00_s43,"floor at med: diagnostics predict NO arm separation below ale_pool~0.1, so confirming that null requires a floor here"
clf_low_dir00_s44,2026-08-04T07:03:45,pendulum_stoch,low,dir00,clf,dir00,0.0,44,5,20,amarel,60098459,CANCELLED by 1619230,,remote,e72ac3cbe2e7,/scratch/st1122/adaptive_roa/experiments/ensemble_epistemic/clf_low_dir00_s44,"floor at low: diagnostics predict NO arm separation below ale_pool~0.1, so confirming that null requires a floor here"
clf_low_dir00_s43,2026-08-04T07:03:43,pendulum_stoch,low,dir00,clf,dir00,0.0,43,5,20,amarel,60098458,CANCELLED by 1619230,,remote,e72ac3cbe2e7,/scratch/st1122/adaptive_roa/experiments/ensemble_epistemic/clf_low_dir00_s43,"floor at low: diagnostics predict NO arm separation below ale_pool~0.1, so confirming that null requires a floor here"
clf_det_dir00_s44,2026-08-04T06:44:05,pendulum,det,dir00,clf,dir00,0.0,44,5,20,amarel,60089993,COMPLETED,,remote,e72ac3cbe2e7,/scratch/st1122/adaptive_roa/experiments/ensemble_epistemic/clf_det_dir00_s44,"floor for the deterministic validation case: aleatoric~0 there, so epi_* vs total is an EQUIVALENCE claim and needs a noise floor to be judged against"
clf_det_dir00_s43,2026-08-04T06:44:03,pendulum,det,dir00,clf,dir00,0.0,43,5,20,amarel,60089992,COMPLETED,,remote,e72ac3cbe2e7,/scratch/st1122/adaptive_roa/experiments/ensemble_epistemic/clf_det_dir00_s43,"floor for the deterministic validation case: aleatoric~0 there, so epi_* vs total is an EQUIVALENCE claim and needs a noise floor to be judged against"
clf_xhigh_dir00_s44,2026-08-04T06:36:12,pendulum_stoch,xhigh,dir00,clf,dir00,0.0,44,5,20,amarel,60086214,CANCELLED by 1619230,,remote,e72ac3cbe2e7,/scratch/st1122/adaptive_roa/experiments/ensemble_epistemic/clf_xhigh_dir00_s44,resubmit with --exclude=gpu029 (uncorrectable ECC)
clf_xhigh_dir00_s44,2026-08-04T06:28:33,pendulum_stoch,xhigh,dir00,clf,dir00,0.0,44,5,20,amarel,60082691,FAILED,,remote,e72ac3cbe2e7,/scratch/st1122/adaptive_roa/experiments/ensemble_epistemic/clf_xhigh_dir00_s44,"run-to-run floor at xhigh; GPUs freed from the old campaign's unanswerable xhigh-FM question | CUDA uncorrectable ECC error on Amarel gpu029 -- hardware fault, not code"
clf_high_dir00_s44,2026-08-04T06:28:32,pendulum_stoch,high,dir00,clf,dir00,0.0,44,5,20,ilab,199914,CANCELLED by 1171,15,local,e72ac3cbe2e7,/common/users/shared/pracsys/adaptive_roa_experiments/ensemble_epistemic/clf_high_dir00_s44,run-to-run floor for the new campaign; pairs with s43 (199906)
clf_xhigh_dir00_s43,2026-08-04T06:28:32,pendulum_stoch,xhigh,dir00,clf,dir00,0.0,43,5,20,amarel,60082690,CANCELLED by 1619230,,remote,e72ac3cbe2e7,/scratch/st1122/adaptive_roa/experiments/ensemble_epistemic/clf_xhigh_dir00_s43,run-to-run floor at xhigh; GPUs freed from the old campaign's unanswerable xhigh-FM question
fm_high_dir00_v3,2026-08-04T06:11:25,pendulum_stoch,high,dir00,fm,dir00,0.0,42,5,20,ilab,199913,CANCELLED by 1171,19,local,e72ac3cbe2e7,/common/users/shared/pracsys/adaptive_roa_experiments/ensemble_epistemic/fm_high_dir00,v3 resubmit: 199910 died on a mangled Hydra override from nested ssh quoting
fm_high_aleat_v3,2026-08-04T06:04:34,pendulum_stoch,high,aleat,fm,aleat,1.0,42,5,20,ilab,199912,CANCELLED by 1171,19,local,e72ac3cbe2e7,/common/users/shared/pracsys/adaptive_roa_experiments/ensemble_epistemic/fm_high_aleat,"v3: num_workers 4->1. ulimit -u is 2000 threads/user/node; 5 members x (train+val workers) x several co-located arms exhausted it, killing v2 with 'can't start new thread'/BlockingIOError"
fm_high_dir00_v3,2026-08-04T06:04:34,pendulum_stoch,high,dir00,fm,dir00,0.0,42,5,20,ilab,199910,FAILED,19,local,e72ac3cbe2e7,/common/users/shared/pracsys/adaptive_roa_experiments/ensemble_epistemic/fm_high_dir00,"v3: num_workers 4->1. ulimit -u is 2000 threads/user/node; 5 members x (train+val workers) x several co-located arms exhausted it, killing v2 with 'can't start new thread'/BlockingIOError"
fm_high_epi_bald_v3,2026-08-04T06:04:34,pendulum_stoch,high,epi_bald,fm,epi_bald,1.0,42,5,20,ilab,199911,CANCELLED by 1171,19,local,e72ac3cbe2e7,/common/users/shared/pracsys/adaptive_roa_experiments/ensemble_epistemic/fm_high_epi_bald,"v3: num_workers 4->1. ulimit -u is 2000 threads/user/node; 5 members x (train+val workers) x several co-located arms exhausted it, killing v2 with 'can't start new thread'/BlockingIOError"
fm_high_total_v3,2026-08-04T06:04:34,pendulum_stoch,high,total,fm,total,1.0,42,5,20,ilab,199909,FAILED,19,local,e72ac3cbe2e7,/common/users/shared/pracsys/adaptive_roa_experiments/ensemble_epistemic/fm_high_total,"v3: num_workers 4->1. ulimit -u is 2000 threads/user/node; 5 members x (train+val workers) x several co-located arms exhausted it, killing v2 with 'can't start new thread'/BlockingIOError | KILLED BY MY OWN EDIT at 13:30:23, epoch 5 of 19. Changed _device_for_member to take a device list; this parent was launched with the old code and passed an int, and mp.spawn children re-import from disk, so they got the new signature and died with 'object of type int has no len()'. Fixed by accepting both shapes; 3 of the 4 surviving arms have since cleared an epoch boundary. NOT relaunched -- restarting costs ~13h and is the user's call."
fm_high_epi_var_v3,2026-08-04T06:04:33,pendulum_stoch,high,epi_var,fm,epi_var,1.0,42,5,20,ilab,199908,CANCELLED by 1171,17,local,e72ac3cbe2e7,/common/users/shared/pracsys/adaptive_roa_experiments/ensemble_epistemic/fm_high_epi_var,"v3: num_workers 4->1. ulimit -u is 2000 threads/user/node; 5 members x (train+val workers) x several co-located arms exhausted it, killing v2 with 'can't start new thread'/BlockingIOError"
clf_high_dir00_s43_v2,2026-08-04T05:34:41,pendulum_stoch,high,dir00,clf,dir00,0.0,43,5,20,ilab,199906,CANCELLED by 1171,11,local,e72ac3cbe2e7,/common/users/shared/pracsys/adaptive_roa_experiments/ensemble_epistemic/clf_high_dir00_s43,seed replicate for the run-to-run floor; v1 died on an invalid enable_progress_bar override | cancelled for the num_workers=1 relaunch (v3)
fm_high_aleat_v2,2026-08-04T05:30:27,pendulum_stoch,high,aleat,fm,aleat,1.0,42,5,20,ilab,199905,CANCELLED by 1171,19,local,e72ac3cbe2e7,/common/users/shared/pracsys/adaptive_roa_experiments/ensemble_epistemic/fm_high_aleat,"v2 restart on ee40097: NaN/domain guards for all score modes + OMP thread cap (v1 dir00 died with 'can't start new thread'). v1 reached only adaptive epoch 0, nothing lost. | cancelled for the num_workers=1 relaunch (v3)"
fm_high_dir00_v2,2026-08-04T05:30:27,pendulum_stoch,high,dir00,fm,dir00,0.0,42,5,20,ilab,199903,FAILED,19,local,e72ac3cbe2e7,/common/users/shared/pracsys/adaptive_roa_experiments/ensemble_epistemic/fm_high_dir00,"v2 restart on ee40097: NaN/domain guards for all score modes + OMP thread cap (v1 dir00 died with 'can't start new thread'). v1 reached only adaptive epoch 0, nothing lost. | cancelled for the num_workers=1 relaunch (v3)"
fm_high_epi_bald_v2,2026-08-04T05:30:27,pendulum_stoch,high,epi_bald,fm,epi_bald,1.0,42,5,20,ilab,199904,CANCELLED by 1171,19,local,e72ac3cbe2e7,/common/users/shared/pracsys/adaptive_roa_experiments/ensemble_epistemic/fm_high_epi_bald,"v2 restart on ee40097: NaN/domain guards for all score modes + OMP thread cap (v1 dir00 died with 'can't start new thread'). v1 reached only adaptive epoch 0, nothing lost. | cancelled for the num_workers=1 relaunch (v3)"
fm_high_epi_var_v2,2026-08-04T05:30:27,pendulum_stoch,high,epi_var,fm,epi_var,1.0,42,5,20,ilab,199901,FAILED,17,local,e72ac3cbe2e7,/common/users/shared/pracsys/adaptive_roa_experiments/ensemble_epistemic/fm_high_epi_var,"v2 restart on ee40097: NaN/domain guards for all score modes + OMP thread cap (v1 dir00 died with 'can't start new thread'). v1 reached only adaptive epoch 0, nothing lost. | cancelled for the num_workers=1 relaunch (v3)"
fm_high_total_v2,2026-08-04T05:30:27,pendulum_stoch,high,total,fm,total,1.0,42,5,20,ilab,199902,FAILED,19,local,e72ac3cbe2e7,/common/users/shared/pracsys/adaptive_roa_experiments/ensemble_epistemic/fm_high_total,"v2 restart on ee40097: NaN/domain guards for all score modes + OMP thread cap (v1 dir00 died with 'can't start new thread'). v1 reached only adaptive epoch 0, nothing lost. | cancelled for the num_workers=1 relaunch (v3)"
fm_high_dir00,2026-08-04T05:22:10,pendulum_stoch,high,dir00,fm,dir00,0.0,42,5,20,ilab,199903,FAILED,19,local,e72ac3cbe2e7,/common/users/shared/pracsys/adaptive_roa_experiments/ensemble_epistemic/fm_high_dir00,cancelled for the num_workers=1 relaunch (v3)
fm_high_total,2026-08-04T05:20:08,pendulum_stoch,high,total,fm,total,1.0,42,5,20,ilab,199902,FAILED,19,local,e72ac3cbe2e7,/common/users/shared/pracsys/adaptive_roa_experiments/ensemble_epistemic/fm_high_total,cancelled for the num_workers=1 relaunch (v3)
fm_high_epi_var,2026-08-04T05:18:07,pendulum_stoch,high,epi_var,fm,epi_var,1.0,42,5,20,ilab,199901,FAILED,17,local,e72ac3cbe2e7,/common/users/shared/pracsys/adaptive_roa_experiments/ensemble_epistemic/fm_high_epi_var,cancelled for the num_workers=1 relaunch (v3)
clf_high_dir00_s43,2026-08-04T04:47:00,pendulum_stoch,high,dir00,clf,dir00,0.0,43,5,20,ilab,199900,FAILED,11,local,fc59486641fe,/common/users/shared/pracsys/adaptive_roa_experiments/ensemble_epistemic/clf_high_dir00_s43,seed replicate: starts the run-to-run floor for the new campaign; every other arm is seed 42
clf_det_aleat_v2,2026-08-04T04:36:33,pendulum,det,aleat,clf,aleat,1.0,42,5,20,amarel,60044525,CANCELLED by 1619230,,remote,fc59486641fe,/scratch/st1122/adaptive_roa/experiments/ensemble_epistemic/clf_det_aleat,resubmit: v1 FAILED exit 120 in <45s when Amarel home quota was exhausted; logs never written
clf_det_dir00_v2,2026-08-04T04:36:33,pendulum,det,dir00,clf,dir00,0.0,42,5,20,amarel,60044523,CANCELLED by 1619230,,remote,fc59486641fe,/scratch/st1122/adaptive_roa/experiments/ensemble_epistemic/clf_det_dir00,resubmit: v1 FAILED exit 120 in <45s when Amarel home quota was exhausted; logs never written
clf_det_epi_var_v2,2026-08-04T04:36:33,pendulum,det,epi_var,clf,epi_var,1.0,42,5,20,amarel,60044524,CANCELLED by 1619230,,remote,fc59486641fe,/scratch/st1122/adaptive_roa/experiments/ensemble_epistemic/clf_det_epi_var,resubmit: v1 FAILED exit 120 in <45s when Amarel home quota was exhausted; logs never written
clf_med_epi_bald_v2,2026-08-04T04:36:33,pendulum_stoch,med,epi_bald,clf,epi_bald,1.0,42,5,20,amarel,60044522,CANCELLED by 1619230,,remote,fc59486641fe,/scratch/st1122/adaptive_roa/experiments/ensemble_epistemic/clf_med_epi_bald,resubmit: v1 FAILED exit 120 in <45s when Amarel home quota was exhausted; logs never written
fm_high_aleat,2026-08-04T04:11:07,pendulum_stoch,high,aleat,fm,aleat,1.0,42,5,20,ilab,199897,CANCELLED by 1171,19,local,fc59486641fe,/common/users/shared/pracsys/adaptive_roa_experiments/ensemble_epistemic/fm_high_aleat,
fm_high_epi_bald,2026-08-04T04:09:05,pendulum_stoch,high,epi_bald,fm,epi_bald,1.0,42,5,20,ilab,199896,CANCELLED by 1171,19,local,fc59486641fe,/common/users/shared/pracsys/adaptive_roa_experiments/ensemble_epistemic/fm_high_epi_bald,
fm_high_dir00,2026-08-04T04:07:04,pendulum_stoch,high,dir00,fm,dir00,0.0,42,5,20,ilab,199895,FAILED,19,local,fc59486641fe,/common/users/shared/pracsys/adaptive_roa_experiments/ensemble_epistemic/fm_high_dir00,
fm_high_total,2026-08-04T04:05:02,pendulum_stoch,high,total,fm,total,1.0,42,5,20,ilab,199894,CANCELLED by 1171,19,local,fc59486641fe,/common/users/shared/pracsys/adaptive_roa_experiments/ensemble_epistemic/fm_high_total,
fm_high_epi_var,2026-08-04T04:02:59,pendulum_stoch,high,epi_var,fm,epi_var,1.0,42,5,20,ilab,199892,CANCELLED by 1171,17,local,fc59486641fe,/common/users/shared/pracsys/adaptive_roa_experiments/ensemble_epistemic/fm_high_epi_var,2x a4500; submitted by hand after the launcher's 120s ssh timeout
fm_high_epi_var_ilab,2026-08-04T03:25:07,pendulum_stoch,high,epi_var,fm,epi_var,1.0,42,5,20,ilab,199890,CANCELLED by 1171,17,local,fc59486641fe,/common/users/shared/pracsys/adaptive_roa_experiments/ensemble_epistemic/fm_high_epi_var,relocated from Amarel (est. start was 24h out); 4x a100 via --gres=gpu:a100:4; canary for the never-hardware-tested FM ensemble path
fm_high_aleat,2026-08-04T02:20:42,pendulum_stoch,high,aleat,fm,aleat,1.0,42,5,20,ilab,199888,CANCELLED by 1171,19,local,dec7987a6195,/common/users/shared/pracsys/adaptive_roa_experiments/ensemble_epistemic/fm_high_aleat,"5-GPU iLab job unschedulable (AssocGrpGRES); members now share 4 GPUs; amarel job 60038014 | amarel job 60038480, 4 GPUs w/ member sharing, progress bars off"
fm_high_epi_bald,2026-08-04T02:20:42,pendulum_stoch,high,epi_bald,fm,epi_bald,1.0,42,5,20,ilab,199889,CANCELLED by 1171,19,local,dec7987a6195,/common/users/shared/pracsys/adaptive_roa_experiments/ensemble_epistemic/fm_high_epi_bald,"5-GPU iLab job unschedulable (AssocGrpGRES); members now share 4 GPUs; amarel job 60038015 | amarel job 60038481, 4 GPUs w/ member sharing, progress bars off"
fm_high_dir00,2026-08-04T02:20:41,pendulum_stoch,high,dir00,fm,dir00,0.0,42,5,20,ilab,199887,CANCELLED by 1171,19,local,dec7987a6195,/common/users/shared/pracsys/adaptive_roa_experiments/ensemble_epistemic/fm_high_dir00,"5-GPU iLab job unschedulable (AssocGrpGRES); members now share 4 GPUs; amarel job 60038013 | amarel job 60038478, 4 GPUs w/ member sharing, progress bars off"
fm_high_epi_var,2026-08-04T02:20:41,pendulum_stoch,high,epi_var,fm,epi_var,1.0,42,5,20,ilab,199885,CANCELLED by 1171,17,local,dec7987a6195,/common/users/shared/pracsys/adaptive_roa_experiments/ensemble_epistemic/fm_high_epi_var,"5-GPU iLab job unschedulable (AssocGrpGRES); members now share 4 GPUs; amarel job 60038010 | amarel job 60038476, 4 GPUs w/ member sharing, progress bars off"
fm_high_total,2026-08-04T02:20:41,pendulum_stoch,high,total,fm,total,1.0,42,5,20,ilab,199886,CANCELLED by 1171,19,local,dec7987a6195,/common/users/shared/pracsys/adaptive_roa_experiments/ensemble_epistemic/fm_high_total,"5-GPU iLab job unschedulable (AssocGrpGRES); members now share 4 GPUs; amarel job 60038012 | amarel job 60038477, 4 GPUs w/ member sharing, progress bars off"
clf_high_aleat,2026-08-04T01:24:09,pendulum_stoch,high,aleat,clf,aleat,1.0,42,5,20,arrakis,gpu4,running,19,local,aba6a17e43a0,/common/users/shared/pracsys/adaptive_roa_experiments/ensemble_epistemic/clf_high_aleat,"arrakis is a direct box with no SLURM, so its job ids are not in sacct; liveness verified by pgrep + nvidia-smi"
clf_high_epi_bald,2026-08-04T01:24:08,pendulum_stoch,high,epi_bald,clf,epi_bald,1.0,42,5,20,arrakis,gpu4,running,19,local,aba6a17e43a0,/common/users/shared/pracsys/adaptive_roa_experiments/ensemble_epistemic/clf_high_epi_bald,"arrakis is a direct box with no SLURM, so its job ids are not in sacct; liveness verified by pgrep + nvidia-smi"
clf_high_epi_var,2026-08-04T01:24:08,pendulum_stoch,high,epi_var,clf,epi_var,1.0,42,5,20,arrakis,gpu3,running,19,local,aba6a17e43a0,/common/users/shared/pracsys/adaptive_roa_experiments/ensemble_epistemic/clf_high_epi_var,"arrakis is a direct box with no SLURM, so its job ids are not in sacct; liveness verified by pgrep + nvidia-smi"
clf_high_dir00,2026-08-04T01:24:07,pendulum_stoch,high,dir00,clf,dir00,0.0,42,5,20,arrakis,gpu1,running,19,local,aba6a17e43a0,/common/users/shared/pracsys/adaptive_roa_experiments/ensemble_epistemic/clf_high_dir00,"arrakis is a direct box with no SLURM, so its job ids are not in sacct; liveness verified by pgrep + nvidia-smi"
clf_high_total,2026-08-04T01:24:07,pendulum_stoch,high,total,clf,total,1.0,42,5,20,arrakis,gpu2,running,19,local,aba6a17e43a0,/common/users/shared/pracsys/adaptive_roa_experiments/ensemble_epistemic/clf_high_total,"arrakis is a direct box with no SLURM, so its job ids are not in sacct; liveness verified by pgrep + nvidia-smi"
clf_det_aleat,2026-08-04T01:21:52,pendulum,det,aleat,clf,aleat,1.0,42,5,20,amarel,60036451,FAILED,,remote,aba6a17e43a0,/scratch/st1122/adaptive_roa/experiments/ensemble_epistemic/clf_det_aleat,
clf_det_epi_bald,2026-08-04T01:21:50,pendulum,det,epi_bald,clf,epi_bald,1.0,42,5,20,amarel,60036450,COMPLETED,,remote,aba6a17e43a0,/scratch/st1122/adaptive_roa/experiments/ensemble_epistemic/clf_det_epi_bald,
clf_det_epi_var,2026-08-04T01:21:48,pendulum,det,epi_var,clf,epi_var,1.0,42,5,20,amarel,60036449,FAILED,,remote,aba6a17e43a0,/scratch/st1122/adaptive_roa/experiments/ensemble_epistemic/clf_det_epi_var,
clf_det_total,2026-08-04T01:21:46,pendulum,det,total,clf,total,1.0,42,5,20,amarel,60036448,COMPLETED,,remote,aba6a17e43a0,/scratch/st1122/adaptive_roa/experiments/ensemble_epistemic/clf_det_total,
clf_det_dir00,2026-08-04T01:21:44,pendulum,det,dir00,clf,dir00,0.0,42,5,20,amarel,60036447,FAILED,,remote,aba6a17e43a0,/scratch/st1122/adaptive_roa/experiments/ensemble_epistemic/clf_det_dir00,
clf_low_aleat,2026-08-04T01:21:43,pendulum_stoch,low,aleat,clf,aleat,1.0,42,5,20,amarel,60036446,TIMEOUT,,remote,aba6a17e43a0,/scratch/st1122/adaptive_roa/experiments/ensemble_epistemic/clf_low_aleat,hit the 24h Amarel walltime; TIMEOUT does not requeue so this data is final and clean | timeout
clf_low_epi_bald,2026-08-04T01:21:41,pendulum_stoch,low,epi_bald,clf,epi_bald,1.0,42,5,20,amarel,60036445,TIMEOUT,,remote,aba6a17e43a0,/scratch/st1122/adaptive_roa/experiments/ensemble_epistemic/clf_low_epi_bald,hit the 24h Amarel walltime; TIMEOUT does not requeue so this data is final and clean | timeout
clf_low_epi_var,2026-08-04T01:21:39,pendulum_stoch,low,epi_var,clf,epi_var,1.0,42,5,20,amarel,60036444,TIMEOUT,,remote,aba6a17e43a0,/scratch/st1122/adaptive_roa/experiments/ensemble_epistemic/clf_low_epi_var,
clf_low_total,2026-08-04T01:21:37,pendulum_stoch,low,total,clf,total,1.0,42,5,20,amarel,60036443,CANCELLED by 1619230,,remote,aba6a17e43a0,/scratch/st1122/adaptive_roa/experiments/ensemble_epistemic/clf_low_total,
clf_low_dir00,2026-08-04T01:21:35,pendulum_stoch,low,dir00,clf,dir00,0.0,42,5,20,amarel,60036442,TIMEOUT,,remote,aba6a17e43a0,/scratch/st1122/adaptive_roa/experiments/ensemble_epistemic/clf_low_dir00,hit the 24h Amarel walltime; TIMEOUT does not requeue so this data is final and clean | timeout
clf_med_aleat,2026-08-04T01:21:34,pendulum_stoch,med,aleat,clf,aleat,1.0,42,5,20,amarel,60036441,TIMEOUT,,remote,aba6a17e43a0,/scratch/st1122/adaptive_roa/experiments/ensemble_epistemic/clf_med_aleat,hit the 24h Amarel walltime; TIMEOUT does not requeue so this data is final and clean | timeout
clf_med_epi_bald,2026-08-04T01:21:32,pendulum_stoch,med,epi_bald,clf,epi_bald,1.0,42,5,20,amarel,60036440,FAILED,,remote,aba6a17e43a0,/scratch/st1122/adaptive_roa/experiments/ensemble_epistemic/clf_med_epi_bald,
clf_med_epi_var,2026-08-04T01:21:30,pendulum_stoch,med,epi_var,clf,epi_var,1.0,42,5,20,amarel,60036439,TIMEOUT,,remote,aba6a17e43a0,/scratch/st1122/adaptive_roa/experiments/ensemble_epistemic/clf_med_epi_var,hit the 24h Amarel walltime; TIMEOUT does not requeue so this data is final and clean | timeout
clf_med_total,2026-08-04T01:21:28,pendulum_stoch,med,total,clf,total,1.0,42,5,20,amarel,60036438,TIMEOUT,,remote,aba6a17e43a0,/scratch/st1122/adaptive_roa/experiments/ensemble_epistemic/clf_med_total,hit the 24h Amarel walltime; TIMEOUT does not requeue so this data is final and clean | timeout
clf_med_dir00,2026-08-04T01:21:26,pendulum_stoch,med,dir00,clf,dir00,0.0,42,5,20,amarel,60036437,TIMEOUT,,remote,aba6a17e43a0,/scratch/st1122/adaptive_roa/experiments/ensemble_epistemic/clf_med_dir00,
clf_xhigh_aleat,2026-08-04T01:21:25,pendulum_stoch,xhigh,aleat,clf,aleat,1.0,42,5,20,amarel,60036436,TIMEOUT,,remote,aba6a17e43a0,/scratch/st1122/adaptive_roa/experiments/ensemble_epistemic/clf_xhigh_aleat,hit the 24h Amarel walltime; TIMEOUT does not requeue so this data is final and clean | timeout
clf_xhigh_epi_bald,2026-08-04T01:21:23,pendulum_stoch,xhigh,epi_bald,clf,epi_bald,1.0,42,5,20,amarel,60036435,TIMEOUT,,remote,aba6a17e43a0,/scratch/st1122/adaptive_roa/experiments/ensemble_epistemic/clf_xhigh_epi_bald,hit the 24h Amarel walltime; TIMEOUT does not requeue so this data is final and clean | timeout
clf_xhigh_epi_var,2026-08-04T01:21:21,pendulum_stoch,xhigh,epi_var,clf,epi_var,1.0,42,5,20,amarel,60036434,TIMEOUT,,remote,aba6a17e43a0,/scratch/st1122/adaptive_roa/experiments/ensemble_epistemic/clf_xhigh_epi_var,
clf_xhigh_total,2026-08-04T01:21:19,pendulum_stoch,xhigh,total,clf,total,1.0,42,5,20,amarel,60036433,CANCELLED by 1619230,,remote,aba6a17e43a0,/scratch/st1122/adaptive_roa/experiments/ensemble_epistemic/clf_xhigh_total,
clf_xhigh_dir00,2026-08-04T01:21:17,pendulum_stoch,xhigh,dir00,clf,dir00,0.0,42,5,20,amarel,60036432,TIMEOUT,,remote,aba6a17e43a0,/scratch/st1122/adaptive_roa/experiments/ensemble_epistemic/clf_xhigh_dir00,hit the 24h Amarel walltime; TIMEOUT does not requeue so this data is final and clean | timeout
clf_high_aleat,2026-08-04T01:21:15,pendulum_stoch,high,aleat,clf,aleat,1.0,42,5,20,amarel,60036431,CANCELLED by 1619230,,remote,aba6a17e43a0,/scratch/st1122/adaptive_roa/experiments/ensemble_epistemic/clf_high_aleat,
clf_high_epi_bald,2026-08-04T01:21:13,pendulum_stoch,high,epi_bald,clf,epi_bald,1.0,42,5,20,amarel,60036430,CANCELLED by 1619230,,remote,aba6a17e43a0,/scratch/st1122/adaptive_roa/experiments/ensemble_epistemic/clf_high_epi_bald,
clf_high_epi_var,2026-08-04T01:21:11,pendulum_stoch,high,epi_var,clf,epi_var,1.0,42,5,20,amarel,60036429,CANCELLED by 1619230,,remote,aba6a17e43a0,/scratch/st1122/adaptive_roa/experiments/ensemble_epistemic/clf_high_epi_var,
clf_high_total,2026-08-04T01:21:09,pendulum_stoch,high,total,clf,total,1.0,42,5,20,amarel,60036428,CANCELLED by 1619230,,remote,aba6a17e43a0,/scratch/st1122/adaptive_roa/experiments/ensemble_epistemic/clf_high_total,
clf_high_dir00,2026-08-04T01:21:07,pendulum_stoch,high,dir00,clf,dir00,0.0,42,5,20,amarel,60036427,CANCELLED by 1619230,,remote,aba6a17e43a0,/scratch/st1122/adaptive_roa/experiments/ensemble_epistemic/clf_high_dir00,
