predictor,level,arm,epoch,AURC,K,KL,M,MAE,REL,REL_debiased,RES,SHARP,SHARP_star,UNC,UNC_debiased,VAR_debiased,acc@0.25,acc@0.5,acc@0.75,bias,brier_debiased,brier_debiased_se,brier_raw,decomp_gap,f1@0.25,f1@0.5,f1@0.75,log_score,log_score_climatology,log_score_oracle,mean_p_invalid,n_bins_used,n_points,prec@0.25,prec@0.5,prec@0.75,rec@0.25,rec@0.5,rec@0.75,risk@0.2,risk@0.5,risk@0.8,risk@1,roa_frac_pred@0.25,roa_frac_pred@0.5,roa_frac_pred@0.75,roa_frac_true@0.25,roa_frac_true@0.5,roa_frac_true@0.75,run_dir,sAUROC,skill_score
clf,noisy_dynamics_f_0.150,clf_dir00,0,0.0010239139209039323,1.0,0.04951982135215444,50.0,0.03433345054270788,0.0009981195681649348,0.0009981195681649348,0.011788294720865004,0.019689304072237145,0.019765205461703593,0.023354387718783075,0.022959083609549003,0.022959083609549003,0.948398150020113,0.9607285702673467,0.9892932101402908,-0.013313103777459919,0.01166121977317252,7.404016307713525e-05,0.012056523882406588,-0.0005076886836764168,0.5572128626104375,0.3697062955777079,0.11720226843100189,0.10797890150015833,0.18267882128800783,0.059337315600780045,0.0,20,479789,0.6961612369844036,0.7272966570150039,0.5692821368948247,0.46450189343113574,0.24784714747039827,0.06532567049808428,1.4819407467492213e-05,2.147186121762591e-05,0.0007329970756055778,0.011661219773172686,0.04663925183778703,0.01583612796458443,0.0012484654712800836,0.06989947664494184,0.04647042762547703,0.01087978257108854,/common/users/shared/pracsys/adaptive_roa_experiments/quadrotor_stoch/q2d_nd_clf_dir00,0.9526418025051361,0.492086880666158
clf,noisy_dynamics_f_0.150,clf_dir00,1,0.0008199513931263039,1.0,0.04327452406008361,50.0,0.032115290879875684,0.001088325057934896,0.001088325057934896,0.013195754696262418,0.0188724179275325,0.019765205461703593,0.023354387718783075,0.022959083609549003,0.022959083609549003,0.9525145428511284,0.9616810723047006,0.9888555177380056,-0.013577677377119589,0.010523116981069,6.741954412805225e-05,0.010918421090303073,-0.0003285369901524799,0.5904768752359212,0.3910033455894531,0.19630241996091988,0.10173360420802635,0.18267882128800783,0.059337315600780045,0.0,20,479789,0.7433472121650978,0.74775117192449,0.4556873691556176,0.4897575811789963,0.2647111589522784,0.12509578544061303,1.4487629328641607e-05,1.6554810529400996e-05,0.000450159173300577,0.01052311698106915,0.046053577718538775,0.016450981577318363,0.0029867295832126206,0.06989947664494184,0.04647042762547703,0.01087978257108854,/common/users/shared/pracsys/adaptive_roa_experiments/quadrotor_stoch/q2d_nd_clf_dir00,0.9597296884378188,0.5416577961024416
clf,noisy_dynamics_f_0.150,clf_dir00,2,0.0008135300647238835,1.0,0.049612839765387544,50.0,0.031689187471328026,0.002466983669663929,0.002466983669663929,0.014135300591385755,0.014624690867698516,0.019765205461703593,0.023354387718783075,0.022959083609549003,0.022959083609549003,0.9521852314246471,0.9610266179508076,0.988663766780814,-0.020337568584401566,0.01127852743084844,7.287752437346021e-05,0.01167383154008251,-1.223925697873933e-05,0.5445051126774546,0.3508869372027632,0.16464444785747195,0.10807191991320696,0.18267882128800783,0.059337315600780045,0.0,20,479789,0.8148324221535536,0.7762248502534173,0.41518202943454685,0.4088618540716224,0.22667743092931467,0.10268199233716475,1.3824075189646876e-05,1.2753878425619356e-05,0.00029758462656735767,0.01127852743084847,0.035073751169785054,0.013570548720374997,0.002690766149286457,0.06989947664494184,0.04647042762547703,0.01087978257108854,/common/users/shared/pracsys/adaptive_roa_experiments/quadrotor_stoch/q2d_nd_clf_dir00,0.9638292338352783,0.5087553308897075
clf,noisy_dynamics_f_0.150,clf_dir00,3,0.0007042182910316128,1.0,0.04226925131764022,50.0,0.02966747063551072,0.0012924496873894494,0.0012924496873894494,0.014493150907195104,0.016880927895677963,0.019765205461703593,0.023354387718783075,0.022959083609549003,0.022959083609549003,0.9575834377194975,0.9638611973179877,0.9886408400359324,-0.015110398539960197,0.009504000618003508,6.326992841025698e-05,0.009899304727237579,-0.0002543817717398419,0.6321953335381613,0.44281628587036853,0.22563228189826656,0.10072833146548586,0.18267882128800783,0.059337315600780045,0.0,20,479789,0.8025144535193173,0.7809135214779553,0.4367436743674367,0.521513552196082,0.30902404018658053,0.15210727969348659,1.4496137951250288e-05,1.2770893004750053e-05,0.00019930894233925026,0.009504000618003529,0.04542413435906201,0.018389333644581264,0.0037891656540687676,0.06989947664494184,0.04647042762547703,0.01087978257108854,/common/users/shared/pracsys/adaptive_roa_experiments/quadrotor_stoch/q2d_nd_clf_dir00,0.964987833761983,0.5860461689311214
clf,noisy_dynamics_f_0.150,clf_dir00,4,0.0006400088271492187,1.0,0.035593127433896386,50.0,0.029782624254784104,0.0005488030401584312,0.0005488030401584312,0.014338374228422934,0.020436920626424448,0.019765205461703593,0.023354387718783075,0.022959083609549003,0.022959083609549003,0.9581795330864192,0.9642530362305096,0.988886781481026,-0.009887296480708374,0.008793369710611343,5.769580556979118e-05,0.009188673819845415,-0.0003761427106731569,0.6634349262794169,0.46754214398807853,0.20107881330536412,0.0940522075818254,0.18267882128800783,0.059337315600780045,0.0,20,479789,0.758282208588957,0.7594553706505295,0.4614855570839065,0.5896770730834601,0.33772874058127017,0.128544061302682,1.0948667468309643e-05,1.2753877916105403e-05,0.00019915142838001135,0.008793369710611391,0.05435722786474888,0.020665334136464153,0.0030304988234411377,0.06989947664494184,0.04647042762547703,0.01087978257108854,/common/users/shared/pracsys/adaptive_roa_experiments/quadrotor_stoch/q2d_nd_clf_dir00,0.964690582564579,0.6169982277971209
clf,noisy_dynamics_f_0.150,clf_dir00,5,0.0006887869205408857,1.0,0.03730540989833253,50.0,0.029874290725883355,0.0006541400370613591,0.0006541400370613591,0.014182077924441719,0.01980240347676058,0.019765205461703593,0.023354387718783075,0.022959083609549003,0.022959083609549003,0.9582483133210641,0.9643030582193423,0.9888221697454506,-0.011167313024014629,0.009049310319053813,6.033253541940665e-05,0.009444614428287885,-0.0003818354031148302,0.6561620322691383,0.4593920646444241,0.20747746416432686,0.0957644900462585,0.18267882128800783,0.059337315600780045,0.0,20,479789,0.7731262387250738,0.7753862546616942,0.453781512605042,0.5699376807704923,0.3263814137064944,0.13448275862068965,1.0948667307762315e-05,1.2665403280990465e-05,0.0002152671624880026,0.009049310319053977,0.0515289012461728,0.01956068188307777,0.0032243340301674277,0.06989947664494184,0.04647042762547703,0.01087978257108854,/common/users/shared/pracsys/adaptive_roa_experiments/quadrotor_stoch/q2d_nd_clf_dir00,0.9642253791097792,0.6058505438217892
clf,noisy_dynamics_f_0.150,clf_dir00,6,0.0006608468294215065,1.0,0.035549745471702365,50.0,0.029979143205608284,0.0004862083918349936,0.0004862083918349936,0.014073682278656505,0.02100660784165368,0.019765205461703593,0.023354387718783075,0.022959083609549003,0.022959083609549003,0.957627206959726,0.9642926369716688,0.9890660269410095,-0.00921809825432601,0.008868885829608318,5.868044442506259e-05,0.009264189938842388,-0.0005027238931191759,0.662123982050856,0.46622632103688927,0.21349325337331332,0.09400882561965362,0.18267882128800783,0.059337315600780045,0.0,20,479789,0.747944279653062,0.7634693877551021,0.4910344827586207,0.593970838178728,0.33557588805166844,0.1363984674329502,1.0999709788407287e-05,1.2665401506240637e-05,0.00022846175913793744,0.008868885829608288,0.05550981785743316,0.020425645439974657,0.0030221618253023727,0.06989947664494184,0.04647042762547703,0.01087978257108854,/common/users/shared/pracsys/adaptive_roa_experiments/quadrotor_stoch/q2d_nd_clf_dir00,0.9641697992714772,0.6137090669455281
clf,noisy_dynamics_f_0.150,clf_dir00,7,0.0006383027204593999,1.0,0.03511748665151004,50.0,0.028588843719799667,0.0006128564798555652,0.0006128564798555652,0.014711674889529342,0.019658098014036965,0.019765205461703593,0.023354387718783075,0.022959083609549003,0.022959083609549003,0.9602950463641309,0.9663018535231112,0.9890952064344951,-0.011058178391037557,0.008302346940668196,5.648124100219872e-05,0.008697651049902267,-0.0005579182592070318,0.6727703724062113,0.49383257153590887,0.24632670700086431,0.09357656679943036,0.18267882128800783,0.059337315600780045,0.0,20,479789,0.7935086510798655,0.817644619531412,0.4965156794425087,0.5839222351432746,0.353740581270183,0.16379310344827586,1.3824075003518653e-05,1.2665403725430225e-05,0.00022249385006152354,0.00830234694066823,0.05143719426664638,0.020104671011632196,0.003589077698738404,0.06989947664494184,0.04647042762547703,0.01087978257108854,/common/users/shared/pracsys/adaptive_roa_experiments/quadrotor_stoch/q2d_nd_clf_dir00,0.9657600938099202,0.6383850905436341
clf,noisy_dynamics_f_0.150,clf_dir00,8,0.0006799716344105922,1.0,0.038166006650112196,50.0,0.028275816094267252,0.0009047045311008755,0.0009047045311008755,0.014752892125408045,0.01836909470877378,0.019765205461703593,0.023354387718783075,0.022959083609549003,0.022959083609549003,0.9601303906508903,0.9657807911394384,0.9893828328702826,-0.013461931827344663,0.008551281377552598,5.891589207317307e-05,0.008946585486786666,-0.0005596146376892399,0.6635949562984718,0.4776660727920591,0.20654205607476636,0.09662508679799213,0.18267882128800783,0.059337315600780045,0.0,20,479789,0.8088399211180657,0.8216943957968477,0.5525,0.5625726809195813,0.336697165410836,0.12701149425287356,1.094866755506642e-05,1.2665404565409915e-05,0.00033501247687651986,0.00855128137755261,0.04861720464620906,0.01904170374893964,0.0025010994416295495,0.06989947664494184,0.04647042762547703,0.01087978257108854,/common/users/shared/pracsys/adaptive_roa_experiments/quadrotor_stoch/q2d_nd_clf_dir00,0.9654146914546083,0.6275425655928184
clf,noisy_dynamics_f_0.150,clf_dir00,9,0.000703369320335481,1.0,0.03841790139374322,50.0,0.026854118953404157,0.0005806276133941899,0.0005806276133941899,0.014937447008012058,0.018589075664093846,0.019765205461703593,0.023354387718783075,0.022959083609549003,0.022959083609549003,0.9622167244351163,0.968942597683565,0.9889993309558993,-0.01110630157301268,0.007990685253778261,5.8223304021270745e-05,0.008385989363012332,-0.0006115789611528758,0.6898333504431442,0.5582663860314826,0.2470756062767475,0.09687698154160584,0.18267882128800783,0.059337315600780045,0.0,20,479789,0.8093058733790999,0.8232928215441112,0.48379888268156424,0.6010972955243462,0.4223179045568712,0.16590038314176245,1.0923146221006293e-05,1.2668807847607473e-05,0.0006627591235848063,0.007990685253778322,0.05191657165962538,0.0238375619282643,0.0037308066670974117,0.06989947664494184,0.04647042762547703,0.01087978257108854,/common/users/shared/pracsys/adaptive_roa_experiments/quadrotor_stoch/q2d_nd_clf_dir00,0.9646861761338956,0.651959747624473
clf,noisy_dynamics_f_0.150,clf_dir00,10,0.0007064716316578392,1.0,0.0395447057209184,50.0,0.02795033748018861,0.0011255553102683712,0.0011255553102683712,0.014950362590516448,0.017697034099157863,0.019765205461703593,0.023354387718783075,0.022959083609549003,0.022959083609549003,0.9608994787291913,0.9654410584652837,0.9894703713507396,-0.015071042493887996,0.00854135951988786,5.949323341417636e-05,0.008936663629121929,-0.0005929168094130702,0.6627112549442646,0.4599902296042989,0.17396991497710923,0.09800378586877756,0.18267882128800783,0.059337315600780045,0.0,20,479789,0.8345786351492098,0.8398144844809133,0.59375,0.5495422965679697,0.3167384284176534,0.10191570881226053,1.153565908986536e-05,1.2665405011809353e-05,0.00045422797275986417,0.00854135951988782,0.046026482474587786,0.01752645433721907,0.001867487583083397,0.06989947664494184,0.04647042762547703,0.01087978257108854,/common/users/shared/pracsys/adaptive_roa_experiments/quadrotor_stoch/q2d_nd_clf_dir00,0.965459977617271,0.6279747194990226
clf,noisy_dynamics_f_0.150,clf_dir00,11,0.0006622602308539663,1.0,0.0372499279845029,50.0,0.026805228120973572,0.0007648912706877389,0.0007648912706877389,0.015121011204180846,0.018226553164895548,0.019765205461703593,0.023354387718783075,0.022959083609549003,0.022959083609549003,0.9621479442004714,0.9682756378324638,0.9890889536858911,-0.012428276059226116,0.00797065824860873,5.7223061412275565e-05,0.008365962357842798,-0.0006323054274471711,0.6845350796435582,0.537538358703248,0.20476986176515266,0.09570900813235078,0.18267882128800783,0.059337315600780045,0.0,20,479789,0.8199067909454061,0.8331920504850712,0.4944974321349963,0.5875301905358261,0.39675278076785075,0.12911877394636015,1.0923146221467033e-05,1.2668807829657038e-05,0.00045448348182327496,0.007970658248608748,0.050088684817701117,0.02212847730981744,0.00284083211578423,0.06989947664494184,0.04647042762547703,0.01087978257108854,/common/users/shared/pracsys/adaptive_roa_experiments/quadrotor_stoch/q2d_nd_clf_dir00,0.9662576997596452,0.652832038762487
clf,noisy_dynamics_f_0.150,clf_dir00,12,0.000682291557429644,1.0,0.03816919730560072,50.0,0.02734623143610942,0.0006206786842711275,0.0006206786842711275,0.014865508670555668,0.018871446319877885,0.019765205461703593,0.023354387718783075,0.022959083609549003,0.022959083609549003,0.9617185887963251,0.967498212756024,0.9892661148963399,-0.01161047839635193,0.008077852278680136,5.7183075449623e-05,0.008473156387914208,-0.0006364013445843263,0.6878112623867557,0.5266800218539428,0.18202033036848794,0.096628277453462,0.18267882128800783,0.059337315600780045,0.0,20,479789,0.7998497786211258,0.8146478873239437,0.5325278810408922,0.6033038136983033,0.3891280947255113,0.10977011494252874,1.0923146221907036e-05,1.266540504271215e-05,0.0004666602634658251,0.008077852278680188,0.05272317622955091,0.022197257544462255,0.0022426524993278294,0.06989947664494184,0.04647042762547703,0.01087978257108854,/common/users/shared/pracsys/adaptive_roa_experiments/quadrotor_stoch/q2d_nd_clf_dir00,0.9651403329990706,0.6481631228817668
clf,noisy_dynamics_f_0.150,clf_dir00,13,0.000669474103827452,1.0,0.037135621655217714,50.0,0.02706590727890021,0.0012105115048280342,0.0012105115048280342,0.015432471295849279,0.017649770425488383,0.019765205461703593,0.023354387718783075,0.022959083609549003,0.022959083609549003,0.962616900345777,0.9660788388228992,0.9892411039019235,-0.015268586364091006,0.008080356086890231,5.6952959371923225e-05,0.008475660196124299,-0.0006567677316375326,0.6784510577267838,0.4699215060417549,0.11670088980150581,0.09559470180306362,0.18267882128800783,0.059337315600780045,0.0,20,479789,0.8506946005484871,0.8580944451052694,0.5464743589743589,0.5642126606434684,0.3235557947613922,0.06532567049808428,2.0689323686499822e-05,1.2668807891168416e-05,0.0004292296306704668,0.0080803560868903,0.04635996240013839,0.017522285838149687,0.0013005717096473658,0.06989947664494184,0.04647042762547703,0.01087978257108854,/common/users/shared/pracsys/adaptive_roa_experiments/quadrotor_stoch/q2d_nd_clf_dir00,0.9670382956071237,0.6480540676488717
clf,noisy_dynamics_f_0.150,clf_dir00,14,0.0006419893507711594,1.0,0.035593658193188736,50.0,0.026517737809352307,0.0010786355913326123,0.0010786355913326123,0.01556912485984465,0.018117927301884582,0.019765205461703593,0.023354387718783075,0.022959083609549003,0.022959083609549003,0.9637048786028859,0.9671522273332652,0.9894557816039967,-0.01450101446950598,0.007714508018189018,5.50327172007273e-05,0.008109812127423094,-0.0007540863228479439,0.6912630309907098,0.49131753921631915,0.11354476958121604,0.09405273834103911,0.18267882128800783,0.059337315600780045,0.0,20,479789,0.8525385927318844,0.8762376237623762,0.6652977412731006,0.5812982675850553,0.34136167922497307,0.06206896551724138,1.6061448651872328e-05,1.2668807898144068e-05,0.00043033846939819924,0.0077145080181889895,0.04766053410978576,0.018103791458328557,0.001015029523394659,0.06989947664494184,0.04647042762547703,0.01087978257108854,/common/users/shared/pracsys/adaptive_roa_experiments/quadrotor_stoch/q2d_nd_clf_dir00,0.967566046817706,0.6639888529792868
clf,noisy_dynamics_f_0.150,clf_dir00,15,0.0006252979553049537,1.0,0.03542040934374347,50.0,0.02605092377539196,0.0012022631818265992,0.0012022631818265992,0.015831612251335007,0.017727740845305293,0.019765205461703593,0.023354387718783075,0.022959083609549003,0.022959083609549003,0.9646011059028031,0.9672105863202366,0.9894495288553927,-0.015102606981174618,0.007553819765957019,5.448452301464237e-05,0.00794912387519109,-0.0007759147740835776,0.6972980680116918,0.4905110434613641,0.09380594343000359,0.09387948949158641,0.18267882128800783,0.059337315600780045,0.0,20,479789,0.8666873421647247,0.8824283383826614,0.7158469945355191,0.5832960610668814,0.3396573376390384,0.050191570881226055,2.0042782320831277e-05,1.2665405047780693e-05,0.00035029100683054776,0.007553819765957081,0.04704359624751714,0.017887029506720664,0.0007628353296970126,0.06989947664494184,0.04647042762547703,0.01087978257108854,/common/users/shared/pracsys/adaptive_roa_experiments/quadrotor_stoch/q2d_nd_clf_dir00,0.9683564722805056,0.6709877495800712
clf,noisy_dynamics_f_0.150,clf_dir00,16,0.0006183983885416677,1.0,0.034785652444566044,50.0,0.026198105202282745,0.0009707055440756255,0.0009707055440756255,0.015660153356011217,0.018316576323426197,0.019765205461703593,0.023354387718783075,0.022959083609549003,0.022959083609549003,0.9645114831728114,0.9671459745846612,0.9893286423823806,-0.013810988925553377,0.007554014120431016,5.418897167254658e-05,0.00794931822966509,-0.0007156216771823948,0.7028498630041361,0.4997619878772492,0.09572589191098553,0.09324473259241091,0.18267882128800783,0.059337315600780045,0.0,20,479789,0.8473741794310722,0.8544763971785133,0.6131221719457014,0.6004413036347914,0.35315751704341586,0.051915708812260535,1.0923146222874802e-05,1.2665405040060077e-05,0.00033411037713782746,0.0075540141204310796,0.04953010594240385,0.01920635946218025,0.0009212382943335508,0.06989947664494184,0.04647042762547703,0.01087978257108854,/common/users/shared/pracsys/adaptive_roa_experiments/quadrotor_stoch/q2d_nd_clf_dir00,0.9682067325421225,0.6709792843260871
clf,noisy_dynamics_f_0.150,clf_dir00,17,0.0006142136646841544,1.0,0.035881638585361364,50.0,0.026440314938028193,0.0012973191987457082,0.0012973191987457082,0.015760378699718892,0.017398265740649625,0.019765205461703593,0.023354387718783075,0.022959083609549003,0.022959083609549003,0.9634401789119801,0.9664102344989152,0.9892932101402908,-0.015496309401198855,0.007834600415303703,5.557958758970953e-05,0.008229904524537776,-0.0006614236932721163,0.6865159503172191,0.47858159699754105,0.07757227509427186,0.09434071873318016,0.18267882128800783,0.059337315600780045,0.0,20,479789,0.8567668837541261,0.8588016720854621,0.6189111747851003,0.5727107373945195,0.331718693936132,0.041379310344827586,5.784843792588207e-07,1.2512276690440604e-05,0.00020145588624035117,0.007834600415303766,0.04672470606870937,0.017949556992761403,0.0007274030876072607,0.06989947664494184,0.04647042762547703,0.01087978257108854,/common/users/shared/pracsys/adaptive_roa_experiments/quadrotor_stoch/q2d_nd_clf_dir00,0.9690504667718592,0.6587581391077306
clf,noisy_dynamics_f_0.150,clf_dir00,18,0.0006226518573203271,1.0,0.03442199967115002,50.0,0.02652975910984973,0.0006751015264286093,0.0006751015264286093,0.015415050842607516,0.01897571180907952,0.019765205461703593,0.023354387718783075,0.022959083609549003,0.022959083609549003,0.9638174280777592,0.9674356852699832,0.9889534774661362,-0.011673052524197286,0.007685975155341249,5.5064788791552806e-05,0.008081279264575322,-0.0005331591380288471,0.7043798106396021,0.5273761268074294,0.11930874044533069,0.09288107981901164,0.18267882128800783,0.059337315600780045,0.0,20,479789,0.8211378885933219,0.8099795577030292,0.449874686716792,0.616692011807854,0.3909669895945461,0.06877394636015326,9.162171714276707e-06,1.2665405007963502e-05,0.00034914960473979854,0.007685975155341188,0.052495993030269555,0.022430693492347678,0.0016632311286836506,0.06989947664494184,0.04647042762547703,0.01087978257108854,/common/users/shared/pracsys/adaptive_roa_experiments/quadrotor_stoch/q2d_nd_clf_dir00,0.9674585913135422,0.665231623088626
clf,noisy_dynamics_f_0.150,clf_dir00,19,0.0006571627287697186,1.0,0.03730054193301751,50.0,0.027068945733947695,0.0010139058545605944,0.0010139058545605944,0.015362482497824,0.017713683482228963,0.019765205461703593,0.023354387718783075,0.022959083609549003,0.022959083609549003,0.9622813361706917,0.9658704138694301,0.9888930342296302,-0.01401370511640248,0.008207852266484492,5.796952710401304e-05,0.008603156375718566,-0.00040265469980110477,0.6798407784166298,0.4865322504781913,0.14393574297188755,0.09575962208084833,0.18267882128800783,0.059337315600780045,0.0,20,479789,0.8358273882025404,0.8085461177696717,0.445771144278607,0.5729194620866506,0.34795479009687835,0.08582375478927202,8.005202956013798e-06,1.2665405042014084e-05,0.00039898223326601445,0.008207852266484508,0.04791272830348341,0.01999837428536294,0.002094670782364748,0.06989947664494184,0.04647042762547703,0.01087978257108854,/common/users/shared/pracsys/adaptive_roa_experiments/quadrotor_stoch/q2d_nd_clf_dir00,0.9672607825025398,0.6425008765127398
clf,noisy_dynamics_f_0.150,clf_dir00,20,0.000591187914018846,1.0,0.03392678900122325,50.0,0.02575038621191891,0.000911856753507322,0.000911856753507322,0.01587421216371978,0.018091409396548692,0.019765205461703593,0.023354387718783075,0.022959083609549003,0.022959083609549003,0.9647699301151131,0.9677191432067013,0.9891535654214665,-0.01323594817454564,0.007430269714571193,5.3722101687651e-05,0.007825573823805266,-0.0005664584847653517,0.7058147832291976,0.522829502742005,0.13898080741230973,0.09238586914905307,0.18267882128800783,0.059337315600780045,0.0,20,479789,0.8477006688963211,0.8349734304270813,0.5097087378640777,0.604615797477413,0.3805615357014711,0.08045977011494253,5.350980509371751e-06,1.266540501298503e-05,0.0003442016962509134,0.007430269714571261,0.04985524886981569,0.021180143771532902,0.0017174216165856241,0.06989947664494184,0.04647042762547703,0.01087978257108854,/common/users/shared/pracsys/adaptive_roa_experiments/quadrotor_stoch/q2d_nd_clf_dir00,0.969023731202949,0.676369064160695
clf,noisy_dynamics_f_0.150,clf_dir00,21,0.0005779208183938281,1.0,0.03296502602688374,50.0,0.026331869262586044,0.0008452422038396591,0.0008452422038396591,0.015711682617094436,0.018691163226991592,0.019765205461703593,0.023354387718783075,0.022959083609549003,0.022959083609549003,0.964027937280763,0.9668791906442207,0.9890785324382176,-0.012672151701845623,0.007546521502179222,5.336539208594888e-05,0.007941825611413293,-0.0005461216941150069,0.7019531317457302,0.5057077980652587,0.1196236559139785,0.09142410617472913,0.18267882128800783,0.059337315600780045,0.0,20,479789,0.8339762002462043,0.8250279102811326,0.48633879781420764,0.6060172346960074,0.364594546106925,0.0681992337164751,2.2799090248015677e-06,1.2665405057771926e-05,0.00021336794233197835,0.007546521502179328,0.05079316116042677,0.020536110665313294,0.0015256706593940253,0.06989947664494184,0.04647042762547703,0.01087978257108854,/common/users/shared/pracsys/adaptive_roa_experiments/quadrotor_stoch/q2d_nd_clf_dir00,0.9691038552244946,0.6713056308989389
clf,noisy_dynamics_f_0.150,clf_dir00,22,0.0005724449895521605,1.0,0.03270373466095602,50.0,0.026079478125162616,0.0007811484459736349,0.0007811484459736349,0.01575804066853103,0.018640077681232332,0.019765205461703593,0.023354387718783075,0.022959083609549003,0.022959083609549003,0.9640883805172691,0.9674690332625383,0.9890201734512463,-0.01214173739711032,0.007478182973682988,5.343179722631546e-05,0.007873487082917064,-0.0005040084133086167,0.7029515205847873,0.5237397778591482,0.17299843014128727,0.09116281480879762,0.18267882128800783,0.059337315600780045,0.0,20,479789,0.8332447786814894,0.8192058037418862,0.4791304347826087,0.6078957569251872,0.38491209185504127,0.10555555555555556,3.105099977783422e-06,1.266540503293315e-05,0.00025782270891604875,0.007478182973682987,0.05099533336529183,0.02183459812542597,0.002396886964894985,0.06989947664494184,0.04647042762547703,0.01087978257108854,/common/users/shared/pracsys/adaptive_roa_experiments/quadrotor_stoch/q2d_nd_clf_dir00,0.9691958649010183,0.6742821664461944
clf,noisy_dynamics_f_0.150,clf_dir00,23,0.0005671348494919481,1.0,0.031915538070000096,50.0,0.02644523793163988,0.0007339522632706347,0.0007339522632706347,0.01573683740426842,0.019201555149967423,0.019765205461703593,0.023354387718783075,0.022959083609549003,0.022959083609549003,0.9641925929940036,0.9666290807000577,0.9883302868552635,-0.011751799944252468,0.00755774883209789,5.3568123833449354e-05,0.007953052941331964,-0.00039844963645332444,0.7060333321926011,0.5070353151266973,0.08528018297663782,0.09037461821785005,0.18267882128800783,0.059337315600780045,0.0,20,479789,0.8283878739208994,0.8086025729156437,0.28967813540510545,0.6151713033366133,0.36930391101542875,0.05,3.998347916656237e-07,1.2665405054135027e-05,0.00022043614903399742,0.0075577488320979404,0.05190823466148661,0.02122391301176142,0.0018779088307568535,0.06989947664494184,0.04647042762547703,0.01087978257108854,/common/users/shared/pracsys/adaptive_roa_experiments/quadrotor_stoch/q2d_nd_clf_dir00,0.969257916465368,0.6708166161756335
clf,noisy_dynamics_f_0.150,clf_epi_bald,0,0.0010239139209039323,1.0,0.04951982135215444,50.0,0.03433345054270788,0.0009981195681649348,0.0009981195681649348,0.011788294720865004,0.019689304072237145,0.019765205461703593,0.023354387718783075,0.022959083609549003,0.022959083609549003,0.948398150020113,0.9607285702673467,0.9892932101402908,-0.013313103777459919,0.01166121977317252,7.404016307713525e-05,0.012056523882406588,-0.0005076886836764168,0.5572128626104375,0.3697062955777079,0.11720226843100189,0.10797890150015833,0.18267882128800783,0.059337315600780045,0.0,20,479789,0.6961612369844036,0.7272966570150039,0.5692821368948247,0.46450189343113574,0.24784714747039827,0.06532567049808428,1.4819407467492213e-05,2.147186121762591e-05,0.0007329970756055778,0.011661219773172686,0.04663925183778703,0.01583612796458443,0.0012484654712800836,0.06989947664494184,0.04647042762547703,0.01087978257108854,/common/users/shared/pracsys/adaptive_roa_experiments/quadrotor_stoch/q2d_nd_clf_epi_bald,0.9526418025051361,0.492086880666158
clf,noisy_dynamics_f_0.150,clf_epi_bald,1,0.0008882043242810333,1.0,0.05174255425415377,50.0,0.030514730907869228,0.0017452113429118228,0.0017452113429118228,0.013534247155178635,0.01558980839286747,0.019765205461703593,0.023354387718783075,0.022959083609549003,0.022959083609549003,0.9545425176483829,0.9637319738468368,0.9888450964903323,-0.017871842529882585,0.010698063846626756,7.238578421866378e-05,0.011093367955860835,-0.0004719839506554281,0.5891726943942134,0.4260694613938455,0.17636195752539244,0.11020163440196024,0.18267882128800783,0.059337315600780045,0.0,20,479789,0.7999079330980513,0.805060451202792,0.44835680751173707,0.4663207800339923,0.2896932185145318,0.10977011494252874,3.5389632621812196e-06,1.788197289376536e-05,0.00047653254252573923,0.010698063846626851,0.040749162652749436,0.01672193401682823,0.0026636709053354706,0.06989947664494184,0.04647042762547703,0.01087978257108854,/common/users/shared/pracsys/adaptive_roa_experiments/quadrotor_stoch/q2d_nd_clf_epi_bald,0.9606153354554539,0.5340378549700789
clf,noisy_dynamics_f_0.150,clf_epi_bald,2,0.0007075659787327522,1.0,0.04739314769057826,50.0,0.028249777173987595,0.0023826238670642663,0.0023826238670642663,0.015338281772849799,0.01440556697667296,0.019765205461703593,0.023354387718783075,0.022959083609549003,0.022959083609549003,0.9592425003491118,0.9645844319065255,0.9893682431235398,-0.020210400011570505,0.0093735393323305,6.457955387993749e-05,0.009768843441564576,-0.0006298863714329674,0.6270905242281508,0.41700404858299606,0.16854115729421354,0.10585222783832186,0.18267882128800783,0.059337315600780045,0.0,20,479789,0.8698550417945191,0.8871532846715329,0.5650273224043716,0.49026448400274325,0.2725601004664514,0.09904214559386973,1.1178359920220186e-05,1.5782415010531765e-05,0.0002739953153106661,0.009373539332330493,0.03939648470473479,0.014277109312635346,0.0019070883242425316,0.06989947664494184,0.04647042762547703,0.01087978257108854,/common/users/shared/pracsys/adaptive_roa_experiments/quadrotor_stoch/q2d_nd_clf_epi_bald,0.9676411220363639,0.5917285074726626
clf,noisy_dynamics_f_0.150,clf_epi_bald,3,0.0005678022148805265,1.0,0.03480369840994485,50.0,0.026781850546383587,0.001153249776381099,0.001153249776381099,0.015625068952886192,0.017635756465788927,0.019765205461703593,0.023354387718783075,0.022959083609549003,0.022959083609549003,0.9620604057200144,0.9660121428377891,0.9891118804307727,-0.014033312977663115,0.007992455319638766,5.517322685527985e-05,0.00838775942887284,-0.0004948091134051417,0.6818602862785536,0.4813790032757688,0.21182860591430297,0.09326277855774648,0.18267882128800783,0.059337315600780045,0.0,20,479789,0.8237753378378379,0.8273750956597792,0.49857954545454547,0.5816560813429943,0.33943308216720486,0.13448275862068965,1.8715671098707187e-07,1.2665405051098494e-05,0.00021166111537748275,0.007992455319638827,0.04935502898148978,0.019064630493821243,0.0029346233448453384,0.06989947664494184,0.04647042762547703,0.01087978257108854,/common/users/shared/pracsys/adaptive_roa_experiments/quadrotor_stoch/q2d_nd_clf_epi_bald,0.9692919805704417,0.6518826510865359
clf,noisy_dynamics_f_0.150,clf_epi_bald,4,0.00048383893032901803,1.0,0.030900745801568485,50.0,0.024193144814908786,0.000744711054867842,0.000744711054867842,0.016324149029744096,0.018243785885994374,0.019765205461703593,0.023354387718783075,0.022959083609549003,0.022959083609549003,0.9659391941040749,0.9701556309127554,0.9892348511533194,-0.011419078743998924,0.006701834828575993,4.931058617622817e-05,0.007097138937810065,-0.0006778108060967562,0.7251042928273448,0.5774236387782206,0.21108904841912324,0.0893598259493507,0.18267882128800783,0.059337315600780045,0.0,20,479789,0.8318088842576512,0.8441625679523687,0.520723436322532,0.6426633270715926,0.43877825618945104,0.13237547892720306,2.5521369680856e-08,1.2672210757953248e-05,0.0001871405918659879,0.006701834828576027,0.05400498969338605,0.024154367857537377,0.0027657991325353436,0.06989947664494184,0.04647042762547703,0.01087978257108854,/common/users/shared/pracsys/adaptive_roa_experiments/quadrotor_stoch/q2d_nd_clf_epi_bald,0.9711830692385032,0.7080965885855912
clf,noisy_dynamics_f_0.150,clf_epi_bald,5,0.0004444000552394618,1.0,0.02741319893869816,50.0,0.02347186068003335,0.000583609382953297,0.000583609382953297,0.016598257277879894,0.01939463013153873,0.019765205461703593,0.023354387718783075,0.022959083609549003,0.022959083609549003,0.9675774142383423,0.9717563345553983,0.9896183530677026,-0.010485070567116958,0.006054872565204419,4.481578916685567e-05,0.0064501766744384905,-0.000889563149417987,0.7429185258634935,0.5957941834451901,0.1846456048453102,0.08587227908651188,0.18267882128800783,0.059337315600780045,0.0,20,479789,0.8333147962777593,0.8893935345979161,0.6344206974128234,0.670214986432895,0.44792787944025836,0.10804597701149425,5.104273936149574e-08,1.2665405056029286e-05,0.00019467839929242207,0.006054872565204442,0.0562184626992282,0.02340403802504851,0.001852897836340558,0.06989947664494184,0.04647042762547703,0.01087978257108854,/common/users/shared/pracsys/adaptive_roa_experiments/quadrotor_stoch/q2d_nd_clf_epi_bald,0.9721073341399206,0.7362755122035396
clf,noisy_dynamics_f_0.150,clf_epi_bald,6,0.0004304203735848702,1.0,0.02628222759049788,50.0,0.023690563662971044,0.0006174302288592375,0.0006174302288592375,0.01667562317875073,0.019888059483402207,0.019765205461703593,0.023354387718783075,0.022959083609549003,0.022959083609549003,0.9682902275792067,0.9707017042908446,0.9896537853097924,-0.010517507295281229,0.006046008526155931,4.374772276372764e-05,0.006441312635390008,-0.0008548821335015765,0.7494070365001977,0.5716549349422555,0.13277428371767996,0.08474130773832966,0.18267882128800783,0.059337315600780045,0.0,20,479789,0.8371297148114075,0.8915502328675982,0.753968253968254,0.6783254316128455,0.4207032651596699,0.07279693486590039,1.0208547872034807e-07,1.2682419264687231e-05,0.00012962687399204135,0.006046008526155961,0.056639481105235846,0.021928389354487078,0.0010504617654844108,0.06989947664494184,0.04647042762547703,0.01087978257108854,/common/users/shared/pracsys/adaptive_roa_experiments/quadrotor_stoch/q2d_nd_clf_epi_bald,0.9723913466197868,0.7366615920314297
clf,noisy_dynamics_f_0.150,clf_epi_bald,7,0.00040538457375278916,1.0,0.025129238518487074,50.0,0.02357824761459902,0.00034677032357294425,0.00034677032357294425,0.016583057364914205,0.020770975153040144,0.019765205461703593,0.023354387718783075,0.022959083609549003,0.022959083609549003,0.968200604849215,0.9715166458589088,0.9896662908070005,-0.008160937904767242,0.005877740577735099,4.238106264307132e-05,0.006273044686969172,-0.0008450559904726448,0.7566550233663493,0.5974668630338734,0.19539110678351182,0.08358831866632953,0.18267882128800783,0.059337315600780045,0.0,20,479789,0.813443072702332,0.8702591384932212,0.6390658174097664,0.7072785281927424,0.45487979906709725,0.11532567049808429,5.104273935687811e-08,8.32677212204997e-06,0.00011346441454517565,0.005877740577735115,0.06077671643159806,0.02428984407729231,0.0019633630616791966,0.06989947664494184,0.04647042762547703,0.01087978257108854,/common/users/shared/pracsys/adaptive_roa_experiments/quadrotor_stoch/q2d_nd_clf_epi_bald,0.9725346247154844,0.7439906279495204
clf,noisy_dynamics_f_0.150,clf_epi_bald,8,0.0003772601300079281,1.0,0.02386992756177297,50.0,0.02282611891621217,0.0005365296115619367,0.0005365296115619367,0.017084080761586153,0.020266916103848707,0.019765205461703593,0.023354387718783075,0.022959083609549003,0.022959083609549003,0.9700013964471882,0.9716750488235454,0.9895829208256129,-0.009661932159903271,0.0055284670320207415,4.006043193598053e-05,0.005923771141254812,-0.0008830654275040475,0.7666542371232632,0.5917447728911319,0.10909090909090909,0.0823290077095988,0.18267882128800783,0.059337315600780045,0.0,20,479789,0.8401080159181353,0.8960152838427947,0.7846153846153846,0.705012374392462,0.4417384284176534,0.05862068965517241,2.552136967757095e-08,1.1644550183283073e-05,9.95255280226486e-05,0.005528467032020763,0.05865911890435171,0.022910070885326674,0.0008128573185296037,0.06989947664494184,0.04647042762547703,0.01087978257108854,/common/users/shared/pracsys/adaptive_roa_experiments/quadrotor_stoch/q2d_nd_clf_epi_bald,0.9739482686169516,0.7592034975768207
clf,noisy_dynamics_f_0.150,clf_epi_bald,9,0.0003374812659453278,1.0,0.022034810789511406,50.0,0.022233067426512217,0.000340427702683483,0.000340427702683483,0.017332518108842888,0.02084036090459569,0.019765205461703593,0.023354387718783075,0.022959083609549003,0.022959083609549003,0.9710872904547624,0.9727213420899604,0.9896037633209598,-0.007755842309848528,0.005163065299646827,3.8036935238488575e-05,0.005558369408880899,-0.0008039279037427701,0.7787912613618242,0.6197780489222009,0.192095885973437,0.08049389093735343,0.18267882128800783,0.059337315600780045,0.0,20,479789,0.8370410996469339,0.8796800263895761,0.6215932914046122,0.7281211795926886,0.4784266236096161,0.11360153256704981,3.5064493965867155e-24,8.020515644077802e-06,9.16587470443145e-05,0.005163065299646816,0.06080381167554905,0.0252736098576666,0.001988374056095492,0.06989947664494184,0.04647042762547703,0.01087978257108854,/common/users/shared/pracsys/adaptive_roa_experiments/quadrotor_stoch/q2d_nd_clf_epi_bald,0.9746723004964198,0.7751188423958073
clf,noisy_dynamics_f_0.150,clf_epi_bald,10,0.0003246251552953996,1.0,0.021371966599582133,50.0,0.022042478541501594,0.0004798084729136222,0.0004798084729136222,0.01746264670237253,0.020662540821883534,0.019765205461703593,0.023354387718783075,0.022959083609549003,0.022959083609549003,0.9713207264026479,0.9720877302314143,0.9894453603563234,-0.008768884230336668,0.0051344417517113616,3.776205955464903e-05,0.005529745860945435,-0.0008418036283787339,0.7787994727196734,0.603388023455547,0.1128241065171689,0.07983104674741415,0.18267882128800783,0.059337315600780045,0.0,20,479789,0.8449195995674771,0.8881429816913687,0.6598360655737705,0.7222768882130185,0.45689809831359884,0.061685823754789273,6.15402206743062e-26,8.680668463706424e-06,7.324889757172003e-05,0.005134441751711425,0.05975334991006463,0.023906342162909114,0.0010171137729293501,0.06989947664494184,0.04647042762547703,0.01087978257108854,/common/users/shared/pracsys/adaptive_roa_experiments/quadrotor_stoch/q2d_nd_clf_epi_bald,0.9753924603318053,0.7763655623617366
clf,noisy_dynamics_f_0.150,clf_epi_bald,11,0.00032275368916952153,1.0,0.02101593440378801,50.0,0.022005605132959134,0.00028102654448239453,0.00028102654448239453,0.01745088067490942,0.021619066209391864,0.019765205461703593,0.023354387718783075,0.022959083609549003,0.022959083609549003,0.9721273309725733,0.9730339795201641,0.9895412358349192,-0.006845265318745372,0.00495436646611806,3.6362753659716735e-05,0.0053496705753521305,-0.0008348630130039199,0.7902965297705853,0.6261990061250433,0.1366139022711631,0.07947501455164191,0.18267882128800783,0.059337315600780045,0.0,20,479789,0.8334656347158828,0.8799123091912959,0.6706081081081081,0.7513790738587232,0.48605130965195553,0.07605363984674329,4.306843640786657e-24,1.0167713342388091e-05,8.023758221861728e-05,0.004954366466118093,0.0630152004318565,0.025669617269257945,0.0012338757245372446,0.06989947664494184,0.04647042762547703,0.01087978257108854,/common/users/shared/pracsys/adaptive_roa_experiments/quadrotor_stoch/q2d_nd_clf_epi_bald,0.975013714916616,0.7842088756514014
clf,noisy_dynamics_f_0.150,clf_epi_bald,12,0.0003417932730933736,1.0,0.022021871436127206,50.0,0.021703693131584347,0.0004944684021605347,0.0004944684021605347,0.017517495434781555,0.02021028025739873,0.019765205461703593,0.023354387718783075,0.022959083609549003,0.022959083609549003,0.9720439609911857,0.9728484813115765,0.9895995948218904,-0.009148239872560282,0.005068464783541252,3.822807601238431e-05,0.005463768892775324,-0.0008675917933867313,0.782683365467183,0.6149161961630554,0.16387399463806973,0.08048095158394752,0.18267882128800783,0.059337315600780045,0.0,20,479789,0.8570110701107011,0.9018468741871153,0.6537433155080213,0.7202194591048693,0.4664962325080732,0.09367816091954023,1.0208547871149119e-07,1.0613486803776046e-05,8.959168720068545e-05,0.005068464783541293,0.05874248888573936,0.024037649883594664,0.001559018651949086,0.06989947664494184,0.04647042762547703,0.01087978257108854,/common/users/shared/pracsys/adaptive_roa_experiments/quadrotor_stoch/q2d_nd_clf_epi_bald,0.9751539219116302,0.7792392383887131
clf,noisy_dynamics_f_0.150,clf_epi_bald,13,0.0003004554810289074,1.0,0.020095383345440615,50.0,0.020897766501063095,0.00038782720630921,0.00038782720630921,0.0178762568827644,0.02076979670150793,0.019765205461703593,0.023354387718783075,0.022959083609549003,0.022959083609549003,0.9737259503656815,0.9743658149728318,0.9895287303377109,-0.007923051704359719,0.004613283502721817,3.491820394122943e-05,0.005008587611955888,-0.0008573704303719972,0.7993889048028263,0.6441158598339073,0.17013544763792535,0.07855446349326368,0.18267882128800783,0.059337315600780045,0.0,20,479789,0.8571721101668885,0.9076082524667699,0.617505995203837,0.7489041953663118,0.49919268030139935,0.09865900383141762,2.5521369680486344e-08,1.1185165594932825e-05,7.523292514996239e-05,0.004613283502721851,0.06107059561598953,0.025559152043919307,0.001738264111932537,0.06989947664494184,0.04647042762547703,0.01087978257108854,/common/users/shared/pracsys/adaptive_roa_experiments/quadrotor_stoch/q2d_nd_clf_epi_bald,0.9760585922218588,0.7990649983606886
clf,noisy_dynamics_f_0.150,clf_epi_bald,14,0.00028885055358867593,1.0,0.01934791114322213,50.0,0.020488231810078777,0.0001903704783721883,0.0001903704783721883,0.017814997247757123,0.021334229339903296,0.019765205461703593,0.023354387718783075,0.022959083609549003,0.022959083609549003,0.9744304267084072,0.9750035953304473,0.9893911698684213,-0.0057920911445453185,0.0045198965545504835,3.543388966459378e-05,0.004915200663784554,-0.0008145602856135864,0.8087905236907731,0.6682709595330955,0.21619956883276872,0.07780699129105459,0.18267882128800783,0.059337315600780045,0.0,20,479789,0.8472716585572936,0.8717615645522119,0.5510204081632653,0.7736529802904255,0.5418012199497668,0.13448275862068965,5.104273935975896e-08,1.1113705734088436e-05,7.795745747529435e-05,0.0045198965545505,0.06382597350085141,0.028881445802217225,0.002655333907196705,0.06989947664494184,0.04647042762547703,0.01087978257108854,/common/users/shared/pracsys/adaptive_roa_experiments/quadrotor_stoch/q2d_nd_clf_epi_bald,0.9760561402509129,0.8031325364976416
clf,noisy_dynamics_f_0.150,clf_epi_bald,15,0.0003206604562406638,1.0,0.020813821546333836,50.0,0.021786981699889768,0.0005399136771781302,0.0005399136771781302,0.01755834198683218,0.020501108794905545,0.019765205461703593,0.023354387718783075,0.022959083609549003,0.022959083609549003,0.9715145616093741,0.9730944227566701,0.9893807486207479,-0.00916853302238067,0.004998368683328691,3.687064954718343e-05,0.005393672792562764,-0.0009422866165662604,0.7785752474766295,0.6165909293415308,0.11406711876195445,0.07927290169415842,0.18267882128800783,0.059337315600780045,0.0,20,479789,0.8524799545873838,0.9126879451332103,0.6177024482109228,0.7164624146465098,0.4655543595263724,0.06283524904214559,2.7456720180511137e-25,1.1110302813714691e-05,3.535209026411848e-05,0.004998368683328762,0.05874665738480874,0.023704169958044058,0.0011067365029210758,0.06989947664494184,0.04647042762547703,0.01087978257108854,/common/users/shared/pracsys/adaptive_roa_experiments/quadrotor_stoch/q2d_nd_clf_epi_bald,0.9759029246752826,0.7822923262821431
clf,noisy_dynamics_f_0.150,clf_epi_bald,16,0.0003159192071021902,1.0,0.02067630087224749,50.0,0.02191144974225121,0.0007833875460552095,0.0007833875460552095,0.01786551446614756,0.02018079921250681,0.019765205461703593,0.023354387718783075,0.022959083609549003,0.022959083609549003,0.9721189939744346,0.9720585507379286,0.9895558255816619,-0.010551878503884757,0.0049489565950730325,3.5722782926604226e-05,0.005344260704307103,-0.0009280000943836198,0.7790714958133081,0.5904313821336918,0.09727976941091696,0.0791353810200809,0.18267882128800783,0.059337315600780045,0.0,20,479789,0.8731674811195025,0.9259294748945956,0.8157099697885196,0.7032829412290903,0.4333961248654467,0.05172413793103448,3.263146596186295e-23,1.0259589824246752e-05,5.6276627229296376e-05,0.0049489565950730395,0.05629974843108116,0.021751228144038317,0.0006898865959828175,0.06989947664494184,0.04647042762547703,0.01087978257108854,/common/users/shared/pracsys/adaptive_roa_experiments/quadrotor_stoch/q2d_nd_clf_epi_bald,0.9763300009247786,0.7844445066172113
clf,noisy_dynamics_f_0.150,clf_epi_bald,17,0.0002929368030077246,1.0,0.01915653375153887,50.0,0.020998476056695536,0.00033116291981723423,0.00033116291981723423,0.01774953378317042,0.021076463037969187,0.019765205461703593,0.023354387718783075,0.022959083609549003,0.022959083609549003,0.9730694117622538,0.9746930421497784,0.9894099281142336,-0.007241301503130137,0.004662776999643536,3.5169154919276675e-05,0.005058081108877609,-0.0008779357465522834,0.7950316470756198,0.6556437889960295,0.11803506335705606,0.07761561389937228,0.18267882128800783,0.059337315600780045,0.0,20,479789,0.8494000406752085,0.8916229558778155,0.6284658040665434,0.7472045800161016,0.5184337997847147,0.06513409961685823,1.5312821806799553e-07,1.111030271353859e-05,2.2125507434097002e-05,0.004662776999643539,0.06148952977246248,0.027020210967737903,0.0011275789982679886,0.06989947664494184,0.04647042762547703,0.01087978257108854,/common/users/shared/pracsys/adaptive_roa_experiments/quadrotor_stoch/q2d_nd_clf_epi_bald,0.9764243289964427,0.7969092722104891
clf,noisy_dynamics_f_0.150,clf_epi_bald,18,0.0002522733855375568,1.0,0.017527487201164756,50.0,0.020701628304267944,0.0002763268748682617,0.0002763268748682617,0.018048931174684812,0.02188899456649592,0.019765205461703593,0.023354387718783075,0.022959083609549003,0.022959083609549003,0.9746388516618764,0.9744867014458439,0.9894912138460865,-0.006088570198936196,0.004330766840257602,3.1865516206111304e-05,0.004726070949491677,-0.0008557124694748477,0.8101597603594608,0.6520565077740826,0.15713808090939485,0.07598656734901899,0.18267882128800783,0.059337315600780045,0.0,20,479789,0.849635132039661,0.8901823826154444,0.6167979002624672,0.774189700927334,0.5144420523860782,0.09003831417624521,3.5366769978302455e-25,1.0116670642684503e-05,2.513809762989788e-05,0.004330766840257668,0.06369258153063118,0.02685555525449729,0.001588198145434764,0.06989947664494184,0.04647042762547703,0.01087978257108854,/common/users/shared/pracsys/adaptive_roa_experiments/quadrotor_stoch/q2d_nd_clf_epi_bald,0.97723010641615,0.8113702221783636
clf,noisy_dynamics_f_0.150,clf_epi_bald,19,0.0002861709815250557,1.0,0.018949397363832377,50.0,0.02087974626775023,0.0005984979716067667,0.0005984979716067667,0.01803706458745108,0.020268374737435875,0.019765205461703593,0.023354387718783075,0.022959083609549003,0.022959083609549003,0.9735821371477879,0.9738739320826446,0.9893807486207479,-0.009293317414956814,0.0046010730395908694,3.436183349259653e-05,0.00499637714882494,-0.0009194439541138234,0.7938722739913158,0.631789207766648,0.13717188823031332,0.07740847751165737,0.18267882128800783,0.059337315600780045,0.0,20,479789,0.8731487443657437,0.9154677790074062,0.5912408759124088,0.7277931836479112,0.4823286688195192,0.07758620689655173,5.092432103540903e-24,1.0477372496713264e-05,2.3296119174412098e-05,0.004601073039590897,0.05826311149276036,0.0244836792840186,0.0014277109312635346,0.06989947664494184,0.04647042762547703,0.01087978257108854,/common/users/shared/pracsys/adaptive_roa_experiments/quadrotor_stoch/q2d_nd_clf_epi_bald,0.9771816544645867,0.7995968341838688
clf,noisy_dynamics_f_0.150,clf_epi_bald,20,0.0002713989574639838,1.0,0.0186254764644865,50.0,0.020486792730296355,0.0005476835993453679,0.0005476835993453679,0.018222874413124004,0.01989611085629154,0.019765205461703593,0.023354387718783075,0.022959083609549003,0.022959083609549003,0.9739739760603099,0.9746055036693213,0.9894224336114417,-0.009082055296970494,0.004441400962005838,3.305033123640503e-05,0.004836705071239911,-0.0008424918337645295,0.797088025479777,0.6489974648536528,0.1792010350962316,0.07708455661228439,0.18267882128800783,0.059337315600780045,0.0,20,479789,0.8758660095707449,0.9072164948453608,0.5752855659397715,0.731311685600978,0.5052027269465375,0.10613026819923371,5.9520985511886096e-27,9.851248626687671e-06,1.652340747788329e-05,0.0044414009620058915,0.05836315547042554,0.025878042222727073,0.0020071323019077137,0.06989947664494184,0.04647042762547703,0.01087978257108854,/common/users/shared/pracsys/adaptive_roa_experiments/quadrotor_stoch/q2d_nd_clf_epi_bald,0.9775869009111591,0.806551470540462
clf,noisy_dynamics_f_0.150,clf_epi_bald,21,0.00028222424451284777,1.0,0.018760034929461305,50.0,0.0211434138621386,0.00037053881074461707,0.00037053881074461707,0.017884499356994286,0.02132528025476945,0.019765205461703593,0.023354387718783075,0.022959083609549003,0.022959083609549003,0.9736363276356899,0.9739927343061221,0.989697554550021,-0.0074086497515725245,0.004545856911488061,3.346269107656552e-05,0.004941161020722131,-0.0008992661518112755,0.8000379404650869,0.6394266890134659,0.15141630901287553,0.07721911507729785,0.18267882128800783,0.059337315600780045,0.0,20,479789,0.8514131897711978,0.8987814784727863,0.7289256198347107,0.7545099442406894,0.49623250807319697,0.08448275862068966,1.2541247249724906e-23,8.905256256376638e-06,2.0815622791694975e-05,0.004545856911488091,0.06194389617102518,0.025657111772049795,0.0012609709684882314,0.06989947664494184,0.04647042762547703,0.01087978257108854,/common/users/shared/pracsys/adaptive_roa_experiments/quadrotor_stoch/q2d_nd_clf_epi_bald,0.9767194634374528,0.8020018138007313
clf,noisy_dynamics_f_0.150,clf_epi_bald,22,0.00029880734693161435,1.0,0.01964969799451128,50.0,0.021997121070546712,0.0008333404909851708,0.0008333404909851708,0.017937282024866236,0.020529368802920066,0.019765205461703593,0.023354387718783075,0.022959083609549003,0.022959083609549003,0.9725587706262545,0.9711810816838236,0.9895287303377109,-0.010500621214024645,0.004899452072739046,3.451438111417557e-05,0.005294756181973119,-0.000955690002928891,0.7840860638262981,0.5680007498359734,0.0882032667876588,0.07810877814234445,0.18267882128800783,0.059337315600780045,0.0,20,479789,0.8711781640610765,0.9360518999073216,0.8379310344827586,0.7128246414407967,0.40769644779332614,0.04655172413793104,5.989057802563976e-24,7.373974122026647e-06,1.8360822287685358e-05,0.004899452072739027,0.05719389148146373,0.02024014723138713,0.0006044323650604745,0.06989947664494184,0.04647042762547703,0.01087978257108854,/common/users/shared/pracsys/adaptive_roa_experiments/quadrotor_stoch/q2d_nd_clf_epi_bald,0.9769754944834528,0.7866007129874601
clf,noisy_dynamics_f_0.150,clf_epi_bald,23,0.00027722030982257683,1.0,0.018326914962945223,50.0,0.02097892032299944,0.00031763297444739033,0.00031763297444739033,0.017866361477757036,0.021805012197790765,0.019765205461703593,0.023354387718783075,0.022959083609549003,0.022959083609549003,0.9738322470919508,0.974776412131166,0.989595426322821,-0.006677995762268974,0.004480351581924424,3.361005313560756e-05,0.004875655691158495,-0.0009300035243149339,0.8032224190085105,0.6533172911653489,0.1504424778761062,0.07678599511080005,0.18267882128800783,0.059337315600780045,0.0,20,479789,0.8466265776779224,0.904138915318744,0.6737804878048781,0.7640516444523958,0.5114370290635092,0.08467432950191571,2.552136967383038e-08,1.0739392020582522e-05,2.1105973278713532e-05,0.004480351581924425,0.06308189641696663,0.026286555131526567,0.0013672676947574871,0.06989947664494184,0.04647042762547703,0.01087978257108854,/common/users/shared/pracsys/adaptive_roa_experiments/quadrotor_stoch/q2d_nd_clf_epi_bald,0.9767581885157888,0.80485494725665
clf,noisy_dynamics_f_0.150,clf_epi_var,0,0.0010239139209039323,1.0,0.04951982135215444,50.0,0.03433345054270788,0.0009981195681649348,0.0009981195681649348,0.011788294720865004,0.019689304072237145,0.019765205461703593,0.023354387718783075,0.022959083609549003,0.022959083609549003,0.948398150020113,0.9607285702673467,0.9892932101402908,-0.013313103777459919,0.01166121977317252,7.404016307713525e-05,0.012056523882406588,-0.0005076886836764168,0.5572128626104375,0.3697062955777079,0.11720226843100189,0.10797890150015833,0.18267882128800783,0.059337315600780045,0.0,20,479789,0.6961612369844036,0.7272966570150039,0.5692821368948247,0.46450189343113574,0.24784714747039827,0.06532567049808428,1.4819407467492213e-05,2.147186121762591e-05,0.0007329970756055778,0.011661219773172686,0.04663925183778703,0.01583612796458443,0.0012484654712800836,0.06989947664494184,0.04647042762547703,0.01087978257108854,/common/users/shared/pracsys/adaptive_roa_experiments/quadrotor_stoch/q2d_nd_clf_epi_var,0.9526418025051361,0.492086880666158
clf,noisy_dynamics_f_0.150,clf_epi_var,1,0.0008931689803823238,1.0,0.0528025053590215,50.0,0.030777531901665427,0.002080004031897924,0.002080004031897924,0.013795233772732418,0.015274434629001275,0.019765205461703593,0.023354387718783075,0.022959083609549003,0.022959083609549003,0.9540172867656407,0.9623021786660386,0.9891181331793768,-0.019818317466931894,0.01079104320267521,7.180844196046889e-05,0.011186347311909277,-0.00045281066603930324,0.5778738711158733,0.3755135862997617,0.03296906834599,0.11126158550680808,0.18267882128800783,0.059337315600780045,0.0,20,479789,0.806375821007102,0.815659217039148,0.4972067039106145,0.4502787965530608,0.24390025116612846,0.017049808429118775,4.2535616134564956e-08,2.8413791551663676e-05,0.0006071128487804229,0.010791043202675378,0.03903174103616382,0.01389569164778684,0.00037308066670974115,0.06989947664494184,0.04647042762547703,0.01087978257108854,/common/users/shared/pracsys/adaptive_roa_experiments/quadrotor_stoch/q2d_nd_clf_epi_var,0.9606923532121585,0.5299880698118515
clf,noisy_dynamics_f_0.150,clf_epi_var,2,0.0007310809651553255,1.0,0.04273841532230327,50.0,0.027698631066376152,0.0015117063260319064,0.0015117063260319064,0.015098866682258513,0.01621144552424218,0.019765205461703593,0.023354387718783075,0.022959083609549003,0.022959083609549003,0.9601283064013556,0.9652472232585574,0.9891848291644869,-0.01671563436011286,0.008841801644433803,6.132477540938814e-05,0.009237105753667872,-0.0005301216088885972,0.6507977072761126,0.46084200995925756,0.14752751766058816,0.1011974954700794,0.18267882128800783,0.059337315600780045,0.0,20,479789,0.8390680160037656,0.8257242178447277,0.5178777393310265,0.5315323374183737,0.31960889845712237,0.08601532567049809,1.7864958776607498e-07,7.834039637008644e-05,0.0005589623864401542,0.008841801644433803,0.04427988136451649,0.017987073484385843,0.0018070443465773496,0.06989947664494184,0.04647042762547703,0.01087978257108854,/common/users/shared/pracsys/adaptive_roa_experiments/quadrotor_stoch/q2d_nd_clf_epi_var,0.9647054686492784,0.6148887388189843
clf,noisy_dynamics_f_0.150,clf_epi_var,3,0.0006060780177132043,1.0,0.03692502794383532,50.0,0.026011121050294458,0.0016100584187156886,0.0016100584187156886,0.0160564989575714,0.016585925125141635,0.019765205461703593,0.023354387718783075,0.022959083609549003,0.022959083609549003,0.9634922851503473,0.9666124067037802,0.9895308145872457,-0.01684920371156567,0.007773257481763006,5.532141059584041e-05,0.008168561590997079,-0.0007393855889302851,0.6808076390407463,0.47116305173153733,0.13679326344732773,0.09538410809161607,0.18267882128800783,0.059337315600780045,0.0,20,479789,0.8753924738741272,0.8925578486554097,0.664440734557596,0.5569967498583653,0.32005740940078936,0.07624521072796935,2.552136968085677e-08,1.5853874844654875e-05,0.00035692534256473235,0.007773257481763067,0.04447580082077747,0.016663575029856874,0.0012484654712800836,0.06989947664494184,0.04647042762547703,0.01087978257108854,/common/users/shared/pracsys/adaptive_roa_experiments/quadrotor_stoch/q2d_nd_clf_epi_var,0.9688882993182972,0.6614299763022772
clf,noisy_dynamics_f_0.150,clf_epi_var,4,0.0005771565759834528,1.0,0.03421224548630467,50.0,0.02437168016234947,0.0013320478596104337,0.0013320478596104337,0.016495943094934896,0.01673601950267524,0.019765205461703593,0.023354387718783075,0.022959083609549003,0.022959083609549003,0.9659204358582627,0.9692614878623729,0.9896871333023475,-0.015448227343458493,0.0069780539432015565,5.170866457410417e-05,0.007373358052435628,-0.0008171344310229861,0.7071654995791322,0.5318095238095237,0.2029639175257732,0.09267132563407794,0.18267882128800783,0.059337315600780045,0.0,20,479789,0.8853363228699551,0.910039113428944,0.6376518218623481,0.5886930852491278,0.3756727664155005,0.1206896551724138,2.2969232712781072e-07,3.3899184633018627e-05,0.0004655865086801272,0.006978053943201537,0.0464787646236158,0.019183432717298644,0.002059238540274996,0.06989947664494184,0.04647042762547703,0.01087978257108854,/common/users/shared/pracsys/adaptive_roa_experiments/quadrotor_stoch/q2d_nd_clf_epi_var,0.969193439189315,0.6960656591581345
clf,noisy_dynamics_f_0.150,clf_epi_var,5,0.0005266916747341235,1.0,0.030964413791149167,50.0,0.024645540588674766,0.0009575494466628972,0.0009575494466628972,0.016396631419741414,0.018229978609806973,0.019765205461703593,0.023354387718783075,0.022959083609549003,0.022959083609549003,0.9662622527819521,0.9685069895308146,0.9893098841365684,-0.013127613908877452,0.006800011230746272,4.938863078838197e-05,0.007195315339980346,-0.000719990405724214,0.7196133792936203,0.5275467450440873,0.1836702212318956,0.08942349393896111,0.18267882128800783,0.059337315600780045,0.0,20,479789,0.8585599735471604,0.8709477596531076,0.5428033866415805,0.6193756149923965,0.3783638320775027,0.11053639846743295,2.5765416347649235e-28,1.912061013713543e-05,0.00031647571363989846,0.00680001123074628,0.050426333242321104,0.020188040993019848,0.002215557255376843,0.06989947664494184,0.04647042762547703,0.01087978257108854,/common/users/shared/pracsys/adaptive_roa_experiments/quadrotor_stoch/q2d_nd_clf_epi_var,0.9699939395339773,0.7038204422097207
clf,noisy_dynamics_f_0.150,clf_epi_var,6,0.0004831199273495391,1.0,0.029765561858927994,50.0,0.023543543869375776,0.0009370851143129774,0.0009370851143129774,0.016799266587100375,0.01808665535091835,0.019765205461703593,0.023354387718783075,0.022959083609549003,0.022959083609549003,0.9682568795866516,0.97009101917718,0.98950163509376,-0.012990731851615863,0.006294731665773438,4.664602185520355e-05,0.006690035775007508,-0.0008021704709881682,0.7395245425004275,0.5591126950964729,0.16730038022813687,0.08822464200671151,0.18267882128800783,0.059337315600780045,0.0,20,479789,0.8671238920306421,0.8875341396800625,0.6103739445114595,0.6446611205534186,0.4081001076426265,0.09693486590038314,1.8715671099303072e-07,1.3298335027781949e-05,0.0002641542493808501,0.006294731665773463,0.051966593648457966,0.021367726229655118,0.0017278428642590806,0.06989947664494184,0.04647042762547703,0.01087978257108854,/common/users/shared/pracsys/adaptive_roa_experiments/quadrotor_stoch/q2d_nd_clf_epi_var,0.9715709366716937,0.7258282702905716
clf,noisy_dynamics_f_0.150,clf_epi_var,7,0.0004541180697766675,1.0,0.028913057979998744,50.0,0.023404880312282137,0.000991162011168342,0.000991162011168342,0.01685250655375925,0.01816912824486126,0.019765205461703593,0.023354387718783075,0.022959083609549003,0.022959083609549003,0.9680797183762029,0.9700764294304371,0.9894620343526008,-0.01308993271880294,0.0062544937325394595,4.618514522389557e-05,0.006649797841773532,-0.0008432453344186346,0.7390659874260984,0.5572243639167309,0.11885674451028232,0.0873721381277752,0.18267882128800783,0.059337315600780045,0.0,20,479789,0.8621799968198441,0.8918945601737586,0.6583011583011583,0.6467185496615678,0.4051847865087908,0.06532567049808428,2.933965333433741e-29,1.2781101934061511e-05,0.00015361821759465226,0.006254493732539484,0.05243138129469413,0.02111136353688809,0.001079641258970089,0.06989947664494184,0.04647042762547703,0.01087978257108854,/common/users/shared/pracsys/adaptive_roa_experiments/quadrotor_stoch/q2d_nd_clf_epi_var,0.9726155740881199,0.7275808634653811
clf,noisy_dynamics_f_0.150,clf_epi_var,8,0.0004309447548963199,1.0,0.027124516817351382,50.0,0.023659278585376118,0.0011964661857707475,0.0011964661857707475,0.017144763437006442,0.018320073035760488,0.019765205461703593,0.023354387718783075,0.022959083609549003,0.022959083609549003,0.9684632202905861,0.9689988724210017,0.9895370673358497,-0.013840985197443718,0.006201063398634004,4.472478503796389e-05,0.006596367507868075,-0.0008097229596793045,0.7383221209553292,0.5250957854406131,0.11118980169971672,0.08558359696514899,0.18267882128800783,0.059337315600780045,0.0,20,479789,0.8789426006752862,0.9112367021276596,0.7336448598130841,0.6364910397471449,0.36881054897739507,0.06015325670498084,1.0208547872293106e-07,1.1879346868121551e-05,0.00011487460718627311,0.006201063398634046,0.050618084199512706,0.018808267801054213,0.0008920588008478728,0.06989947664494184,0.04647042762547703,0.01087978257108854,/common/users/shared/pracsys/adaptive_roa_experiments/quadrotor_stoch/q2d_nd_clf_epi_var,0.973712767021966,0.7299080614848714
clf,noisy_dynamics_f_0.150,clf_epi_var,9,0.0003783799267931078,1.0,0.023758076091961556,50.0,0.022255330402882797,0.0006227189194344751,0.0006227189194344751,0.01728486957825634,0.019725332649755904,0.019765205461703593,0.023354387718783075,0.022959083609549003,0.022959083609549003,0.9708309277619954,0.9721002357286224,0.9896100160695639,-0.01030957695606828,0.0053967544139753255,4.050730178403853e-05,0.0057920585232093995,-0.0009001785367518103,0.7694208748661339,0.5988372093023255,0.15148936170212765,0.08221715623977986,0.18267882128800783,0.059337315600780045,0.0,20,479789,0.8597834892112821,0.9023663294797688,0.6793893129770993,0.6962459373229567,0.44810728381772513,0.08524904214559387,5.10427393615038e-08,1.2593945205637686e-05,0.00011300851025112732,0.005396754413975354,0.05660404886314609,0.023076810848101977,0.0013651834452227958,0.06989947664494184,0.04647042762547703,0.01087978257108854,/common/users/shared/pracsys/adaptive_roa_experiments/quadrotor_stoch/q2d_nd_clf_epi_var,0.9743281496593348,0.7649403388325682
clf,noisy_dynamics_f_0.150,clf_epi_var,10,0.00034781708168557925,1.0,0.022693571595859597,50.0,0.022148257080110968,0.000768326632856892,0.000768326632856892,0.017594291011189398,0.019607857964646654,0.019765205461703593,0.023354387718783075,0.022959083609549003,0.022959083609549003,0.9715333198551863,0.9713832538886886,0.9894641186021356,-0.011000430224524405,0.005308210408055619,3.9169811953266324e-05,0.005703514517289691,-0.0008249088231608781,0.7738666843272957,0.5806609248060595,0.12709376618891383,0.08115265174367087,0.18267882128800783,0.059337315600780045,0.0,20,479789,0.8700346226871672,0.910013402259238,0.6444833625218914,0.6968422935861884,0.42635450304987443,0.07049808429118774,1.871567109929258e-07,1.1807887033497023e-05,7.114062707186271e-05,0.005308210408055682,0.05598502675134278,0.02177207063938523,0.0011901064843087275,0.06989947664494184,0.04647042762547703,0.01087978257108854,/common/users/shared/pracsys/adaptive_roa_experiments/quadrotor_stoch/q2d_nd_clf_epi_var,0.9753470094118875,0.7687969390098889
clf,noisy_dynamics_f_0.150,clf_epi_var,11,0.00035961874798906936,1.0,0.023257257301797698,50.0,0.02204643859542571,0.0009342162261206557,0.0009342162261206557,0.017734042012372952,0.01926573117315883,0.019765205461703593,0.023354387718783075,0.022959083609549003,0.022959083609549003,0.9722482174455854,0.9713540743952029,0.9894912138460865,-0.012002360338392522,0.005289037550408358,3.9251589205054823e-05,0.00568434165964243,-0.0008702202728883487,0.7771287012704418,0.5734591273043262,0.09153153153153153,0.08171633744960122,0.18267882128800783,0.059337315600780045,0.0,20,479789,0.8858276730519729,0.9307878299415676,0.7696969696969697,0.6921907147329814,0.4143792608539648,0.04865900383141762,1.0208547872205178e-07,1.1807887030409711e-05,9.306094857211405e-05,0.005289037550408364,0.054619843306119985,0.020688260881345757,0.0006878023464481262,0.06989947664494184,0.04647042762547703,0.01087978257108854,/common/users/shared/pracsys/adaptive_roa_experiments/quadrotor_stoch/q2d_nd_clf_epi_var,0.9754072937912616,0.7696320271159005
clf,noisy_dynamics_f_0.150,clf_epi_var,12,0.00036681021152345914,1.0,0.023592378657276526,50.0,0.022494671232570543,0.0010282899697673371,0.0010282899697673371,0.01764969671509951,0.019022940799721583,0.019765205461703593,0.023354387718783075,0.022959083609549003,0.022959083609549003,0.9713895066372926,0.9702348323950737,0.9894932980956213,-0.012507594065860975,0.005504927129232848,4.027301589894888e-05,0.005900231238466921,-0.0008327497349839815,0.7680035153543241,0.5502188907435986,0.12800553537450268,0.08205145880508334,0.18267882128800783,0.059337315600780045,0.0,20,479789,0.8864310237203495,0.9238498149127445,0.6595365418894831,0.6774905328443211,0.39177430929314677,0.07088122605363985,1.0208547871619044e-07,1.2665404922921548e-05,7.412300786350714e-05,0.005504927129232844,0.053423484073207184,0.01970657935050616,0.0011692639889618144,0.06989947664494184,0.04647042762547703,0.01087978257108854,/common/users/shared/pracsys/adaptive_roa_experiments/quadrotor_stoch/q2d_nd_clf_epi_var,0.9753792876436549,0.7602287955890682
clf,noisy_dynamics_f_0.150,clf_epi_var,13,0.00036891121343265407,1.0,0.023561014714802923,50.0,0.022520354472759636,0.0008706103026085969,0.0008706103026085969,0.01750959021696205,0.019388102829045017,0.019765205461703593,0.023354387718783075,0.022959083609549003,0.022959083609549003,0.9708872024994321,0.9713644956428763,0.9894495288553927,-0.01173595249596519,0.0054174339384854405,3.966576959480737e-05,0.005812738047719511,-0.0009026697567101087,0.7665073050048476,0.5759698774729175,0.08063930257900472,0.08202009486261595,0.18267882128800783,0.059337315600780045,0.0,20,479789,0.8722465284382728,0.9234042553191489,0.7762237762237763,0.6836330023556072,0.41850556153570145,0.04252873563218391,2.5521369667285474e-08,9.565409070629649e-06,7.74897624087695e-05,0.005417433938485421,0.0547844990193606,0.0210613415480555,0.0005960953669217093,0.06989947664494184,0.04647042762547703,0.01087978257108854,/common/users/shared/pracsys/adaptive_roa_experiments/quadrotor_stoch/q2d_nd_clf_epi_var,0.9751063268698268,0.7640396267282962
clf,noisy_dynamics_f_0.150,clf_epi_var,14,0.00033017227086163796,1.0,0.021762161232188746,50.0,0.02203706443628466,0.0008126402828896761,0.0008126402828896761,0.017717259014642908,0.01949265011359484,0.019765205461703593,0.023354387718783075,0.022959083609549003,0.022959083609549003,0.9715895945926231,0.971083121955693,0.98950163509376,-0.011086861827361063,0.0052311441436164036,3.810866614820356e-05,0.005626448252850475,-0.0008233207341793699,0.7740481044971572,0.5755109533716802,0.13882714994016074,0.08022124137999297,0.18267882128800783,0.059337315600780045,0.0,20,479789,0.8715192235908922,0.9053715825953023,0.6454689984101749,0.6961863016966335,0.42182454251883744,0.07777777777777778,2.296923271255798e-07,1.165475879057036e-05,3.88843231155746e-05,0.005231144143616343,0.055837045034379695,0.021651184166373134,0.0013109929573208222,0.06989947664494184,0.04647042762547703,0.01087978257108854,/common/users/shared/pracsys/adaptive_roa_experiments/quadrotor_stoch/q2d_nd_clf_epi_var,0.976079162076471,0.7721536176016757
clf,noisy_dynamics_f_0.150,clf_epi_var,15,0.000306095318748301,1.0,0.019794119296714943,50.0,0.021390125578220055,0.0005641055726325993,0.0005641055726325993,0.017800470046473844,0.02049393875041456,0.019765205461703593,0.023354387718783075,0.022959083609549003,0.022959083609549003,0.9723899464139445,0.973675928376849,0.9896121003190986,-0.009134690747245013,0.004782005904403794,3.5727524329306405e-05,0.005177310013637864,-0.0009407132313039666,0.7839587716294012,0.6243977874263963,0.17510758027143328,0.07825319944455497,0.18267882128800783,0.059337315600780045,0.0,20,479789,0.865190784737221,0.9265666372462489,0.6435523114355232,0.7166711393386409,0.47084678866164337,0.10134099616858237,1.6777189260143511e-22,8.639833283265963e-06,2.648927979790637e-05,0.004782005904403769,0.057900452073724074,0.02361454722805233,0.0017132531175162416,0.06989947664494184,0.04647042762547703,0.01087978257108854,/common/users/shared/pracsys/adaptive_roa_experiments/quadrotor_stoch/q2d_nd_clf_epi_var,0.976500791467746,0.7917161683920655
clf,noisy_dynamics_f_0.150,clf_epi_var,16,0.0003068205771014601,1.0,0.019881916547790222,50.0,0.02155665933703322,0.0006790707200927522,0.0006790707200927522,0.01786985123926545,0.02034289749972484,0.019765205461703593,0.023354387718783075,0.022959083609549003,0.022959083609549003,0.9724316314046383,0.9725816973711361,0.989637111313515,-0.009863251152142337,0.0048520992806462574,3.5633791764117495e-05,0.0052474033898803315,-0.0009162038097300469,0.783380553872357,0.6025079317117389,0.1383015597920277,0.07834099669561846,0.18267882128800783,0.059337315600780045,0.0,20,479789,0.8689507339049557,0.9232336327437726,0.7254545454545455,0.7131526373855741,0.4471654108360244,0.0764367816091954,2.5980343033383707e-23,7.145983209396032e-06,2.4806784255752353e-05,0.004852099280646355,0.0573668841928431,0.022507810725131257,0.0011463372440802103,0.06989947664494184,0.04647042762547703,0.01087978257108854,/common/users/shared/pracsys/adaptive_roa_experiments/quadrotor_stoch/q2d_nd_clf_epi_var,0.9766860686603146,0.7886631991431835
clf,noisy_dynamics_f_0.150,clf_epi_var,17,0.0003055284995099685,1.0,0.019530040533802615,50.0,0.021610602549704587,0.0003170232251814639,0.0003170232251814639,0.017648359262999277,0.02164681146664944,0.019765205461703593,0.023354387718783075,0.022959083609549003,0.022959083609549003,0.9726734043506625,0.974121957777273,0.9895120563414335,-0.006923298499555185,0.00475155454257576,3.51967872780032e-05,0.005146858651809833,-0.000876193029155428,0.7925507507792598,0.6422108235836551,0.14856175972927244,0.0779891206816673,0.18267882128800783,0.059337315600780045,0.0,20,479789,0.8442893743257821,0.8981944220538449,0.636231884057971,0.7467871306318394,0.4997757445281665,0.08409961685823755,5.129795304250331e-06,1.165475794807744e-05,2.4728874148649798e-05,0.004751554542575782,0.061827178197082465,0.02585719972738016,0.001438132178936991,0.06989947664494184,0.04647042762547703,0.01087978257108854,/common/users/shared/pracsys/adaptive_roa_experiments/quadrotor_stoch/q2d_nd_clf_epi_var,0.9759308325281677,0.793042500154513
clf,noisy_dynamics_f_0.150,clf_epi_var,18,0.00027649894462448635,1.0,0.018198333535815125,50.0,0.020908437377899446,0.00041886762572597663,0.00041886762572597663,0.01797420636553915,0.021408611535508354,0.019765205461703593,0.023354387718783075,0.022959083609549003,0.022959083609549003,0.9738301628424162,0.9745429761832806,0.9895245618386416,-0.00758813682338306,0.004467608925808888,3.305931654563128e-05,0.004862913035042961,-0.0009361359439269421,0.800324417162304,0.6447973012272437,0.14026684912760862,0.07665741368366365,0.18267882128800783,0.059337315600780045,0.0,20,479789,0.8574884988924859,0.9169561621174525,0.6549520766773163,0.7503056325849062,0.49721923214926445,0.07854406130268199,1.5838484961365695e-22,1.1147732366323273e-05,2.017273357011447e-05,0.004467608925808922,0.061162302595515944,0.025198576874417712,0.0013047402087167485,0.06989947664494184,0.04647042762547703,0.01087978257108854,/common/users/shared/pracsys/adaptive_roa_experiments/quadrotor_stoch/q2d_nd_clf_epi_var,0.9770830663850016,0.8054099631419632
clf,noisy_dynamics_f_0.150,clf_epi_var,19,0.0002868258193746656,1.0,0.018659500511415555,50.0,0.02116485944620638,0.00047593167419955737,0.00047593167419955737,0.017984717998396037,0.021204685394751947,0.019765205461703593,0.023354387718783075,0.022959083609549003,0.022959083609549003,0.9734675034233798,0.9741615585184321,0.9894557816039967,-0.008069625552427755,0.004543846000302881,3.35285578295125e-05,0.004939150109536952,-0.0009064512850496427,0.7958365409289196,0.6357573086528573,0.13624722554208638,0.07711858065926834,0.18267882128800783,0.059337315600780045,0.0,20,479789,0.861044594829082,0.9216287588380612,0.6263736263736264,0.7398097623520291,0.4852439899533549,0.0764367816091954,1.0208547865703569e-07,1.25939438529478e-05,2.872098521814075e-05,0.004543846000302867,0.06005765034212956,0.02446700528774107,0.0013276669535983525,0.06989947664494184,0.04647042762547703,0.01087978257108854,/common/users/shared/pracsys/adaptive_roa_experiments/quadrotor_stoch/q2d_nd_clf_epi_var,0.9768671950832338,0.8020894005363075
clf,noisy_dynamics_f_0.150,clf_epi_var,20,0.0003101384045004903,1.0,0.01971353350051945,50.0,0.021795517930502082,0.000522878402130287,0.000522878402130287,0.017736790705099294,0.021214316977936663,0.019765205461703593,0.023354387718783075,0.022959083609549003,0.022959083609549003,0.9728276388162297,0.9726754886001971,0.9894766240993437,-0.008571170258357979,0.004852295521595223,3.566141471700279e-05,0.0052475996308292945,-0.0008928757849847755,0.7895051263421328,0.6097517413823897,0.09402476224654585,0.07817261364837812,0.18267882128800783,0.059337315600780045,0.0,20,479789,0.860940911331784,0.9065321295804567,0.7422096317280453,0.7290157139875362,0.4593649085037675,0.050191570881226055,1.5312821769501675e-07,1.1144329207633166e-05,2.537397756866167e-05,0.004852295521595224,0.05918851828616329,0.02354785124294221,0.0007357400857460259,0.06989947664494184,0.04647042762547703,0.01087978257108854,/common/users/shared/pracsys/adaptive_roa_experiments/quadrotor_stoch/q2d_nd_clf_epi_var,0.9762077739071782,0.788654651722376
clf,noisy_dynamics_f_0.150,clf_epi_var,21,0.00031099581730727747,1.0,0.020222813104013693,50.0,0.021891371112281604,0.0008582707368485914,0.0008582707368485914,0.01798544200924053,0.02021994346079531,0.019765205461703593,0.023354387718783075,0.022959083609549003,0.022959083609549003,0.9729360197920336,0.9711560706894072,0.9894516131049274,-0.010811118125372606,0.004949481669038354,3.5719258082120095e-05,0.005344785778272424,-0.0008824306681187123,0.7856093252100979,0.5715612519736231,0.08365019011406843,0.0786818932518467,0.18267882128800783,0.059337315600780045,0.0,20,479789,0.8801701812800592,0.9226386806596701,0.7623762376237624,0.7093955929272148,0.4140204520990312,0.044252873563218394,2.1437950523235136e-06,1.1113704451914923e-05,3.4409257515228226e-05,0.00494948166903832,0.056337264922705604,0.02085291659458637,0.0006315276090114613,0.06989947664494184,0.04647042762547703,0.01087978257108854,/common/users/shared/pracsys/adaptive_roa_experiments/quadrotor_stoch/q2d_nd_clf_epi_var,0.9766825382303663,0.7844216366292688
clf,noisy_dynamics_f_0.150,clf_epi_var,22,0.00027722575112733695,1.0,0.018356117242660383,50.0,0.021094576797652122,0.0006227874963886999,0.0006227874963886999,0.01817622915003874,0.020959401018198497,0.019765205461703593,0.023354387718783075,0.022959083609549003,0.022959083609549003,0.9743866574681788,0.9733403642017637,0.9894599501030661,-0.009018060378295181,0.0044797194098549825,3.252341034743065e-05,0.004875023519089054,-0.0009259225460439818,0.800900798729809,0.6174597003319676,0.09551064210338044,0.07681519739050362,0.18267882128800783,0.059337315600780045,0.0,20,479789,0.8769247143972185,0.9265775065074948,0.7196765498652291,0.7370068879148404,0.4629978471474704,0.051149425287356325,1.5312821807802377e-07,1.1157942761061506e-05,1.791361377141852e-05,0.004479719409854993,0.05874665738480874,0.023220624065995676,0.0007732565773704691,0.06989947664494184,0.04647042762547703,0.01087978257108854,/common/users/shared/pracsys/adaptive_roa_experiments/quadrotor_stoch/q2d_nd_clf_epi_var,0.9773327732095667,0.8048824819823468
clf,noisy_dynamics_f_0.150,clf_epi_var,23,0.0002751914129759699,1.0,0.01819104007497541,50.0,0.02113523600822607,0.00038732682566326016,0.00038732682566326016,0.01805590849696726,0.02170886353099598,0.019765205461703593,0.023354387718783075,0.022959083609549003,0.022959083609549003,0.9741407160230852,0.9741803167642443,0.9895787523265436,-0.007154942364085316,0.0044342187129018315,3.223250398642863e-05,0.004829522822135905,-0.0008562832253431697,0.8034721452218403,0.6422341593022585,0.12311469659768501,0.07665012022283399,0.18267882128800783,0.059337315600780045,0.0,20,479789,0.8569980401432723,0.9017842660178427,0.7282157676348547,0.7562393774040612,0.4986993182633656,0.06724137931034482,1.7864958770140364e-07,1.1147733335729291e-05,1.7246681920173666e-05,0.004434218712901872,0.06168128072965408,0.02569879676274362,0.0010046082757212025,0.06989947664494184,0.04647042762547703,0.01087978257108854,/common/users/shared/pracsys/adaptive_roa_experiments/quadrotor_stoch/q2d_nd_clf_epi_var,0.9769437163688885,0.8068642987537369
clf,noisy_dynamics_f_0.150,clf_epi_var_anch,0,0.0010239139209039323,1.0,0.04951982135215444,50.0,0.03433345054270788,0.0009981195681649348,0.0009981195681649348,0.011788294720865004,0.019689304072237145,0.019765205461703593,0.023354387718783075,0.022959083609549003,0.022959083609549003,0.948398150020113,0.9607285702673467,0.9892932101402908,-0.013313103777459919,0.01166121977317252,7.404016307713525e-05,0.012056523882406588,-0.0005076886836764168,0.5572128626104375,0.3697062955777079,0.11720226843100189,0.10797890150015833,0.18267882128800783,0.059337315600780045,0.0,20,479789,0.6961612369844036,0.7272966570150039,0.5692821368948247,0.46450189343113574,0.24784714747039827,0.06532567049808428,1.4819407467492213e-05,2.147186121762591e-05,0.0007329970756055778,0.011661219773172686,0.04663925183778703,0.01583612796458443,0.0012484654712800836,0.06989947664494184,0.04647042762547703,0.01087978257108854,/common/users/shared/pracsys/adaptive_roa_experiments/quadrotor_stoch/q2d_nd_clf_epi_var_anch,0.9526418025051361,0.492086880666158
clf,noisy_dynamics_f_0.150,clf_epi_var_anch,1,0.0008385701133738204,1.0,0.048202919848784505,50.0,0.030136949290300464,0.001149694923127059,0.001149694923127059,0.013741974375625325,0.016939594935292884,0.019765205461703593,0.023354387718783075,0.022959083609549003,0.022959083609549003,0.9565225547063396,0.9639070508077509,0.987725854490203,-0.014031205968009452,0.010093825970170845,6.793125132609124e-05,0.010489130079404923,-0.0002729781868798867,0.6310315551153248,0.4642514618073818,0.16313770072474063,0.1066619999966017,0.18267882128800783,0.059337315600780045,0.0,20,479789,0.775598939084308,0.7482796449586118,0.3159053384700055,0.5318901511763128,0.3365177610333692,0.10996168582375479,1.4972536874473593e-06,2.000194771609336e-05,0.0004950207745587663,0.010093825970170878,0.04793565504836501,0.02089877008434958,0.0037870814045340762,0.06989947664494184,0.04647042762547703,0.01087978257108854,/common/users/shared/pracsys/adaptive_roa_experiments/quadrotor_stoch/q2d_nd_clf_epi_var_anch,0.9609268953006849,0.5603558860697435
clf,noisy_dynamics_f_0.150,clf_epi_var_anch,2,0.0007115050139838208,1.0,0.0431424734701886,50.0,0.02830314653978555,0.0014748885186302311,0.0014748885186302311,0.014911113252120125,0.01621511183182947,0.019765205461703593,0.023354387718783075,0.022959083609549003,0.022959083609549003,0.9594259143081646,0.965095073042525,0.9888617704866097,-0.01668018283799109,0.009012332437562266,6.183325138797504e-05,0.00940763654679634,-0.000510526438496842,0.6430758511945142,0.45504539390192317,0.1788567916410572,0.10160155361798698,0.18267882128800783,0.059337315600780045,0.0,20,479789,0.8349362026280709,0.8289270895080024,0.4518633540372671,0.5229149894146763,0.3135988518119842,0.11149425287356322,4.50877531012569e-07,1.2696030685484896e-05,0.0002831717993332458,0.009012332437562422,0.04377757722665589,0.017580644825121044,0.0026845134006823835,0.06989947664494184,0.04647042762547703,0.01087978257108854,/common/users/shared/pracsys/adaptive_roa_experiments/quadrotor_stoch/q2d_nd_clf_epi_var_anch,0.965990200236494,0.6074611430129593
clf,noisy_dynamics_f_0.150,clf_epi_var_anch,3,0.0005977549661754522,1.0,0.03741184436692523,50.0,0.025138487003058756,0.001009451014195076,0.001009451014195076,0.01585428567507677,0.01674878727216248,0.019765205461703593,0.023354387718783075,0.022959083609549003,0.022959083609549003,0.9647782671132519,0.9696220630318745,0.9891202174289114,-0.013807074476613189,0.007429878019754312,5.480390598017765e-05,0.007825182128988382,-0.000684370928912997,0.7036251074203337,0.5591749085079999,0.26208651399491095,0.09587092451471158,0.18267882128800783,0.059337315600780045,0.0,20,479789,0.8542713567839196,0.8585492709204049,0.5,0.5981453320213496,0.41460351632579834,0.17758620689655172,1.8715671098731361e-07,1.2753879133612564e-05,0.00023420759734481782,0.007429878019754326,0.048942347573620905,0.022441114740021133,0.003864198637317654,0.06989947664494184,0.04647042762547703,0.01087978257108854,/common/users/shared/pracsys/adaptive_roa_experiments/quadrotor_stoch/q2d_nd_clf_epi_var_anch,0.9687160856783008,0.6763861247204082
clf,noisy_dynamics_f_0.150,clf_epi_var_anch,4,0.0005739102253827507,1.0,0.03498692112095697,50.0,0.025614842726561313,0.0009904758679306505,0.0009904758679306505,0.015920536673992555,0.01767008029203935,0.019765205461703593,0.023354387718783075,0.022959083609549003,0.022959083609549003,0.9647282451244192,0.9683673448119903,0.9893578218758663,-0.01381434306774196,0.007333371813562349,5.2584846067020294e-05,0.007728675922796424,-0.0006956509899247463,0.7054051701627644,0.5250211247770163,0.20714285714285713,0.0934460012687646,0.18267882128800783,0.059337315600780045,0.0,20,479789,0.8474569181863811,0.8685927306616962,0.5467213114754098,0.6041387124668277,0.37621097954790095,0.12777777777777777,9.16217171542152e-06,1.268582215449445e-05,0.0002235471751484051,0.0073333718135623616,0.04983023787539939,0.0201275977565138,0.0025427844323233756,0.06989947664494184,0.04647042762547703,0.01087978257108854,/common/users/shared/pracsys/adaptive_roa_experiments/quadrotor_stoch/q2d_nd_clf_epi_var_anch,0.9690008881620786,0.6805895244655018
clf,noisy_dynamics_f_0.150,clf_epi_var_anch,5,0.0006232904548169515,1.0,0.03719730135457341,50.0,0.02588865597630232,0.0008769288924201933,0.0008769288924201933,0.015478133827849912,0.0179725379794983,0.019765205461703593,0.023354387718783075,0.022959083609549003,0.022959083609549003,0.9638716185656612,0.9683610920633862,0.9895266460881763,-0.01342481464774224,0.0075831697031711505,5.48769278267378e-05,0.00797847381240522,-0.0007747089709481386,0.7001971704313537,0.5294190588381177,0.17147568013190437,0.09565638150239109,0.18267882128800783,0.059337315600780045,0.0,20,479789,0.8336559449775545,0.8571571973499297,0.6153846153846154,0.6035721740167576,0.38298349479727306,0.09961685823754789,1.9688941073845798e-25,1.2668807900017522e-05,0.00029838315544070544,0.00758316970317123,0.050607662951839244,0.020763293864594645,0.0017611908568141413,0.06989947664494184,0.04647042762547703,0.01087978257108854,/common/users/shared/pracsys/adaptive_roa_experiments/quadrotor_stoch/q2d_nd_clf_epi_var_anch,0.9673088620316778,0.669709391187669
clf,noisy_dynamics_f_0.150,clf_epi_var_anch,6,0.0005585896007240241,1.0,0.03426306109448246,50.0,0.025353088313256035,0.0011072427480494842,0.0011072427480494842,0.0160671191151761,0.017545569972077086,0.019765205461703593,0.023354387718783075,0.022959083609549003,0.022959083609549003,0.9648407945992926,0.9682443740894435,0.989616268818168,-0.014377523930434828,0.007233765575065632,5.216606625637498e-05,0.007629069684299708,-0.0007654416673567536,0.7046071409809657,0.5189441778226825,0.17734478203434612,0.09272214124229052,0.18267882128800783,0.059337315600780045,0.0,20,479789,0.8535850657615613,0.8764931740614335,0.6423444976076556,0.599904582997883,0.36858629350556155,0.1028735632183908,1.6163534126959656e-07,1.1736427125584268e-05,0.0001510644599870572,0.007233765575065596,0.049125761532673735,0.01954192363726555,0.0017424326110019196,0.06989947664494184,0.04647042762547703,0.01087978257108854,/common/users/shared/pracsys/adaptive_roa_experiments/quadrotor_stoch/q2d_nd_clf_epi_var_anch,0.9698514450985282,0.6849279484283507
clf,noisy_dynamics_f_0.150,clf_epi_var_anch,7,0.0005046512493541568,1.0,0.0310065232510042,50.0,0.02407217241196348,0.0008495667217028511,0.0008495667217028511,0.016458885070536316,0.018235756848352366,0.019765205461703593,0.023354387718783075,0.022959083609549003,0.022959083609549003,0.9671313848379184,0.9702619276390246,0.9896308585649108,-0.01265836966889646,0.006562178764595786,4.8636109456251666e-05,0.006957482873829859,-0.0007875864961197519,0.7310525956750118,0.5650795586173261,0.15806397021492638,0.08946560339881048,0.18267882128800783,0.059337315600780045,0.0,20,479789,0.8539384039204749,0.8819219790675548,0.6777939042089985,0.6390851894922026,0.4157247936849659,0.08946360153256705,2.552136967818542e-08,1.150843626013945e-05,0.00016762645508955272,0.006562178764595857,0.052312579071216725,0.02190546260960547,0.0014360479294022997,0.06989947664494184,0.04647042762547703,0.01087978257108854,/common/users/shared/pracsys/adaptive_roa_experiments/quadrotor_stoch/q2d_nd_clf_epi_var_anch,0.9710665804787952,0.7141794125499641
clf,noisy_dynamics_f_0.150,clf_epi_var_anch,8,0.0004981178349228085,1.0,0.03028238233614351,50.0,0.02375788045841952,0.0006963875365878118,0.0006963875365878118,0.01649481222936728,0.01874600170993481,0.019765205461703593,0.023354387718783075,0.022959083609549003,0.022959083609549003,0.9677649966964645,0.9710101732219788,0.9895599940807314,-0.011674468094061747,0.006367027202822979,4.7883977333707584e-05,0.00676233131205705,-0.0007936317139465576,0.7396997441766527,0.5822495870250788,0.12962641181581233,0.08874146248395723,0.18267882128800783,0.059337315600780045,0.0,20,479789,0.8491440936666795,0.8812619329029912,0.697196261682243,0.6552464442257805,0.4347416576964478,0.071455938697318,2.21349149746185e-25,1.1651355920116558e-05,0.0001752282858174711,0.006367027202823021,0.05393829370827593,0.022924660632069514,0.0011150735010598408,0.06989947664494184,0.04647042762547703,0.01087978257108854,/common/users/shared/pracsys/adaptive_roa_experiments/quadrotor_stoch/q2d_nd_clf_epi_var_anch,0.97091947378989,0.7226793842862769
clf,noisy_dynamics_f_0.150,clf_epi_var_anch,9,0.00047603956022335044,1.0,0.030115960150163077,50.0,0.02333002077529284,0.0007867094034314255,0.0007867094034314255,0.016629989255800445,0.018172213150578598,0.019765205461703593,0.023354387718783075,0.022959083609549003,0.022959083609549003,0.9678546194264562,0.9716146055870393,0.9892556936486664,-0.012047444718420692,0.006320441819506266,4.795225969042369e-05,0.006715745928740335,-0.000795361937673723,0.7393750950538215,0.5969636885561245,0.14411422878963973,0.08857504029794844,0.18267882128800783,0.059337315600780045,0.0,20,479789,0.8532371294851794,0.8774249673771205,0.5404732254047323,0.6523242985359454,0.4523681377825619,0.08314176245210728,2.22953726574827e-29,1.1807887037417432e-05,0.00015134560622524757,0.0063204418195062,0.05344015806948471,0.023958448401276394,0.001673652376357107,0.06989947664494184,0.04647042762547703,0.01087978257108854,/common/users/shared/pracsys/adaptive_roa_experiments/quadrotor_stoch/q2d_nd_clf_epi_var_anch,0.9719583558208472,0.7247084453807422
clf,noisy_dynamics_f_0.150,clf_epi_var_anch,10,0.0004939542466855381,1.0,0.03004178864663468,50.0,0.024573570622663885,0.0010379509285463435,0.0010379509285463435,0.0164821023036016,0.01830811511770888,0.019765205461703593,0.023354387718783075,0.022959083609549003,0.022959083609549003,0.9659808790947687,0.9695491142981603,0.9893453163786581,-0.013503779987107493,0.0066679113647503925,4.822901468871749e-05,0.0070632154739844666,-0.0008470208697433515,0.7180125082063508,0.5441497659906396,0.0735773831098224,0.08850086879444961,0.18267882128800783,0.059337315600780045,0.0,20,479789,0.8535633600328609,0.8939922083247899,0.6812080536912751,0.6196141574976891,0.3911015428776462,0.03888888888888889,1.8715671095402779e-07,1.2665404985936659e-05,0.0001450093763869244,0.006667911364750391,0.05074105492205949,0.020329769961378856,0.0006211063613380048,0.06989947664494184,0.04647042762547703,0.01087978257108854,/common/users/shared/pracsys/adaptive_roa_experiments/quadrotor_stoch/q2d_nd_clf_epi_var_anch,0.9717677618989969,0.7095741503385999
clf,noisy_dynamics_f_0.150,clf_epi_var_anch,11,0.00048272719123850237,1.0,0.028882881898824948,50.0,0.02419293786547245,0.0006790108374024176,0.0006790108374024176,0.01636560120045175,0.01950260163834825,0.019765205461703593,0.023354387718783075,0.022959083609549003,0.022959083609549003,0.9670876155976899,0.970320286625996,0.9894703713507396,-0.011298002639613511,0.006382477657681406,4.69114347617127e-05,0.006777781766915478,-0.0008900155888182668,0.7363376801188827,0.5659330610254223,0.08972972972972973,0.08734196204665427,0.18267882128800783,0.059337315600780045,0.0,20,479789,0.8366851331866131,0.8832540437678401,0.7545454545454545,0.6574827802128992,0.4163527090060998,0.04770114942528736,3.0236928143600235e-23,1.180788682682985e-05,0.0001560933033479148,0.006382477657681408,0.05492831223725429,0.02190546260960547,0.0006878023464481262,0.06989947664494184,0.04647042762547703,0.01087978257108854,/common/users/shared/pracsys/adaptive_roa_experiments/quadrotor_stoch/q2d_nd_clf_epi_var_anch,0.9713972039195615,0.7220064282083609
clf,noisy_dynamics_f_0.150,clf_epi_var_anch,12,0.00048178928230489175,1.0,0.028962805845956084,50.0,0.024312922520504966,0.0011253081381738372,0.0011253081381738372,0.016644597154888897,0.018443346800395256,0.019765205461703593,0.023354387718783075,0.022959083609549003,0.022959083609549003,0.9666228279514537,0.9687279199814919,0.9893828328702826,-0.01373675966155524,0.006584011144511683,4.789289377249428e-05,0.0069793152537457525,-0.0008557834483222627,0.7227397070535684,0.5220133800573431,0.08282319049333813,0.08742188599377083,0.18267882128800783,0.059337315600780045,0.0,20,479789,0.8617315552619628,0.9009236859467781,0.688622754491018,0.6223573963085547,0.367465016146394,0.044061302681992334,6.2442284480037245e-06,1.2665404942998216e-05,0.00014787342174420003,0.00658401114451175,0.05048260797975777,0.018954165268482603,0.0006961393445868913,0.06989947664494184,0.04647042762547703,0.01087978257108854,/common/users/shared/pracsys/adaptive_roa_experiments/quadrotor_stoch/q2d_nd_clf_epi_var_anch,0.972333457467163,0.7132284869691706
clf,noisy_dynamics_f_0.150,clf_epi_var_anch,13,0.0004330834178313958,1.0,0.025892325682011372,50.0,0.023369140710503555,0.0006107522503768109,0.0006107522503768109,0.016778445596119358,0.019710710217117518,0.019765205461703593,0.023354387718783075,0.022959083609549003,0.022959083609549003,0.9684986525326759,0.9714791293672844,0.9893348951309847,-0.010418165505381063,0.0059521017228469425,4.4415438501352004e-05,0.0063474058320810165,-0.000839288540959513,0.7491702071163038,0.5909607221856877,0.12274987142122408,0.08435140582984721,0.18267882128800783,0.059337315600780045,0.0,20,479789,0.8447546689621618,0.8859114536655315,0.5840130505709625,0.6730178608700838,0.4433530678148547,0.0685823754789272,5.350980509019644e-06,1.2665404866570926e-05,0.00012306625994522365,0.005952101722846958,0.05568906331741662,0.02325605630808543,0.0012776449647657615,0.06989947664494184,0.04647042762547703,0.01087978257108854,/common/users/shared/pracsys/adaptive_roa_experiments/quadrotor_stoch/q2d_nd_clf_epi_var_anch,0.9728910887249633,0.7407517728463962
clf,noisy_dynamics_f_0.150,clf_epi_var_anch,14,0.0004499110379658696,1.0,0.027842935782858527,50.0,0.024336146833949635,0.0014761676057019931,0.0014761676057019931,0.017005507306299017,0.018273688862762302,0.019765205461703593,0.023354387718783075,0.022959083609549003,0.022959083609549003,0.9674544435157955,0.9678191871843664,0.9892285984047154,-0.015052596781918517,0.006522854956975658,4.647016574833426e-05,0.006918159066209731,-0.0009068889519763196,0.7270725184835612,0.48748589258447855,0.02416918429003021,0.08630201593066472,0.18267882128800783,0.059337315600780045,0.0,20,479789,0.8784845413076533,0.9378033205619413,0.8421052631578947,0.6201806959477592,0.3293415859346968,0.012260536398467433,1.0208547869037903e-07,1.2665404950967597e-05,0.00012449001907363787,0.006522854956975708,0.04934669198335102,0.016319673856632813,0.00015840296463653813,0.06989947664494184,0.04647042762547703,0.01087978257108854,/common/users/shared/pracsys/adaptive_roa_experiments/quadrotor_stoch/q2d_nd_clf_epi_var_anch,0.973656790318972,0.7158921903022858
clf,noisy_dynamics_f_0.150,clf_epi_var_anch,15,0.00043435428424418035,1.0,0.02611363719929586,50.0,0.023540061015476562,0.0009988948343266158,0.0009988948343266158,0.016992245991567286,0.019359282453838413,0.019765205461703593,0.023354387718783075,0.022959083609549003,0.022959083609549003,0.9687862789684633,0.9703432133708776,0.9893140526356378,-0.01270477797764999,0.0059466274303093475,4.3546102431961696e-05,0.006341931539543422,-0.0010191050219989818,0.7460575846983416,0.5468038347612829,0.04684885666480758,0.08457271734712327,0.18267882128800783,0.059337315600780045,0.0,20,479789,0.864842552187758,0.9431930557081639,0.7924528301886793,0.6559620717416584,0.38500179404377466,0.02413793103448276,2.279909024289222e-06,1.2593944978196259e-05,0.0001227969208233845,0.005946627430309338,0.05301705541394238,0.018968755015225443,0.00033139567601591535,0.06989947664494184,0.04647042762547703,0.01087978257108854,/common/users/shared/pracsys/adaptive_roa_experiments/quadrotor_stoch/q2d_nd_clf_epi_var_anch,0.9734847132613875,0.7409902097383337
clf,noisy_dynamics_f_0.150,clf_epi_var_anch,16,0.0004000016828879176,1.0,0.024355931811162936,50.0,0.02306641509938977,0.0007346081782338335,0.0007346081782338335,0.017124074211839226,0.01991472508457881,0.019765205461703593,0.023354387718783075,0.022959083609549003,0.022959083609549003,0.9695324403018827,0.9715041403617006,0.9893536533767969,-0.011008251302488855,0.005630473597593804,4.130377918379497e-05,0.006025777706827876,-0.0009391439783498082,0.7569095686300595,0.582355816226784,0.056171470805617144,0.08281501195900066,0.18267882128800783,0.059337315600780045,0.0,20,479789,0.8556604128285145,0.9130268199233716,0.7916666666666666,0.6785937919312998,0.4275206315034087,0.029118773946360154,1.0208547863741764e-07,1.2593944911380155e-05,8.973968080941876e-05,0.005630473597593787,0.055434784874184274,0.02175956514217708,0.00040017591066072793,0.06989947664494184,0.04647042762547703,0.01087978257108854,/common/users/shared/pracsys/adaptive_roa_experiments/quadrotor_stoch/q2d_nd_clf_epi_var_anch,0.9740190693396575,0.7547605255789909
clf,noisy_dynamics_f_0.150,clf_epi_var_anch,17,0.0003994063777144112,1.0,0.024632174495976957,50.0,0.022910469543920918,0.0008237162313867911,0.0008237162313867911,0.01718714014759774,0.019429218351970104,0.019765205461703593,0.023354387718783075,0.022959083609549003,0.022959083609549003,0.9694928395607235,0.9713957593858967,0.9894245178609764,-0.011632775528911465,0.00565324598742521,4.1577376390332535e-05,0.006048550096659281,-0.0009424137059128451,0.7549185405957503,0.5786047654139032,0.08609510086455331,0.0830912546438,0.18267882128800783,0.059337315600780045,0.0,20,479789,0.8608798594668907,0.9172507788161994,0.7198795180722891,0.6721829621015595,0.4225870111230714,0.04578544061302682,5.265909277325757e-06,1.259394516602124e-05,8.809115097501734e-05,0.0056532459874252235,0.05457815831542616,0.021409411220348944,0.0006919708455175087,0.06989947664494184,0.04647042762547703,0.01087978257108854,/common/users/shared/pracsys/adaptive_roa_experiments/quadrotor_stoch/q2d_nd_clf_epi_var_anch,0.9742299276229281,0.7537686571656568
clf,noisy_dynamics_f_0.150,clf_epi_var_anch,18,0.00042814708314859487,1.0,0.026272789489787878,50.0,0.02359256084951321,0.0013222537291789917,0.0013222537291789917,0.01724066892340452,0.018543358294170018,0.019765205461703593,0.023354387718783075,0.022959083609549003,0.022959083609549003,0.9685465902719738,0.969638737028152,0.9892369354028542,-0.01425174809383401,0.006069347202992574,4.414818667202115e-05,0.006464651312226645,-0.0009713212123309009,0.7380716827215136,0.5284692325122196,0.02602791399471897,0.084731869637602,0.18267882128800783,0.059337315600780045,0.0,20,479789,0.8830467646814519,0.9495172734674887,0.8414634146341463,0.633986343441572,0.3661194833153929,0.013218390804597701,6.159157216141515e-06,1.2665405013848566e-05,0.00010893507710358706,0.006069347202992623,0.050184560296296914,0.017918293249741032,0.0001709084618446859,0.06989947664494184,0.04647042762547703,0.01087978257108854,/common/users/shared/pracsys/adaptive_roa_experiments/quadrotor_stoch/q2d_nd_clf_epi_var_anch,0.974200948660292,0.73564505856548
clf,noisy_dynamics_f_0.150,clf_epi_var_anch,19,0.00037739635562024327,1.0,0.023477483215552555,50.0,0.022269870938003256,0.0009081319138517232,0.0009081319138517232,0.01755683712146612,0.019418598611787394,0.019765205461703593,0.023354387718783075,0.022959083609549003,0.022959083609549003,0.971387422387758,0.9718542942835288,0.9894078438646988,-0.011885551737319951,0.00535848723415008,4.0246739493654246e-05,0.005753791343384152,-0.0009518911677845257,0.7692152511599758,0.5826688917732864,0.079014135556361,0.08193656336337189,0.18267882128800783,0.059337315600780045,0.0,20,479789,0.8817204301075269,0.9368912741005764,0.7315436241610739,0.6821719295106897,0.4228112665949049,0.04176245210727969,2.5521369679735936e-08,1.1147734158424487e-05,8.087295282266688e-05,0.0053584872341501276,0.054080022676634934,0.020971718818063773,0.0006211063613380048,0.06989947664494184,0.04647042762547703,0.01087978257108854,/common/users/shared/pracsys/adaptive_roa_experiments/quadrotor_stoch/q2d_nd_clf_epi_var_anch,0.9750914099900581,0.7666070943736879
clf,noisy_dynamics_f_0.150,clf_epi_var_anch,20,0.00035889292263208757,1.0,0.02258900256588252,50.0,0.022436214255838565,0.000993882648433423,0.000993882648433423,0.017645707128593528,0.019774048290241857,0.019765205461703593,0.023354387718783075,0.022959083609549003,0.022959083609549003,0.9713957593858967,0.9707579790282812,0.9893786643712131,-0.011983615356352529,0.0053362217684170135,3.900938596392553e-05,0.005731525877651083,-0.000971037360971887,0.7703019347927964,0.5544900292137686,0.059084194977843424,0.08104808271370441,0.18267882128800783,0.059337315600780045,0.0,20,479789,0.8779520048834459,0.9494345367551109,0.8163265306122449,0.6861675164743418,0.39159490491567994,0.03065134099616858,2.1948377925239013e-06,1.2593945109234378e-05,6.817063639039289e-05,0.005336221768416972,0.05463026455379344,0.019166758721021117,0.0004085129087994931,0.06989947664494184,0.04647042762547703,0.01087978257108854,/common/users/shared/pracsys/adaptive_roa_experiments/quadrotor_stoch/q2d_nd_clf_epi_var_anch,0.975552141049859,0.7675768833300645
clf,noisy_dynamics_f_0.150,clf_epi_var_anch,21,0.00038882126133421097,1.0,0.024111555222646696,50.0,0.022809819534962004,0.0011208355461093283,0.0011208355461093283,0.01759615369401628,0.019225525196869365,0.019765205461703593,0.023354387718783075,0.022959083609549003,0.022959083609549003,0.970853854506877,0.9703703086148286,0.989272367644944,-0.012932969988745081,0.00553266810666079,4.062586045093524e-05,0.00592797221589486,-0.0009510973549812654,0.7621121393576482,0.5476645029909635,0.029051122429730236,0.08257063537046704,0.18267882128800783,0.059337315600780045,0.0,20,479789,0.8872341268269497,0.9424003504161191,0.9506172839506173,0.6679190148194531,0.38598851811984214,0.01475095785440613,1.0208547871465525e-07,1.2593945098282955e-05,7.79155213535902e-05,0.005532668106660765,0.05262104800235103,0.019033366750800872,0.0001688242123099946,0.06989947664494184,0.04647042762547703,0.01087978257108854,/common/users/shared/pracsys/adaptive_roa_experiments/quadrotor_stoch/q2d_nd_clf_epi_var_anch,0.9749906626406694,0.75902051663945
clf,noisy_dynamics_f_0.150,clf_epi_var_anch,22,0.0003651257417340714,1.0,0.02274128409744077,50.0,0.02240086867420188,0.0009629739752637698,0.0009629739752637698,0.0176885836752371,0.01975719364989201,0.019765205461703593,0.023354387718783075,0.022959083609549003,0.022959083609549003,0.9717125653151698,0.9710893747042971,0.9893348951309847,-0.011858687954216235,0.005283636988922527,3.895357890158205e-05,0.005678941098156599,-0.0009498369206531482,0.7723659052027775,0.5652133028241858,0.04586984896513146,0.08120036424527284,0.18267882128800783,0.059337315600780045,0.0,20,479789,0.882691201840138,0.9384823566149683,0.8601398601398601,0.6865551480454424,0.40437746681019016,0.023563218390804597,2.2969232709697133e-07,1.2593945055197464e-05,6.59358012290671e-05,0.005283636988922535,0.05436764911242233,0.020023385279779236,0.00029804768346085466,0.06989947664494184,0.04647042762547703,0.01087978257108854,/common/users/shared/pracsys/adaptive_roa_experiments/quadrotor_stoch/q2d_nd_clf_epi_var_anch,0.9753504796070487,0.7698672525969203
clf,noisy_dynamics_f_0.150,clf_epi_var_anch,23,0.0003527555827298247,1.0,0.02192816738318141,50.0,0.02188112171223867,0.0007350919363320704,0.0007350919363320704,0.01768633990979723,0.020184751899193783,0.019765205461703593,0.023354387718783075,0.022959083609549003,0.022959083609549003,0.9720293712444429,0.9725337596318382,0.9894328548591151,-0.010524108487468467,0.005059597812841836,3.782928157007786e-05,0.005454901922075909,-0.0009482378232420078,0.7791964197571489,0.5974462365591399,0.08780136739834472,0.08038724753101248,0.18267882128800783,0.059337315600780045,0.0,20,479789,0.8692412172827723,0.9366858237547893,0.7218934911242604,0.7060559978531175,0.4385988518119842,0.04674329501915709,7.537311178984771e-06,1.2597348009882115e-05,7.731741493194519e-05,0.005059597812841843,0.05677704157452547,0.02175956514217708,0.0007044763427256564,0.06989947664494184,0.04647042762547703,0.01087978257108854,/common/users/shared/pracsys/adaptive_roa_experiments/quadrotor_stoch/q2d_nd_clf_epi_var_anch,0.9754623376842481,0.7796254459068446
clf,noisy_dynamics_f_0.150,clf_yield,0,0.0010239139209039323,1.0,0.04951982135215444,50.0,0.03433345054270788,0.0009981195681649348,0.0009981195681649348,0.011788294720865004,0.019689304072237145,0.019765205461703593,0.023354387718783075,0.022959083609549003,0.022959083609549003,0.948398150020113,0.9607285702673467,0.9892932101402908,-0.013313103777459919,0.01166121977317252,7.404016307713525e-05,0.012056523882406588,-0.0005076886836764168,0.5572128626104375,0.3697062955777079,0.11720226843100189,0.10797890150015833,0.18267882128800783,0.059337315600780045,0.0,20,479789,0.6961612369844036,0.7272966570150039,0.5692821368948247,0.46450189343113574,0.24784714747039827,0.06532567049808428,1.4819407467492213e-05,2.147186121762591e-05,0.0007329970756055778,0.011661219773172686,0.04663925183778703,0.01583612796458443,0.0012484654712800836,0.06989947664494184,0.04647042762547703,0.01087978257108854,/common/users/shared/pracsys/adaptive_roa_experiments/quadrotor_stoch/q2d_nd_clf_yield,0.9526418025051361,0.492086880666158
clf,noisy_dynamics_f_0.150,clf_yield,1,0.0008768223856315727,1.0,0.05660927107677413,50.0,0.030895629946673293,0.002280218496206144,0.002280218496206144,0.013968894496282597,0.014254611837779787,0.019765205461703593,0.023354387718783075,0.022959083609549003,0.022959083609549003,0.953414938650115,0.9620041309825778,0.9886679352798835,-0.019944590969909748,0.011145742534460417,7.40663259867791e-05,0.011541046643694486,-0.00012466507501213663,0.5733320607044001,0.38944336526224127,0.12938350680544436,0.11506835122453073,0.18267882128800783,0.059337315600780045,0.0,20,479789,0.7967423599320883,0.7688442211055276,0.39414634146341465,0.44777410024748787,0.2607642626480086,0.07739463601532567,1.8715671099302537e-07,1.5969571721209795e-05,0.00045773522299456175,0.011145742534460473,0.03928393522986146,0.015761094981335544,0.0021363557730585737,0.06989947664494184,0.04647042762547703,0.01087978257108854,/common/users/shared/pracsys/adaptive_roa_experiments/quadrotor_stoch/q2d_nd_clf_yield,0.9621247618870293,0.5145388760279288
clf,noisy_dynamics_f_0.150,clf_yield,2,0.0007408586511622782,1.0,0.046630680203763084,50.0,0.028695054169742797,0.0021630318520665347,0.0021630318520665347,0.015206183373884836,0.014821391178890971,0.019765205461703593,0.023354387718783075,0.022959083609549003,0.022959083609549003,0.9577209981887872,0.9636798676084696,0.9889993309558993,-0.019291963059534522,0.009520855180238772,6.405396393473279e-05,0.009916159289472844,-0.00039507690749193,0.6167072917257147,0.41758021390374334,0.11264290517821116,0.10508976035151246,0.18267882128800783,0.059337315600780045,0.0,20,479789,0.8417930465284226,0.819386149003148,0.46016483516483514,0.48659689298386855,0.2801847865087908,0.06417624521072797,4.4237040780171205e-06,5.79539262707297e-05,0.0004771601584395257,0.009520855180238862,0.040405261479525376,0.015890318452486406,0.00151733366125526,0.06989947664494184,0.04647042762547703,0.01087978257108854,/common/users/shared/pracsys/adaptive_roa_experiments/quadrotor_stoch/q2d_nd_clf_yield,0.9654333218713242,0.5853120559098048
clf,noisy_dynamics_f_0.150,clf_yield,3,0.0006153669291950903,1.0,0.04061554242607351,50.0,0.02639395904506236,0.0015660349654047735,0.0015660349654047735,0.015867705520823866,0.015787824846147012,0.019765205461703593,0.023354387718783075,0.022959083609549003,0.022959083609549003,0.9619374349974676,0.9671543115828,0.9891681551682093,-0.016505538719343495,0.008107930913964955,5.657145118933879e-05,0.008503235023199027,-0.0005494821401649565,0.6715822033593496,0.5030744489641471,0.15564581640942324,0.09907462257381792,0.18267882128800783,0.059337315600780045,0.0,20,479789,0.8460736780098781,0.8470850589359669,0.5122994652406417,0.5567582073530727,0.35777717976318624,0.0917624521072797,6.371835296990053e-06,1.5864083393625927e-05,0.00030041288429578103,0.008107930913964948,0.045997302981102106,0.01962737786818789,0.0019487733149363574,0.06989947664494184,0.04647042762547703,0.01087978257108854,/common/users/shared/pracsys/adaptive_roa_experiments/quadrotor_stoch/q2d_nd_clf_yield,0.9686738931317925,0.6468530255017342
clf,noisy_dynamics_f_0.150,clf_yield,4,0.0005548652442693178,1.0,0.03443937224663097,50.0,0.025498824669607647,0.0011068583487072467,0.0011068583487072467,0.016036675313921726,0.01747477325534781,0.019765205461703593,0.023354387718783075,0.022959083609549003,0.022959083609549003,0.9636861203570737,0.968773773471255,0.9896308585649108,-0.014130776869792742,0.0072710517581430914,5.125568544582005e-05,0.007666355867377163,-0.0007582148861914328,0.6977430043543882,0.5359023604485472,0.14415964218131774,0.09289845239441717,0.18267882128800783,0.059337315600780045,0.0,20,479789,0.8342321413755911,0.8662126977768877,0.7065767284991569,0.5996362226794287,0.38796196627197704,0.08026819923371648,1.1059260195040879e-07,2.5803806165292694e-05,0.0002844932198883634,0.007271051758143162,0.05024291928326827,0.020813315853427234,0.0012359599740719358,0.06989947664494184,0.04647042762547703,0.01087978257108854,/common/users/shared/pracsys/adaptive_roa_experiments/quadrotor_stoch/q2d_nd_clf_yield,0.9690871143799655,0.6833039209318024
clf,noisy_dynamics_f_0.150,clf_yield,5,0.0005253368284022427,1.0,0.033582258880011914,50.0,0.02544283959336238,0.0013244311711273393,0.0013244311711273393,0.01634006061373918,0.017152214215246202,0.019765205461703593,0.023354387718783075,0.022959083609549003,0.022959083609549003,0.9638049225805511,0.9682568795866516,0.989589173574217,-0.01512797944128455,0.007192108292742656,4.993488560347217e-05,0.007587412401976728,-0.0007513458741945055,0.6936348881518595,0.5160470289164284,0.14042333505420754,0.09204133902778901,0.18267882128800783,0.059337315600780045,0.0,20,479789,0.8493109258219208,0.8851100937431873,0.6903553299492385,0.5861883889435549,0.3641908862576247,0.07816091954022988,5.104273936172742e-08,1.5285599012050133e-05,0.00025596024809448507,0.007192108292742696,0.04824412397949932,0.019120905231257906,0.0012317914750025532,0.06989947664494184,0.04647042762547703,0.01087978257108854,/common/users/shared/pracsys/adaptive_roa_experiments/quadrotor_stoch/q2d_nd_clf_yield,0.9705078443654878,0.686742362410695
clf,noisy_dynamics_f_0.150,clf_yield,6,0.0005220001121728112,1.0,0.033053667102400354,50.0,0.024897151690079597,0.001442225988545312,0.001442225988545312,0.01657788007432394,0.01706735474176994,0.019765205461703593,0.023354387718783075,0.022959083609549003,0.022959083609549003,0.96529724524739,0.9684236195494269,0.9894432761067886,-0.0157382488225757,0.006986332502745265,4.949899972054422e-05,0.007381636611979338,-0.0008370970210251098,0.7045986800085161,0.5131748071979435,0.09050098760998383,0.09151274725017454,0.18267882128800783,0.059337315600780045,0.0,20,479789,0.8698909186489683,0.904918404351768,0.7220630372492837,0.5920923159495483,0.35813598851811984,0.04827586206896552,2.24025781876406e-28,1.0804046450557561e-05,0.00024254639370736587,0.006986332502745273,0.04757716412839811,0.018391417894115955,0.0007274030876072607,0.06989947664494184,0.04647042762547703,0.01087978257108854,/common/users/shared/pracsys/adaptive_roa_experiments/quadrotor_stoch/q2d_nd_clf_yield,0.9710232513401771,0.6957050803264835
clf,noisy_dynamics_f_0.150,clf_yield,7,0.0004633121850161129,1.0,0.030160430842048436,50.0,0.023632755893956893,0.0011082442474012986,0.0011082442474012986,0.016897247359215745,0.01782398278417877,0.019765205461703593,0.023354387718783075,0.022959083609549003,0.022959083609549003,0.9680255278883009,0.9705933233150406,0.9895808365760782,-0.014015331061851464,0.006234707235706,4.550359904449556e-05,0.006630011344940068,-0.0009353732620285618,0.7356777339375248,0.557058989734091,0.11033991813489946,0.08861951098982923,0.18267882128800783,0.059337315600780045,0.0,20,479789,0.871316627214105,0.9283247881134247,0.7769423558897243,0.6365804931866297,0.397918909221385,0.05938697318007663,7.656410904254704e-08,9.555200804505908e-06,0.00016215969218856286,0.006234707235706013,0.05106828209900602,0.01991917280304467,0.0008316155643418253,0.06989947664494184,0.04647042762547703,0.01087978257108854,/common/users/shared/pracsys/adaptive_roa_experiments/quadrotor_stoch/q2d_nd_clf_yield,0.972352211922332,0.7284426790835459
clf,noisy_dynamics_f_0.150,clf_yield,8,0.00048029050425951855,1.0,0.031632122875029235,50.0,0.02413765416976084,0.0015351850783962256,0.0015351850783962256,0.016916003791420036,0.01696153664545153,0.019765205461703593,0.023354387718783075,0.022959083609549003,0.022959083609549003,0.966560300465413,0.9691218431435485,0.989393254117956,-0.01594559748907512,0.0066804536013527396,4.8421841960936466e-05,0.0070757577105868144,-0.0008978112951724499,0.7153805215540181,0.5224202959285644,0.06020313942751616,0.09009120302279298,0.18267882128800783,0.059337315600780045,0.0,20,479789,0.8830639863355669,0.9287106017191977,0.8358974358974359,0.6012165667769925,0.36342841765339073,0.03122605363984674,3.848725081608102e-27,6.921395450607623e-06,0.00014353905035029298,0.006680453601352672,0.047589669625606255,0.018185077190181517,0.00040642865926480184,0.06989947664494184,0.04647042762547703,0.01087978257108854,/common/users/shared/pracsys/adaptive_roa_experiments/quadrotor_stoch/q2d_nd_clf_yield,0.9728649605257675,0.7090278638745735
clf,noisy_dynamics_f_0.150,clf_yield,9,0.00041177342072051397,1.0,0.025760516303002495,50.0,0.022511643239660085,0.0009136589416195434,0.0009136589416195434,0.017299648080248423,0.018857663947428667,0.019765205461703593,0.023354387718783075,0.022959083609549003,0.022959083609549003,0.9699993121976536,0.9715520781009985,0.9894682871012049,-0.012350904280974729,0.005648967346217913,4.256464544711443e-05,0.006044271455451983,-0.0009241271247022132,0.7566525781910398,0.5787215654804161,0.09460670130800931,0.08421959645080486,0.18267882128800783,0.059337315600780045,0.0,20,479789,0.8736969507671886,0.9279421953875087,0.7313019390581718,0.6672630229298984,0.42047900968783636,0.05057471264367816,5.104273936066289e-08,8.350592126205682e-06,0.00015114224548883073,0.005648967346217896,0.05338388333204805,0.021057173048986116,0.0007524140820235562,0.06989947664494184,0.04647042762547703,0.01087978257108854,/common/users/shared/pracsys/adaptive_roa_experiments/quadrotor_stoch/q2d_nd_clf_yield,0.9736764192070089,0.7539550165726812
clf,noisy_dynamics_f_0.150,clf_yield,10,0.0004064823322145916,1.0,0.025481148889730243,50.0,0.022283366181046017,0.0008336304935958835,0.0008336304935958835,0.017292898435096852,0.018949053639850277,0.019765205461703593,0.023354387718783075,0.022959083609549003,0.022959083609549003,0.9702931913820451,0.972237796197912,0.989393254117956,-0.011929749548764652,0.0055604921775942425,4.232238287787342e-05,0.005955796286828314,-0.0009393234904537945,0.7604578074318079,0.5940509569669633,0.09303154517911245,0.08394022903753097,0.18267882128800783,0.059337315600780045,0.0,20,479789,0.8713603450932059,0.9267782426778243,0.6675191815856778,0.6745982049676477,0.43711876569788305,0.05,5.104273936045423e-08,1.1314473774535292e-05,0.000131257942290326,0.005560492177594332,0.05411545491872469,0.02191796810681362,0.000814941568064295,0.06989947664494184,0.04647042762547703,0.01087978257108854,/common/users/shared/pracsys/adaptive_roa_experiments/quadrotor_stoch/q2d_nd_clf_yield,0.9739118593582642,0.7578086184902626
clf,noisy_dynamics_f_0.150,clf_yield,11,0.0003821585250907294,1.0,0.024350019957607986,50.0,0.022543336838528216,0.0009667580946746752,0.0009667580946746752,0.017496924761221996,0.01918686688548224,0.019765205461703593,0.023354387718783075,0.022959083609549003,0.022959083609549003,0.9709705724808197,0.9707809057731628,0.9893036313879643,-0.01232957445115064,0.005531530143967842,4.085443495843139e-05,0.005926834253201913,-0.0008973867990338426,0.76539549925886,0.5607945111062377,0.04786641929499072,0.08280910010541719,0.18267882128800783,0.059337315600780045,0.0,20,479789,0.8795633153962293,0.9300633897952821,0.7588235294117647,0.6774607150311596,0.4014172945819878,0.02471264367816092,4.812086078559307e-25,8.289340759521101e-06,0.00010599029629183955,0.005531530143967834,0.05383824973061075,0.020056733272334298,0.00035432242089751954,0.06989947664494184,0.04647042762547703,0.01087978257108854,/common/users/shared/pracsys/adaptive_roa_experiments/quadrotor_stoch/q2d_nd_clf_yield,0.9746537543347915,0.7590700814527631
clf,noisy_dynamics_f_0.150,clf_yield,12,0.00036247151413863434,1.0,0.0227138277149639,50.0,0.022013646647510907,0.0008502395718632144,0.0008502395718632144,0.017665324239713804,0.019649061757348353,0.019765205461703593,0.023354387718783075,0.022959083609549003,0.022959083609549003,0.9715875103430883,0.9721794372109407,0.9893578218758663,-0.01140372283129837,0.005202263872648026,3.8931341909476565e-05,0.005597567981882099,-0.0009417350690503878,0.7731327386499801,0.589620611203345,0.05584319526627218,0.0811729078627876,0.18267882128800783,0.059337315600780045,0.0,20,479789,0.8748446386200143,0.9373411534701858,0.8031914893617021,0.6926081641172437,0.4300771438823107,0.028927203065134098,3.4752670253330995e-25,8.912062112221847e-06,0.00011064508213374011,0.005202263872648041,0.05533890939558848,0.02132187273989191,0.00039183891252196276,0.06989947664494184,0.04647042762547703,0.01087978257108854,/common/users/shared/pracsys/adaptive_roa_experiments/quadrotor_stoch/q2d_nd_clf_yield,0.9751955083299033,0.7734115193306612
clf,noisy_dynamics_f_0.150,clf_yield,13,0.00034556783861383324,1.0,0.02222818560962023,50.0,0.02197533781175606,0.0009277623615247976,0.0009277623615247976,0.017879094968740395,0.01969375258020315,0.019765205461703593,0.023354387718783075,0.022959083609549003,0.022959083609549003,0.9723440929241812,0.9716521220786637,0.9893494848777274,-0.011599401182550203,0.005100666760444843,3.754527521903926e-05,0.005495970869678918,-0.0009070842418885611,0.7782920349546358,0.576490736416005,0.05789085545722714,0.08068726575744582,0.18267882128800783,0.059337315600780045,0.0,20,479789,0.8851474612344178,0.9427640289235156,0.7696078431372549,0.6944568685332617,0.41518658055256547,0.03007662835249042,2.5521369669118123e-08,8.34038324008942e-06,0.00010263792463865701,0.005100666760444866,0.05484077375679726,0.02046524618113379,0.00042518690507702345,0.06989947664494184,0.04647042762547703,0.01087978257108854,/common/users/shared/pracsys/adaptive_roa_experiments/quadrotor_stoch/q2d_nd_clf_yield,0.9756684347666456,0.7778366572817652
clf,noisy_dynamics_f_0.150,clf_yield,14,0.0003191561833378434,1.0,0.020480047327427347,50.0,0.021689495934928874,0.0007065533310738076,0.0007065533310738076,0.017864450436304566,0.020446816131425703,0.019765205461703593,0.023354387718783075,0.022959083609549003,0.022959083609549003,0.9725254226336993,0.9719626752593328,0.9893744958721438,-0.010027658816902655,0.004940231075639195,3.6099335083049904e-05,0.0053355351848732675,-0.000860955428679048,0.7849802629432681,0.5912736995624697,0.06424375917767988,0.07893912747525533,0.18267882128800783,0.059337315600780045,0.0,20,479789,0.8665058158378047,0.9165410700828938,0.7675438596491229,0.7174762202940036,0.4364011481880158,0.033524904214559385,5.180838045188809e-06,1.115113707367458e-05,8.025867723574816e-05,0.004940231075639176,0.05787752532884247,0.02212639306028275,0.00047520889390961443,0.06989947664494184,0.04647042762547703,0.01087978257108854,/common/users/shared/pracsys/adaptive_roa_experiments/quadrotor_stoch/q2d_nd_clf_yield,0.9762123560173158,0.7848245531200346
clf,noisy_dynamics_f_0.150,clf_yield,15,0.0002993302075734021,1.0,0.019441818813514807,50.0,0.021017134044881876,0.0004950425091018039,0.0004950425091018039,0.017940200492551867,0.020621641080741694,0.019765205461703593,0.023354387718783075,0.022959083609549003,0.022959083609549003,0.9737051078703347,0.9743199614830687,0.9893807486207479,-0.008567193036652184,0.00459080108020285,3.4632828809385716e-05,0.00498610518943692,-0.0009231245458960913,0.795586376745844,0.6402102496714849,0.12291272163883628,0.07790089896136428,0.18267882128800783,0.059337315600780045,0.0,20,479789,0.8711898087363826,0.9173989455184535,0.6061120543293718,0.7320571309300176,0.49165769644779334,0.06839080459770115,3.1476355909391874e-07,1.1647951695304688e-05,3.8833065018018434e-05,0.004590801080202873,0.05873623613713528,0.02490469769002624,0.0012276229759331707,0.06989947664494184,0.04647042762547703,0.01087978257108854,/common/users/shared/pracsys/adaptive_roa_experiments/quadrotor_stoch/q2d_nd_clf_yield,0.9765131811240122,0.8000442370315917
clf,noisy_dynamics_f_0.150,clf_yield,16,0.00029576639079955584,1.0,0.019304476127452667,50.0,0.02145211131761469,0.0005220737293356764,0.0005220737293356764,0.01794070850154718,0.02132783133971981,0.019765205461703593,0.023354387718783075,0.022959083609549003,0.022959083609549003,0.9737509613600979,0.9727546900825155,0.9893786643712131,-0.008377339660986726,0.004660963013204636,3.390977959524282e-05,0.005056267122438706,-0.000879485824132868,0.798888569512312,0.6101866762092204,0.0693937180423667,0.07776355627530326,0.18267882128800783,0.059337315600780045,0.0,20,479789,0.8600309437854564,0.9103933084178679,0.7421875,0.7458627784238304,0.45887154646573375,0.03639846743295019,2.552136966859604e-08,1.0739391587483217e-05,3.439646898900292e-05,0.004660963013204672,0.06062039771649621,0.023422796270860732,0.0005335678808809706,0.06989947664494184,0.04647042762547703,0.01087978257108854,/common/users/shared/pracsys/adaptive_roa_experiments/quadrotor_stoch/q2d_nd_clf_yield,0.9765045975648002,0.7969882817419561
clf,noisy_dynamics_f_0.150,clf_yield,17,0.0002757695134693493,1.0,0.01844225855815541,50.0,0.021135268470921894,0.0007102368881894536,0.0007102368881894536,0.01820763548292134,0.020690059187310296,0.019765205461703593,0.023354387718783075,0.022959083609549003,0.022959083609549003,0.9738405840900896,0.9728109648199521,0.9894161808628377,-0.009586370486584438,0.004555674365971809,3.302307908309695e-05,0.004950978475205879,-0.000906010648845307,0.7953296479298141,0.6061411189275686,0.07806826434277415,0.07690133870599733,0.18267882128800783,0.059337315600780045,0.0,20,479789,0.877636219678975,0.92729792147806,0.7465277777777778,0.7271371917583564,0.4502152852529602,0.04118773946360153,4.221348408078831e-23,8.285936987390279e-06,2.482051562376978e-05,0.004555674365971789,0.05791295757093222,0.022562001213033228,0.000600263865991092,0.06989947664494184,0.04647042762547703,0.01087978257108854,/common/users/shared/pracsys/adaptive_roa_experiments/quadrotor_stoch/q2d_nd_clf_yield,0.9774897909625807,0.8015742072528957
clf,noisy_dynamics_f_0.150,clf_yield,18,0.00029623945743787833,1.0,0.019187156702685015,50.0,0.021604649344891324,0.0006842258585290278,0.0006842258585290278,0.018052137341336982,0.020929041701466287,0.019765205461703593,0.023354387718783075,0.022959083609549003,0.022959083609549003,0.9734716719224492,0.97269007834694,0.9893890856188866,-0.009401954014488168,0.004686227582871098,3.399310810133091e-05,0.00508153169210517,-0.0009049445438699521,0.792223056580365,0.6023730768063605,0.08877751924109538,0.07764623685054367,0.18267882128800783,0.059337315600780045,0.0,20,479789,0.875329172829263,0.9313127521816646,0.6757493188010899,0.7235292363658049,0.4451471115895228,0.0475095785440613,2.5521369656225127e-08,1.0885713431264012e-05,2.8892733775937622e-05,0.004686227582871105,0.05777748135117729,0.02221184729120509,0.0007649195792317039,0.06989947664494184,0.04647042762547703,0.01087978257108854,/common/users/shared/pracsys/adaptive_roa_experiments/quadrotor_stoch/q2d_nd_clf_yield,0.9768641581990732,0.7958878645782695
clf,noisy_dynamics_f_0.150,clf_yield,19,0.0002587832003878141,1.0,0.01750403995457954,50.0,0.02022191689611715,0.000534781847433664,0.000534781847433664,0.018310552549675056,0.02095891299668789,0.019765205461703593,0.023354387718783075,0.022959083609549003,0.022959083609549003,0.9753329067569285,0.9749765000864964,0.9893995068665601,-0.008411948699020717,0.004232388642901653,3.2002513859678654e-05,0.004627692752135725,-0.0009509242644059569,0.810126582278481,0.6497053159829608,0.0816179126038281,0.07596312010241126,0.18267882128800783,0.059337315600780045,0.0,20,479789,0.8768493436132527,0.9295374853898815,0.710691823899371,0.7528401467036407,0.4993720846788662,0.043295019157088124,2.0695171882644755e-24,8.285937880006145e-06,2.5089492998481092e-05,0.004232388642901701,0.06001388110190104,0.02496514092653229,0.0006627913520318307,0.06989947664494184,0.04647042762547703,0.01087978257108854,/common/users/shared/pracsys/adaptive_roa_experiments/quadrotor_stoch/q2d_nd_clf_yield,0.977809698716131,0.8156551578939613
clf,noisy_dynamics_f_0.150,clf_yield,20,0.0002545126364462669,1.0,0.016933288982279388,50.0,0.02027097032018616,0.0004885175264204974,0.0004885175264204974,0.018345148562374063,0.021663649204167516,0.019765205461703593,0.023354387718783075,0.022959083609549003,0.022959083609549003,0.9753870972448305,0.9750744598146268,0.9893515691272622,-0.007621420628458995,0.004146250706619529,3.108122732120381e-05,0.004541554815853601,-0.0009562018669759097,0.8129445122047805,0.6518992868578082,0.05650969529085872,0.07539236913013056,0.18267882128800783,0.059337315600780045,0.0,20,479789,0.8671014394809758,0.9286010448627581,0.7846153846153846,0.7651549035393744,0.5022425547183351,0.029310344827586206,1.276068483641331e-07,1.114773373770447e-05,1.9110327596034584e-05,0.0041462507066194944,0.06168128072965408,0.025133965138842283,0.00040642865926480184,0.06989947664494184,0.04647042762547703,0.01087978257108854,/common/users/shared/pracsys/adaptive_roa_experiments/quadrotor_stoch/q2d_nd_clf_yield,0.9779216142767224,0.8194069599147658
clf,noisy_dynamics_f_0.150,clf_yield,21,0.0002455069557365093,1.0,0.016617601715076934,50.0,0.02018526987977082,0.0005974566239297909,0.0005974566239297909,0.018512739607520243,0.02150270071914884,0.019765205461703593,0.023354387718783075,0.022959083609549003,0.022959083609549003,0.975931086373385,0.9740886097847179,0.9892119244084379,-0.008229954363848452,0.004130576342285888,3.0424532497216178e-05,0.0045258804515199615,-0.0009132242836726607,0.8163077020965227,0.6307911617961511,0.033607169529499624,0.0750766818629109,0.18267882128800783,0.059337315600780045,0.0,20,479789,0.8748678782092809,0.9335443037974683,0.6617647058823529,0.7650952679130513,0.47631862217438103,0.017241379310344827,1.1569687588653465e-05,1.1644550245586385e-05,1.7183964566016857e-05,0.004130576342285858,0.06112895460296088,0.02371042270664813,0.00028345793671801563,0.06989947664494184,0.04647042762547703,0.01087978257108854,/common/users/shared/pracsys/adaptive_roa_experiments/quadrotor_stoch/q2d_nd_clf_yield,0.97826852813869,0.8200896685367737
clf,noisy_dynamics_f_0.150,clf_yield,22,0.0002937102899680581,1.0,0.019043662973680413,50.0,0.021953483995918593,0.000529961265154147,0.000529961265154147,0.017879314584868387,0.02194061877883186,0.019765205461703593,0.023354387718783075,0.022959083609549003,0.022959083609549003,0.9733320272036249,0.9730131370248172,0.9891806606654175,-0.008030872355473128,0.004706827488652052,3.354296978997691e-05,0.005102131597886126,-0.0009029028011827102,0.797229837878956,0.6128685044549423,0.011802779364172853,0.0775027431215511,0.18267882128800783,0.059337315600780045,0.0,20,479789,0.8507982681639832,0.9191928251121076,0.9393939393939394,0.7500074544532904,0.4596788661643344,0.0059386973180076625,2.2413733562879156e-22,8.64663830759798e-06,2.0011972012109496e-05,0.004706827488652073,0.061618753243613336,0.0232393823118079,6.878023464481262e-05,0.06989947664494184,0.04647042762547703,0.01087978257108854,/common/users/shared/pracsys/adaptive_roa_experiments/quadrotor_stoch/q2d_nd_clf_yield,0.9765385058704091,0.7949906203270928
clf,noisy_dynamics_f_0.150,clf_yield,23,0.0002409732492543586,1.0,0.0167258420491943,50.0,0.01940218070661593,0.00041334700701831496,0.00041334700701831496,0.01847634746612375,0.020880375627031555,0.019765205461703593,0.023354387718783075,0.022959083609549003,0.022959083609549003,0.9759560973678013,0.9769690426416612,0.989082700937287,-0.007645471236958884,0.003937200592011271,3.0414969574558533e-05,0.004332504701245342,-0.0009588825584322964,0.8173585383616732,0.6881878209831255,0.0673076923076923,0.07518492219700228,0.18267882128800783,0.059337315600780045,0.0,20,479789,0.8713248945147679,0.9278648607517882,0.4772727272727273,0.769687211139935,0.5469142447075709,0.03620689655172414,5.1297953058500965e-06,1.180788701160576e-05,1.7580187396424537e-05,0.0039372005920112405,0.061745892465229504,0.027391207384912953,0.0008253628157377514,0.06989947664494184,0.04647042762547703,0.01087978257108854,/common/users/shared/pracsys/adaptive_roa_experiments/quadrotor_stoch/q2d_nd_clf_yield,0.9782142039263838,0.8285122934796172
fm,noisy_dynamics_f_0.150,dir00_s42,0,0.0150780814095019,100.0,0.19545809906186648,50.0,0.0434348223906759,0.007492171230290743,0.007479148664457879,0.007009313618313286,0.0013022565832863694,0.019765205461703593,0.023354387718783075,0.022959083609549003,0.022959083609549003,0.9307195454668614,0.953529572374523,0.9891202174289114,-0.04327037510238874,0.02342891865569305,0.00013867727210441146,0.023837245330759985,-5.48172618408671e-16,0.01755630430927469,nan,nan,0.25391717920948653,0.18267882128800783,0.059337315600780045,0.0,47,479789,1.0,nan,nan,0.00885589050899007,0.0,0.0,0.014869558152780288,0.014927459334888123,0.014913725009793998,0.023428918655693305,0.0006190221118033136,0.0,0.0,0.06989947664494184,0.04647042762547703,0.01087978257108854,/common/users/shared/pracsys/adaptive_roa_experiments/quadrotor_stoch/q2d_nd_dir00_s42,0.6786833933514448,-0.02046401564340461
fm,noisy_dynamics_f_0.150,dir00_s42,1,0.010466848066141348,100.0,0.16633309785089745,50.0,0.04257188055582766,0.009609702514691622,0.009587947758060492,0.010108178989156535,0.0021754756631129366,0.019765205461703593,0.023354387718783075,0.022959083609549003,0.022959083609549003,0.9312322708523956,0.9535587518680086,0.9891202174289114,-0.042267746863725496,0.02243885237845261,0.00013306260129025064,0.022855911244317812,-3.5041414214731503e-16,0.03186619718309859,0.0012550425818018825,nan,0.2247921779985263,0.18267882128800783,0.059337315600780045,0.0,59,479789,1.0,1.0,nan,0.016191072546739422,0.0006279153211338357,0.0,0.01026658346700143,0.010248902262086901,0.010191935587466332,0.022438852378451838,0.0011317474973373712,2.917949348567808e-05,0.0,0.06989947664494184,0.04647042762547703,0.01087978257108854,/common/users/shared/pracsys/adaptive_roa_experiments/quadrotor_stoch/q2d_nd_dir00_s42,0.7596891627558633,0.022659059043629304
fm,noisy_dynamics_f_0.150,dir00_s42,2,0.004602118594270428,100.0,0.10220452479213486,50.0,0.03834919099854311,0.008585960047798566,0.008519140788802329,0.013898588993454329,0.00668192589962368,0.019765205461703593,0.023354387718783075,0.022959083609549003,0.022959083609549003,0.9374120707227552,0.9537025650859023,0.9891202174289114,-0.03653414313375255,0.017579635404897043,0.00010576051105941276,0.018041758773127355,4.5102810375396984e-17,0.19443624755210986,0.0074176683497922166,nan,0.16066360493979961,0.18267882128800783,0.059337315600780045,0.0,67,479789,0.9689839572192513,1.0,nan,0.10805975489757581,0.0037226408324363114,0.0,0.004006004327573694,0.004121898568719098,0.004110975847851911,0.017579635404897927,0.0077950932597454295,0.00017299271137937719,0.0,0.06989947664494184,0.04647042762547703,0.01087978257108854,/common/users/shared/pracsys/adaptive_roa_experiments/quadrotor_stoch/q2d_nd_dir00_s42,0.871452637847441,0.23430587632054156
fm,noisy_dynamics_f_0.150,dir00_s42,3,0.013235343393339174,100.0,0.18054178630972856,50.0,0.042813590974365816,0.007926243717789478,0.007907121585166828,0.008112928758936721,0.0019122132622650565,0.019765205461703593,0.023354387718783075,0.022959083609549003,0.022959083609549003,0.9312927140889016,0.9535462463708005,0.9891202174289114,-0.042535010181558974,0.022753276435778656,0.00013544314550517538,0.023167702677635363,-4.718447854656915e-16,0.03359620063909003,0.0007173601147776185,nan,0.23900086645735502,0.18267882128800783,0.059337315600780045,0.0,56,479789,0.9982578397212544,1.0,nan,0.017085606941586905,0.0003588087549336204,0.0,0.013065767293599097,0.013015435749739627,0.012932881775232732,0.022753276435777653,0.0011963592329128012,1.667399627753033e-05,0.0,0.06989947664494184,0.04647042762547703,0.01087978257108854,/common/users/shared/pracsys/adaptive_roa_experiments/quadrotor_stoch/q2d_nd_dir00_s42,0.715711051075437,0.008964084859412691
fm,noisy_dynamics_f_0.150,dir00_s42,4,0.004439637001449551,100.0,0.09927776065482749,50.0,0.03811708897035989,0.008561504040643295,0.008492465051682007,0.01410071592171443,0.006903898896128814,0.019765205461703593,0.023354387718783075,0.022959083609549003,0.022959083609549003,0.9373578802348532,0.9537505028252002,0.9891202174289114,-0.036256896260647924,0.017350832739516642,0.00010456846288572894,0.017815175837711996,5.551115123125783e-17,0.19572372822392894,0.009463440764217481,nan,0.15773684080249292,0.18267882128800783,0.059337315600780045,0.0,63,479789,0.9543319415448852,1.0,nan,0.10904374273190805,0.00475421600287047,0.0,0.003802939296146242,0.003956469050447717,0.003967450045109121,0.017350832739516858,0.007986844216937029,0.0002209304506772769,0.0,0.06989947664494184,0.04647042762547703,0.01087978257108854,/common/users/shared/pracsys/adaptive_roa_experiments/quadrotor_stoch/q2d_nd_dir00_s42,0.8752395027577083,0.24427154695755415
fm,noisy_dynamics_f_0.150,dir00_s42,5,0.004259706389159961,100.0,0.0940021585488746,50.0,0.03756332471148776,0.008050051356526939,0.007973936085653765,0.014257153289266657,0.007611527087317487,0.019765205461703593,0.023354387718783075,0.022959083609549003,0.022959083609549003,0.9388689611475044,0.9536671328438125,0.9891202174289114,-0.03532004693729952,0.016675866405936202,0.00010043073108046117,0.017147285786043447,9.020562075079397e-17,0.2345633905736208,0.006258381761287438,nan,0.1524612386965462,0.18267882128800783,0.059337315600780045,0.0,61,479789,0.9399707174231332,0.9459459459459459,nan,0.1340012523481528,0.0031395766056691783,0.0,0.003700411447014953,0.0037692442824688757,0.0037412966812437115,0.016675866405936175,0.009964797025359065,0.00015423446556715557,0.0,0.06989947664494184,0.04647042762547703,0.01087978257108854,/common/users/shared/pracsys/adaptive_roa_experiments/quadrotor_stoch/q2d_nd_dir00_s42,0.8807515716515899,0.27367020872729964
fm,noisy_dynamics_f_0.150,dir00_s42,6,0.003744970496804371,100.0,0.08821496306241666,50.0,0.03683131543240883,0.008341980950885845,0.008263903860137768,0.015063352906489797,0.0078077090748077385,0.019765205461703593,0.023354387718783075,0.022959083609549003,0.022959083609549003,0.9397881151923033,0.9540735615030774,0.9891202174289114,-0.0349168071798228,0.016159634563197085,9.783077340997525e-05,0.016633015763179233,1.0755285551056204e-16,0.2522583149993529,0.02314137518287006,nan,0.1466740432100861,0.18267882128800783,0.059337315600780045,0.0,67,479789,0.9558650451157317,1.0,nan,0.14530220353639264,0.011706135629709366,0.0,0.0031679931398558687,0.003239992326574918,0.003247709138054094,0.016159634563196915,0.010625504127856204,0.000543989128554427,0.0,0.06989947664494184,0.04647042762547703,0.01087978257108854,/common/users/shared/pracsys/adaptive_roa_experiments/quadrotor_stoch/q2d_nd_dir00_s42,0.8916104360147901,0.2961550714299386
fm,noisy_dynamics_f_0.150,dir00_s42,7,0.004386683221232009,100.0,0.10312844492971153,50.0,0.03931465706800283,0.010111834332012742,0.010052748763021778,0.014620533633595816,0.0059085568990964905,0.019765205461703593,0.023354387718783075,0.022959083609549003,0.022959083609549003,0.9332414874038379,0.9535399936221964,0.9891202174289114,-0.037860976387537035,0.01839129873897502,0.00010840133146036368,0.01884568841720006,5.551115123125783e-17,0.08891796563886678,0.0004484103851845209,nan,0.16158752507737403,0.18267882128800783,0.059337315600780045,0.0,52,479789,0.9654107473749228,1.0,nan,0.04660524197155381,0.00022425547183351274,0.0,0.0037494209839254574,0.0038878574001976708,0.00392842149052465,0.018391298738975447,0.0033743999966652006,1.0421247673456457e-05,0.0,0.06989947664494184,0.04647042762547703,0.01087978257108854,/common/users/shared/pracsys/adaptive_roa_experiments/quadrotor_stoch/q2d_nd_dir00_s42,0.8751525149212281,0.19895327480205605
fm,noisy_dynamics_f_0.150,dir00_s42,8,0.003985751609491655,100.0,0.0868825048554135,50.0,0.03576178278368199,0.007170805026475552,0.007085445776278217,0.014860752126570113,0.008535925019733525,0.019765205461703593,0.023354387718783075,0.022959083609549003,0.022959083609549003,0.9432354639226826,0.9550469060357782,0.9891160489298421,-0.03337248248709329,0.015183777259257226,9.342160563863976e-05,0.015664440618688637,1.214306433183765e-16,0.33431916505756115,0.06470078057241978,nan,0.14534158500308095,0.18267882128800783,0.059337315600780045,0.0,76,479789,0.9271963123644251,0.9764397905759162,0.0,0.2039240242120643,0.0334589163975601,0.0,0.0034617951476220454,0.003538932636770143,0.0035494887006263316,0.015183777259256763,0.015373424567882965,0.0015923666445041467,4.168499069382583e-06,0.06989947664494184,0.04647042762547703,0.01087978257108854,/common/users/shared/pracsys/adaptive_roa_experiments/quadrotor_stoch/q2d_nd_dir00_s42,0.8848468845510044,0.33865926369369204
fm,noisy_dynamics_f_0.150,dir00_s42,9,0.0034713387311809656,100.0,0.07783938570615424,50.0,0.034608108981239664,0.006764543954789436,0.006669089555653419,0.01538922069645558,0.00954543991360175,0.019765205461703593,0.023354387718783075,0.022959083609549003,0.022959083609549003,0.9450883617590232,0.955109433521819,0.9891202174289114,-0.03203731223517005,0.014238952468746935,8.864997947988542e-05,0.014729710977117021,8.847089727481716e-17,0.3700444742001817,0.06664933263997226,nan,0.13629846585383024,0.18267882128800783,0.059337315600780045,0.0,72,479789,0.9339770669885334,0.985897435897436,nan,0.23073023824432717,0.03449049156799426,0.0,0.0029099380638893634,0.0029909173698868204,0.00300327609315476,0.014238952468747344,0.01726800739491735,0.0016257146370592074,0.0,0.06989947664494184,0.04647042762547703,0.01087978257108854,/common/users/shared/pracsys/adaptive_roa_experiments/quadrotor_stoch/q2d_nd_dir00_s42,0.8975420793187474,0.3798118117038105
fm,noisy_dynamics_f_0.150,dir00_s42,10,0.003677945123844961,100.0,0.07887183468475306,50.0,0.03451000335564174,0.0067339504037898365,0.006639497267603772,0.015536621430443757,0.009445313618606463,0.019765205461703593,0.023354387718783075,0.022959083609549003,0.022959083609549003,0.9461742557665974,0.9548676605757948,0.9891202174289114,-0.03219010856855826,0.014061959446709111,8.703792331111359e-05,0.014551716692129249,9.367506770274758e-17,0.38528004570231605,0.05597698142819775,nan,0.13733091483242504,0.18267882128800783,0.059337315600780045,0.0,71,479789,0.9550389426481001,1.0,nan,0.24131556191668904,0.028794402583423036,0.0,0.003167389134106758,0.0032244208882202985,0.0032228215490536327,0.014061959446709354,0.017661930556974004,0.001338088201271809,0.0,0.06989947664494184,0.04647042762547703,0.01087978257108854,/common/users/shared/pracsys/adaptive_roa_experiments/quadrotor_stoch/q2d_nd_dir00_s42,0.8932746528768049,0.3875208747068395
fm,noisy_dynamics_f_0.150,dir00_s42,11,0.0032983029237941344,100.0,0.07359635329052895,50.0,0.03351940123679368,0.006002613718560654,0.005899014533304324,0.015500431153323136,0.010359918525633033,0.019765205461703593,0.023354387718783075,0.022959083609549003,0.022959083609549003,0.9482376628059418,0.9554324921996962,0.9891202174289114,-0.030696868831924035,0.01335766698953028,8.475273158696635e-05,0.013856570284020688,9.367506770274758e-17,0.430272303915946,0.07946962848163934,nan,0.13205543343820705,0.18267882128800783,0.059337315600780045,0.0,73,479789,0.9327630793713945,0.9892818863879957,nan,0.27963145182932286,0.041397560100466455,0.0,0.002786499705866221,0.002835335697462964,0.002842240504030087,0.013357666989530753,0.020955044821786242,0.0019446048158669748,0.0,0.06989947664494184,0.04647042762547703,0.01087978257108854,/common/users/shared/pracsys/adaptive_roa_experiments/quadrotor_stoch/q2d_nd_dir00_s42,0.9010010447842103,0.41819685764920345
fm,noisy_dynamics_f_0.150,dir00_s42,12,0.00293815691111393,100.0,0.07082951433215243,50.0,0.03339192853525194,0.006127580618689101,0.0060230533950111674,0.015618339533977375,0.010452722367793366,0.019765205461703593,0.023354387718783075,0.022959083609549003,0.022959083609549003,0.9479271096252728,0.9559347963375567,0.9891181331793768,-0.030457847095285633,0.013363797470582861,8.50442670978501e-05,0.01386362880349487,6.938893903907228e-17,0.42356144155784237,0.10179284561135185,0.00038292169251388086,0.12928859447983754,0.18267882128800783,0.059337315600780045,0.0,77,479789,0.9361550229474758,0.964573268921095,0.3333333333333333,0.2736977070101679,0.05373161105130965,0.00019157088122605365,0.0023771709646779843,0.0024439535834343573,0.002467157187391984,0.013363797470583317,0.02043606668764811,0.0025886379220865837,6.252748604073874e-06,0.06989947664494184,0.04647042762547703,0.01087978257108854,/common/users/shared/pracsys/adaptive_roa_experiments/quadrotor_stoch/q2d_nd_dir00_s42,0.9088494859535071,0.41792983997738176
fm,noisy_dynamics_f_0.150,dir00_s42,13,0.0032045313006255458,100.0,0.07392432423329619,50.0,0.03343859488233368,0.006215762493680646,0.006115298716579639,0.015623441346691566,0.010046377710100723,0.019765205461703593,0.023354387718783075,0.022959083609549003,0.022959083609549003,0.9481605455731582,0.9562953715070583,0.9891264701775155,-0.030899395359209988,0.013450940979437165,8.594171565718459e-05,0.01394670886577224,8.500145032286355e-17,0.42585410895660203,0.11317403256502431,0.0015311004784688996,0.1323834043809742,0.18267882128800783,0.059337315600780045,0.0,79,479789,0.9428600633752428,0.9918458117123795,0.8,0.2750395086024391,0.06001076426264801,0.0007662835249042146,0.0026682421858882878,0.002719519721851186,0.0027343297726769365,0.013450940979437574,0.020390213197884904,0.002811652622298552,1.0421247673456457e-05,0.06989947664494184,0.04647042762547703,0.01087978257108854,/common/users/shared/pracsys/adaptive_roa_experiments/quadrotor_stoch/q2d_nd_dir00_s42,0.9030331720362934,0.414134239493656
fm,noisy_dynamics_f_0.150,dir00_s42,14,0.003126300057747155,100.0,0.07113139239887578,50.0,0.033225897217318445,0.006030522630189885,0.005925175791172203,0.015778383313130202,0.01053468390176818,0.019765205461703593,0.023354387718783075,0.022959083609549003,0.022959083609549003,0.9490380146272632,0.9556304959054918,0.9891202174289114,-0.03043462855546917,0.013105876087591084,8.281126509779463e-05,0.01360652703584284,8.153200337090993e-17,0.4420000456423012,0.08768320905116997,nan,0.12959047254655554,0.18267882128800783,0.059337315600780045,0.0,74,479789,0.9418401089282241,0.9855491329479769,nan,0.28875570265676714,0.045882669537136704,0.0,0.0026388245537694705,0.0026918035143777682,0.0026635122253741484,0.013105876087591525,0.021430253715695857,0.0021634510170095603,0.0,0.06989947664494184,0.04647042762547703,0.01087978257108854,/common/users/shared/pracsys/adaptive_roa_experiments/quadrotor_stoch/q2d_nd_dir00_s42,0.9044585156092847,0.42916379806465066
fm,noisy_dynamics_f_0.150,dir00_s42,15,0.0031766997962670252,100.0,0.07020123985995746,50.0,0.03275047989845537,0.005614936911636446,0.005506925496433328,0.01570800559225908,0.010801141520311825,0.019765205461703593,0.023354387718783075,0.022959083609549003,0.022959083609549003,0.9496987217297603,0.9568164338907311,0.9891243859279808,-0.02969988890949979,0.012758003513723332,8.178226292807638e-05,0.013261319038160531,8.847089727481716e-17,0.45631899076368554,0.13342256054205529,0.0007659900421294524,0.12866032000764197,0.18267882128800783,0.059337315600780045,0.0,77,479789,0.9331981940477287,0.9888406695598264,1.0,0.3019948117005099,0.07153749551489057,0.0003831417624521073,0.002670181809984033,0.0027320864442820503,0.002729818870585857,0.012758003513723836,0.022620360200004585,0.003361894499457053,4.168499069382583e-06,0.06989947664494184,0.04647042762547703,0.01087978257108854,/common/users/shared/pracsys/adaptive_roa_experiments/quadrotor_stoch/q2d_nd_dir00_s42,0.9039398343120538,0.44431564731890694
fm,noisy_dynamics_f_0.150,dir00_s42,16,0.003181774195823504,100.0,0.07077677369445215,50.0,0.032951339026113566,0.0059907109269396455,0.005885498694651761,0.015893812976397324,0.010521223228788429,0.019765205461703593,0.023354387718783075,0.022959083609549003,0.022959083609549003,0.9491568168507406,0.9561348842928871,0.9891243859279808,-0.030337940219554837,0.012950769327803513,8.227861926832778e-05,0.013451285669325476,7.806255641895632e-17,0.4407098312545854,0.10640285326086957,0.0007659900421294524,0.12923585384213174,0.18267882128800783,0.059337315600780045,0.0,76,479789,0.9535668221053676,0.9976114649681529,1.0,0.2865790022959716,0.056198421241478294,0.0003831417624521073,0.0026924959942083403,0.002751241082939863,0.002734810425139265,0.012950769327803906,0.021007151060153526,0.002617817415572262,4.168499069382583e-06,0.06989947664494184,0.04647042762547703,0.01087978257108854,/common/users/shared/pracsys/adaptive_roa_experiments/quadrotor_stoch/q2d_nd_dir00_s42,0.9043334590493616,0.43591958860165014
fm,noisy_dynamics_f_0.150,dir00_s42,17,0.003112506088718485,100.0,0.07135048953683429,50.0,0.03296501170306114,0.006073374884462332,0.00596955610562245,0.015833616218063666,0.010381877883988184,0.019765205461703593,0.023354387718783075,0.022959083609549003,0.022959083609549003,0.9493277253125854,0.9561869905312543,0.9891223016784462,-0.03045182361413037,0.013095023497107868,8.38661407226993e-05,0.013594146385181825,8.326672684688674e-17,0.44437334308437704,0.10863757791629565,0.0007658433850277617,0.12980956968451157,0.18267882128800783,0.059337315600780045,0.0,77,479789,0.9513651042176339,0.9953379953379954,0.6666666666666666,0.2898887795569073,0.05745425188374596,0.0003831417624521073,0.002627339937413083,0.002647597099241213,0.0026429143532608846,0.013095023497108322,0.021298945995010306,0.002682429151147692,6.252748604073874e-06,0.06989947664494184,0.04647042762547703,0.01087978257108854,/common/users/shared/pracsys/adaptive_roa_experiments/quadrotor_stoch/q2d_nd_dir00_s42,0.9054344980924067,0.4296364907325193
fm,noisy_dynamics_f_0.150,dir00_s42,18,0.0031334705437186935,100.0,0.07030609369233054,50.0,0.03245086902784349,0.005548216105846989,0.005440271691897852,0.015667893775004164,0.010794441394913687,0.019765205461703593,0.023354387718783075,0.022959083609549003,0.022959083609549003,0.9506428867689756,0.9567559906542251,0.9891348071756543,-0.029601866653883275,0.012731461526442776,8.250125674445369e-05,0.013234710049625982,8.153200337090993e-17,0.47113473435022446,0.1319554848966614,0.0026784006122058538,0.12876517384000902,0.18267882128800783,0.059337315600780045,0.0,77,479789,0.9384341637010676,0.9819427148194272,1.0,0.31451829322837466,0.07073017581628992,0.0013409961685823754,0.0026358045250239014,0.0026236410402341137,0.002659171465747602,0.012731461526443182,0.023426964769930114,0.003347304752714214,1.458974674283904e-05,0.06989947664494184,0.04647042762547703,0.01087978257108854,/common/users/shared/pracsys/adaptive_roa_experiments/quadrotor_stoch/q2d_nd_dir00_s42,0.9050260177706064,0.4454717033589449
fm,noisy_dynamics_f_0.150,dir00_s42,19,0.0026651232092555965,100.0,0.06915973958540728,50.0,0.033327796177069505,0.006489748947354611,0.006386412998603906,0.015977568028674203,0.010333594875070403,0.019765205461703593,0.023354387718783075,0.022959083609549003,0.022959083609549003,0.9483272855359335,0.9554283237006267,0.9891202174289114,-0.030831365454397665,0.013367928579478775,8.547819596166977e-05,0.013866568637463548,6.418476861114186e-17,0.4242184959821636,0.07954203073214824,nan,0.12761881973309003,0.18267882128800783,0.059337315600780045,0.0,74,479789,0.9592479781535553,0.9861259338313767,nan,0.2723260876047351,0.041442411194833155,0.0,0.002133646055183143,0.002141528755565385,0.002136551237765227,0.013367928579479046,0.019844139819795784,0.0019529418140057401,0.0,0.06989947664494184,0.04647042762547703,0.01087978257108854,/common/users/shared/pracsys/adaptive_roa_experiments/quadrotor_stoch/q2d_nd_dir00_s42,0.9155921800135353,0.4177499064501482
fm,noisy_dynamics_f_0.150,dir00_s42,20,0.0027429931905179708,100.0,0.06929196507117409,50.0,0.0331671839079262,0.00641568193065929,0.0063125261831759325,0.015938229194575815,0.010315574748335821,0.019765205461703593,0.023354387718783075,0.022959083609549003,0.022959083609549003,0.9484419192603415,0.9557888988701283,0.9891202174289114,-0.03074728682816822,0.01333338059814919,8.557663610464683e-05,0.013831840454866611,6.071532165918825e-17,0.42652138634519526,0.09327177908865522,nan,0.12775104521885516,0.18267882128800783,0.059337315600780045,0.0,74,479789,0.9584288393415294,0.9936247723132969,nan,0.2742940632733995,0.04893254395407248,0.0,0.0022021454114065915,0.0022084083555264154,0.002217985674855256,0.013333380598149517,0.020004627033967014,0.002288505989091038,0.0,0.06989947664494184,0.04647042762547703,0.01087978257108854,/common/users/shared/pracsys/adaptive_roa_experiments/quadrotor_stoch/q2d_nd_dir00_s42,0.9153009325428687,0.41925466952854984
fm,noisy_dynamics_f_0.150,dir00_s42,21,0.0024887100566341413,100.0,0.06630211386242035,50.0,0.03235613988649178,0.005746344174097202,0.005636917216611619,0.015822443311858274,0.010942695748558325,0.019765205461703593,0.023354387718783075,0.022959083609549003,0.022959083609549003,0.9503948610743472,0.9569164778683963,0.9891264701775155,-0.029381915800487306,0.01277355751430242,8.371024321723247e-05,0.013278288581022073,6.938893903907228e-17,0.46772822829538846,0.14010566163317942,0.0015311004784688996,0.12476119401010374,0.18267882128800783,0.059337315600780045,0.0,78,479789,0.9355819987474278,0.9661503155479059,0.8,0.3118048722306706,0.07552924291352708,0.0007662835249042146,0.0019155149085207629,0.0019464978513134524,0.0019488819725977716,0.012773557514302775,0.023295657049244564,0.003632846938966921,1.0421247673456457e-05,0.06989947664494184,0.04647042762547703,0.01087978257108854,/common/users/shared/pracsys/adaptive_roa_experiments/quadrotor_stoch/q2d_nd_dir00_s42,0.9191526477982919,0.443638181229946
fm,noisy_dynamics_f_0.150,dir00_s42,22,0.002454476274383746,100.0,0.06441038498963832,50.0,0.032001358930696625,0.005468890759927979,0.005356219468037905,0.015789574496335525,0.01126712918900735,0.019765205461703593,0.023354387718783075,0.022959083609549003,0.022959083609549003,0.9506866560092041,0.957937760140395,0.9891243859279808,-0.028739133243988507,0.01252572858125144,8.26713320698024e-05,0.013033703982375586,5.724587470723463e-17,0.47314509664202375,0.17712538226299693,0.0034377387318563794,0.12286946513732731,0.18267882128800783,0.059337315600780045,0.0,82,479789,0.9343065693430657,0.9744279946164199,0.5625,0.31678444702865494,0.09741657696447793,0.0017241379310344827,0.0018748593666191376,0.0019258391532691087,0.0018718818734897945,0.012525728581251767,0.023700001458974673,0.004645792212826888,3.334799255506066e-05,0.06989947664494184,0.04647042762547703,0.01087978257108854,/common/users/shared/pracsys/adaptive_roa_experiments/quadrotor_stoch/q2d_nd_dir00_s42,0.9215015856239754,0.45443255513726977
fm,noisy_dynamics_f_0.150,dir00_s42,23,0.0025578895019400315,100.0,0.06590356038714135,50.0,0.03245587122672674,0.005788308324231684,0.0056781101923129625,0.015951492618175994,0.011019813191872162,0.019765205461703593,0.023354387718783075,0.022959083609549003,0.022959083609549003,0.9505178317968941,0.9564600272202989,0.9891243859279808,-0.029457553216101245,0.012685701183686043,8.225782685565841e-05,0.013191203424838836,7.112366251504909e-17,0.46993681484293015,0.12108717603500506,0.0011485451761102604,0.12436264053482797,0.18267882128800783,0.059337315600780045,0.0,78,479789,0.9353003910415926,0.9775815217391305,0.75,0.31380266571249665,0.06454072479368497,0.0005747126436781609,0.0020534494045226287,0.002001678455412799,0.002010182175790415,0.012685701183686272,0.02345197576434641,0.0030680153150655807,8.336998138765165e-06,0.06989947664494184,0.04647042762547703,0.01087978257108854,/common/users/shared/pracsys/adaptive_roa_experiments/quadrotor_stoch/q2d_nd_dir00_s42,0.918258997981136,0.4474648291968464
fm,noisy_dynamics_f_0.150,dir00_s43,0,0.014757484314386855,100.0,0.19296939269870464,50.0,0.043350973031895265,0.007663746959090076,0.00765000544716999,0.007263244090551941,0.0013741511920086253,0.019765205461703593,0.023354387718783075,0.022959083609549003,0.022959083609549003,0.9307612304575553,0.9535420778717311,0.9891202174289114,-0.04318540024885939,0.02334584496616652,0.00013825995966452325,0.02375489058732068,-5.30825383648903e-16,0.018727476812193534,0.0005380683346785041,nan,0.251428472846325,0.18267882128800783,0.059337315600780045,0.0,53,479789,1.0,1.0,nan,0.009452246772221725,0.00026910656620021526,0.0,0.014668271110107324,0.014616207515958891,0.014515593769553295,0.02334584496616676,0.0006607071024971393,1.2505497208147748e-05,0.0,0.06989947664494184,0.04647042762547703,0.01087978257108854,/common/users/shared/pracsys/adaptive_roa_experiments/quadrotor_stoch/q2d_nd_dir00_s43,0.6861645755308245,-0.016845679174087635
fm,noisy_dynamics_f_0.150,dir00_s43,1,0.01048280047411364,100.0,0.16622087791280218,50.0,0.04251139563433092,0.009466221821442905,0.009443885580244622,0.010018938805798624,0.0022336241198282632,0.019765205461703593,0.023354387718783075,0.022959083609549003,0.022959083609549003,0.9313135565842485,0.9535712573652168,0.9891202174289114,-0.0421887954913514,0.02238403038399465,0.00013290752176169711,0.02280167073442701,-3.469446951953614e-16,0.034172503736701734,0.001792435920415845,nan,0.22467995806043117,0.18267882128800783,0.059337315600780045,0.0,59,479789,0.9982876712328768,1.0,nan,0.01738378507320273,0.000897021887334051,0.0,0.010192282252737214,0.010256497421703918,0.01018418772498739,0.022384030383994034,0.0012172017282597143,4.1684990693825826e-05,0.0,0.06989947664494184,0.04647042762547703,0.01087978257108854,/common/users/shared/pracsys/adaptive_roa_experiments/quadrotor_stoch/q2d_nd_dir00_s43,0.7594188592266987,0.025046871875808674
fm,noisy_dynamics_f_0.150,dir00_s43,2,0.004816029220669013,100.0,0.10547224448025795,50.0,0.03862700061902212,0.009161936856385026,0.00910052533438833,0.014119028888939376,0.006141152199669589,0.019765205461703593,0.023354387718783075,0.022959083609549003,0.022959083609549003,0.9365658654116705,0.953644206098931,0.9891202174289114,-0.03729312260181038,0.017940580054997976,0.00010742613492356281,0.018397295686228745,1.734723475976807e-17,0.17127297481279782,0.004921480023265179,nan,0.16393132462791712,0.18267882128800783,0.059337315600780045,0.0,61,479789,0.9865119196988708,1.0,nan,0.09377702239317769,0.0024668101901686402,0.0,0.00420853341023785,0.004407707283501196,0.004365421776789362,0.017940580054998392,0.006644587516595837,0.00011463372440802102,0.0,0.06989947664494184,0.04647042762547703,0.01087978257108854,/common/users/shared/pracsys/adaptive_roa_experiments/quadrotor_stoch/q2d_nd_dir00_s43,0.8670150321519108,0.2185846630422027
fm,noisy_dynamics_f_0.150,dir00_s43,3,0.005148062787170294,100.0,0.12292812398029798,50.0,0.041084018182992926,0.01209435437014401,0.012056527497973708,0.01440488906186724,0.00378268721703023,0.019765205461703593,0.023354387718783075,0.022959083609549003,0.022959083609549003,0.9316491207593338,0.9535587518680086,0.9891202174289114,-0.04047996098284872,0.02061072204565543,0.00012179065214630423,0.021043853027059814,-3.469446951953614e-17,0.04340470217606908,0.0012550425818018825,nan,0.1813872041279417,0.18267882128800783,0.059337315600780045,0.0,56,479789,0.9986577181208054,1.0,nan,0.02218445299221755,0.0006279153211338357,0.0,0.004546240680978343,0.004665786179412747,0.00472757639290333,0.020610722045654863,0.001552765903345012,2.917949348567808e-05,0.0,0.06989947664494184,0.04647042762547703,0.01087978257108854,/common/users/shared/pracsys/adaptive_roa_experiments/quadrotor_stoch/q2d_nd_dir00_s43,0.8582769011026479,0.10228463835189217
fm,noisy_dynamics_f_0.150,dir00_s43,4,0.004718831043936722,100.0,0.10658790227197218,50.0,0.03909522727699051,0.009475488535858676,0.009416449131942253,0.013972377645878333,0.005903940391642276,0.019765205461703593,0.023354387718783075,0.022959083609549003,0.022959083609549003,0.9348338540483421,0.9536567115961392,0.9891202174289114,-0.03769732111407305,0.018403155095612942,0.00011002433000449312,0.01885749860876344,2.0816681711721685e-17,0.12942028178426243,0.0054569038779800514,nan,0.16504698241963256,0.18267882128800783,0.059337315600780045,0.0,61,479789,0.9777029869583509,1.0,nan,0.06929659778751826,0.0027359167563688553,0.0,0.004138000851563147,0.004240076121738657,0.004257051660781977,0.018403155095613414,0.0049542611439611995,0.00012713922161616877,0.0,0.06989947664494184,0.04647042762547703,0.01087978257108854,/common/users/shared/pracsys/adaptive_roa_experiments/quadrotor_stoch/q2d_nd_dir00_s43,0.8689445848524315,0.19843686235112568
fm,noisy_dynamics_f_0.150,dir00_s43,5,0.004542376415704735,100.0,0.09938617555170422,50.0,0.037937822667881094,0.008575823693365542,0.008506805376370094,0.01431408661562352,0.006901831699544862,0.019765205461703593,0.023354387718783075,0.022959083609549003,0.022959083609549003,0.9378706056203873,0.9536733855924167,0.9891202174289114,-0.03626458714143093,0.01715180237029561,0.00010314031208475335,0.017616124796525138,3.8163916471489756e-17,0.20464793617759278,0.0061703554661301134,nan,0.15784525569936755,0.18267882128800783,0.059337315600780045,0.0,60,479789,0.9728564180618975,1.0,nan,0.11435131347466977,0.0030947255113024756,0.0,0.00396511909334493,0.0041065347041712085,0.004124867980081534,0.017151802370295857,0.00821611166575307,0.0001438132178936991,0.0,0.06989947664494184,0.04647042762547703,0.01087978257108854,/common/users/shared/pracsys/adaptive_roa_experiments/quadrotor_stoch/q2d_nd_dir00_s43,0.8731523091724045,0.25294046304348416
fm,noisy_dynamics_f_0.150,dir00_s43,6,0.0039976882594568415,100.0,0.0914588633372502,50.0,0.03711650329624064,0.008474494367412391,0.008399454560877907,0.014929656176472772,0.00750398065344844,0.019765205461703593,0.023354387718783075,0.022959083609549003,0.022959083609549003,0.9392691370581652,0.9539401695328572,0.9891202174289114,-0.03536419134244428,0.01642888199395426,9.921143943875605e-05,0.01689922590972282,1.214306433183765e-16,0.2390577666353285,0.01751656070777575,nan,0.1499179434849163,0.18267882128800783,0.059337315600780045,0.0,64,479789,0.9625657202944269,1.0,nan,0.13647613084056415,0.008835665590240401,0.0,0.0034101994452505565,0.003497781980296723,0.0035373532893430933,0.016428881993953915,0.00991060653745709,0.0004105971583341844,0.0,0.06989947664494184,0.04647042762547703,0.01087978257108854,/common/users/shared/pracsys/adaptive_roa_experiments/quadrotor_stoch/q2d_nd_dir00_s43,0.8857007696533408,0.28442779888996716
fm,noisy_dynamics_f_0.150,dir00_s43,7,0.00434334539892207,100.0,0.10418287397703628,50.0,0.03953452455141739,0.010508305209665506,0.010451863679633503,0.014690389478390391,0.005644153003200418,0.019765205461703593,0.023354387718783075,0.022959083609549003,0.022959083609549003,0.9324807363236756,0.953529572374523,0.9891202174289114,-0.03825712969659582,0.018720557810792172,0.00011065024298935713,0.019172303450058256,6.591949208711867e-17,0.06639960805786911,nan,nan,0.1626419541246972,0.18267882128800783,0.059337315600780045,0.0,48,479789,0.9913941480206541,nan,nan,0.034350120762143305,0.0,0.0,0.0037297440079015094,0.0038815655318590217,0.003900830763118846,0.018720557810792533,0.0024218979593112807,0.0,0.0,0.06989947664494184,0.04647042762547703,0.01087978257108854,/common/users/shared/pracsys/adaptive_roa_experiments/quadrotor_stoch/q2d_nd_dir00_s43,0.8764356815244938,0.18461215050386282
fm,noisy_dynamics_f_0.150,dir00_s43,8,0.0041356720189380195,100.0,0.08823461879435818,50.0,0.035905408419117574,0.00715090135914792,0.007066369187587909,0.014729428022342074,0.008453217156001088,0.019765205461703593,0.023354387718783075,0.022959083609549003,0.022959083609549003,0.9429269949915484,0.9547467741027826,0.9891202174289114,-0.033554541683948565,0.01529602477479494,9.401303777308751e-05,0.01577586105558903,1.0755285551056204e-16,0.3264543106628951,0.05220883534136546,nan,0.14669369894202575,0.18267882128800783,0.059337315600780045,0.0,73,479789,0.9322843495363866,0.9771241830065359,nan,0.19787100814026298,0.026820954431288124,0.0,0.0036105081687524735,0.003673498311974132,0.0036860620569119065,0.01529602477479459,0.014835688187932612,0.0012755607152310704,0.0,0.06989947664494184,0.04647042762547703,0.01087978257108854,/common/users/shared/pracsys/adaptive_roa_experiments/quadrotor_stoch/q2d_nd_dir00_s43,0.8820861240739556,0.33377023948668794
fm,noisy_dynamics_f_0.150,dir00_s43,9,0.0035876622931276096,100.0,0.08064299531031766,50.0,0.035145074188862195,0.007181559272153022,0.007090898712211174,0.015347675479917808,0.009066055994184816,0.019765205461703593,0.023354387718783075,0.022959083609549003,0.022959083609549003,0.9437231783138005,0.9547488583523174,0.9891202174289114,-0.03285652651478046,0.014702306841842459,9.093038357236818e-05,0.015188271511018384,9.367506770274758e-17,0.33994181924853933,0.0514657695836428,nan,0.13910207545799033,0.18267882128800783,0.059337315600780045,0.0,71,479789,0.9434192672998644,0.9932546374367622,nan,0.2073232549124847,0.0264172945819878,0.0,0.0030501354546696104,0.0031336022434986033,0.003150604579979983,0.014702306841842445,0.015360919070674817,0.0012359599740719358,0.0,0.06989947664494184,0.04647042762547703,0.01087978257108854,/common/users/shared/pracsys/adaptive_roa_experiments/quadrotor_stoch/q2d_nd_dir00_s43,0.8947852413137708,0.3596300666056391
fm,noisy_dynamics_f_0.150,dir00_s43,10,0.003942437048818271,100.0,0.08458217475370372,50.0,0.03547163440595763,0.0074558382711594085,0.00736991385880567,0.015379863059571112,0.008592441235373859,0.019765205461703593,0.023354387718783075,0.022959083609549003,0.022959083609549003,0.9437836215503065,0.9543611879388648,0.9891202174289114,-0.033581887037843726,0.01494913440878366,9.173111238583139e-05,0.015430362930371469,9.71445146547012e-17,0.33484586929716403,0.03516192994051553,nan,0.14304125490136843,0.18267882128800783,0.059337315600780045,0.0,68,479789,0.9680593184086697,1.0,nan,0.20243313355398515,0.017895586652314315,0.0,0.003457754264089247,0.003482982988731108,0.003472979887884709,0.014949134408783359,0.014616841986790027,0.0008316155643418253,0.0,0.06989947664494184,0.04647042762547703,0.01087978257108854,/common/users/shared/pracsys/adaptive_roa_experiments/quadrotor_stoch/q2d_nd_dir00_s43,0.8871965577340085,0.34887930794563127
fm,noisy_dynamics_f_0.150,dir00_s43,11,0.0034546250129573325,100.0,0.07507297865171185,50.0,0.03346452294654525,0.006084700143095579,0.005983936263535812,0.015548163934902513,0.010076387955976693,0.019765205461703593,0.023354387718783075,0.022959083609549003,0.022959083609549003,0.9482376628059418,0.955986902575924,0.9891202174289114,-0.03091902898982678,0.013394855938182399,8.521754438608997e-05,0.013890923926976235,9.367506770274758e-17,0.42780452964080823,0.10052391702517358,nan,0.13353205879938498,0.18267882128800783,0.059337315600780045,0.0,73,479789,0.9410095276707886,0.9991532599491956,nan,0.27682857739213407,0.052924291352709006,0.0,0.002935587040418641,0.002967049784961265,0.002969253980589353,0.013394855938182619,0.02056320590926428,0.002461498700470415,0.0,0.06989947664494184,0.04647042762547703,0.01087978257108854,/common/users/shared/pracsys/adaptive_roa_experiments/quadrotor_stoch/q2d_nd_dir00_s43,0.8988165978911086,0.41657706527052796
fm,noisy_dynamics_f_0.150,dir00_s43,12,0.002960745287800137,100.0,0.06904056672334083,50.0,0.032553038940034064,0.005692502056096553,0.005585020989766701,0.015778325260061732,0.0107481066329852,0.019765205461703593,0.023354387718783075,0.022959083609549003,0.022959083609549003,0.949782091711148,0.9571915988069756,0.9891535654214665,-0.029566517781774906,0.01276577933925405,8.236268040615508e-05,0.013268564514817971,7.45931094670027e-17,0.45702438364808223,0.15152641797827074,0.010270064663370103,0.12749964687102458,0.18267882128800783,0.059337315600780045,0.0,84,479789,0.9356833071883363,0.9597069597069597,0.7105263157894737,0.3023526254584489,0.08225690706853248,0.005172413793103448,0.002422454381615071,0.002468620837943235,0.002470081511001245,0.012765779339254303,0.022587012207449526,0.003983000860795058,7.920148231826907e-05,0.06989947664494184,0.04647042762547703,0.01087978257108854,/common/users/shared/pracsys/adaptive_roa_experiments/quadrotor_stoch/q2d_nd_dir00_s43,0.9089255373039122,0.4439769654419228
fm,noisy_dynamics_f_0.150,dir00_s43,13,0.003323056918713457,100.0,0.07477836435192772,50.0,0.03334876372738849,0.0062460574998308505,0.006147502297397693,0.015655297038893342,0.009855520243315711,0.019765205461703593,0.023354387718783075,0.022959083609549003,0.022959083609549003,0.9476853366792486,0.9571457453172123,0.9891285544270503,-0.03091723653522694,0.01345128886805344,8.601477012550317e-05,0.013945148179720666,8.326672684688674e-17,0.4170111952431829,0.1460314823275325,0.0026768642447418736,0.13323744449960298,0.18267882128800783,0.059337315600780045,0.0,80,479789,0.9432594304928024,0.987085906793936,0.7,0.26767450875152815,0.07884822389666307,0.0013409961685823754,0.0028466195457111255,0.0028571513642661663,0.002845011699421263,0.013451288868053846,0.01983580282165702,0.00371204842128519,2.0842495346912913e-05,0.06989947664494184,0.04647042762547703,0.01087978257108854,/common/users/shared/pracsys/adaptive_roa_experiments/quadrotor_stoch/q2d_nd_dir00_s43,0.901337261916736,0.4141190869456627
fm,noisy_dynamics_f_0.150,dir00_s43,14,0.0031889918228175987,100.0,0.07280666386575882,50.0,0.03352936394956951,0.006257563480114371,0.006155308021059569,0.015770708902804874,0.010225545905480212,0.019765205461703593,0.023354387718783075,0.022959083609549003,0.022959083609549003,0.9480771755917705,0.9554470819464389,0.9891202174289114,-0.030902834370942225,0.013343682727803789,8.403318695672443e-05,0.01384124229609266,8.673617379884035e-17,0.4245588099417906,0.07981058975462764,nan,0.1312657440134356,0.18267882128800783,0.059337315600780045,0.0,74,479789,0.9420809841107125,0.9925053533190579,nan,0.27402570295494527,0.04157696447793326,0.0,0.002741216288929125,0.0027169743905816946,0.0027382068940876325,0.013343682727804137,0.020331854210913547,0.0019466890654016662,0.0,0.06989947664494184,0.04647042762547703,0.01087978257108854,/common/users/shared/pracsys/adaptive_roa_experiments/quadrotor_stoch/q2d_nd_dir00_s43,0.9027751464716461,0.41880595259237763
fm,noisy_dynamics_f_0.150,dir00_s43,15,0.0031644018823781405,100.0,0.07093103095686595,50.0,0.03305532223539931,0.006000574338587961,0.005895631128177139,0.015829423956247497,0.010494321041082222,0.019765205461703593,0.023354387718783075,0.022959083609549003,0.022959083609549003,0.9490317618786591,0.9561994960284625,0.9891243859279808,-0.03034454729057982,0.013025290781478726,8.29429189797695e-05,0.013525538101123617,7.632783294297951e-17,0.44041189931350117,0.10934520025429117,0.0007659900421294524,0.12939011110454862,0.18267882128800783,0.059337315600780045,0.0,77,479789,0.9468660828495523,0.9930715935334873,1.0,0.2869368160539106,0.05785791173304629,0.0003831417624521073,0.0026645586015310134,0.00268509990127493,0.0026984743750561326,0.013025290781479128,0.021182228021067593,0.0027074401455639877,4.168499069382583e-06,0.06989947664494184,0.04647042762547703,0.01087978257108854,/common/users/shared/pracsys/adaptive_roa_experiments/quadrotor_stoch/q2d_nd_dir00_s43,0.9044675159324953,0.43267375113955653
fm,noisy_dynamics_f_0.150,dir00_s43,16,0.0033605411891519236,100.0,0.07462087175154403,50.0,0.033578656451064955,0.006418373173449733,0.00631920674273485,0.015762985136640338,0.009916643071488223,0.019765205461703593,0.023354387718783075,0.022959083609549003,0.022959083609549003,0.9478520766420239,0.9555950636634021,0.9891223016784462,-0.031310242627488334,0.013515305215643609,8.537382921648021e-05,0.014009775755592561,9.194034422677078e-17,0.41563901345291476,0.08542605709379694,0.0003830683777054204,0.1330799518992181,0.18267882128800783,0.059337315600780045,0.0,74,479789,0.9589395408988037,0.995995995995996,1.0,0.2653189015117631,0.044626838894869035,0.00019157088122605365,0.002824050147790005,0.0029067649069257754,0.0029173328807544285,0.013515305215643727,0.019339751432400493,0.0020821652851566,2.0842495346912913e-06,0.06989947664494184,0.04647042762547703,0.01087978257108854,/common/users/shared/pracsys/adaptive_roa_experiments/quadrotor_stoch/q2d_nd_dir00_s43,0.9001002417138029,0.41133080720946524
fm,noisy_dynamics_f_0.150,dir00_s43,17,0.0032056260614615013,100.0,0.07260874354566942,50.0,0.03313727492710337,0.006261467642757133,0.00616010655412539,0.01585888719428344,0.010136108863174299,0.019765205461703593,0.023354387718783075,0.022959083609549003,0.022959083609549003,0.9486899449549698,0.9562807817603155,0.9891243859279808,-0.030796204164747418,0.013260302969391046,8.459532529357882e-05,0.013756968167256857,8.847089727481716e-17,0.432529620579964,0.11238997968855789,0.0011485451761102604,0.13106782369334352,0.18267882128800783,0.059337315600780045,0.0,77,479789,0.9529710512950736,0.9940119760479041,0.75,0.2797507230819692,0.05956225331898098,0.0005747126436781609,0.002792378128016041,0.0027070789048440932,0.0027092316323766236,0.013260302969391355,0.020519436669035763,0.002784557378347565,8.336998138765165e-06,0.06989947664494184,0.04647042762547703,0.01087978257108854,/common/users/shared/pracsys/adaptive_roa_experiments/quadrotor_stoch/q2d_nd_dir00_s43,0.9039731527822362,0.42243762012017316
fm,noisy_dynamics_f_0.150,dir00_s43,18,0.0026719040847613612,100.0,0.06488536805373973,50.0,0.03193637203020493,0.00531316176765193,0.005198923958022188,0.01584850027938781,0.011423780962974233,0.019765205461703593,0.023354387718783075,0.022959083609549003,0.022959083609549003,0.9515328613202887,0.9571915988069756,0.9891389756747236,-0.028692696164355578,0.012309507288183448,8.050492671320344e-05,0.01281904920704726,6.418476861114186e-17,0.4878875968992248,0.14814814814814817,0.004584527220630372,0.12334444820143166,0.18267882128800783,0.059337315600780045,0.0,81,479789,0.933114312189369,0.9840220385674932,0.8,0.33029191639085187,0.08010405453893076,0.0022988505747126436,0.002111595591778871,0.0021468065748153835,0.002182476942505947,0.01230950728818378,0.02474212622632032,0.003782912905464694,3.126374302036937e-05,0.06989947664494184,0.04647042762547703,0.01087978257108854,/common/users/shared/pracsys/adaptive_roa_experiments/quadrotor_stoch/q2d_nd_dir00_s43,0.9161073499341766,0.463850234725233
fm,noisy_dynamics_f_0.150,dir00_s43,19,0.0029474428892553,100.0,0.07187496040235998,50.0,0.03357525912432341,0.0063815008883924985,0.006279655959126349,0.01567388885311709,0.010184492926614986,0.019765205461703593,0.023354387718783075,0.022959083609549003,0.022959083609549003,0.9479375308729462,0.9554887669371328,0.9891223016784462,-0.031037685315836745,0.01356485071555833,8.661674601051116e-05,0.014061999754058556,7.28583859910259e-17,0.4167464449996498,0.08122526243331613,0.0003830683777054204,0.13033404055004372,0.18267882128800783,0.059337315600780045,0.0,74,479789,0.9606027987082885,0.9957805907172996,1.0,0.2660941646539643,0.042339433082167206,0.00019157088122605365,0.0023817052613579527,0.002452926897014146,0.0024503917742924515,0.013564850715558638,0.019362678177282096,0.0019758685588873444,2.0842495346912913e-06,0.06989947664494184,0.04647042762547703,0.01087978257108854,/common/users/shared/pracsys/adaptive_roa_experiments/quadrotor_stoch/q2d_nd_dir00_s43,0.9099269999810908,0.4091728160301433
fm,noisy_dynamics_f_0.150,dir00_s43,20,0.0027339426300969343,100.0,0.07139482009831899,50.0,0.033690809918526674,0.006707887862332008,0.006608376277788878,0.015851270743571986,0.009951158454312966,0.019765205461703593,0.023354387718783075,0.022959083609549003,0.022959083609549003,0.9471705270441798,0.9555783896671245,0.9891243859279808,-0.031349322306263805,0.01371618914376597,8.730014164231538e-05,0.014211004837543173,7.632783294297951e-17,0.40397864885837237,0.08468971440841744,0.0007659900421294524,0.1298539002459992,0.18267882128800783,0.059337315600780045,0.0,73,479789,0.9555061179087876,0.9969666329625885,1.0,0.25613501505799563,0.04422317904556871,0.0003831417624521073,0.002137108454336511,0.002163752764283482,0.0021655924296812446,0.013716189143766214,0.01873740331687471,0.0020613227898096873,4.168499069382583e-06,0.06989947664494184,0.04647042762547703,0.01087978257108854,/common/users/shared/pracsys/adaptive_roa_experiments/quadrotor_stoch/q2d_nd_dir00_s43,0.9144809510110224,0.40258115798397043
fm,noisy_dynamics_f_0.150,dir00_s43,21,0.0026973360742325943,100.0,0.0689859578795908,50.0,0.03296399042078913,0.005949960214252563,0.005843724133328859,0.01559810748150389,0.010623608092370404,0.019765205461703593,0.023354387718783075,0.022959083609549003,0.022959083609549003,0.9490651098712142,0.956445437473556,0.9891264701775155,-0.03002415645210707,0.013204700261374045,8.564401207060266e-05,0.013706240451531819,7.112366251504909e-17,0.44464139623670573,0.12164263797234251,0.0015311004784688996,0.12744503802727508,0.18267882128800783,0.059337315600780045,0.0,79,479789,0.9346517626827171,0.9678929765886287,0.8,0.29170766615976385,0.06489953354861859,0.0007662835249042146,0.002167725590830328,0.0021283257003171492,0.002089172941733507,0.01320470026137433,0.021815839879613746,0.0031159530543634806,1.0421247673456457e-05,0.06989947664494184,0.04647042762547703,0.01087978257108854,/common/users/shared/pracsys/adaptive_roa_experiments/quadrotor_stoch/q2d_nd_dir00_s43,0.9161305705576122,0.42485943751334976
fm,noisy_dynamics_f_0.150,dir00_s43,22,0.002418589879277291,100.0,0.06479669828042885,50.0,0.032036103370439925,0.005604415296118561,0.005493253162999901,0.015915209476908953,0.01111621331186599,0.019765205461703593,0.023354387718783075,0.022959083609549003,0.022959083609549003,0.9507450149961754,0.9577460091832034,0.9891389756747236,-0.02900727194662653,0.012537127295640015,8.2707763891311e-05,0.013043593537992745,6.071532165918825e-17,0.4721465266919812,0.16849185841433903,0.004204089432447927,0.12325577842811584,0.18267882128800783,0.059337315600780045,0.0,80,479789,0.9408884536633134,0.9851318944844125,0.8461538461538461,0.31514446730476786,0.09212414782920703,0.00210727969348659,0.0018530556097884512,0.0018781448176095007,0.0019017610170436604,0.012537127295640368,0.023412375023187278,0.0043456602798313424,2.709524395098679e-05,0.06989947664494184,0.04647042762547703,0.01087978257108854,/common/users/shared/pracsys/adaptive_roa_experiments/quadrotor_stoch/q2d_nd_dir00_s43,0.9211282959109149,0.45393607563563
fm,noisy_dynamics_f_0.150,dir00_s43,23,0.0023459336361396437,100.0,0.06367586750631342,50.0,0.03241479066839799,0.005980201382929821,0.005868827458478898,0.016145723162727277,0.011137392445092285,0.019765205461703593,0.023354387718783075,0.022959083609549003,0.022959083609549003,0.9506345497708367,0.955703444639206,0.9891202174289114,-0.02953835957056122,0.012682187905300683,8.231744508573197e-05,0.01318886593898568,6.071532165918825e-17,0.4675494008947238,0.09155802521906392,nan,0.12213494765400353,0.18267882128800783,0.059337315600780045,0.0,74,479789,0.9500274072720628,0.9745222929936306,nan,0.3100754390672988,0.04803552206673843,0.0,0.0018145863985561583,0.0017762601069941835,0.0017647389100079029,0.012682187905301023,0.022814195406730877,0.0022905902386257293,0.0,0.06989947664494184,0.04647042762547703,0.01087978257108854,/common/users/shared/pracsys/adaptive_roa_experiments/quadrotor_stoch/q2d_nd_dir00_s43,0.924091392653357,0.44761785265567033
fm,noisy_dynamics_f_0.150,dir00_s44,0,0.014686456445889165,100.0,0.19323161421094837,50.0,0.04337688025361149,0.007799207593758219,0.007785798469111654,0.0073815769878188475,0.0013409124646564438,0.019765205461703593,0.023354387718783075,0.022959083609549003,0.022959083609549003,0.9307779044538328,0.9535337408735923,0.9891202174289114,-0.04322085333344449,0.023363305090841266,0.00013828947851886954,0.023772018324721915,-5.30825383648903e-16,0.019253484526340653,0.0001793882859449278,nan,0.25169069435856817,0.18267882128800783,0.059337315600780045,0.0,51,479789,0.9969418960244648,1.0,nan,0.00972060709067597,8.97021887334051e-05,0.0,0.014535747144477756,0.014499234571588235,0.014449633789613102,0.023363305090841325,0.0006815495978440523,4.168499069382583e-06,0.0,0.06989947664494184,0.04647042762547703,0.01087978257108854,/common/users/shared/pracsys/adaptive_roa_experiments/quadrotor_stoch/q2d_nd_dir00_s44,0.6861500686575674,-0.017606167918833737
fm,noisy_dynamics_f_0.150,dir00_s44,1,0.013869314417691476,100.0,0.18750240481134314,50.0,0.04317383266394184,0.007893739904376666,0.007878108881303412,0.007682368716639938,0.0015631023073252894,0.019765205461703593,0.023354387718783075,0.022959083609549003,0.022959083609549003,0.9309634026624204,0.9535441621212658,0.9891202174289114,-0.042958779796952395,0.023154823774211995,0.00013733569903613972,0.02356575890651933,-4.718447854656915e-16,0.024388088716090838,0.000627718244182397,nan,0.24596148495896683,0.18267882128800783,0.059337315600780045,0.0,56,479789,1.0,1.0,nan,0.01234457464889525,0.00031395766056691786,0.0,0.013731254022274198,0.013709154217555738,0.01357689439810213,0.02315482377421199,0.0008628793073621946,1.458974674283904e-05,0.0,0.06989947664494184,0.04647042762547703,0.01087978257108854,/common/users/shared/pracsys/adaptive_roa_experiments/quadrotor_stoch/q2d_nd_dir00_s44,0.7019411570008994,-0.00852560877393116
fm,noisy_dynamics_f_0.150,dir00_s44,2,0.005478813174442472,100.0,0.1206177220438443,50.0,0.04039594488410529,0.010636573102924572,0.010591809749353595,0.013745801178614476,0.004476335357097526,0.019765205461703593,0.023354387718783075,0.022959083609549003,0.022959083609549003,0.9322702271206718,0.9535524991194045,0.9891202174289114,-0.0395851718151104,0.01980509218028807,0.00011712117846784221,0.020245159643093105,-6.591949208711867e-17,0.06026604973973395,0.0009862375039225355,nan,0.17907680219149277,0.18267882128800783,0.059337315600780045,0.0,56,479789,0.9990412272291467,1.0,nan,0.031070161314369203,0.000493362038033728,0.0,0.004905819765535348,0.00508775310286694,0.005119844098459889,0.019805092180288936,0.0021738722646830167,2.2926744881604206e-05,0.0,0.06989947664494184,0.04647042762547703,0.01087978257108854,/common/users/shared/pracsys/adaptive_roa_experiments/quadrotor_stoch/q2d_nd_dir00_s44,0.8507727730203142,0.13737444764342188
fm,noisy_dynamics_f_0.150,dir00_s44,3,0.004440193901937657,100.0,0.10430105531513695,50.0,0.039109316803845016,0.010661143697937994,0.010605257708829693,0.015116597093508207,0.0055885989108301415,0.019765205461703593,0.023354387718783075,0.022959083609549003,0.022959083609549003,0.9336374948154292,0.9536108581063759,0.9891202174289114,-0.03817949140142853,0.018447744224870544,0.00010945558452489928,0.018898934323212917,5.551115123125783e-17,0.09648127128263337,0.003492276695768972,nan,0.16276013546278822,0.18267882128800783,0.059337315600780045,0.0,61,479789,0.9982384028185555,1.0,nan,0.05069028237469064,0.0017491926803013993,0.0,0.0038999119938103173,0.003988391179644533,0.003982462990823896,0.01844774422487088,0.003549476957579269,8.128573185296036e-05,0.0,0.06989947664494184,0.04647042762547703,0.01087978257108854,/common/users/shared/pracsys/adaptive_roa_experiments/quadrotor_stoch/q2d_nd_dir00_s44,0.8751290941435385,0.1964947495901853
fm,noisy_dynamics_f_0.150,dir00_s44,4,0.0050850100592074185,100.0,0.1113861748140173,50.0,0.03953408685901511,0.009733396766118969,0.009678891194425216,0.013702816926246043,0.0054505571693752326,0.019765205461703593,0.023354387718783075,0.022959083609549003,0.022959083609549003,0.9341460517018939,0.9536296163521881,0.9891202174289114,-0.03829416681082726,0.01893515787772817,0.00011324802214875074,0.019384967558655992,-6.938893903907228e-18,0.11182324169337156,0.004296455424274973,nan,0.16984525496167513,0.18267882128800783,0.059337315600780045,0.0,62,479789,0.9764359351988218,1.0,nan,0.05930763037838805,0.002152852529601722,0.0,0.004523926496754031,0.004607502176760228,0.004588002148899473,0.01893515787772822,0.004245616302166161,0.00010004397766518198,0.0,0.06989947664494184,0.04647042762547703,0.01087978257108854,/common/users/shared/pracsys/adaptive_roa_experiments/quadrotor_stoch/q2d_nd_dir00_s44,0.8627273099057832,0.1752650846285183
fm,noisy_dynamics_f_0.150,dir00_s44,5,0.004653199947313625,100.0,0.09936846801051698,50.0,0.03787592045670077,0.008543692372545786,0.008474587350769695,0.014285902029722663,0.006910502177609179,0.019765205461703593,0.023354387718783075,0.022959083609549003,0.022959083609549003,0.9381936642982645,0.9536483745980003,0.9891202174289114,-0.03624357790612124,0.01714776893059609,0.00010337910579507192,0.01761217806160625,5.204170427930421e-17,0.21124587722098095,0.005099986578982687,nan,0.15782754815818023,0.18267882128800783,0.059337315600780045,0.0,62,479789,0.978319783197832,1.0,nan,0.11840653606464502,0.002556512378902045,0.0,0.00406575836111984,0.004150210274818394,0.004150446772844185,0.01714776893059636,0.008459968861311952,0.00011880222347740361,0.0,0.06989947664494184,0.04647042762547703,0.01087978257108854,/common/users/shared/pracsys/adaptive_roa_experiments/quadrotor_stoch/q2d_nd_dir00_s44,0.8732017010737733,0.2531161425160674
fm,noisy_dynamics_f_0.150,dir00_s44,6,0.004111623886124816,100.0,0.09357452000594994,50.0,0.037551507016626066,0.008606298019993575,0.008533561037610894,0.0147234860530816,0.007273698238268081,0.019765205461703593,0.023354387718783075,0.022959083609549003,0.022959083609549003,0.9382853712777909,0.9538151145607757,0.9891202174289114,-0.03575367505299205,0.01676915859407841,0.00010100875462099729,0.017237199685695172,1.214306433183765e-16,0.21558758079898271,0.012302206373969244,nan,0.1520336001536175,0.18267882128800783,0.059337315600780045,0.0,65,479789,0.966278793635716,0.9928057553956835,nan,0.12132868175448012,0.006189451022604951,0.0,0.0035590145518597043,0.0036402082373623947,0.003623181655579837,0.016769158594078237,0.008776774790585027,0.0002897106853220895,0.0,0.06989947664494184,0.04647042762547703,0.01087978257108854,/common/users/shared/pracsys/adaptive_roa_experiments/quadrotor_stoch/q2d_nd_dir00_s44,0.8842301409344608,0.26960679793404807
fm,noisy_dynamics_f_0.150,dir00_s44,7,0.0041685375924444415,100.0,0.09712113054970845,50.0,0.03869982429776423,0.009718067936657972,0.009652489317723398,0.014845502765733383,0.006557861893457332,0.019765205461703593,0.023354387718783075,0.022959083609549003,0.022959083609549003,0.9338896890091269,0.953529572374523,0.9891202174289114,-0.03706919083180315,0.01776607016153912,0.00010504875728531788,0.018226952889707777,1.1102230246251565e-16,0.10663286861005492,nan,nan,0.15558021069737457,0.18267882128800783,0.059337315600780045,0.0,48,479789,0.961890243902439,nan,nan,0.056445120314876106,0.0,0.0,0.0035596355718552756,0.003668870436938675,0.003660187641617121,0.01776607016153875,0.004101803084272462,0.0,0.0,0.06989947664494184,0.04647042762547703,0.01087978257108854,/common/users/shared/pracsys/adaptive_roa_experiments/quadrotor_stoch/q2d_nd_dir00_s44,0.8824308587322411,0.2261855715290847
fm,noisy_dynamics_f_0.150,dir00_s44,8,0.003965078025230813,100.0,0.08526315460658049,50.0,0.035611008172342425,0.006719678287704931,0.006629565904338429,0.014593114379835565,0.009011238336650134,0.019765205461703593,0.023354387718783075,0.022959083609549003,0.022959083609549003,0.9439149292709921,0.954575865640938,0.9891202174289114,-0.03285542186252707,0.014995535134051975,9.260884908255538e-05,0.01548095162665255,1.0928757898653885e-16,0.349631419939577,0.045295251445593133,nan,0.14372223475425358,0.18267882128800783,0.059337315600780045,0.0,72,479789,0.9228119418218933,0.9718045112781954,nan,0.21567224259772788,0.02318801578758522,0.0,0.003364609771877294,0.0035002286289367896,0.003522982631431955,0.014995535134051809,0.01633634785291034,0.001108820752455767,0.0,0.06989947664494184,0.04647042762547703,0.01087978257108854,/common/users/shared/pracsys/adaptive_roa_experiments/quadrotor_stoch/q2d_nd_dir00_s44,0.8861341944851894,0.34685828977010547
fm,noisy_dynamics_f_0.150,dir00_s44,9,0.003396098644985469,100.0,0.07647269419659936,50.0,0.03432700624649586,0.0067222660163573904,0.0066258586709651785,0.015603705001426361,0.00964073453922117,0.019765205461703593,0.023354387718783075,0.022959083609549003,0.022959083609549003,0.9456927941240837,0.955169876758325,0.9891202174289114,-0.031892519419995026,0.013981237279087915,8.722273749165783e-05,0.014472948733714196,9.194034422677078e-17,0.3783164726092766,0.06835015376618878,nan,0.13493177434427503,0.18267882128800783,0.059337315600780045,0.0,72,479789,0.9466268656716418,0.9974715549936789,nan,0.23639562274502787,0.03538751345532831,0.0,0.00285543292537425,0.002932650381480753,0.00295092113003526,0.013981237279088128,0.017455589853039567,0.0016486413819408114,0.0,0.06989947664494184,0.04647042762547703,0.01087978257108854,/common/users/shared/pracsys/adaptive_roa_experiments/quadrotor_stoch/q2d_nd_dir00_s44,0.8991388596137183,0.3910367888867775
fm,noisy_dynamics_f_0.150,dir00_s44,10,0.003532071580237706,100.0,0.07775060112312562,50.0,0.034143488074966276,0.0066220060074732275,0.006526482592308679,0.015553605583968849,0.009552341516454907,0.019765205461703593,0.023354387718783075,0.022959083609549003,0.022959083609549003,0.946824541621421,0.9552740892350596,0.9891181331793768,-0.03189324890733219,0.013931960617888928,8.741138134041666e-05,0.01442278814228755,9.540979117872439e-17,0.3968700503534195,0.07260469337482173,nan,0.13620968127079655,0.18267882128800783,0.059337315600780045,0.0,74,479789,0.9577818347786399,0.99644128113879,0.0,0.25029072367832544,0.03767491926803014,0.0,0.0030079996733265,0.0030441243213974963,0.003085040181269852,0.013931960617889124,0.018266362922034478,0.0017570223577447587,2.0842495346912913e-06,0.06989947664494184,0.04647042762547703,0.01087978257108854,/common/users/shared/pracsys/adaptive_roa_experiments/quadrotor_stoch/q2d_nd_dir00_s44,0.8962485158666317,0.393183070595447
fm,noisy_dynamics_f_0.150,dir00_s44,11,0.0034616164723687065,100.0,0.07505705040391025,50.0,0.03320313721239962,0.005886761311188352,0.005785230413062701,0.015544965499294497,0.010153089812565123,0.019765205461703593,0.023354387718783075,0.022959083609549003,0.022959083609549003,0.9489275494019246,0.9564975437119234,0.9891243859279808,-0.030609205296494923,0.013199348523317302,8.435226056418563e-05,0.013696183530677026,9.540979117872439e-17,0.4417968927969384,0.12036412677006067,0.0007659900421294524,0.1335161305515819,0.18267882128800783,0.059337315600780045,0.0,77,479789,0.9359135218608242,0.9972067039106145,1.0,0.28914333422786775,0.06404736275565123,0.0003831417624521073,0.0029631586267972088,0.003011092863331869,0.003023774006570111,0.013199348523317592,0.02159490942893647,0.0029846453336779292,4.168499069382583e-06,0.06989947664494184,0.04647042762547703,0.01087978257108854,/common/users/shared/pracsys/adaptive_roa_experiments/quadrotor_stoch/q2d_nd_dir00_s44,0.8974467379959145,0.4250925364535234
fm,noisy_dynamics_f_0.150,dir00_s44,12,0.002939536320606545,100.0,0.07078178157581927,50.0,0.03304344201305157,0.006194701350387085,0.006091810658390765,0.015880674828743717,0.010289069199631972,0.019765205461703593,0.023354387718783075,0.022959083609549003,0.022959083609549003,0.9485294577407986,0.9567684961514332,0.9891285544270503,-0.030425833022432777,0.01317021943919613,8.430761083861091e-05,0.01366841424042652,7.632783294297951e-17,0.43215525765136015,0.13314944834503506,0.003819709702062643,0.1292408617234981,0.18267882128800783,0.059337315600780045,0.0,80,479789,0.9442323151125402,0.9761029411764706,0.625,0.2801979902793929,0.07144779332615715,0.0019157088122605363,0.0024106550016992846,0.0024584054843723086,0.0024542242333062034,0.013170219439196431,0.02074245136924773,0.0034014952406161876,3.334799255506066e-05,0.06989947664494184,0.04647042762547703,0.01087978257108854,/common/users/shared/pracsys/adaptive_roa_experiments/quadrotor_stoch/q2d_nd_dir00_s44,0.9084859342514343,0.4263612754248409
fm,noisy_dynamics_f_0.150,dir00_s44,13,0.0030652734078509287,100.0,0.0726195561575179,50.0,0.03333252742351325,0.00649530848245416,0.006396122390318667,0.015997027632345576,0.00991860921354928,0.019765205461703593,0.023354387718783075,0.022959083609549003,0.022959083609549003,0.9478791718859749,0.9566392726802824,0.9891327229261196,-0.03102101131955921,0.013358178367522181,8.466137601238988e-05,0.013852668568891738,7.806255641895632e-17,0.4180493821414442,0.12690951821386603,0.003059273422562142,0.13107863630519315,0.18267882128800783,0.059337315600780045,0.0,78,479789,0.9520881916472335,0.9869451697127938,0.8,0.26782359781733606,0.06781485468245425,0.0015325670498084292,0.0025464712240176397,0.0025650916153369106,0.002602494884028812,0.013358178367522369,0.019662810110277644,0.0031930702871470584,2.0842495346912913e-05,0.06989947664494184,0.04647042762547703,0.01087978257108854,/common/users/shared/pracsys/adaptive_roa_experiments/quadrotor_stoch/q2d_nd_dir00_s44,0.9059154696397415,0.41817458419959197
fm,noisy_dynamics_f_0.150,dir00_s44,14,0.003089845586904401,100.0,0.07197099201151226,50.0,0.0334358019879572,0.0064004793641263946,0.0062985085272406266,0.01594277405868432,0.01019708368857682,0.019765205461703593,0.023354387718783075,0.022959083609549003,0.022959083609549003,0.9480459118487502,0.9555575471717775,0.9891223016784462,-0.030951584967558655,0.013314818078105396,8.393001985185852e-05,0.013812093024225234,8.500145032286355e-17,0.4227856894755123,0.08394552562615458,0.0003830683777054204,0.13043007215918664,0.18267882128800783,0.059337315600780045,0.0,76,479789,0.9462064676616916,0.9959225280326198,1.0,0.27220681635208877,0.04381951919626839,0.00019157088122605365,0.0026242688659281546,0.0026306577154717164,0.002647533721173129,0.013314818078105863,0.020108839510701578,0.0020446487935321567,2.0842495346912913e-06,0.06989947664494184,0.04647042762547703,0.01087978257108854,/common/users/shared/pracsys/adaptive_roa_experiments/quadrotor_stoch/q2d_nd_dir00_s44,0.9049055174937123,0.42006317392530523
fm,noisy_dynamics_f_0.150,dir00_s44,15,0.002927397699546434,100.0,0.0662423626952809,50.0,0.03211949419432291,0.005386027433616318,0.005272951633102914,0.016001817977391287,0.011307580051340332,0.019765205461703593,0.023354387718783075,0.022959083609549003,0.022959083609549003,0.9513515316107706,0.956803928393523,0.9891306386765849,-0.028967525307999974,0.012230217265260706,7.884723487998434e-05,0.012738597175008179,7.28583859910259e-17,0.48320602236244886,0.1325911354790106,0.0019138755980861245,0.1247014428429705,0.18267882128800783,0.059337315600780045,0.0,78,479789,0.9384244926040591,0.9918597370068879,1.0,0.32537197721919076,0.07104413347685684,0.0009578544061302681,0.002465696088977694,0.0024397816902038652,0.0024619167994841835,0.012230217265261087,0.024235653589390335,0.0033285465069019925,1.0421247673456457e-05,0.06989947664494184,0.04647042762547703,0.01087978257108854,/common/users/shared/pracsys/adaptive_roa_experiments/quadrotor_stoch/q2d_nd_dir00_s44,0.9095525713434358,0.4673037707753289
fm,noisy_dynamics_f_0.150,dir00_s44,16,0.0033788076005780653,100.0,0.07450889046430084,50.0,0.03359864440410264,0.006423763470132025,0.0063244236403823696,0.015718658370196956,0.009933982974965571,0.019765205461703593,0.023354387718783075,0.022959083609549003,0.022959083609549003,0.9476207249436731,0.9556200746578183,0.9891243859279808,-0.031291630279143536,0.0135648488797345,8.571668745603545e-05,0.01405949281871823,8.500145032286355e-17,0.4120715873201543,0.0864118076114472,0.0007659900421294524,0.1329679706119744,0.18267882128800783,0.059337315600780045,0.0,75,479789,0.9564509122502172,0.9960435212660732,1.0,0.2626054805140591,0.04516505202726947,0.0003831417624521073,0.0028339949748423196,0.002920481792416912,0.0028848037683153567,0.01356484887973458,0.01919176971543741,0.0021071762795728958,4.168499069382583e-06,0.06989947664494184,0.04647042762547703,0.01087978257108854,/common/users/shared/pracsys/adaptive_roa_experiments/quadrotor_stoch/q2d_nd_dir00_s44,0.9006428880817646,0.40917289599081863
fm,noisy_dynamics_f_0.150,dir00_s44,17,0.003243648045563961,100.0,0.0736100126028763,50.0,0.03320163655273464,0.00619456754927777,0.006093958601038717,0.01570551408870918,0.010060894823905235,0.019765205461703593,0.023354387718783075,0.022959083609549003,0.022959083609549003,0.9482793477966356,0.9566934631681844,0.9891306386765849,-0.03078478247729731,0.013347528121878635,8.540144821596779e-05,0.013843441179351759,9.194034422677078e-17,0.4263356219802575,0.12814702920443102,0.0022957719533193035,0.13206909275055118,0.18267882128800783,0.059337315600780045,0.0,79,479789,0.9486625514403292,0.994140625,0.8571428571428571,0.27495005516295434,0.0684876210979548,0.0011494252873563218,0.002734265969252702,0.0027484541493707124,0.0027870314010679386,0.013347528121878834,0.020258905477199354,0.0032014072852858235,1.458974674283904e-05,0.06989947664494184,0.04647042762547703,0.01087978257108854,/common/users/shared/pracsys/adaptive_roa_experiments/quadrotor_stoch/q2d_nd_dir00_s44,0.9023374958026444,0.41863846358714374
fm,noisy_dynamics_f_0.150,dir00_s44,18,0.0026237555022312854,100.0,0.06346617391582818,50.0,0.03171752582906237,0.005188205764668486,0.005071593262173439,0.015912119254154998,0.011661250249504674,0.019765205461703593,0.023354387718783075,0.022959083609549003,0.022959083609549003,0.9519788907207126,0.9572186940509265,0.9891327229261196,-0.02834646063165266,0.012118557617567508,7.941151879583141e-05,0.012630474229296628,6.418476861114186e-17,0.49529025191675796,0.14879323214730034,0.002677888293802601,0.12192525406352264,0.18267882128800783,0.059337315600780045,0.0,80,479789,0.9332948072318996,0.9867986798679867,0.875,0.33709037779169276,0.08046286329386437,0.0013409961685823754,0.0020720885115128895,0.0021141902643632272,0.0021312832017069353,0.012118557617567863,0.025246514613715614,0.0037891656540687676,1.667399627753033e-05,0.06989947664494184,0.04647042762547703,0.01087978257108854,/common/users/shared/pracsys/adaptive_roa_experiments/quadrotor_stoch/q2d_nd_dir00_s44,0.9177488952060054,0.47216718996017637
fm,noisy_dynamics_f_0.150,dir00_s44,19,0.0028531929954485297,100.0,0.06949579983301982,50.0,0.033044546665304965,0.006026027117434518,0.0059201830754270785,0.01571473242165626,0.010584404200743884,0.019765205461703593,0.023354387718783075,0.022959083609549003,0.022959083609549003,0.9489108754056471,0.9560702725573117,0.9891202174289114,-0.030280498302378746,0.013164534263319896,8.484413917891567e-05,0.013665682414561404,7.28583859910259e-17,0.43784973855609577,0.10459237860571816,nan,0.1279548799807063,0.18267882128800783,0.059337315600780045,0.0,74,479789,0.9482467467964637,0.9903459372485921,nan,0.2846408444404687,0.055211697165410835,0.0,0.0022678714454580557,0.0023342661393952837,0.0023524279967724483,0.01316453426332031,0.02098214006573723,0.002590722171621275,0.0,0.06989947664494184,0.04647042762547703,0.01087978257108854,/common/users/shared/pracsys/adaptive_roa_experiments/quadrotor_stoch/q2d_nd_dir00_s44,0.91204234562329,0.4266088974977824
fm,noisy_dynamics_f_0.150,dir00_s44,20,0.002728300142981177,100.0,0.07012325946752945,50.0,0.03339071967052183,0.00642399858413415,0.006321811336882302,0.015833201648829773,0.010218724725184859,0.019765205461703593,0.023354387718783075,0.022959083609549003,0.022959083609549003,0.9480584173459583,0.9559181223412792,0.9891223016784462,-0.030853020807063106,0.013447693297601605,8.594671212110219e-05,0.013945184654087528,7.45931094670027e-17,0.4205631379478714,0.09831173260572988,0.0003830683777054204,0.12858233961521315,0.18267882128800783,0.059337315600780045,0.0,73,479789,0.9548141891891891,0.9939655172413793,1.0,0.2696723022333542,0.05171331180480804,0.00019157088122605365,0.0022233196411184865,0.002156371984171783,0.002150390200474686,0.013447693297601758,0.019742011592595914,0.002417729460241898,2.0842495346912913e-06,0.06989947664494184,0.04647042762547703,0.01087978257108854,/common/users/shared/pracsys/adaptive_roa_experiments/quadrotor_stoch/q2d_nd_dir00_s44,0.9149704447267135,0.41427569469678127
fm,noisy_dynamics_f_0.150,dir00_s44,21,0.0023804985191880528,100.0,0.06589935371175458,50.0,0.03263438719937306,0.005960733064013306,0.005851815063421674,0.015901764078078327,0.01089180005916321,0.019765205461703593,0.023354387718783075,0.022959083609549003,0.022959083609549003,0.9498300294504459,0.9563099612538012,0.9891243859279808,-0.029702014844025192,0.012909134594892414,8.371830709274647e-05,0.013413356704718112,5.724587470723463e-17,0.45787257043760277,0.11492991048809324,0.0007659900421294524,0.12435843385943988,0.18267882128800783,0.059337315600780045,0.0,77,479789,0.935659057437408,0.9805475504322767,1.0,0.30309807078748846,0.06104233943308217,0.0003831417624521073,0.001785993957390358,0.001836470122345292,0.0018242717583501424,0.012909134594892777,0.02264328694488619,0.0028929383541515126,4.168499069382583e-06,0.06989947664494184,0.04647042762547703,0.01087978257108854,/common/users/shared/pracsys/adaptive_roa_experiments/quadrotor_stoch/q2d_nd_dir00_s44,0.9214665053516214,0.437733020427552
fm,noisy_dynamics_f_0.150,dir00_s44,22,0.002563065386056919,100.0,0.06643441902090319,50.0,0.03250353801358514,0.006018819828402479,0.005911071757075418,0.0160150822045871,0.010774807132706126,0.019765205461703593,0.023354387718783075,0.022959083609549003,0.022959083609549003,0.9499196521804376,0.9566934631681844,0.9891223016784462,-0.029802100506681067,0.012855073162037383,8.368570093493876e-05,0.01335812534259852,6.418476861114186e-17,0.4563062859211658,0.12917015926236378,0.0007658433850277617,0.12489349916858551,0.18267882128800783,0.059337315600780045,0.0,75,479789,0.9461386881861688,0.9852941176470589,0.6666666666666666,0.30065301010823864,0.06911553641908863,0.0003831417624521073,0.0020358311523196015,0.002001865612123791,0.002002874556938454,0.01285507316203764,0.02221184729120509,0.00325976627225718,6.252748604073874e-06,0.06989947664494184,0.04647042762547703,0.01087978257108854,/common/users/shared/pracsys/adaptive_roa_experiments/quadrotor_stoch/q2d_nd_dir00_s44,0.918845591439011,0.44008770643220363
fm,noisy_dynamics_f_0.150,dir00_s44,23,0.0023782510582555432,100.0,0.06451612937957736,50.0,0.03267079903874411,0.006062684485226056,0.005952269153452794,0.016054676025689135,0.011041533177326203,0.019765205461703593,0.023354387718783075,0.022959083609549003,0.022959083609549003,0.9502739746013352,0.9554053969557451,0.9891223016784462,-0.02979211695140988,0.012856676737312719,8.306048070965483e-05,0.013362396178320052,5.551115123125783e-17,0.4611527689944891,0.0791082034948782,0.0003830683777054204,0.12297520952726772,0.18267882128800783,0.059337315600780045,0.0,75,479789,0.950647173852314,0.9797441364605544,1.0,0.3044100545665981,0.04121815572299964,0.00019157088122605365,0.0018143992418451667,0.0018210279922637193,0.0017953985821178478,0.012856676737312965,0.02238275575304978,0.0019550260635404315,2.0842495346912913e-06,0.06989947664494184,0.04647042762547703,0.01087978257108854,/common/users/shared/pracsys/adaptive_roa_experiments/quadrotor_stoch/q2d_nd_dir00_s44,0.9235758831419659,0.44001786151580335
fm,noisy_dynamics_f_0.150,epi_bald,0,0.015030486294702732,100.0,0.1954618095151266,50.0,0.04343855319734299,0.007508930241368243,0.007495957872264324,0.00702307735438449,0.0012972369103918596,0.019765205461703593,0.023354387718783075,0.022959083609549003,0.022959083609549003,0.9306799447257024,0.953529572374523,0.9891202174289114,-0.04327735733832996,0.023431964127428297,0.00013867653564857092,0.023840240605766293,-5.342948306008566e-16,0.016442407215732664,nan,nan,0.2539208896627467,0.18267882128800783,0.059337315600780045,0.0,47,479789,1.0,nan,nan,0.008289352058919999,0.0,0.0,0.014814619150980616,0.014933526615173625,0.014867852474573437,0.023431964127428442,0.000579421370644179,0.0,0.0,0.06989947664494184,0.04647042762547703,0.01087978257108854,/common/users/shared/pracsys/adaptive_roa_experiments/quadrotor_stoch/q2d_nd_epi_bald,0.6790370726024687,-0.020596663434886198
fm,noisy_dynamics_f_0.150,epi_bald,1,0.005780539605997457,100.0,0.12872600765025383,50.0,0.041301530464433335,0.011382554681196302,0.011345718332827593,0.013446398848543146,0.0036836348368709474,0.019765205461703593,0.023354387718783075,0.022959083609549003,0.022959083609549003,0.9314636225507462,0.953529572374523,0.9891202174289114,-0.040601347675749126,0.020858403093833373,0.00012327067729796538,0.021290543551436156,-7.632783294297951e-17,0.03864932027481362,nan,nan,0.18718508779789975,0.18267882128800783,0.059337315600780045,0.0,46,479789,0.9895209580838323,nan,nan,0.019709574499806183,0.0,0.0,0.005202914029990345,0.005337961208368908,0.005332088315849238,0.020858403093832807,0.0013922786891737825,0.0,0.0,0.06989947664494184,0.04647042762547703,0.01087978257108854,/common/users/shared/pracsys/adaptive_roa_experiments/quadrotor_stoch/q2d_nd_epi_bald,0.8461937539075635,0.09149670568044488
fm,noisy_dynamics_f_0.150,epi_bald,2,0.0033990059940035757,100.0,0.06936354776622673,50.0,0.03137158209129431,0.005067358580383058,0.004957244081608544,0.01620245573602285,0.01101144987745139,0.019765205461703593,0.023354387718783075,0.022959083609549003,0.022959083609549003,0.954238217216318,0.957898159399236,0.9891327229261196,-0.028818876631185784,0.011713871955134802,7.67494400684056e-05,0.012219290563143382,9.8879238130678e-17,0.524040754389768,0.17247029905776323,0.002296211251435132,0.12782262791391893,0.18267882128800783,0.059337315600780045,0.0,78,479789,0.9598189470340666,0.9957426679280984,1.0,0.36040790768405045,0.09441155364190887,0.0011494252873563218,0.003017970021748486,0.00299804633915102,0.0029881078924411148,0.011713871955135095,0.026246954390367432,0.00440610351633739,1.2505497208147748e-05,0.06989947664494184,0.04647042762547703,0.01087978257108854,/common/users/shared/pracsys/adaptive_roa_experiments/quadrotor_stoch/q2d_nd_epi_bald,0.8975497476022433,0.4897935756345764
fm,noisy_dynamics_f_0.150,epi_bald,3,0.0031083135247571593,100.0,0.0620355552391826,50.0,0.02955924375089883,0.0034045788798186664,0.0032762922430435064,0.015861591294040852,0.012828663677515983,0.019765205461703593,0.023354387718783075,0.022959083609549003,0.022959083609549003,0.957512573235318,0.9612954861407828,0.9891702394177441,-0.02511866674725765,0.010373784558551731,7.146576885672547e-05,0.010897375304560966,7.632783294297951e-17,0.5881734984545143,0.29051730725147085,0.010285714285714287,0.12049463538689305,0.18267882128800783,0.059337315600780045,0.0,81,479789,0.9119784488159378,0.9804022692109334,0.9,0.4340579061931598,0.17052386078220308,0.005172413793103448,0.002708829670804101,0.002707912602920329,0.002721088435374194,0.010373784558551627,0.033268791072742394,0.008082719695532828,6.252748604073874e-05,0.06989947664494184,0.04647042762547703,0.01087978257108854,/common/users/shared/pracsys/adaptive_roa_experiments/quadrotor_stoch/q2d_nd_epi_bald,0.905624534173698,0.5481620810755212
fm,noisy_dynamics_f_0.150,epi_bald,4,0.00300840978014836,100.0,0.06483913024015207,50.0,0.03187715850092436,0.005115845720313837,0.004998260721723022,0.016087102729555925,0.011758499859081572,0.019765205461703593,0.023354387718783075,0.022959083609549003,0.022959083609549003,0.9525249640988017,0.9566830419205109,0.9891181331793768,-0.028294000070864488,0.011870241601716182,7.684940535522041e-05,0.01238313070954107,8.153200337090993e-17,0.5059430851986813,0.1312544413326088,0.00038292169251388086,0.1232982103878754,0.18267882128800783,0.059337315600780045,0.0,76,479789,0.9280655685525583,0.9649661954517517,0.3333333333333333,0.3477651549035394,0.070416218155723,0.00019157088122605365,0.00255534415354335,0.0025726187179681216,0.0025581578845507336,0.011870241601716675,0.026192763902465457,0.003391073992942731,6.252748604073874e-06,0.06989947664494184,0.04647042762547703,0.01087978257108854,/common/users/shared/pracsys/adaptive_roa_experiments/quadrotor_stoch/q2d_nd_epi_bald,0.9087939803387848,0.482982779121934
fm,noisy_dynamics_f_0.150,epi_bald,5,0.0026594198484281586,100.0,0.05689800405181637,50.0,0.02855415609778465,0.0036620848975594464,0.0035328988228979646,0.016800089372875155,0.012918607466148153,0.019765205461703593,0.023354387718783075,0.022959083609549003,0.022959083609549003,0.960301299112735,0.9619707829900227,0.9891806606654175,-0.024800631110759096,0.00969189305957189,6.767532857310021e-05,0.010216383243467445,7.806255641895632e-17,0.6170610587265526,0.313027108433735,0.026626664166510407,0.11535708419953955,0.18267882128800783,0.059337315600780045,0.0,83,479789,0.9471670164177262,0.974906191369606,0.6283185840707964,0.4575841607776486,0.18644599928238248,0.013601532567049808,0.0022617888523507783,0.00228510857854065,0.0022871209385399243,0.00969189305957243,0.0337690109610683,0.008887240015923666,0.00023552019742011592,0.06989947664494184,0.04647042762547703,0.01087978257108854,/common/users/shared/pracsys/adaptive_roa_experiments/quadrotor_stoch/q2d_nd_epi_bald,0.9146307739368799,0.577862373586161
fm,noisy_dynamics_f_0.150,epi_bald,6,0.0018998823644742963,100.0,0.04616816550461361,50.0,0.027099204025102703,0.002903794206631478,0.0027535340470255434,0.017253805418241647,0.015026015960593449,0.019765205461703593,0.023354387718783075,0.022959083609549003,0.022959083609549003,0.9640883805172691,0.9627648820627401,0.9891577339205359,-0.021772237379348004,0.008458812238332936,6.076910695531401e-05,0.009004376507172944,3.8163916471489756e-17,0.6708565752273248,0.3355030686256277,0.017749244712990938,0.10462724565238773,0.18267882128800783,0.059337315600780045,0.0,84,479789,0.9334431981287544,0.9827849204619743,0.618421052631579,0.5235709813042312,0.2022784355938285,0.00900383141762452,0.0014886785077314754,0.001517453001334406,0.0015360461698592722,0.008458812238332877,0.039206817997077884,0.009564621114698336,0.00015840296463653813,0.06989947664494184,0.04647042762547703,0.01087978257108854,/common/users/shared/pracsys/adaptive_roa_experiments/quadrotor_stoch/q2d_nd_epi_bald,0.9321904666661872,0.631570127876759
fm,noisy_dynamics_f_0.150,epi_bald,7,0.0017965754872278589,100.0,0.046082053742992464,50.0,0.02658454028750138,0.0030118009976013885,0.0028681331613759904,0.01744274132596915,0.014366783622539805,0.019765205461703593,0.023354387718783075,0.022959083609549003,0.022959083609549003,0.9640341900293671,0.9636423511168452,0.9892015031607644,-0.02211278291082122,0.0083844754449559,6.049025293753406e-05,0.008923447390415373,5.724587470723463e-17,0.670448034834422,0.3624269005847953,0.031045446044510944,0.10454113389071207,0.18267882128800783,0.059337315600780045,0.0,86,479789,0.9324302788844622,0.9790679304897314,0.6535433070866141,0.5233920744252617,0.22237172587011123,0.015900383141762453,0.0013858103736711232,0.001405757876213748,0.0014255386391411238,0.008384475444955703,0.039235997490563564,0.0105546396436767,0.000264699690905794,0.06989947664494184,0.04647042762547703,0.01087978257108854,/common/users/shared/pracsys/adaptive_roa_experiments/quadrotor_stoch/q2d_nd_epi_bald,0.9338662502919435,0.6348079223219223
fm,noisy_dynamics_f_0.150,epi_bald,8,0.0012966490040117445,100.0,0.037760127522176286,50.0,0.025082692600288864,0.002590859674546545,0.0024349594262240027,0.0181090518990603,0.01559002483225423,0.019765205461703593,0.023354387718783075,0.022959083609549003,0.022959083609549003,0.9671939123239591,0.965586955932712,0.9892035874102991,-0.019861980995812746,0.007284991136712743,5.39100414175344e-05,0.007836195494269355,3.469446951953614e-17,0.709947296649836,0.4192198107566217,0.03068862275449101,0.09621920766992208,0.18267882128800783,0.059337315600780045,0.0,86,479789,0.9292778233392831,0.9716288928746127,0.6612903225806451,0.5743805349315682,0.26726767133118046,0.015708812260536397,0.000914073376489966,0.0009183133267062679,0.0009404220639047052,0.0072849911367123665,0.04320440860461578,0.01278270239626169,0.0002584469423017201,0.06989947664494184,0.04647042762547703,0.01087978257108854,/common/users/shared/pracsys/adaptive_roa_experiments/quadrotor_stoch/q2d_nd_epi_bald,0.9466643692284176,0.6826967809079796
fm,noisy_dynamics_f_0.150,epi_bald,9,0.001434602612821526,100.0,0.04088753698147153,50.0,0.025845840567416088,0.0026857992453446027,0.0025323258234946655,0.01768305143163323,0.015347342184993739,0.019765205461703593,0.023354387718783075,0.022959083609549003,0.022959083609549003,0.9661538718061481,0.9642426149828363,0.9891514811719319,-0.020669690217991657,0.007808358001410485,5.688342668243202e-05,0.008357135532494491,4.336808689942018e-17,0.6993724197937686,0.38100736036946165,0.008760236145496095,0.09934661712919862,0.18267882128800783,0.059337315600780045,0.0,83,479789,0.922314453125,0.974169741697417,0.7419354838709677,0.5632286728091361,0.23681377825618946,0.004406130268199234,0.001034313056179759,0.0010464271996549312,0.0010473459689635289,0.0078083580014100444,0.042685430470477646,0.0112966324780268,6.461173557543003e-05,0.06989947664494184,0.04647042762547703,0.01087978257108854,/common/users/shared/pracsys/adaptive_roa_experiments/quadrotor_stoch/q2d_nd_epi_bald,0.9429787773729095,0.6599011470055851
fm,noisy_dynamics_f_0.150,epi_bald,10,0.0009707013453243211,100.0,0.03296511324516045,50.0,0.024166060497426988,0.0023823429398376187,0.002219026622191168,0.018347604813718058,0.016331631764645027,0.019765205461703593,0.023354387718783075,0.022959083609549003,0.022959083609549003,0.9690092936686752,0.9658724981189648,0.9891681551682093,-0.01857593650542217,0.006830505418022131,5.139841033185342e-05,0.007389125844902655,1.734723475976807e-17,0.731174630724449,0.42903968198619147,0.043790248390064394,0.09142419339290027,0.18267882128800783,0.059337315600780045,0.0,87,479789,0.9286764030495086,0.9639611407082419,0.5534883720930233,0.6029459999403644,0.2759239325439541,0.022796934865900384,0.000603767549663521,0.000605183134968479,0.0006237273875347534,0.006830505418021958,0.04538244936836818,0.013301680530399821,0.00044811364995862765,0.06989947664494184,0.04647042762547703,0.01087978257108854,/common/users/shared/pracsys/adaptive_roa_experiments/quadrotor_stoch/q2d_nd_epi_bald,0.9558871357535016,0.7024922451529716
fm,noisy_dynamics_f_0.150,epi_bald,11,0.0008071744508931886,100.0,0.029815624936491106,50.0,0.023242550371100627,0.0018037889143997323,0.0016300256370196569,0.01828965567918013,0.017376327738007565,0.019765205461703593,0.023354387718783075,0.022959083609549003,0.022959083609549003,0.9705787335682977,0.9675878354860157,0.9892223456561113,-0.01645294077188097,0.006299453567388548,4.8912605039545295e-05,0.0068685209540026975,1.9081958235744878e-17,0.7533461471256334,0.4780317524250663,0.04151992585727526,0.08827470508423273,0.18267882128800783,0.059337315600780045,0.0,87,479789,0.9098467901911957,0.9498466053087902,0.64,0.6427825983242389,0.31938464298528885,0.021455938697318006,0.00046076280821838987,0.00042928304942936016,0.00043654090161043244,0.006299453567388432,0.04938212422544077,0.015625618761580612,0.000364743668570976,0.06989947664494184,0.04647042762547703,0.01087978257108854,/common/users/shared/pracsys/adaptive_roa_experiments/quadrotor_stoch/q2d_nd_epi_bald,0.9600989896586062,0.7256226043460847
fm,noisy_dynamics_f_0.150,epi_bald,12,0.0008224649942714629,100.0,0.03056748742541744,50.0,0.02369135182340571,0.002222903352761412,0.002055508369305827,0.018505228352307505,0.016739498345558507,0.019765205461703593,0.023354387718783075,0.022959083609549003,0.022959083609549003,0.9693948798325931,0.9667791466665555,0.9891806606654175,-0.01780918278659994,0.006509363626547341,4.905476500754212e-05,0.007072062719237,1.734723475976807e-17,0.7375232375232377,0.4539381273767515,0.03423255813953489,0.08902656757315668,0.18267882128800783,0.059337315600780045,0.0,85,479789,0.920694425849065,0.9611199767880458,0.5935483870967742,0.6151414855234517,0.29713850017940435,0.017624521072796936,0.000450477696237,0.00046973271894888957,0.00047955717020753364,0.006509363626547372,0.04670177932382777,0.014366732042627072,0.0003230586778771502,0.06989947664494184,0.04647042762547703,0.01087978257108854,/common/users/shared/pracsys/adaptive_roa_experiments/quadrotor_stoch/q2d_nd_epi_bald,0.9596432301145629,0.7164798152553438
fm,noisy_dynamics_f_0.150,epi_bald,13,0.0006832971779266063,100.0,0.02686032204791692,50.0,0.02210081931849209,0.001783781399903839,0.0016098075270033546,0.01891291322495031,0.01739738729004844,0.019765205461703593,0.023354387718783075,0.022959083609549003,0.022959083609549003,0.9723336716765077,0.9697346125067478,0.9892015031607644,-0.015936526264670514,0.005655977911602067,4.485572971134543e-05,0.006225255893736622,1.734723475976807e-17,0.7679938476596637,0.5278184242187753,0.048484848484848485,0.08531940219566012,0.18267882128800783,0.059337315600780045,0.0,87,479789,0.9279047176584871,0.959678372945489,0.5866666666666667,0.6550973551599726,0.36401148188015786,0.02528735632183908,0.0003343809855587302,0.00035482870694704177,0.00036409211342887165,0.005655977911601943,0.04934877623288571,0.01762649831488425,0.0004689561453055406,0.06989947664494184,0.04647042762547703,0.01087978257108854,/common/users/shared/pracsys/adaptive_roa_experiments/quadrotor_stoch/q2d_nd_epi_bald,0.9633674237918556,0.753649666171795
fm,noisy_dynamics_f_0.150,epi_bald,14,0.000762782156559027,100.0,0.029408412322529102,50.0,0.023205158934448272,0.002102103672424288,0.0019327471175195022,0.018681469454481032,0.016935655490478548,0.019765205461703593,0.023354387718783075,0.022959083609549003,0.022959083609549003,0.9705307958289998,0.9675711614897382,0.9891869134140215,-0.01732194777287516,0.006210361272587497,4.744772271773307e-05,0.006775021936726354,2.2551405187698492e-17,0.7486712764633735,0.47441137722528126,0.03281133482475764,0.08786749247027145,0.18267882128800783,0.059337315600780045,0.0,86,479789,0.9268926056338028,0.9609963049130971,0.6111111111111112,0.6279333273697707,0.3149443846429853,0.01685823754789272,0.0003997071848185267,0.0004261115938903516,0.00042853144509225353,0.006210361272587439,0.04735414942818614,0.015229611349989266,0.000300131932995546,0.06989947664494184,0.04647042762547703,0.01087978257108854,/common/users/shared/pracsys/adaptive_roa_experiments/quadrotor_stoch/q2d_nd_epi_bald,0.9607587154168203,0.7295030856543194
fm,noisy_dynamics_f_0.150,epi_bald,15,0.000696899383052331,100.0,0.0275334218216023,50.0,0.022482257825835943,0.0018666987432268422,0.0016922264925777722,0.018803878897851525,0.017447225064907007,0.019765205461703593,0.023354387718783075,0.022959083609549003,0.022959083609549003,0.9717500818067942,0.9685194950280227,0.9891681551682093,-0.016230509661538717,0.0058474312042752705,4.5941571173075124e-05,0.006417207564158412,2.0816681711721685e-17,0.7621688015441306,0.49777216200039903,0.048342794360007324,0.08599250196935398,0.18267882128800783,0.059337315600780045,0.0,88,479789,0.9260222572805185,0.9623296477243507,0.5477178423236515,0.6475832662432537,0.3357104413347686,0.02528735632183908,0.0003501276706518266,0.000370624733354854,0.0003836712575357102,0.005847431204275181,0.048881904337114854,0.016211292880828863,0.0005023041378606013,0.06989947664494184,0.04647042762547703,0.01087978257108854,/common/users/shared/pracsys/adaptive_roa_experiments/quadrotor_stoch/q2d_nd_epi_bald,0.9628078304698553,0.7453107753027546
fm,noisy_dynamics_f_0.150,epi_bald,16,0.0006240265379716759,100.0,0.02682274633663708,50.0,0.022776470490152963,0.0018473381657703512,0.0016721710052733897,0.018651660751755478,0.017516716049696176,0.019765205461703593,0.023354387718783075,0.022959083609549003,0.022959083609549003,0.9705974918141099,0.9686508027487083,0.9892035874102991,-0.016037299729672834,0.005979593863066925,4.606579567149914e-05,0.00655006513279796,9.540979117872439e-18,0.753240392520422,0.503253079692196,0.051629439765653616,0.08528182648438414,0.18267882128800783,0.059337315600780045,0.0,87,479789,0.911095125253893,0.9544031066015283,0.5826446280991735,0.6420073351820378,0.34172048797990673,0.027011494252873563,0.00026892717945053177,0.00027101312606578283,0.00028676661685745757,0.005979593863066705,0.049254985003824595,0.01663856403544058,0.0005043883873952925,0.06989947664494184,0.04647042762547703,0.01087978257108854,/common/users/shared/pracsys/adaptive_roa_experiments/quadrotor_stoch/q2d_nd_epi_bald,0.9651492059193527,0.7395543321868505
fm,noisy_dynamics_f_0.150,epi_bald,17,0.0006221831244456546,100.0,0.025943144889998385,50.0,0.022310828301607577,0.0015992978297439725,0.0014176114630243932,0.01869268269102095,0.018168636671957922,0.019765205461703593,0.023354387718783075,0.022959083609549003,0.022959083609549003,0.9721981954567529,0.9691676966333117,0.9891806606654175,-0.015013995735625457,0.005684012381552459,4.463183343159741e-05,0.00626100285750611,1.474514954580286e-17,0.7701876195234568,0.5159517031510749,0.045245539819753544,0.08440222503775861,0.18267882128800783,0.059337315600780045,0.0,87,479789,0.9121031584101853,0.953901996370236,0.5668202764976958,0.6664877597876971,0.3536060279870829,0.023563218390804597,0.00027081576080691626,0.0002958437173406213,0.0003058842495292341,0.0056840123815522624,0.05107661909714479,0.017226322404223525,0.00045228214902801023,0.06989947664494184,0.04647042762547703,0.01087978257108854,/common/users/shared/pracsys/adaptive_roa_experiments/quadrotor_stoch/q2d_nd_epi_bald,0.9650255772973222,0.7524286039365962
fm,noisy_dynamics_f_0.150,epi_bald,18,0.00046755932923417333,100.0,0.022293209551496485,50.0,0.02098149394838148,0.0016172056406473555,0.0014351130894836085,0.01943042651317094,0.018209255116374713,0.019765205461703593,0.023354387718783075,0.022959083609549003,0.022959083609549003,0.9744429322056154,0.9707746530245587,0.9892577778982011,-0.014529366033819031,0.004963770185861681,3.9665972980907026e-05,0.005541166846259504,1.3877787807814457e-17,0.7901061280383431,0.5504904789382573,0.050478997789240976,0.08075228969924986,0.18267882128800783,0.059337315600780045,0.0,86,479789,0.9275007032914038,0.9649359406608227,0.6586538461538461,0.6881653099561679,0.38509149623250805,0.02624521072796935,0.00017126540480507751,0.00018010260441323907,0.00019055317994139305,0.004963770185861652,0.051862381171723405,0.018545652359683112,0.0004335239032157886,0.06989947664494184,0.04647042762547703,0.01087978257108854,/common/users/shared/pracsys/adaptive_roa_experiments/quadrotor_stoch/q2d_nd_epi_bald,0.9695855057154467,0.7837992896285643
fm,noisy_dynamics_f_0.150,epi_bald,19,0.000427837944499283,100.0,0.021348603571017696,50.0,0.020836763660692516,0.0013487052104241017,0.0011596434046147255,0.019285646718477056,0.018906180580937612,0.019765205461703593,0.023354387718783075,0.022959083609549003,0.022959083609549003,0.9742678552447013,0.9719418327639858,0.989272367644944,-0.013168934677535334,0.004833080295686686,3.913485362286781e-05,0.005417446210730138,1.734723475976807e-17,0.7904545300247802,0.5775964857232507,0.07875425093968141,0.07980768371879939,0.18267882128800783,0.059337315600780045,0.0,88,479789,0.9174579409794729,0.9613536661792355,0.5994550408719346,0.6943375972806154,0.41280947255113026,0.0421455938697318,0.00014570149950807505,0.0001441855301490305,0.00015629286792563524,0.0048330802956867034,0.05290033743999967,0.019954605045134424,0.0007649195792317039,0.06989947664494184,0.04647042762547703,0.01087978257108854,/common/users/shared/pracsys/adaptive_roa_experiments/quadrotor_stoch/q2d_nd_epi_bald,0.9709671141697355,0.7894915852095883
fm,noisy_dynamics_f_0.150,epi_bald,20,0.0005436096788137693,100.0,0.025371653946278737,50.0,0.022328294312708292,0.0020854276244896696,0.0019120122588841954,0.019070497372247988,0.017341536560547415,0.019765205461703593,0.023354387718783075,0.022959083609549003,0.022959083609549003,0.9716542063281984,0.9685549272701125,0.9891785764158828,-0.01650231664335781,0.005800598496185216,4.5369583110899686e-05,0.0063693179710247625,6.071532165918825e-18,0.7604115284335141,0.49594066352611,0.05565660240087304,0.08383073409402225,0.18267882128800783,0.059337315600780045,0.0,87,479789,0.9291772506135101,0.9721021611001964,0.5503597122302158,0.6435280436532784,0.3328848223896663,0.029310344827586206,0.0002130013513565233,0.00021333483058702025,0.00022086405999903686,0.005800598496184961,0.048410863942274625,0.01591324519736801,0.000579421370644179,0.06989947664494184,0.04647042762547703,0.01087978257108854,/common/users/shared/pracsys/adaptive_roa_experiments/quadrotor_stoch/q2d_nd_epi_bald,0.9677313701222457,0.7473506088120754
fm,noisy_dynamics_f_0.150,epi_bald,21,0.0005111049273729756,100.0,0.023896852131584406,50.0,0.021846916040175995,0.0018055634979554811,0.0016264059827758813,0.01916912253996607,0.017915751517959985,0.019765205461703593,0.023354387718783075,0.022959083609549003,0.022959083609549003,0.9728880820527357,0.969334436596087,0.9892035874102991,-0.015463568360258364,0.005416367052358827,4.229978484248346e-05,0.005990828676772498,9.540979117872439e-18,0.7753988535119829,0.518285695576728,0.03286034353995519,0.08235593227933091,0.18267882128800783,0.059337315600780045,0.0,84,479789,0.921038598794044,0.9597429368255123,0.6470588235294118,0.6695291767301786,0.3549964119124507,0.01685823754789272,0.00020403484347531197,0.00019497305581395855,0.00020576391627119027,0.005416367052358809,0.05081191940623899,0.01718880591259908,0.00028345793671801563,0.06989947664494184,0.04647042762547703,0.01087978257108854,/common/users/shared/pracsys/adaptive_roa_experiments/quadrotor_stoch/q2d_nd_epi_bald,0.9685096957605779,0.7640860957487831
fm,noisy_dynamics_f_0.150,epi_bald,22,0.0005633445629143218,100.0,0.025962502690433455,50.0,0.02288639381061258,0.002248233065346186,0.0020747504416398182,0.019169060198121673,0.017348262370636792,0.019765205461703593,0.023354387718783075,0.022959083609549003,0.022959083609549003,0.9716291953337821,0.9673002090502283,0.9891702394177441,-0.017129696595795232,0.0058647738530671605,4.4228136469307884e-05,0.0064335605860076014,1.3877787807814457e-17,0.7587294834981743,0.4622450728363324,0.01925254813137033,0.08442158283818975,0.18267882128800783,0.059337315600780045,0.0,86,479789,0.9354049211135876,0.9802296845471725,0.6538461538461539,0.6381906550973552,0.3024309293146753,0.009770114942528735,0.00021277165902939554,0.00023312239921292018,0.00024321865305866995,0.005864773853066902,0.04768971360327144,0.014337552549141394,0.00016257146370592072,0.06989947664494184,0.04647042762547703,0.01087978257108854,/common/users/shared/pracsys/adaptive_roa_experiments/quadrotor_stoch/q2d_nd_epi_bald,0.9671240273173901,0.7445554033076511
fm,noisy_dynamics_f_0.150,epi_bald,23,0.0005878279315819927,100.0,0.02624942300630474,50.0,0.022907986635791994,0.002132620882406099,0.0019561642072485367,0.01898080024710021,0.017645667515756247,0.019765205461703593,0.023354387718783075,0.022959083609549003,0.022959083609549003,0.971866799780737,0.9669021173891023,0.9891702394177441,-0.016815308395982397,0.005934447569697348,4.518609001735112e-05,0.006506208354088988,2.5153490401663703e-17,0.7624009857419469,0.45437053326003296,0.01329282187618686,0.08470850315406007,0.18267882128800783,0.059337315600780045,0.0,83,479789,0.9305203454647016,0.9712103407755581,0.7608695652173914,0.6457345618272355,0.2965554359526372,0.006704980842911878,0.00023603864105512044,0.0002548223691402395,0.0002715367395003988,0.005934447569697147,0.04850673942087042,0.014189570832178311,9.58754785957994e-05,0.06989947664494184,0.04647042762547703,0.01087978257108854,/common/users/shared/pracsys/adaptive_roa_experiments/quadrotor_stoch/q2d_nd_epi_bald,0.9663825691221175,0.7415207126459904
fm,noisy_dynamics_f_0.150,epi_var,0,0.015124466385259095,100.0,0.19605723582270815,50.0,0.043443367813768126,0.0074292387553862626,0.0074163654891897645,0.006931472089637256,0.0012873266196497869,0.019765205461703593,0.023354387718783075,0.022959083609549003,0.022959083609549003,0.9306966187219798,0.9535337408735923,0.9891202174289114,-0.043282046899783023,0.02344397700910097,0.00013878903123681015,0.023852154384531525,-5.551115123125783e-16,0.01691156905064601,0.0001793882859449278,nan,0.25451631597032803,0.18267882128800783,0.059337315600780045,0.0,51,479789,1.0,1.0,nan,0.00852789456421266,8.97021887334051e-05,0.0,0.014880123999828172,0.015038143813769434,0.014974804027782717,0.02344397700910118,0.0005960953669217093,4.168499069382583e-06,0.0,0.06989947664494184,0.04647042762547703,0.01087978257108854,/common/users/shared/pracsys/adaptive_roa_experiments/quadrotor_stoch/q2d_nd_epi_var,0.6772438485468357,-0.021119893450376903
fm,noisy_dynamics_f_0.150,epi_var,1,0.013238844774872584,100.0,0.18187698937820426,50.0,0.042952693788311125,0.008148651068434286,0.008130726356117038,0.008191827192119888,0.001792471231724737,0.019765205461703593,0.023354387718783075,0.022959083609549003,0.022959083609549003,0.9309321389194,0.9535337408735923,0.9891202174289114,-0.042709753662547506,0.0228979827735457,0.0001359723007189495,0.023311211595097015,-4.579669976578771e-16,0.023572396723436854,0.0001793882859449278,nan,0.2403360695258286,0.18267882128800783,0.059337315600780045,0.0,51,479789,0.9975062344139651,1.0,nan,0.011927125264633092,8.97021887334051e-05,0.0,0.013067953624268422,0.01302906075829991,0.012959385717646285,0.022897982773544615,0.0008357840634112078,4.168499069382583e-06,0.0,0.06989947664494184,0.04647042762547703,0.01087978257108854,/common/users/shared/pracsys/adaptive_roa_experiments/quadrotor_stoch/q2d_nd_epi_var,0.713948987634519,0.002661292455849118
fm,noisy_dynamics_f_0.150,epi_var,2,0.006684396133442279,100.0,0.14073965900469496,50.0,0.04175918997726083,0.011816404763608256,0.011786789388280493,0.013254485939306615,0.0029615375327761407,0.019765205461703593,0.023354387718783075,0.022959083609549003,0.022959083609549003,0.9316011830200359,0.9535441621212658,0.9891202174289114,-0.04137760557244956,0.021491387058522726,0.00012730347596067338,0.02191630654308455,-1.6653345369377348e-16,0.042370655694651135,0.000627718244182397,nan,0.19919873915232691,0.18267882128800783,0.059337315600780045,0.0,54,479789,0.9918032786885246,1.0,nan,0.021647732355309063,0.00031395766056691786,0.0,0.006192300968408525,0.006231093450323422,0.006280409243670228,0.02149138705852141,0.0015256706593940253,1.458974674283904e-05,0.0,0.06989947664494184,0.04647042762547703,0.01087978257108854,/common/users/shared/pracsys/adaptive_roa_experiments/quadrotor_stoch/q2d_nd_epi_var,0.8263037248135524,0.06392661728083271
fm,noisy_dynamics_f_0.150,epi_var,3,0.004285497851200841,100.0,0.09362436501493872,50.0,0.03703838562368041,0.00823808240744046,0.008162847986737302,0.014747575599671306,0.0075234420703158,0.019765205461703593,0.023354387718783075,0.022959083609549003,0.022959083609549003,0.9397109979595197,0.9537484185756655,0.9891202174289114,-0.035338263278232716,0.016374355996615065,9.879987058799595e-05,0.016844894526552294,6.245004513516506e-17,0.24941616067258293,0.009374581491897684,nan,0.15208344516260322,0.18267882128800783,0.059337315600780045,0.0,62,479789,0.9610077984403119,1.0,nan,0.1433044100545666,0.004709364908503768,0.0,0.003682869758920979,0.003825816651928129,0.0038249578578384187,0.01637435599661462,0.010423331922991148,0.0002188462011425856,0.0,0.06989947664494184,0.04647042762547703,0.01087978257108854,/common/users/shared/pracsys/adaptive_roa_experiments/quadrotor_stoch/q2d_nd_epi_var,0.8784296131321283,0.2868027193470064
fm,noisy_dynamics_f_0.150,epi_var,4,0.003770629540843443,100.0,0.0749465431264344,50.0,0.032239234330090946,0.004717370495769985,0.0046086159361320165,0.015050578696056489,0.010875455963796882,0.019765205461703593,0.023354387718783075,0.022959083609549003,0.022959083609549003,0.9522498431602225,0.9577585146804116,0.9891223016784462,-0.029051874886668924,0.012517120849624632,8.246562865347937e-05,0.013021179518496673,1.0061396160665481e-16,0.5009801786103245,0.16853333333333334,0.0003830683777054204,0.13340562327412442,0.18267882128800783,0.059337315600780045,0.0,76,479789,0.9294431423260325,0.987974987974988,1.0,0.34290485135820137,0.09212414782920703,0.00019157088122605365,0.0033084202229632415,0.003281748690222112,0.0033088477059054194,0.01251712084962461,0.02578841949273535,0.004333154782623195,2.0842495346912913e-06,0.06989947664494184,0.04647042762547703,0.01087978257108854,/common/users/shared/pracsys/adaptive_roa_experiments/quadrotor_stoch/q2d_nd_epi_var,0.8915035201071785,0.4548074713043605
fm,noisy_dynamics_f_0.150,epi_var,5,0.003292833859427288,100.0,0.06622259349641682,50.0,0.03051378835279674,0.003751481809569589,0.003627909058913266,0.015513663371062782,0.012357275065632282,0.019765205461703593,0.023354387718783075,0.022959083609549003,0.022959083609549003,0.9565913349409845,0.9596989509972091,0.9891848291644869,-0.02633795272505206,0.011073329297399579,7.533689394955635e-05,0.011592206157289977,9.367506770274758e-17,0.5673210761400228,0.23975780451364317,0.015183146707155058,0.12468167364415143,0.18267882128800783,0.059337315600780045,0.0,83,479789,0.9353336073434717,0.9716379859783302,0.8163265306122449,0.4071324209082506,0.13675098672407607,0.007662835249042145,0.002822391258760748,0.002929274754984303,0.002923889745981614,0.011073329297399908,0.030425874707423473,0.0065403750398612725,0.00010212822719987328,0.06989947664494184,0.04647042762547703,0.01087978257108854,/common/users/shared/pracsys/adaptive_roa_experiments/quadrotor_stoch/q2d_nd_epi_var,0.8996380748421986,0.5176928885439476
fm,noisy_dynamics_f_0.150,epi_var,6,0.0026342484090267704,100.0,0.05941798454112627,50.0,0.03034848652220039,0.004527551759944452,0.00440385690805554,0.01659217731244201,0.012369485188891225,0.019765205461703593,0.023354387718783075,0.022959083609549003,0.022959083609549003,0.9565517341998253,0.9585130130119699,0.9891452284233277,-0.026820185539893585,0.010770763205162612,7.156542809795362e-05,0.011289762166285596,7.806255641895632e-17,0.5642558528428093,0.195074608758947,0.004967520061138708,0.1178770646888432,0.18267882128800783,0.059337315600780045,0.0,80,479789,0.9436481856953087,0.9913686806411838,0.9285714285714286,0.4024510242418821,0.10818083961248655,0.0024904214559386974,0.0022202655838800055,0.0022010513953597474,0.002202002917092625,0.010770763205162924,0.02981102109468954,0.005070979117903912,2.917949348567808e-05,0.06989947664494184,0.04647042762547703,0.01087978257108854,/common/users/shared/pracsys/adaptive_roa_experiments/quadrotor_stoch/q2d_nd_epi_var,0.9162713573321435,0.5308713802199447
fm,noisy_dynamics_f_0.150,epi_var,7,0.0024291924172710794,100.0,0.05623387892414295,50.0,0.0283769115173545,0.003883781587337785,0.0037567227272256453,0.016956223075590426,0.012705886011213982,0.019765205461703593,0.023354387718783075,0.022959083609549003,0.022959083609549003,0.9605076398166694,0.9617102517981863,0.9891910819130909,-0.025222941751478243,0.009759583261184292,6.843260851525787e-05,0.010281946230530505,6.938893903907228e-17,0.6176292529361909,0.30304639781478815,0.014068441064638783,0.11469295907184354,0.18267882128800783,0.059337315600780045,0.0,82,479789,0.9554223637385278,0.9830174747723357,0.925,0.45630199481170053,0.17913527090061,0.007088122605363984,0.0019486926891058934,0.0020374798328011146,0.0020525561565838822,0.009759583261184712,0.03338342479715042,0.008468305859450716,8.336998138765165e-05,0.06989947664494184,0.04647042762547703,0.01087978257108854,/common/users/shared/pracsys/adaptive_roa_experiments/quadrotor_stoch/q2d_nd_epi_var,0.9192748042557555,0.5749140763995848
fm,noisy_dynamics_f_0.150,epi_var,8,0.0017143406083813912,100.0,0.0435857545818305,50.0,0.025139425872623185,0.0023781653833169943,0.0022290800414881758,0.01753753737643737,0.014908534182881863,0.019765205461703593,0.023354387718783075,0.022959083609549003,0.022959083609549003,0.9665915642084333,0.9667645569198127,0.9892369354028542,-0.020228850598909102,0.0076506262745998505,5.821510006940029e-05,0.008195015725662738,3.8163916471489756e-17,0.7026986923861634,0.4539789069990412,0.04121797252135165,0.10204483472954817,0.18267882128800783,0.059337315600780045,0.0,87,479789,0.9295809206006478,0.9596120440069484,0.6686746987951807,0.5648388347198616,0.2973179045568712,0.021264367816091954,0.0013445848545132963,0.0013200332968803406,0.0013403100250918656,0.007650626274599554,0.042472837017939136,0.014397995785647441,0.00034598542275875437,0.06989947664494184,0.04647042762547703,0.01087978257108854,/common/users/shared/pracsys/adaptive_roa_experiments/quadrotor_stoch/q2d_nd_epi_var,0.936061032855536,0.6667712699378886
fm,noisy_dynamics_f_0.150,epi_var,9,0.001461074525773018,100.0,0.04065910868941003,50.0,0.025247806848427132,0.0023954289883285976,0.0022414780312254214,0.017600288476993887,0.015395095710317613,0.019765205461703593,0.023354387718783075,0.022959083609549003,0.022959083609549003,0.966964644875143,0.9656828314113078,0.9891660709186747,-0.019766188887198336,0.007600273163780574,5.643030247224924e-05,0.00814952823011782,3.469446951953614e-17,0.7107769789423745,0.42895293587209105,0.02219714070729872,0.09911818883712648,0.18267882128800783,0.059337315600780045,0.0,85,479789,0.9158711497766283,0.9459996940492581,0.6145833333333334,0.5807317291349853,0.27735916756368856,0.011302681992337164,0.0011095585611221852,0.0010667694327152297,0.0010640816071317602,0.0076002731637801685,0.04432156635521031,0.013624739208276972,0.00020008795533036397,0.06989947664494184,0.04647042762547703,0.01087978257108854,/common/users/shared/pracsys/adaptive_roa_experiments/quadrotor_stoch/q2d_nd_epi_var,0.9425075811430607,0.6689644372121406
fm,noisy_dynamics_f_0.150,epi_var,10,0.0012808205436792928,100.0,0.03767699362152587,50.0,0.024480136059809626,0.002241944514098956,0.002085095393280674,0.01790175857654563,0.015684912081828227,0.019765205461703593,0.023354387718783075,0.022959083609549003,0.022959083609549003,0.9675419819962525,0.9673710735344079,0.9892202614065766,-0.01901919385396497,0.00714242042628408,5.446445711548209e-05,0.007694573656336431,2.949029909160572e-17,0.7156395508079978,0.4704171036162511,0.03254769921436588,0.09613607376925717,0.18267882128800783,0.059337315600780045,0.0,85,479789,0.92312040700961,0.9570543702684102,0.6904761904761905,0.5843098667143751,0.31184965913168283,0.016666666666666666,0.0009032097801291439,0.0008877455315271711,0.0008863210137428731,0.007142420426283754,0.044244449122426734,0.015142072869532232,0.0002626154413711027,0.06989947664494184,0.04647042762547703,0.01087978257108854,/common/users/shared/pracsys/adaptive_roa_experiments/quadrotor_stoch/q2d_nd_epi_var,0.9477504108061445,0.6889065544709525
fm,noisy_dynamics_f_0.150,epi_var,11,0.0010794422108550482,100.0,0.034690077416962756,50.0,0.0236920604682475,0.001964876040381277,0.001802801880719636,0.01806137602101281,0.016207415966164082,0.019765205461703593,0.023354387718783075,0.022959083609549003,0.022959083609549003,0.9687425097282347,0.9684194510503575,0.9892015031607644,-0.017712890458097208,0.006700509469255849,5.163224973925185e-05,0.007257887738151561,1.9949319973733282e-17,0.7330307076101468,0.5003956739646531,0.03931021694789542,0.09314915756468242,0.18267882128800783,0.059337315600780045,0.0,84,479789,0.9094884707129605,0.9447211155378487,0.6127167630057804,0.6139189551838268,0.34033010405453895,0.020306513409961684,0.0007326759879215845,0.0007007861857930064,0.000706248609617042,0.0067005094692554655,0.04718324096634145,0.016740692262640453,0.0003605751695015934,0.06989947664494184,0.04647042762547703,0.01087978257108854,/common/users/shared/pracsys/adaptive_roa_experiments/quadrotor_stoch/q2d_nd_epi_var,0.9515446992946275,0.7081543155986847
fm,noisy_dynamics_f_0.150,epi_var,12,0.0008773028579133555,100.0,0.0327108488418427,50.0,0.024087150810043582,0.002382118687074388,0.002219333474104823,0.01841890325113739,0.016278521296956477,0.019765205461703593,0.023354387718783075,0.022959083609549003,0.022959083609549003,0.9689551031807733,0.9666770184393556,0.9891806606654175,-0.018648968609117758,0.006759513832516459,5.0670750705549964e-05,0.007317603154720094,1.8214596497756474e-17,0.7304413920408275,0.44887969665632543,0.026261489401613203,0.09116992898957234,0.18267882128800783,0.059337315600780045,0.0,85,479789,0.9291436464088397,0.9697646708370569,0.6306306306306306,0.6017532874139011,0.2920254754216003,0.013409961685823755,0.0004962970619373855,0.0004968262050020984,0.0005150297472831325,0.006759513832516346,0.04526989989349485,0.01399365137591733,0.00023135169835073334,0.06989947664494184,0.04647042762547703,0.01087978257108854,/common/users/shared/pracsys/adaptive_roa_experiments/quadrotor_stoch/q2d_nd_epi_var,0.9567533350988923,0.7055843365758255
fm,noisy_dynamics_f_0.150,epi_var,13,0.001152369208096704,100.0,0.03597296897784665,50.0,0.02442327773250325,0.0022431661055167,0.002082534387588337,0.018078272223429424,0.01606317179283629,0.019765205461703593,0.023354387718783075,0.022959083609549003,0.022959083609549003,0.9679317366592398,0.9669458866293308,0.9891889976635563,-0.018805725016621887,0.006963345773707947,5.275512305732605e-05,0.0075192816008703795,2.688821387764051e-17,0.7207217018804909,0.45738529441954356,0.02150537634408602,0.09443204912558784,0.18267882128800783,0.059337315600780045,0.0,85,479789,0.9210392020412898,0.9643630067811283,0.7037037037037037,0.5919730446969019,0.2997847147470398,0.010919540229885057,0.0007508727245040429,0.0007801746597469596,0.0007836230221470375,0.006963345773707542,0.04492599872027079,0.01444593352494534,0.0001688242123099946,0.06989947664494184,0.04647042762547703,0.01087978257108854,/common/users/shared/pracsys/adaptive_roa_experiments/quadrotor_stoch/q2d_nd_epi_var,0.9499759420857218,0.6967062844436964
fm,noisy_dynamics_f_0.150,epi_var,14,0.0010490690031717312,100.0,0.03579886358782957,50.0,0.025206559550135576,0.0027479889370902533,0.0025894675176051604,0.01821486381168559,0.015852141948509313,0.019765205461703593,0.023354387718783075,0.022959083609549003,0.022959083609549003,0.9674606962643996,0.9642947212212035,0.9891869134140215,-0.020037954184026735,0.007333687315468591,5.3470979892028604e-05,0.007887512844187757,2.0816681711721685e-17,0.711785556047851,0.38144069326593244,0.018910741301059002,0.0942579437355753,0.18267882128800783,0.059337315600780045,0.0,86,479789,0.9344190780863749,0.9783293202444897,0.7352941176470589,0.5748278021289919,0.23690348044492285,0.009578544061302681,0.0006466519578506062,0.000650410404892266,0.0006723051879414806,0.0073336873154681665,0.043000152150216034,0.011252863237798283,0.00014172896835900782,0.06989947664494184,0.04647042762547703,0.01087978257108854,/common/users/shared/pracsys/adaptive_roa_experiments/quadrotor_stoch/q2d_nd_epi_var,0.9532112290388246,0.6805757825448047
fm,noisy_dynamics_f_0.150,epi_var,15,0.0007123654133820306,100.0,0.027826171023622386,50.0,0.022197132489490175,0.001621068375662111,0.0014449516142347235,0.01873759403424791,0.017611676142738758,0.019765205461703593,0.023354387718783075,0.022959083609549003,0.022959083609549003,0.9724712321457974,0.9697658762497682,0.9891764921663482,-0.015609611725154184,0.005666441189535834,4.465916033287894e-05,0.006237862060197295,1.734723475976807e-17,0.7714720741919856,0.5313388472473507,0.024422318241593084,0.08628525117136392,0.18267882128800783,0.059337315600780045,0.0,85,479789,0.9189991343418937,0.9499768946395564,0.6310679611650486,0.6647583266243253,0.36881054897739507,0.012452107279693486,0.00035462793883888645,0.0003919571955587685,0.00040721684784711664,0.005666441189535703,0.050561809462076036,0.018041263972287818,0.00021467770207320302,0.06989947664494184,0.04647042762547703,0.01087978257108854,/common/users/shared/pracsys/adaptive_roa_experiments/quadrotor_stoch/q2d_nd_epi_var,0.9611827470872,0.7531939303022059
fm,noisy_dynamics_f_0.150,epi_var,16,0.0009334325066513072,100.0,0.03192715703045741,50.0,0.023448286642670013,0.0016655952578558092,0.001493089412430618,0.018078569772084406,0.01725058454251913,0.019765205461703593,0.023354387718783075,0.022959083609549003,0.022959083609549003,0.9696783377693111,0.968490315534537,0.9891598181700706,-0.016378053686099514,0.006373603249895239,4.9243433324069724e-05,0.006941413204554502,2.42861286636753e-17,0.7459663337291333,0.502402738463564,0.022919406349802742,0.09038623717820239,0.18267882128800783,0.059337315600780045,0.0,84,479789,0.9000884918461085,0.9438535740786544,0.5922330097087378,0.6369084891314071,0.34230355220667386,0.011685823754789272,0.0005493134538877753,0.0005745030457627867,0.0005813108711251516,0.006373603249895142,0.04946132570775903,0.01685324173751378,0.00021467770207320302,0.06989947664494184,0.04647042762547703,0.01087978257108854,/common/users/shared/pracsys/adaptive_roa_experiments/quadrotor_stoch/q2d_nd_epi_var,0.9554223192193247,0.7223929596543492
fm,noisy_dynamics_f_0.150,epi_var,17,0.0006973511967663026,100.0,0.02700113649885443,50.0,0.02229405009285332,0.0014507049719665788,0.0012707545345783926,0.018622149355241775,0.017995043738818602,0.019765205461703593,0.023354387718783075,0.022959083609549003,0.022959083609549003,0.9717271550619127,0.9701868946557758,0.9892056716598338,-0.01475815410524209,0.005607688788885644,4.318027301325448e-05,0.0061829433355079,2.168404344971009e-17,0.7682662247809078,0.5434699348908465,0.035388340473086234,0.08546021664660244,0.18267882128800783,0.059337315600780045,0.0,86,479789,0.89944,0.9422310756972112,0.6375838926174496,0.6704833467513492,0.3818622174381055,0.018199233716475097,0.00039200823829813085,0.00036432605931761597,0.0003784372499703259,0.005607688788885477,0.05210623836728229,0.018833278795470507,0.0003105531806690024,0.06989947664494184,0.04647042762547703,0.01087978257108854,/common/users/shared/pracsys/adaptive_roa_experiments/quadrotor_stoch/q2d_nd_epi_var,0.9617963143901983,0.7557529349057587
fm,noisy_dynamics_f_0.150,epi_var,18,0.0006334748308019527,100.0,0.02656678612698015,50.0,0.021809524603523624,0.0014645865758659404,0.001288601890594673,0.018682792139576698,0.01759846852712675,0.019765205461703593,0.023354387718783075,0.022959083609549003,0.022959083609549003,0.97167713307308,0.9714228546298477,0.989218177157042,-0.01474329340605975,0.005564893360566993,4.4626777383662165e-05,0.006136182155072335,1.8214596497756474e-17,0.7655411584050795,0.5707666781454466,0.07707404103479036,0.08502586627471971,0.18267882128800783,0.059337315600780045,0.0,88,479789,0.9084022602571452,0.9449569814450088,0.561038961038961,0.6615081849897129,0.4088625762468604,0.041379310344827586,0.00029675397952590464,0.00030199606885835653,0.0003102420234022422,0.005564893360566771,0.050901542136230715,0.020106755261166887,0.0008024360708561471,0.06989947664494184,0.04647042762547703,0.01087978257108854,/common/users/shared/pracsys/adaptive_roa_experiments/quadrotor_stoch/q2d_nd_epi_var,0.9637248190170349,0.7576169216853029
fm,noisy_dynamics_f_0.150,epi_var,19,0.0007345060416689023,100.0,0.02940290039601927,50.0,0.023219790366181804,0.0023488146322397157,0.002182618027002199,0.018908623484062543,0.016619660523751696,0.019765205461703593,0.023354387718783075,0.022959083609549003,0.022959083609549003,0.9709643197322156,0.966789567914229,0.9891619024196053,-0.018078363614005322,0.006233078152488679,4.687511444116431e-05,0.006794578866960269,1.9949319973733282e-17,0.7514496244357616,0.4515729331589454,0.01403109594235874,0.0878619805437479,0.18267882128800783,0.059337315600780045,0.0,83,479789,0.9354566453447051,0.9707013909440663,0.6851851851851852,0.6279333273697707,0.2942231790455687,0.007088122605363984,0.00038157850522188346,0.00038637652272188527,0.00040742527236617697,0.006233078152488654,0.04692062552497035,0.014085358355443747,0.00011254947487332973,0.06989947664494184,0.04647042762547703,0.01087978257108854,/common/users/shared/pracsys/adaptive_roa_experiments/quadrotor_stoch/q2d_nd_epi_var,0.9612994491917918,0.7285136350173727
fm,noisy_dynamics_f_0.150,epi_var,20,0.000818151064709188,100.0,0.03053147586662363,50.0,0.02351475336033131,0.002186340277067436,0.002018933274439534,0.01855717856057794,0.016740700262790186,0.019765205461703593,0.023354387718783075,0.022959083609549003,0.022959083609549003,0.9700222389425351,0.967241850063257,0.9891619024196053,-0.017725958702679723,0.006420838323410614,4.8551763171285136e-05,0.0069835494352725866,1.3010426069826053e-17,0.7437510021557484,0.46422362365774666,0.03309780587579026,0.08899055601436205,0.18267882128800783,0.059337315600780045,0.0,85,479789,0.92391111898017,0.9673249041056968,0.5632911392405063,0.6223872141217163,0.30539110154287763,0.017049808429118775,0.00046148591369268106,0.00046990966711201007,0.00046780032590788167,0.006420838323410475,0.047087365487745655,0.014671032474692,0.000329311426481224,0.06989947664494184,0.04647042762547703,0.01087978257108854,/common/users/shared/pracsys/adaptive_roa_experiments/quadrotor_stoch/q2d_nd_epi_var,0.9593268458677359,0.7203356008190109
fm,noisy_dynamics_f_0.150,epi_var,21,0.0006434649790839101,100.0,0.026295035404498745,50.0,0.0222087417593984,0.001166831043899522,0.0009796192432407686,0.018436150743199046,0.01872118006587534,0.019765205461703593,0.023354387718783075,0.022959083609549003,0.022959083609549003,0.972189858458614,0.9709643197322156,0.9891994189112298,-0.013449224554960624,0.005502552109590739,4.346131956315984e-05,0.006085068019483563,1.0408340855860843e-17,0.77516218721038,0.5621523085143163,0.0526508226691042,0.08475411555227522,0.18267882128800783,0.059337315600780045,0.0,87,479789,0.891235275883447,0.9392920911668943,0.576,0.6858395205295643,0.40110333692142086,0.027586206896551724,0.00030972734244701273,0.00032016047837255196,0.0003325328130376734,0.005502552109590608,0.053790311991312845,0.019844139819795784,0.0005210623836728229,0.06989947664494184,0.04647042762547703,0.01087978257108854,/common/users/shared/pracsys/adaptive_roa_experiments/quadrotor_stoch/q2d_nd_epi_var,0.9631213987025496,0.7603322413398873
fm,noisy_dynamics_f_0.150,epi_var,22,0.000755226249554787,100.0,0.03041576603166402,50.0,0.023793709318054385,0.0022408241108433516,0.0020731625855571205,0.01847392184590443,0.016766152528623117,0.019765205461703593,0.023354387718783075,0.022959083609549003,0.022959083609549003,0.9699096894676619,0.9665081942270456,0.9891744079168134,-0.017790403698292368,0.0065583243492017065,4.893815586771807e-05,0.007121289983722014,1.8214596497756474e-17,0.7427430994850228,0.4469073761745775,0.030246452576549666,0.0888748461794045,0.18267882128800783,0.059337315600780045,0.0,85,479789,0.9229031972367372,0.9607814118691728,0.5955882352941176,0.6214330441005457,0.29117330462863295,0.015517241379310345,0.00039179556021745745,0.00039844302630699934,0.0003941647940361591,0.006558324349201667,0.04706652299239874,0.014083274105909056,0.00028345793671801563,0.06989947664494184,0.04647042762547703,0.01087978257108854,/common/users/shared/pracsys/adaptive_roa_experiments/quadrotor_stoch/q2d_nd_epi_var,0.960892267016511,0.7143472944854816
fm,noisy_dynamics_f_0.150,epi_var,23,0.0006732126756150896,100.0,0.02879869432903404,50.0,0.023528613619737026,0.002324184571473323,0.002154716412374514,0.018773771429878208,0.016946815909880928,0.019765205461703593,0.023354387718783075,0.022959083609549003,0.022959083609549003,0.9705141218327223,0.9666499231954047,0.9891410599242584,-0.017847449608056877,0.006340028592045328,4.746846941339703e-05,0.00690480086037821,1.8214596497756474e-17,0.7472712006717044,0.4458528138528139,0.011385199240986717,0.08725777447678022,0.18267882128800783,0.059337315600780045,0.0,84,479789,0.9320409982174688,0.9784161726706186,0.6,0.6236395622745028,0.2887064944384643,0.005747126436781609,0.00033124185708798443,0.0003238083328122708,0.0003224072096167885,0.006340028592045337,0.04677055955847258,0.013712277688734006,0.00010421247673456457,0.06989947664494184,0.04647042762547703,0.01087978257108854,/common/users/shared/pracsys/adaptive_roa_experiments/quadrotor_stoch/q2d_nd_epi_var,0.9633059268276005,0.7238553289030917
fm,noisy_dynamics_f_0.150,epi_var_anch,0,0.015030486294702732,100.0,0.1954618095151266,50.0,0.04343855319734299,0.007508930241368243,0.007495957872264324,0.00702307735438449,0.0012972369103918596,0.019765205461703593,0.023354387718783075,0.022959083609549003,0.022959083609549003,0.9306799447257024,0.953529572374523,0.9891202174289114,-0.04327735733832996,0.023431964127428297,0.00013867653564857092,0.023840240605766293,-5.342948306008566e-16,0.016442407215732664,nan,nan,0.2539208896627467,0.18267882128800783,0.059337315600780045,0.0,47,479789,1.0,nan,nan,0.008289352058919999,0.0,0.0,0.014814619150980616,0.014933526615173625,0.014867852474573437,0.023431964127428442,0.000579421370644179,0.0,0.0,0.06989947664494184,0.04647042762547703,0.01087978257108854,/common/users/shared/pracsys/adaptive_roa_experiments/quadrotor_stoch/q2d_nd_epi_var_anch,0.6790370726024687,-0.020596663434886198
fm,noisy_dynamics_f_0.150,epi_var_anch,1,0.006737978595511063,100.0,0.13808823384126087,50.0,0.04184420651578089,0.010678373676641264,0.010645149667459282,0.012219908036968699,0.0033224009181982367,0.019765205461703593,0.023354387718783075,0.022959083609549003,0.022959083609549003,0.9312197653551874,0.9535462463708005,0.9891202174289114,-0.04102459622875889,0.02138432524003944,0.0001263547740422172,0.021812853358455477,-1.6306400674181987e-16,0.03151963373833421,0.0007173601147776185,nan,0.19654731398890812,0.18267882128800783,0.059337315600780045,0.0,57,479789,1.0,1.0,nan,0.016012165667769925,0.0003588087549336204,0.0,0.006243496835988346,0.006352353984800467,0.006284920145761326,0.021384325240038828,0.0011192420001292236,1.667399627753033e-05,0.0,0.06989947664494184,0.04647042762547703,0.01087978257108854,/common/users/shared/pracsys/adaptive_roa_experiments/quadrotor_stoch/q2d_nd_epi_var_anch,0.8261845564330078,0.06858977458728366
fm,noisy_dynamics_f_0.150,epi_var_anch,2,0.004164139105975745,100.0,0.08760136988139165,50.0,0.035339888992869786,0.007041583827244863,0.006956096835709379,0.014829057131566679,0.00854869915354837,0.019765205461703593,0.023354387718783075,0.022959083609549003,0.022959083609549003,0.9443963909135057,0.9548301440841703,0.9891202174289114,-0.03337194058221426,0.015086123313691802,9.380283773743259e-05,0.015566914414461359,1.0061396160665481e-16,0.3514998298410229,0.05494505494505495,nan,0.1460604500290543,0.18267882128800783,0.059337315600780045,0.0,71,479789,0.9511906328114722,0.9905660377358491,nan,0.21558278915824314,0.028256189451022606,0.0,0.0036384966041691624,0.003702262597029108,0.0036593688310065098,0.015086123313691241,0.015842380713188504,0.0013255827040636614,0.0,0.06989947664494184,0.04647042762547703,0.01087978257108854,/common/users/shared/pracsys/adaptive_roa_experiments/quadrotor_stoch/q2d_nd_epi_var_anch,0.8830162511954575,0.342912654082706
fm,noisy_dynamics_f_0.150,epi_var_anch,3,0.0034160150197795583,100.0,0.07142252780865395,50.0,0.031203862531237688,0.004855153028244963,0.004747817404637186,0.015773918212955866,0.010733562360777656,0.019765205461703593,0.023354387718783075,0.022959083609549003,0.022959083609549003,0.9529209715103931,0.9601720756415841,0.989197334661695,-0.028482416228800583,0.01193298280123042,7.96175201209488e-05,0.012435622534072271,9.8879238130678e-17,0.507629261487488,0.2534672031878736,0.023365366497079324,0.12988160795633213,0.18267882128800783,0.059337315600780045,0.0,85,479789,0.9436745279196045,0.9827325053014239,0.7126436781609196,0.3471986164534693,0.14549695012558306,0.011877394636015325,0.0029294789259416815,0.0030238263253779744,0.003013327259247408,0.011932982801231009,0.025717555008555843,0.006880107714015953,0.00018132970951814236,0.06989947664494184,0.04647042762547703,0.01087978257108854,/common/users/shared/pracsys/adaptive_roa_experiments/quadrotor_stoch/q2d_nd_epi_var_anch,0.8965456969014548,0.4802500394106616
fm,noisy_dynamics_f_0.150,epi_var_anch,4,0.0026787961251803307,100.0,0.05674049812197194,50.0,0.028353005175191588,0.003234892862528938,0.0031018575347730145,0.016472122830717553,0.013303532775592368,0.019765205461703593,0.023354387718783075,0.022959083609549003,0.022959083609549003,0.960395090341796,0.9625460358615975,0.9892223456561113,-0.02401401449387126,0.009588818313604539,6.775098166392431e-05,0.010117157750594533,7.112366251504909e-17,0.6228115447219025,0.3306265365417567,0.0314665667728039,0.11519957826969748,0.18267882128800783,0.059337315600780045,0.0,87,479789,0.9315361320586664,0.9753846153846154,0.7058823529411765,0.4677818528789099,0.19904915679942592,0.016091954022988506,0.0022735797251433386,0.0022719089261417124,0.0022760297766327886,0.009588818313605075,0.03510084641373604,0.009483335382845376,0.0002480256946282637,0.06989947664494184,0.04647042762547703,0.01087978257108854,/common/users/shared/pracsys/adaptive_roa_experiments/quadrotor_stoch/q2d_nd_epi_var_anch,0.9144059088924663,0.5823518709772713
fm,noisy_dynamics_f_0.150,epi_var_anch,5,0.002579227492025496,100.0,0.05927017239553916,50.0,0.03028058167236014,0.004282562707506365,0.004156790035676781,0.01629524334255062,0.012577267182958433,0.019765205461703593,0.023354387718783075,0.022959083609549003,0.022959083609549003,0.9558764373505854,0.959369639570728,0.9891473126728625,-0.026321049461325713,0.010820630302675235,7.238284052342873e-05,0.011341707083738894,7.28583859910259e-17,0.5578160247305539,0.2263671719977776,0.007244995233555768,0.11772925254325954,0.18267882128800783,0.059337315600780045,0.0,81,479789,0.9312364879001325,0.9827705031013094,0.76,0.3981572591466142,0.12791532113383566,0.0036398467432950193,0.002123845849225685,0.0021451289701150283,0.00213725945577388,0.010820630302675702,0.02988605407793843,0.006048492149674127,5.2106238367282285e-05,0.06989947664494184,0.04647042762547703,0.01087978257108854,/common/users/shared/pracsys/adaptive_roa_experiments/quadrotor_stoch/q2d_nd_epi_var_anch,0.9166757954830146,0.5286993816175318
fm,noisy_dynamics_f_0.150,epi_var_anch,6,0.002422414690249651,100.0,0.05375220589488835,50.0,0.02873294302287047,0.0029110911646114805,0.0027680286912948747,0.016132396007380364,0.014306247331660587,0.019765205461703593,0.023354387718783075,0.022959083609549003,0.022959083609549003,0.9596822770009317,0.9623792958988222,0.9891827449149522,-0.022908882863091905,0.009594716293463574,6.728449969152056e-05,0.010133082876014247,5.551115123125783e-17,0.621477770820288,0.3269445894548438,0.017789553368660106,0.11221128604265476,0.18267882128800783,0.059337315600780045,0.0,84,479789,0.9039676666476917,0.9694825298540469,0.734375,0.47350687300593375,0.19662719770362397,0.00900383141762452,0.0019410788138177649,0.001993181540733704,0.0020012411892788833,0.009594716293464277,0.036614011575921916,0.00942497639587402,0.00013339197022024264,0.06989947664494184,0.04647042762547703,0.01087978257108854,/common/users/shared/pracsys/adaptive_roa_experiments/quadrotor_stoch/q2d_nd_epi_var_anch,0.9205526057037778,0.5820949800682377
fm,noisy_dynamics_f_0.150,epi_var_anch,7,0.002468923728665809,100.0,0.05724253705209779,50.0,0.029610057754554595,0.0036267936698715503,0.003492861125323506,0.016052341419418213,0.013393254454804429,0.019765205461703593,0.023354387718783075,0.022959083609549003,0.022959083609549003,0.9582087125799049,0.960078284412523,0.9891181331793768,-0.024828580897019312,0.010399603315454361,7.101167842306507e-05,0.010928839969236478,6.591949208711867e-17,0.5950356472037648,0.2557506994093876,0.0057131974861931055,0.11570161719983288,0.18267882128800783,0.059337315600780045,0.0,82,479789,0.9220706059088633,0.9566860465116279,0.4838709677419355,0.4392462056832752,0.14760495156081807,0.0028735632183908046,0.002012998033578451,0.002015606317559967,0.0020544660057483324,0.010399603315454694,0.033297970566228074,0.007169818399338042,6.461173557543003e-05,0.06989947664494184,0.04647042762547703,0.01087978257108854,/common/users/shared/pracsys/adaptive_roa_experiments/quadrotor_stoch/q2d_nd_epi_var_anch,0.9179825434239687,0.5470375258736799
fm,noisy_dynamics_f_0.150,epi_var_anch,8,0.002273953989088167,100.0,0.05163655657140248,50.0,0.027154707590211526,0.0033044036454542495,0.003169026271759824,0.017212147318625668,0.013537737369442557,0.019765205461703593,0.023354387718783075,0.022959083609549003,0.022959083609549003,0.9627482080664626,0.9632317539585109,0.9891681551682093,-0.023426818872462694,0.008915962562683217,6.385107015375734e-05,0.009446644045611715,5.724587470723463e-17,0.651278949524906,0.3506938054400235,0.023303890246194323,0.11009563671909622,0.18267882128800783,0.059337315600780045,0.0,85,479789,0.9420862497177692,0.9776318489636774,0.6138613861386139,0.49765930166681577,0.21367061356297093,0.011877394636015325,0.0018896702681572715,0.001894240294754907,0.0019055637011261225,0.008915962562683313,0.036924564756590915,0.010156547982550663,0.00021050920300382043,0.06989947664494184,0.04647042762547703,0.01087978257108854,/common/users/shared/pracsys/adaptive_roa_experiments/quadrotor_stoch/q2d_nd_epi_var_anch,0.9236990694433486,0.6116586047460995
fm,noisy_dynamics_f_0.150,epi_var_anch,9,0.001819479243425304,100.0,0.04501180486253622,50.0,0.02632946982944586,0.0028596590165023035,0.002711457807010193,0.017509257129854697,0.014820120949211034,0.019765205461703593,0.023354387718783075,0.022959083609549003,0.022959083609549003,0.965580703184108,0.9633317979361761,0.9891744079168134,-0.02168221864194468,0.00816128428670454,5.952526951864954e-05,0.008704789605430719,3.642919299551295e-17,0.6889315852923448,0.3544563901221884,0.011796042617960426,0.10347088501026858,0.18267882128800783,0.059337315600780045,0.0,83,479789,0.9353485755204337,0.9743796651200323,0.8611111111111112,0.5452783492858634,0.2166307857911733,0.0059386973180076625,0.0014623234399743661,0.0014272502723343277,0.0014366765902260048,0.008161284286704384,0.040749162652749436,0.010331624943464731,7.50329832488865e-05,0.06989947664494184,0.04647042762547703,0.01087978257108854,/common/users/shared/pracsys/adaptive_roa_experiments/quadrotor_stoch/q2d_nd_epi_var_anch,0.9351826384239955,0.6445291795831891
fm,noisy_dynamics_f_0.150,epi_var_anch,10,0.0016909892279342177,100.0,0.04338757493963147,50.0,0.02578873213016555,0.00267358754066058,0.002522580320757033,0.017528397945249335,0.01510072199035473,0.019765205461703593,0.023354387718783075,0.022959083609549003,0.022959083609549003,0.9663289487670622,0.9645052304242073,0.9892160929075072,-0.020928845805135175,0.007953265985056746,5.9197469302840136e-05,0.008499577314194364,4.336808689942018e-17,0.697975284637963,0.3878064562513481,0.030723117272386656,0.10184665508736267,0.18267882128800783,0.059337315600780045,0.0,85,479789,0.9355954290296712,0.9768199927562478,0.6949152542372882,0.5566091182872648,0.24192680301399355,0.015708812260536397,0.0012960942521196466,0.0012995141156569173,0.0013045907414426742,0.007953265985056445,0.04158494671616064,0.01150922593056531,0.00024594144509357236,0.06989947664494184,0.04647042762547703,0.01087978257108854,/common/users/shared/pracsys/adaptive_roa_experiments/quadrotor_stoch/q2d_nd_epi_var_anch,0.9383009088642326,0.6535895717654483
fm,noisy_dynamics_f_0.150,epi_var_anch,11,0.00169422291205141,100.0,0.04387442339696035,50.0,0.025893590724255868,0.0027543401239201854,0.0026058315592019953,0.017615935386019212,0.01485085647181902,0.019765205461703593,0.023354387718783075,0.022959083609549003,0.022959083609549003,0.9658016336347853,0.9648366261002232,0.9892494409000623,-0.021266098222343564,0.007948979782731822,5.883734853326607e-05,0.008492792456684087,3.8163916471489756e-17,0.6902982257455643,0.39575946420257146,0.032270168855534714,0.10233350354469695,0.18267882128800783,0.059337315600780045,0.0,84,479789,0.9404927223165149,0.9822222222222222,0.7818181818181819,0.5452485314727018,0.24780229637603157,0.016475095785440614,0.0013466861139503543,0.0012932494701125901,0.001305384030683594,0.007948979782731564,0.04052406370300278,0.011723903632638514,0.00022926744881604204,0.06989947664494184,0.04647042762547703,0.01087978257108854,/common/users/shared/pracsys/adaptive_roa_experiments/quadrotor_stoch/q2d_nd_epi_var_anch,0.9375799010463723,0.6537762605025869
fm,noisy_dynamics_f_0.150,epi_var_anch,12,0.0012789751986220543,100.0,0.03852047025071362,50.0,0.025262959342544328,0.0024858874015022147,0.0023277762044316003,0.01782558637168959,0.015811119707061463,0.019765205461703593,0.023354387718783075,0.022959083609549003,0.022959083609549003,0.9673752420334772,0.964938754327423,0.989218177157042,-0.01979434709841201,0.007461273442291049,5.556003602562838e-05,0.008014688748595735,3.469446951953614e-17,0.712350919749343,0.3999001141552511,0.032903346419891566,0.0969795503984526,0.18267882128800783,0.059337315600780045,0.0,88,479789,0.9282567049808429,0.9771617852161785,0.6821705426356589,0.5779288546977964,0.2513903839253678,0.01685823754789272,0.0008756637151202598,0.0008836246810360335,0.0008843771360855091,0.007461273442290788,0.04351913028435416,0.011955255330989248,0.0002688681899751766,0.06989947664494184,0.04647042762547703,0.01087978257108854,/common/users/shared/pracsys/adaptive_roa_experiments/quadrotor_stoch/q2d_nd_epi_var_anch,0.9472203188394968,0.6750186736901032
fm,noisy_dynamics_f_0.150,epi_var_anch,13,0.0014185824644730896,100.0,0.039220492281488814,50.0,0.02438059230203277,0.0022366095552430023,0.0020811797030927167,0.017886001536316413,0.015542985215028554,0.019765205461703593,0.023354387718783075,0.022959083609549003,0.022959083609549003,0.9679588319031908,0.9673043775492978,0.9893077998870337,-0.019252254636934155,0.0071542617763253455,5.5312441514675563e-05,0.007704995737709702,3.903127820947816e-17,0.7194247230384552,0.46389392023512527,0.06693343033830484,0.0976795724292118,0.18267882128800783,0.059337315600780045,0.0,88,479789,0.9273078008845393,0.9744436468054558,0.6618705035971223,0.587679279601634,0.3044043774668102,0.03524904214559387,0.0010448193533650495,0.0010357558642790394,0.001030189228195562,0.00715426177632493,0.044298639610328705,0.014516798009124844,0.000579421370644179,0.06989947664494184,0.04647042762547703,0.01087978257108854,/common/users/shared/pracsys/adaptive_roa_experiments/quadrotor_stoch/q2d_nd_epi_var_anch,0.9439104889374127,0.6883907956435252
fm,noisy_dynamics_f_0.150,epi_var_anch,14,0.0011672484242716775,100.0,0.03607156967165895,50.0,0.024174835187968056,0.0021203651963793116,0.001959287255362689,0.017995017864963266,0.016107794101662243,0.019765205461703593,0.023354387718783075,0.022959083609549003,0.022959083609549003,0.9688237954600877,0.9676816267150768,0.9892411039019235,-0.01842434903676407,0.006923352999948457,5.318628350609474e-05,0.007479735050199151,3.0357660829594124e-17,0.7301461302543749,0.4746934074124263,0.04795278495020288,0.09453064981940118,0.18267882128800783,0.059337315600780045,0.0,89,479789,0.9243137075777645,0.9700913874273055,0.6435643564356436,0.6033932671377881,0.31422676713311803,0.02490421455938697,0.0007936040044730417,0.0007940889104969686,0.0007943717723442973,0.0069233529999481215,0.045630475062996445,0.015052450139540506,0.00042101840600764086,0.06989947664494184,0.04647042762547703,0.01087978257108854,/common/users/shared/pracsys/adaptive_roa_experiments/quadrotor_stoch/q2d_nd_epi_var_anch,0.9499084088263969,0.6984481995148561
fm,noisy_dynamics_f_0.150,epi_var_anch,15,0.0011553349159727068,100.0,0.035458680444602,50.0,0.023991900606308188,0.0018911455325779766,0.0017256442856177967,0.017834647424466343,0.016550124696017993,0.019765205461703593,0.023354387718783075,0.022959083609549003,0.022959083609549003,0.9690468101602996,0.9676920479627503,0.9891806606654175,-0.017571870134579986,0.00685008047070049,5.325198988374066e-05,0.007410885826894739,3.122502256758253e-17,0.7356014883654685,0.477535474737942,0.06653479590001798,0.09391776059234355,0.18267882128800783,0.059337315600780045,0.0,91,479789,0.9128225521385649,0.9608029296080293,0.5425219941348973,0.6160062021051376,0.31772515249372085,0.035440613026819924,0.0007580016937682308,0.0007790993593710725,0.0007888378886851586,0.006850080470700135,0.04717073546913331,0.015367171819278892,0.0007107290913297304,0.06989947664494184,0.04647042762547703,0.01087978257108854,/common/users/shared/pracsys/adaptive_roa_experiments/quadrotor_stoch/q2d_nd_epi_var_anch,0.95050989327288,0.7016396391425899
fm,noisy_dynamics_f_0.150,epi_var_anch,16,0.0009717844802607833,100.0,0.03180512429998933,50.0,0.02257331868800661,0.0016226844388640385,0.001453625950590437,0.018368611980360872,0.01690584882736016,0.019765205461703593,0.023354387718783075,0.022959083609549003,0.022959083609549003,0.9708705285031545,0.9705912390655059,0.9892890416412214,-0.016254082523776085,0.006044097579778593,4.864759698962328e-05,0.006608460177286265,2.3418766925686896e-17,0.7551506657323055,0.5465938303341902,0.06376389141920204,0.09026420444772613,0.18267882128800783,0.059337315600780045,0.0,88,479789,0.9154313384020728,0.9638485947416138,0.6505576208178439,0.642633509258431,0.38145855758880515,0.033524904214559385,0.0006319006061750639,0.0006288975916759414,0.0006517987674029012,0.00604409757977845,0.04906948679523707,0.018391417894115955,0.0005606631248319574,0.06989947664494184,0.04647042762547703,0.01087978257108854,/common/users/shared/pracsys/adaptive_roa_experiments/quadrotor_stoch/q2d_nd_epi_var_anch,0.9544244942185062,0.7367448247252879
fm,noisy_dynamics_f_0.150,epi_var_anch,17,0.0009237099653656767,100.0,0.03131159841442917,50.0,0.022545118791802224,0.0016750916007132995,0.0015068679849071006,0.01849904323196625,0.0168223615806199,0.019765205461703593,0.023354387718783075,0.022959083609549003,0.022959083609549003,0.9710622794603461,0.9708496860078076,0.9893557376263316,-0.016306709824527033,0.005966908362489874,4.822397507964989e-05,0.006530436087530143,2.0816681711721685e-17,0.7548469117491259,0.5515295324825242,0.09208888888888889,0.08977067856219118,0.18267882128800783,0.059337315600780045,0.0,90,479789,0.9254448629692168,0.9673790776152981,0.6395061728395062,0.6373557563288308,0.3857194115536419,0.04961685823754789,0.0005560510954835242,0.0005855316803142107,0.000591776759475114,0.0059669083624897855,0.048139911502764754,0.01852897836340558,0.000844121061549973,0.06989947664494184,0.04647042762547703,0.01087978257108854,/common/users/shared/pracsys/adaptive_roa_experiments/quadrotor_stoch/q2d_nd_epi_var_anch,0.9556922496926086,0.7401068586200821
fm,noisy_dynamics_f_0.150,epi_var_anch,18,0.0007531777363268186,100.0,0.02944593621503874,50.0,0.022700770547052978,0.0019301126981944201,0.0017623282485022987,0.018725382554750574,0.016778444969212165,0.019765205461703593,0.023354387718783075,0.022959083609549003,0.022959083609549003,0.9708705285031545,0.969530356052348,0.9893599061254009,-0.01689267573871014,0.005996029303300743,4.677383679475775e-05,0.006559117862226935,1.3877787807814457e-17,0.7525846197422462,0.5201063585333027,0.06655695739623331,0.08790501636277613,0.18267882128800783,0.059337315600780045,0.0,87,479789,0.9261470088449305,0.9700012244398187,0.7309236947791165,0.6338074365626025,0.3553103695730176,0.03486590038314176,0.0004063172195658711,0.0004110744028743839,0.00043081135411707786,0.005996029303300625,0.04783561107069983,0.017022065949823778,0.0005189781341381315,0.06989947664494184,0.04647042762547703,0.01087978257108854,/common/users/shared/pracsys/adaptive_roa_experiments/quadrotor_stoch/q2d_nd_epi_var_anch,0.9603085810296677,0.7388384743367148
fm,noisy_dynamics_f_0.150,epi_var_anch,19,0.0006624062623811007,100.0,0.028091025928331192,50.0,0.023344261748393564,0.002233018901937538,0.002062237158253956,0.018822072275831523,0.01707817436835818,0.019765205461703593,0.023354387718783075,0.022959083609549003,0.022959083609549003,0.9703119496278573,0.9669542236274695,0.9891619024196053,-0.017505028252002442,0.006199248491971453,4.645341840728993e-05,0.006765334344889108,1.734723475976807e-17,0.74619578774812,0.4560332109651079,0.01812688821752266,0.0865501060760733,0.18267882128800783,0.059337315600780045,0.0,84,479789,0.9271197697586894,0.9700773609692016,0.631578947368421,0.6243551897903807,0.29808037316110514,0.009195402298850575,0.00030448695453920736,0.000325693511319364,0.0003260121030842112,0.006199248491971365,0.04707277574100282,0.014279193562170037,0.00015840296463653813,0.06989947664494184,0.04647042762547703,0.01087978257108854,/common/users/shared/pracsys/adaptive_roa_experiments/quadrotor_stoch/q2d_nd_epi_var_anch,0.9640077065621125,0.7299871110973655
fm,noisy_dynamics_f_0.150,epi_var_anch,20,0.0005985525025804959,100.0,0.02547486853647368,50.0,0.02157500484588017,0.00150092713700632,0.0013231529908754587,0.01892340041006431,0.017777414613086125,0.019765205461703593,0.023354387718783075,0.022959083609549003,0.022959083609549003,0.972629635110434,0.9716521220786637,0.9892035874102991,-0.014703984459835466,0.005358836190360168,4.34498090982977e-05,0.005931914445725099,1.3877787807814457e-17,0.7724326759782344,0.572012964536329,0.08480565371024736,0.08393394868423185,0.18267882128800783,0.059337315600780045,0.0,88,479789,0.9221316562538789,0.9584519666772119,0.5454545454545454,0.6645496019321943,0.40765159669895945,0.04597701149425287,0.0002634570992155993,0.00026417680184060094,0.0002684656680154683,0.00535883619035993,0.050374227003953824,0.019764938337477517,0.0009170697952641682,0.06989947664494184,0.04647042762547703,0.01087978257108854,/common/users/shared/pracsys/adaptive_roa_experiments/quadrotor_stoch/q2d_nd_epi_var_anch,0.9656514199537538,0.7665918953258504
fm,noisy_dynamics_f_0.150,epi_var_anch,21,0.0006223005271859778,100.0,0.026019970189991266,50.0,0.0216214002405224,0.0013051640572371585,0.0011259068644025388,0.018713575732384406,0.01792571928346196,0.019765205461703593,0.023354387718783075,0.022959083609549003,0.022959083609549003,0.9723920306634791,0.9719480855125899,0.9893140526356378,-0.01407487458028425,0.0053714147415671555,4.336771706043244e-05,0.005945976043635849,2.2551405187698492e-17,0.7734099695507886,0.5824465609778797,0.09336870026525199,0.0844790503377435,0.18267882128800783,0.059337315600780045,0.0,89,479789,0.9071064564022311,0.9446513032102244,0.6068965517241379,0.6740614843307392,0.4210172228202368,0.05057471264367816,0.0002955289537812234,0.00030303393789204476,0.0003145636420015354,0.005371414741567026,0.051941582654041675,0.020711187626227364,0.0009066485475907117,0.06989947664494184,0.04647042762547703,0.01087978257108854,/common/users/shared/pracsys/adaptive_roa_experiments/quadrotor_stoch/q2d_nd_epi_var_anch,0.9636819066546176,0.7660440271521504
fm,noisy_dynamics_f_0.150,epi_var_anch,22,0.0006451690726797713,100.0,0.027093775636316444,50.0,0.022360621022991353,0.0018239663353052003,0.0016509549456815082,0.018881525239755323,0.01730113896236921,0.019765205461703593,0.023354387718783075,0.022959083609549003,0.022959083609549003,0.9714457813747293,0.9697012645141927,0.9892223456561113,-0.01610136956036925,0.005728513315475206,4.480318440823333e-05,0.006296828814332968,1.5612511283791264e-17,0.759412756392245,0.5261270658799753,0.054143040058533015,0.08555285578406888,0.18267882128800783,0.059337315600780045,0.0,86,479789,0.923740761310719,0.9628922562939983,0.5991902834008097,0.6447207561797418,0.36194833153928957,0.028352490421455937,0.0003202506538787575,0.0003115036297768018,0.000325152883638289,0.005728513315475147,0.04878602885851906,0.017468095350247712,0.000514809635068749,0.06989947664494184,0.04647042762547703,0.01087978257108854,/common/users/shared/pracsys/adaptive_roa_experiments/quadrotor_stoch/q2d_nd_epi_var_anch,0.9638448786316456,0.7504903325892051
fm,noisy_dynamics_f_0.150,epi_var_anch,23,0.00044406521899272266,100.0,0.02096475926687843,50.0,0.01959769815481389,0.0007979049870540187,0.0006066701153108401,0.019238743624886936,0.01912348717431785,0.019765205461703593,0.023354387718783075,0.022959083609549003,0.022959083609549003,0.9753516650027408,0.9762854087942825,0.9892869573916868,-0.010884284550083476,0.004327010099972917,3.721267597348957e-05,0.004913549080950167,1.1275702593849246e-17,0.8044772171152701,0.6714599214599215,0.13497139010434198,0.0794238394146495,0.18267882128800783,0.059337315600780045,0.0,90,479789,0.9028463279771403,0.9425259403372244,0.5554016620498615,0.7254375764081462,0.5214836742016505,0.0768199233716475,0.0001749404820391226,0.00017784651533345034,0.0001870333577062402,0.004327010099972645,0.05616427221132623,0.02571130225995177,0.0015048281640471124,0.06989947664494184,0.04647042762547703,0.01087978257108854,/common/users/shared/pracsys/adaptive_roa_experiments/quadrotor_stoch/q2d_nd_epi_var_anch,0.9691159136438678,0.8115338498016857
fm,noisy_dynamics_f_0.150,partx,0,0.004830973379464591,1.0,0.09853878796165365,50.0,0.06787144360541696,0.004686663857388816,0.004686663857388816,0.005371795824569213,0.041043724957373455,0.019765205461703593,0.023354387718783075,0.022959083609549003,0.022959083609549003,0.9149626189845953,0.9509721981954568,0.9827153186088051,0.021337373834436606,0.022400829026427947,0.000113822612820259,0.02279613313566201,0.0001268773840593304,0.4322293348177011,0.36709984663814677,0.21146714842635736,0.15699786811124933,0.18267882128800783,0.059337315600780045,0.0,20,479789,0.4052396733032383,0.4587452087956425,0.20993014914102323,0.4630706383993798,0.30597416576964476,0.21302681992337164,0.001176330351227988,0.002857159014121329,0.007827791126667394,0.0224008290264293,0.07987469491797436,0.030994874830394193,0.01104026978525977,0.06989947664494184,0.04647042762547703,0.01087978257108854,/common/users/shared/pracsys/adaptive_roa_experiments/quadrotor_stoch/q2d_nd_partx,0.8491665230789912,0.024315194483148672
fm,noisy_dynamics_f_0.150,partx,1,0.002364619344255011,1.0,0.07055738199250108,50.0,0.058105771759989384,0.002849413247699009,0.002849413247699009,0.009279795962544994,0.043087420117103516,0.019765205461703593,0.023354387718783075,0.022959083609549003,0.022959083609549003,0.9289958711016718,0.9587902182000838,0.986598275491935,0.024192593410020877,0.01630043487518509,8.277420634939753e-05,0.016695738984419152,-0.00022826601951794062,0.5653444250226469,0.4938562359205407,0.2143206256109482,0.12901646214168513,0.18267882128800783,0.059337315600780045,0.0,20,479789,0.4940900981266726,0.5752624045801527,0.2958839406207827,0.6606136505948653,0.43263365626121275,0.16800766283524904,0.00046525772400459375,0.0007652851010272609,0.003106444648158313,0.01630043487518564,0.0934577491355575,0.03494869619770358,0.006177715620824988,0.06989947664494184,0.04647042762547703,0.01087978257108854,/common/users/shared/pracsys/adaptive_roa_experiments/quadrotor_stoch/q2d_nd_partx,0.910083576702735,0.2900224088906792
fm,noisy_dynamics_f_0.150,partx,2,0.0013595754038866464,1.0,0.053769839378508565,50.0,0.048598830746858036,0.001377883284028712,0.001377883284028712,0.01100056425400005,0.03862083719024292,0.019765205461703593,0.023354387718783075,0.022959083609549003,0.022959083609549003,0.9416701925221295,0.9566538624270252,0.9879342794436721,0.016667666357362783,0.013261889948715567,7.513714075378201e-05,0.013657194057949643,-7.45126908620955e-05,0.6286457365781163,0.4571249575817693,0.11604825164147198,0.11222891952760003,0.18267882128800783,0.059337315600780045,0.0,20,479789,0.5663598326359832,0.5468057203522139,0.28592927012791575,0.7063243581715717,0.3927161822748475,0.07279693486590039,2.6591353550802475e-05,0.0003643978435406536,0.0014855542887261353,0.013261889948716096,0.08717373678846327,0.033375087799011646,0.0027699676316047263,0.06989947664494184,0.04647042762547703,0.01087978257108854,/common/users/shared/pracsys/adaptive_roa_experiments/quadrotor_stoch/q2d_nd_partx,0.9380345187995288,0.4223684980527811
fm,noisy_dynamics_f_0.150,partx,3,0.001354404837264878,1.0,0.05103683798772459,50.0,0.04535457533603149,0.0010181402288544092,0.0010181402288544092,0.011422946288625316,0.03625734974044749,0.019765205461703593,0.023354387718783075,0.022959083609549003,0.022959083609549003,0.9445860576211627,0.9581711960882805,0.9876904222481132,0.013603616891106595,0.01266406625303519,7.497496379100306e-05,0.013059370362269264,0.00010978870325709447,0.6447440505618729,0.4672842619382582,0.10379362670713203,0.10949591813665595,0.18267882128800783,0.059337315600780045,0.0,20,479789,0.5841363614352816,0.5724133446055798,0.24963503649635035,0.7193845603363449,0.39477933261571585,0.06551724137931035,5.607230499942245e-05,0.00048318596587185745,0.0012424605301771246,0.012664066253035533,0.08608367428181972,0.032049505094947986,0.002855421862527069,0.06989947664494184,0.04647042762547703,0.01087978257108854,/common/users/shared/pracsys/adaptive_roa_experiments/quadrotor_stoch/q2d_nd_partx,0.9397388439274571,0.44840715472772497
fm,noisy_dynamics_f_0.150,partx,4,0.0017712733996022908,1.0,0.06318361685989038,50.0,0.05766949380612152,0.0024082736806984814,0.0024082736806984814,0.010417802410813005,0.04724974531868186,0.019765205461703593,0.023354387718783075,0.022959083609549003,0.022959083609549003,0.9348359382978768,0.9569852581030411,0.988299023112243,0.027814970794567014,0.01491849377492662,7.705840288994721e-05,0.015313797884160688,-3.106110450786306e-05,0.611310715218121,0.4738157156697772,0.126633478531425,0.1216426970093225,0.18267882128800783,0.059337315600780045,0.0,20,479789,0.5242217484008529,0.5489779038166135,0.33692052980132453,0.733100754390673,0.4167563688554001,0.07796934865900383,7.851806996472448e-05,0.0005200002016291235,0.0021462729568860303,0.014918493774927212,0.09775130317702156,0.0352780076241848,0.00251777343790708,0.06989947664494184,0.04647042762547703,0.01087978257108854,/common/users/shared/pracsys/adaptive_roa_experiments/quadrotor_stoch/q2d_nd_partx,0.9312528443570237,0.3502138835923829
fm,noisy_dynamics_f_0.150,partx,5,0.0015158868820157889,1.0,0.057074606160066446,50.0,0.05155902701599945,0.0017000969682038362,0.0017000969682038362,0.010786911184195554,0.0412171475933223,0.019765205461703593,0.023354387718783075,0.022959083609549003,0.022959083609549003,0.9400298881383274,0.9544779059128075,0.9881281146503984,0.019883606175334547,0.014010882459164398,7.662398332985815e-05,0.014406186568398474,0.0001386130656071162,0.6297340076439022,0.42751172970564333,0.0950111217032094,0.11553368630922888,0.18267882128800783,0.059337315600780045,0.0,20,479789,0.5539255637055148,0.5143487858719646,0.2783985102420857,0.7295822524376062,0.3657606745604593,0.05727969348659004,5.8854603273907963e-05,0.0004881410359725405,0.001537573626969118,0.014010882459164894,0.09206547044638372,0.03304577637253042,0.002238484000258447,0.06989947664494184,0.04647042762547703,0.01087978257108854,/common/users/shared/pracsys/adaptive_roa_experiments/quadrotor_stoch/q2d_nd_partx,0.9348651303496587,0.3897455709714356
fm,noisy_dynamics_f_0.150,partx,6,0.0017090289975725075,1.0,0.060040225051147464,50.0,0.052509380666902195,0.0019049991948963407,0.0019049991948963407,0.01028084992291839,0.04084454487126814,0.019765205461703593,0.023354387718783075,0.022959083609549003,0.022959083609549003,0.9371994772702167,0.9562411810191563,0.9868421326874939,0.020367844298708606,0.014720626114025328,8.209527419849307e-05,0.015115930223259398,0.0001373932324983708,0.6088457893575314,0.4633591493494876,0.13032098085135693,0.11849930520040353,0.18267882128800783,0.059337315600780045,0.0,20,479789,0.539154825953005,0.5386581089915018,0.2319764590485532,0.699227718639115,0.4065303193397919,0.09061302681992338,2.424916582988809e-05,0.0005195365535253803,0.0021186526317944912,0.014720626114025867,0.09065234926186302,0.03507166692025036,0.004249784801235543,0.06989947664494184,0.04647042762547703,0.01087978257108854,/common/users/shared/pracsys/adaptive_roa_experiments/quadrotor_stoch/q2d_nd_partx,0.9301569866423344,0.35883215705078
fm,noisy_dynamics_f_0.150,partx,7,0.0021296833900987452,1.0,0.07411700452626577,50.0,0.07017642418274456,0.004887663526267443,0.004887663526267443,0.010381255915498867,0.05944525835118311,0.019765205461703593,0.023354387718783075,0.022959083609549003,0.022959083609549003,0.9216217962479339,0.9570102690974575,0.9888096642482425,0.04561666508511841,0.017167474909228465,7.730918966536069e-05,0.017562779018462538,-0.00029801631108911444,0.5865992414664981,0.5213274541656997,0.1358441976500885,0.13257608467637594,0.18267882128800783,0.059337315600780045,0.0,20,479789,0.46458173713171275,0.5401558141771665,0.42497482376636453,0.7955392551510272,0.503767491926803,0.08084291187739463,0.00019827309442278597,0.0004040367170681825,0.002659166439798149,0.01716747490922935,0.11969428227825148,0.04333988482437071,0.0020696597879484523,0.06989947664494184,0.04647042762547703,0.01087978257108854,/common/users/shared/pracsys/adaptive_roa_experiments/quadrotor_stoch/q2d_nd_partx,0.9347715329164427,0.25225783392816803
fm,noisy_dynamics_f_0.150,partx,8,0.0013977016043383549,1.0,0.05383269970316427,50.0,0.04905991443217194,0.0014414424386981796,0.0014414424386981796,0.011420515585329272,0.0402803878806328,0.019765205461703593,0.023354387718783075,0.022959083609549003,0.022959083609549003,0.944617321364183,0.959092434382614,0.9877821292276396,0.019181764734549467,0.012924132433368648,7.602586855189334e-05,0.01331943654260273,-5.587802954925246e-05,0.6467710631962355,0.49832579301178337,0.1474694589877836,0.11229177985242715,0.18267882128800783,0.059337315600780045,0.0,20,479789,0.5835352251193361,0.579307066024841,0.3061594202898551,0.725377940781823,0.43720846788661644,0.09712643678160919,4.942944233339873e-05,0.0004933298990643007,0.0013866981220276228,0.012924132433369064,0.08689027885174525,0.03507166692025036,0.0034515172294487784,0.06989947664494184,0.04647042762547703,0.01087978257108854,/common/users/shared/pracsys/adaptive_roa_experiments/quadrotor_stoch/q2d_nd_partx,0.9391310595065813,0.4370797783935365
fm,noisy_dynamics_f_0.150,partx,9,0.001444254424510952,1.0,0.05799256753979937,50.0,0.05049274186214603,0.0029628412311353044,0.0029628412311353044,0.010325127113421977,0.03783661925812777,0.019765205461703593,0.023354387718783075,0.022959083609549003,0.022959083609549003,0.9377601403950486,0.9536129423559107,0.9847328721583863,0.020742975830535377,0.015840739269617418,9.513129517981146e-05,0.016236043378851494,0.00024394154235509238,0.6114450776797564,0.4834996518913901,0.2056176119726711,0.11645164768895584,0.18267882128800783,0.059337315600780045,0.0,20,479789,0.5424198351686405,0.5009618159084351,0.2369407648087978,0.7005993380445478,0.4672138500179404,0.18160919540229886,1.3727346478073675e-06,3.828242982330794e-05,0.0011431518992082313,0.01584073926961792,0.09028343709422267,0.04333988482437071,0.008339082388299857,0.06989947664494184,0.04647042762547703,0.01087978257108854,/common/users/shared/pracsys/adaptive_roa_experiments/quadrotor_stoch/q2d_nd_partx,0.941708866973677,0.31004479364198
fm,noisy_dynamics_f_0.150,partx,10,0.0010357657846180534,1.0,0.04679283286724517,50.0,0.04406441646514864,0.0012420183606011493,0.0012420183606011493,0.01186404419603233,0.03645498568243251,0.019765205461703593,0.023354387718783075,0.022959083609549003,0.022959083609549003,0.9448986950513664,0.9578752326543543,0.9878884259539089,0.015325025131740161,0.012245304743917662,7.293482880220897e-05,0.012640608853151738,-9.175303020015659e-05,0.6587761529228029,0.4870955462504758,0.13307474265254363,0.10525191301616901,0.18267882128800783,0.059337315600780045,0.0,20,479789,0.5807919890760127,0.5609328423636682,0.3007417397167903,0.7609505918835913,0.4304359526372443,0.08544061302681992,7.645699788407495e-07,0.00015988113548020722,0.0007009272078960686,0.01224530474391796,0.09158192455433534,0.035659425289033306,0.003090942059947185,0.06989947664494184,0.04647042762547703,0.01087978257108854,/common/users/shared/pracsys/adaptive_roa_experiments/quadrotor_stoch/q2d_nd_partx,0.9491397902331551,0.46664662439642546
fm,noisy_dynamics_f_0.150,partx,11,0.0011298975274735567,1.0,0.04802132173998904,50.0,0.04476608759011312,0.0012643966141156746,0.0012643966141156746,0.012094422704074535,0.03764436288073425,0.019765205461703593,0.023354387718783075,0.022959083609549003,0.022959083609549003,0.9454447684294555,0.9602033393846044,0.9876674955032316,0.017009016860808513,0.012085916063628122,7.278963036986592e-05,0.01248122017286219,-4.3141455962025094e-05,0.6625758962525622,0.5177064915382673,0.11883842144452716,0.1064804018889535,0.18267882128800783,0.059337315600780045,0.0,20,479789,0.5835906985193933,0.5925754596970048,0.26688963210702343,0.7662879804395145,0.4596340150699677,0.0764367816091954,1.1445903233614106e-05,0.000320028234728646,0.0007962582140738541,0.012085916063628516,0.09178201250966571,0.03604501145295119,0.0031159530543634806,0.06989947664494184,0.04647042762547703,0.01087978257108854,/common/users/shared/pracsys/adaptive_roa_experiments/quadrotor_stoch/q2d_nd_partx,0.9475812570975518,0.473588917172573
fm,noisy_dynamics_f_0.150,partx,12,0.0016274772134421223,1.0,0.0601998618462845,50.0,0.05502765467517098,0.002612592819571761,0.002612592819571761,0.011001401385723478,0.045580029402789005,0.019765205461703593,0.023354387718783075,0.022959083609549003,0.022959083609549003,0.9358051143315083,0.9591216138760997,0.9887700635070833,0.026703466439346762,0.014216197102702945,7.19678425173866e-05,0.014611501211937014,-0.00035407794069434485,0.6305270986780548,0.4928503090011119,0.1337620578778135,0.11865894199546492,0.18267882128800783,0.059337315600780045,0.0,20,479789,0.5274661314601103,0.5819136594003785,0.416,0.7836419476995558,0.4274309293146753,0.07969348659003832,3.6352349385940013e-05,0.000301727335048719,0.0021763986779838656,0.014216197102703658,0.1038477330659936,0.03413375462963928,0.0020842495346912915,0.06989947664494184,0.04647042762547703,0.01087978257108854,/common/users/shared/pracsys/adaptive_roa_experiments/quadrotor_stoch/q2d_nd_partx,0.9346293375217523,0.3808029386333943
fm,noisy_dynamics_f_0.150,partx,13,0.0011267413324338928,1.0,0.04840915884592264,50.0,0.04467147722723036,0.0012297912808341025,0.0012297912808341025,0.01184588436447482,0.036281085581186964,0.019765205461703593,0.023354387718783075,0.022959083609549003,0.022959083609549003,0.9446923543474319,0.9595655590269889,0.9873215100804729,0.015211608148397645,0.012402909078555267,7.540643468792738e-05,0.012798213187789339,5.9918552646979345e-05,0.6473808701198609,0.5108174895355287,0.14263565891472868,0.10686823899488646,0.18267882128800783,0.059337315600780045,0.0,20,479789,0.5839106359517703,0.5834005298928695,0.26986666666666664,0.7263321108029938,0.4542967348403301,0.09693486590038314,2.7361917950531244e-06,0.0002486358888381129,0.0008354037465253109,0.012402909078555667,0.0869486378387166,0.036186740421310204,0.003907967877546171,0.06989947664494184,0.04647042762547703,0.01087978257108854,/common/users/shared/pracsys/adaptive_roa_experiments/quadrotor_stoch/q2d_nd_partx,0.947117400235577,0.4597820501251747
fm,noisy_dynamics_f_0.150,partx,14,0.0011964479631844367,1.0,0.050537614989264006,50.0,0.04764734774794289,0.001294975098688096,0.001294975098688096,0.011612467557812896,0.03996778981480424,0.019765205461703593,0.023354387718783075,0.022959083609549003,0.022959083609549003,0.9429916067271238,0.9597177092430215,0.9880239021736639,0.018569915861734305,0.012529282181349645,7.108269997237994e-05,0.012924586290583715,-0.00011230896907456038,0.6530959084798214,0.48831113817479027,0.09283233343858541,0.10899669513831334,0.18267882128800783,0.059337315600780045,0.0,20,479789,0.5682535478602485,0.5959289176090469,0.2639138240574506,0.7677192354712705,0.4136167922497309,0.05632183908045977,4.12275465676668e-06,0.00021553810401715238,0.0009493453531934249,0.012529282181350262,0.09443526216732773,0.03225376154934773,0.0023218539816460986,0.06989947664494184,0.04647042762547703,0.01087978257108854,/common/users/shared/pracsys/adaptive_roa_experiments/quadrotor_stoch/q2d_nd_partx,0.9455042939088778,0.45427777543618764
fm,noisy_dynamics_f_0.150,partx,15,0.0014021346579584499,1.0,0.05537103208873599,50.0,0.049740834076407954,0.00216572813989466,0.00216572813989466,0.01122386404532471,0.03964800577485691,0.019765205461703593,0.023354387718783075,0.022959083609549003,0.022959083609549003,0.9405988882612982,0.9582524818201335,0.9858708724043277,0.0216190250292128,0.013984257823895197,8.198247570902807e-05,0.014379561933129267,8.331011977624064e-05,0.6354846136136904,0.5132678849144634,0.21999769876884134,0.11383011223788887,0.18267882128800783,0.059337315600780045,0.0,20,479789,0.5564066384465498,0.5600869749681799,0.27542494958225294,0.7407639323731997,0.4736724076067456,0.18314176245210728,1.6146885476716945e-05,0.00028711290214372443,0.0012013991399925312,0.013984257823895578,0.09305965747443147,0.03930060922613899,0.007234430134913473,0.06989947664494184,0.04647042762547703,0.01087978257108854,/common/users/shared/pracsys/adaptive_roa_experiments/quadrotor_stoch/q2d_nd_partx,0.9406916455013623,0.39090522680622375
fm,noisy_dynamics_f_0.150,partx,16,0.0011759295498897913,1.0,0.04871837013759736,50.0,0.0439853946844795,0.0011663394281152544,0.0011663394281152544,0.011694438822694967,0.03524472642042235,0.019765205461703593,0.023354387718783075,0.022959083609549003,0.022959083609549003,0.9444589183995464,0.9589090204235612,0.9875653672760317,0.013581187957692635,0.012480351426557807,7.870248205633928e-05,0.012875655535791872,4.9367211588510415e-05,0.6385633680555556,0.4836707435246052,0.24096692111959286,0.10717745028657277,0.18267882128800783,0.059337315600780045,0.0,20,479789,0.5857032669005499,0.5812299364260087,0.3587121212121212,0.7019113218236575,0.41415500538213135,0.1814176245210728,2.1114780495706678e-05,0.00027437688477572995,0.0008727455398222656,0.012480351426558003,0.08376807304877769,0.033112472357640546,0.00550241877158501,0.06989947664494184,0.04647042762547703,0.01087978257108854,/common/users/shared/pracsys/adaptive_roa_experiments/quadrotor_stoch/q2d_nd_partx,0.9460964953350555,0.45640899093345977
fm,noisy_dynamics_f_0.150,partx,17,0.0012338291609684153,1.0,0.0516293436662668,50.0,0.048470970078187375,0.0013871562947927651,0.0013871562947927651,0.011758709816074102,0.041241821210418465,0.019765205461703593,0.023354387718783075,0.022959083609549003,0.022959083609549003,0.9450862775094886,0.9605722515522448,0.988738799764063,0.019950387778506697,0.012250579693660788,6.784254156251973e-05,0.012645883802894858,-0.00033695039460688095,0.6599992257165349,0.5050626618874441,0.12017586712261846,0.1100884238153478,0.18267882128800783,0.059337315600780045,0.0,20,479789,0.5817900532374756,0.6060910518053375,0.4006514657980456,0.7625011181679936,0.43290276282741297,0.0706896551724138,5.260176582797396e-05,0.00034622475047666287,0.0011367027506176684,0.012250579693661286,0.09161110404782102,0.033191673839958816,0.0019195938214506794,0.06989947664494184,0.04647042762547703,0.01087978257108854,/common/users/shared/pracsys/adaptive_roa_experiments/quadrotor_stoch/q2d_nd_partx,0.9436280615848341,0.4664168700284884
fm,noisy_dynamics_f_0.150,partx,18,0.0011665506276266292,1.0,0.050236930482302905,50.0,0.04642062734254523,0.0008151538423812166,0.0008151538423812166,0.01136275414988601,0.03648849458121313,0.019765205461703593,0.023354387718783075,0.022959083609549003,0.022959083609549003,0.94453603563233,0.9576355439578648,0.987692506497648,0.012602581339393563,0.012595863999549472,7.498067330729103e-05,0.012991168108783544,0.00018438069750526323,0.6314623235974351,0.44796306355241716,0.08605479028014239,0.10869601063144808,0.18267882128800783,0.059337315600780045,0.0,20,479789,0.5895526247737264,0.5678187827044892,0.22401289282836423,0.6797865044577631,0.36988697524219594,0.05325670498084291,2.9799169457872426e-06,0.00017391316138185814,0.0009978701645012495,0.012595863999549971,0.08059792950651223,0.030271640241856315,0.0025865536725518928,0.06989947664494184,0.04647042762547703,0.01087978257108854,/common/users/shared/pracsys/adaptive_roa_experiments/quadrotor_stoch/q2d_nd_partx,0.9440506543188645,0.45137775471531993
fm,noisy_dynamics_f_0.150,partx,19,0.0012731595526065751,1.0,0.05221026842230107,50.0,0.04883527268988791,0.0016311279910626014,0.0016311279910626014,0.011680945916449654,0.04119477043585048,0.019765205461703593,0.023354387718783075,0.022959083609549003,0.022959083609549003,0.9443838854162976,0.9581045001031704,0.9882635908701534,0.020806757886967817,0.012705018931927489,7.25308370778309e-05,0.013100323041161556,-0.00020424675223446737,0.6602495543672013,0.49053351919908755,0.12439744985227802,0.11066934857148904,0.18267882128800783,0.059337315600780045,0.0,20,479789,0.5761393684865453,0.5639606037647882,0.33030553261767137,0.773116259653517,0.43402404018658053,0.07662835249042145,3.105467775159167e-05,0.000415607766526873,0.0010448949039598525,0.012705018931927933,0.09379748180971219,0.03576363776576787,0.0025240261865111537,0.06989947664494184,0.04647042762547703,0.01087978257108854,/common/users/shared/pracsys/adaptive_roa_experiments/quadrotor_stoch/q2d_nd_partx,0.9436014414178842,0.44662343027300555
fm,noisy_dynamics_f_0.150,partx,20,0.0010591372098190442,1.0,0.046568972727388046,50.0,0.04394127936066908,0.0007930201559493513,0.0007930201559493513,0.01176125729239455,0.03638922209876104,0.019765205461703593,0.023354387718783075,0.022959083609549003,0.022959083609549003,0.944110848727253,0.9579648553843461,0.9886366715368631,0.013017471852463292,0.011898294507939314,6.827664994549107e-05,0.012293598617173385,-9.255196516449148e-05,0.656266423965851,0.4449276160070458,0.020833333333333336,0.10502805287625311,0.18267882128800783,0.059337315600780045,0.0,20,479789,0.5755722444574358,0.5757942726884172,0.16666666666666666,0.7632763813101947,0.3625313957660567,0.011111111111111112,3.35925880824233e-06,0.0002128266674464201,0.0007922736639788306,0.011898294507939673,0.0926949138058605,0.029258694967996348,0.0007253188380725694,0.06989947664494184,0.04647042762547703,0.01087978257108854,/common/users/shared/pracsys/adaptive_roa_experiments/quadrotor_stoch/q2d_nd_partx,0.9474383938898994,0.48176091388113385
fm,noisy_dynamics_f_0.150,partx,21,0.001345473459167813,1.0,0.05247509302942389,50.0,0.04676736191086609,0.0009666293835269773,0.0009666293835269773,0.011018279627147194,0.03575188729442565,0.019765205461703593,0.023354387718783075,0.022959083609549003,0.022959083609549003,0.9448007353232358,0.9563933312351888,0.9869713561586447,0.012417668761766002,0.01308746710981507,7.682659249367944e-05,0.013482771219049141,0.00018003374388628202,0.6323402837548935,0.43736890227504976,0.09049905427033318,0.11093417317850345,0.18267882128800783,0.059337315600780045,0.0,20,479789,0.5916045406135543,0.5461383478844862,0.1881427707199032,0.6791006947550466,0.3647290993900251,0.05957854406130268,5.060753958866869e-05,0.0003758835187373039,0.001233209425685871,0.013087467109815537,0.08023735433701064,0.031034475571553328,0.0034452644808447047,0.06989947664494184,0.04647042762547703,0.01087978257108854,/common/users/shared/pracsys/adaptive_roa_experiments/quadrotor_stoch/q2d_nd_partx,0.9386602812100229,0.4299656148134845
fm,noisy_dynamics_f_0.150,partx,22,0.0012899320597019816,1.0,0.05280515047008633,50.0,0.049629868131885135,0.001102144979637362,0.001102144979637362,0.011617439805688046,0.041621378290135576,0.019765205461703593,0.023354387718783075,0.022959083609549003,0.022959083609549003,0.9456948783736184,0.9598073319730132,0.9888159169968466,0.018731630222246085,0.012312852952153742,6.957901498431742e-05,0.012708157061387811,-0.0001309358313445804,0.650994575045208,0.4775399620698998,0.11946176567115195,0.11126423061937019,0.18267882128800783,0.059337315600780045,0.0,20,479789,0.590982051656209,0.6030518680717121,0.41647597254004576,0.7245728598264604,0.39527269465374953,0.06973180076628352,4.490467916290743e-05,0.0004152648066105467,0.0013254909153234,0.012312852952154108,0.08570017236743652,0.03045922269997853,0.0018216340933201887,0.06989947664494184,0.04647042762547703,0.01087978257108854,/common/users/shared/pracsys/adaptive_roa_experiments/quadrotor_stoch/q2d_nd_partx,0.9410688701582616,0.46370451183719485
fm,noisy_dynamics_f_0.150,partx,23,0.0010905339519977555,1.0,0.04801075925231862,50.0,0.045164375284507285,0.001009901578607213,0.001009901578607213,0.011541094929323486,0.0372265445399367,0.019765205461703593,0.023354387718783075,0.022959083609549003,0.022959083609549003,0.9435918705931149,0.9583691997940762,0.9883115286094513,0.014545315232491467,0.01225208059238875,7.018259909632645e-05,0.012647384701622822,-0.0001758096664439806,0.6476225196604345,0.4675871628105342,0.06439773106439774,0.10646983940125765,0.18267882128800783,0.059337315600780045,0.0,20,479789,0.574802967619664,0.5762812089356111,0.24935400516795866,0.7415690133285625,0.393388948690348,0.03697318007662835,4.6764590694556416e-06,0.00019596380731276466,0.0008111085661511438,0.012252080592389082,0.0901792246174881,0.03172227791800145,0.0016132091398510595,0.06989947664494184,0.04647042762547703,0.01087978257108854,/common/users/shared/pracsys/adaptive_roa_experiments/quadrotor_stoch/q2d_nd_partx,0.9467522193889893,0.46635149726564273
fm,noisy_dynamics_f_0.150,yield_a1,0,0.015124466385259095,100.0,0.19605723582270815,50.0,0.043443367813768126,0.0074292387553862626,0.0074163654891897645,0.006931472089637256,0.0012873266196497869,0.019765205461703593,0.023354387718783075,0.022959083609549003,0.022959083609549003,0.9306966187219798,0.9535337408735923,0.9891202174289114,-0.043282046899783023,0.02344397700910097,0.00013878903123681015,0.023852154384531525,-5.551115123125783e-16,0.01691156905064601,0.0001793882859449278,nan,0.25451631597032803,0.18267882128800783,0.059337315600780045,0.0,51,479789,1.0,1.0,nan,0.00852789456421266,8.97021887334051e-05,0.0,0.014880123999828172,0.015038143813769434,0.014974804027782717,0.02344397700910118,0.0005960953669217093,4.168499069382583e-06,0.0,0.06989947664494184,0.04647042762547703,0.01087978257108854,/common/users/shared/pracsys/adaptive_roa_experiments/quadrotor_stoch/q2d_nd_yield_a1,0.6772438485468357,-0.021119893450376903
fm,noisy_dynamics_f_0.150,yield_a1,1,0.003605444478817477,100.0,0.07688960110322876,50.0,0.03396103287069941,0.005507498158274991,0.00540362372786723,0.014679794791184994,0.010387443040776066,0.019765205461703593,0.023354387718783075,0.022959083609549003,0.022959083609549003,0.9473372670069551,0.9560619355591728,0.9891264701775155,-0.030501637178009505,0.013682912546231335,8.703917129576508e-05,0.01418209108587316,8.673617379884035e-17,0.41942970060430596,0.10548648533966988,0.0011487650775416428,0.13534868125093058,0.18267882128800783,0.059337315600780045,0.0,75,479789,0.9141626602564102,0.977970102281668,1.0,0.27214718072576555,0.05574991029781127,0.0005747126436781609,0.003073972413951545,0.0031234617526120874,0.003093526036688743,0.013682912546231798,0.020809147354357852,0.0026490811585926314,6.252748604073874e-06,0.06989947664494184,0.04647042762547703,0.01087978257108854,/common/users/shared/pracsys/adaptive_roa_experiments/quadrotor_stoch/q2d_nd_yield_a1,0.8944558130578132,0.404030544993511
fm,noisy_dynamics_f_0.150,yield_a1,2,0.0035245324900474214,100.0,0.07040425280479048,50.0,0.03197734837605697,0.0027576434387630365,0.0026263422613578427,0.014000721394296105,0.013130117740519398,0.019765205461703593,0.023354387718783075,0.022959083609549003,0.022959083609549003,0.9545029169072238,0.9612746436454358,0.9893161368851724,-0.024859511160114128,0.011584704476610828,7.802298640835908e-05,0.012111309763250097,9.020562075079397e-17,0.5462972585371937,0.29892083616330845,0.04650297619047619,0.1288633329525929,0.18267882128800783,0.059337315600780045,0.0,88,479789,0.9016190998902305,0.9417498811222064,0.8012820512820513,0.39186570056952025,0.1776551847865088,0.023946360153256706,0.0029625461139248708,0.003004018339656339,0.0030765883543438623,0.011584704476611026,0.03038002121766026,0.008766353542911571,0.00032514292741184144,0.06989947664494184,0.04647042762547703,0.01087978257108854,/common/users/shared/pracsys/adaptive_roa_experiments/quadrotor_stoch/q2d_nd_yield_a1,0.8919407073666002,0.49541956144135524
fm,noisy_dynamics_f_0.150,yield_a1,3,0.0034290458200283893,100.0,0.06589370870952796,50.0,0.030675817911623656,0.0026141062747348613,0.002476671226739963,0.01458618843836773,0.013743504799489827,0.019765205461703593,0.023354387718783075,0.022959083609549003,0.022959083609549003,0.9567893386467802,0.9623563691539406,0.9892494409000623,-0.023901048169091003,0.010849566397921319,7.550992277528047e-05,0.01138230555515028,7.28583859910259e-17,0.57877199398594,0.32716164363148675,0.02862523540489642,0.1243527888573452,0.18267882128800783,0.059337315600780045,0.0,88,479789,0.9082966647535233,0.9656916648339564,0.8444444444444444,0.42469511286042283,0.19694115536419088,0.014559386973180077,0.0029107377334726993,0.002972021347775098,0.0029669676912221065,0.01084956639792144,0.03268311695349414,0.009477082634241301,0.00018758245812221624,0.06989947664494184,0.04647042762547703,0.01087978257108854,/common/users/shared/pracsys/adaptive_roa_experiments/quadrotor_stoch/q2d_nd_yield_a1,0.8966983386589206,0.52743904842052
fm,noisy_dynamics_f_0.150,yield_a1,4,0.002839874180494953,100.0,0.05721877120531528,50.0,0.028461094356060677,0.0018668554322927892,0.001714572986417118,0.015438476143078661,0.015228244587567124,0.019765205461703593,0.023354387718783075,0.022959083609549003,0.022959083609549003,0.9619353507479329,0.9651784430239126,0.989305715637499,-0.020406637084218266,0.009235180452887522,6.780498238665343e-05,0.009782767007997266,6.245004513516506e-17,0.6523783238479549,0.4147956145574276,0.0874977769873733,0.1156778513531626,0.18267882128800783,0.059337315600780045,0.0,90,479789,0.9019473684210526,0.9469054853670238,0.6104218362282878,0.5109878641500433,0.26556332974524577,0.047126436781609195,0.0023197223615263494,0.0024447124188261993,0.002450938356959798,0.009235180452888457,0.039600741159134534,0.013032812340424645,0.0008399525624805905,0.06989947664494184,0.04647042762547703,0.01087978257108854,/common/users/shared/pracsys/adaptive_roa_experiments/quadrotor_stoch/q2d_nd_yield_a1,0.907967241541912,0.597754831597613
fm,noisy_dynamics_f_0.150,yield_a1,5,0.002708473230408919,100.0,0.05483694491760675,50.0,0.02659612871491426,0.002305605059885025,0.0021654702876784462,0.016200017456182655,0.014013477220657879,0.019765205461703593,0.023354387718783075,0.022959083609549003,0.022959083609549003,0.9623376109081284,0.9666853554374945,0.9893890856188866,-0.02140613894857948,0.008924536441044857,6.694515275430908e-05,0.009459975322485508,6.245004513516506e-17,0.6560191883042717,0.4510234922379448,0.0818755635707845,0.11329602506530878,0.18267882128800783,0.059337315600780045,0.0,88,479789,0.907133456172677,0.9627565982404692,0.6984615384615385,0.513790738587232,0.29449228561176893,0.04348659003831418,0.0023227083617790153,0.0023322720697108797,0.0023191651449550577,0.008924536441044982,0.03959031991146108,0.014214581826594607,0.0006773810987746697,0.06989947664494184,0.04647042762547703,0.01087978257108854,/common/users/shared/pracsys/adaptive_roa_experiments/quadrotor_stoch/q2d_nd_yield_a1,0.9153779511668847,0.611285163083207
fm,noisy_dynamics_f_0.150,yield_a1,6,0.0021796945143331714,100.0,0.04601684289363521,50.0,0.025068478018462282,0.001623647914909924,0.001464995539289673,0.016780920651898963,0.015865237562025108,0.019765205461703593,0.023354387718783075,0.022959083609549003,0.022959083609549003,0.9662997692735765,0.9679859271471417,0.9892640306468051,-0.0183195112851691,0.007643158496939756,5.946834386147427e-05,0.00819711498179408,4.336808689942018e-17,0.7087034067775235,0.4890219560878243,0.05780135357600147,0.10447592304136359,0.18267882128800783,0.059337315600780045,0.0,86,479789,0.8952662721893491,0.9466769706336939,0.6396761133603239,0.5864865670751707,0.3296555435952637,0.030268199233716476,0.0018109453498150218,0.0018201806827902994,0.0018475748956495721,0.007643158496939882,0.04579096227716767,0.016182113387343187,0.000514809635068749,0.06989947664494184,0.04647042762547703,0.01087978257108854,/common/users/shared/pracsys/adaptive_roa_experiments/quadrotor_stoch/q2d_nd_yield_a1,0.9267781837159057,0.6670965345602531
fm,noisy_dynamics_f_0.150,yield_a1,7,0.0018399632403531595,100.0,0.041128910541948345,50.0,0.023312393573008135,0.0011965238215620195,0.0010325555169762768,0.01729549363789218,0.016396830458574273,0.019765205461703593,0.023354387718783075,0.022959083609549003,0.022959083609549003,0.9686382972515002,0.9720543822388592,0.98950163509376,-0.01601714503667237,0.006696145488633135,5.555303255116936e-05,0.007255417902452957,4.2500725161431774e-17,0.7348873266733619,0.5841449041622727,0.1322997416020672,0.09958799068969082,0.18267882128800783,0.059337315600780045,0.0,91,479789,0.8981481481481481,0.946812789060929,0.6564102564102564,0.6218504934848078,0.4223627556512379,0.0735632183908046,0.0014590481975319872,0.0014924420590471433,0.0015090977302570704,0.006696145488632741,0.04839627419553179,0.020729945872039583,0.0012192859777944054,0.06989947664494184,0.04647042762547703,0.01087978257108854,/common/users/shared/pracsys/adaptive_roa_experiments/quadrotor_stoch/q2d_nd_yield_a1,0.9342418319161886,0.7083443920275583
fm,noisy_dynamics_f_0.150,yield_a1,8,0.0012444798697201732,100.0,0.033324031746351984,50.0,0.021901836015415115,0.000937783808576298,0.000760748815226633,0.01793742475325662,0.01770349933496651,0.019765205461703593,0.023354387718783075,0.022959083609549003,0.022959083609549003,0.9716854700712189,0.9739114485742691,0.9894870453470171,-0.013705066185343976,0.005782407671519047,5.006448755869213e-05,0.006354746774102782,3.0357660829594124e-17,0.7678849078203223,0.6227433014858795,0.1377777777777778,0.09178311189412802,0.18267882128800783,0.059337315600780045,0.0,90,479789,0.8991996798719488,0.94927869153726,0.6396825396825396,0.6700360795539255,0.463356655902404,0.07720306513409962,0.0008686708598277013,0.000912640776938536,0.0009261130826369587,0.005782407671518746,0.05208539587193537,0.022682887686045324,0.0013130772068555136,0.06989947664494184,0.04647042762547703,0.01087978257108854,/common/users/shared/pracsys/adaptive_roa_experiments/quadrotor_stoch/q2d_nd_yield_a1,0.9480646883199447,0.7481429237396016
fm,noisy_dynamics_f_0.150,yield_a1,9,0.0010267516816345457,100.0,0.0303998427560043,50.0,0.022452869907396793,0.0010332796262075047,0.0008491522769609052,0.018057446768862347,0.018412734924659956,0.019765205461703593,0.023354387718783075,0.022959083609549003,0.022959083609549003,0.9711581549389419,0.9716792173226148,0.9894015911160948,-0.013641288149582423,0.005750789117647585,4.7157779111819733e-05,0.006330220576128256,2.3418766925686896e-17,0.7650275079807104,0.5791103952422253,0.07326407873154729,0.08885892290378647,0.18267882128800783,0.059337315600780045,0.0,87,479789,0.8884638138434234,0.9359231077292751,0.7528089887640449,0.6717058770909742,0.4192680301399354,0.038505747126436785,0.0006969290561219154,0.0006997415110607381,0.0007112210231432008,0.005750789117647245,0.052846146952097696,0.02081748435249662,0.0005564946257625748,0.06989947664494184,0.04647042762547703,0.01087978257108854,/common/users/shared/pracsys/adaptive_roa_experiments/quadrotor_stoch/q2d_nd_yield_a1,0.953975950518373,0.7495200934215096
fm,noisy_dynamics_f_0.150,yield_a1,10,0.0006664519640285523,100.0,0.024867922893783496,50.0,0.020496489081658808,0.0009645333868969013,0.0007796408043809885,0.018881145958688294,0.01848925825159128,0.019765205461703593,0.023354387718783075,0.022959083609549003,0.022959083609549003,0.9738947745779916,0.9749619103397535,0.9894703713507396,-0.012439905875291014,0.0048575784552417145,4.191302522801591e-05,0.005437775146991698,1.6479873021779667e-17,0.7887110106445789,0.6432665181885672,0.1334476843910806,0.08332700304156071,0.18267882128800783,0.059337315600780045,0.0,89,479789,0.9081267966746951,0.9518411108181738,0.6377049180327868,0.6970510182783195,0.4857822030857553,0.07452107279693486,0.000382641895625253,0.00036594921842931914,0.0003936288452728623,0.004857578455241875,0.05365275152202322,0.023716675455252204,0.0012713922161616878,0.06989947664494184,0.04647042762547703,0.01087978257108854,/common/users/shared/pracsys/adaptive_roa_experiments/quadrotor_stoch/q2d_nd_yield_a1,0.9630460981034481,0.7884245496095768
fm,noisy_dynamics_f_0.150,yield_a1,11,0.0006291049360470841,100.0,0.023661791405340284,50.0,0.020093457749135554,0.0006912299701255349,0.0004994143506710993,0.01887442827022666,0.019181561945443567,0.019765205461703593,0.023354387718783075,0.022959083609549003,0.022959083609549003,0.974324129982138,0.9764854967496128,0.9895183090900375,-0.010725339680567915,0.004584069689993455,4.005212182410046e-05,0.005171189418681963,1.3010426069826053e-17,0.7969875249254298,0.6756181713628522,0.14719348821434627,0.08212087155313344,0.18267882128800783,0.059337315600780045,0.0,92,479789,0.8908414382552313,0.9411246395386095,0.6410635155096012,0.721024540060232,0.5269555077143883,0.08314176245210728,0.0003410845986615726,0.00035671728830342675,0.00036747156813078034,0.004584069689993609,0.05657486936966041,0.02601977119108608,0.0014110369349860043,0.06989947664494184,0.04647042762547703,0.01087978257108854,/common/users/shared/pracsys/adaptive_roa_experiments/quadrotor_stoch/q2d_nd_yield_a1,0.9636476438360599,0.8003374277496478
fm,noisy_dynamics_f_0.150,yield_a1,12,0.0005656336825509582,100.0,0.02195174090767601,50.0,0.020322850252923682,0.0009199586389425472,0.0007225540643600881,0.01927785540024224,0.019740457458245902,0.019765205461703593,0.023354387718783075,0.022959083609549003,0.022959083609549003,0.9760498885968624,0.9741782325147096,0.9894453603563234,-0.011245610049417555,0.004403782273666865,3.717782672673635e-05,0.004996490957483393,9.540979117872439e-18,0.8095530105905167,0.6288162507115679,0.08986340762041699,0.08041082105551126,0.18267882128800783,0.059337315600780045,0.0,89,479789,0.9113059701492537,0.9470264416568902,0.7267441860465116,0.728240450845335,0.47066738428417654,0.04789272030651341,0.00032737111601971957,0.00030430660352679707,0.00032921078141754734,0.004403782273666514,0.05585788752972661,0.0230955690939142,0.0007169818399338043,0.06989947664494184,0.04647042762547703,0.01087978257108854,/common/users/shared/pracsys/adaptive_roa_experiments/quadrotor_stoch/q2d_nd_yield_a1,0.9662913861977989,0.8081899805515204
fm,noisy_dynamics_f_0.150,yield_a1,13,0.000496129091954286,100.0,0.021251955035933613,50.0,0.020890662353659634,0.0008354558389582096,0.0006286847332842528,0.01903516452174839,0.020677110567395674,0.019765205461703593,0.023354387718783075,0.022959083609549003,0.022959083609549003,0.9754037712411081,0.9734904301682614,0.9893307266319152,-0.010330186811285794,0.004552603821084878,3.759212086496649e-05,0.005154679035992905,1.0408340855860843e-17,0.8069997546814948,0.6159838169137406,0.0615948670944088,0.07971103518380401,0.18267882128800783,0.059337315600780045,0.0,87,479789,0.8936540133294697,0.9423556581986143,0.7148936170212766,0.7356650863225691,0.45752601363473266,0.03218390804597701,0.0002283226802882714,0.00022320649637958033,0.0002309641420502406,0.004552603821084812,0.05754196115375717,0.022562001213033228,0.0004897986406524535,0.06989947664494184,0.04647042762547703,0.01087978257108854,/common/users/shared/pracsys/adaptive_roa_experiments/quadrotor_stoch/q2d_nd_yield_a1,0.9690011823029995,0.8017079471241881
fm,noisy_dynamics_f_0.150,yield_a1,14,0.00047746976878385256,100.0,0.021023469293663267,50.0,0.02017399315115603,0.0008570874972704878,0.000658316728697577,0.01927222233614178,0.019877076857291082,0.019765205461703593,0.023354387718783075,0.022959083609549003,0.022959083609549003,0.9755163207159814,0.9749827528351004,0.9893786643712131,-0.010736719683027333,0.004345178002104813,3.7148674023349366e-05,0.004939252879911794,1.0408340855860843e-17,0.8057158923639252,0.6433304608801593,0.11772853185595566,0.0794825494415083,0.18267882128800783,0.059337315600780045,0.0,89,479789,0.9046274975859764,0.9531566434797922,0.6115107913669064,0.7263022929898322,0.4855130965195551,0.06513409961685823,0.00020271623937513392,0.00020818291676077583,0.00022137448739265422,0.004345178002104527,0.05612050297109771,0.023670821965488996,0.001158842741288358,0.06989947664494184,0.04647042762547703,0.01087978257108854,/common/users/shared/pracsys/adaptive_roa_experiments/quadrotor_stoch/q2d_nd_yield_a1,0.9690656781413086,0.8107425332822259
fm,noisy_dynamics_f_0.150,yield_a1,15,0.0004139895211470519,100.0,0.019048905598356345,50.0,0.018667247477537004,0.0007640044176544401,0.000569063948137021,0.019628582240837588,0.0194940469517419,0.019765205461703593,0.023354387718783075,0.022959083609549003,0.022959083609549003,0.9770628338707223,0.977173299096061,0.9894099281142336,-0.010126117939344172,0.0038995653168484496,3.526030255329343e-05,0.0044898098955999406,1.214306433183765e-17,0.8185640095622785,0.6871035940803384,0.1619660234207488,0.07750798574616188,0.18267882128800783,0.059337315600780045,0.0,90,479789,0.9154436167858987,0.9464032740437589,0.5824436536180309,0.7402272117362912,0.5393344097595981,0.09406130268199234,0.00017968745679976413,0.00017667593517742118,0.00018491295724192152,0.003899565316848206,0.05652067888175844,0.026482474587787547,0.0017570223577447587,0.06989947664494184,0.04647042762547703,0.01087978257108854,/common/users/shared/pracsys/adaptive_roa_experiments/quadrotor_stoch/q2d_nd_yield_a1,0.9710798114932725,0.8301515259421519
fm,noisy_dynamics_f_0.150,yield_a1,16,0.00034206934560178435,100.0,0.017857004774703013,50.0,0.01914912596995762,0.00046056170036924785,0.00024884531687735463,0.01944595221413096,0.021171638349189312,0.019765205461703593,0.023354387718783075,0.022959083609549003,0.022959083609549003,0.9770628338707223,0.9771962258409426,0.9894120123637682,-0.0074438555281592525,0.0037619767122954086,3.3246002372537666e-05,0.004368997205021375,1.1275702593849246e-17,0.8244228529491535,0.6939837216457362,0.1597750578895137,0.07631608492257107,0.18267882128800783,0.059337315600780045,0.0,90,479789,0.8865898016608331,0.9218993832206287,0.5847457627118644,0.7704028386558129,0.5564226767133118,0.0925287356321839,0.00012328522980504614,0.000113015430645464,0.00012029072242915716,0.0037619767122954,0.060739199939973613,0.028047745988340707,0.0017215901156550067,0.06989947664494184,0.04647042762547703,0.01087978257108854,/common/users/shared/pracsys/adaptive_roa_experiments/quadrotor_stoch/q2d_nd_yield_a1,0.9729488658615112,0.8361443001701188
fm,noisy_dynamics_f_0.150,yield_a1,17,0.0003279556503394982,100.0,0.017677757114048027,50.0,0.019339313739998202,0.0005989912606543275,0.00038797648397777046,0.019508654944497054,0.021101477667655723,0.019765205461703593,0.023354387718783075,0.022959083609549003,0.022959083609549003,0.9769898851370081,0.9760811523398827,0.9894224336114417,-0.008444107722352951,0.0038384051490297304,3.2928872571643155e-05,0.004444724034940361,1.1275702593849246e-17,0.8233317330772923,0.6685344578591647,0.11907654921020658,0.07613683726188905,0.18267882128800783,0.059337315600780045,0.0,90,479789,0.8885089628017822,0.9389096219373682,0.634011090573013,0.7670632435817157,0.5190617151058485,0.0657088122605364,9.094965441938642e-05,9.617813235467313e-05,9.77659869049845e-05,0.003838405149029621,0.060345276777916956,0.025690459764604857,0.0011275789982679886,0.06989947664494184,0.04647042762547703,0.01087978257108854,/common/users/shared/pracsys/adaptive_roa_experiments/quadrotor_stoch/q2d_nd_yield_a1,0.9738986671877081,0.8328154026394466
fm,noisy_dynamics_f_0.150,yield_a1,18,0.00041476401882686425,100.0,0.020551750985608717,50.0,0.020117780941205407,0.0010567023953044852,0.000864969145812721,0.019310571552803343,0.019173324949176413,0.019765205461703593,0.023354387718783075,0.022959083609549003,0.022959083609549003,0.9751015550585779,0.9739969028051915,0.9892681991458745,-0.01191442488260465,0.004513481202558395,3.784373613474074e-05,0.005100518561284229,1.0408340855860843e-17,0.8007738234215003,0.6231726470943578,0.10029704700331993,0.07901083113339245,0.18267882128800783,0.059337315600780045,0.0,90,479789,0.9085335856196783,0.954125046244913,0.5705765407554672,0.7158660583832782,0.4626838894869035,0.054980842911877395,0.00015049100988485129,0.0001356920183192374,0.00014683507367806682,0.004513481202558365,0.05507629395421738,0.022534905969082242,0.0010483775159497197,0.06989947664494184,0.04647042762547703,0.01087978257108854,/common/users/shared/pracsys/adaptive_roa_experiments/quadrotor_stoch/q2d_nd_yield_a1,0.9712969066823967,0.8034119619355724
fm,noisy_dynamics_f_0.150,yield_a1,19,0.00046937570811870436,100.0,0.02212551735813862,50.0,0.020883638432727728,0.0012752461060033396,0.0010873122855156257,0.01919265840434119,0.018793382048771394,0.019765205461703593,0.023354387718783075,0.022959083609549003,0.022959083609549003,0.9740114925519343,0.9728985033004092,0.9892661148963399,-0.013135815952429093,0.004853737490723451,3.965402494407445e-05,0.005436975420445236,1.214306433183765e-17,0.7886072730355176,0.5976919030970577,0.06533575317604357,0.08058459750592813,0.18267882128800783,0.059337315600780045,0.0,87,479789,0.9139421565545426,0.9634912718204489,0.6206896551724138,0.6935026985120911,0.43321672048797993,0.034482758620689655,0.00018280957102405698,0.0001711905421206798,0.0001758486174436,0.004853737490723419,0.05303998215882398,0.020894601585280195,0.0006044323650604745,0.06989947664494184,0.04647042762547703,0.01087978257108854,/common/users/shared/pracsys/adaptive_roa_experiments/quadrotor_stoch/q2d_nd_yield_a1,0.9698995660673885,0.788591845682172
fm,noisy_dynamics_f_0.150,yield_a1,20,0.0004012831900255073,100.0,0.020817354792108115,50.0,0.020979534753818873,0.0010151785723839953,0.0008153473944910027,0.019206155917023453,0.019983117789299256,0.019765205461703593,0.023354387718783075,0.022959083609549003,0.022959083609549003,0.9744074999635256,0.9733674594457147,0.9893599061254009,-0.011368643299450384,0.004568275087016569,3.720997520014412e-05,0.005163410374143635,1.5612511283791264e-17,0.7963512729082014,0.6098320610687024,0.07333454347431476,0.07927643493996873,0.18267882128800783,0.059337315600780045,0.0,89,479789,0.8972269975334479,0.9552324469102735,0.698961937716263,0.7158660583832782,0.44788302834589167,0.03869731800766284,0.0001105926019504276,0.00011291674801603109,0.00012251320837219955,0.004568275087016624,0.05577034904926957,0.02178874463566276,0.0006023481155257832,0.06989947664494184,0.04647042762547703,0.01087978257108854,/common/users/shared/pracsys/adaptive_roa_experiments/quadrotor_stoch/q2d_nd_yield_a1,0.9712685718215,0.8010253734553865
fm,noisy_dynamics_f_0.150,yield_a1,21,0.00046624335842547254,100.0,0.02198523142767339,50.0,0.021046126526452255,0.001280766702667778,0.0010896650502600098,0.019209084628270954,0.01911016524077682,0.019765205461703593,0.023354387718783075,0.022959083609549003,0.022959083609549003,0.9744345952074767,0.9716104370879699,0.9892848731421521,-0.0130985912557395,0.004839664031538078,3.909251516819097e-05,0.00542606979317992,2.0816681711721685e-17,0.793855668717018,0.5705999180353708,0.05165098690278547,0.08044431157546224,0.18267882128800783,0.059337315600780045,0.0,85,479789,0.9096090891584826,0.9602122015915119,0.6965174129353234,0.7042371112502609,0.40590240401865807,0.02681992337164751,0.00017171628233610635,0.00018195715727671558,0.00018516604415792345,0.004839664031538011,0.05411753916825938,0.019644051864465422,0.00041893415647294954,0.06989947664494184,0.04647042762547703,0.01087978257108854,/common/users/shared/pracsys/adaptive_roa_experiments/quadrotor_stoch/q2d_nd_yield_a1,0.9697256615137851,0.7892048256871544
fm,noisy_dynamics_f_0.150,yield_a1,22,0.0005709691039573477,100.0,0.026037211403037237,50.0,0.02277490730300195,0.0020253602350291744,0.0018503033355432028,0.019029938141582308,0.017505689948597147,0.019765205461703593,0.023354387718783075,0.022959083609549003,0.022959083609549003,0.9717938510470228,0.9680609601303907,0.989218177157042,-0.01655062954757195,0.005779448803509917,4.348503029699557e-05,0.00634980981222996,1.9081958235744878e-17,0.762124061802394,0.4856337271750806,0.026350461133069828,0.08449629155079523,0.18267882128800783,0.059337315600780045,0.0,87,479789,0.9282778110816134,0.9650480256136607,0.7526881720430108,0.646420371529952,0.3244528166487262,0.013409961685823755,0.0002347455583246227,0.00024132326600370593,0.0002539525157902815,0.005779448803509639,0.048675563633180416,0.015623534512045921,0.0001938352067262901,0.06989947664494184,0.04647042762547703,0.01087978257108854,/common/users/shared/pracsys/adaptive_roa_experiments/quadrotor_stoch/q2d_nd_yield_a1,0.9665580365620673,0.7482717994412389
fm,noisy_dynamics_f_0.150,yield_a1,23,0.0004876994750410482,100.0,0.022914668419596298,50.0,0.021584550708749057,0.0015777608912556928,0.0013923758321542708,0.01916937935105202,0.018538505910142198,0.019765205461703593,0.023354387718783075,0.022959083609549003,0.022959083609549003,0.973736371613355,0.9701827261567064,0.9892890416412214,-0.014394473403933813,0.005182080090651268,4.0741728946942184e-05,0.005762769258986762,1.5612511283791264e-17,0.7844840855838137,0.5376809720785936,0.046744574290484134,0.08137374856737027,0.18267882128800783,0.059337315600780045,0.0,85,479789,0.9198620247072036,0.9619565217391305,0.7368421052631579,0.6838417270477383,0.3731162540365985,0.02413793103448276,0.0001921588994504816,0.00019217251084764435,0.0001881839461226858,0.005182080090651206,0.051964509398923275,0.018024589976010287,0.0003564066704322108,0.06989947664494184,0.04647042762547703,0.01087978257108854,/common/users/shared/pracsys/adaptive_roa_experiments/quadrotor_stoch/q2d_nd_yield_a1,0.9694657773855493,0.7742906390002444
fm,noisy_dynamics_f_0.150,yield_mlp,0,0.015124466385259095,100.0,0.19605723582270815,50.0,0.043443367813768126,0.0074292387553862626,0.0074163654891897645,0.006931472089637256,0.0012873266196497869,0.019765205461703593,0.023354387718783075,0.022959083609549003,0.022959083609549003,0.9306966187219798,0.9535337408735923,0.9891202174289114,-0.043282046899783023,0.02344397700910097,0.00013878903123681015,0.023852154384531525,-5.551115123125783e-16,0.01691156905064601,0.0001793882859449278,nan,0.25451631597032803,0.18267882128800783,0.059337315600780045,0.0,51,479789,1.0,1.0,nan,0.00852789456421266,8.97021887334051e-05,0.0,0.014880123999828172,0.015038143813769434,0.014974804027782717,0.02344397700910118,0.0005960953669217093,4.168499069382583e-06,0.0,0.06989947664494184,0.04647042762547703,0.01087978257108854,/common/users/shared/pracsys/adaptive_roa_experiments/quadrotor_stoch/q2d_nd_yield_mlp,0.6772438485468357,-0.021119893450376903
fm,noisy_dynamics_f_0.150,yield_mlp,1,0.0033599512702265975,100.0,0.07531178143736807,50.0,0.03418483958573457,0.005984422896013891,0.005882004661281035,0.014967247073323612,0.010241823473285639,0.019765205461703593,0.023354387718783075,0.022959083609549003,0.022959083609549003,0.9463368272303033,0.9557076131382753,0.9891389756747236,-0.030913943420962132,0.01387384119750651,8.727189769296739e-05,0.014371563541473448,9.367506770274758e-17,0.39735037333520584,0.09164351357127593,0.0038233607340852605,0.13377086158506615,0.18267882128800783,0.059337315600780045,0.0,79,479789,0.9240148051382538,0.9754322111010009,0.9090909090909091,0.2530935981155142,0.04808037316110513,0.0019157088122605363,0.0028176783124930177,0.0028643654047626377,0.0028761860524864546,0.013873841197506669,0.019145916225674204,0.0022905902386257293,2.2926744881604206e-05,0.06989947664494184,0.04647042762547703,0.01087978257108854,/common/users/shared/pracsys/adaptive_roa_experiments/quadrotor_stoch/q2d_nd_yield_mlp,0.8997342790178426,0.3957145052716221
fm,noisy_dynamics_f_0.150,yield_mlp,2,0.0031976904038050298,100.0,0.0630313057912896,50.0,0.030524001175516742,0.0028808530470243953,0.0027423401472777033,0.01509229751366963,0.013851289974669213,0.019765205461703593,0.023354387718783075,0.022959083609549003,0.022959083609549003,0.9572374522967387,0.961232958654742,0.9892244299056461,-0.02408250293358122,0.010609126243157156,7.276806427030637e-05,0.011142943252137917,7.632783294297951e-17,0.5839096311018273,0.29121256001829127,0.020833333333333336,0.12149038593908869,0.18267882128800783,0.059337315600780045,0.0,84,479789,0.9127567841744865,0.9683223517486061,0.9166666666666666,0.42925723827414497,0.17137603157517042,0.01053639846743295,0.0027296380942172347,0.0027382183787040457,0.002771189010838556,0.010609126243157133,0.032872783661151046,0.008224448663891836,0.00012505497208147747,0.06989947664494184,0.04647042762547703,0.01087978257108854,/common/users/shared/pracsys/adaptive_roa_experiments/quadrotor_stoch/q2d_nd_yield_mlp,0.9017931884030788,0.5379115985820675
fm,noisy_dynamics_f_0.150,yield_mlp,3,0.0030847820545792846,100.0,0.058678590472918096,50.0,0.031204112641181864,0.0008843988977992257,0.0006991988358443818,0.014314679769614215,0.018520006195484377,0.019765205461703593,0.023354387718783075,0.022959083609549003,0.022959083609549003,0.9607931820029221,0.966228904789397,0.9893995068665601,-0.016075920873550663,0.009343602675779232,6.593040807581503e-05,0.009924106846968142,5.551115123125783e-17,0.6508528685710043,0.44458917492201694,0.08492263404102195,0.11713767062090277,0.18267882128800783,0.059337315600780045,0.0,88,479789,0.8619960668633235,0.9429984004653191,0.6982248520710059,0.52279571816203,0.29085934696806603,0.045210727969348656,0.0025264369488181538,0.0025900753348298356,0.002592641508551199,0.009343602675779043,0.042393635535620866,0.01433338405007201,0.0007044763427256564,0.06989947664494184,0.04647042762547703,0.01087978257108854,/common/users/shared/pracsys/adaptive_roa_experiments/quadrotor_stoch/q2d_nd_yield_mlp,0.9014062192237731,0.5930324208631264
fm,noisy_dynamics_f_0.150,yield_mlp,4,0.002987704399476441,100.0,0.05836235945957424,50.0,0.03319346629455864,0.0006831402200051546,0.0004697422597780673,0.014184222840088651,0.021339796022708718,0.019765205461703593,0.023354387718783075,0.022959083609549003,0.022959083609549003,0.959626002263495,0.9671897438248896,0.9893098841365684,-0.01249778548486939,0.009244603029238479,6.263724216599202e-05,0.00985330509869964,6.071532165918825e-17,0.6567433948221785,0.46214295476288103,0.06931591362729086,0.11682143960766159,0.18267882128800783,0.059337315600780045,0.0,89,479789,0.8093553459119497,0.9700229489386116,0.6563573883161512,0.5525538956972895,0.30332795120200934,0.036590038314176246,0.0023620197782107744,0.002467634011648916,0.002746597129441492,0.009244603029238152,0.047720977346291805,0.014531387755867684,0.0006065166145951658,0.06989947664494184,0.04647042762547703,0.01087978257108854,/common/users/shared/pracsys/adaptive_roa_experiments/quadrotor_stoch/q2d_nd_yield_mlp,0.9009193363288174,0.5973444242611878
fm,noisy_dynamics_f_0.150,yield_mlp,5,0.0026063157823210197,100.0,0.05032729370496811,50.0,0.028588879695032602,0.0008599597934861719,0.0006618083270303049,0.01600173842785927,0.019815146645586697,0.019765205461703593,0.023354387718783075,0.022959083609549003,0.022959083609549003,0.9670688573518776,0.9694490703204951,0.9894015911160948,-0.013227377034488074,0.007619153508720082,5.844595104896904e-05,0.008212609084410022,4.5102810375396984e-17,0.7179478024920561,0.5244923116849413,0.1130298273155416,0.10878637385300734,0.18267882128800783,0.059337315600780045,0.0,89,479789,0.8944886793292114,0.9477139507620164,0.631578947368421,0.5996064048662672,0.3625762468604234,0.06206896551724138,0.002181532651827674,0.0021563651784731862,0.002408847897315681,0.007619153508721614,0.04685601378939492,0.017778648530916714,0.0010692200112966325,0.06989947664494184,0.04647042762547703,0.01087978257108854,/common/users/shared/pracsys/adaptive_roa_experiments/quadrotor_stoch/q2d_nd_yield_mlp,0.9122904279652615,0.66814208971515
fm,noisy_dynamics_f_0.150,yield_mlp,6,0.002541520071995197,100.0,0.05279135296736146,50.0,0.032488739841888825,0.000978521403076585,0.0007531008388896046,0.015384410511012013,0.022542056418698025,0.019765205461703593,0.023354387718783075,0.022959083609549003,0.022959083609549003,0.9653410144876186,0.9677462384506522,0.9892911258907562,-0.010918216132508247,0.008327773937426633,5.8081460447599314e-05,0.008948498610847684,3.642919299551295e-17,0.7037993623198733,0.47820076204606,0.08738898756660746,0.1112504331155253,0.18267882128800783,0.059337315600780045,0.0,92,479789,0.8740046009555831,0.9633202010596387,0.6,0.5890807168202284,0.31803911015428776,0.047126436781609195,0.0019222015073771443,0.001995223250308174,0.0026356355310210655,0.008327773937427136,0.047112376482161954,0.015342160824862595,0.0008545423092234294,0.06989947664494184,0.04647042762547703,0.01087978257108854,/common/users/shared/pracsys/adaptive_roa_experiments/quadrotor_stoch/q2d_nd_yield_mlp,0.9111591408206436,0.6372775987468857
fm,noisy_dynamics_f_0.150,yield_mlp,7,0.0020564220598275713,100.0,0.04831246976305181,50.0,0.031648662224436144,0.00048454803640370666,0.00024472193944791317,0.015308032378910994,0.023982609695579367,0.019765205461703593,0.023354387718783075,0.022959083609549003,0.022959083609549003,0.9625627098578751,0.9713540743952029,0.9894703713507396,-0.006974941067844407,0.007895773170085957,5.502851225442277e-05,0.008530903376275824,3.642919299551295e-17,0.7057532271803945,0.5719446866824467,0.11709192590003496,0.10677154991119941,0.18267882128800783,0.059337315600780045,0.0,92,479789,0.7831097538808304,0.9357929066449245,0.6673306772908366,0.6423055133136536,0.4118227484750628,0.06417624521072797,0.0014363767141321508,0.0014756932348379194,0.002001586280732596,0.007895773170084469,0.05733145195075335,0.02045065643439095,0.0010462932664150283,0.06989947664494184,0.04647042762547703,0.01087978257108854,/common/users/shared/pracsys/adaptive_roa_experiments/quadrotor_stoch/q2d_nd_yield_mlp,0.9216350980249445,0.6560937141758569
fm,noisy_dynamics_f_0.150,yield_mlp,8,0.00103897427170527,100.0,0.03170559116939851,50.0,0.02213106177924046,0.0009842760252522513,0.000807302755163049,0.01796887910953977,0.01769732700892024,0.019765205461703593,0.023354387718783075,0.022959083609549003,0.022959083609549003,0.9706412610543385,0.9730735802613232,0.9893744958721438,-0.013524611860630403,0.005797507255172308,4.794903287093876e-05,0.006369784634495579,2.2551405187698492e-17,0.7605806166502364,0.61125989227575,0.12884483937115515,0.09016467131714676,0.18267882128800783,0.059337315600780045,0.0,92,479789,0.8844527019014112,0.9286824540550425,0.5965189873417721,0.667143751677252,0.45555256548259776,0.07222222222222222,0.0006947001898364534,0.0007049002305855635,0.0007120972568355764,0.005797507255171997,0.0527252604790856,0.022795437160918655,0.001317245705924896,0.06989947664494184,0.04647042762547703,0.01087978257108854,/common/users/shared/pracsys/adaptive_roa_experiments/quadrotor_stoch/q2d_nd_yield_mlp,0.951749084290089,0.7474852501185612
fm,noisy_dynamics_f_0.150,yield_mlp,9,0.0008895597944745014,100.0,0.029609877302525258,50.0,0.02193662214014911,0.0013121680012158612,0.0011366362086313643,0.018467143269942792,0.0175531792584497,0.019765205461703593,0.023354387718783075,0.022959083609549003,0.022959083609549003,0.9720397924921164,0.9722794811886059,0.989393254117956,-0.01478843825098116,0.005628576548237602,4.631477706637551e-05,0.00619941245005617,2.688821387764051e-17,0.7689817286331777,0.5870078251148926,0.08190510553851704,0.0880689574502767,0.18267882128800783,0.059337315600780045,0.0,88,479789,0.9101173976846568,0.9539765845781187,0.7027863777089783,0.6657423144586576,0.4239325439540725,0.04348659003831418,0.0005663191932184609,0.0005542526896333404,0.0005807940633891141,0.005628576548237426,0.05113080958504676,0.020650744389721316,0.0006732125997052871,0.06989947664494184,0.04647042762547703,0.01087978257108854,/common/users/shared/pracsys/adaptive_roa_experiments/quadrotor_stoch/q2d_nd_yield_mlp,0.9563064940632454,0.7548431529777347
fm,noisy_dynamics_f_0.150,yield_mlp,10,0.0005831299043745914,100.0,0.02273173700994463,50.0,0.020057254334717972,0.0006690063055089962,0.0004736268193539817,0.019038179065216324,0.019537948615501458,0.019765205461703593,0.023354387718783075,0.022959083609549003,0.022959083609549003,0.9753787602466918,0.9758664746378095,0.9894015911160948,-0.010227516679206898,0.0043945313636866755,3.8119128714300806e-05,0.00498521495907576,1.214306433183765e-17,0.8058636953770811,0.6675089734386218,0.14552176104856326,0.0811908171577691,0.18267882128800783,0.059337315600780045,0.0,90,479789,0.8977006444053895,0.927687764386623,0.5923392612859097,0.7310731430956854,0.5213042698241838,0.08295019157088122,0.00029842137567838846,0.0003300287413158206,0.00035027867208910283,0.004394531363686514,0.05692502329148855,0.02611356242014719,0.001523586409859334,0.06989947664494184,0.04647042762547703,0.01087978257108854,/common/users/shared/pracsys/adaptive_roa_experiments/quadrotor_stoch/q2d_nd_yield_mlp,0.9645583036585054,0.8085929108312089
fm,noisy_dynamics_f_0.150,yield_mlp,11,0.0006510281048808796,100.0,0.02434573698358569,50.0,0.020793119475436078,0.001007454108893124,0.0008179688088419293,0.019030474289029015,0.018948530005119466,0.019765205461703593,0.023354387718783075,0.022959083609549003,0.022959083609549003,0.9745054596916561,0.9742324230026116,0.9894245178609764,-0.012279668771063948,0.0047465781293619305,3.9776075901886705e-05,0.005331367538647199,1.3010426069826053e-17,0.7945375751671314,0.6280350212113007,0.10162889518413597,0.08280481713141415,0.18267882128800783,0.059337315600780045,0.0,89,479789,0.9097588183251913,0.9539347408829175,0.6705607476635514,0.7052210990845932,0.4681108719052745,0.054980842911877395,0.0003680521792910231,0.0003738982743725865,0.0003825227959000713,0.00474657812936216,0.0541842351533695,0.02280377415905742,0.0008920588008478728,0.06989947664494184,0.04647042762547703,0.01087978257108854,/common/users/shared/pracsys/adaptive_roa_experiments/quadrotor_stoch/q2d_nd_yield_mlp,0.9633410983514651,0.7932592515413915
fm,noisy_dynamics_f_0.150,yield_mlp,12,0.0005394943182214092,100.0,0.02276791603270215,50.0,0.02130059255214271,0.001217194345906279,0.0010233798490412746,0.0190646569371854,0.019381449686500456,0.019765205461703593,0.023354387718783075,0.022959083609549003,0.022959083609549003,0.974074020037975,0.971481213616819,0.9892827888926173,-0.012830994457980487,0.004917806521404887,3.947797696755435e-05,0.005506925127503964,9.540979117872439e-18,0.7909938670923296,0.5682097888857333,0.045657015590200446,0.08122699618050196,0.18267882128800783,0.059337315600780045,0.0,85,479789,0.9060743706212949,0.9584797189396359,0.7321428571428571,0.7018516861973343,0.40379440258342303,0.023563218390804597,0.00025457566256665757,0.00026219974640265595,0.0002727256099713666,0.0049178065214047955,0.05414463441221037,0.0195773558793553,0.00035015392182813696,0.06989947664494184,0.04647042762547703,0.01087978257108854,/common/users/shared/pracsys/adaptive_roa_experiments/quadrotor_stoch/q2d_nd_yield_mlp,0.9672524026980148,0.7858012712946651
fm,noisy_dynamics_f_0.150,yield_mlp,13,0.0005058499772703925,100.0,0.020954873777205174,50.0,0.019537921878158945,0.0007806673582053806,0.0005862015207289698,0.019327112418861668,0.019446583747641088,0.019765205461703593,0.023354387718783075,0.022959083609549003,0.022959083609549003,0.9757726834087485,0.9764229692635721,0.9895599940807314,-0.010615082880182746,0.004218172711416321,3.673429917341924e-05,0.0048079426581268,1.214306433183765e-17,0.8077978769139192,0.6724197845476658,0.15459915611814345,0.07941395392500754,0.18267882128800783,0.059337315600780045,0.0,89,479789,0.906684978285884,0.9488394900294214,0.649645390070922,0.7283597220979814,0.5207212055974165,0.08773946360153256,0.00024472441386984257,0.0002511370833583225,0.00026481611215110456,0.004218172711416038,0.05615176671411808,0.02550287730648264,0.0014693959219573604,0.06989947664494184,0.04647042762547703,0.01087978257108854,/common/users/shared/pracsys/adaptive_roa_experiments/quadrotor_stoch/q2d_nd_yield_mlp,0.9680785503752758,0.8162743433861652
fm,noisy_dynamics_f_0.150,yield_mlp,14,0.0005179842721034263,100.0,0.022919260068234703,50.0,0.02172267392541305,0.0010083098928223425,0.0008066513354653427,0.01900247176232585,0.02016585573569998,0.019765205461703593,0.023354387718783075,0.022959083609549003,0.022959083609549003,0.9740990310323914,0.973398723188735,0.9893286423823806,-0.011378084949842536,0.004763263182688509,3.887258028596164e-05,0.00536022584927958,1.3877787807814457e-17,0.7917762772071514,0.6099208411015007,0.07313540912382331,0.0813783402161506,0.18267882128800783,0.059337315600780045,0.0,88,479789,0.9037255201958384,0.9573059579775497,0.6644736842105263,0.7045054715687151,0.447524219590958,0.03869731800766284,0.00022315885648950884,0.0002128005832483674,0.0002601269858284072,0.004763263182688352,0.05449061983496912,0.02172413290008733,0.0006336118585461525,0.06989947664494184,0.04647042762547703,0.01087978257108854,/common/users/shared/pracsys/adaptive_roa_experiments/quadrotor_stoch/q2d_nd_yield_mlp,0.9675879227019342,0.7925325216069425
fm,noisy_dynamics_f_0.150,yield_mlp,15,0.0005177057261090285,100.0,0.021473866056970832,50.0,0.020108255920831868,0.0011958933963994577,0.00100631153243573,0.019507163411358573,0.018958186396372773,0.019765205461703593,0.023354387718783075,0.022959083609549003,0.022959083609549003,0.9758310423957198,0.9736634228796408,0.989278620393548,-0.01263455393933583,0.004458231730626174,3.732467756877599e-05,0.005043117703823973,1.214306433183765e-17,0.8046430135786247,0.6124639636876648,0.08011444921316166,0.07993294620475987,0.18267882128800783,0.059337315600780045,0.0,89,479789,0.9248673560280392,0.9684772065955383,0.6021505376344086,0.7120791961117572,0.4478381772515249,0.04291187739463601,0.0002752905076242952,0.0002585042520728663,0.00026463533578253165,0.004458231730625996,0.053817407235263834,0.021488612702667213,0.0007753408269051604,0.06989947664494184,0.04647042762547703,0.01087978257108854,/common/users/shared/pracsys/adaptive_roa_experiments/quadrotor_stoch/q2d_nd_yield_mlp,0.9685637291344736,0.8058183938677791
fm,noisy_dynamics_f_0.150,yield_mlp,16,0.0004777419442373129,100.0,0.021760861096255992,50.0,0.02076683708880362,0.000997713209463101,0.0008010551709579173,0.019022739896626038,0.01966580385051838,0.019765205461703593,0.023354387718783075,0.022959083609549003,0.022959083609549003,0.9749410678444066,0.9726588146039197,0.9893515691272622,-0.011680426187344852,0.004737398883880894,3.9459780164352306e-05,0.005329361031620151,1.3010426069826053e-17,0.8014269906023421,0.5979773214832975,0.07058395488448244,0.08021994124407496,0.18267882128800783,0.059337315600780045,0.0,88,479789,0.8982599037393558,0.9440681246371202,0.7003610108303249,0.7234397829263202,0.43756727664155004,0.0371647509578544,0.0001987263985816913,0.00019325121407282232,0.000200079031174777,0.004737398883880839,0.05629557993201178,0.021538634691499806,0.0005773371211094877,0.06989947664494184,0.04647042762547703,0.01087978257108854,/common/users/shared/pracsys/adaptive_roa_experiments/quadrotor_stoch/q2d_nd_yield_mlp,0.9689815705323845,0.7936590604204018
fm,noisy_dynamics_f_0.150,yield_mlp,17,0.0004457653936705981,100.0,0.021316623337341193,50.0,0.02053044150657894,0.000861397689133389,0.0006650411215336291,0.01909157372319674,0.01963565675997599,0.019765205461703593,0.023354387718783075,0.022959083609549003,0.022959083609549003,0.9744429322056154,0.974499206943052,0.9892223456561113,-0.01070337169047227,0.004532551007885911,3.799320003136571e-05,0.00512421168471974,1.474514954580286e-17,0.7968050906439532,0.6392877148500841,0.1207277673864989,0.07977570348519633,0.18267882128800783,0.059337315600780045,0.0,89,479789,0.8967883919579246,0.9328056439817604,0.5370650529500757,0.716879864030772,0.486275565123789,0.06800766283524905,0.00017097616261536135,0.00017239515076961702,0.00017509361025720807,0.00453255100788574,0.05587664577553883,0.02422523234171688,0.0013776889424309436,0.06989947664494184,0.04647042762547703,0.01087978257108854,/common/users/shared/pracsys/adaptive_roa_experiments/quadrotor_stoch/q2d_nd_yield_mlp,0.9695178068823916,0.8025813623501611
fm,noisy_dynamics_f_0.150,yield_mlp,18,0.0005397544825185116,100.0,0.02481728581142654,50.0,0.022575111142606446,0.0018705429043061716,0.0016888570512804172,0.0190865299928122,0.018168585302575455,0.019765205461703593,0.023354387718783075,0.022959083609549003,0.022959083609549003,0.972325334678369,0.9687758577207898,0.9892035874102991,-0.015537267423805052,0.005561410668017233,4.24505193346286e-05,0.006138400630277061,1.3010426069826053e-17,0.7691264431770761,0.5015471635335218,0.033221351250466595,0.08327636595923574,0.18267882128800783,0.059337315600780045,0.0,85,479789,0.9225026068821689,0.9713880654723547,0.644927536231884,0.6594805736947252,0.3380426982418371,0.017049808429118775,0.00020569373250456832,0.0002205386625356069,0.00023633426358725615,0.005561410668016985,0.04996988259422371,0.01617169213966973,0.0002876264357873982,0.06989947664494184,0.04647042762547703,0.01087978257108854,/common/users/shared/pracsys/adaptive_roa_experiments/quadrotor_stoch/q2d_nd_yield_mlp,0.9676753690115565,0.757768612955259
fm,noisy_dynamics_f_0.150,yield_mlp,19,0.0004736238990838409,100.0,0.022604539674686255,50.0,0.02175600107547275,0.0014926587955090037,0.0013020102947402209,0.019229258486638274,0.019064850076878283,0.019765205461703593,0.023354387718783075,0.022959083609549003,0.022959083609549003,0.9735842213973226,0.9708309277619954,0.9892140086579726,-0.013848941930723715,0.005031835417650969,3.96552053389378e-05,0.005617788027653823,1.8214596497756474e-17,0.783609356325764,0.5507367339732272,0.022662889518413595,0.08106361982251226,0.18267882128800783,0.059337315600780045,0.0,83,479789,0.9167099428754044,0.9687182382834557,0.8,0.6842591764320005,0.38473268747757444,0.011494252873563218,0.00016356645828468264,0.00018192993448238898,0.00017582522285472602,0.0050318354176508776,0.052175018601927095,0.018456029629691385,0.00015631871510184684,0.06989947664494184,0.04647042762547703,0.01087978257108854,/common/users/shared/pracsys/adaptive_roa_experiments/quadrotor_stoch/q2d_nd_yield_mlp,0.9697647658462633,0.7808346577230915
fm,noisy_dynamics_f_0.150,yield_mlp,20,0.0004404877646111201,100.0,0.021771836173039242,50.0,0.021345487287119963,0.0013623652713125173,0.0011706850291286163,0.01919902061190436,0.01916802421839011,0.019765205461703593,0.023354387718783075,0.022959083609549003,0.022959083609549003,0.9743116244849298,0.9708767812517586,0.9892452724009929,-0.013288403860863836,0.004930748026773272,3.8853841584279034e-05,0.005517732378191243,1.0408340855860843e-17,0.7932151066221498,0.5540769108026168,0.039463886820551006,0.08023091632083326,0.18267882128800783,0.059337315600780045,0.0,85,479789,0.9068902017954423,0.9603938488770881,0.6973684210526315,0.7048632853266541,0.3893523501973448,0.020306513409961684,0.0001645873130719174,0.00016116234526074394,0.00015881097640081424,0.004930748026773196,0.054328048371263205,0.018839531544074584,0.00031680592927307627,0.06989947664494184,0.04647042762547703,0.01087978257108854,/common/users/shared/pracsys/adaptive_roa_experiments/quadrotor_stoch/q2d_nd_yield_mlp,0.9703767583219037,0.7852375943819245
fm,noisy_dynamics_f_0.150,yield_mlp,21,0.0005369972875833971,100.0,0.02363239399275252,50.0,0.021703665569656656,0.0013146557800918029,0.0011250016158275496,0.018965319987081165,0.018965416426425328,0.019765205461703593,0.023354387718783075,0.022959083609549003,0.022959083609549003,0.973338279952229,0.9711810816838236,0.9892348511533194,-0.0135023520755999,0.005118765238295402,4.039962753535086e-05,0.005703723511793728,1.5612511283791264e-17,0.7839991894903922,0.560419647114926,0.04192172138749768,0.08209147414055132,0.18267882128800783,0.059337315600780045,0.0,86,479789,0.9038349231068717,0.9623321323288568,0.6608187134502924,0.692220532546143,0.39531754574811623,0.021647509578544062,0.00023193820765972758,0.00023556904785299263,0.00024759344117813195,0.005118765238295418,0.05353394929854582,0.019089641488237538,0.0003564066704322108,0.06989947664494184,0.04647042762547703,0.01087978257108854,/common/users/shared/pracsys/adaptive_roa_experiments/quadrotor_stoch/q2d_nd_yield_mlp,0.9672817011873731,0.7770483645886269
fm,noisy_dynamics_f_0.150,yield_mlp,22,0.0004851434359638108,100.0,0.02264258510949293,50.0,0.021090437671559784,0.0014553484880849327,0.0012701444450029474,0.019249172292313918,0.01852040430819853,0.019765205461703593,0.023354387718783075,0.022959083609549003,0.022959083609549003,0.9742345072521462,0.971393675136362,0.9892327669037848,-0.014064307435143366,0.0049800557622380484,3.98915119915742e-05,0.005560563914554108,1.8214596497756474e-17,0.7897762057002925,0.5637455897778201,0.037630402384500744,0.08110166525725597,0.18267882128800783,0.059337315600780045,0.0,84,479789,0.9190248149760557,0.96759410801964,0.6824324324324325,0.6923994394251126,0.3977395048439182,0.01934865900383142,0.0001960721761348811,0.00019061400587246566,0.00019716534146954395,0.004980055762238006,0.05266273299304486,0.019102146985445684,0.00030846893113431115,0.06989947664494184,0.04647042762547703,0.01087978257108854,/common/users/shared/pracsys/adaptive_roa_experiments/quadrotor_stoch/q2d_nd_yield_mlp,0.9691707296195528,0.7830899592104463
fm,noisy_dynamics_f_0.150,yield_mlp,23,0.0005526427879115026,100.0,0.024403818905918653,50.0,0.021840788346544005,0.0014848154420825388,0.0013007716333468342,0.01894236204946041,0.018404380873570457,0.019765205461703593,0.023354387718783075,0.022959083609549003,0.022959083609549003,0.9728630710583194,0.9706891987936364,0.9892494409000623,-0.014407729230974452,0.005317493193435446,4.198974630392285e-05,0.005896841111405222,1.734723475976807e-17,0.7765650741350907,0.5494505494505494,0.04481481481481481,0.0828628990536957,0.18267882128800783,0.059337315600780045,0.0,86,479789,0.9147362037598544,0.9616462935965011,0.6722222222222223,0.6746578405939708,0.38459813419447436,0.02318007662835249,0.00023634489749129101,0.0002491396108246332,0.0002492459498649684,0.005317493193435464,0.05155391224058909,0.018585253100842244,0.00037516491624443247,0.06989947664494184,0.04647042762547703,0.01087978257108854,/common/users/shared/pracsys/adaptive_roa_experiments/quadrotor_stoch/q2d_nd_yield_mlp,0.9671037165889782,0.7683926203734096
