predictor,level,arm,epoch,AURC,K,KL,M,MAE,REL,REL_debiased,RES,SHARP,SHARP_star,UNC,UNC_debiased,VAR_debiased,acc@0.25,acc@0.5,acc@0.75,bias,brier_debiased,brier_debiased_se,brier_raw,decomp_gap,f1@0.25,f1@0.5,f1@0.75,log_score,log_score_climatology,log_score_oracle,mean_p_invalid,n_bins_used,n_points,prec@0.25,prec@0.5,prec@0.75,rec@0.25,rec@0.5,rec@0.75,risk@0.2,risk@0.5,risk@0.8,risk@1,roa_frac_pred@0.25,roa_frac_pred@0.5,roa_frac_pred@0.75,roa_frac_true@0.25,roa_frac_true@0.5,roa_frac_true@0.75,run_dir,sAUROC,skill_score
fm,low,dir00,0,0.0008106636092953871,100.0,0.04618552587667153,90.0,0.03837121783588969,0.005767721037856299,0.005486311290394251,0.2240261986117653,0.028140974746204826,0.009374797721103586,0.2285198977460717,0.22841573332694834,0.2284157333269483,0.984963540357053,0.9839326125220015,0.9572542117173749,-0.031778364484675775,0.009875846005577355,0.00019546689832502265,0.010261420172162776,5.377642775528102e-17,0.9810411514805656,0.9790704529822147,0.9405511260316128,0.07568391449677722,0.6685254935298127,0.030415065268946585,0.23212798591903444,101,39770,0.9908421389689401,0.9942788717402874,0.9932786764162789,0.9714321592264707,0.9643202787276598,0.8931394035996546,0.00017805251607479563,0.0002194264963615692,0.0006605047816797255,0.00987584600557726,0.39263263766658285,0.3779733467437767,0.34043248679909477,0.4004777470455117,0.38971586623082727,0.37860196127734475,/common/users/shared/pracsys/adaptive_roa_experiments/stoch_compare_amarel/fm_low_dir00,0.9970403204592845,0.9567637226134448
fm,low,dir00,1,0.00025302874394662276,100.0,0.026215485236643528,90.0,0.024992456625597185,0.0011001082749489805,0.0008792860471390735,0.22432350915788485,0.0220822227809907,0.009374797721103586,0.2285198977460717,0.22841573332694834,0.2284157333269483,0.9894141312547146,0.9886346492330903,0.9819210460145839,-0.012448719023272712,0.00497151021620259,0.00014393779474487425,0.00529649686313587,4.597017211338539e-17,0.9868169719743227,0.9854249967754418,0.9759056331892363,0.05571387385656258,0.6685254935298127,0.030415065268946585,0.19989967312044254,101,39770,0.9843203398300849,0.984980339070457,0.9849161255411255,0.9893263012494506,0.9858700561326538,0.9670585109915654,2.3669181438715814e-05,1.697651634225136e-05,8.97053486556886e-05,0.004971510216202639,0.40251445813427206,0.39006789036962536,0.371737490570782,0.4004777470455117,0.38971586623082727,0.37860196127734475,/common/users/shared/pracsys/adaptive_roa_experiments/stoch_compare_amarel/fm_low_dir00,0.9978288764973927,0.978234817086411
fm,low,dir00,2,0.00011117732412771185,100.0,0.01613593912017506,90.0,0.01710150029335345,0.0007669382812439183,0.0005775756582831057,0.22663837285791888,0.018936262296081256,0.009374797721103586,0.2285198977460717,0.22841573332694834,0.2284157333269483,0.9924063364344984,0.993789288408348,0.9884837817450339,-0.006272958399687092,0.002354936127312686,6.374936489062461e-05,0.002648463169396872,1.3574211199518516e-16,0.9905795745211803,0.9920540453594981,0.9847078464106844,0.04563432773990651,0.6685254935298127,0.030415065268946585,0.19601910988182047,101,39770,0.9843159134585581,0.9892852559989734,0.9901295910830592,0.9969234633013122,0.9948383766694625,0.9793451550773726,1.2556594927700694e-05,1.4188952268301787e-05,2.2561061936346232e-05,0.002354936127312663,0.4056072416394267,0.39190344480764394,0.3744782499371386,0.4004777470455117,0.38971586623082727,0.37860196127734475,/common/users/shared/pracsys/adaptive_roa_experiments/stoch_compare_amarel/fm_low_dir00,0.998625716110254,0.9896901317040981
fm,low,dir00,3,7.697779582694597e-05,100.0,0.014101256753138938,90.0,0.015290978682982707,0.0003158167791743102,0.00014906060795749024,0.22621281166093699,0.016675617121682,0.009374797721103586,0.2285198977460717,0.22841573332694834,0.2284157333269483,0.9929846618053809,0.9921800352024139,0.9874528539099824,-0.003989830413768056,0.0023519822739690916,7.920224493974937e-05,0.002622902864309285,2.6150956400350367e-16,0.9912880562060891,0.9900073900330946,0.9834048355449134,0.043599645372783165,0.6685254935298127,0.030415065268946585,0.18719210460145838,101,39770,0.9860231084606783,0.986047107014849,0.9848787636557421,0.9966095309851196,0.9939996128782502,0.9819353124792455,6.623603824362115e-06,5.0979775406464805e-06,8.379800582437633e-06,0.00235198227396909,0.4047774704551169,0.39285893889866735,0.3774704551169223,0.4004777470455117,0.38971586623082727,0.37860196127734475,/common/users/shared/pracsys/adaptive_roa_experiments/stoch_compare_amarel/fm_low_dir00,0.9987120726547923,0.9897030636212676
fm,low,dir00,4,4.764320220094218e-05,100.0,0.009828717125511576,90.0,0.01159997764926103,0.0003670416196512607,0.00021626698875593583,0.22706076491199711,0.015077463089532492,0.009374797721103586,0.2285198977460717,0.22841573332694834,0.2284157333269483,0.9924314810158411,0.9935378425949208,0.9915765652501886,0.0002450199759729542,0.0015712354037075115,6.194589047473687e-05,0.0018261744537262097,3.612561638721701e-16,0.9906256812731632,0.9917503932205566,0.9888693225238396,0.03932710574501287,0.6685254935298127,0.030415065268946585,0.17374402816193107,101,39770,0.9828204177481152,0.9868404241727354,0.9894281914893617,0.9985559113455139,0.9967094651267824,0.9883110845453942,2.3229700616246273e-06,2.5364321753955406e-06,1.6951403152395944e-06,0.0015712354037075073,0.40688961528790546,0.39361327633894894,0.37817450339451847,0.4004777470455117,0.38971586623082727,0.37860196127734475,/common/users/shared/pracsys/adaptive_roa_experiments/stoch_compare_amarel/fm_low_dir00,0.9990683907003391,0.9931211594717143
fm,low,dir00,5,3.184451594622041e-05,100.0,0.00833853153545741,90.0,0.010121113066800773,0.00022836390964218713,8.814972352656777e-05,0.22754341511526718,0.014021418611561939,0.009374797721103586,0.2285198977460717,0.22841573332694834,0.2284157333269483,0.9937641438270053,0.994870505406085,0.9942670354538596,-0.0011326516357947102,0.0009604679352080844,3.8187577762234084e-05,0.0012048465404470772,3.8033812210791496e-16,0.992244183137353,0.9934333354793021,0.9924378109452737,0.03783692015500093,0.6685254935298127,0.030415065268946585,0.1701061101332663,101,39770,0.988472802043741,0.9912635703732254,0.9912542238123634,0.9960444528159729,0.9956126201690432,0.9936242279338514,2.3857530362631303e-06,2.9633564029373647e-06,3.322082624278113e-06,0.0009604679352080803,0.4035453859693236,0.39142569776213226,0.3795071662056827,0.4004777470455117,0.38971586623082727,0.37860196127734475,/common/users/shared/pracsys/adaptive_roa_experiments/stoch_compare_amarel/fm_low_dir00,0.9990793237209058,0.9957950885378228
fm,low,dir00,6,6.737589112139258e-05,100.0,0.01276859997263824,90.0,0.014527170117062,0.0003251814299770167,0.0001614624448021602,0.22660377913910812,0.016371898517485647,0.009374797721103586,0.2285198977460717,0.22841573332694834,0.2284157333269483,0.9916017098315313,0.9927332159919537,0.9901433241136535,-0.0032191489956136694,0.0019734166326425755,6.315631479277017e-05,0.002241300036940805,2.1380466841414147e-16,0.9895657606997813,0.9906993209538829,0.9869359461441045,0.04226698859227777,0.6685254935298127,0.030415065268946585,0.1770978124214232,101,39770,0.9847665236585215,0.988313856427379,0.9905010368586528,0.9944120047717712,0.9930963287954061,0.9833964269110712,7.5653484439396694e-06,5.160760515284984e-06,1.1323458827082153e-05,0.0019734166326425694,0.4044003017349761,0.3916017098315313,0.3758863464923309,0.4004777470455117,0.38971586623082727,0.37860196127734475,/common/users/shared/pracsys/adaptive_roa_experiments/stoch_compare_amarel/fm_low_dir00,0.9988389968893889,0.9913604172361548
fm,low,dir00,7,3.447290495081884e-05,100.0,0.00807788481176017,90.0,0.009808677674405611,0.00025820279524537814,0.00011651658438139507,0.22748676586073113,0.014168621086398308,0.009374797721103586,0.2285198977460717,0.22841573332694834,0.2284157333269483,0.9930600955494091,0.9949710837314558,0.9939401558964043,-0.0017891766546531459,0.001045484050598854,3.98792645422106e-05,0.0012913346805862103,2.5652223401007035e-16,0.9913728432108028,0.9935579462732719,0.991977096441293,0.037576273431211164,0.6685254935298127,0.030415065268946585,0.16791903444807646,101,39770,0.9871148459383754,0.9920241847301731,0.9944600186890936,0.9956677340365417,0.9950964578359894,0.9895065418077971,4.865680534484016e-06,3.352610845696084e-06,2.997887038988538e-06,0.0010454840505988497,0.40394769927080715,0.39092280613527786,0.3767161176766407,0.4004777470455117,0.38971586623082727,0.37860196127734475,/common/users/shared/pracsys/adaptive_roa_experiments/stoch_compare_amarel/fm_low_dir00,0.9991138790450934,0.9954228895034022
fm,low,dir00,8,2.430898334702767e-05,100.0,0.005712587583511333,90.0,0.007212136451261421,6.421963273587578e-05,-5.272669755216937e-05,0.22778592549150545,0.011694633028804517,0.009374797721103586,0.2285198977460717,0.22841573332694834,0.2284157333269483,0.9945436258486297,0.9957002765903947,0.9956248428463667,-0.0007788673763026302,0.000577081137891189,2.8137518809249666e-05,0.0007981918873026073,4.830120678422922e-16,0.9931977054010847,0.9944844047350256,0.9942219565650527,0.03521097620287076,0.6685254935298127,0.030415065268946585,0.1610915262760875,101,39770,0.9917365719293852,0.9943240454076367,0.9942219565650527,0.9946631506247253,0.9946448157945674,0.9942219565650527,5.2737698696342905e-06,7.78508885517443e-06,1.5891940455371193e-05,0.0005770811378911891,0.40165954236861956,0.38984158913754086,0.37860196127734475,0.4004777470455117,0.38971586623082727,0.37860196127734475,/common/users/shared/pracsys/adaptive_roa_experiments/stoch_compare_amarel/fm_low_dir00,0.9991069759775011,0.997473549087509
fm,low,dir00,9,3.635042078832145e-05,100.0,0.008416757979298096,90.0,0.009939066297879474,0.0003225974922343015,0.00018256724254098918,0.22736023188451593,0.014003024969331233,0.009374797721103586,0.2285198977460717,0.22841573332694834,0.2284157333269483,0.9947699270807141,0.9944933366859442,0.9915514206688458,-0.0033247562372530955,0.0012380686849737827,4.797281040984609e-05,0.0014822633537904682,4.0397372946809895e-16,0.9934857500782962,0.9929306949869267,0.9887753056724794,0.037915146598722825,0.6685254935298127,0.030415065268946585,0.16500276590394772,101,39770,0.9911266637505468,0.9935400516795866,0.9947570074611817,0.9958560934262572,0.9923220852958256,0.9828651125722255,2.354361548943881e-06,1.7202535050949959e-06,1.4675520321750199e-06,0.001238068684973781,0.40238873522755847,0.3892381191853156,0.374075936635655,0.4004777470455117,0.38971586623082727,0.37860196127734475,/common/users/shared/pracsys/adaptive_roa_experiments/stoch_compare_amarel/fm_low_dir00,0.9990982786257898,0.9945797574145138
fm,low,ent05,0,0.0009132994384465056,100.0,0.051491259036569134,90.0,0.04219425586008438,0.006946542993570039,0.006637432045009757,0.22386805523906284,0.030911094856028228,0.009374797721103586,0.2285198977460717,0.22841573332694834,0.2284157333269483,0.9852401307518229,0.9813175760623586,0.9557706814181544,-0.03681532701924958,0.01118511013289529,0.0002201892509481067,0.011598385500578947,4.683753385137379e-17,0.9813751308817464,0.9755921290364968,0.9383218205406921,0.08098964765681718,0.6685254935298127,0.030415065268946585,0.2386137792305758,101,39770,0.9919820397690827,0.9937759336099585,0.9939087802703908,0.9709926539838011,0.9580618104393832,0.888623231719466,0.00022181224939783254,0.00021429084903613972,0.000862140395173657,0.011185110132895148,0.39200402313301486,0.37571033442293184,0.3384963540357053,0.4004777470455117,0.38971586623082727,0.37860196127734475,/common/users/shared/pracsys/adaptive_roa_experiments/stoch_compare_amarel/fm_low_ent05,0.9968951137590542,0.9510317876532384
fm,low,ent05,1,0.0002468283599561801,100.0,0.025967915315807215,90.0,0.027033414354762104,0.002110563002868865,0.001839240448687372,0.22607465228856502,0.02713225541814931,0.009374797721103586,0.2285198977460717,0.22841573332694834,0.2284157333269483,0.9870253960271561,0.9912245411113905,0.9870505406084988,-0.011339842986058729,0.004180321487070689,9.597462493105455e-05,0.004555808460375554,1.6479873021779667e-17,0.984013879422517,0.9888373580681273,0.9827857071230405,0.0554663039358758,0.6685254935298127,0.030415065268946585,0.1992413879808901,101,39770,0.9712555806984282,0.9804642902448306,0.9893001345895021,0.9971118226910278,0.9973546680430996,0.9763565119213655,1.346694805995899e-05,1.0258738055931469e-05,5.7743770523431544e-05,0.004180321487070717,0.4111390495348252,0.39642946944933366,0.37364847875282875,0.4004777470455117,0.38971586623082727,0.37860196127734475,/common/users/shared/pracsys/adaptive_roa_experiments/stoch_compare_amarel/fm_low_ent05,0.9985163717388004,0.9816986272084547
fm,low,ent05,2,4.467764238758409e-05,100.0,0.009847364354132153,90.0,0.011904925544100805,0.0005205259599719882,0.0003517047582641885,0.2273679091858241,0.016882120170779964,0.009374797721103586,0.2285198977460717,0.22841573332694834,0.2284157333269483,0.9926577822479256,0.993965300477747,0.9921548906210712,-0.002713742910624984,0.0013995288993884853,5.24233758776162e-05,0.0016725145202196583,8.261620554339544e-17,0.9909005920847617,0.992265050921748,0.9895652173913043,0.03934575297369316,0.6685254935298127,0.030415065268946585,0.1886512446567765,101,39770,0.9836663985646229,0.9913065876746732,0.9966987805699656,0.9982419790293213,0.9932253693786696,0.9825330411104469,1.8834892391551048e-07,1.3812254420470755e-07,2.3057047435990377e-07,0.0013995288993884816,0.4064118682423938,0.39047020367110885,0.37322102087000253,0.4004777470455117,0.38971586623082727,0.37860196127734475,/common/users/shared/pracsys/adaptive_roa_experiments/stoch_compare_amarel/fm_low_ent05,0.9991880940602895,0.9938728874801928
fm,low,ent05,3,2.2860192369305874e-05,100.0,0.006544455376617335,90.0,0.008761657307294722,0.000395475866625001,0.0002549050592299542,0.2277876955130065,0.014057080739504681,0.009374797721103586,0.2285198977460717,0.22841573332694834,0.2284157333269483,0.9921800352024139,0.9945939150113151,0.9952225295448831,0.0024240493951331256,0.0008829428731720845,4.1113216679094566e-05,0.0011276780996905043,3.1073234263434557e-16,0.9903262931973,0.9930954751276534,0.993683090631026,0.03604284399601816,0.6685254935298127,0.030415065268946585,0.1836789036962535,101,39770,0.9813216619405746,0.988618925831202,0.9948738432860662,0.9994977082940918,0.9976127492096264,0.9924951849638042,2.1974041123476195e-07,5.901599616019328e-07,6.199818745552219e-07,0.0008829428731720872,0.4078953985416143,0.39326125220015085,0.3776967563490068,0.4004777470455117,0.38971586623082727,0.37860196127734475,/common/users/shared/pracsys/adaptive_roa_experiments/stoch_compare_amarel/fm_low_ent05,0.9992605270073281,0.9961344918744793
fm,low,ent05,4,2.5359233497360714e-05,100.0,0.007043711123999861,90.0,0.009103539798284582,0.0003370678632052449,0.00019135722399950885,0.22778962416759252,0.014571063920573604,0.009374797721103586,0.2285198977460717,0.22841573332694834,0.2284157333269483,0.9934372642695499,0.9957002765903947,0.9942921800352024,-0.00016709971223423695,0.00081746638335564,3.2382705780446255e-05,0.0010673414416847492,3.1073234263434557e-16,0.9918668785640834,0.9944957672127982,0.992439130000333,0.036542099743451226,0.6685254935298127,0.030415065268946585,0.18236937389992455,101,39770,0.9845953971789161,0.9922918807810894,0.9954563677669384,0.9992465624411377,0.9967094651267824,0.9894401275154413,4.394808224695235e-07,3.641412529033201e-07,5.179595407676537e-07,0.0008174663833556405,0.4064370128237365,0.391450842343475,0.37631380437515716,0.4004777470455117,0.38971586623082727,0.37860196127734475,/common/users/shared/pracsys/adaptive_roa_experiments/stoch_compare_amarel/fm_low_ent05,0.9992303734031571,0.9964211467771988
fm,low,ent05,5,1.3299031176961057e-05,100.0,0.004968113915039289,90.0,0.0067934512334814085,0.00015872949459252685,3.070354741646655e-05,0.2280118437293014,0.012802594717606036,0.009374797721103586,0.2285198977460717,0.22841573332694834,0.2284157333269483,0.9947196379180286,0.9964043248679909,0.9957002765903947,5.744139915625869e-05,0.0004345931450637444,2.381341165898226e-05,0.0006667835113631779,3.3285006695304986e-16,0.993432574430823,0.9953940799433117,0.994311944915677,0.0344665025343876,0.6685254935298127,0.030415065268946585,0.180815187327131,101,39770,0.9896566764284379,0.9938255724208902,0.9960015993602559,0.9972373956175049,0.9969675462933092,0.9926280135485156,5.964382590657826e-07,5.650467717465309e-07,6.199818745552219e-07,0.0004345931450637449,0.4035453859693236,0.3909479507166206,0.37731958762886597,0.4004777470455117,0.38971586623082727,0.37860196127734475,/common/users/shared/pracsys/adaptive_roa_experiments/stoch_compare_amarel/fm_low_ent05,0.9992732981535821,0.9980973589746479
fm,low,ent05,6,1.62076313775011e-05,100.0,0.005459939181741488,90.0,0.007254630793730619,0.00016595648709339885,3.3470678542717283e-05,0.22799062800954006,0.01324858085506816,0.009374797721103586,0.2285198977460717,0.22841573332694834,0.2284157333269483,0.9953231078702539,0.9964294694493336,0.9955242645209957,-0.00044821613164585354,0.00045857599595129726,2.3985771644880817e-05,0.0006952262236253519,3.235259282696745e-16,0.9941827735034716,0.9954220130246952,0.9940789035992282,0.03495832780112855,0.6685254935298127,0.030415065268946585,0.17975911491073673,101,39770,0.9904655075715086,0.9947805915329596,0.9958013995334888,0.9979280467131286,0.9960642622104652,0.9923623563790928,7.847871829812924e-07,6.403863413127347e-07,6.906127210235377e-07,0.0004585759959512977,0.40349509680663814,0.3902187578576817,0.37729444304752324,0.4004777470455117,0.38971586623082727,0.37860196127734475,/common/users/shared/pracsys/adaptive_roa_experiments/stoch_compare_amarel/fm_low_ent05,0.9992630515312582,0.9979923624819009
fm,low,ent05,7,1.080114927264662e-05,100.0,0.004506300128560138,90.0,0.00630877545888861,0.00010361000867526856,-1.9087420735764088e-05,0.22803882297777353,0.012269742941103265,0.009374797721103586,0.2285198977460717,0.22841573332694834,0.2284157333269483,0.9956499874277094,0.9967312044254463,0.9958259994971084,-0.0001839465817338595,0.0003578229284393663,2.0332554014017453e-05,0.0005846847769737721,3.4011422150870274e-16,0.9945824069144771,0.9958091553836234,0.9944755058572949,0.03400468874789752,0.6685254935298127,0.030415065268946585,0.17340432486799093,101,39770,0.9921279520179932,0.9951034082855487,0.9966646654659462,0.9970490362277893,0.9965159042518872,0.9922959420867371,9.417446195775467e-08,3.51584657975619e-07,3.845457196608336e-07,0.0003578229284393663,0.4024641689715866,0.39026904702036713,0.37694241890872515,0.4004777470455117,0.38971586623082727,0.37860196127734475,/common/users/shared/pracsys/adaptive_roa_experiments/stoch_compare_amarel/fm_low_ent05,0.9992900664159482,0.9984334576115771
fm,low,ent05,8,1.134246740540102e-05,100.0,0.004667030318345513,90.0,0.006415053222697176,0.00011242291775596495,-9.998124448833869e-06,0.22803205239287486,0.012242104220479885,0.009374797721103586,0.2285198977460717,0.22841573332694834,0.2284157333269483,0.9957002765903947,0.9961780236359065,0.9953482524515966,-0.0013692621462297106,0.00037368280962486977,2.0177413347180102e-05,0.0006002682709530417,2.3884973859855663e-16,0.994636640215789,0.9950879007238883,0.9938396989777231,0.034165418937713854,0.6685254935298127,0.030415065268946585,0.1735511692230324,101,39770,0.9937327651040361,0.9968274522499191,0.9965940964338186,0.9955421611100647,0.993354409961933,0.9911004848243342,1.2556594927700685e-06,8.789616449390479e-07,1.0123754660458683e-06,0.00037368280962486885,0.4012069399044506,0.38835805883832036,0.37651496102589893,0.4004777470455117,0.38971586623082727,0.37860196127734475,/common/users/shared/pracsys/adaptive_roa_experiments/stoch_compare_amarel/fm_low_ent05,0.9992680818489592,0.9983640233350739
fm,low,ent05,9,1.1159217483486428e-05,100.0,0.004728976878911322,90.0,0.006326236973709944,0.00011007513443547597,-1.290495562784267e-05,0.22808810122341744,0.012298009006331864,0.009374797721103586,0.2285198977460717,0.22841573332694834,0.2284157333269483,0.9968066381694745,0.9966809152627609,0.9958762886597938,-0.001926214622970973,0.000314727147903304,1.6876770279573218e-05,0.000541871657089996,2.529443668408682e-16,0.9960174354793189,0.9957375355205372,0.9945420660276889,0.03422736549827715,0.6685254935298127,0.030415065268946585,0.1693298969072165,101,39770,0.9949254479388547,0.9967030835865279,0.9967313721566273,0.9971118226910278,0.9947738563778308,0.9923623563790928,6.906127210235382e-07,6.780561260958375e-07,6.749169773639125e-07,0.00031472714790330397,0.4013578073925069,0.38896152879054563,0.37694241890872515,0.4004777470455117,0.38971586623082727,0.37860196127734475,/common/users/shared/pracsys/adaptive_roa_experiments/stoch_compare_amarel/fm_low_ent05,0.9992686139154284,0.9986221301688846
fm,low,ent05,10,9.259916847654744e-06,100.0,0.004277040318944943,90.0,0.006002989411337413,6.367183065202555e-05,-5.5189221407417265e-05,0.22808466051008472,0.011886105205944282,0.009374797721103586,0.2285198977460717,0.22841573332694834,0.2284157333269483,0.9960774453105355,0.9967060598441035,0.9957254211717375,-0.0010687843991841993,0.00027588359545653314,1.69788897994649e-05,0.0004989090666393492,3.297058806528419e-16,0.9951072638313888,0.995772147813458,0.9943457726335394,0.03377542893831704,0.6685254935298127,0.030415065268946585,0.16887402564747295,101,39770,0.9941718368114307,0.9961901071935942,0.9959357718702112,0.9960444528159729,0.9953545390025162,0.992760842133227,1.8520977518358526e-06,1.1552067333484636e-06,1.1222456716632495e-06,0.00027588359545653227,0.40123208448579334,0.3893889866733719,0.37739502137289416,0.4004777470455117,0.38971586623082727,0.37860196127734475,/common/users/shared/pracsys/adaptive_roa_experiments/stoch_compare_amarel/fm_low_ent05,0.9992715903265709,0.9987921865475806
fm,low,ent05,11,1.2353384342534543e-05,100.0,0.004752389913303047,90.0,0.0064173721118654485,9.935860789899698e-05,-2.2476413169114366e-05,0.2280511572222351,0.012183502106811133,0.009374797721103586,0.2285198977460717,0.22841573332694834,0.2284157333269483,0.995951722403822,0.9965049031933618,0.9962786019612774,-0.0017889252088397185,0.0003420996915443919,1.8314673002011302e-05,0.0005680991317358764,2.654126918244515e-16,0.9949464829404564,0.9955127998192206,0.9950768411948638,0.03425077853266814,0.6685254935298127,0.030415065268946585,0.1676746291174252,101,39770,0.9947903590258599,0.9961881380023259,0.9968010663112296,0.995102655867395,0.9948383766694625,0.9933585707644285,1.1928765181315658e-06,2.574101960178643e-06,1.7971626490271625e-06,0.0003420996915443918,0.4006034699522253,0.38918783002263013,0.37729444304752324,0.4004777470455117,0.38971586623082727,0.37860196127734475,/common/users/shared/pracsys/adaptive_roa_experiments/stoch_compare_amarel/fm_low_ent05,0.9992594397275787,0.9985022936618174
fm,low,ent05,12,1.3392313067384252e-05,100.0,0.0052366485542133575,90.0,0.0069153745145698895,0.00010876652393520885,-1.775562488515471e-05,0.22805380040773732,0.012652214882036359,0.009374797721103586,0.2285198977460717,0.22841573332694834,0.2284157333269483,0.9958762886597938,0.9966306261000755,0.9961025898918783,-0.002502276981532703,0.00034417729432604296,1.94009760044778e-05,0.0005748638622697798,1.8192912454306764e-16,0.9948547405408796,0.9956735115588273,0.994842445013809,0.03473503717364246,0.6685254935298127,0.030415065268946585,0.16536811667085743,101,39770,0.9942308898225372,0.9965100497641052,0.9968658308882369,0.9954793746468261,0.9948383766694625,0.9928272564255828,1.0359190815353072e-06,1.356112252191675e-06,1.192876518131566e-06,0.00034417729432604355,0.4009806386723661,0.38906210711591654,0.3770681418154388,0.4004777470455117,0.38971586623082727,0.37860196127734475,/common/users/shared/pracsys/adaptive_roa_experiments/stoch_compare_amarel/fm_low_ent05,0.9992530875304705,0.9984931979539544
fm,low,ent05,13,1.1887541141478124e-05,100.0,0.004191567032769778,90.0,0.005829854999580926,6.190114320374662e-05,-5.219856649063243e-05,0.2279958825865846,0.011409970969437905,0.009374797721103586,0.2285198977460717,0.22841573332694834,0.2284157333269483,0.995951722403822,0.9963540357053055,0.9953231078702539,-0.0012224177911882219,0.00036765217387333885,2.3782117195826815e-05,0.0005859163026910912,2.269235147012161e-16,0.994946165677873,0.995318805488297,0.9938115517700292,0.033689955652070086,0.6685254935298127,0.030415065268946585,0.1630389741010812,101,39770,0.9948524795982423,0.9960584130266219,0.9957330488699246,0.9950398694041565,0.9945802955029357,0.9918974563326027,2.1660126250283685e-06,1.6700271253841923e-06,1.6637488279203424e-06,0.0003676521738733381,0.40055318078953983,0.3891375408599447,0.3771435755594669,0.4004777470455117,0.38971586623082727,0.37860196127734475,/common/users/shared/pracsys/adaptive_roa_experiments/stoch_compare_amarel/fm_low_ent05,0.99926876614966,0.9983904253506606
fm,low,ent05,14,1.1547341064438151e-05,100.0,0.004557451306814722,90.0,0.006108484899281983,0.00011336666584638345,-4.593499041113597e-06,0.2280603548423875,0.011796016488749707,0.009374797721103586,0.2285198977460717,0.22841573332694834,0.2284157333269483,0.9963540357053055,0.9963540357053055,0.9955494091023385,-0.00262322241779119,0.0003507849855201057,2.853796139707862e-05,0.0005729095695309759,4.0397372946809895e-16,0.9954438334642576,0.9953130555645344,0.9941084445627933,0.034055839926169874,0.6685254935298127,0.030415065268946585,0.15983555443801864,101,39770,0.9963517423575292,0.9972794403420132,0.9964633658080876,0.9945375776982482,0.993354409961933,0.9917646277478913,5.022637971080275e-07,3.2270448964190797e-06,2.27588283064575e-06,0.00035078498552010566,0.3997485541865728,0.3881820467689213,0.37681669600201156,0.4004777470455117,0.38971586623082727,0.37860196127734475,/common/users/shared/pracsys/adaptive_roa_experiments/stoch_compare_amarel/fm_low_ent05,0.9992635303615374,0.9984642695999492
fm,low,ent05,15,1.5092442770307186e-05,100.0,0.004659540271824695,90.0,0.006293884279048976,8.55893465590773e-05,-3.2660565180902325e-05,0.22794706136072201,0.011824991173997967,0.009374797721103586,0.2285198977460717,0.22841573332694834,0.2284157333269483,0.9956248428463667,0.9966557706814182,0.9951722403821976,-0.0015118319224429364,0.00043601140104574185,2.660844396653591e-05,0.0006584257319090947,3.2081542283846076e-16,0.9945430596500031,0.9957067691016495,0.9936072451221949,0.03415792889114406,0.6685254935298127,0.030415065268946585,0.16602539602715616,101,39770,0.9935459615264114,0.9963178294573644,0.9962609334312613,0.9955421611100647,0.9950964578359894,0.9909676562396228,3.641412529033201e-06,2.3104134666969276e-06,2.5662540883488287e-06,0.00043601140104574185,0.40128237364847874,0.3892381191853156,0.37659039476992706,0.4004777470455117,0.38971586623082727,0.37860196127734475,/common/users/shared/pracsys/adaptive_roa_experiments/stoch_compare_amarel/fm_low_ent05,0.999243519374137,0.9980911498752949
fm,low,ent05,16,2.134367327967406e-05,100.0,0.0062327599745776235,90.0,0.007737714078171711,0.00015857204123849303,2.6890529109407338e-05,0.2279386697643387,0.01316815121290857,0.009374797721103586,0.2285198977460717,0.22841573332694834,0.2284157333269483,0.9956499874277094,0.9964546140306764,0.994870505406085,-0.0036202050680300634,0.0005039540917191342,2.7577664008044265e-05,0.0007398000229715928,1.220811646218678e-16,0.9945664122616916,0.9954464718230259,0.9932072456046883,0.03573114859404564,0.6685254935298127,0.030415065268946585,0.1690814684435504,101,39770,0.9950351935646053,0.9965084701926807,0.9959265442404006,0.9940980724555786,0.9943867346280405,0.9905027561931328,4.426199712014496e-06,2.3355266565523308e-06,2.5427104728593904e-06,0.000503954091719135,0.4001005783253709,0.3888860950465175,0.37654010560724166,0.4004777470455117,0.38971586623082727,0.37860196127734475,/common/users/shared/pracsys/adaptive_roa_experiments/stoch_compare_amarel/fm_low_ent05,0.9992061164455693,0.9977936979892809
fm,low,ent10,0,0.0009132994384465056,100.0,0.051491259036569134,90.0,0.04219425586008438,0.006946542993570039,0.006637432045009757,0.22386805523906284,0.030911094856028228,0.009374797721103586,0.2285198977460717,0.22841573332694834,0.2284157333269483,0.9852401307518229,0.9813175760623586,0.9557706814181544,-0.03681532701924958,0.01118511013289529,0.0002201892509481067,0.011598385500578947,4.683753385137379e-17,0.9813751308817464,0.9755921290364968,0.9383218205406921,0.08098964765681718,0.6685254935298127,0.030415065268946585,0.2386137792305758,101,39770,0.9919820397690827,0.9937759336099585,0.9939087802703908,0.9709926539838011,0.9580618104393832,0.888623231719466,0.00022181224939783254,0.00021429084903613972,0.000862140395173657,0.011185110132895148,0.39200402313301486,0.37571033442293184,0.3384963540357053,0.4004777470455117,0.38971586623082727,0.37860196127734475,/common/users/shared/pracsys/adaptive_roa_experiments/stoch_compare_amarel/fm_low_ent10,0.9968951137590542,0.9510317876532384
fm,low,ent10,1,7.10072022914171e-05,100.0,0.010634596502762396,90.0,0.011924286871734698,0.0002964635496531471,0.000149904776099151,0.22714876757007407,0.01465587735539961,0.009374797721103586,0.2285198977460717,0.22841573332694834,0.2284157333269483,0.9914005531807896,0.9941161679658034,0.9929092280613527,-0.0032304640572178933,0.0014168705329735186,4.660156636148746e-05,0.0016675937256508879,1.0343288725511712e-16,0.9892971146022407,0.9924501516422534,0.9905943566139684,0.040132985122302796,0.6685254935298127,0.030415065268946585,0.22224289665577068,101,39770,0.9862107693267611,0.9925782510487254,0.9949748743718593,0.9924028379481383,0.9923220852958256,0.986252241482367,2.574101960178643e-05,2.025378761838124e-05,2.709124595010576e-05,0.001416870532973509,0.40299220517978374,0.38961528790545635,0.3752828765401056,0.4004777470455117,0.38971586623082727,0.37860196127734475,/common/users/shared/pracsys/adaptive_roa_experiments/stoch_compare_amarel/fm_low_ent10,0.9988182136079489,0.993796966118155
fm,low,ent10,2,4.520669679953022e-05,100.0,0.009666519231690112,90.0,0.011120805744139917,0.0003153444719893403,0.00016416983906213006,0.22712750460952835,0.015117463292721026,0.009374797721103586,0.2285198977460717,0.22841573332694834,0.2284157333269483,0.9938647221523762,0.9944933366859442,0.9920040231330148,-0.0029174140195010207,0.0014523985564824321,6.623616150676634e-05,0.0017077376085330156,3.3219954564955856e-16,0.9923549316957012,0.9929252140203522,0.9893688151912275,0.039164907851217755,0.6685254935298127,0.030415065268946585,0.20719839074679403,101,39770,0.9904309212583651,0.9943064182194618,0.9960955907101986,0.9942864318452942,0.9915478417962449,0.9827322839875141,4.614548635930006e-06,2.410866226118534e-06,3.0087955808319815e-06,0.0014523985564824245,0.4020367110887604,0.38863464923309027,0.37352275584611516,0.4004777470455117,0.38971586623082727,0.37860196127734475,/common/users/shared/pracsys/adaptive_roa_experiments/stoch_compare_amarel/fm_low_ent10,0.999078409089486,0.9936414250659191
fm,low,ent10,3,2.8141419121706454e-05,100.0,0.007599303329975336,90.0,0.009102757522420587,0.00022181795069691905,8.343286778329703e-05,0.2273219042190435,0.013838508291362205,0.009374797721103586,0.2285198977460717,0.22841573332694834,0.2284157333269483,0.9946944933366859,0.9945687704299724,0.9920543122957003,-0.001956891012209092,0.0011772619756883205,6.36626331082692e-05,0.0014198114777253155,1.8518173106052416e-16,0.993406043938873,0.9930345049983876,0.9894547153440565,0.037097691949374886,0.6685254935298127,0.030415065268946585,0.2146643198390747,101,39770,0.9889248382279742,0.9926503771516988,0.9943658193037762,0.9979280467131286,0.9934189302535648,0.9845918841734741,9.417446195775523e-07,6.654995311681369e-07,1.9070328546445437e-06,0.0011772619756883174,0.4041237113402062,0.3900176012069399,0.37488056323862207,0.4004777470455117,0.38971586623082727,0.37860196127734475,/common/users/shared/pracsys/adaptive_roa_experiments/stoch_compare_amarel/fm_low_ent10,0.9991477801431876,0.9948459681014914
fm,low,ent10,4,1.6712982768628486e-05,100.0,0.005135596811467867,90.0,0.00682739641829408,0.00011239987086308262,-1.1155903120149232e-05,0.22791442338951012,0.012355577398323188,0.009374797721103586,0.2285198977460717,0.22841573332694834,0.2284157333269483,0.9954488307769676,0.9958762886597938,0.9953231078702539,-0.0013775598580728083,0.0004901540343183725,2.716549900190001e-05,0.0007178742274249777,3.080218372031318e-16,0.994329040949964,0.9947076287595198,0.9938057812708139,0.03463398543081448,0.6685254935298127,0.030415065268946585,0.19572215237616294,101,39770,0.9923702313946217,0.9950287300664988,0.9966602097388284,0.996295598668927,0.9943867346280405,0.9909676562396228,1.8834892391551047e-06,1.9462722137936087e-06,1.7814669053675373e-06,0.0004901540343183737,0.4020618556701031,0.38946442041740004,0.37643952728187074,0.4004777470455117,0.38971586623082727,0.37860196127734475,/common/users/shared/pracsys/adaptive_roa_experiments/stoch_compare_amarel/fm_low_ent10,0.999233453849395,0.9978541143940519
fm,low,ent10,5,1.2955488691391718e-05,100.0,0.004625316936465629,90.0,0.006281563434191043,9.723439722236779e-05,-2.1447823526737553e-05,0.22800412003974838,0.011868222074910537,0.009374797721103586,0.2285198977460717,0.22841573332694834,0.2284157333269483,0.9958008549157656,0.9959768669851647,0.9958511440784511,-0.0021889754980024038,0.0003901654636735283,2.251538754954876e-05,0.0006130121035460069,3.1094918306884267e-16,0.9947620989241915,0.9948337100419761,0.9945064091892791,0.034123705555806474,0.6685254935298127,0.030415065268946585,0.18830525521750063,101,39770,0.9938581098019553,0.9957339538491371,0.9971291227133129,0.9956677340365417,0.9939350925866185,0.9918974563326027,2.9194083206904115e-06,1.7955930746612004e-06,1.8677934954954797e-06,0.0003901654636735285,0.4012069399044506,0.3890118179532311,0.3766155393512698,0.4004777470455117,0.38971586623082727,0.37860196127734475,/common/users/shared/pracsys/adaptive_roa_experiments/stoch_compare_amarel/fm_low_ent10,0.9992367162647284,0.9982918625701013
fm,low,ent10,6,1.5267013051334744e-05,100.0,0.004673735341728942,90.0,0.006153717207275166,9.904755165638129e-05,-1.6883547111026264e-05,0.22793051565443997,0.011593109876740757,0.009374797721103586,0.2285198977460717,0.22841573332694834,0.2284157333269483,0.9956499874277094,0.9959014332411366,0.9952728187075686,-0.001960159807783646,0.0004683341253976339,2.8126115625752298e-05,0.0006884296432884146,3.069376350306463e-16,0.994574251215305,0.9947359922493137,0.9937379255212844,0.03417212396102883,0.6685254935298127,0.030415065268946585,0.1753779230575811,101,39770,0.9936082215816519,0.995797232639338,0.9967925158703642,0.9955421611100647,0.9936770114200916,0.9907019990702,3.2333231938829296e-06,2.4736492007570375e-06,1.9698158292830474e-06,0.00046833412539763487,0.401257229067136,0.3888860950465175,0.37628865979381443,0.4004777470455117,0.38971586623082727,0.37860196127734475,/common/users/shared/pracsys/adaptive_roa_experiments/stoch_compare_amarel/fm_low_ent10,0.9992256517194584,0.9979496415655078
fm,low,ent10,7,1.2932456117661646e-05,100.0,0.004403688462971632,90.0,0.006008381527114241,9.139646074184431e-05,-2.188399277496828e-05,0.2279315819104927,0.011328045351681259,0.009374797721103586,0.2285198977460717,0.22841573332694834,0.2284157333269483,0.9954236861956248,0.9959768669851647,0.9950716620568267,-0.0018615930489201808,0.0004622674236809447,2.8919598136904154e-05,0.0006797122963211306,2.7484525072507537e-16,0.9942842786257143,0.9948283664102399,0.993464923979728,0.03390207708226281,0.6685254935298127,0.030415065268946585,0.1730110636157908,101,39770,0.9946591266101162,0.9967614482803291,0.9975225979243388,0.993909713065863,0.992902767920511,0.9894401275154413,1.8520977518358528e-06,1.657470530456492e-06,1.5146392631538969e-06,0.00046226742368094524,0.40017601206939907,0.388207191350264,0.3755343223535328,0.4004777470455117,0.38971586623082727,0.37860196127734475,/common/users/shared/pracsys/adaptive_roa_experiments/stoch_compare_amarel/fm_low_ent10,0.9992287538353665,0.9979762014772455
fm,low,ent10,8,8.723491890282105e-06,100.0,0.0037625340069445843,90.0,0.005362612801385747,6.518987479083545e-05,-4.444608754816941e-05,0.2280726013184512,0.010963596233900485,0.009374797721103586,0.2285198977460717,0.22841573332694834,0.2284157333269483,0.9960774453105355,0.9962283127985919,0.9964294694493336,-0.0015050428854804022,0.0002986859209493288,1.8390173405355693e-05,0.0005124863024117068,3.544256901855114e-16,0.9951023483611704,0.9951566031643525,0.9952748569146812,0.033260922626215064,0.6685254935298127,0.030415065268946585,0.16524867990947953,101,39770,0.9951648351648351,0.9960571391635964,0.9973324441480493,0.9950398694041565,0.994257694044777,0.993225742179717,1.569574365962587e-06,1.4063386319024779e-06,1.3655296983874511e-06,0.00029868592094932795,0.40042745788282624,0.3890118179532311,0.37704299723409607,0.4004777470455117,0.38971586623082727,0.37860196127734475,/common/users/shared/pracsys/adaptive_roa_experiments/stoch_compare_amarel/fm_low_ent10,0.9992639484960605,0.9986923583739226
fm,low,ent10,9,8.821887353334748e-06,100.0,0.003940578248648152,90.0,0.005452798033134971,4.997174622925547e-05,-5.9697132652598034e-05,0.22805726696604697,0.010966887888185348,0.009374797721103586,0.2285198977460717,0.22841573332694834,0.2284157333269483,0.9958008549157656,0.9963540357053055,0.9966809152627609,-0.0012913139440672765,0.00029876922824913097,2.0448841661722147e-05,0.0005126025262543576,3.71881345162528e-16,0.994755189849565,0.9953163861881844,0.9956134520802872,0.03343896686793607,0.6685254935298127,0.030415065268946585,0.16683329142569775,101,39770,0.9951614930250094,0.9965717981888745,0.9963418689723977,0.9943492183085327,0.994064133169882,0.99488609948861,6.592212337042861e-07,5.524901768188307e-07,9.73136106896804e-07,0.0002987692282491306,0.40015086748805634,0.3887352275584611,0.3780487804878049,0.4004777470455117,0.38971586623082727,0.37860196127734475,/common/users/shared/pracsys/adaptive_roa_experiments/stoch_compare_amarel/fm_low_ent10,0.9992629240243794,0.9986919936560522
fm,low,ent10,10,3.21347824804821e-05,100.0,0.00751977010955584,90.0,0.008979325566451542,0.0003501328653701017,0.00022200382541053622,0.2274175881723557,0.012812903995956549,0.009374797721103586,0.2285198977460717,0.22841573332694834,0.2284157333269483,0.9947196379180286,0.9944933366859442,0.991626854412874,-0.004504539993853547,0.001220148980003537,5.41404368498123e-05,0.0014524424390864757,3.4889625910583533e-16,0.9934057652452427,0.9929169766163201,0.9888543026408274,0.037018158728912016,0.6685254935298127,0.030415065268946585,0.1667450339451848,101,39770,0.9936553803630881,0.9954604409857328,0.9967611336032388,0.9931562755070007,0.990386476546874,0.9810719266786212,3.672804016352453e-06,2.636884934817146e-06,2.0639902912408022e-06,0.0012201489800035346,0.4002765903947699,0.3877294443047523,0.37264269549911994,0.4004777470455117,0.38971586623082727,0.37860196127734475,/common/users/shared/pracsys/adaptive_roa_experiments/stoch_compare_amarel/fm_low_ent10,0.9991207244302988,0.9946582095627491
fm,low,ent10,11,2.4917328201787205e-05,100.0,0.007178288457672299,90.0,0.008766295085631272,0.00034940433792623435,0.00020836619689815113,0.22794188660549058,0.014103814102808322,0.009374797721103586,0.2285198977460717,0.22841573332694834,0.2284157333269483,0.9958008549157656,0.9963540357053055,0.9948202162433996,-0.005182689352666724,0.0006822129183561351,2.7075863503276106e-05,0.0009274154785075915,2.319108446946494e-16,0.9947542013507146,0.9953148728553426,0.9931223290598291,0.03667667707713937,0.6685254935298127,0.030415065268946585,0.17267161176766405,101,39770,0.9953482524515966,0.9968932038834951,0.9985229942933871,0.9941608589188171,0.9937415317117233,0.9877797702065485,5.650467717465313e-07,6.152731514573337e-07,9.888318505564294e-07,0.0006822129183561361,0.4,0.38848378174503395,0.374528539099824,0.4004777470455117,0.38971586623082727,0.37860196127734475,/common/users/shared/pracsys/adaptive_roa_experiments/stoch_compare_amarel/fm_low_ent10,0.9992131977303169,0.9970132840307474
fm,low,ent10,12,1.2024632329885075e-05,100.0,0.004484463446139516,90.0,0.006039002039504933,4.92167276505835e-05,-6.364937364398146e-05,0.22796816450523097,0.011286610129456498,0.009374797721103586,0.2285198977460717,0.22841573332694834,0.2284157333269483,0.9956499874277094,0.9957002765903947,0.9963288911239628,-0.0013768055206325272,0.00038391944807372844,2.5921834184665826e-05,0.0006009499684916667,3.344763702117781e-16,0.994566070923768,0.9944787058861516,0.9951459538533146,0.033982852065481774,0.6685254935298127,0.030415065268946585,0.16532109630374653,101,39770,0.9950974230043997,0.9953464322647363,0.9963384594900473,0.99403528599234,0.99361249112846,0.9939562993956299,1.883489239155104e-06,1.7579232898780973e-06,2.0247509320917374e-06,0.0003839194480737277,0.4000502891626854,0.3890369625345738,0.3776967563490068,0.4004777470455117,0.38971586623082727,0.37860196127734475,/common/users/shared/pracsys/adaptive_roa_experiments/stoch_compare_amarel/fm_low_ent10,0.9992325421131747,0.998319207514816
fm,low,ent10,13,1.2727164768954986e-05,100.0,0.00447467758272869,90.0,0.006129187271254156,0.00015493359097568077,4.1960917293929885e-05,0.22807912373438172,0.01129726736817509,0.009374797721103586,0.2285198977460717,0.22841573332694834,0.2284157333269483,0.9962786019612774,0.9959768669851647,0.9957254211717375,-0.003420054200542006,0.00037857050986082246,2.1372115515577448e-05,0.0005957076026659467,2.7842311789427754e-16,0.9953450336541485,0.9948243514265381,0.994336353944563,0.03397306620204296,0.6685254935298127,0.030415065268946585,0.16148755343223536,101,39770,0.9972269490136761,0.997534868634447,0.9975934220201885,0.9934702078231933,0.9921285244209304,0.9911004848243342,3.3274976558406836e-06,1.8332628594443015e-06,2.1738604968581823e-06,0.0003785705098608222,0.3989690721649485,0.3876037213980387,0.3761377923057581,0.4004777470455117,0.38971586623082727,0.37860196127734475,/common/users/shared/pracsys/adaptive_roa_experiments/stoch_compare_amarel/fm_low_ent10,0.9992316996401318,0.9983426250707567
fm,low,tb05,0,0.0008793719123477226,100.0,0.045911751312659094,90.0,0.03710116503226888,0.005400298274906333,0.005126618606713213,0.224102415946041,0.027367966819312056,0.009374797721103586,0.2285198977460717,0.22841573332694834,0.2284157333269483,0.9863967814935881,0.9832285642444053,0.9646718632134775,-0.03119375296845752,0.009439935987620569,0.00020016747303453755,0.00981778007493706,5.204170427930421e-18,0.9828520713810264,0.9781375987413551,0.9514093031298634,0.07541013993275969,0.6685254935298127,0.030415065268946585,0.2276680915262761,101,39770,0.9924465497375496,0.994070619586942,0.9925674700533987,0.9734413260501036,0.9627072714368669,0.9135285913528591,0.0003194083834733863,0.00032348299852742464,0.0009247284429448424,0.00943993598762051,0.3928086497359819,0.3774201659542369,0.34845360824742266,0.4004777470455117,0.38971586623082727,0.37860196127734475,/common/users/shared/pracsys/adaptive_roa_experiments/stoch_compare/fm_low_tb05,0.9967845786931562,0.9586721288847976
fm,low,tb05,1,0.00021602302534630364,100.0,0.026157893557750746,90.0,0.02700734780543682,0.00129019088238165,0.0010496131157792417,0.22398418350113178,0.02405777666024083,0.009374797721103586,0.2285198977460717,0.22841573332694834,0.2284157333269483,0.9841086245914006,0.9858184561227056,0.9800352024138798,-0.003106752717011708,0.005481162941595825,0.0001235992694375634,0.005825905127321605,4.2500725161431774e-17,0.9805310824964574,0.9820644915092539,0.9735298039738631,0.05565628217766014,0.6685254935298127,0.030415065268946585,0.19111893386975107,101,39770,0.9625037798609011,0.9682698940239544,0.9773746569382155,0.9992465624411377,0.9962578230853604,0.969715082685794,4.175067813460481e-06,2.3480832514800296e-06,1.9069665044554335e-05,0.005481162941595818,0.41576565250188585,0.4009806386723661,0.3756349006789037,0.4004777470455117,0.38971586623082727,0.37860196127734475,/common/users/shared/pracsys/adaptive_roa_experiments/stoch_compare/fm_low_tb05,0.9981811844722952,0.9760035665592692
fm,low,tb05,2,4.345788384781325e-05,100.0,0.008252787845185142,90.0,0.010694772720923085,0.0004396437721551789,0.00029639336514314255,0.22737643861480408,0.014325040701203641,0.009374797721103586,0.2285198977460717,0.22841573332694834,0.2284157333269483,0.9900930349509681,0.9936887100829771,0.9928337943173247,0.003119045623445924,0.0013356880772876685,4.885929086250923e-05,0.001583102903423078,2.662800535624399e-16,0.9877632151065283,0.9919378151800341,0.9905293589871399,0.03775117646458006,0.6685254935298127,0.030415065268946585,0.18440181040985668,101,39770,0.9773216151435069,0.987655110656262,0.99122106943336,0.9984303384190368,0.9962578230853604,0.9898386132695756,4.332025250056741e-06,2.611771744961746e-06,2.29942644613519e-06,0.0013356880772876626,0.4091274830274076,0.39311038471209453,0.3780739250691476,0.4004777470455117,0.38971586623082727,0.37860196127734475,/common/users/shared/pracsys/adaptive_roa_experiments/stoch_compare/fm_low_tb05,0.9991628119072207,0.9941523814588735
fm,low,tb05,3,2.3955306563978952e-05,100.0,0.006600241331657569,90.0,0.00880630290838991,0.0002540458875908836,0.00011555339413736422,0.22781963127587715,0.013849249345351937,0.009374797721103586,0.2285198977460717,0.22841573332694834,0.2284157333269483,0.9937389992456626,0.9949710837314558,0.9940910233844606,0.00033202022741876756,0.0007116554452087702,2.8531606348469317e-05,0.0009543123577856629,2.377655364260711e-16,0.9922311316339584,0.9935720254547792,0.9921950247434324,0.036098629951119,0.6685254935298127,0.030415065268946585,0.19454111139049535,101,39770,0.9861696849417018,0.9898815241754723,0.9923598192931172,0.9983675519557983,0.9972901477514678,0.9920302849173142,2.950799808009663e-06,2.699667909455651e-06,2.4249923954121973e-06,0.0007116554452087714,0.40543122957002764,0.39263263766658285,0.3784762383706311,0.4004777470455117,0.38971586623082727,0.37860196127734475,/common/users/shared/pracsys/adaptive_roa_experiments/stoch_compare/fm_low_tb05,0.9992184762964655,0.9968843851741591
fm,low,tb05,4,1.4357158588414414e-05,100.0,0.005272110145562753,90.0,0.007071997317911325,0.0001276337700260442,6.829949887717716e-07,0.22791027947736903,0.012695077503727241,0.009374797721103586,0.2285198977460717,0.22841573332694834,0.2284157333269483,0.9955242645209957,0.9960020115665075,0.9954739753583103,-0.0009704690861341614,0.0005061368445682182,2.6515281847833798e-05,0.0007372520387288638,1.5536617131717279e-16,0.9944273996618872,0.9948760916502852,0.9940151615906371,0.034770498764934495,0.6685254935298127,0.030415065268946585,0.1800480261503646,101,39770,0.9916952856696847,0.9938192119495236,0.9952726546374592,0.9971746091542664,0.9959352216272017,0.992760842133227,3.7669784783102064e-07,3.2647146812021797e-07,1.0437669533651198e-06,0.0005061368445682197,0.4026904702036711,0.39054563741513704,0.37764646718632133,0.4004777470455117,0.38971586623082727,0.37860196127734475,/common/users/shared/pracsys/adaptive_roa_experiments/stoch_compare/fm_low_tb05,0.9992467884366087,0.997784141936301
fm,low,tb05,5,1.2048656221694198e-05,100.0,0.00465338223089802,90.0,0.006561674070348951,0.000155886410022363,2.972588599912837e-05,0.22803147040138746,0.012616052402323464,0.009374797721103586,0.2285198977460717,0.22841573332694834,0.2284157333269483,0.9950716620568267,0.9962031682172492,0.9957757103344229,0.00011175369485653541,0.0004139888115602405,2.101005595739027e-05,0.0006443137547068484,2.381992172950653e-16,0.9938727022633487,0.9951370326237481,0.9944148936170213,0.034151770850224944,0.6685254935298127,0.030415065268946585,0.1834546140306764,101,39770,0.9897266670817508,0.9934413580246914,0.9955401717366704,0.9980536196396057,0.9968385057100458,0.9932921564720728,3.453063605117685e-07,4.0181103768642166e-07,3.923935914906464e-07,0.0004139888115602418,0.40384712094543623,0.39104852904199144,0.37774704551169225,0.4004777470455117,0.38971586623082727,0.37860196127734475,/common/users/shared/pracsys/adaptive_roa_experiments/stoch_compare/fm_low_tb05,0.9992930734925541,0.9981875643786425
fm,low,tb05,6,1.1545518892576753e-05,100.0,0.004794025615552535,90.0,0.006561143240298384,0.00012125307392127333,-4.422972436191215e-06,0.22805693959930154,0.012567604635746453,0.009374797721103586,0.2285198977460717,0.22841573332694834,0.2284157333269483,0.9950213728941413,0.9963791802866482,0.9962534573799346,-0.00022744670745676644,0.0003543707552109798,1.852550395868804e-05,0.0005842112206918175,3.7903707950093235e-16,0.9938086303939964,0.9953605258070751,0.9950493404658272,0.034292414234933184,0.6685254935298127,0.030415065268946585,0.17681267286899674,101,39770,0.989908428331153,0.9940794130896454,0.9956117021276596,0.9977396873234131,0.9966449448351506,0.9944876137344757,3.766978478310206e-07,7.03169315951239e-07,8.161786703005455e-07,0.0003543707552109802,0.4036459642946945,0.3907216494845361,0.37817450339451847,0.4004777470455117,0.38971586623082727,0.37860196127734475,/common/users/shared/pracsys/adaptive_roa_experiments/stoch_compare/fm_low_tb05,0.9992710758380892,0.9984485711643001
fm,low,tb05,7,1.5347421411657286e-05,100.0,0.005721348532493454,90.0,0.007316207079596571,0.00014306539500547383,1.2104922795315914e-05,0.22798683450636617,0.01309604722101579,0.009374797721103586,0.2285198977460717,0.22841573332694834,0.2284157333269483,0.9960271561478501,0.9963540357053055,0.9953733970329394,-0.0022757243036347903,0.00044100374337778753,2.1317284206395305e-05,0.0006761286347113185,3.144186300207963e-16,0.9950485741146976,0.9953206183238131,0.993883385413204,0.03521973715192227,0.6685254935298127,0.030415065268946585,0.17678023635906465,101,39770,0.9933053869736596,0.9956740702479339,0.9949417637271215,0.9967978903748352,0.994967417252726,0.9928272564255828,4.3948082246952384e-07,3.8925444275872144e-07,6.670691055340994e-07,0.00044100374337778796,0.40188584360070406,0.3894392758360573,0.37779733467437765,0.4004777470455117,0.38971586623082727,0.37860196127734475,/common/users/shared/pracsys/adaptive_roa_experiments/stoch_compare/fm_low_tb05,0.9992317407933023,0.9980692934897504
fm,low,tb05,8,7.174637616783602e-06,100.0,0.0038679785273652836,90.0,0.005439918419802755,6.135941085580892e-05,-5.423152490359554e-05,0.22811917987303929,0.011559093575940446,0.009374797721103586,0.2285198977460717,0.22841573332694834,0.2284157333269483,0.9958008549157656,0.99658033693739,0.9960774453105355,-0.001115050428854805,0.00024232192900575428,1.7664115924280136e-05,0.000462077283888532,3.0834709785487746e-16,0.9947597979227463,0.9956086535356797,0.9948065783341101,0.0333663671466863,0.6685254935298127,0.030415065268946585,0.1660424943424692,101,39770,0.994291807803287,0.9965095986038395,0.9973299512716107,0.9952282287938721,0.9947093360861992,0.9922959420867371,5.02263797108027e-07,4.3948082246952384e-07,6.356776182148473e-07,0.00024232192900575412,0.4008549157656525,0.3890118179532311,0.376690973095298,0.4004777470455117,0.38971586623082727,0.37860196127734475,/common/users/shared/pracsys/adaptive_roa_experiments/stoch_compare/fm_low_tb05,0.9992930034021767,0.9989391189237438
fm,low,tb05,9,1.494002279529872e-05,100.0,0.005330787238609159,90.0,0.006853155644958513,0.00016965461272244265,4.3592558943516836e-05,0.22805391264649807,0.012606205377892582,0.009374797721103586,0.2285198977460717,0.22841573332694834,0.2284157333269483,0.9964294694493336,0.9965049031933618,0.9953231078702539,-0.0032805017740899067,0.0004054132393940222,2.102960938407358e-05,0.0006356397122963211,2.4448758989548125e-16,0.9955421611100647,0.9955072885355054,0.9938061938061938,0.034829175857995685,0.6685254935298127,0.030415065268946585,0.17113552929343728,101,39770,0.9955421611100647,0.9974093264248705,0.9965938689641355,0.9955421611100647,0.99361249112846,0.9910340705319785,1.0987020561738105e-06,8.036220753728444e-07,9.731361068968033e-07,0.00040541323939402297,0.4004777470455117,0.3882323359316067,0.3764898164445562,0.4004777470455117,0.38971586623082727,0.37860196127734475,/common/users/shared/pracsys/adaptive_roa_experiments/stoch_compare/fm_low_tb05,0.9992437005012622,0.998225108080389
fm,low,tb05,10,1.0626536288150611e-05,100.0,0.004724857309935306,90.0,0.006419076355712011,0.00010130532577917419,-2.2662539953841168e-05,0.22807801244177744,0.012396786573301536,0.009374797721103586,0.2285198977460717,0.22841573332694834,0.2284157333269483,0.9961780236359065,0.9962031682172492,0.9958008549157656,-0.0020984550051686094,0.00031505834521715164,1.906391637903487e-05,0.0005431906300735401,1.0332446703786857e-16,0.9952282287938721,0.9951206902122985,0.9944390796177284,0.034223245929340756,0.6685254935298127,0.030415065268946585,0.16890369625345736,101,39770,0.9952282287938721,0.9967633350595546,0.9971951382396154,0.9952282287938721,0.9934834505451965,0.9916982134555357,1.0045275942160555e-06,7.282825058066401e-07,1.0673105688545586e-06,0.00031505834521715164,0.4004777470455117,0.3884334925823485,0.37651496102589893,0.4004777470455117,0.38971586623082727,0.37860196127734475,/common/users/shared/pracsys/adaptive_roa_experiments/stoch_compare/fm_low_tb05,0.9992760554750557,0.9986206801929612
fm,low,tb10,0,0.0008052574255252754,100.0,0.04636616219695414,90.0,0.038264073980945994,0.0057073780429396925,0.005426004945609844,0.22399413293364254,0.028137309732984873,0.009374797721103586,0.2285198977460717,0.22841573332694834,0.2284157333269483,0.9851395524264521,0.9838571787779733,0.9581091274830275,-0.0317886737630263,0.009847605338915768,0.00019612515661568986,0.01023314285536899,1.3010426069826053e-16,0.9812684225539603,0.9789728809118302,0.9418499127399651,0.07586455081706271,0.6685254935298127,0.030415065268946585,0.23223585617299472,101,39770,0.9907834101382489,0.9941462116676645,0.9925697049952181,0.971934450932379,0.9642557584360282,0.8960616324633061,0.00017080108250404862,0.0002105740969375404,0.0006936499829757945,0.009847605338915644,0.39285893889866735,0.3779984913251194,0.34179029419160173,0.4004777470455117,0.38971586623082727,0.37860196127734475,/common/users/shared/pracsys/adaptive_roa_experiments/stoch_compare_amarel/fm_low_tb10,0.9969812739766786,0.9568873597475872
fm,low,tb10,1,0.000127186073554478,100.0,0.011681309367704779,90.0,0.011892073869192301,0.00042111819857354764,0.00027267147333778546,0.2272475224620587,0.014844672523576224,0.009374797721103586,0.2285198977460717,0.22841573332694834,0.2284157333269483,0.9924314810158411,0.9941664571284888,0.9930852401307518,-0.00635216383091666,0.001440882338227466,5.658623114258877e-05,0.0016934934825866014,5.702903427273753e-17,0.9905497472606825,0.9924967658473479,0.990809130710872,0.041179697987241505,0.6685254935298127,0.030415065268946585,0.1999177772190093,101,39770,0.9906430545089173,0.9950068088969587,0.9972416576964478,0.990456457587744,0.9899993547970837,0.9844590555887627,6.0899485399348416e-05,8.33506771300772e-05,8.503522281834648e-05,0.0014408823382274613,0.4004023133014835,0.38775458888609504,0.37374905707819966,0.4004777470455117,0.38971586623082727,0.37860196127734475,/common/users/shared/pracsys/adaptive_roa_experiments/stoch_compare_amarel/fm_low_tb10,0.9986217806057217,0.9936918428637093
fm,low,tb10,2,4.467136669143317e-05,100.0,0.00923211431637102,90.0,0.010752744950129914,0.0003092279372984965,0.00016021390966993525,0.2270473031979062,0.014901402762856123,0.009374797721103586,0.2285198977460717,0.22841573332694834,0.2284157333269483,0.9921800352024139,0.9945184812672869,0.9920291677143576,-0.0003275221412007943,0.0015286440387123246,6.823236441329876e-05,0.001781822485464259,2.682316174729138e-16,0.9902942920450645,0.9929736350157933,0.9894287524593991,0.038730502935819235,0.6685254935298127,0.030415065268946585,0.19984938395775712,101,39770,0.984487465872425,0.9920783151928898,0.993636972538513,0.99617002574245,0.9938705722949868,0.9852560270970313,5.022637971080273e-07,1.1677633282761647e-06,9.65288235066991e-07,0.0015286440387123213,0.40523007291928587,0.39041991450842345,0.3754085994468192,0.4004777470455117,0.38971586623082727,0.37860196127734475,/common/users/shared/pracsys/adaptive_roa_experiments/stoch_compare_amarel/fm_low_tb10,0.9991139017339907,0.9933076237067949
fm,low,tb10,3,2.172852899850471e-05,100.0,0.0062049849583552565,90.0,0.008293018187913838,0.0002627004019697194,0.00012561219528634045,0.22776810921941815,0.013708820668337895,0.009374797721103586,0.2285198977460717,0.22841573332694834,0.2284157333269483,0.9929343726426955,0.9958008549157656,0.9952476741262258,0.002068505014947056,0.0007732363028167839,3.41351235033125e-05,0.001014488928623536,2.66496893996937e-16,0.9912376438304905,0.9946214048761636,0.9937085982490597,0.0357033735777366,0.6685254935298127,0.030415065268946585,0.22171008297711842,101,39770,0.9846363523726923,0.9929903536977492,0.9961292044847838,0.9979280467131286,0.9962578230853604,0.9912997277014013,3.7669784783102064e-07,4.1436763261412304e-07,4.5517656612915014e-07,0.0007732363028167854,0.40588383203419665,0.390998239879306,0.3767664068393261,0.4004777470455117,0.38971586623082727,0.37860196127734475,/common/users/shared/pracsys/adaptive_roa_experiments/stoch_compare_amarel/fm_low_tb10,0.999257044276298,0.996614785279655
fm,low,tb10,4,1.2706530073725991e-05,100.0,0.005002810394922272,90.0,0.006737155309697428,0.0001608440395915704,3.396501550610931e-05,0.22805409098181312,0.012687902408546113,0.009374797721103586,0.2285198977460717,0.22841573332694834,0.2284157333269483,0.995951722403822,0.9958511440784511,0.995675132009052,-0.0022867879194255866,0.0003956073606417014,2.1425635019440917e-05,0.0006266508038505356,3.761097336352215e-16,0.9949496533768312,0.9946620944000518,0.9942662844189613,0.03450119901430299,0.6685254935298127,0.030415065268946585,0.2079185315564496,101,39770,0.9941700100300903,0.9974695042823774,0.9981259621176628,0.9957305204997803,0.9918704432544035,0.990436341900777,7.533956956620412e-07,5.901599616019325e-07,7.690914393216674e-07,0.0003956073606417009,0.4011063615790797,0.38752828765401054,0.37568518984158916,0.4004777470455117,0.38971586623082727,0.37860196127734475,/common/users/shared/pracsys/adaptive_roa_experiments/stoch_compare_amarel/fm_low_tb10,0.9992696762314821,0.9982680380423907
fm,low,tb10,5,1.2161440923593544e-05,100.0,0.004499536779503758,90.0,0.00619665856452379,9.468046735550416e-05,-2.2410456974545156e-05,0.22801599435004025,0.01170909243300493,0.009374797721103586,0.2285198977460717,0.22841573332694834,0.2284157333269483,0.9960523007291928,0.9962283127985919,0.9955494091023385,-0.002203810800994609,0.0003773285199338941,2.3243835222003177e-05,0.0005985838633873166,3.576782967029679e-16,0.995072345500769,0.9951531601395889,0.9941068753121357,0.03399792539883341,0.6685254935298127,0.030415065268946585,0.18916218254966052,101,39770,0.9948537718087109,0.9967635445659914,0.9967285351849379,0.9952910152571106,0.9935479708368282,0.9914989705784685,1.726531802558846e-06,1.7076969101672943e-06,1.3105945955787606e-06,0.0003773285199338945,0.40065375911491075,0.3884586371636912,0.3766155393512698,0.4004777470455117,0.38971586623082727,0.37860196127734475,/common/users/shared/pracsys/adaptive_roa_experiments/stoch_compare_amarel/fm_low_tb10,0.9992521566504923,0.9983480624804694
fm,low,tb10,6,1.3070535866541541e-05,100.0,0.004869473417544674,90.0,0.006433520520772219,9.386007035329777e-05,-2.6073918771035847e-05,0.22798320736739275,0.011993398912433362,0.009374797721103586,0.2285198977460717,0.22841573332694834,0.2284157333269483,0.9959768669851647,0.9964043248679909,0.9955996982650239,-0.0018105495487944579,0.0004064520407848478,2.4558591888571475e-05,0.0006305504490325545,2.912167035296065e-16,0.994981494260084,0.9953836717564646,0.9941800525458113,0.03436786203688824,0.6685254935298127,0.030415065268946585,0.18554739753583102,101,39770,0.9941084299592604,0.9960589223413878,0.9956701305622169,0.9958560934262572,0.9947093360861992,0.9926944278408714,8.475701576197968e-07,8.789616449390486e-07,1.2870509800893215e-06,0.0004064520407848475,0.4011817953231079,0.38918783002263013,0.3774704551169223,0.4004777470455117,0.38971586623082727,0.37860196127734475,/common/users/shared/pracsys/adaptive_roa_experiments/stoch_compare_amarel/fm_low_tb10,0.999246383566819,0.9982205602264576
fm,low,tb10,7,8.215395261033624e-06,100.0,0.0036356555697329047,90.0,0.005209789623669434,3.358455517117986e-05,-7.378621057021701e-05,0.22806710333825558,0.01073707657413969,0.009374797721103586,0.2285198977460717,0.22841573332694834,0.2284157333269483,0.9957505657530802,0.9962534573799346,0.9965049031933618,-0.00035895286787919505,0.0002748437781230271,1.965699330285691e-05,0.00048637896298779707,4.865357249028701e-16,0.994700034496817,0.9951927730279078,0.9953831334905503,0.03313404418901123,0.6685254935298127,0.030415065268946585,0.1785831028413377,101,39770,0.993671679197995,0.995289106866288,0.9956146179401993,0.9957305204997803,0.9950964578359894,0.9951517566580328,1.883489239155106e-06,1.8207062645166023e-06,1.7893147771973507e-06,0.00027484377812302786,0.40130751822982147,0.3896404324867991,0.3784259492079457,0.4004777470455117,0.38971586623082727,0.37860196127734475,/common/users/shared/pracsys/adaptive_roa_experiments/stoch_compare_amarel/fm_low_tb10,0.9992631089182162,0.998796738849291
fm,low,tb10,8,1.2403336174567424e-05,100.0,0.004859203188121026,90.0,0.006365602212723159,8.530332083027083e-05,-3.3542365096129204e-05,0.22800588549619796,0.011884568592640005,0.009374797721103586,0.2285198977460717,0.22841573332694834,0.2284157333269483,0.9959014332411366,0.9964043248679909,0.9959768669851647,-0.0019289805269186722,0.00037630546565461655,2.2892021717211922e-05,0.0005993155707043898,3.887948990533019e-16,0.9948849907427746,0.9953845657295936,0.9946808510638298,0.03435759180748314,0.6685254935298127,0.030415065268946585,0.18624515966809152,101,39770,0.9944792973651192,0.9958667011108241,0.9958064301404513,0.9952910152571106,0.9949028969610942,0.9935578136414956,8.161786703005454e-07,1.1175369485653615e-06,1.8599456236656662e-06,0.0003763054656546162,0.40080462660296706,0.38933869751068645,0.37774704551169225,0.4004777470455117,0.38971586623082727,0.37860196127734475,/common/users/shared/pracsys/adaptive_roa_experiments/stoch_compare_amarel/fm_low_tb10,0.9992198222089691,0.9983525413938278
fm,low,tb10,9,1.3604462185485027e-05,100.0,0.004837025057177264,90.0,0.006553991003827566,7.89016419299656e-05,-3.9196335582143165e-05,0.2279229015246706,0.011809797751210879,0.009374797721103586,0.2285198977460717,0.22841573332694834,0.2284157333269483,0.9947447824993714,0.9961528790545637,0.995951722403822,-0.0002601346632023032,0.0004536354666959578,2.4915545132903642e-05,0.0006758978633314398,3.57895137137465e-16,0.9934550465036169,0.9950697644443013,0.9946509850825609,0.034335413676514624,0.6685254935298127,0.030415065268946585,0.18290797083228563,101,39770,0.9910033737348495,0.9939487575640531,0.9951469219518682,0.9959188798894958,0.9961933027937286,0.9941555422726971,1.3184424674085726e-06,1.6700271253841912e-06,2.762450884094151e-06,0.0004536354666959575,0.4024641689715866,0.3905959265778225,0.3782247925572039,0.4004777470455117,0.38971586623082727,0.37860196127734475,/common/users/shared/pracsys/adaptive_roa_experiments/stoch_compare_amarel/fm_low_tb10,0.9992161969485283,0.9980139920307213
fm,low,tb10,10,1.3047136443074636e-05,100.0,0.0051418780853833106,90.0,0.006857681669600202,9.97044994938638e-05,-2.5619929101874836e-05,0.2280157793689637,0.012532442859573868,0.009374797721103586,0.2285198977460717,0.22841573332694834,0.2284157333269483,0.9958511440784511,0.9959768669851647,0.9955745536836812,-0.0021927471852038125,0.00037433402888307923,2.201657044454005e-05,0.0006038228766021911,3.1279232676206803e-16,0.9948235294117647,0.994836044410018,0.9941415351840756,0.03464026670479371,0.6685254935298127,0.030415065268946585,0.17870932863967817,101,39770,0.994168547780286,0.9952857604133032,0.9965298631965298,0.9954793746468261,0.9943867346280405,0.9917646277478913,2.8252338587326536e-07,1.4314518217578791e-06,1.5460307504731482e-06,0.00037433402888307994,0.40100578325370884,0.3893638420920292,0.37679155142066884,0.4004777470455117,0.38971586623082727,0.37860196127734475,/common/users/shared/pracsys/adaptive_roa_experiments/stoch_compare_amarel/fm_low_tb10,0.9992482420179774,0.9983611723087951
fm,low,tb10,11,1.2228843823491963e-05,100.0,0.004691870820402277,90.0,0.0063596792668957625,8.601139087778842e-05,-3.3311991296989285e-05,0.22800148418731667,0.011932338217477773,0.009374797721103586,0.2285198977460717,0.22841573332694834,0.2284157333269483,0.9951722403821976,0.9964546140306764,0.9955242645209957,-0.0009015729332551068,0.00038093714833507976,2.0689270948430892e-05,0.0006044249496332306,3.9367380882948666e-16,0.9939804364183596,0.9954526397265133,0.9940785096473719,0.03419025943975366,0.6685254935298127,0.030415065268946585,0.1758058838320342,101,39770,0.9926733045275221,0.9951637864328089,0.995867493168033,0.9952910152571106,0.9957416607523066,0.9922959420867371,1.161485030812314e-06,1.0421973789991577e-06,1.2792031082595085e-06,0.0003809371483350802,0.40153381946190597,0.3899421674629117,0.37724415388483784,0.4004777470455117,0.38971586623082727,0.37860196127734475,/common/users/shared/pracsys/adaptive_roa_experiments/stoch_compare_amarel/fm_low_tb10,0.9992413292751062,0.9983322639697949
fm,low,tb10,12,1.471896608021798e-05,100.0,0.004591583013669007,90.0,0.006241723241974688,4.854820250179845e-05,-6.498232530582267e-05,0.2279087023612182,0.01135305278076211,0.009374797721103586,0.2285198977460717,0.22841573332694834,0.2284157333269483,0.9951470958008549,0.996127734473221,0.9953231078702539,-0.0005244042131142971,0.00044204864042469603,2.748556947159425e-05,0.0006597435873556904,3.9670957491244607e-16,0.9939466173195747,0.9950319375443577,0.993817722528751,0.034089971632987146,0.6685254935298127,0.030415065268946585,0.1770915262760875,101,39770,0.9930433692654801,0.9950319375443577,0.9947434959079113,0.9948515100144408,0.9950319375443577,0.9928936707179385,3.2647146812021805e-06,2.498762390612439e-06,3.1548444755847995e-06,0.00044204864042469603,0.4012069399044506,0.38971586623082727,0.37789791299974856,0.4004777470455117,0.38971586623082727,0.37860196127734475,/common/users/shared/pracsys/adaptive_roa_experiments/stoch_compare_amarel/fm_low_tb10,0.9992150418975141,0.9980647189491454
fm,low,tb10,13,1.5383718783227716e-05,100.0,0.004509888902008914,90.0,0.006134579387030986,6.142095483798043e-05,-5.4280566282197975e-05,0.2279688617338433,0.011570152112017843,0.009374797721103586,0.2285198977460717,0.22841573332694834,0.2284157333269483,0.9955242645209957,0.9965300477747046,0.9955996982650239,-0.0012588774341351669,0.00039259102682325545,2.467725762111878e-05,0.000612456967066807,3.966011546951975e-16,0.994417262576841,0.9955437871351072,0.9941754035613247,0.03400827752133701,0.6685254935298127,0.030415065268946585,0.17539954739753583,101,39770,0.9934824841762236,0.9965091473269119,0.9964638377368562,0.995353801720349,0.9945802955029357,0.9918974563326027,6.3410804384888495e-06,3.0889223522143713e-06,2.9821912953289138e-06,0.0003925910268232556,0.40123208448579334,0.38896152879054563,0.376866985164697,0.4004777470455117,0.38971586623082727,0.37860196127734475,/common/users/shared/pracsys/adaptive_roa_experiments/stoch_compare_amarel/fm_low_tb10,0.9992302735188295,0.998281243497963
clf,low,dir00,0,0.0006154173485052689,1.0,0.056383627768905514,90.0,0.024182023549956418,0.0038623068639173567,0.0038623068639173567,0.22017446394131693,0.006513827626422915,0.009374797721103586,0.2285198977460717,0.22841573332694834,0.2284157333269483,0.9784762383706311,0.9758863464923309,0.9734724666834297,0.017317266512157002,0.012439580161668063,0.0003863399526795394,0.012543744580791433,0.00033600391211929294,0.9735671936758893,0.9697562206313665,0.965949068844205,0.08588201638812816,0.6685254935298127,0.030415065268946585,0.0,16,39770,0.9578902594640578,0.9484885872917952,0.9395956297877684,0.9897658064921203,0.9919994838376669,0.9938234708109185,1.0546422214246435e-35,5.416019096090792e-23,0.0002783568901700801,0.012439580161668051,0.4138043751571536,0.40759366356550164,0.40045260246416897,0.4004777470455117,0.38971586623082727,0.37860196127734475,/common/users/shared/pracsys/adaptive_roa_experiments/stoch_compare_amarel/clf_low_dir00,0.9981439978120525,0.9455397402776
clf,low,dir00,1,0.001625895785260748,1.0,0.11542608764639165,90.0,0.04204791246628568,0.017134928970660886,0.017134928970660886,0.22074923913092237,0.0082189406778901,0.009374797721103586,0.2285198977460717,0.22841573332694834,0.2284157333269483,0.959944681921046,0.9576565250188585,0.9551420668845864,0.04196003633804699,0.02655208520332481,0.0006193402899038881,0.026656249622448187,0.001750662036637974,0.9523724100816217,0.948470012239902,0.9440717286350241,0.1449244762657615,0.6685254935298127,0.030415065268946585,0.0,16,39770,0.9090753424657534,0.9020429544264013,0.8940680482156641,1.0,0.9999354797083683,1.0,-1.0904723887205957e-22,2.2924211030516218e-17,0.0006945803214863489,0.026552085203324808,0.44053306512446566,0.43200905204928336,0.4234598943927584,0.4004777470455117,0.38971586623082727,0.37860196127734475,/common/users/shared/pracsys/adaptive_roa_experiments/stoch_compare_amarel/clf_low_dir00,0.9984020642448265,0.8837554453163747
clf,low,dir00,2,0.0002040157861274378,1.0,0.037665489801033625,90.0,0.02031977034293647,0.003763689723629582,0.003763689723629582,0.22469629442957356,0.005198418462557234,0.009374797721103586,0.2285198977460717,0.22841573332694834,0.2284157333269483,0.9836811667085743,0.9791551420668846,0.9751822982147347,0.01868625561515978,0.00894335229724705,0.00025999660123016995,0.009047516716370422,0.0014602236762426921,0.9799932180400135,0.973943108596574,0.9682626451011287,0.06716387842017385,0.6685254935298127,0.030415065268946585,0.0,8,39770,0.9626332364341085,0.9495587153714146,0.9385363421019823,0.9979908331763672,0.9996128782502097,0.9999335857076442,3.1391487319251746e-08,1.2556594927700698e-08,1.9776636992429615e-06,0.008943352297247052,0.41518732713100326,0.41025898918783005,0.40336937389992455,0.4004777470455117,0.38971586623082727,0.37860196127734475,/common/users/shared/pracsys/adaptive_roa_experiments/stoch_compare_amarel/clf_low_dir00,0.9992439396209731,0.9608461634100932
clf,low,dir00,3,0.00022189159507735238,1.0,0.036446013863199365,90.0,0.02135927140116208,0.004111075875660241,0.004111075875660241,0.22453597287526642,0.0059957531332717655,0.009374797721103586,0.2285198977460717,0.22841573332694834,0.2284157333269483,0.9822982147347247,0.9753834548654765,0.9743022378677395,0.020497284244756893,0.009721812773115986,0.00027413579494087935,0.00982597719223936,0.00173097644577384,0.9783717357910906,0.9693823299452697,0.9671762589928058,0.06594440248234175,0.6685254935298127,0.030415065268946585,0.0,6,39770,0.9578896709378572,0.9406409322651129,0.9364388332607749,0.999748854147046,0.9999354797083683,1.0,2.1974041123476197e-07,1.2556594927700677e-07,1.3341382110681977e-07,0.00972181277311598,0.41797837566004525,0.4142821222026653,0.40429972340960524,0.4004777470455117,0.38971586623082727,0.37860196127734475,/common/users/shared/pracsys/adaptive_roa_experiments/stoch_compare_amarel/clf_low_dir00,0.999202806525355,0.9574380773534525
clf,low,dir00,4,0.0003097570622150286,1.0,0.03690122099457733,90.0,0.023825691456350648,0.005411516317110541,0.005411516317110541,0.2244831122580775,0.00910912676426101,0.009374797721103586,0.2285198977460717,0.22841573332694834,0.2284157333269483,0.9739753583102841,0.9758612019109881,0.9772441538848378,0.02343301477266537,0.009905248275308198,0.00025792629983823997,0.010009412694431572,0.0005611108893268189,0.9685171102661596,0.9699568129185705,0.9708205706916009,0.06639960961376677,0.6685254935298127,0.030415065268946585,0.0,9,39770,0.939343875383526,0.9417806137951991,0.9434139616493294,0.9995604947573303,0.9998709594167365,0.9998671714152886,3.1391487319251746e-08,1.2556594927700677e-08,1.5381828781659986e-06,0.009905248275308214,0.42615036459642947,0.41375408599446817,0.401257229067136,0.4004777470455117,0.38971586623082727,0.37860196127734475,/common/users/shared/pracsys/adaptive_roa_experiments/stoch_compare_amarel/clf_low_dir00,0.9992150426656273,0.9566350000018164
clf,low,dir00,5,0.00023805370392937104,1.0,0.03379008907348655,90.0,0.020890952954538092,0.00402775120713068,0.00402775120713068,0.22489587394759045,0.00756825897822242,0.009374797721103586,0.2285198977460717,0.22841573332694834,0.2284157333269483,0.979306009554941,0.9784259492079457,0.9776464671863213,0.020199716767148698,0.008269401222693325,0.00022220212145166628,0.008373565641816695,0.0007217906362047676,0.9747971214209157,0.9730595327807082,0.9713216555372753,0.06328847769264682,0.6685254935298127,0.030415065268946585,0.0,6,39770,0.9514586322333811,0.9477643892592819,0.9443608079287417,0.9993093489043762,0.9997419188334731,0.9998671714152886,1.0924237587099606e-05,1.0271294650859168e-05,9.880470633734487e-06,0.00826940122269332,0.42061855670103093,0.4110887603721398,0.4008549157656525,0.4004777470455117,0.38971586623082727,0.37860196127734475,/common/users/shared/pracsys/adaptive_roa_experiments/stoch_compare_amarel/clf_low_dir00,0.9991598209314597,0.9637967091747716
clf,low,dir00,6,0.0002967040875302544,1.0,0.037704782401070475,90.0,0.023147958947994877,0.005008016325621576,0.005008016325621576,0.22464137677279195,0.007797076117703314,0.009374797721103586,0.2285198977460717,0.22841573332694834,0.2284157333269483,0.975609756097561,0.9762886597938144,0.975157153633392,0.022453002598174805,0.010019727792487283,0.0002705209447341232,0.010123892211610658,0.0012373549127093104,0.9704268292682927,0.9704712697667136,0.9682335541122757,0.06720317102022824,0.6685254935298127,0.030415065268946585,0.0,5,39770,0.9432229004919102,0.9428084692139207,0.9384231847927703,0.9992465624411377,0.9998064391251048,1.0,1.0924237587099606e-05,1.0208511676220665e-05,9.864774890074862e-06,0.010019727792487271,0.4242645209957254,0.4132763389489565,0.40344480764395274,0.4004777470455117,0.38971586623082727,0.37860196127734475,/common/users/shared/pracsys/adaptive_roa_experiments/stoch_compare_amarel/clf_low_dir00,0.9991875028342916,0.956133810720712
clf,low,dir00,7,0.0004587083597133415,1.0,0.047389973097945286,90.0,0.028909621349188595,0.008375892377197948,0.008375892377197948,0.22449191273753652,0.009397146102194491,0.009374797721103586,0.2285198977460717,0.22841573332694834,0.2284157333269483,0.9692481770178527,0.9694996228312799,0.9709580085491577,0.02875752342998522,0.013751052446971666,0.00034326428175154974,0.01385521686609504,0.0014513394803619198,0.963025667382169,0.9623397187121613,0.9630577322885014,0.07688836171716781,0.6685254935298127,0.030415065268946585,0.0,14,39770,0.9286880466472304,0.9274685816876123,0.9288622902270484,1.0,0.9999354797083683,0.9998671714152886,2.562347328208461e-36,2.770209977954862e-36,7.847682107388925e-09,0.013751052446971689,0.43122957002765905,0.420165954236862,0.4075433744028162,0.4004777470455117,0.38971586623082727,0.37860196127734475,/common/users/shared/pracsys/adaptive_roa_experiments/stoch_compare_amarel/clf_low_dir00,0.9992353003357048,0.9397981380411796
clf,low,dir00,8,0.0003169655948673079,1.0,0.04100834362351709,90.0,0.023668100210621986,0.005226615603214091,0.005226615603214091,0.22444991020770005,0.007300842749330869,0.009374797721103586,0.2285198977460717,0.22841573332694834,0.2284157333269483,0.9772190093034951,0.9745788282625094,0.9741010812169978,0.02300250912388321,0.010783464767610319,0.0002972092407815575,0.01088762918673369,0.0015910260451479606,0.9723206647928633,0.968409211636409,0.9669278191625995,0.0705067322426768,0.6685254935298127,0.030415065268946585,0.0,6,39770,0.9469205593573341,0.9389238972370334,0.9359731460185243,0.9991209895146607,0.9998064391251048,1.0,4.237850788098985e-06,1.8207062645166008e-06,1.946272213793608e-06,0.010783464767610319,0.42255468946442043,0.4149861704802615,0.404500880060347,0.4004777470455117,0.38971586623082727,0.37860196127734475,/common/users/shared/pracsys/adaptive_roa_experiments/stoch_compare_amarel/clf_low_dir00,0.9991698712859557,0.9527901838873106
clf,low,dir00,9,0.00042564718877116355,1.0,0.04712616445734189,90.0,0.026598232182029707,0.0068913028850990056,0.0068913028850990056,0.2241589344961651,0.008425910349794324,0.009374797721103586,0.2285198977460717,0.22841573332694834,0.2284157333269483,0.9734221775207442,0.9716369122454112,0.9722906713603219,0.02631661079311971,0.012492823952303996,0.00033449093659011325,0.01259698837142737,0.001344722236421769,0.9678752697322432,0.9648860664923422,0.9646975909789851,0.07662455307654047,0.6685254935298127,0.030415065268946585,0.0,7,39770,0.9379712535344015,0.9322105263157895,0.9318027105637725,0.999748854147046,0.9999354797083683,1.0,3.1391487319251746e-08,1.2556594927700698e-08,1.53033500500907e-06,0.012492823952303993,0.42685441287402565,0.4180286648227307,0.40631128991702287,0.4004777470455117,0.38971586623082727,0.37860196127734475,/common/users/shared/pracsys/adaptive_roa_experiments/stoch_compare_amarel/clf_low_dir00,0.9991540553516663,0.9453066399133632
clf,low,dir00,10,0.0005994631500862174,1.0,0.053073386513605984,90.0,0.031321434465274085,0.009835250158398253,0.009835250158398253,0.223635243250367,0.010434074198734959,0.009374797721103586,0.2285198977460717,0.22841573332694834,0.2284157333269483,0.9651747548403319,0.9673874779984913,0.9696504903193361,0.031082341409346587,0.015450986471188905,0.00038092020639778925,0.015555150890312279,0.0008352462362093069,0.9583245569163181,0.9598364970736692,0.9614635548034864,0.0825717751328587,0.6685254935298127,0.030415065268946585,0.0,8,39770,0.9201433029007281,0.9228295819935691,0.9257870142646335,0.9998116406102844,0.9999354797083683,1.0,3.1705402192444256e-06,1.3058858724808723e-06,4.747956758258464e-06,0.015450986471188963,0.43515212471712345,0.42227809906965047,0.40895147095800854,0.4004777470455117,0.38971586623082727,0.37860196127734475,/common/users/shared/pracsys/adaptive_roa_experiments/stoch_compare_amarel/clf_low_dir00,0.999065344878303,0.9323558572514233
clf,low,dir00,11,0.0003219657456721264,1.0,0.03454520675236442,90.0,0.023100940964658253,0.004898691116966716,0.004898691116966716,0.22377135227601738,0.009256005386038003,0.009374797721103586,0.2285198977460717,0.22841573332694834,0.2284157333269483,0.9757103344229319,0.9753080211214483,0.9768921297460398,0.022014358579336514,0.00992008317329163,0.0002819855567479622,0.010024247592415004,0.00037701100539395786,0.9705344070278185,0.9692721697227612,0.9703538823833027,0.06404359537157102,0.6685254935298127,0.030415065268946585,0.0,16,39770,0.9437622352731803,0.9410049213196428,0.9434198971270857,0.9988698436617065,0.9992902767920511,0.9988709570299529,1.2598595904818012e-35,2.26514228277736e-34,2.6698023633383977e-05,0.009920083173291624,0.4238622076942419,0.4138546643198391,0.4008549157656525,0.4004777470455117,0.38971586623082727,0.37860196127734475,/common/users/shared/pracsys/adaptive_roa_experiments/stoch_compare_amarel/clf_low_dir00,0.99908174162474,0.9565700530834613
clf,low,dir00,12,0.00035332789239941463,1.0,0.03991069630049311,90.0,0.02406614819133164,0.005444374744589298,0.005444374744589298,0.22425279844600593,0.008701389626708635,0.009374797721103586,0.2285198977460717,0.22841573332694834,0.2284157333269483,0.9750314307266784,0.9737742016595423,0.9762886597938144,0.023763796460995374,0.010426947008784111,0.0002853587854170652,0.010531111427907483,0.0008196373832524001,0.9697597222645188,0.9674459252785667,0.9696364748687896,0.06940908491966893,0.6685254935298127,0.030415065268946585,0.0,6,39770,0.9415730337078652,0.9370012091898428,0.9410625,0.9996860676838074,0.9999354797083683,1.0,8.821007936709738e-06,6.680108501536769e-06,6.215514489211843e-06,0.010426947008784097,0.4251948705054061,0.41589137540859944,0.4023133014835303,0.4004777470455117,0.38971586623082727,0.37860196127734475,/common/users/shared/pracsys/adaptive_roa_experiments/stoch_compare_amarel/clf_low_dir00,0.9991013394998989,0.9543510122664832
clf,low,dir00,13,0.0002762882652555199,1.0,0.03325228532515216,90.0,0.022486388574230406,0.004814074959028318,0.004814074959028318,0.22464473194322032,0.008632984812552784,0.009374797721103586,0.2285198977460717,0.22841573332694834,0.2284157333269483,0.9769927080714106,0.9765401056072417,0.976590394769927,0.02193450268067687,0.009238310038438781,0.0002487460945235634,0.009342474457562155,0.0006532336956824418,0.9720653335368648,0.9707624330168281,0.9700074095551046,0.06275067394433692,0.6685254935298127,0.030415065268946585,0.0,8,39770,0.9460423104349893,0.9437606629295637,0.9418793793793794,0.9995604947573303,0.9993547970836828,0.9998671714152886,1.098702056173811e-06,5.148203920357286e-07,5.0697235099828195e-06,0.009238310038438786,0.42313301483530297,0.4126728689967312,0.4019109881820468,0.4004777470455117,0.38971586623082727,0.37860196127734475,/common/users/shared/pracsys/adaptive_roa_experiments/stoch_compare_amarel/clf_low_dir00,0.9992174166688097,0.9595548436883929
clf,low,dir00,14,0.00032836873151177335,1.0,0.03377848203836964,90.0,0.025878231195068956,0.0067016527596166706,0.0067016527596166706,0.22497614597596163,0.011409673154239063,0.009374797721103586,0.2285198977460717,0.22841573332694834,0.2284157333269483,0.968317827508172,0.9750817198893639,0.977319587628866,0.025759964506130117,0.010111864306462314,0.0002419632447319797,0.010216028725585687,-2.937580414106092e-05,0.9619496285558978,0.9690206008315358,0.9709182357492907,0.06327687065761392,0.6685254935298127,0.030415065268946585,0.0,10,39770,0.9266887764007681,0.9399029714978775,0.9434801679303214,1.0,1.0,1.0,1.3061911956714617e-36,1.5498366577611266e-36,-8.838275498592286e-13,0.010111864306462338,0.4321599195373397,0.4146341463414634,0.40128237364847874,0.4004777470455117,0.38971586623082727,0.37860196127734475,/common/users/shared/pracsys/adaptive_roa_experiments/stoch_compare_amarel/clf_low_dir00,0.999302666198984,0.955730438708491
clf,low,dir00,15,0.0003129078168765376,1.0,0.03436166984228662,90.0,0.023452864959318136,0.005265764356549248,0.005265764356549248,0.22485988725008632,0.008584204579884038,0.009374797721103586,0.2285198977460717,0.22841573332694834,0.2284157333269483,0.9756851898415891,0.974805129494594,0.9754840331908474,0.02297010238281357,0.009805457956601366,0.0002526263072913351,0.00990962237572474,0.0009838475231901157,0.9705209889339389,0.9686816278052134,0.968636407501528,0.0638600584614596,0.6685254935298127,0.030415065268946585,0.0,6,39770,0.9432329936003793,0.9394361927856927,0.9392389270118527,0.9994349218308533,0.9998064391251048,0.9999335857076442,2.6494415297448473e-05,4.7451372231780925e-05,4.766797349412124e-05,0.009805457956601347,0.42433995473975356,0.41475986924817704,0.4030676389238119,0.4004777470455117,0.38971586623082727,0.37860196127734475,/common/users/shared/pracsys/adaptive_roa_experiments/stoch_compare_amarel/clf_low_dir00,0.999136362501946,0.9570718802344229
clf,low,dir00,16,0.00036704761431855605,1.0,0.04043019280945351,90.0,0.026207796235828845,0.006744056442988087,0.006744056442988087,0.2246956316263772,0.008851472999860924,0.009374797721103586,0.2285198977460717,0.22841573332694834,0.2284157333269483,0.97264269549912,0.97208951470958,0.9729192858938899,0.02586385938894712,0.0119027094590245,0.00030648248812691287,0.012006873878147872,0.0014385513154652856,0.9669622251913034,0.9654248691751806,0.965470808887179,0.06992858142864732,0.6685254935298127,0.030415065268946585,0.0,6,39770,0.9363128491620112,0.9332731105088828,0.9332465600595017,0.9996860676838074,0.9998709594167365,1.0,1.0987020561738112e-06,5.210986894995789e-06,6.521581239352809e-06,0.011902709459024535,0.42758360573296456,0.4175257731958763,0.40568267538345487,0.4004777470455117,0.38971586623082727,0.37860196127734475,/common/users/shared/pracsys/adaptive_roa_experiments/stoch_compare_amarel/clf_low_dir00,0.9992385832685379,0.9478901506229115
clf,low,dir00,17,0.0003007204006656706,1.0,0.03298143840572774,90.0,0.023428801371867883,0.005313346277914687,0.005313346277914687,0.22457458502241623,0.009468152886959836,0.009374797721103586,0.2285198977460717,0.22841573332694834,0.2284157333269483,0.9733467437767162,0.9758109127483028,0.9769172743273824,0.023061078058125732,0.00959767916680262,0.0002557534875455198,0.009701843585925993,0.00044318458435583033,0.9677791963037268,0.9698942229454841,0.9704157267160812,0.06247982702491841,0.6685254935298127,0.030415065268946585,0.0,9,39770,0.9380119026574745,0.9417198419933152,0.942590621674075,0.9994977082940918,0.9998064391251048,0.9999335857076442,1.0265016353395318e-05,4.922185211658672e-06,8.099003719781988e-06,0.00959767916680261,0.42672868996731206,0.41375408599446817,0.40163439778727683,0.4004777470455117,0.38971586623082727,0.37860196127734475,/common/users/shared/pracsys/adaptive_roa_experiments/stoch_compare_amarel/clf_low_dir00,0.9991913010975773,0.9579815320643226
clf,low,dir00,18,0.00025366763109299244,1.0,0.030074460888052858,90.0,0.022367682786219298,0.004798313910470563,0.004798313910470563,0.2250847598457081,0.009065659707418537,0.009374797721103586,0.2285198977460717,0.22841573332694834,0.2284157333269483,0.9758360573296455,0.9767412622579834,0.9773950213728941,0.021877421462162254,0.008675157582821296,0.00022172648774129968,0.00877932200194467,0.0005458701911105167,0.9706985395005641,0.9710185794404236,0.9710121561925643,0.0595728495072302,0.6685254935298127,0.030415065268946585,0.0,5,39770,0.9435684647302904,0.9438421244975027,0.9436575582852845,0.9994349218308533,0.9998064391251048,1.0,1.1112586511015115e-05,1.0246181461003768e-05,1.80187137212505e-05,0.008675157582821303,0.42418908725169724,0.41282373648478754,0.4012069399044506,0.4004777470455117,0.38971586623082727,0.37860196127734475,/common/users/shared/pracsys/adaptive_roa_experiments/stoch_compare_amarel/clf_low_dir00,0.9992251559463631,0.962020315078717
clf,low,ent05,0,0.0007045497104425506,1.0,0.066721233716419,90.0,0.02764531807420436,0.0052255539920015946,0.0052255539920015946,0.2199780823506846,0.006546025386756478,0.009374797721103586,0.2285198977460717,0.22841573332694834,0.2284157333269483,0.9749057078199648,0.9723661051043501,0.9698013578073925,0.021749078326124934,0.015162497333251125,0.0004315213329451691,0.015266661752374499,0.0014992923649858204,0.969350776979301,0.9655237318442764,0.9614681253809876,0.09621962233566526,0.6685254935298127,0.030415065268946585,0.0,16,39770,0.9487225728884882,0.9396141164977408,0.9299900695134061,0.9908959628304138,0.992902767920511,0.9951517566580328,1.0877021876745724e-35,8.63573220572169e-22,0.00024390490586292628,0.015162497333251148,0.4182801106361579,0.4118179532310787,0.405129494593915,0.4004777470455117,0.38971586623082727,0.37860196127734475,/common/users/shared/pracsys/adaptive_roa_experiments/stoch_compare_amarel/clf_low_ent05,0.998189049425069,0.9336188575436355
clf,low,ent05,1,0.0002800851729108805,1.0,0.03755180452883242,90.0,0.023270497641727055,0.004937366324061945,0.004937366324061945,0.22443861920929875,0.008096775817921828,0.009374797721103586,0.2285198977460717,0.22841573332694834,0.2284157333269483,0.9756851898415891,0.9751822982147347,0.9762132260497862,0.022337375734079214,0.010078245517065562,0.0002636041203994085,0.010182409936188935,0.0011637650753540396,0.9705030046060459,0.9691166807472074,0.9695349735926833,0.06705019314799977,0.6685254935298127,0.030415065268946585,0.0,11,39770,0.9437588989084006,0.9408262454434994,0.941106595811191,0.998807057198468,0.9991612362087877,0.9997343428305772,2.7708305345340975e-36,-3.135108117571578e-23,3.923935914891923e-08,0.010078245517065588,0.42383706311289915,0.4138798089011818,0.4021875785768167,0.4004777470455117,0.38971586623082727,0.37860196127734475,/common/users/shared/pracsys/adaptive_roa_experiments/stoch_compare_amarel/clf_low_ent05,0.9992037810253295,0.9558776211678912
clf,low,ent05,2,0.0002049415935539409,1.0,0.02916184756372433,90.0,0.021026950489660617,0.004253707532138623,0.004253707532138623,0.22527725209120175,0.0076300212893215015,0.009374797721103586,0.2285198977460717,0.22841573332694834,0.2284157333269483,0.9800352024138798,0.9772441538848378,0.9761629368871009,0.020674101872207442,0.008414868942327293,0.00022097864281220135,0.008519033361450665,0.0010226801744420786,0.975678490473565,0.9716327618092343,0.9694803940506085,0.058660236182877926,0.6685254935298127,0.030415065268946585,0.0,10,39770,0.9525689335486572,0.9448305291392344,0.9407685098406748,0.9999372135367615,1.0,1.0,1.4414022053932871e-36,1.4112066349893642e-36,-1.1288093085715496e-21,0.008414868942327298,0.42039225546894643,0.41247171234598945,0.4024390243902439,0.4004777470455117,0.38971586623082727,0.37860196127734475,/common/users/shared/pracsys/adaptive_roa_experiments/stoch_compare_amarel/clf_low_ent05,0.9993460718476869,0.9631598540969046
clf,low,ent05,3,0.00016553182117920082,1.0,0.022071941333512344,90.0,0.019121945307345376,0.0035347163022279604,0.0035347163022279604,0.2251691842560235,0.009091336472571215,0.009374797721103586,0.2285198977460717,0.22841573332694834,0.2284157333269483,0.9806638169474479,0.9795323107870254,0.9803369373899925,0.018870310090408897,0.006620065505797217,0.0001764781157996472,0.006724229924920591,-0.0001611998673555692,0.9764262285031116,0.9744121715076072,0.9746892801657172,0.051570329952688745,0.6685254935298127,0.030415065268946585,0.0,10,39770,0.9539954474661555,0.9501011463250169,0.9506281962245091,0.9999372135367615,1.0,1.0,1.6060737623288735e-36,1.5343730368006582e-36,1.38920957138901e-27,0.0066200655057972214,0.41976364093537843,0.41018355544380186,0.3982650238873523,0.4004777470455117,0.38971586623082727,0.37860196127734475,/common/users/shared/pracsys/adaptive_roa_experiments/stoch_compare_amarel/clf_low_ent05,0.9993479026319798,0.9710174714789833
clf,low,ent05,4,0.000183969391638494,1.0,0.022282080545409557,90.0,0.019617288922065684,0.003659357743445429,0.003659357743445429,0.22481894792789353,0.010038124589151412,0.009374797721103586,0.2285198977460717,0.22841573332694834,0.2284157333269483,0.9790797083228564,0.9788031179280865,0.980563238622077,0.0192356930813516,0.0068997931511947845,0.00018943338760027547,0.007003957570318158,-0.0003563499913054333,0.9745456770482774,0.9735230377838501,0.9749668059198807,0.051780469164608295,0.6685254935298127,0.030415065268946585,0.0,16,39770,0.9503550331165344,0.9484700122399021,0.9513967892807483,1.0,0.9999354797083683,0.9997343428305772,5.877679551837786e-36,5.788148096453473e-36,1.8172670609813088e-14,0.006899793151194787,0.42139803872265524,0.4108624591400553,0.397837566004526,0.4004777470455117,0.38971586623082727,0.37860196127734475,/common/users/shared/pracsys/adaptive_roa_experiments/stoch_compare_amarel/clf_low_ent05,0.9992923084955979,0.9697928288445936
clf,low,ent05,5,0.0003000158477605341,1.0,0.03573079432993881,90.0,0.024737190603253998,0.006048261447435982,0.006048261447435982,0.22497492949967146,0.008762745439451727,0.009374797721103586,0.2285198977460717,0.22841573332694834,0.2284157333269483,0.9755343223535328,0.9726678400804627,0.9742016595423686,0.024624891970742416,0.010724067411890028,0.00027302493128603095,0.010828231831013401,0.0012350021371771817,0.9703597648277332,0.9661212404550413,0.9670520231213874,0.06522918294912859,0.6685254935298127,0.030415065268946585,0.0,10,39770,0.9424260355029586,0.9344627999517665,0.936205931729155,1.0,1.0,1.0,1.2038355203062803e-36,1.0678367894082014e-36,2.735286410292446e-24,0.010724067411890038,0.4249434246919789,0.41704802615036457,0.4044003017349761,0.4004777470455117,0.38971586623082727,0.37860196127734475,/common/users/shared/pracsys/adaptive_roa_experiments/stoch_compare_amarel/clf_low_ent05,0.9993258119618968,0.9530502244495571
clf,low,ent05,6,0.00016579975785209158,1.0,0.023021170345420734,90.0,0.01903603497912699,0.0034786068275381304,0.0034786068275381304,0.22514726752433156,0.008511628385217004,0.009374797721103586,0.2285198977460717,0.22841573332694834,0.2284157333269483,0.9815941664571285,0.9789539854161429,0.9796077445310536,0.018624005579050872,0.0067883357839655534,0.00018298333852265273,0.006892500203088925,4.126315381063929e-05,0.9775294695481336,0.9737032266172359,0.9737752627324172,0.052519558964586446,0.6685254935298127,0.030415065268946585,0.0,5,39770,0.9563337137365607,0.9489283527250459,0.9488908495084447,0.9996860676838074,0.9998064391251048,1.0,2.1974041123476208e-07,1.7579232898780963e-07,1.9619679574532329e-07,0.006788335783965558,0.418632134774956,0.41061101332662814,0.39899421674629115,0.4004777470455117,0.38971586623082727,0.37860196127734475,/common/users/shared/pracsys/adaptive_roa_experiments/stoch_compare_amarel/clf_low_ent05,0.9993301831937078,0.9702807872072065
clf,low,ent05,7,0.00019732211869242171,1.0,0.024701736373827544,90.0,0.020790433338141477,0.004256508036990829,0.004256508036990829,0.22521667317321867,0.009636949540442826,0.009374797721103586,0.2285198977460717,0.22841573332694834,0.2284157333269483,0.9784259492079457,0.9780487804878049,0.9795071662056827,0.02069903117749747,0.007403569305580592,0.0001917960278136949,0.007507733724703964,-5.199888513989122e-05,0.973771093176816,0.9726083273195067,0.973649325875392,0.05420012499302096,0.6685254935298127,0.030415065268946585,0.0,8,39770,0.9488829311885613,0.9466772538480333,0.9486517137096774,1.0,1.0,1.0,1.0575829795890448e-36,1.1424370916796709e-36,2.4585549786019684e-30,0.007403569305580597,0.422051797837566,0.41166708574302235,0.39909479507166207,0.4004777470455117,0.38971586623082727,0.37860196127734475,/common/users/shared/pracsys/adaptive_roa_experiments/stoch_compare_amarel/clf_low_ent05,0.9993548749036643,0.967587305840341
clf,low,ent05,8,0.00017786010327062595,1.0,0.02271821866993238,90.0,0.019934727167142337,0.0038703266943233656,0.0038703266943233656,0.2250959837656014,0.009774532545309852,0.009374797721103586,0.2285198977460717,0.22841573332694834,0.2284157333269483,0.9785516721146593,0.9783505154639175,0.9806135277847624,0.019764633799256755,0.00701338315660771,0.00018407186729061764,0.007117547575731084,-0.0001766930990625892,0.9739183611068642,0.9729746696380929,0.9750364254492472,0.05221660728911932,0.6685254935298127,0.030415065268946585,0.0,8,39770,0.9492192156395279,0.9473716381418092,0.9512888551933283,0.9999372135367615,1.0,1.0,3.635042807204616e-37,6.012095099240651e-37,-1.4680808510317527e-13,0.007013383156607709,0.421875785768167,0.4113653507669097,0.39798843349258234,0.4004777470455117,0.38971586623082727,0.37860196127734475,/common/users/shared/pracsys/adaptive_roa_experiments/stoch_compare_amarel/clf_low_ent05,0.9993372529862925,0.9692955338301108
clf,low,ent05,9,0.00013366493462408548,1.0,0.017918061585296182,90.0,0.01765673835443627,0.002850594672980229,0.002850594672980229,0.22484002913183,0.01033636256059974,0.009374797721103586,0.2285198977460717,0.22841573332694834,0.2284157333269483,0.9817450339451849,0.9811918531556449,0.9827759617802364,0.016944811740847877,0.005589597869938196,0.00015693721285432274,0.00569376228906157,-0.0008367009981603852,0.9777040722314354,0.9764246091780132,0.9777546845062189,0.047416450204524375,0.6685254935298127,0.030415065268946585,0.0,17,39770,0.9568981064021641,0.954464230698133,0.95665988815455,0.9994349218308533,0.9994193173753145,0.9998007571229328,2.062354400397526e-35,4.919686781868935e-19,8.871159206801548e-11,0.005589597869938204,0.4182801106361579,0.4080714106110133,0.395675132009052,0.4004777470455117,0.38971586623082727,0.37860196127734475,/common/users/shared/pracsys/adaptive_roa_experiments/stoch_compare_amarel/clf_low_ent05,0.9993089859876017,0.975528840380109
clf,low,ent05,10,0.00021340885930007893,1.0,0.024574309916091764,90.0,0.020942308028010493,0.004217175289587001,0.004217175289587001,0.22460347633753389,0.010430037175091316,0.009374797721103586,0.2285198977460717,0.22841573332694834,0.2284157333269483,0.9769927080714106,0.9772190093034951,0.9797586120191099,0.0206901631129248,0.007670079912285995,0.0002105198712878723,0.007774244331409367,-0.00035935236671546123,0.9720772681497757,0.9716005266127515,0.9739558057523698,0.054072698535300515,0.6685254935298127,0.030415065268946585,0.0,12,39770,0.9456715354470966,0.9448271657623606,0.9495331819328792,1.0,0.9999354797083683,0.9996679285382214,2.716730799799316e-36,2.502468059280266e-36,6.518983624429425e-16,0.0076700799122859905,0.42348503897410106,0.4124465677646467,0.39859190344480766,0.4004777470455117,0.38971586623082727,0.37860196127734475,/common/users/shared/pracsys/adaptive_roa_experiments/stoch_compare_amarel/clf_low_ent05,0.999282220488758,0.9664205271652314
clf,low,ent05,11,0.00015199060917145703,1.0,0.020636506047796585,90.0,0.0186174656336694,0.0033935162958245385,0.0033935162958245385,0.22524170081548842,0.0092655625524931,0.009374797721103586,0.2285198977460717,0.22841573332694834,0.2284157333269483,0.9809655519235605,0.9803620819713352,0.9812421423183304,0.018428351578387177,0.006183664553966795,0.0001615780028084112,0.006287828973090168,-0.0003838842533176647,0.9767855500015334,0.9754240221529941,0.9758263123784835,0.05013489466697503,0.6685254935298127,0.030415065268946585,0.0,9,39770,0.9546816928425849,0.952027027027027,0.952793773334177,0.9999372135367615,1.0,1.0,9.280272967930031e-37,1.1442679916482854e-36,7.847506735964857e-09,0.006183664553966793,0.4194619059592658,0.4093537842594921,0.39735981895901434,0.4004777470455117,0.38971586623082727,0.37860196127734475,/common/users/shared/pracsys/adaptive_roa_experiments/stoch_compare_amarel/clf_low_ent05,0.999362869815374,0.9729280270500646
clf,low,ent05,12,0.00014048048337905858,1.0,0.018156210914152083,90.0,0.017385877841219106,0.002845755147406042,0.002845755147406042,0.22479269851185238,0.010194833671434464,0.009374797721103586,0.2285198977460717,0.22841573332694834,0.2284157333269483,0.9802363590646216,0.9822227809906965,0.9840080462660297,0.016862184043793544,0.0054821350437417255,0.00015641444426634803,0.005586299462865098,-0.000986654918760264,0.9759058304211882,0.9776936425303676,0.9793143823586807,0.047654599533350044,0.6685254935298127,0.030415065268946585,0.0,7,39770,0.9534591194968554,0.9566559644356631,0.9595895213206705,0.9994349218308533,0.9996773985418415,0.9998671714152886,6.4552902951031365e-37,6.558696422845231e-37,1.6798163663947655e-35,0.005482135043741724,0.41978878551672116,0.40724163942670355,0.39449333668594416,0.4004777470455117,0.38971586623082727,0.37860196127734475,/common/users/shared/pracsys/adaptive_roa_experiments/stoch_compare_amarel/clf_low_ent05,0.9992993987613676,0.9759993107134405
clf,low,ent05,13,0.0001401388635952599,1.0,0.01961541660056002,90.0,0.017451726524400364,0.0029961593243471012,0.0029961593243471012,0.22507537472499053,0.008879117973370074,0.009374797721103586,0.2285198977460717,0.22841573332694834,0.2284157333269483,0.9834800100578326,0.9818204676892129,0.9813930098063868,0.017199291410023108,0.005684703127439295,0.00015615295059726974,0.00578886754656267,-0.0006518147988656027,0.9797877249653899,0.9772032161437805,0.9760160757114151,0.049113805219733214,0.6685254935298127,0.030415065268946585,0.0,5,39770,0.9605501266739052,0.9555994079921065,0.9531556624675571,0.9998116406102844,0.9998064391251048,1.0,9.417446195775517e-08,5.0226379710802747e-08,3.923935914906463e-08,0.005684703127439312,0.41684686949962285,0.40774453105355796,0.397208951470958,0.4004777470455117,0.38971586623082727,0.37860196127734475,/common/users/shared/pracsys/adaptive_roa_experiments/stoch_compare_amarel/clf_low_ent05,0.9993412670747636,0.9751124712617657
clf,low,ent05,14,0.00016338070475046705,1.0,0.02187560618165208,90.0,0.019310146255239885,0.003626740971111433,0.003626740971111433,0.22529792280691555,0.009474744830667273,0.009374797721103586,0.2285198977460717,0.22841573332694834,0.2284157333269483,0.9803620819713352,0.9802615036459643,0.9808649735981896,0.019060030456472848,0.0063129264496904905,0.00016097884447430035,0.006417090868813864,-0.0004316250414537247,0.9760613026819923,0.9752981528682463,0.9753522267206478,0.051373994800845424,0.6685254935298127,0.030415065268946585,0.0,7,39770,0.9535273685471314,0.951904176904177,0.9518902516120875,0.9996860676838074,0.9998709594167365,1.0,1.0673105688545592e-06,5.148203920357286e-07,4.0808933515027266e-07,0.006312926449690487,0.4198642192607493,0.4093537842594921,0.39773698767915516,0.4004777470455117,0.38971586623082727,0.37860196127734475,/common/users/shared/pracsys/adaptive_roa_experiments/stoch_compare_amarel/clf_low_ent05,0.9993542024200975,0.9723621207797699
clf,low,ent05,15,0.00014826495431986074,1.0,0.019967832397280814,90.0,0.0183286235614147,0.0032385238321214426,0.0032385238321214426,0.22510895333082226,0.009510518267850526,0.009374797721103586,0.2285198977460717,0.22841573332694834,0.2284157333269483,0.97920543122957,0.981367865225044,0.981996479758612,0.01800682465112562,0.005905906136239132,0.00015204700229827232,0.0060100705553625035,-0.0006393976920083897,0.9746916791627137,0.9766430260047282,0.9767728540842147,0.04946622101645416,0.6685254935298127,0.030415065268946585,0.0,6,39770,0.9507462686567164,0.9547639590780229,0.9547212886042235,0.9998744270735229,0.999548357958578,0.9998671714152886,1.2556594927700699e-07,6.278297463850343e-08,4.708723097887756e-08,0.005905906136239125,0.4211717374905708,0.4079959768669852,0.39650490319336185,0.4004777470455117,0.38971586623082727,0.37860196127734475,/common/users/shared/pracsys/adaptive_roa_experiments/stoch_compare_amarel/clf_low_ent05,0.999347841906681,0.9741440484408945
clf,low,ent05,16,0.00016778531171784185,1.0,0.02145728968981667,90.0,0.018885819153473645,0.003344373947345708,0.003344373947345708,0.22485544871638963,0.009696998629604532,0.009374797721103586,0.2285198977460717,0.22841573332694834,0.2284157333269483,0.981091274830274,0.9812924314810159,0.9811667085743022,0.01832983152725027,0.006182131818284027,0.00016888530376055246,0.0062862962374074,-0.0007225267396203895,0.9769226047996074,0.9765432877230595,0.9757251660994977,0.05095567830903309,0.6685254935298127,0.030415065268946585,0.0,15,39770,0.9554595113752327,0.954867747703311,0.9528421319154323,0.9993721353676147,0.9992257565004193,0.9997343428305772,1.321726362530793e-35,2.718847410429815e-34,7.828123615514044e-14,0.006182131818284031,0.4188835805883832,0.40781996479758614,0.39723409605230076,0.4004777470455117,0.38971586623082727,0.37860196127734475,/common/users/shared/pracsys/adaptive_roa_experiments/stoch_compare_amarel/clf_low_ent05,0.9993095199004978,0.9729347373395024
clf,low,ent05,17,0.00013229238212144608,1.0,0.018317270203234995,90.0,0.017598298270888914,0.003042081128510507,0.003042081128510507,0.22528456926458437,0.009387064257806032,0.009374797721103586,0.2285198977460717,0.22841573332694834,0.2284157333269483,0.9813175760623586,0.9812421423183304,0.9820719135026402,0.017461645851983468,0.005520390250256743,0.0001442330998220492,0.005624554669380116,-0.0006528549406177257,0.977205092805645,0.9764994959677419,0.9768694241686942,0.047815658822403496,0.6685254935298127,0.030415065268946585,0.0,7,39770,0.9554835613150948,0.9540781779008926,0.9548452562151192,0.9999372135367615,1.0,0.9999335857076442,1.0045275942160557e-06,4.14367632614123e-07,2.668276422136398e-07,0.0055203902502567485,0.4191098818204677,0.40847372391249687,0.3964797586120191,0.4004777470455117,0.38971586623082727,0.37860196127734475,/common/users/shared/pracsys/adaptive_roa_experiments/stoch_compare_amarel/clf_low_ent05,0.9993688534065225,0.9758318301027232
clf,low,ent05,18,0.00012500411110007671,1.0,0.017326543044630924,90.0,0.01690086326834963,0.002744805416106756,0.002744805416106756,0.2252344449854995,0.009560639800621867,0.009374797721103586,0.2285198977460717,0.22841573332694834,0.2284157333269483,0.981543877294443,0.9827508171988937,0.9833291425697762,0.016525100697015654,0.005056356567604104,0.00013287335562013033,0.0051605209867274775,-0.0008697371899514823,0.9774680746561887,0.9783445924616453,0.9784537389100126,0.04682493166381374,0.6685254935298127,0.030415065268946585,0.0,9,39770,0.9562736500690732,0.957784782743062,0.9579992363497518,0.9996232812205689,0.9998064391251048,0.9998007571229328,9.417446195775523e-08,5.0226379710802747e-08,3.139148691242505e-07,0.005056356567604112,0.418632134774956,0.4068141815438773,0.3951219512195122,0.4004777470455117,0.38971586623082727,0.37860196127734475,/common/users/shared/pracsys/adaptive_roa_experiments/stoch_compare_amarel/clf_low_ent05,0.9993433575553528,0.9778633612757026
clf,low,ent10,0,0.0007045497104425506,1.0,0.066721233716419,90.0,0.02764531807420436,0.0052255539920015946,0.0052255539920015946,0.2199780823506846,0.006546025386756478,0.009374797721103586,0.2285198977460717,0.22841573332694834,0.2284157333269483,0.9749057078199648,0.9723661051043501,0.9698013578073925,0.021749078326124934,0.015162497333251125,0.0004315213329451691,0.015266661752374499,0.0014992923649858204,0.969350776979301,0.9655237318442764,0.9614681253809876,0.09621962233566526,0.6685254935298127,0.030415065268946585,0.0,16,39770,0.9487225728884882,0.9396141164977408,0.9299900695134061,0.9908959628304138,0.992902767920511,0.9951517566580328,1.0877021876745724e-35,8.63573220572169e-22,0.00024390490586292628,0.015162497333251148,0.4182801106361579,0.4118179532310787,0.405129494593915,0.4004777470455117,0.38971586623082727,0.37860196127734475,/common/users/shared/pracsys/adaptive_roa_experiments/stoch_compare_amarel/clf_low_ent10,0.998189049425069,0.9336188575436355
clf,low,ent10,1,0.000989707848591473,1.0,0.07237728401622512,90.0,0.03866295139747404,0.014608058871305164,0.014608058871305164,0.22358855039598044,0.011482698354924072,0.009374797721103586,0.2285198977460717,0.22841573332694834,0.2284157333269483,0.9605230072919286,0.9618808146844355,0.962559718380689,0.03853756623420598,0.020622793167844558,0.0004747523570187947,0.020726957586967933,0.0011875513655714952,0.9530277644806128,0.9533739312296241,0.9528842198525457,0.10187567263563956,0.6685254935298127,0.030415065268946585,0.0,19,39770,0.9102703320569241,0.91090214516603,0.910008461259519,1.0,1.0,1.0,1.6516052570358325e-16,2.2191305080147936e-12,5.652568959325583e-07,0.02062279316784456,0.4399547397535831,0.42783505154639173,0.41604224289665576,0.4004777470455117,0.38971586623082727,0.37860196127734475,/common/users/shared/pracsys/adaptive_roa_experiments/stoch_compare_amarel/clf_low_ent10,0.9990936290266097,0.9097137799245832
clf,low,ent10,2,0.0008698183132535202,1.0,0.06702179018513203,90.0,0.03665976004347283,0.013201789910236485,0.013201789910236485,0.22354488882828166,0.011061803825963569,0.009374797721103586,0.2285198977460717,0.22841573332694834,0.2284157333269483,0.9624088508926326,0.9627860196127734,0.9639929595172241,0.03649612018996461,0.019317718135183754,0.00045345934675633477,0.01942188255430713,0.0012450837262805992,0.9551710695972893,0.9544306915450459,0.9546059722310276,0.09652017880452092,0.6685254935298127,0.030415065268946585,0.0,19,39770,0.914188956491792,0.912833500206137,0.91315422402814,1.0,1.0,1.0,1.2642230592250526e-19,3.2342441978148006e-13,2.49545867280312e-06,0.019317718135183744,0.43806889615287903,0.42692984661805383,0.4146090017601207,0.4004777470455117,0.38971586623082727,0.37860196127734475,/common/users/shared/pracsys/adaptive_roa_experiments/stoch_compare_amarel/clf_low_ent10,0.9990613736860289,0.9154273751032164
clf,low,ent10,3,0.00032702378092387024,1.0,0.03385907474810596,90.0,0.0225200256214172,0.0047332636513749944,0.0047332636513749944,0.22417590865243067,0.00939101725592462,0.009374797721103586,0.2285198977460717,0.22841573332694834,0.2284157333269483,0.978224792557204,0.9769927080714106,0.9767915514206689,0.02207984141651628,0.009120965228001385,0.0002646182187933189,0.009225129647124759,0.00014787690210872964,0.9735330073349633,0.9713282988123962,0.9702497985495568,0.0633574633673255,0.6685254935298127,0.030415065268946585,0.0,15,39770,0.9484308938248079,0.9442549043499452,0.9425726452905812,1.0,1.0,0.9996015142458657,9.93148620850538e-36,4.462313652797434e-33,-5.773250946078758e-12,0.009120965228001371,0.4222529544883078,0.4127231581594166,0.40150867488056324,0.4004777470455117,0.38971586623082727,0.37860196127734475,/common/users/shared/pracsys/adaptive_roa_experiments/stoch_compare_amarel/clf_low_ent10,0.9991153818891392,0.9600685771721956
clf,low,ent10,4,0.0003655651627176484,1.0,0.03833383770470205,90.0,0.02581640020360935,0.006593683514044871,0.006593683514044871,0.2246784494556408,0.009749215164441072,0.009374797721103586,0.2285198977460717,0.22841573332694834,0.2284157333269483,0.9733970329394016,0.9735227558461151,0.9744782499371385,0.025774864443307205,0.01105671061253202,0.00028843879074261637,0.011160875031655394,0.0007257432271796163,0.9678536703937775,0.9671461108857757,0.9673937485945582,0.06783222632393719,0.6685254935298127,0.030415065268946585,0.0,15,39770,0.9377097438916692,0.9363823102948284,0.9368466898954704,1.0,1.0,1.0,7.550971814032692e-36,6.1593304845829834e-27,7.596981113047488e-13,0.011056710612532019,0.42708071410611015,0.4161931103847121,0.4041237113402062,0.4004777470455117,0.38971586623082727,0.37860196127734475,/common/users/shared/pracsys/adaptive_roa_experiments/stoch_compare_amarel/clf_low_ent10,0.9992766975147305,0.9515939184596109
clf,low,ent10,5,0.00030945552072542587,1.0,0.031845454064728045,90.0,0.024546884763429363,0.005850249693907044,0.005850249693907044,0.22470471336459785,0.011326832050557116,0.009374797721103586,0.2285198977460717,0.22841573332694834,0.2284157333269483,0.9720643701282373,0.9765401056072417,0.9780487804878049,0.02429317417720877,0.00931904475895537,0.0002303750712451873,0.009423209178078743,-0.00024222489730215367,0.9662975883512817,0.9707715923686601,0.97181598062954,0.06134384268397718,0.6685254935298127,0.030415065268946585,0.0,10,39770,0.9347928160582228,0.9434904396541225,0.9455333584621184,1.0,0.9996773985418415,0.9996015142458657,9.589984142461506e-37,9.756115884814268e-37,4.071448676722092e-27,0.00931904475895538,0.4284133769172743,0.4129243148101584,0.4002514458134272,0.4004777470455117,0.38971586623082727,0.37860196127734475,/common/users/shared/pracsys/adaptive_roa_experiments/stoch_compare_amarel/clf_low_ent10,0.9992599453679811,0.959201388524247
clf,low,ent10,6,0.0003830641136356538,1.0,0.03720868920006927,90.0,0.02525426412430456,0.006178220192582707,0.006178220192582707,0.22428177932964627,0.010280466077963575,0.009374797721103586,0.2285198977460717,0.22841573332694834,0.2284157333269483,0.9740256474729696,0.9745788282625094,0.9751320090520493,0.025141107688088436,0.010682777841313164,0.00029061340532469124,0.010786942260436541,0.00037060365142839446,0.9685894122297565,0.9684151332437752,0.9682003794090223,0.06670707781933873,0.6685254935298127,0.030415065268946585,0.0,16,39770,0.9390919811320755,0.9387643852210781,0.9384193467963101,1.0,1.0,0.9999335857076442,0.0,1.9632879450476144e-17,8.681484732795552e-11,0.010682777841313192,0.4264520995725421,0.4151370379683178,0.40341966306261,0.4004777470455117,0.38971586623082727,0.37860196127734475,/common/users/shared/pracsys/adaptive_roa_experiments/stoch_compare_amarel/clf_low_ent10,0.9991902329615856,0.9532309894519301
clf,low,ent10,7,0.00013564957741442072,1.0,0.019006732648862133,90.0,0.017753009145467926,0.003066673670667021,0.003066673670667021,0.22526945454652514,0.009433096880066941,0.009374797721103586,0.2285198977460717,0.22841573332694834,0.2284157333269483,0.9809906965049032,0.9814181543877294,0.982449082222781,0.01754187362580131,0.005606097542301788,0.00014505272496559147,0.005710261961425161,-0.0006068549087884182,0.976816927322907,0.9767148753820462,0.9773435471306153,0.0485051212680313,0.6685254935298127,0.030415065268946585,0.0,6,39770,0.9546844092789066,0.9544894691464466,0.9558123293759127,1.0,1.0,0.9998671714152886,3.2678615104116683e-37,-4.361889554882557e-23,-2.726180971801575e-23,0.0056060975423017955,0.4194870505406085,0.4082977118430978,0.39605230072919284,0.4004777470455117,0.38971586623082727,0.37860196127734475,/common/users/shared/pracsys/adaptive_roa_experiments/stoch_compare_amarel/clf_low_ent10,0.9993577181800181,0.9754566051092577
clf,low,ent10,8,0.0001795224439866181,1.0,0.021665155435027894,90.0,0.019824879744965596,0.003611193146560916,0.003611193146560916,0.22466491356698254,0.011091821942631003,0.009374797721103586,0.2285198977460717,0.22841573332694834,0.2284157333269483,0.977495599698265,0.9808649735981896,0.9822730701533819,0.019092217586435974,0.006647450614929512,0.00017379592637651925,0.006751615034052885,-0.0007145622915971954,0.9726542210272235,0.9760262105031031,0.9771126189007563,0.05116354405426086,0.6685254935298127,0.030415065268946585,0.0,14,39770,0.9473276990834425,0.9536444225560207,0.9557347897878826,0.9993721353676147,0.9994838376669463,0.9994686856611543,6.970720206978429e-36,7.198562680453042e-36,2.5225373816122436e-14,0.006647450614929519,0.42247925572039224,0.40844857933115414,0.39592657782247925,0.4004777470455117,0.38971586623082727,0.37860196127734475,/common/users/shared/pracsys/adaptive_roa_experiments/stoch_compare_amarel/clf_low_ent10,0.9992620422150513,0.9708975799604201
clf,low,ent10,9,0.00018485790611762288,1.0,0.022646770922785647,90.0,0.021266839363636807,0.004487602124257387,0.004487602124257387,0.2252792665798587,0.011573672581375332,0.009374797721103586,0.2285198977460717,0.22841573332694834,0.2284157333269483,0.9746794065878803,0.9788031179280865,0.982172491828011,0.02116967713070308,0.006920104891878982,0.00016606754207483372,0.0070242693110023555,-0.0007039639794680433,0.9693557712790237,0.9735247008573851,0.9769976965253219,0.05214515954201803,0.6685254935298127,0.030415065268946585,0.0,7,39770,0.940533837250502,0.9484151266674825,0.9550298109856653,1.0,1.0,1.0,4.660412295177436e-37,8.623094468737124e-37,1.11361017212606e-18,0.006920104891878968,0.4257983404576314,0.41091274830274077,0.39642946944933366,0.4004777470455117,0.38971586623082727,0.37860196127734475,/common/users/shared/pracsys/adaptive_roa_experiments/stoch_compare_amarel/clf_low_ent10,0.9993653295814081,0.9697039044067348
clf,low,ent10,10,0.00014679189358902587,1.0,0.01937106361656219,90.0,0.01732499247092757,0.0029129161699363686,0.0029129161699363686,0.22507114705878822,0.00936924125551686,0.009374797721103586,0.2285198977460717,0.22841573332694834,0.2284157333269483,0.9824993713854664,0.98262509429218,0.9823485038974101,0.017087434677263532,0.005451361644241226,0.000154441026455819,0.005555526063364598,-0.0008061407938552406,0.9786175115207373,0.9781929497901347,0.9772137107244872,0.04886945223575199,0.6685254935298127,0.030415065268946585,0.0,8,39770,0.9581303013896408,0.9573758339510748,0.9556853533109009,1.0,0.9999354797083683,0.9997343428305772,8.752377856339142e-37,5.66041531295593e-37,5.408085972781068e-24,0.005451361644241232,0.41797837566004525,0.4070404827759618,0.39605230072919284,0.4004777470455117,0.38971586623082727,0.37860196127734475,/common/users/shared/pracsys/adaptive_roa_experiments/stoch_compare_amarel/clf_low_ent10,0.9993186112502361,0.976134036106706
clf,low,ent10,11,0.00021056880365748676,1.0,0.02646916996961809,90.0,0.019975401172086488,0.003939501491622836,0.003939501491622836,0.22497944472143017,0.008753108062071682,0.009374797721103586,0.2285198977460717,0.22841573332694834,0.2284157333269483,0.9808649735981896,0.9788785516721147,0.9792557203922555,0.019918776754981566,0.007318526222099982,0.00020636138267824574,0.007422690641223356,-5.7263875041019784e-05,0.9766671776789821,0.9736164331930397,0.9733346261999417,0.055967558588808045,0.6685254935298127,0.030415065268946585,0.0,7,39770,0.9543983700862896,0.9485892649488953,0.9480544012089157,1.0,1.0,1.0,1.3707898550878856e-36,-2.180944777441179e-23,-1.36308953975711e-23,0.00731852622209998,0.4196127734473221,0.4108373145587126,0.39934624088508924,0.4004777470455117,0.38971586623082727,0.37860196127734475,/common/users/shared/pracsys/adaptive_roa_experiments/stoch_compare_amarel/clf_low_ent10,0.9993097680603165,0.9679596229405772
clf,low,ent10,12,0.00019280884627484245,1.0,0.02265522734813748,90.0,0.021143289692528915,0.004330074761417108,0.004330074761417108,0.2249859049528576,0.0118040256536369,0.009374797721103586,0.2285198977460717,0.22841573332694834,0.2284157333269483,0.9758109127483028,0.9793311541362836,0.9817701785265275,0.020990259024480724,0.006952766838302367,0.0001748153549074046,0.00705693125742574,-0.0008071362972054642,0.9706850316918577,0.9741671904462603,0.9764908070949122,0.05215361596740178,0.6685254935298127,0.030415065268946585,0.0,16,39770,0.9430398484220499,0.949635439004963,0.9540615891521987,1.0,1.0,1.0,5.660758794197699e-36,5.997633002241727e-23,8.37479604363426e-12,0.006952766838302371,0.424666834297209,0.41038471209454364,0.3968317827508172,0.4004777470455117,0.38971586623082727,0.37860196127734475,/common/users/shared/pracsys/adaptive_roa_experiments/stoch_compare_amarel/clf_low_ent10,0.9993368214393216,0.9695609109887787
clf,low,ent10,13,0.00019008008334466783,1.0,0.023633134982045913,90.0,0.020191330057262365,0.004019954970146645,0.004019954970146645,0.2251467945387333,0.009724560057039429,0.009374797721103586,0.2285198977460717,0.22841573332694834,0.2284157333269483,0.9792808649735982,0.9789288408348001,0.9804878048780488,0.02011490720021018,0.006960310892561832,0.00018181925794928124,0.0070644753116852034,-0.0003285828657998589,0.9747842585225535,0.9736775976881519,0.9748769748769749,0.053131523601234854,0.6685254935298127,0.030415065268946585,0.0,5,39770,0.9508089069309295,0.9487053926669523,0.9510454172193797,1.0,1.0,0.9999335857076442,3.1391487319251746e-08,1.2556594927700655e-08,7.847871829812908e-09,0.00696031089256184,0.4211968820719135,0.4107870253960272,0.3980638672366105,0.4004777470455117,0.38971586623082727,0.37860196127734475,/common/users/shared/pracsys/adaptive_roa_experiments/stoch_compare_amarel/clf_low_ent10,0.999352575614313,0.9695278832540006
clf,low,ent10,14,0.0001496864050897908,1.0,0.01949514280846176,90.0,0.019019388811778143,0.003419995807252906,0.003419995807252906,0.22505510334643003,0.010717435967251103,0.009374797721103586,0.2285198977460717,0.22841573332694834,0.2284157333269483,0.9803620819713352,0.9803117928086498,0.9824239376414383,0.018599728966242828,0.00596905039240283,0.00015285013644517948,0.006073214811526203,-0.0008115753953683831,0.976067171268348,0.9753548833842183,0.9773088784288265,0.048993531427693734,0.6685254935298127,0.030415065268946585,0.0,16,39770,0.9533101879564229,0.9521878072763028,0.9558674117348235,0.9999372135367615,0.9996773985418415,0.9997343428305772,8.357780017175649e-36,3.0864270464541504e-27,-4.090493702970145e-12,0.005969050392402835,0.42006537591149107,0.4091526276087503,0.3959768669851647,0.4004777470455117,0.38971586623082727,0.37860196127734475,/common/users/shared/pracsys/adaptive_roa_experiments/stoch_compare_amarel/clf_low_ent10,0.9993420707876061,0.9738676040154428
clf,low,ent10,15,0.00018784271903993666,1.0,0.024042562636031602,90.0,0.020723921708207346,0.004238595518149819,0.004238595518149819,0.22531820781613987,0.00965767970561878,0.009374797721103586,0.2285198977460717,0.22841573332694834,0.2284157333269483,0.9788282625094292,0.9789036962534574,0.9795574553683681,0.02064773666954289,0.007148561511133203,0.00017959408851185923,0.007252725930256576,-0.00018755951782506962,0.974247614387081,0.9736470144800076,0.9737122902318363,0.053540951255217406,0.6685254935298127,0.030415065268946585,0.0,6,39770,0.9497882998389886,0.9486473252540091,0.9487712665406427,1.0,1.0,1.0,-1.0904723887206402e-22,1.2556594927700664e-08,7.84787182981286e-09,0.007148561511133189,0.4216494845360825,0.41081216997736986,0.3990445059089766,0.4004777470455117,0.38971586623082727,0.37860196127734475,/common/users/shared/pracsys/adaptive_roa_experiments/stoch_compare_amarel/clf_low_ent10,0.9993835916033985,0.9687037254088757
clf,low,ent10,16,0.00019383564302777827,1.0,0.023428791095981963,90.0,0.021534289865231912,0.004533261209439407,0.004533261209439407,0.22529999855841765,0.011187966278499271,0.009374797721103586,0.2285198977460717,0.22841573332694834,0.2284157333269483,0.9763892381191853,0.9783253708825748,0.9806386723661051,0.02128030057328204,0.007225694621069085,0.00017453971224933138,0.007329859040192459,-0.0004233013569010192,0.9713623471286101,0.9729424320421871,0.9750647668393781,0.052927179715214705,0.6685254935298127,0.030415065268946585,0.0,8,39770,0.9444312655675483,0.9473684210526315,0.9514630601023826,0.9998744270735229,0.9999354797083683,0.9998671714152886,8.338536092168938e-37,9.638346589361025e-37,7.846989609893523e-09,0.007225694621069087,0.4239879306009555,0.411340206185567,0.39786271058586875,0.4004777470455117,0.38971586623082727,0.37860196127734475,/common/users/shared/pracsys/adaptive_roa_experiments/stoch_compare_amarel/clf_low_ent10,0.9993580928127166,0.9683660380315116
clf,low,ent10,17,0.0001659291253916601,1.0,0.0219803674318081,90.0,0.01975897369888534,0.0038441304078696064,0.0038441304078696064,0.2253174120669298,0.009795180134011037,0.009374797721103586,0.2285198977460717,0.22841573332694834,0.2284157333269483,0.979306009554941,0.9795323107870254,0.9808398290168469,0.019693878998318724,0.006566967582853749,0.00016376359526370607,0.006671132001977122,-0.00037548408503439244,0.9748140894206935,0.9744121715076072,0.9753206373882628,0.05147875605099477,0.6685254935298127,0.030415065268946585,0.0,8,39770,0.950865671641791,0.9501011463250169,0.9518300777545989,1.0,1.0,1.0,3.1391487319251746e-08,1.2556594927700698e-08,7.84787328439708e-09,0.006566967582853755,0.4211717374905708,0.41018355544380186,0.39776213226049784,0.4004777470455117,0.38971586623082727,0.37860196127734475,/common/users/shared/pracsys/adaptive_roa_experiments/stoch_compare_amarel/clf_low_ent10,0.9993780546112954,0.9712499332370684
clf,low,ent10,18,0.00020680365809119705,1.0,0.0247561939798368,90.0,0.0211750799887122,0.004316997326273188,0.004316997326273188,0.2250518444111657,0.010457813315396068,0.009374797721103586,0.2285198977460717,0.22841573332694834,0.2284157333269483,0.9774704551169223,0.9790294191601709,0.980286648227307,0.020875925029842108,0.00725586427511812,0.00018062862772413301,0.007360028694241494,-0.00042502196693768816,0.9726395505069012,0.9737966570315446,0.9746212611679399,0.054254582599051124,0.6685254935298127,0.030415065268946585,0.0,8,39770,0.9467926996016883,0.9490477065343866,0.9506788759077992,0.9999372135367615,0.9998709594167365,0.9998007571229328,3.1391487319251746e-08,1.2556594927700698e-08,7.847871829809034e-09,0.007255864275118113,0.4229570027659039,0.4105858687452854,0.3981644455619814,0.4004777470455117,0.38971586623082727,0.37860196127734475,/common/users/shared/pracsys/adaptive_roa_experiments/stoch_compare_amarel/clf_low_ent10,0.9993209553412974,0.968233955825047
fm,med,dir00,0,0.0013829984278487888,100.0,0.0581887098688687,100.0,0.05284485793311542,0.005220080771635343,0.004799459675077611,0.21052114643553677,0.04206210965577322,0.01809249142163399,0.2201276535442131,0.21994672862999676,0.21994672862999678,0.9776967563490068,0.9731455871259743,0.9359316067387478,-0.03596429469449334,0.01422504186953772,0.00026624712441308346,0.014826587880311794,1.0755285551056204e-16,0.9727504531350804,0.9652094598996678,0.9072442664725154,0.11520219271786855,0.6690311268418458,0.057851543368127686,0.45597485541865723,101,39770,0.9792182088075211,0.9767273206751055,0.9748865592239087,0.966367576146005,0.9539600772698004,0.8483796296296297,5.4124346304381566e-05,5.600891997673481e-05,0.0013777629196160986,0.014225041869537646,0.40653759114910737,0.38139300980638674,0.32139803872265527,0.4119436761377923,0.3904953482524516,0.3693236107618808,/common/users/shared/pracsys/adaptive_roa_experiments/stoch_compare_amarel/fm_med_dir00,0.9928876189253765,0.9353250582168573
fm,med,dir00,1,0.0006440277160272233,100.0,0.031940296978720036,100.0,0.029547900427457887,0.0007866509679441097,0.0005086685793104764,0.21371154363712563,0.02779823886336333,0.01809249142163399,0.2201276535442131,0.21994672862999676,0.21994672862999678,0.981367865225044,0.9802112144832789,0.9781493588131758,-0.012440533065124468,0.006743853572181457,0.0002061339448345254,0.007202760875031431,-1.465841337200402e-16,0.9773484547427628,0.9746611288193437,0.9703017668569085,0.08895377982735757,0.6690311268418458,0.057851543368127686,0.42199321096303744,101,39770,0.97893447642376,0.9746925107862708,0.9741302408563782,0.9757675639382286,0.9746297488731488,0.9665032679738562,6.870312376975697e-05,0.00011871290221805653,0.0006447862456599813,0.006743853572181365,0.41061101332662814,0.39047020367110885,0.36643198390746795,0.4119436761377923,0.3904953482524516,0.3693236107618808,/common/users/shared/pracsys/adaptive_roa_experiments/stoch_compare_amarel/fm_med_dir00,0.9949524990248724,0.9693386957187882
fm,med,dir00,2,0.00016258778037975112,100.0,0.01542854897125927,100.0,0.018980135780739253,0.0002092234896631686,-2.4968569220869193e-05,0.21775918027752728,0.02341920588840378,0.01809249142163399,0.2201276535442131,0.21994672862999676,0.21994672862999678,0.9894141312547146,0.9892129746039728,0.9850892632637667,-0.006531053557958261,0.0021625797832486296,5.882434358303835e-05,0.002577696756349007,5.204170427930421e-18,0.987138361897779,0.9862071182844099,0.9798251284319395,0.07244203181974278,0.6690311268418458,0.057851543368127686,0.4187734473221021,101,39770,0.9881345565749236,0.9848455660437937,0.9792587555253315,0.9861441738387353,0.9875724404378622,0.9803921568627451,3.6827922168631284e-05,4.406143405389074e-05,8.540903122245929e-05,0.002162579783248627,0.41111390495348255,0.3915765652501886,0.3697510686447071,0.4119436761377923,0.3904953482524516,0.3693236107618808,/common/users/shared/pracsys/adaptive_roa_experiments/stoch_compare_amarel/fm_med_dir00,0.9963921585342275,0.9901677110784102
fm,med,dir00,3,0.0002978973236322083,100.0,0.02245914190305651,100.0,0.024692984661805382,0.000662179467956612,0.00037048241190451445,0.2173642056548652,0.02916970560520976,0.01809249142163399,0.2201276535442131,0.21994672862999676,0.21994672862999678,0.9923811918531557,0.9899673120442545,0.9825245159668091,-0.010935881317576064,0.0029530053870360637,6.853575447078211e-05,0.0034256273573045008,-5.204170427930421e-18,0.990770917730194,0.9872242323332586,0.9763565232182344,0.07947262475178397,0.6690311268418458,0.057851543368127686,0.4256972592406336,101,39770,0.9888132295719845,0.9818482899178397,0.9757258448357925,0.9927363730696454,0.9926593689632969,0.976988017429194,5.1051119695826814e-05,6.020476324725764e-05,0.00029277067887832354,0.0029530053870360988,0.4135780739250691,0.39479507166205685,0.3698013578073925,0.4119436761377923,0.3904953482524516,0.3693236107618808,/common/users/shared/pracsys/adaptive_roa_experiments/stoch_compare_amarel/fm_med_dir00,0.9956688900061423,0.9865739972336496
fm,med,dir00,4,8.944220290608922e-05,100.0,0.009321131410574031,100.0,0.012690973095297963,0.00011718355797923349,-9.592642035578889e-05,0.2187361521637963,0.021310997833502238,0.01809249142163399,0.2201276535442131,0.21994672862999676,0.21994672862999678,0.990369625345738,0.9921046014583857,0.9917525773195877,-0.0027246668342972096,0.0011146500458444134,4.765265011505711e-05,0.0015086849383957757,-2.6194324487249787e-16,0.9883299308327493,0.9899113224521271,0.9888382222827197,0.06633461425881439,0.6690311268418458,0.057851543368127686,0.4018166960020116,101,39770,0.9867364322219518,0.9878799538283956,0.9885018369846238,0.9899285845083318,0.9919510624597553,0.9891748366013072,3.200219443618994e-05,2.442326203955575e-05,3.741697843407682e-05,0.0011146500458444027,0.4132763389489565,0.3921046014583857,0.36957505657530804,0.4119436761377923,0.3904953482524516,0.3693236107618808,/common/users/shared/pracsys/adaptive_roa_experiments/stoch_compare_amarel/fm_med_dir00,0.9969994104257058,0.9949321817478834
fm,med,dir00,5,9.719066935390975e-05,100.0,0.00989351297057281,100.0,0.012727684184058336,0.00020179358379243567,7.030709191719394e-07,0.21889373679358207,0.020109051287326374,0.01809249142163399,0.2201276535442131,0.21994672862999676,0.21994672862999678,0.9910736736233342,0.9926829268292683,0.9913502640181041,-0.006311792808649737,0.0010536949073333282,3.647009720401389e-05,0.0014357103344229316,-5.362463945113305e-16,0.9891134349412739,0.9906077526385436,0.9882505635630849,0.06690699581878333,0.6690311268418458,0.057851543368127686,0.40326954991199393,101,39770,0.9938986811290521,0.9930757781660519,0.9915695681973955,0.9843740462674724,0.9881519639407598,0.9849537037037037,2.9081359229712303e-05,3.0366526720562488e-05,5.3859121768349826e-05,0.001053694907333327,0.4079959768669852,0.3885592154890621,0.36685944179029417,0.4119436761377923,0.3904953482524516,0.3693236107618808,/common/users/shared/pracsys/adaptive_roa_experiments/stoch_compare_amarel/fm_med_dir00,0.9968393779382836,0.9952093176657067
fm,med,dir00,6,0.0001231845828341656,100.0,0.01236885743322489,100.0,0.015094040734221775,0.0004996008514322045,0.0002826465205955503,0.21843925087540317,0.021695433083665422,0.01809249142163399,0.2201276535442131,0.21994672862999676,0.21994672862999678,0.9902941916017098,0.9919285893889866,0.9870505406084988,-0.008765652501885846,0.001790124275188394,5.8023394433209595e-05,0.0021880035202413877,-7.333543494691952e-16,0.9881456912966033,0.9896072781429079,0.9822908428183349,0.06938234028144799,0.6690311268418458,0.057851543368127686,0.41096555192356043,101,39770,0.9943754249335558,0.9951813505241909,0.9923573959563676,0.9819935298785326,0.9840952994204765,0.9724264705882353,3.065607038450893e-05,2.7359336386241124e-05,4.265371847720356e-05,0.0017901242751883926,0.4068141815438773,0.3861453356801609,0.36190595926577823,0.4119436761377923,0.3904953482524516,0.3693236107618808,/common/users/shared/pracsys/adaptive_roa_experiments/stoch_compare_amarel/fm_med_dir00,0.996723314767153,0.9918611007022532
fm,med,dir00,7,7.964346488028758e-05,100.0,0.009240723376241645,100.0,0.012094292180035205,0.0001461608516934305,-5.323331628761198e-05,0.21889935877609196,0.019939416798104254,0.01809249142163399,0.2201276535442131,0.21994672862999676,0.21994672862999678,0.9906210711591652,0.9925320593412119,0.9929343726426955,-0.005299220517978377,0.0009941365376165477,4.025397542692096e-05,0.0013744556198139301,-6.550749526157418e-16,0.9885740542196354,0.9904029469738586,0.9904203456857464,0.06625420622443126,0.6690311268418458,0.057851543368127686,0.4012396278601961,101,39770,0.9922518755380642,0.9940325614581307,0.9918743598497781,0.9849233962033815,0.9867997424339987,0.9889705882352942,1.5848705816017867e-05,2.4362305478724918e-05,3.4762129720641215e-05,0.0009941365376165392,0.4089011817953231,0.3876540105607242,0.3682423937641438,0.4119436761377923,0.3904953482524516,0.3693236107618808,/common/users/shared/pracsys/adaptive_roa_experiments/stoch_compare_amarel/fm_med_dir00,0.9969109963681255,0.9954801030967415
fm,med,dir00,8,9.955548521488244e-05,100.0,0.009628690243745795,100.0,0.012053557958259995,0.000314747587706974,0.00011182987652423891,0.21901716351562564,0.020291771118273513,0.01809249142163399,0.2201276535442131,0.21994672862999676,0.21994672862999678,0.9923811918531557,0.9930852401307518,0.9916017098315313,-0.007451596680915263,0.0010413949908946135,4.159139322631325e-05,0.0014252376162936886,-7.39425881635114e-16,0.9906955320128973,0.9911006116306916,0.9885733835100923,0.06664217309192524,0.6690311268418458,0.057851543368127686,0.4011199396530048,101,39770,0.9968483500185391,0.9962266605946263,0.993535964791638,0.9846182017945431,0.9860270444301352,0.9836601307189542,3.48722325086419e-05,2.941154060087935e-05,4.6552652499345846e-05,0.0010413949908946144,0.40688961528790546,0.386497359818959,0.3656525018858436,0.4119436761377923,0.3904953482524516,0.3693236107618808,/common/users/shared/pracsys/adaptive_roa_experiments/stoch_compare_amarel/fm_med_dir00,0.9969212330723728,0.9952652399179508
fm,med,dir00,9,0.0001162266425975772,100.0,0.012366951660109609,100.0,0.01548177017852653,0.0008008559352971408,0.0005805448282498003,0.21813301790294454,0.022031110704734045,0.01809249142163399,0.2201276535442131,0.21994672862999676,0.21994672862999678,0.9900427457882827,0.988835805883832,0.9853658536585366,-0.010203922554689465,0.00239425555530157,9.816747916945207e-05,0.0027954915765652497,-4.453902524570452e-16,0.9878326061574388,0.9855496973247412,0.9798866463920377,0.06938043450833921,0.6690311268418458,0.057851543368127686,0.4064199145084234,101,39770,0.9945554661882077,0.9963806264806528,0.9950168444693992,0.9812000244155527,0.9749517063747586,0.9652096949891068,1.1480152289807811e-05,1.6722416521259893e-05,2.0069376185795737e-05,0.0023942555553015635,0.4064118682423938,0.3820970580839829,0.35825999497108374,0.4119436761377923,0.3904953482524516,0.3693236107618808,/common/users/shared/pracsys/adaptive_roa_experiments/stoch_compare_amarel/fm_med_dir00,0.9969214864623884,0.9891143843319931
fm,med,dir00,10,0.00012088613404147584,100.0,0.01217354446834824,100.0,0.014612522001508674,0.0002935165021647019,6.734419320637334e-05,0.21825552760232392,0.02261723089583286,0.01809249142163399,0.2201276535442131,0.21994672862999676,0.21994672862999678,0.9916017098315313,0.9912496856927332,0.9893386975106865,-0.0062941916017098315,0.001758545220878638,7.47865834698269e-05,0.0021656424440533065,-5.659535340374333e-16,0.9897846831416688,0.9887560581583199,0.9855260462893425,0.06918702731664789,0.6690311268418458,0.057851543368127686,0.39323183303997994,101,39770,0.9919082939986514,0.9922827496757458,0.9882924825414213,0.9876701458829275,0.9852543464262717,0.9827750544662309,2.463661000246368e-05,2.396608783332447e-05,5.964796316191793e-05,0.0017585452208786368,0.41018355544380186,0.3877294443047523,0.3672617550917777,0.4119436761377923,0.3904953482524516,0.3693236107618808,/common/users/shared/pracsys/adaptive_roa_experiments/stoch_compare_amarel/fm_med_dir00,0.9967800566002082,0.9920046766240523
fm,med,dir00,11,7.511004617886962e-05,100.0,0.008681096019739732,100.0,0.011982901684686952,0.00035213639831302126,0.0001490290360304012,0.21899425813463017,0.020310736228262006,0.01809249142163399,0.2201276535442131,0.21994672862999676,0.21994672862999678,0.9907216494845361,0.9916519989942167,0.9920543122957003,-0.007643449836560221,0.0011014995313964387,5.083410134352029e-05,0.0014855318078953988,-5.579304379610406e-16,0.9886562759383933,0.9892382495948137,0.9891743747858855,0.06569457886793563,0.6690311268418458,0.057851543368127686,0.4073241136535077,101,39770,0.9959123002601263,0.9960182767624021,0.9955178596055716,0.9815052188243911,0.9825499034127495,0.982911220043573,1.1911927929026247e-05,1.183573222798771e-05,1.678565895312197e-05,0.001101499531396435,0.4059844103595675,0.3852149861704803,0.36464671863213477,0.4119436761377923,0.3904953482524516,0.3693236107618808,/common/users/shared/pracsys/adaptive_roa_experiments/stoch_compare_amarel/fm_med_dir00,0.9971722913804921,0.994991971291151
fm,med,dir00,12,7.710745119553468e-05,100.0,0.009013654527760196,100.0,0.012542117173749057,0.00016798713171117363,-3.766780843710322e-05,0.21874445133722623,0.020565494014827688,0.01809249142163399,0.2201276535442131,0.21994672862999676,0.21994672862999678,0.9907467940658788,0.9918280110636158,0.9904953482524516,-0.005211465929092281,0.0011646094843328937,4.641394273109626e-05,0.0015511893386975107,-5.39499001028787e-16,0.9887247993136835,0.9894974955566328,0.9870945715261182,0.06602713737596883,0.6690311268418458,0.057851543368127686,0.4111694744782499,101,39770,0.9926176561058137,0.9931884528057088,0.990001369675387,0.9848623573216139,0.9858338699291693,0.9842047930283224,1.775359834198156e-05,1.3532356504446039e-05,2.0125951493816864e-05,0.0011646094843328894,0.40872516972592404,0.3876037213980387,0.36716117676640686,0.4119436761377923,0.3904953482524516,0.3693236107618808,/common/users/shared/pracsys/adaptive_roa_experiments/stoch_compare_amarel/fm_med_dir00,0.9970814092669933,0.9947050383900365
fm,med,dir00,13,0.00010226154876091815,100.0,0.010769132672272285,100.0,0.013315815941664573,0.00044899570279819377,0.00023975034502127953,0.21845955847507223,0.020924535777691423,0.01809249142163399,0.2201276535442131,0.21994672862999676,0.21994672862999678,0.9902187578576817,0.9910736736233342,0.9896404324867991,-0.00814055820970581,0.0017269204999453929,7.805491622104673e-05,0.002117090771938647,-4.0939474033052647e-16,0.98804291027572,0.9884833738848338,0.9858467880453452,0.06778261552047078,0.6690311268418458,0.057851543368127686,0.4061453356801609,101,39770,0.9951702786377709,0.9960771493952272,0.9949382887255582,0.9810169077702496,0.9810045074050225,0.9769199346405228,1.1378558021756419e-05,1.2709442933229724e-05,2.572227174942807e-05,0.0017269204999453907,0.4060849886849384,0.3845863716369122,0.36263515212471714,0.4119436761377923,0.3904953482524516,0.3693236107618808,/common/users/shared/pracsys/adaptive_roa_experiments/stoch_compare_amarel/fm_med_dir00,0.9969910629113501,0.9921484601716878
fm,med,ent05,0,0.0012570894792487254,100.0,0.05163917644046082,100.0,0.0470470203671109,0.0045445424704396555,0.004160726640528779,0.21267348844613385,0.038381582991087654,0.01809249142163399,0.2201276535442131,0.21994672862999676,0.21994672862999678,0.9806135277847624,0.9762132260497862,0.9500628614533568,-0.033593160673874786,0.011433966824391769,0.00022843286106245065,0.011998707568518983,8.673617379884035e-17,0.9761985614175901,0.9691273415573396,0.9292785414144292,0.10865265928938142,0.6690311268418458,0.057851543368127686,0.4525665074176515,101,39770,0.9875702685821361,0.9825304393859184,0.9741675377034493,0.9650857596288835,0.956084996780425,0.8883442265795207,8.46280252868134e-05,0.00019989688181792751,0.0015191587105654815,0.011433966824391592,0.4025647472969575,0.3799849132511944,0.3367865225044003,0.4119436761377923,0.3904953482524516,0.3693236107618808,/common/users/shared/pracsys/adaptive_roa_experiments/stoch_compare_amarel/fm_med_ent05,0.993318860787558,0.9480148357031195
fm,med,ent05,1,0.00029292619392825116,100.0,0.02260814347826062,100.0,0.026678149358813175,0.0017593321276349384,0.0014792544842155801,0.21701992758786517,0.028007764341935835,0.01809249142163399,0.2201276535442131,0.21994672862999676,0.21994672862999678,0.9804878048780488,0.9808901181795323,0.9816696002011567,0.004985919034448075,0.004406055526347204,9.900801021122836e-05,0.004867058083982901,4.5102810375396984e-17,0.9767762015921471,0.9760494138409177,0.9755737979561065,0.07962162632684198,0.6690311268418458,0.057851543368127686,0.40957631380437515,101,39770,0.9581938817450532,0.9558079249475373,0.9604803061291812,0.9960935115668681,0.9971667739858339,0.9911492374727668,2.50175885076564e-05,8.663959179423072e-05,0.00017147626630906337,0.004406055526347217,0.4282373648478753,0.40739250691475987,0.3811164194116168,0.4119436761377923,0.3904953482524516,0.3693236107618808,/common/users/shared/pracsys/adaptive_roa_experiments/stoch_compare_amarel/fm_med_ent05,0.9961406526633868,0.9799676241888587
fm,med,ent05,2,9.246169541105858e-05,100.0,0.009758355014115943,100.0,0.014983656022127234,0.0008090897511506607,0.000583848350470487,0.2186460970796225,0.022524140068017364,0.01809249142163399,0.2201276535442131,0.21994672862999676,0.21994672862999678,0.9837566004526025,0.9876288659793815,0.9893386975106865,0.007844606487301987,0.0018844799008439943,6.472937112339934e-05,0.002290646215740508,-7.576404781328705e-16,0.9806331694447774,0.9843600991798588,0.9856465809072443,0.06677183786227853,0.6690311268418458,0.057851543368127686,0.40504425446316317,101,39770,0.9635892299534555,0.9720617780010046,0.9802046862375438,0.9982909113105047,0.996973599484868,0.9911492374727668,6.806815959443566e-06,6.725540545002457e-06,9.096496775651954e-06,0.0018844799008439972,0.42677897912999746,0.40050289162685443,0.373447322102087,0.4119436761377923,0.3904953482524516,0.3693236107618808,/common/users/shared/pracsys/adaptive_roa_experiments/stoch_compare_amarel/fm_med_ent05,0.9972395898160482,0.9914321076172307
fm,med,ent05,3,5.210677428376643e-05,100.0,0.007462129838228495,100.0,0.012301232084485794,0.000479260768857313,0.00026948343809431467,0.21919176218835248,0.020977733076299836,0.01809249142163399,0.2201276535442131,0.21994672862999676,0.21994672862999678,0.9877042997234096,0.9912245411113905,0.9910485290419915,0.005616293688710082,0.0010244498797377852,3.141211981777805e-05,0.0014151521247171234,-8.098990228466718e-16,0.9852395182468532,0.9888622945588,0.9879640273176009,0.0644756126863753,0.6690311268418458,0.057851543368127686,0.4048139300980639,101,39770,0.974561089215335,0.9802594115786144,0.9812625923438549,0.9961545504486358,0.9976175144880876,0.9947576252723311,6.933808794507816e-06,5.668960157267933e-06,9.676727039060525e-06,0.001024449879737785,0.4210711591651999,0.3974101081216998,0.3744028161931104,0.4119436761377923,0.3904953482524516,0.3693236107618808,/common/users/shared/pracsys/adaptive_roa_experiments/stoch_compare_amarel/fm_med_ent05,0.9973246193373628,0.9953422818056041
fm,med,ent05,4,2.9595592550951733e-05,100.0,0.005650780806210037,100.0,0.009584360070404826,0.00011583944443381477,-8.588194344548108e-05,0.21934499412015243,0.02017213878792959,0.01809249142163399,0.2201276535442131,0.21994672862999676,0.21994672862999678,0.9919285893889866,0.9932612522001508,0.9926326376665828,0.0013213477495599695,0.0005158525663982037,2.196136139820435e-05,0.0008984988684938397,-6.286204196070955e-16,0.9902482000182277,0.9914091550198744,0.9900478923949595,0.06266426365432139,0.6690311268418458,0.057851543368127686,0.4087261755091778,101,39770,0.9857263820007258,0.9871058342908209,0.9878668745339931,0.9948116950497466,0.9957501609787508,0.9922385620915033,4.978119134518432e-06,5.282901938672624e-06,7.332502800191992e-06,0.0005158525663982034,0.4157405079205431,0.3939150113150616,0.37095800854915767,0.4119436761377923,0.3904953482524516,0.3693236107618808,/common/users/shared/pracsys/adaptive_roa_experiments/stoch_compare_amarel/fm_med_ent05,0.9973966777733834,0.9976546476975977
fm,med,ent05,5,2.265570757896727e-05,100.0,0.005337108494956994,100.0,0.008814432989690724,7.822727363518269e-05,-0.00011902818261197587,0.21951528237681142,0.019725545624715856,0.01809249142163399,0.2201276535442131,0.21994672862999676,0.21994672862999678,0.9938395775710335,0.9938647221523762,0.9935881317576062,0.0004146341463414626,0.0003124180705724583,1.6127592038541388e-05,0.0006905984410359567,-9.03682510766668e-16,0.9925425379721791,0.9921734667693097,0.9913380209925609,0.06235059134310891,0.6690311268418458,0.057851543368127686,0.4104674377671611,101,39770,0.9899210686095932,0.988495462098939,0.9892210697579825,0.9951779283403528,0.9958789439793947,0.9934640522875817,5.994061815032399e-06,5.039075695349274e-06,8.075029906812656e-06,0.0003124180705724588,0.414131254714609,0.3934121196882072,0.3709077193864722,0.4119436761377923,0.3904953482524516,0.3693236107618808,/common/users/shared/pracsys/adaptive_roa_experiments/stoch_compare_amarel/fm_med_ent05,0.9973808613758706,0.998579573915382
fm,med,ent05,6,2.8017196599355193e-05,100.0,0.006211827195003388,100.0,0.009923811918531558,9.581760987283106e-05,-0.00011551617047528174,0.21941548272059258,0.021133378034811277,0.01809249142163399,0.2201276535442131,0.21994672862999676,0.21994672862999678,0.9934624088508927,0.9938898667337189,0.993336685944179,-0.0007983404576313808,0.00041572973892812967,1.7715850728549122e-05,0.0008079884334925825,-7.793245215825806e-16,0.9920804142552543,0.9921952786253413,0.9909885401435033,0.06322531004320876,0.6690311268418458,0.057851543368127686,0.410118933869751,101,39770,0.9901501793640177,0.9898109580262736,0.9899449690875739,0.9940181895867668,0.9945911139729555,0.9920343137254902,2.7684438044005586e-06,3.007190334321341e-06,3.877472233016597e-06,0.0004157297389281296,0.41355292934372645,0.3923811918531556,0.37010309278350517,0.4119436761377923,0.3904953482524516,0.3693236107618808,/common/users/shared/pracsys/adaptive_roa_experiments/stoch_compare_amarel/fm_med_ent05,0.9974008607272393,0.9981098616855199
fm,med,ent05,7,5.9636745485621425e-05,100.0,0.008976703955890864,100.0,0.012462408850892632,0.0001968809782289311,-2.9161823436198988e-05,0.2188904812159294,0.02260428016651301,0.01809249142163399,0.2201276535442131,0.21994672862999676,0.21994672862999678,0.9925069147598693,0.9938144329896907,0.9898164445561981,-0.004781242142318331,0.0010270855906309765,4.6290769804353365e-05,0.0014340533065124467,-1.6479873021779667e-16,0.9909024300891439,0.9920752528831905,0.9861382072081323,0.06599018680417341,0.6690311268418458,0.057851543368127686,0.409010560724164,101,39770,0.9912050326757467,0.9926508509541001,0.9915341730332439,0.9906000122077764,0.9915003219575016,0.9808006535947712,4.597140629325694e-06,5.404815060334298e-06,1.2215948776170099e-05,0.0010270855906309773,0.4116922303243651,0.39004274578828263,0.3653256223283882,0.4119436761377923,0.3904953482524516,0.3693236107618808,/common/users/shared/pracsys/adaptive_roa_experiments/stoch_compare_amarel/fm_med_ent05,0.9972199973893858,0.9953302983998512
fm,med,ent05,8,1.9558717748461713e-05,100.0,0.0047728117533522695,100.0,0.0080369625345738,3.324003010297125e-05,-0.0001613336930475686,0.21954110227434057,0.019457372315053983,0.01809249142163399,0.2201276535442131,0.21994672862999676,0.21994672862999678,0.9938144329896907,0.9947447824993714,0.9946190595926577,-0.0011362836308775465,0.00024429266260797566,1.7075185742320076e-05,0.0006197912999748555,-6.418476861114186e-16,0.9924977127172918,0.9932739033887941,0.9927230685527747,0.06178629460146165,0.6690311268418458,0.057851543368127686,0.400241890872517,101,39770,0.9917718047174986,0.9928585215209419,0.9916440217391305,0.9932246841237868,0.9936896329684481,0.9938044662309368,6.730620258405025e-06,5.313380219088044e-06,5.745409843976587e-06,0.00024429266260797637,0.4125471460900176,0.39082222780990694,0.3701282373648479,0.4119436761377923,0.3904953482524516,0.3693236107618808,/common/users/shared/pracsys/adaptive_roa_experiments/stoch_compare_amarel/fm_med_ent05,0.9974328296757197,0.9988893098609394
fm,med,ent05,9,2.7239847822569597e-05,100.0,0.005456070796198498,100.0,0.008798089011817955,6.049614453026819e-05,-0.00014255518851352146,0.21949081501436518,0.02030513330437897,0.01809249142163399,0.2201276535442131,0.21994672862999676,0.21994672862999678,0.9937641438270053,0.9945184812672869,0.9937641438270053,-0.002585868745285392,0.00031335842711754204,1.9113653580654944e-05,0.0006973346743776716,-5.144539308443719e-16,0.9924297924297925,0.9929786137593404,0.9915450702304649,0.06246955364435381,0.6690311268418458,0.057851543368127686,0.4077319587628866,101,39770,0.9926115894241925,0.9933625467199382,0.9930346899754166,0.9922480620155039,0.9925949774629749,0.9900599128540305,1.33850448157715e-05,9.336513233923353e-06,7.614617383287205e-06,0.0003133584271175425,0.411792808649736,0.39019361327633895,0.36821724918280113,0.4119436761377923,0.3904953482524516,0.3693236107618808,/common/users/shared/pracsys/adaptive_roa_experiments/stoch_compare_amarel/fm_med_ent05,0.9974076911419248,0.9985752985321974
fm,med,ent05,10,2.201580453347433e-05,100.0,0.0054198768037755155,100.0,0.008913251194367615,6.53825394309914e-05,-0.00014154954226095953,0.21951373510300504,0.020693208169195097,0.01809249142163399,0.2201276535442131,0.21994672862999676,0.21994672862999678,0.993965300477747,0.9946944933366859,0.9940910233844606,-0.002768921297460398,0.0002914439847303815,1.7883736915947153e-05,0.0006793009806386723,-3.913969842672671e-16,0.9926695174098961,0.9932064779934963,0.9919901837145096,0.06243335965195225,0.6690311268418458,0.057851543368127686,0.40976313804375153,101,39770,0.9934584581524729,0.9932384570803013,0.9932427820626578,0.9918818287248977,0.9931745009658725,0.9907407407407407,2.8446395054391043e-06,2.8141612250236855e-06,4.10548786837445e-06,0.00029144398473038123,0.4112899170228816,0.39047020367110885,0.3683932612522002,0.4119436761377923,0.3904953482524516,0.3693236107618808,/common/users/shared/pracsys/adaptive_roa_experiments/stoch_compare_amarel/fm_med_ent05,0.9974903141088469,0.9986749337598894
fm,med,ent05,11,2.318115260274771e-05,100.0,0.005848989567301867,100.0,0.009555695247674129,0.00012882520847471254,-8.459491176210373e-05,0.2195156866983752,0.021342012023681627,0.01809249142163399,0.2201276535442131,0.21994672862999676,0.21994672862999678,0.993965300477747,0.9945436258486297,0.9943927583605733,-0.004165199899421676,0.0003464470198591396,1.7706393127291276e-05,0.0007407920543122959,-3.0422712959943254e-16,0.992663691385951,0.9929970632846032,0.992377371389506,0.06286247241551887,0.6690311268418458,0.057851543368127686,0.4079818959014332,101,39770,0.9942440756842814,0.9953419162838844,0.9964989359511224,0.9910883232619179,0.9906632324533161,0.9882897603485838,2.1334796290793285e-06,2.7532046641928484e-06,3.3914706532257197e-06,0.00034644701985913956,0.4106361579079708,0.388659793814433,0.36628111641941163,0.4119436761377923,0.3904953482524516,0.3693236107618808,/common/users/shared/pracsys/adaptive_roa_experiments/stoch_compare_amarel/fm_med_ent05,0.99749658787561,0.9984248594101987
fm,med,ent05,12,2.8259753138448763e-05,100.0,0.005767844742050861,100.0,0.009464420417400051,0.00013073136015697117,-8.096935328877623e-05,0.21943076106730663,0.021170071344574742,0.01809249142163399,0.2201276535442131,0.21994672862999676,0.21994672862999678,0.9937641438270053,0.9946190595926577,0.992708071410611,-0.003711340206185568,0.00043499820940102557,2.1790276935808757e-05,0.0008276238370631129,-3.329584871702984e-16,0.9924182207276062,0.9930923176242736,0.9900827576773136,0.06278132759021628,0.6690311268418458,0.057851543368127686,0.4040236359064622,101,39770,0.99412016904514,0.9956634304207119,0.9946406486189364,0.9907220899713117,0.9905344494526722,0.9855664488017429,3.225618010631843e-06,3.0986251755675974e-06,3.5575772814897575e-06,0.00043499820940102313,0.41053557958259995,0.38848378174503395,0.3659542368619563,0.4119436761377923,0.3904953482524516,0.3693236107618808,/common/users/shared/pracsys/adaptive_roa_experiments/stoch_compare_amarel/fm_med_ent05,0.9974908138369846,0.9980222565158821
fm,med,ent05,13,2.2375893025005037e-05,100.0,0.005351613026960252,100.0,0.008977118430978126,8.890238875909724e-05,-0.00011876427028799934,0.21949336760005758,0.020766665904709655,0.01809249142163399,0.2201276535442131,0.21994672862999676,0.21994672862999678,0.9938647221523762,0.9944933366859442,0.9936635655016344,-0.0032245411113904954,0.0003345967596508205,1.9138008434224438e-05,0.000723188332914257,-3.690624195140657e-16,0.9925427872860636,0.9929293255416007,0.9913899138991389,0.06236509587511965,0.6690311268418458,0.057851543368127686,0.408436761377923,101,39770,0.9939401358878619,0.9957262189988991,0.9950617283950617,0.9911493621436855,0.9901481004507405,0.9877450980392157,2.1842767631050262e-06,3.6777125034605573e-06,2.8012079558471157e-06,0.00033459675965082086,0.4107870253960272,0.3883077696756349,0.366607995976867,0.4119436761377923,0.3904953482524516,0.3693236107618808,/common/users/shared/pracsys/adaptive_roa_experiments/stoch_compare_amarel/fm_med_ent05,0.9975087518977706,0.9984787372754532
fm,med,ent05,14,2.059061551574456e-05,100.0,0.005008299890290424,100.0,0.008532562232838823,7.514479023637388e-05,-0.00012784096370738863,0.2195048501322865,0.020298575394376253,0.01809249142163399,0.2201276535442131,0.21994672862999676,0.21994672862999678,0.9936132763389489,0.9942167462911743,0.9939904450590897,-0.002739250691475987,0.0003140375340023316,1.8800186376611707e-05,0.0006979482021624341,-5.504494429708906e-16,0.9922328909546816,0.992579208879138,0.9918404970810146,0.0620217827384048,0.6690311268418458,0.057851543368127686,0.404013578073925,101,39770,0.9941785648630431,0.9946973616140714,0.99472711086763,0.9902948177989379,0.9904700579523503,0.9889705882352942,2.1334796290793285e-06,2.43826243323352e-06,3.7451456988796593e-06,0.00031403753400233213,0.4103344229318582,0.38883580588383204,0.36718632134774953,0.4119436761377923,0.3904953482524516,0.3693236107618808,/common/users/shared/pracsys/adaptive_roa_experiments/stoch_compare_amarel/fm_med_ent05,0.9974974995617273,0.9985722109350823
fm,med,ent05,15,2.147454039592819e-05,100.0,0.005417122186443134,100.0,0.008997234096052301,0.00011215488955753485,-9.576128501189594e-05,0.2195120085846377,0.020791617456943082,0.01809249142163399,0.2201276535442131,0.21994672862999676,0.21994672862999678,0.9937138546643198,0.9944681921046015,0.9942670354538596,-0.003604727181292432,0.00033895876034674123,1.9713270905465757e-05,0.000727799849132512,-4.198030811863873e-16,0.9923533370037316,0.9929000193635836,0.9922109866083629,0.06243060503462335,0.6690311268418458,0.057851543368127686,0.40463565501634396,101,39770,0.9945435595610325,0.9952769151138716,0.9957487657707076,0.9901727400354026,0.9905344494526722,0.98869825708061,2.235073897130726e-06,2.4992189940643574e-06,3.2517785346550557e-06,0.00033895876034674,0.4101332662811164,0.38863464923309027,0.36670857430223786,0.4119436761377923,0.3904953482524516,0.3693236107618808,/common/users/shared/pracsys/adaptive_roa_experiments/stoch_compare_amarel/fm_med_ent05,0.9975036871386999,0.9984589051973719
fm,med,ent10,0,0.0012570894792487254,100.0,0.05163917644046082,100.0,0.0470470203671109,0.0045445424704396555,0.004160726640528779,0.21267348844613385,0.038381582991087654,0.01809249142163399,0.2201276535442131,0.21994672862999676,0.21994672862999678,0.9806135277847624,0.9762132260497862,0.9500628614533568,-0.033593160673874786,0.011433966824391769,0.00022843286106245065,0.011998707568518983,8.673617379884035e-17,0.9761985614175901,0.9691273415573396,0.9292785414144292,0.10865265928938142,0.6690311268418458,0.057851543368127686,0.4525665074176515,101,39770,0.9875702685821361,0.9825304393859184,0.9741675377034493,0.9650857596288835,0.956084996780425,0.8883442265795207,8.46280252868134e-05,0.00019989688181792751,0.0015191587105654815,0.011433966824391592,0.4025647472969575,0.3799849132511944,0.3367865225044003,0.4119436761377923,0.3904953482524516,0.3693236107618808,/common/users/shared/pracsys/adaptive_roa_experiments/stoch_compare_amarel/fm_med_ent10,0.993318860787558,0.9480148357031195
fm,med,ent10,1,0.0003107224555902439,100.0,0.015399611593954905,100.0,0.01963012320844858,0.0012888965850951456,0.0010625155253145384,0.21783344980242828,0.022638105978060718,0.01809249142163399,0.2201276535442131,0.21994672862999676,0.21994672862999678,0.9828513955242645,0.982097058083983,0.9824993713854664,0.008999497108373144,0.0031757943528826103,7.963041593274224e-05,0.0035831003268795574,-4.158999533654395e-16,0.9795416366690665,0.97750963421568,0.9766442953020134,0.07241309444219228,0.6690311268418458,0.057851543368127686,0.4060910233844607,101,39770,0.9630743821152599,0.9593874007936508,0.9629433562731604,0.9965818226210096,0.9963296844816484,0.9907407407407407,0.0001656748526248148,0.00021189516487479774,0.00019225083370796016,0.003175794352882609,0.42627608750314305,0.40553180789539855,0.3799849132511944,0.4119436761377923,0.3904953482524516,0.3693236107618808,/common/users/shared/pracsys/adaptive_roa_experiments/stoch_compare_amarel/fm_med_ent10,0.9965210594687359,0.9855610748445136
fm,med,ent10,2,7.821048083432238e-05,100.0,0.01004828374645823,100.0,0.015868493839577575,0.0005837432172924322,0.00033763900189226503,0.21867901808411006,0.024610421540016716,0.01809249142163399,0.2201276535442131,0.21994672862999676,0.21994672862999678,0.9855167211465929,0.9891123962786019,0.9897158662308273,0.0063351772692984655,0.0016053495477785142,4.397485883604974e-05,0.002032378677395021,-4.531965080989409e-16,0.9826808587407541,0.9861921617398512,0.9861059211196794,0.0670617665947301,0.6690311268418458,0.057851543368127686,0.4099632889112397,101,39770,0.9683555555555555,0.9768778823678059,0.9840667163875517,0.9974363669657572,0.9956857694784288,0.9881535947712419,1.9556896599893837e-06,2.7938423714134058e-06,6.169248431003486e-06,0.0016053495477785118,0.4243148101584109,0.39801357807392507,0.37085743022378675,0.4119436761377923,0.3904953482524516,0.3693236107618808,/common/users/shared/pracsys/adaptive_roa_experiments/stoch_compare_amarel/fm_med_ent10,0.9973288335400016,0.9927011892480606
fm,med,ent10,3,4.213001444381932e-05,100.0,0.007182250675324217,100.0,0.011953733970329394,0.0003906129791569522,0.0001752630503999327,0.21915356951557477,0.02153499287570195,0.01809249142163399,0.2201276535442131,0.21994672862999676,0.21994672862999678,0.9892632637666583,0.9906210711591652,0.9912496856927332,0.0053648478752828755,0.0009684221648214608,3.672857512936014e-05,0.0013646970077948203,-4.698932215552176e-16,0.9870790086846007,0.9880895360347415,0.9882305194805195,0.0641957335235158,0.6690311268418458,0.057851543368127686,0.4043281367865225,101,39770,0.978756601056169,0.9800468740102616,0.9818548387096774,0.9955441616309589,0.9962652929813265,0.9946895424836601,2.666849536349161e-06,2.7532046641928484e-06,4.004020593158111e-06,0.0009684221648214622,0.4190093034950968,0.3969575056575308,0.37415137037968316,0.4119436761377923,0.3904953482524516,0.3693236107618808,/common/users/shared/pracsys/adaptive_roa_experiments/stoch_compare_amarel/fm_med_ent10,0.9974291572204106,0.995597014918778
fm,med,ent10,4,3.8659777028093944e-05,100.0,0.007577321425467289,100.0,0.01167965803369374,0.0002321895645693032,1.0168873317529202e-06,0.2191916761487619,0.023117267723755032,0.01809249142163399,0.2201276535442131,0.21994672862999676,0.21994672862999678,0.9903444807643953,0.9932612522001508,0.9934372642695499,0.0034256977621322606,0.0007560693685662254,3.2922316142025374e-05,0.0011681669600201157,-3.900959416602845e-16,0.9883636363636363,0.9914075024046168,0.9911305943521256,0.06459080427375805,0.6690311268418458,0.057851543368127686,0.41332034196630624,101,39770,0.9814045856652825,0.9872924648786717,0.9894158355383676,0.9954220838674236,0.9955569864777849,0.9928513071895425,9.905441135011169e-07,1.4832763135503912e-06,3.3726757136362444e-06,0.0007560693685662264,0.41782750817198894,0.39376414382700525,0.3706059844103596,0.4119436761377923,0.3904953482524516,0.3693236107618808,/common/users/shared/pracsys/adaptive_roa_experiments/stoch_compare_amarel/fm_med_ent10,0.9974338413234053,0.9965624886840754
fm,med,ent10,5,2.098584923710769e-05,100.0,0.005367246502674365,100.0,0.009453105355795827,0.00014746540614507685,-6.606575662671958e-05,0.21942506363227873,0.02135311627717965,0.01809249142163399,0.2201276535442131,0.21994672862999676,0.21994672862999678,0.9924817701785266,0.9934624088508927,0.9938647221523762,0.0019781242142318327,0.00045559924109081767,2.4901914150883847e-05,0.000850055318078954,-4.861562541425002e-16,0.990930874457824,0.9916677349057813,0.9917080133215525,0.062380729350829014,0.6690311268418458,0.057851543368127686,0.42108373145587125,101,39770,0.9848667550946582,0.9871124154651014,0.9900257836884245,0.9970701336751511,0.9962652929813265,0.9933959694989106,1.701703989860893e-06,1.4527980331349722e-06,8.60757436065461e-07,0.0004555992410908174,0.41704802615036457,0.39411616796580334,0.37058083982901685,0.4119436761377923,0.3904953482524516,0.3693236107618808,/common/users/shared/pracsys/adaptive_roa_experiments/stoch_compare_amarel/fm_med_ent10,0.9975509340309155,0.9979285927827677
fm,med,ent10,6,0.00010970448675617816,100.0,0.014451131801974984,100.0,0.0182190093034951,0.0006748776773360318,0.00038281897108823824,0.2186769818124469,0.029205870624779355,0.01809249142163399,0.2201276535442131,0.21994672862999676,0.21994672862999678,0.9925069147598693,0.9937138546643198,0.9877797334674377,-0.007963037465426202,0.001652565788638205,5.1492798410395605e-05,0.0021255494091023384,1.0972125985553305e-16,0.9909350854778853,0.9919552065902948,0.9832817337461299,0.07146461465062245,0.6690311268418458,0.057851543368127686,0.432279607744531,101,39770,0.9876902552907647,0.9914447446288435,0.9937421777221527,0.9942013062320698,0.992466194462331,0.9730392156862745,2.768443804400557e-06,1.5239140207709499e-06,3.7991748005577755e-05,0.0016525657886382042,0.4146592909228061,0.3908976615539351,0.36162936887100827,0.4119436761377923,0.3904953482524516,0.3693236107618808,/common/users/shared/pracsys/adaptive_roa_experiments/stoch_compare_amarel/fm_med_ent10,0.9971408762910644,0.9924865179903711
fm,med,ent10,7,1.5356395883884024e-05,100.0,0.004706987779453006,100.0,0.008443550414885592,3.8663141144080316e-05,-0.00016345469296771907,0.21947685226493902,0.020211783411179948,0.01809249142163399,0.2201276535442131,0.21994672862999676,0.21994672862999678,0.9934875534322354,0.9944933366859442,0.9934875534322354,0.0006773950213728937,0.00030642167208926074,1.7574990523577678e-05,0.0006894644204174001,-7.731445691994132e-16,0.9921087108863228,0.9929643075143766,0.9911961657432271,0.06172047062756374,0.6690311268418458,0.057851543368127686,0.41325345737993463,101,39770,0.9904489597274607,0.9908315701737513,0.9897495078406082,0.993774034059696,0.9951062459755312,0.9926470588235294,1.5747111547966482e-06,1.7474214104840227e-06,1.75599342685086e-06,0.00030642167208926166,0.41332662811164195,0.3921800352024139,0.3704048277596178,0.4119436761377923,0.3904953482524516,0.3693236107618808,/common/users/shared/pracsys/adaptive_roa_experiments/stoch_compare_amarel/fm_med_ent10,0.9975402267224475,0.998606836873647
fm,med,ent10,8,1.3179329607236182e-05,100.0,0.004418889941906194,100.0,0.008092029167714359,2.9145472419540712e-05,-0.00017229604864984056,0.21954248672093163,0.020144152106938127,0.01809249142163399,0.2201276535442131,0.21994672862999676,0.21994672862999678,0.9935629871762636,0.9944681921046015,0.9939904450590897,-0.00023082725672617595,0.00023194586041455542,1.4591759291517723e-05,0.0006143122957002767,-7.205607638338662e-16,0.9921955978294006,0.9929219483945693,0.9918643837015353,0.06143237279001144,0.6690311268418458,0.057851543368127686,0.4204111139049535,101,39770,0.9911078628418296,0.9922196502057613,0.9918306215535435,0.9932857230055545,0.9936252414681263,0.9918981481481481,2.971632340503352e-06,2.153798482689609e-06,1.8226646652595796e-06,0.00023194586041455577,0.41284888106613027,0.39104852904199144,0.36934875534322353,0.4119436761377923,0.3904953482524516,0.3693236107618808,/common/users/shared/pracsys/adaptive_roa_experiments/stoch_compare_amarel/fm_med_ent10,0.9975468969356819,0.9989454452818676
fm,med,ent10,9,1.4590049981701943e-05,100.0,0.004463522309093741,100.0,0.008227558461151623,4.428607903267258e-05,-0.00015402077629454985,0.21951809753121584,0.019830685532722245,0.01809249142163399,0.2201276535442131,0.21994672862999676,0.21994672862999678,0.9932109630374655,0.9945939150113151,0.9932612522001508,0.0010548151873271308,0.00027461032248560533,1.6124098861049318e-05,0.0006538420920291676,-7.594836218260959e-16,0.9917718047174987,0.9930879279858543,0.9909016838674634,0.06147700515719431,0.6690311268418458,0.057851543368127686,0.4123447322102086,101,39770,0.9903231696184043,0.991653290529695,0.9882177681473456,0.9932246841237868,0.9945267224726336,0.9936002178649237,1.0159426805139676e-06,1.5442328743812303e-06,1.5312796052046773e-06,0.00027461032248560533,0.4131506160422429,0.39162685441287404,0.3713351772692985,0.4119436761377923,0.3904953482524516,0.3693236107618808,/common/users/shared/pracsys/adaptive_roa_experiments/stoch_compare_amarel/fm_med_ent10,0.997559174385731,0.9987514689388831
fm,med,ent10,10,1.613550476744523e-05,100.0,0.004934793254793143,100.0,0.008361076188081469,4.369570701927843e-05,-0.0001534773816750574,0.21956418807446546,0.019717308869433594,0.01809249142163399,0.2201276535442131,0.21994672862999676,0.21994672862999678,0.9935629871762636,0.9946693487553432,0.9946944933366859,-0.002127734473221022,0.00022906317385573108,1.4586268337374224e-05,0.0006071611767664069,-5.224770269207646e-16,0.9921688589782807,0.9931701030927835,0.9928189769594663,0.06194827610295284,0.6690311268418458,0.057851543368127686,0.41099773698767916,101,39770,0.9944808977739621,0.9938104448742746,0.9925825110581831,0.9898675456265641,0.992530585962653,0.9930555555555556,2.412863866220669e-06,2.9360743466853615e-06,3.242889036200562e-06,0.00022906317385573143,0.41003268795574555,0.3899924566255972,0.36949962283127985,0.4119436761377923,0.3904953482524516,0.3693236107618808,/common/users/shared/pracsys/adaptive_roa_experiments/stoch_compare_amarel/fm_med_ent10,0.9974886154395614,0.9989585515761815
fm,med,ent10,11,2.3226435928313972e-05,100.0,0.00580022505524577,100.0,0.009258737742016597,6.4488563172609e-05,-0.00014380894548195273,0.21946386451120725,0.020829750865456173,0.01809249142163399,0.2201276535442131,0.21994672862999676,0.21994672862999678,0.9939150113150617,0.9947699270807141,0.9938395775710335,-0.0020573296454614045,0.000339055173307122,1.9403582358805097e-05,0.0007282775961780237,-4.434386885465713e-16,0.9926133935657164,0.9933011272141707,0.9916646820671589,0.06281370790344078,0.6690311268418458,0.057851543368127686,0.40632134774956,101,39770,0.9927345991818792,0.9936211340206186,0.9910914654879293,0.9924922175425747,0.9929813264649067,0.9922385620915033,2.6922481033620095e-06,2.346827591987262e-06,3.181170518359334e-06,0.000339055173307122,0.4118430978124214,0.3902439024390244,0.3697510686447071,0.4119436761377923,0.3904953482524516,0.3693236107618808,/common/users/shared/pracsys/adaptive_roa_experiments/stoch_compare_amarel/fm_med_ent10,0.9974710334395597,0.9984584668505004
fm,med,ent10,12,1.7333539037012998e-05,100.0,0.00493329643234427,100.0,0.008418405833542874,4.5774401023170264e-05,-0.00015730898501218964,0.21954872087960842,0.020308338603535987,0.01809249142163399,0.2201276535442131,0.21994672862999676,0.21994672862999678,0.9939150113150617,0.9946190595926577,0.9940910233844606,-0.0011531305003771694,0.00024069876537565754,1.5418425608623642e-05,0.0006247070656273573,-4.812773443663154e-16,0.9926160981265637,0.9931118836101456,0.992003810949675,0.061946779280493,0.6690311268418458,0.057851543368127686,0.40653909982398795,101,39770,0.9923738637056921,0.9928562234521817,0.9915651996462825,0.9928584508331807,0.9933676754668384,0.9924428104575164,4.266959258158659e-06,3.1291034559830162e-06,2.702407530167134e-06,0.0002406987653756579,0.4121448327885341,0.39069650490319335,0.36965049031933617,0.4119436761377923,0.3904953482524516,0.3693236107618808,/common/users/shared/pracsys/adaptive_roa_experiments/stoch_compare_amarel/fm_med_ent10,0.9975090302814947,0.9989056497140243
fm,med,ent10,13,1.756992886468544e-05,100.0,0.0047581114292085495,100.0,0.00858234850389741,4.0161106258627775e-05,-0.00016206812596809,0.2194288154048086,0.020222923222671777,0.01809249142163399,0.2201276535442131,0.21994672862999676,0.21994672862999678,0.9925823485038974,0.9939150113150617,0.9930349509680664,-0.0014196630626100084,0.00035584509921950206,1.956262779655871e-05,0.0007389992456625598,-5.591230603507746e-16,0.9909953908610849,0.9922015983500903,0.990559929114269,0.06177159427731049,0.6690311268418458,0.057851543368127686,0.4105717877797334,101,39770,0.991146660153865,0.9930976648174429,0.9916751961787785,0.9908441677348471,0.9913071474565357,0.9894471677559913,1.3715226186938536e-06,1.8693345321456983e-06,1.9619758053250593e-06,0.00035584509921950184,0.4118179532310787,0.3897912999748554,0.36849383957757104,0.4119436761377923,0.3904953482524516,0.3693236107618808,/common/users/shared/pracsys/adaptive_roa_experiments/stoch_compare_amarel/fm_med_ent10,0.9975223102821498,0.9983821305211676
fm,med,tb05,0,0.0010613100546116069,100.0,0.05153420230151319,100.0,0.049377420165954235,0.004810663267453614,0.0043926230208843255,0.2128310097963287,0.04180402465692887,0.01809249142163399,0.2201276535442131,0.21994672862999676,0.21994672862999678,0.982097058083983,0.9773447322102087,0.9459642946944934,-0.034329896907216495,0.011508341854552566,0.00020912864553779596,0.012107307015338195,2.0296264668928643e-16,0.978124615951825,0.970702045328911,0.9230659077077291,0.10854768515055882,0.6690311268418458,0.057851543368127686,0.4564822730701534,101,39770,0.9847200742344572,0.9804900479537542,0.9733484333710835,0.971616919978026,0.9611075338055377,0.8777233115468409,2.2909507445589926e-05,4.4853869344691624e-05,0.001306460252512571,0.011508341854552587,0.4064621574050792,0.3827759617802364,0.3330399798843349,0.4119436761377923,0.3904953482524516,0.3693236107618808,/common/users/shared/pracsys/adaptive_roa_experiments/stoch_compare/fm_med_tb05,0.9934274710651415,0.9476766855036414
fm,med,tb05,1,0.00030867163750518693,100.0,0.024358086284021217,100.0,0.028930852401307515,0.0025615435670823263,0.0022786289291261996,0.2166165745314615,0.028291463795612655,0.01809249142163399,0.2201276535442131,0.21994672862999676,0.21994672862999678,0.9780236359064621,0.9770932863967815,0.9778979129997486,0.009746039728438521,0.00560878302766158,0.00012761013773707972,0.006072622579834045,1.1449174941446927e-16,0.9739865468182629,0.9714947276197629,0.9707341434992508,0.0813715691325882,0.6690311268418458,0.057851543368127686,0.40604299723409604,101,39770,0.9504501887888469,0.9449144804918133,0.9498924871310354,0.9987181834828786,0.9996136509980682,0.9925108932461874,1.2292906434218986e-05,1.0768992413448043e-05,6.400261097268651e-05,0.005608783027661572,0.43286396781493586,0.41310032687955744,0.38589388986673373,0.4119436761377923,0.3904953482524516,0.3693236107618808,/common/users/shared/pracsys/adaptive_roa_experiments/stoch_compare/fm_med_tb05,0.9963147452819457,0.974499356900657
fm,med,tb05,2,8.35176211125384e-05,100.0,0.009986750874587478,100.0,0.015724163942670358,0.0007232235371904148,0.00047482776148008037,0.21880421125288943,0.024839577571033444,0.01809249142163399,0.2201276535442131,0.21994672862999676,0.21994672862999678,0.9844857933115414,0.9887855167211466,0.9903444807643953,0.0044176514961025894,0.001617345138587281,4.569420537446484e-05,0.0020466658285139554,-1.3834419720915037e-16,0.9814820372760287,0.9857925586136594,0.986954749286588,0.06700023372284909,0.6690311268418458,0.057851543368127686,0.40463389489565,101,39770,0.9654581955597543,0.9754759803303492,0.984947111472742,0.998046755783434,0.9963296844816484,0.9889705882352942,6.197250351135191e-06,5.100032256180107e-06,1.2980826621762005e-05,0.0016173451385872826,0.42584862962031683,0.39884334925823484,0.370832285642444,0.4119436761377923,0.3904953482524516,0.3693236107618808,/common/users/shared/pracsys/adaptive_roa_experiments/stoch_compare/fm_med_tb05,0.997328722396338,0.992646650629171
fm,med,tb05,3,3.54689311506488e-05,100.0,0.006412346541873098,100.0,0.011364093537842596,0.0002961826620041504,8.037649878787903e-05,0.21921608916070517,0.021580616321627135,0.01809249142163399,0.2201276535442131,0.21994672862999676,0.21994672862999678,0.9904953482524516,0.9904450590897661,0.9913502640181041,0.003660799597686698,0.0008110159680790809,2.8152904276319207e-05,0.0012077470455116922,-3.8315704775637727e-16,0.9885558583106266,0.9878687268548079,0.9883413543008202,0.06342582939001667,0.6690311268418458,0.057851543368127686,0.4060133266281117,101,39770,0.9807172463506938,0.979612511080157,0.9840059387231745,0.9965207837392419,0.9962652929813265,0.9927151416122004,1.473116886745251e-06,1.4324791795246922e-06,1.730340874167882e-06,0.0008110159680790817,0.4185818456122706,0.39713351772692984,0.3725924063364345,0.4119436761377923,0.3904953482524516,0.3693236107618808,/common/users/shared/pracsys/adaptive_roa_experiments/stoch_compare/fm_med_tb05,0.9975079943174103,0.9963126709220422
fm,med,tb05,4,2.4216527751066755e-05,100.0,0.005486581676811294,100.0,0.009683681166708575,0.0001526635622793073,-6.180214076572689e-05,0.21947467969135476,0.021446570304503417,0.01809249142163399,0.2201276535442131,0.21994672862999676,0.21994672862999678,0.9921548906210712,0.99316067387478,0.9928589388986674,0.001280864973598189,0.00041024679787566383,1.7008908694644498e-05,0.0008056374151370379,-6.065026952883912e-16,0.9905351292318894,0.9912881942220229,0.9903401360544216,0.06250006452496468,0.6690311268418458,0.057851543368127686,0.4069547397535831,101,39770,0.9846209516916953,0.9861712974764211,0.9895323545405111,0.9965207837392419,0.9964584674822924,0.9911492374727668,4.571742062312845e-06,3.6065965158245786e-06,3.3230215151261033e-06,0.00041024679787566394,0.416922303243651,0.39456877042997235,0.3699270807141061,0.4119436761377923,0.3904953482524516,0.3693236107618808,/common/users/shared/pracsys/adaptive_roa_experiments/stoch_compare/fm_med_tb05,0.997495907348122,0.9981347901810997
fm,med,tb05,5,2.0692586502605113e-05,100.0,0.005188603191408536,100.0,0.008984158913754087,7.000039331548675e-05,-0.00013641751978585607,0.2194320014356423,0.020641791310134282,0.01809249142163399,0.2201276535442131,0.21994672862999676,0.21994672862999678,0.9929092280613527,0.9939904450590897,0.99316067387478,-0.00015086748805632444,0.0003783096745681609,2.095801168122871e-05,0.0007656525018858437,-4.444144705018083e-16,0.9914197042536359,0.9923247374674845,0.9907495578832812,0.06220208603955266,0.6690311268418458,0.057851543368127686,0.41092833794317324,101,39770,0.9884123035855124,0.989813569094753,0.9898070127752107,0.9944454617591406,0.9948486799742434,0.9916938997821351,2.209675330117875e-06,2.224914470325586e-06,3.5357345138587127e-06,0.000378309674568161,0.41445813427206435,0.39248177017852653,0.370027659039477,0.4119436761377923,0.3904953482524516,0.3693236107618808,/common/users/shared/pracsys/adaptive_roa_experiments/stoch_compare/fm_med_tb05,0.9974942502996064,0.9982799940834557
fm,med,tb05,6,2.417980595090011e-05,100.0,0.005805905858503972,100.0,0.009751822982147348,0.00011535667623788535,-0.00010424047709072385,0.21945741555110182,0.021959715332860924,0.01809249142163399,0.2201276535442131,0.21994672862999676,0.21994672862999678,0.99316067387478,0.9939401558964043,0.9930852401307518,-0.001342469197887856,0.0003850726018038062,1.79337965817677e-05,0.0007855946693487553,-4.047326709888388e-16,0.9917209472210385,0.9922555352035733,0.9906191369606003,0.06281938870670524,0.6690311268418458,0.057851543368127686,0.41350766909730957,101,39770,0.9890717017788841,0.9903778305215216,0.9926847610583168,0.9943844228773728,0.9941403734707018,0.988562091503268,1.9810882270022333e-06,1.5340734475760902e-06,1.1777950488033479e-06,0.00038507260180380663,0.4141563992959517,0.3919788785516721,0.36778979129997486,0.4119436761377923,0.3904953482524516,0.3693236107618808,/common/users/shared/pracsys/adaptive_roa_experiments/stoch_compare/fm_med_tb05,0.9975179237796197,0.9982492460597057
fm,med,tb05,7,2.2850276479421056e-05,100.0,0.005870968345399636,100.0,0.009478249937138548,9.659838655119269e-05,-0.00011984192808625549,0.2195116268364716,0.021644031463744814,0.01809249142163399,0.2201276535442131,0.21994672862999676,0.21994672862999678,0.993789288408348,0.9941664571284888,0.9940910233844606,-0.0016467186321347759,0.00031525986543839204,1.647754531378419e-05,0.00071262509429218,-4.992751004295748e-16,0.9924779973810032,0.9925445080017996,0.9919950948666417,0.06288445119363292,0.6690311268418458,0.057851543368127686,0.40093085240130755,101,39770,0.9903366962440744,0.9906979727995894,0.9926375349376235,0.9946285784044436,0.9943979394719897,0.9913534858387799,3.1494223095932964e-06,2.661769822946592e-06,2.7986046027282922e-06,0.00031525986543839236,0.4137289414131255,0.3919537339703294,0.3688458637163691,0.4119436761377923,0.3904953482524516,0.3693236107618808,/common/users/shared/pracsys/adaptive_roa_experiments/stoch_compare/fm_med_tb05,0.997481455418653,0.9985666535374176
fm,med,tb05,8,1.4981847957435755e-05,100.0,0.004727388919671579,100.0,0.008558712597435254,6.196313587999052e-05,-0.00014512148960543964,0.21954991841506902,0.02070846254854301,0.01809249142163399,0.2201276535442131,0.21994672862999676,0.21994672862999678,0.9935881317576062,0.9947699270807141,0.9934624088508927,-0.0002056826753834554,0.00025168872532211733,1.4265273820726022e-05,0.0006396982650238875,-1.9266272605067414e-16,0.9922338967565097,0.9933170543631924,0.9911456204876721,0.06174087176780639,0.6690311268418458,0.057851543368127686,0.40134624088508924,101,39770,0.9901531728665208,0.9912786969347185,0.9915508312891796,0.9943233839956052,0.9953638119768191,0.9907407407407407,1.574711154796647e-06,2.001407080612513e-06,2.9168984285906447e-06,0.00025168872532211776,0.41367865225044004,0.3921046014583857,0.36902187578576817,0.4119436761377923,0.3904953482524516,0.3693236107618808,/common/users/shared/pracsys/adaptive_roa_experiments/stoch_compare/fm_med_tb05,0.997543136537563,0.9988556832516227
fm,med,tb05,9,1.4036758876048567e-05,100.0,0.004580392188271415,100.0,0.008175006286145339,4.084608415627891e-05,-0.00016383477014992112,0.21956892205733544,0.02046808543062001,0.01809249142163399,0.2201276535442131,0.21994672862999676,0.21994672862999678,0.9944430475232587,0.9948453608247423,0.994417902941916,-0.0008529041991450847,0.00021397180251090235,1.4219914503783165e-05,0.0005995775710334423,-4.90059381963448e-16,0.993256644188814,0.9934064520279181,0.9924381769875332,0.06159387503640325,0.6690311268418458,0.057851543368127686,0.4057777219009303,101,39770,0.9930445393532642,0.9924169397853608,0.9930470347648261,0.9934688396508576,0.9943979394719897,0.9918300653594772,2.336668165182121e-06,2.336668165182122e-06,2.155068411040234e-06,0.00021397180251090297,0.41211968820719136,0.39127483027407595,0.36887100829771186,0.4119436761377923,0.3904953482524516,0.3693236107618808,/common/users/shared/pracsys/adaptive_roa_experiments/stoch_compare/fm_med_tb05,0.9975636985528791,0.9990271653329709
fm,med,tb05,10,1.744584495853945e-05,100.0,0.005225385162876307,100.0,0.008999497108373144,6.369475738425316e-05,-0.00014776098688265533,0.2195164501371515,0.02114557442669085,0.01809249142163399,0.2201276535442131,0.21994672862999676,0.21994672862999678,0.9939150113150617,0.9945184812672869,0.9937641438270053,-0.0013600704048277604,0.00028251750596231364,1.5246705040056542e-05,0.000674898164445562,-2.9089144287786084e-16,0.992622850871845,0.9929867455925878,0.99154622307063,0.062238868011059,0.6690311268418458,0.057851543368127686,0.4057943173246165,101,39770,0.9914743316484989,0.9922206506364922,0.9929000546149646,0.993774034059696,0.9937540244687701,0.9901960784313726,1.600109721809497e-06,1.6966242764583238e-06,1.199764809269461e-06,0.00028251750596231483,0.41289917022881567,0.3910988182046769,0.368317827508172,0.4119436761377923,0.3904953482524516,0.3693236107618808,/common/users/shared/pracsys/adaptive_roa_experiments/stoch_compare/fm_med_tb05,0.997537701534247,0.9987155184906724
fm,med,tb10,0,0.001382679601529783,100.0,0.058179170138502836,100.0,0.052781996479758606,0.005251816958742815,0.004831722984044867,0.21052362941671013,0.042009397469794756,0.01809249142163399,0.2201276535442131,0.21994672862999676,0.21994672862999678,0.9779984913251194,0.9738244908222278,0.9352024138798088,-0.03599295951722404,0.014254822197331625,0.0002673565021483094,0.014855841086245915,1.1796119636642288e-16,0.973124059342077,0.9660878913248852,0.9061578238228761,0.1151926529874961,0.6690311268418458,0.057851543368127686,0.45563163188332917,101,39770,0.9794114010139731,0.977648842882574,0.9740859625773115,0.9669169260819142,0.9547971667739859,0.8470860566448801,3.2256180106318434e-05,5.111207625665763e-05,0.0015414610017703014,0.014254822197331532,0.4066884586371637,0.381367865225044,0.32117173749057076,0.4119436761377923,0.3904953482524516,0.3693236107618808,/common/users/shared/pracsys/adaptive_roa_experiments/stoch_compare_amarel/fm_med_tb10,0.9928922039433142,0.9351896603049202
fm,med,tb10,1,0.00020717532006807158,100.0,0.016547651467450446,100.0,0.01992733215991954,0.0016332529976221745,0.0014215709013260475,0.2176800591694431,0.0211682096296127,0.01809249142163399,0.2201276535442131,0.21994672862999676,0.21994672862999678,0.9803872265526778,0.9825496605481518,0.983882323359316,0.011026653256223283,0.0036882403618787828,0.00011616558561275207,0.004080847372391249,-9.22005527481673e-16,0.9766060824185712,0.9780671259718096,0.9785640236765543,0.0735611343157005,0.6690311268418458,0.057851543368127686,0.4123092783505155,101,39770,0.9600212276667256,0.9604021847070506,0.9616168255011501,0.993774034059696,0.9963940759819704,0.9961192810457516,3.0097301910226254e-05,4.423414430957811e-05,6.0499513617441605e-05,0.003688240361878781,0.42642695499119937,0.405129494593915,0.3825748051294946,0.4119436761377923,0.3904953482524516,0.3693236107618808,/common/users/shared/pracsys/adaptive_roa_experiments/stoch_compare_amarel/fm_med_tb10,0.9965846234693457,0.9832312106442679
fm,med,tb10,2,6.868348653758051e-05,100.0,0.00891381192859435,100.0,0.014419160170983155,0.0006672181149509971,0.00043385945924635187,0.2190674565221254,0.023335865570464517,0.01809249142163399,0.2201276535442131,0.21994672862999676,0.21994672862999678,0.9860699019361328,0.9895649987427709,0.991174251948705,0.007796077445310536,0.0013131315671169833,3.700300964048199e-05,0.0017274151370379686,-7.272828173032764e-16,0.9833232992173389,0.9867762801516745,0.9881117696867061,0.06592729477683903,0.6690311268418458,0.057851543368127686,0.4051367865225044,101,39770,0.9700659262338897,0.9767236485207847,0.9831502325267911,0.9969480559116157,0.99703799098519,0.9931236383442266,1.1632543691884907e-05,8.442483675071059e-06,9.177962679345588e-06,0.001313131567116984,0.42335931606738747,0.3986170480261504,0.3730701533819462,0.4119436761377923,0.3904953482524516,0.3693236107618808,/common/users/shared/pracsys/adaptive_roa_experiments/stoch_compare_amarel/fm_med_tb10,0.9973870286736835,0.9940297745035982
fm,med,tb10,3,4.560151893288948e-05,100.0,0.007632136147247028,100.0,0.012202665325622331,0.00014526461932278694,-8.423210807185344e-05,0.2189688799437719,0.02294967273946404,0.01809249142163399,0.2201276535442131,0.21994672862999676,0.21994672862999678,0.9908473723912496,0.9923560472718129,0.9918028664822731,0.00021272315815941626,0.0008936165781526607,3.181623362327031e-05,0.0013040382197636409,-3.5128150388530344e-16,0.9889388598517077,0.9902351278427343,0.9888699214749062,0.06464561899548833,0.6690311268418458,0.057851543368127686,0.4176032185064118,101,39770,0.9846898638426627,0.9879502627868222,0.9917819476784002,0.9932246841237868,0.992530585962653,0.9859749455337691,2.3620667321949707e-06,1.838856251730278e-06,5.29839506455041e-06,0.0008936165781526586,0.4155142066884586,0.3923057581091275,0.36716117676640686,0.4119436761377923,0.3904953482524516,0.3693236107618808,/common/users/shared/pracsys/adaptive_roa_experiments/stoch_compare_amarel/fm_med_tb10,0.9973968197275751,0.9959371226672985
fm,med,tb10,4,3.2050066180248605e-05,100.0,0.006727543088207411,100.0,0.011026401810409859,0.00018209742448298426,-4.852852320104745e-05,0.21934172984724726,0.023062594768403166,0.01809249142163399,0.2201276535442131,0.21994672862999676,0.21994672862999678,0.9915765652501886,0.9935629871762636,0.9933115413628363,0.0023505154639175256,0.0005564702595479561,2.1899974943789005e-05,0.0009680211214483279,-5.087076593301987e-16,0.9898407884761182,0.9917811737511236,0.9909301691216585,0.06374102593646298,0.6690311268418458,0.057851543368127686,0.4342175006286146,101,39770,0.9836065573770492,0.9889870662056601,0.9925546448087431,0.9961545504486358,0.9945911139729555,0.9893110021786492,1.3207254846681557e-06,1.20897178981162e-06,1.0671207930448619e-06,0.0005564702595479531,0.41719889363842094,0.39270807141061104,0.3681166708574302,0.4119436761377923,0.3904953482524516,0.3693236107618808,/common/users/shared/pracsys/adaptive_roa_experiments/stoch_compare_amarel/fm_med_tb10,0.997484765345634,0.9974699771030281
fm,med,tb10,5,2.917799577358328e-05,100.0,0.006508989639249258,100.0,0.010276087503143072,0.00013674881361186686,-8.520916191915372e-05,0.21943238827685901,0.02219579755310206,0.01809249142163399,0.2201276535442131,0.21994672862999676,0.21994672862999678,0.9929092280613527,0.9937389992456626,0.9941413125471461,-0.0007558461151621832,0.0004291311912181914,1.8374064447277637e-05,0.000832014080965552,-3.961674738262033e-16,0.9914280503374067,0.9920025694555967,0.9920670048687481,0.06352247248749837,0.6690311268418458,0.057851543368127686,0.4298496354035705,101,39770,0.987465940054496,0.9896187119512977,0.9922359190901042,0.9954220838674236,0.9943979394719897,0.9918981481481481,2.5398567012849148e-06,2.4585812868437987e-06,2.846925376470235e-06,0.0004291311912181902,0.41526276087503144,0.3923811918531556,0.3691978878551672,0.4119436761377923,0.3904953482524516,0.3693236107618808,/common/users/shared/pracsys/adaptive_roa_experiments/stoch_compare_amarel/fm_med_tb10,0.9974392221958145,0.9980489312394362
fm,med,tb10,6,1.7407269523879456e-05,100.0,0.005196257889276637,100.0,0.009161428212220267,9.288147559398597e-05,-0.00012177738355318097,0.2195271505591578,0.0214658859147167,0.01809249142163399,0.2201276535442131,0.21994672862999676,0.21994672862999678,0.99316067387478,0.9938898667337189,0.9939150113150617,0.0002582348503897402,0.0002978006872852234,1.5533511980484048e-05,0.0006933844606487303,-5.574967570920464e-16,0.9917264874072272,0.9921917676167218,0.9917631041524848,0.06220974073746254,0.6690311268418458,0.057851543368127686,0.4262378677395021,101,39770,0.988419329412478,0.9902507857097043,0.9916280969234957,0.9950558505768174,0.9941403734707018,0.9918981481481481,1.5747111547966478e-06,9.651455464882689e-07,9.362546765111578e-07,0.00029780068728522355,0.4147095800854916,0.39202916771435753,0.3694241890872517,0.4119436761377923,0.3904953482524516,0.3693236107618808,/common/users/shared/pracsys/adaptive_roa_experiments/stoch_compare_amarel/fm_med_tb10,0.9975522673431398,0.99864603265918
fm,med,tb10,7,1.556628525987811e-05,100.0,0.004736125174576939,100.0,0.008296454614030677,4.148783782363264e-05,-0.0001641921707102859,0.21959028043157092,0.020568000853391853,0.01809249142163399,0.2201276535442131,0.21994672862999676,0.21994672862999678,0.9938647221523762,0.9952225295448831,0.9943424691978878,-0.0009748554186572803,0.00019225602771491635,1.2876621436941296e-05,0.0005788609504651747,-6.290541004760897e-16,0.9925577990605746,0.9938824135488442,0.9923393823839841,0.06174960802273456,0.6690311268418458,0.057851543368127686,0.42307342217752075,101,39770,0.9919526915808083,0.993946419371458,0.9925083429816794,0.9931636452420192,0.993818415969092,0.9921704793028322,6.044858949058097e-06,3.657393649850279e-06,3.112594387424644e-06,0.00019225602771491678,0.4124465677646467,0.3904450590897662,0.3691978878551672,0.4119436761377923,0.3904953482524516,0.3693236107618808,/common/users/shared/pracsys/adaptive_roa_experiments/stoch_compare_amarel/fm_med_tb10,0.9975360950442127,0.9991258973074415
fm,med,tb10,8,2.2004304555161206e-05,100.0,0.0055781424045134925,100.0,0.009253457379934623,6.443023867950894e-05,-0.0001477138575505818,0.2194815306021026,0.02121440962300907,0.01809249142163399,0.2201276535442131,0.21994672862999676,0.21994672862999678,0.9937138546643198,0.9951219512195122,0.9936384209202916,-0.000808901181795324,0.00031748417034310923,1.594638078845074e-05,0.0007105531807895397,-4.569912157026401e-16,0.9923817649926865,0.9937584454024838,0.9913884066850471,0.06259162525270072,0.6690311268418458,0.057851543368127686,0.41727885340709076,101,39770,0.9908720258017404,0.9930555555555556,0.9912871826288203,0.9938961118232313,0.9944623309723116,0.991489651416122,2.057283928040782e-06,2.052204214638212e-06,1.941593455297241e-06,0.00031748417034310956,0.41320090520492836,0.39104852904199144,0.369399044505909,0.4119436761377923,0.3904953482524516,0.3693236107618808,/common/users/shared/pracsys/adaptive_roa_experiments/stoch_compare_amarel/fm_med_tb10,0.9974873932045983,0.9985565406118079
fm,med,tb10,9,1.4256205312835545e-05,100.0,0.004996987108358623,100.0,0.008430978124214231,4.818198198132399e-05,-0.00015628237493965852,0.21958790492523836,0.020446435692098256,0.01809249142163399,0.2201276535442131,0.21994672862999676,0.21994672862999678,0.9939401558964043,0.9946190595926577,0.9949962283127985,-0.0022162433995473988,0.00020254132981817165,1.3901305332894039e-05,0.0005879306009554942,-5.827586677109586e-16,0.9926387488927578,0.9931007801921463,0.9932186062361561,0.06201046995654886,0.6690311268418458,0.057851543368127686,0.4203628363087754,101,39770,0.99345805820494,0.9944473140495868,0.994268949989766,0.99182078984313,0.9917578879587894,0.9921704793028322,1.6509068558351958e-06,2.1030013486639123e-06,2.892960279181032e-06,0.0002025413298181724,0.41126477244153886,0.3894392758360573,0.3685441287402565,0.4119436761377923,0.3904953482524516,0.3693236107618808,/common/users/shared/pracsys/adaptive_roa_experiments/stoch_compare_amarel/fm_med_tb10,0.9975093316668716,0.9990791346110044
fm,med,tb10,10,2.1073420326750297e-05,100.0,0.005586388726418239,100.0,0.00902087000251446,9.490858874213635e-05,-0.00011642120403095541,0.2195248201163593,0.02113297927730918,0.01809249142163399,0.2201276535442131,0.21994672862999676,0.21994672862999678,0.9939401558964043,0.9947950716620568,0.9940155896404325,-0.0029846618053809416,0.000305487309605992,1.959347753457285e-05,0.0006977420165954236,-5.244285908312385e-16,0.9926409966716541,0.9933266707501853,0.99188378120311,0.06259987157460274,0.6690311268418458,0.057851543368127686,0.41692180035202414,101,39770,0.9931565440547476,0.9946413583833689,0.9936458048647171,0.9921259842519685,0.9920154539600773,0.9901279956427015,3.454205113747485e-06,2.9462337734905014e-06,3.1118324304142556e-06,0.0003054873096059933,0.41151621825496604,0.38946442041740004,0.36801609253205936,0.4119436761377923,0.3904953482524516,0.3693236107618808,/common/users/shared/pracsys/adaptive_roa_experiments/stoch_compare_amarel/fm_med_tb10,0.9974742588500809,0.9986110850044971
fm,med,tb10,11,2.4323906516432104e-05,100.0,0.005615193224595284,100.0,0.009172491828011066,0.00014047890668501055,-7.000981254145068e-05,0.21951709649414616,0.021048871922646126,0.01809249142163399,0.2201276535442131,0.21994672862999676,0.21994672862999678,0.9938144329896907,0.9947196379180286,0.9935629871762636,-0.004062610007543376,0.00035962232330851893,1.7982118763634078e-05,0.0007510359567513201,-6.185373394029803e-16,0.9924752232962193,0.9932223082881486,0.991252648124103,0.06262867607274482,0.6690311268418458,0.057851543368127686,0.4161890872516973,101,39770,0.9947268379422405,0.9956645528665717,0.9949924543833173,0.9902337789171702,0.9907920154539601,0.9875408496732027,2.209675330117877e-06,2.0522042146382133e-06,2.4428976717133496e-06,0.000359622323308519,0.410082977118431,0.3885843600704048,0.36655770681418154,0.4119436761377923,0.3904953482524516,0.3693236107618808,/common/users/shared/pracsys/adaptive_roa_experiments/stoch_compare_amarel/fm_med_tb10,0.9975016523690753,0.9983649571623614
fm,med,tb10,12,1.3944783949077311e-05,100.0,0.0046025044670336655,100.0,0.008112144832788534,4.239212143052906e-05,-0.0001568042171120504,0.21956410148661348,0.019919633854257945,0.01809249142163399,0.2201276535442131,0.21994672862999676,0.21994672862999678,0.9940155896404325,0.9953985416142821,0.9937389992456626,-0.0018994216746291183,0.00022582292627049982,1.4188192717731737e-05,0.0006059441790294192,-7.29776482299993e-16,0.9927261613691931,0.9940977261731978,0.9915158949197588,0.06161598731514889,0.6690311268418458,0.057851543368127686,0.4154729695750566,101,39770,0.9941237681336843,0.9958642972536349,0.9924288929813792,0.9913324787889886,0.9923374114616871,0.9906045751633987,1.4985154537581006e-06,2.1334796290793294e-06,2.029853475666894e-06,0.00022582292627049973,0.4107870253960272,0.38911239627860195,0.36864470706562735,0.4119436761377923,0.3904953482524516,0.3693236107618808,/common/users/shared/pracsys/adaptive_roa_experiments/stoch_compare_amarel/fm_med_tb10,0.9975312742991934,0.9989732835415325
fm,med,tb10,13,2.175155755019592e-05,100.0,0.00509180561150167,100.0,0.008670605984410358,4.007761108274314e-05,-0.0001594883528055743,0.2194165091286418,0.019956596388831745,0.01809249142163399,0.2201276535442131,0.21994672862999676,0.21994672862999678,0.9935629871762636,0.994241890872517,0.9935881317576062,-0.00143298969072165,0.00037073114854859894,1.9138425156589668e-05,0.0007512220266532563,-7.796497822343262e-16,0.9921808185705558,0.9926240860630656,0.9913173754639245,0.06210528845960026,0.6690311268418458,0.057851543368127686,0.41599119939653006,101,39770,0.9929693709115364,0.9930398917316492,0.9915537088754172,0.9913935176707562,0.9922086284610432,0.9910811546840959,3.2510165776446905e-06,2.8141612250236872e-06,4.135331184614555e-06,0.00037073114854859927,0.4112899170228816,0.3901684686949962,0.36914759869248176,0.4119436761377923,0.3904953482524516,0.3693236107618808,/common/users/shared/pracsys/adaptive_roa_experiments/stoch_compare_amarel/fm_med_tb10,0.9974702236805062,0.99831445027231
clf,med,dir00,0,0.0008587242513253927,1.0,0.07894308056229966,100.0,0.03816407268451347,0.006502016561471249,0.006502016561471249,0.21190238116541832,0.010710860885613066,0.01809249142163399,0.2201276535442131,0.21994672862999676,0.21994672862999678,0.966431983907468,0.9572039225546894,0.9624842846366608,0.026663589575862033,0.016957156074701978,0.00036505892280488744,0.01713808098891832,0.002410792048652282,0.9602003398622663,0.9475306739009803,0.9512864045971008,0.13595656341025167,0.6690311268418458,0.057851543368127686,0.0,16,39770,0.9384615384615385,0.9089188549798912,0.9139272271016311,0.9829701519868156,0.9895685769478428,0.9918300653594772,2.5398567012849267e-08,2.0318853610279437e-08,3.208842907251816e-05,0.016957156074701985,0.4314810158410862,0.42514458134272065,0.40080462660296706,0.4119436761377923,0.3904953482524516,0.3693236107618808,/common/users/shared/pracsys/adaptive_roa_experiments/stoch_compare_amarel/clf_med_dir00,0.9958374420422188,0.9229033494595503
clf,med,dir00,1,0.0006925322191891433,1.0,0.04910684813184567,100.0,0.03443350167291009,0.007774378962154603,0.007774378962154603,0.21428065194144472,0.014698198943373673,0.01809249142163399,0.2201276535442131,0.21994672862999676,0.21994672862999678,0.9662559718380689,0.9637666582851395,0.9651747548403319,0.028856320359899414,0.013499056648841757,0.0002954436297469597,0.013679981563058096,5.860099813510995e-05,0.9602864583333333,0.9554793462477214,0.9549021523232719,0.10612033097985786,0.6690311268418458,0.057851543368127686,0.0,19,39770,0.9319892009879948,0.9183940131852468,0.9151220121075954,0.9903558566807056,0.9956857694784288,0.9982979302832244,3.431697178466844e-22,7.110637378437059e-08,1.5891769053887265e-05,0.01349905664884177,0.43774201659542367,0.42335931606738747,0.4028916268544129,0.4119436761377923,0.3904953482524516,0.3693236107618808,/common/users/shared/pracsys/adaptive_roa_experiments/stoch_compare_amarel/clf_med_dir00,0.9965652166628329,0.9386257902860178
clf,med,dir00,2,0.0005579041391081924,1.0,0.05235579465711374,100.0,0.031613754855962045,0.0076759268362124435,0.0076759268362124435,0.21640045636839342,0.010968178347035971,0.01809249142163399,0.2201276535442131,0.21994672862999676,0.21994672862999678,0.9728689967312044,0.971561478501383,0.962735730450088,0.02782510072171799,0.011572158654498703,0.00025886432251501104,0.011753083568715041,0.0003499595566829293,0.9679736428126207,0.964828808657524,0.951973556290103,0.10936927750504348,0.6690311268418458,0.057851543368127686,0.0,11,39770,0.9421076958631847,0.933000541288266,0.9083487940630798,0.9953000061038881,0.9989053444945267,1.0,1.269928350642456e-07,2.743045237387706e-07,8.565392648513048e-06,0.01157215865449873,0.4352024138798089,0.41807895398541617,0.4065878803117928,0.4119436761377923,0.3904953482524516,0.3693236107618808,/common/users/shared/pracsys/adaptive_roa_experiments/stoch_compare_amarel/clf_med_dir00,0.9972957939655896,0.9473865388833955
clf,med,dir00,3,0.0010933603755531342,1.0,0.07034635340808709,100.0,0.03932158323003349,0.01216314418105159,0.01216314418105159,0.21445213569081634,0.013300007846639412,0.01809249142163399,0.2201276535442131,0.21994672862999676,0.21994672862999678,0.965979381443299,0.9603218506411868,0.9542368619562485,0.03834376459963062,0.017305543114160712,0.00038448000521622093,0.01748646802837705,-0.0003521940060712894,0.96033072389832,0.9516514492309578,0.9416591870752661,0.12735983625608308,0.6690311268418458,0.057851543368127686,0.0,19,39770,0.9240013540961408,0.9077624503156418,0.8897504240368306,0.9996337667093939,1.0,1.0,8.925862664118242e-24,1.015917432797154e-08,1.8440164882136125e-05,0.017305543114160774,0.4456625597183807,0.4301734976112648,0.4150867488056324,0.4119436761377923,0.3904953482524516,0.3693236107618808,/common/users/shared/pracsys/adaptive_roa_experiments/stoch_compare_amarel/clf_med_dir00,0.9968090717489022,0.9213193884630455
clf,med,dir00,4,0.001091678406647445,1.0,0.0699018399117394,100.0,0.045325857094243964,0.01564585159981345,0.01564585159981345,0.21544777209762614,0.015701813663021924,0.01809249142163399,0.2201276535442131,0.21994672862999676,0.21994672862999678,0.9545385969323611,0.9495599698265024,0.9542368619562485,0.041882432463601585,0.019876369181411658,0.00037293421322381784,0.020057294095627995,-0.0002684389507724011,0.9474754517459764,0.9391789460918076,0.941569282136895,0.1269153227597833,0.6690311268418458,0.057851543368127686,0.0,19,39770,0.9039858085259715,0.887462754985102,0.8908869987849332,0.9953610449856558,0.9972955569864778,0.9983660130718954,7.6476657442746785e-28,2.387461009486405e-06,8.190116318711603e-05,0.01987636918141166,0.4535831028413377,0.43882323359316067,0.4138798089011818,0.4119436761377923,0.3904953482524516,0.3693236107618808,/common/users/shared/pracsys/adaptive_roa_experiments/stoch_compare_amarel/clf_med_dir00,0.9967871510690792,0.9096309851698295
clf,med,dir00,5,0.00109857225770872,1.0,0.062316569397160106,100.0,0.044171108953037524,0.015075651796760242,0.015075651796760242,0.2160473926557296,0.01732912815982549,0.01809249142163399,0.2201276535442131,0.21994672862999676,0.21994672862999678,0.9559215489062107,0.9524013075182298,0.9541614282122203,0.04385674194973287,0.018656487865043286,0.00036536303469086715,0.018837412779259627,-0.0003184999059841209,0.9492163735913555,0.9425545473856705,0.9415686400205134,0.11933005224522404,0.6690311268418458,0.057851543368127686,0.0,20,39770,0.9033414203793559,0.8913505136888021,0.8895887590091455,1.0,1.0,1.0,-8.868532601576411e-17,7.508688533620989e-13,4.854415262395278e-06,0.018656487865043384,0.4560221272315816,0.43809404073422176,0.41516218254966053,0.4119436761377923,0.3904953482524516,0.3693236107618808,/common/users/shared/pracsys/adaptive_roa_experiments/stoch_compare_amarel/clf_med_dir00,0.997231393963856,0.9151772432295278
clf,med,dir00,6,0.0015339241619271473,1.0,0.07900549658376971,100.0,0.05131127042095515,0.01902397496460564,0.01902397496460564,0.2155740276230196,0.01809346686221925,0.01809249142163399,0.2201276535442131,0.21994672862999676,0.21994672862999678,0.9455116922303244,0.9441287402564748,0.9485038974101081,0.0510609289761489,0.023462218593001127,0.00043347666163088655,0.023643143507217468,6.554262141833522e-05,0.9379669653336388,0.9332371852653085,0.9348268839103869,0.13601897943184335,0.6690311268418458,0.057851543368127686,0.0,20,39770,0.8831805929919138,0.8748310049571879,0.8776290630975143,1.0,1.0,1.0,-1.7756471819690432e-15,-1.763971540152955e-13,1.4770638118658326e-05,0.023462218593001086,0.46643198390746793,0.4463666079959769,0.4208197133517727,0.4119436761377923,0.3904953482524516,0.3693236107618808,/common/users/shared/pracsys/adaptive_roa_experiments/stoch_compare_amarel/clf_med_dir00,0.9970976008623512,0.8933277219482076
clf,med,dir00,7,0.0013187599291134104,1.0,0.07426270332295427,100.0,0.048866595640406074,0.018050382057909743,0.018050382057909743,0.2163843686493606,0.017387666224693777,0.01809249142163399,0.2201276535442131,0.21994672862999676,0.21994672862999678,0.9500377168720141,0.9479507166205683,0.9505657530802112,0.048529419006504815,0.021506354880480263,0.000394558259384651,0.021687279794696607,-0.00010638715806563989,0.9428250798492217,0.9375188650769696,0.9372726692616935,0.13127618617103204,0.6690311268418458,0.057851543368127686,0.0,20,39770,0.8918345127925966,0.8823863636363637,0.881950282214483,1.0,1.0,1.0,-1.3624813514724387e-23,1.0158536127759503e-08,1.0347480694485255e-05,0.021506354880480253,0.4619059592657782,0.44254463163188335,0.4187578576816696,0.4119436761377923,0.3904953482524516,0.3693236107618808,/common/users/shared/pracsys/adaptive_roa_experiments/stoch_compare_amarel/clf_med_dir00,0.9972614405480144,0.9022201647897246
clf,med,dir00,8,0.000822821123440009,1.0,0.055527370400275604,100.0,0.041702978695257055,0.014567432267025102,0.014567432267025102,0.2175746529738594,0.015398080956268705,0.01809249142163399,0.2201276535442131,0.21994672862999676,0.21994672862999678,0.958863464923309,0.9547146090017601,0.9538596932361076,0.04092338013781405,0.01663633257343834,0.00030276612004370636,0.016817257487654676,-0.00030317534972412047,0.9524307978599674,0.9451933903411339,0.9412066258690847,0.11254085324826718,0.6690311268418458,0.057851543368127686,0.0,17,39770,0.9094341718029874,0.8960821649068144,0.8889426859529141,0.9996948055911615,1.0,1.0,-2.2150220395885786e-23,7.41638005916667e-07,7.2123700768679335e-06,0.016636332573438335,0.4528287654010561,0.4357807392506915,0.4154639175257732,0.4119436761377923,0.3904953482524516,0.3693236107618808,/common/users/shared/pracsys/adaptive_roa_experiments/stoch_compare_amarel/clf_med_dir00,0.9976059972613717,0.9243619913009725
clf,med,dir00,9,0.0008865384102126041,1.0,0.059245638867525374,100.0,0.04156309606700812,0.013768453762429704,0.013768453762429704,0.21677341153188104,0.01535530223194174,0.01809249142163399,0.2201276535442131,0.21994672862999676,0.21994672862999678,0.9605481518732714,0.9561981393009806,0.9550917777219009,0.04003034173168386,0.016688733460340895,0.00031450733863790987,0.01686965837455723,-0.0002530374002045442,0.9542205234441105,0.9468610823012629,0.9426755681088714,0.11625912171553185,0.6690311268418458,0.057851543368127686,0.0,17,39770,0.9140301844605925,0.8996058428008347,0.8917294146222978,0.9981077946652017,0.9993560849967804,0.9997957516339869,-1.3630904859004717e-23,6.298844597973043e-07,1.5354667862402875e-05,0.016688733460340804,0.44983656022127233,0.43379431732461654,0.4140809655519236,0.4119436761377923,0.3904953482524516,0.3693236107618808,/common/users/shared/pracsys/adaptive_roa_experiments/stoch_compare_amarel/clf_med_dir00,0.9973286603370389,0.9241237477625077
clf,med,dir00,10,0.0006728647598469985,1.0,0.046503166268193265,100.0,0.03710275622287634,0.011590714765610717,0.011590714765610717,0.21719257808823894,0.015496651004182595,0.01809249142163399,0.2201276535442131,0.21994672862999676,0.21994672862999678,0.963188332914257,0.959768669851647,0.9595423686195624,0.036215173183600846,0.013789761058421194,0.0002686193371968277,0.013970685972637537,-0.0005551042489473357,0.9572180011689072,0.9510104102878139,0.9480716475714055,0.10351664911616164,0.6690311268418458,0.057851543368127686,0.0,10,39770,0.9182037338117397,0.9065966141272621,0.9012701724243726,0.9996948055911615,1.0,1.0,3.0478280415418964e-06,1.8083779713148586e-06,1.2953455507385608e-05,0.01378976105842122,0.4485038974101081,0.43072667840080464,0.4097812421423183,0.4119436761377923,0.3904953482524516,0.3693236107618808,/common/users/shared/pracsys/adaptive_roa_experiments/stoch_compare_amarel/clf_med_dir00,0.9974988357159645,0.9373040865653479
clf,med,dir00,11,0.0012311655673970937,1.0,0.0709664055976076,100.0,0.04719297383698455,0.016785103650925056,0.016785103650925056,0.21606526709751242,0.01688655101341359,0.01809249142163399,0.2201276535442131,0.21994672862999676,0.21994672862999678,0.9494845360824742,0.9487301986421927,0.9523007291928589,0.04646052453641322,0.020776595417068833,0.00039334252425752647,0.020957520331285177,0.00011003023365943956,0.9422119948223788,0.9383969304208586,0.9393406452850701,0.1279798884456314,0.6690311268418458,0.057851543368127686,0.0,9,39770,0.890980306821891,0.8839433092378621,0.8856195357250528,0.9996948055911615,1.0,1.0,9.19428125865139e-06,6.532511435704799e-06,1.9407693919908834e-05,0.020776595417068812,0.4622076942418909,0.441765149610259,0.4170228815690219,0.4119436761377923,0.3904953482524516,0.3693236107618808,/common/users/shared/pracsys/adaptive_roa_experiments/stoch_compare_amarel/clf_med_dir00,0.9971262089402413,0.905538056662711
clf,med,dir00,12,0.0009529011698719523,1.0,0.058891540527829495,100.0,0.04278074189645812,0.014633270640252041,0.014633270640252041,0.21667212876404965,0.016336786194033042,0.01809249142163399,0.2201276535442131,0.21994672862999676,0.21994672862999678,0.9561729947196379,0.9531305003771687,0.9548654764898165,0.042019963674266796,0.01751362877069126,0.00033387573705910995,0.017694553684907594,-0.0003942417355079046,0.9494562853414529,0.9433847649131333,0.9424144236630201,0.11590502337582627,0.6690311268418458,0.057851543368127686,0.0,13,39770,0.9043752071594299,0.8928366103253995,0.8910999211308621,0.9992675334187877,1.0,1.0,1.4477183197324008e-06,1.6458271424326244e-06,3.0147338743014194e-05,0.01751362877069126,0.4551672114659291,0.4373648478752829,0.41445813427206435,0.4119436761377923,0.3904953482524516,0.3693236107618808,/common/users/shared/pracsys/adaptive_roa_experiments/stoch_compare_amarel/clf_med_dir00,0.997348447852759,0.9203733154851628
clf,med,dir00,13,0.0006442222334947236,1.0,0.04101165468730903,100.0,0.036088215507922496,0.009548272913108037,0.009548272913108037,0.21588551462796265,0.01820617848185687,0.01809249142163399,0.2201276535442131,0.21994672862999676,0.21994672862999678,0.9630374654262006,0.9609001760120695,0.9637163691224541,0.03391153635636027,0.013090775219948485,0.00026588496145994386,0.013271700134164824,-0.000518711695193649,0.9569697324512616,0.9522200030726687,0.9530746967578291,0.09802513753534832,0.6690311268418458,0.057851543368127686,0.0,20,39770,0.9193992912987232,0.9106670584778137,0.9122828861358401,0.9977415613745956,0.9977462974887314,0.9976851851851852,2.294970214237868e-28,-4.9547591718145974e-14,6.75185948164769e-07,0.013090775219948484,0.44704551169223034,0.42783505154639173,0.4038974101081217,0.4119436761377923,0.3904953482524516,0.3693236107618808,/common/users/shared/pracsys/adaptive_roa_experiments/stoch_compare_amarel/clf_med_dir00,0.9971593382768758,0.9404820644458399
clf,med,dir00,14,0.0006086972234346569,1.0,0.040392053730084844,100.0,0.03642164860744511,0.010901530839315141,0.010901530839315141,0.21709692127530303,0.017539810956063055,0.01809249142163399,0.2201276535442131,0.21994672862999676,0.21994672862999678,0.963364344983656,0.9583354287151119,0.9615287905456374,0.035393422591273434,0.013148880246845992,0.0002540168117736263,0.013329805161062334,-0.0006024579471628731,0.9573989064647233,0.949353547085613,0.9504950495049505,0.09740553657810704,0.6690311268418458,0.057851543368127686,0.0,20,39770,0.9188461106745988,0.9035899226159306,0.9056603773584906,0.9993285723005555,1.0,1.0,3.0060981397367873e-35,4.063488557392319e-08,2.2402795031152543e-06,0.013148880246845993,0.4480261503645964,0.4321599195373397,0.4077948202162434,0.4119436761377923,0.3904953482524516,0.3693236107618808,/common/users/shared/pracsys/adaptive_roa_experiments/stoch_compare_amarel/clf_med_dir00,0.9974809951067484,0.9402178867185356
clf,med,dir00,15,0.0007603257933595446,1.0,0.05322347851633875,100.0,0.039551270033255474,0.013224295420463831,0.013224295420463831,0.2174393508800243,0.014914599241971312,0.01809249142163399,0.2201276535442131,0.21994672862999676,0.21994672862999678,0.9606990193613276,0.956525018858436,0.9574553683681166,0.03827818188633796,0.015214581040793844,0.0002756680599379913,0.015395505955010186,-0.0005170921296424325,0.954414209467145,0.9472624675918866,0.9455388180764774,0.11023696136429513,0.6690311268418458,0.057851543368127686,0.0,7,39770,0.9138739946380697,0.8999130686757462,0.8967032967032967,0.9987181834828786,0.9998712169993561,1.0,4.1221874261854166e-05,3.7203820960421425e-05,6.670925833315297e-05,0.015214581040793831,0.4501885843600704,0.4338697510686447,0.41186824239376413,0.4119436761377923,0.3904953482524516,0.3693236107618808,/common/users/shared/pracsys/adaptive_roa_experiments/stoch_compare_amarel/clf_med_dir00,0.9973374542454484,0.9308260634947273
clf,med,dir00,16,0.0009413474586316848,1.0,0.0577394860620265,100.0,0.04199383005103553,0.013789660931130064,0.013789660931130064,0.21645721431879586,0.016826843750982926,0.01809249142163399,0.2201276535442131,0.21994672862999676,0.21994672862999678,0.9574805129494594,0.9551169223032436,0.9571033442293185,0.041341152080474744,0.016859905876088394,0.00032480789470018843,0.017040830790304735,-0.00041926936624257435,0.9508901344640315,0.9456538285888263,0.9451129270960684,0.11475296891002243,0.6690311268418458,0.057851543368127686,0.0,15,39770,0.9069806094182825,0.8969101934738666,0.8959375381237038,0.9992675334187877,1.0,1.0,3.8097850519273704e-07,3.55579938179888e-07,1.1855739568417062e-05,0.01685990587608842,0.45385969323610764,0.43537842594920795,0.4122202665325622,0.4119436761377923,0.3904953482524516,0.3693236107618808,/common/users/shared/pracsys/adaptive_roa_experiments/stoch_compare_amarel/clf_med_dir00,0.9973160147543276,0.9233455028810599
clf,med,dir00,17,0.0008214455308380483,1.0,0.051494330996011854,100.0,0.03985938643975116,0.01226400412887878,0.01226400412887878,0.21648359441897252,0.017135763491150924,0.01809249142163399,0.2201276535442131,0.21994672862999676,0.21994672862999678,0.9594166457128489,0.956072416394267,0.9595926577822479,0.03865888988176172,0.01517557862459685,0.00028665569055374193,0.015356503538813192,-0.000551559715306172,0.9530076282536541,0.9467296844031101,0.9481294987250249,0.10850781384401804,0.6690311268418458,0.057851543368127686,0.0,12,39770,0.911095028670044,0.8991601505936867,0.9014300619898116,0.9989623390099494,0.9996136509980682,0.999931917211329,3.936777886991616e-06,3.2103788704241297e-06,3.8392626339754036e-05,0.01517557862459684,0.4516721146592909,0.4341211968820719,0.40968066381694745,0.4119436761377923,0.3904953482524516,0.3693236107618808,/common/users/shared/pracsys/adaptive_roa_experiments/stoch_compare_amarel/clf_med_dir00,0.9972072595211916,0.9310033901430477
clf,med,dir00,18,0.0006931442075186302,1.0,0.04506588218868978,100.0,0.038090962302296534,0.011821156566307747,0.011821156566307747,0.21726634605816497,0.017099242123910927,0.01809249142163399,0.2201276535442131,0.21994672862999676,0.21994672862999678,0.9629368871008298,0.9578073925069147,0.959768669851647,0.03767152604606947,0.01393926429298598,0.00026932934754604073,0.014120189207202326,-0.0005622748451535493,0.956938358165352,0.9487445781660456,0.9483471074380165,0.10207936503670499,0.6690311268418458,0.057851543368127686,0.0,19,39770,0.9176892474925757,0.9024872152487216,0.9017681728880157,0.9996948055911615,1.0,1.0,8.044727885884486e-36,1.5340686002769707e-06,3.553249754447049e-06,0.01393926429298599,0.44875534322353533,0.4326879557455368,0.40955494091023387,0.4119436761377923,0.3904953482524516,0.3693236107618808,/common/users/shared/pracsys/adaptive_roa_experiments/stoch_compare_amarel/clf_med_dir00,0.9975466599469679,0.9366243618179237
clf,med,ent05,0,0.0008587242513253927,1.0,0.07894308056229966,100.0,0.03816407268451347,0.006502016561471249,0.006502016561471249,0.21190238116541832,0.010710860885613066,0.01809249142163399,0.2201276535442131,0.21994672862999676,0.21994672862999678,0.966431983907468,0.9572039225546894,0.9624842846366608,0.026663589575862033,0.016957156074701978,0.00036505892280488744,0.01713808098891832,0.002410792048652282,0.9602003398622663,0.9475306739009803,0.9512864045971008,0.13595656341025167,0.6690311268418458,0.057851543368127686,0.0,16,39770,0.9384615384615385,0.9089188549798912,0.9139272271016311,0.9829701519868156,0.9895685769478428,0.9918300653594772,2.5398567012849267e-08,2.0318853610279437e-08,3.208842907251816e-05,0.016957156074701985,0.4314810158410862,0.42514458134272065,0.40080462660296706,0.4119436761377923,0.3904953482524516,0.3693236107618808,/common/users/shared/pracsys/adaptive_roa_experiments/stoch_compare_amarel/clf_med_ent05,0.9958374420422188,0.9229033494595503
clf,med,ent05,1,0.0005832927906530834,1.0,0.039643142437564054,100.0,0.03425557698743423,0.009488961998790934,0.009488961998790934,0.21715582457495752,0.016660163455696042,0.01809249142163399,0.2201276535442131,0.21994672862999676,0.21994672862999678,0.9656525018858436,0.9660548151873272,0.9636912245411113,0.03357288504571947,0.011601105592343142,0.00022934327991536618,0.01178203050655948,-0.0006787604614870227,0.9599695229164225,0.9583461894477013,0.9531473069435432,0.09665662528558433,0.6690311268418458,0.057851543368127686,0.0,20,39770,0.9232286793303647,0.9200236966824644,0.9104884701214977,0.9997558444729292,1.0,1.0,-1.2615108742742354e-15,-8.573881146372116e-13,1.4855822646918945e-06,0.011601105592343163,0.4460900176012069,0.42444053306512447,0.4056323862207694,0.4119436761377923,0.3904953482524516,0.3693236107618808,/common/users/shared/pracsys/adaptive_roa_experiments/stoch_compare_amarel/clf_med_ent05,0.9975223907879379,0.9472549300250835
clf,med,ent05,2,0.0014419543203333862,1.0,0.06445891934258972,100.0,0.04120616643807117,0.010936229270262993,0.010936229270262993,0.21269270743305402,0.01870153993667831,0.01809249142163399,0.2201276535442131,0.21994672862999676,0.21994672862999678,0.9585365853658536,0.9553432235353282,0.9579582599949711,0.04023846639496371,0.017547382062782977,0.00040097724851219894,0.017728306976999317,-0.0006428684044227605,0.9520709199244296,0.945906432748538,0.9461444308445534,0.12147240219071921,0.6690311268418458,0.057851543368127686,0.0,20,39770,0.9087781600266341,0.8974685007513582,0.8978481476953173,0.9996948055911615,0.9998712169993561,0.999931917211329,-2.487913009175051e-16,3.46006694717411e-13,0.0010405874411010675,0.017547382062783,0.45315564495851146,0.4350515463917526,0.41131506160422426,0.4119436761377923,0.3904953482524516,0.3693236107618808,/common/users/shared/pracsys/adaptive_roa_experiments/stoch_compare_amarel/clf_med_ent05,0.9959672634146165,0.9202198542707044
clf,med,ent05,3,0.0007785229562470757,1.0,0.05719982536901218,100.0,0.04098818145719931,0.014897894207670879,0.014897894207670879,0.2175078331439426,0.014333632113376977,0.01809249142163399,0.2201276535442131,0.21994672862999676,0.21994672862999678,0.959768669851647,0.9514458134272065,0.9546140306763893,0.040380014398079186,0.016826820922297432,0.0003056311706639829,0.01700774583651377,-0.0005099687714276123,0.9534396461413106,0.9414688854536086,0.9421121837016132,0.11421330821694868,0.6690311268418458,0.057851543368127686,0.0,11,39770,0.9110727990656804,0.8894106866731574,0.8905596313587583,0.9999389611182323,1.0,1.0,3.578112525489803e-23,3.04782804154189e-08,8.317896070885687e-07,0.016826820922297467,0.4521247171234599,0.43904953482524517,0.4147095800854916,0.4119436761377923,0.3904953482524516,0.3693236107618808,/common/users/shared/pracsys/adaptive_roa_experiments/stoch_compare_amarel/clf_med_ent05,0.9976062267997898,0.9234959254583678
clf,med,ent05,4,0.001594543055802493,1.0,0.08499585382764777,100.0,0.056755666634169005,0.023275010925266296,0.023275010925266296,0.21741037114401776,0.018873571987594286,0.01809249142163399,0.2201276535442131,0.21994672862999676,0.21994672862999678,0.9379683178275082,0.9368619562484285,0.9457379934624088,0.05659240467360937,0.026368875240218515,0.0004282570999905982,0.02654980015443486,0.0005575068289732296,0.929980416087191,0.9252033004676655,0.9315659288387138,0.14200933667573407,0.6690311268418458,0.057851543368127686,0.0,17,39770,0.8691246684350132,0.8608170278809378,0.8718983735011279,1.0,1.0,1.0,1.140629137984634e-35,3.8588300693362395e-30,1.2301096471684161e-05,0.026368875240218578,0.47397535831028414,0.45363339200402314,0.423585617299472,0.4119436761377923,0.3904953482524516,0.3693236107618808,/common/users/shared/pracsys/adaptive_roa_experiments/stoch_compare_amarel/clf_med_ent05,0.9975670775379426,0.880112446297952
clf,med,ent05,5,0.0010126975699788232,1.0,0.05731224082686576,100.0,0.046272939575471086,0.015433619324335056,0.015433619324335056,0.2169184353936113,0.02047547750528165,0.01809249142163399,0.2201276535442131,0.21994672862999676,0.21994672862999678,0.9488307769675635,0.949685692733216,0.9576313804375157,0.04593629625300469,0.018030121921436548,0.00030585479860585727,0.01821104683565289,-0.0004317906392839743,0.9415246688313554,0.9394755149572003,0.9457519075367825,0.11432572367496852,0.6690311268418458,0.057851543368127686,0.0,19,39770,0.8895102617005104,0.8858593348924761,0.8970866670738411,1.0,1.0,1.0,-3.9979618424016074e-17,1.426319296503269e-13,2.2208731054903826e-05,0.01803012192143658,0.4631128991702288,0.4408096555192356,0.4116922303243651,0.4119436761377923,0.3904953482524516,0.3693236107618808,/common/users/shared/pracsys/adaptive_roa_experiments/stoch_compare_amarel/clf_med_ent05,0.9974329748039337,0.9180250507304997
clf,med,ent05,6,0.0017096136519901975,1.0,0.08986114158128528,100.0,0.05652102123818603,0.02305609306023135,0.02305609306023135,0.21658846416972716,0.018135173609598515,0.01809249142163399,0.2201276535442131,0.21994672862999676,0.21994672862999678,0.9427206437012824,0.9385717877797335,0.9419914508423435,0.05637554217991414,0.026694212428015365,0.00045086059120543327,0.026875137342231705,0.0002798549075144173,0.9349960050222578,0.9270811569113213,0.9271849256699176,0.14687462442941093,0.6690311268418458,0.057851543368127686,0.0,19,39770,0.8779272279084722,0.8640738886106938,0.8642541924095322,1.0,1.0,1.0,-3.1610771212087623e-15,-1.0142260129726528e-13,0.0001693117296176898,0.026694212428015347,0.4692230324365099,0.45192356047271814,0.4273321599195373,0.4119436761377923,0.3904953482524516,0.3693236107618808,/common/users/shared/pracsys/adaptive_roa_experiments/stoch_compare_amarel/clf_med_ent05,0.9973148416435585,0.8786332827303768
clf,med,ent05,7,0.001410148092301505,1.0,0.07887360388420214,100.0,0.05294722842491046,0.021651582397892194,0.021651582397892194,0.21749243419421438,0.017226380987468766,0.01809249142163399,0.2201276535442131,0.21994672862999676,0.21994672862999678,0.9462408850892633,0.943022378677395,0.9435252703042495,0.05278997454453409,0.024306753176149894,0.0004135558434319741,0.024487678090366227,0.0002008763424753146,0.9387462754985101,0.932005041109044,0.9289734994623995,0.13588708673225494,0.6690311268418458,0.057851543368127686,0.0,19,39770,0.8845634684952216,0.8726680152843336,0.8673674264792725,1.0,1.0,1.0,1.876818719615734e-35,-3.5032604568386484e-16,3.468991509394715e-06,0.024306753176149946,0.465702791048529,0.44747296957505656,0.4257983404576314,0.4119436761377923,0.3904953482524516,0.3693236107618808,/common/users/shared/pracsys/adaptive_roa_experiments/stoch_compare_amarel/clf_med_ent05,0.9975988789010709,0.8894879986278874
clf,med,ent05,8,0.0015031709530375402,1.0,0.08303644602133757,100.0,0.053171953330820636,0.021202184522159696,0.021202184522159696,0.21664582459236806,0.017184566377045223,0.01809249142163399,0.2201276535442131,0.21994672862999676,0.21994672862999678,0.9457128488810661,0.9419663062610008,0.9444807643952728,0.05303974635721342,0.024665524710176606,0.00042619490843755057,0.02484644962439295,0.00016243615038822115,0.9381818181818181,0.9308319347878207,0.9300911854103344,0.14004992886938628,0.6690311268418458,0.057851543368127686,0.0,18,39770,0.8835616438356164,0.8706132974548716,0.8693181818181818,1.0,1.0,1.0,1.7202356222046196e-35,-6.771220091973783e-20,7.36951944963627e-06,0.024665524710176627,0.46623082725672615,0.4485290419914508,0.424842846366608,0.4119436761377923,0.3904953482524516,0.3693236107618808,/common/users/shared/pracsys/adaptive_roa_experiments/stoch_compare_amarel/clf_med_ent05,0.997376430822268,0.8878568239509034
clf,med,ent05,9,0.0012105524758206432,1.0,0.07220570081611818,100.0,0.04901697544094618,0.018905786351011405,0.018905786351011405,0.21740206797654538,0.016565687560214964,0.01809249142163399,0.2201276535442131,0.21994672862999676,0.21994672862999678,0.9517978375660046,0.9472718129243148,0.9474226804123711,0.04885759721597868,0.021366428931165218,0.0003701362221580027,0.021547353845381558,-8.40180732975572e-05,0.9447279647089353,0.9367554362578038,0.9335494327390599,0.12921918366415924,0.6690311268418458,0.057851543368127686,0.0,17,39770,0.8952459016393443,0.881034776195609,0.8753799392097265,1.0,1.0,1.0,3.568892768146896e-36,-4.303630103629e-18,6.78663801007518e-06,0.021366428931165277,0.46014583857178776,0.4432235353281368,0.4219009303495097,0.4119436761377923,0.3904953482524516,0.3693236107618808,/common/users/shared/pracsys/adaptive_roa_experiments/stoch_compare_amarel/clf_med_ent05,0.9975840357974459,0.9028563458786028
clf,med,ent05,10,0.00110122243827435,1.0,0.06398546748298951,100.0,0.04669254016953872,0.016835990848165627,0.016835990848165627,0.21695437373531534,0.01736668177034086,0.01809249142163399,0.2201276535442131,0.21994672862999676,0.21994672862999678,0.9512195121951219,0.9497611264772442,0.9508171988936385,0.04641790081309663,0.01965241726000198,0.0003466023973699995,0.01983334217421832,-0.00017592848284505094,0.9441018844003919,0.9395607719765261,0.9375718115664496,0.12099895033101339,0.6690311268418458,0.057851543368127686,0.0,14,39770,0.8941221415707035,0.8860109539023278,0.882480173035328,1.0,1.0,1.0,1.8374743416801803e-36,1.0159426805139606e-08,1.0330312611198648e-06,0.019652417260001956,0.46072416394267035,0.44073422177520744,0.4185064118682424,0.4119436761377923,0.3904953482524516,0.3693236107618808,/common/users/shared/pracsys/adaptive_roa_experiments/stoch_compare_amarel/clf_med_ent05,0.9974895041638793,0.910649195000931
clf,med,ent05,11,0.0010333714864310577,1.0,0.06532649912642136,100.0,0.046588259289232624,0.01817309584693845,0.01817309584693845,0.2175006087036535,0.015698921649229,0.01809249142163399,0.2201276535442131,0.21994672862999676,0.21994672862999678,0.9548403319084737,0.9471209454362585,0.9480010057832537,0.04632612438460298,0.020445148434689968,0.00036148019795264285,0.02062607334890631,-0.00017406733859171714,0.9480354146172096,0.9365859542260954,0.9342322859687063,0.1223399819744142,0.6690311268418458,0.057851543368127686,0.0,16,39770,0.9012046867264426,0.880734985538479,0.8765815230365243,1.0,1.0,1.0,-5.1115893221260444e-24,-2.0446357288485923e-24,2.842425986393122e-07,0.02044514843468999,0.4571033442293186,0.4433744028161931,0.4213226049786271,0.4119436761377923,0.3904953482524516,0.3693236107618808,/common/users/shared/pracsys/adaptive_roa_experiments/stoch_compare_amarel/clf_med_ent05,0.997618634796161,0.9070449987502036
clf,med,ent05,12,0.0013861806460745121,1.0,0.0839019432275179,100.0,0.0521016741774289,0.02193271182678243,0.02193271182678243,0.2173158295734398,0.015315433043628675,0.01809249142163399,0.2201276535442131,0.21994672862999676,0.21994672862999678,0.9506411868242394,0.9424189087251698,0.9423686195624843,0.051964494856179086,0.02469900187517098,0.0004291041011396207,0.024879926789387316,0.0001353909918315882,0.9434766333611679,0.9313343328335832,0.9276241000378931,0.14091542607554272,0.6690311268418458,0.057851543368127686,0.0,19,39770,0.8930011991714816,0.8714927048260381,0.8650176678445229,1.0,1.0,1.0,1.65977977070669e-33,-1.1332963475112581e-13,5.787871506263339e-07,0.024699001875171066,0.46130248931355294,0.4480764395272819,0.4269549911993965,0.4119436761377923,0.3904953482524516,0.3693236107618808,/common/users/shared/pracsys/adaptive_roa_experiments/stoch_compare_amarel/clf_med_ent05,0.9975718283616616,0.8877046181636071
clf,med,ent05,13,0.00113001508882078,1.0,0.06758013268889382,100.0,0.04871507749766569,0.01867861566665578,0.01867861566665578,0.21791672679488439,0.01710544944040821,0.01809249142163399,0.2201276535442131,0.21994672862999676,0.21994672862999678,0.948780487804878,0.9475735479004275,0.9492582348503897,0.04857990542362242,0.020783966672017932,0.0003494044662550936,0.020964891586234272,7.534917024979229e-05,0.9414705628825102,0.9370945844018707,0.9357202013123527,0.12459361553690945,0.6690311268418458,0.057851543368127686,0.0,11,39770,0.889413680781759,0.8816349701958558,0.8792050760205914,1.0,1.0,1.0,2.0125590261822593e-36,1.5934702856192362e-36,2.8307077691677157e-07,0.02078396667201788,0.46316318833291426,0.44292180035202416,0.42006537591149107,0.4119436761377923,0.3904953482524516,0.3693236107618808,/common/users/shared/pracsys/adaptive_roa_experiments/stoch_compare_amarel/clf_med_ent05,0.9977404247276989,0.9055045428432739
clf,med,ent05,14,0.0009895730637267829,1.0,0.06238782035886476,100.0,0.045858944771968786,0.017198508057616104,0.017198508057616104,0.21785132917889885,0.016289669549300504,0.01809249142163399,0.2201276535442131,0.21994672862999676,0.21994672862999678,0.952652753331657,0.9493839577571034,0.9513703796831783,0.045726640193470655,0.019201232671724636,0.00033018693934096135,0.019382157585940984,-9.26748369893711e-05,0.9456549972582181,0.9391346415505095,0.9382305972532736,0.11940130320684338,0.6690311268418458,0.057851543368127686,0.0,8,39770,0.8969122960691996,0.8852533774154934,0.8836481771146673,1.0,1.0,1.0,3.066953593276896e-23,4.0637707220558604e-08,7.190319331572671e-07,0.019201232671724733,0.45929092280613526,0.44111139049534825,0.4179532310787025,0.4119436761377923,0.3904953482524516,0.3693236107618808,/common/users/shared/pracsys/adaptive_roa_experiments/stoch_compare_amarel/clf_med_ent05,0.9977235267479266,0.9127005307543095
clf,med,ent05,15,0.0008560576320353174,1.0,0.05467038414060789,100.0,0.04276694200386998,0.015095432500063483,0.015095432500063483,0.21758039916684424,0.0165975169383325,0.01809249142163399,0.2201276535442131,0.21994672862999676,0.21994672862999678,0.9582851395524264,0.9533819461905959,0.9538345486547649,0.04223913912710239,0.01708442020196944,0.00030672662169712987,0.017265345116185778,-0.0003773417612465621,0.95179147415221,0.9436713860363372,0.9411764705882353,0.11168386698863264,0.6690311268418458,0.057851543368127686,0.0,19,39770,0.9083194675540766,0.8933502070869765,0.8888888888888888,0.9996337667093939,1.0,1.0,1.8477959770507302e-35,-1.1013754921343517e-13,3.480097276177286e-06,0.01708442020196943,0.4533568016092532,0.43711340206185567,0.4154890621071159,0.4119436761377923,0.3904953482524516,0.3693236107618808,/common/users/shared/pracsys/adaptive_roa_experiments/stoch_compare_amarel/clf_med_ent05,0.9976199377626732,0.9223247360468383
clf,med,ent05,16,0.0008135014012820111,1.0,0.05331322781633837,100.0,0.042204436526000824,0.01489235490592992,0.01489235490592992,0.21798813729635086,0.016197593378934005,0.01809249142163399,0.2201276535442131,0.21994672862999676,0.21994672862999678,0.9555695247674126,0.9537842594920795,0.954815187327131,0.04197996394121204,0.016559834437037717,0.0002871232644426067,0.016740759351254058,-0.0002911118025380917,0.9488315524281122,0.9441303422700468,0.942353960157829,0.11032671066429428,0.6690311268418458,0.057851543368127686,0.0,12,39770,0.9026446280991736,0.8941731920773837,0.8909918107370337,1.0,1.0,1.0,4.063770722055867e-07,5.181307670621234e-07,3.3071100848776733e-06,0.016559834437037742,0.4563741513703797,0.4367110887603721,0.4145084234347498,0.4119436761377923,0.3904953482524516,0.3693236107618808,/common/users/shared/pracsys/adaptive_roa_experiments/stoch_compare_amarel/clf_med_ent05,0.9977266597932721,0.9247097943207179
clf,med,ent05,17,0.000816840045204338,1.0,0.053130596014650866,100.0,0.04243610115287816,0.015134373265771764,0.015134373265771764,0.21792901394508926,0.016451280660400122,0.01809249142163399,0.2201276535442131,0.21994672862999676,0.21994672862999678,0.9560472718129243,0.9528036208197134,0.9547146090017601,0.042236593450649715,0.01683900087160472,0.0002942186526500309,0.017019925785821052,-0.000313087079074556,0.9493538853798459,0.9430124176458087,0.9422330564197966,0.1101440788626302,0.6690311268418458,0.057851543368127686,0.0,9,39770,0.9035905355468534,0.8921698167403918,0.8907756686275698,1.0,1.0,1.0,1.0223178644257221e-23,4.063770722055864e-08,2.3647025668671057e-06,0.01683900087160475,0.455896404324868,0.43769172743273826,0.4146090017601207,0.4119436761377923,0.3904953482524516,0.3693236107618808,/common/users/shared/pracsys/adaptive_roa_experiments/stoch_compare_amarel/clf_med_ent05,0.9977328194946871,0.9234405486433401
clf,med,ent05,18,0.0007919779866086777,1.0,0.05009108597798445,100.0,0.04127658053156997,0.013776339573576712,0.013776339573576712,0.2177722444256332,0.01718467297582102,0.01809249142163399,0.2201276535442131,0.21994672862999676,0.21994672862999678,0.9553432235353282,0.9557203922554689,0.9569524767412623,0.04108978406666594,0.015580807926194819,0.0002736499902150762,0.015761732840411158,-0.00037001585174545326,0.9485843321174222,0.9463453276865421,0.9449305198147195,0.10710456882595938,0.6690311268418458,0.057851543368127686,0.0,8,39770,0.9021972575582355,0.8981551095945868,0.895609756097561,1.0,1.0,1.0,1.022317864425672e-23,4.063770722055863e-08,2.6856377400905007e-06,0.015580807926194862,0.4566004526024642,0.4347749559969826,0.41237113402061853,0.4119436761377923,0.3904953482524516,0.3693236107618808,/common/users/shared/pracsys/adaptive_roa_experiments/stoch_compare_amarel/clf_med_ent05,0.9976935993287895,0.9291609926492452
clf,med,ent10,0,0.0008587242513253927,1.0,0.07894308056229966,100.0,0.03816407268451347,0.006502016561471249,0.006502016561471249,0.21190238116541832,0.010710860885613066,0.01809249142163399,0.2201276535442131,0.21994672862999676,0.21994672862999678,0.966431983907468,0.9572039225546894,0.9624842846366608,0.026663589575862033,0.016957156074701978,0.00036505892280488744,0.01713808098891832,0.002410792048652282,0.9602003398622663,0.9475306739009803,0.9512864045971008,0.13595656341025167,0.6690311268418458,0.057851543368127686,0.0,16,39770,0.9384615384615385,0.9089188549798912,0.9139272271016311,0.9829701519868156,0.9895685769478428,0.9918300653594772,2.5398567012849267e-08,2.0318853610279437e-08,3.208842907251816e-05,0.016957156074701985,0.4314810158410862,0.42514458134272065,0.40080462660296706,0.4119436761377923,0.3904953482524516,0.3693236107618808,/common/users/shared/pracsys/adaptive_roa_experiments/stoch_compare_amarel/clf_med_ent10,0.9958374420422188,0.9229033494595503
clf,med,ent10,1,0.00044711022649310207,1.0,0.03023784246879729,100.0,0.031159851736385934,0.0050363567263209275,0.0050363567263209275,0.21433309384288352,0.019499140417178963,0.01809249142163399,0.2201276535442131,0.21994672862999676,0.21994672862999678,0.9623082725672617,0.9674880563238623,0.9707317073170731,0.023126363683089485,0.009692145731187691,0.00018965935742022732,0.00987307064540403,-0.0009578457822464921,0.9558351256592321,0.9596982825795592,0.9615613235585496,0.087251325316805,0.6690311268418458,0.057851543368127686,0.0,18,39770,0.9238523749857614,0.9300428925270344,0.9336283185840708,0.9901117011536349,0.9913071474565357,0.9912173202614379,9.838251313464202e-36,-4.876651085371623e-16,3.3739347073104505e-06,0.00969214573118771,0.4414885592154891,0.4162182549660548,0.3921046014583857,0.4119436761377923,0.3904953482524516,0.3693236107618808,/common/users/shared/pracsys/adaptive_roa_experiments/stoch_compare_amarel/clf_med_ent10,0.9966805721879036,0.9559341219050718
clf,med,ent10,2,0.0007843792310132629,1.0,0.04335615609717201,100.0,0.036904060143626814,0.009772955737379551,0.009772955737379551,0.2156969576648374,0.01947855927216907,0.01809249142163399,0.2201276535442131,0.21994672862999676,0.21994672862999678,0.9622831279859191,0.9618808146844355,0.9636157907970833,0.03614183696664942,0.013364445819249548,0.0002839748265370772,0.013545370733465886,-0.0006582808832893555,0.9562248292768342,0.9534626719056974,0.953048444141601,0.10036963894529351,0.6690311268418458,0.057851543368127686,0.0,20,39770,0.9161214561315215,0.9110641792795964,0.9104209286467051,1.0,1.0,0.9998638344226579,7.409119841931407e-16,3.5759422929246025e-11,3.0372905030161746e-06,0.013364445819249535,0.4496605481518733,0.4286145335680161,0.4056072416394267,0.4119436761377923,0.3904953482524516,0.3693236107618808,/common/users/shared/pracsys/adaptive_roa_experiments/stoch_compare_amarel/clf_med_ent10,0.9971401205433965,0.9392378058882987
clf,med,ent10,3,0.0008025077272993833,1.0,0.046854620764818826,100.0,0.038372784940175465,0.011237422482700316,0.011237422482700316,0.21658005675558709,0.01822202406314627,0.01809249142163399,0.2201276535442131,0.21994672862999676,0.21994672862999678,0.9599698265023887,0.9613024893135529,0.960849886849384,0.038020142358103144,0.014167720347342806,0.0002852593102481983,0.014348645261559144,-0.0004363740097671886,0.953664357645963,0.9527899628822971,0.9496654058772185,0.10386810361287854,0.6690311268418458,0.057851543368127686,0.0,19,39770,0.9114325452016689,0.909836545784756,0.9041551246537396,1.0,1.0,1.0,2.5807371393171034e-22,2.5542357888150775e-14,1.0141872192210988e-06,0.014167720347342802,0.45197384963540355,0.4291928589388987,0.40847372391249687,0.4119436761377923,0.3904953482524516,0.3693236107618808,/common/users/shared/pracsys/adaptive_roa_experiments/stoch_compare_amarel/clf_med_ent10,0.997367584668768,0.9355856736965781
clf,med,ent10,4,0.000860395504830059,1.0,0.05243290240014991,100.0,0.0409573601073164,0.0131368370615539,0.0131368370615539,0.21720902501048447,0.01745601506282921,0.01809249142163399,0.2201276535442131,0.21994672862999676,0.21994672862999678,0.9570781996479759,0.9592657782247925,0.957430223786774,0.04072555581703822,0.01548880749935094,0.00028860740777720254,0.01566973241356728,-0.00038573318171525664,0.9504801137187782,0.9504283965728274,0.9455083845633913,0.1094463852481785,0.6690311268418458,0.057851543368127686,0.0,16,39770,0.9056833259619638,0.9055393586005831,0.8966485562541969,0.9999389611182323,1.0,1.0,8.425682841825805e-36,1.1983948323600136e-24,2.9130038699851623e-06,0.015488807499350974,0.454815187327131,0.43122957002765905,0.41189338697510686,0.4119436761377923,0.3904953482524516,0.3693236107618808,/common/users/shared/pracsys/adaptive_roa_experiments/stoch_compare_amarel/clf_med_ent10,0.9975291635922566,0.9295792776922505
clf,med,ent10,5,0.0007019413633839921,1.0,0.043525716497914604,100.0,0.03753018934798126,0.01059541499176379,0.01059541499176379,0.21721483365870312,0.01812163716870958,0.01809249142163399,0.2201276535442131,0.21994672862999676,0.21994672862999678,0.9577068141815439,0.963364344983656,0.9625094292180035,0.03691584055432006,0.012880624361950059,0.00024315651000347295,0.013061549276166401,-0.00044668560110736055,0.9511586038678205,0.9551899123481471,0.9516959860044708,0.10053919934593432,0.6690311268418458,0.057851543368127686,0.0,15,39770,0.9071171420659098,0.914277303503091,0.907843500834415,0.9996948055911615,0.999935608499678,1.0,2.573023815988611e-36,1.0159426805139641e-08,4.491434396916391e-06,0.012880624361950081,0.45398541614282123,0.42708071410611015,0.4068141815438773,0.4119436761377923,0.3904953482524516,0.3693236107618808,/common/users/shared/pracsys/adaptive_roa_experiments/stoch_compare_amarel/clf_med_ent10,0.9975275757346216,0.9414375269767328
clf,med,ent10,6,0.0007373745006775997,1.0,0.04537775453192433,100.0,0.04029212105780724,0.012468504163376241,0.012468504163376241,0.21785135149452092,0.018881721407180717,0.01809249142163399,0.2201276535442131,0.21994672862999676,0.21994672862999678,0.9562735730450088,0.9587377420165955,0.9596680915262761,0.04010860394918254,0.014054392715365642,0.0002449761097543315,0.014235317629581981,-0.0005094885834864421,0.949601507027967,0.9498180483777254,0.9482246610716591,0.10239123737997052,0.6690311268418458,0.057851543368127686,0.0,19,39770,0.9040392892616709,0.9044318909789761,0.9015467714215566,1.0,1.0,1.0,1.5281314608708617e-26,-4.717974275322017e-15,1.8706977396597145e-06,0.014054392715365701,0.4556701030927835,0.4317576062358562,0.4096555192356047,0.4119436761377923,0.3904953482524516,0.3693236107618808,/common/users/shared/pracsys/adaptive_roa_experiments/stoch_compare_amarel/clf_med_ent10,0.9977080603420532,0.9361009240605324
clf,med,ent10,7,0.0009389803793424776,1.0,0.054590796115466494,100.0,0.044850179562952154,0.015329021519799998,0.015329021519799998,0.2175608233275494,0.019255364274521267,0.01809249142163399,0.2201276535442131,0.21994672862999676,0.21994672862999678,0.9521750062861454,0.952476741262258,0.9556449585114408,0.04464167433490549,0.017325398100554317,0.0003023821458707044,0.017506323014770654,-0.0003895287216930596,0.9451335602607742,0.9426403641881639,0.9433526011560694,0.1116042789635581,0.6690311268418458,0.057851543368127686,0.0,20,39770,0.8960236285073565,0.8915040183696901,0.8927789934354485,0.9999389611182323,1.0,1.0,1.1307109794321625e-17,3.919908987160211e-12,2.1519291818304544e-06,0.017325398100554307,0.45971838068896154,0.4380186069901936,0.41367865225044004,0.4119436761377923,0.3904953482524516,0.3693236107618808,/common/users/shared/pracsys/adaptive_roa_experiments/stoch_compare_amarel/clf_med_ent10,0.9976360775511829,0.9212291166662461
clf,med,ent10,8,0.0007062270995643585,1.0,0.043912244675704044,100.0,0.03940749970536004,0.011914979840584865,0.011914979840584865,0.21770193921344422,0.018819663424432465,0.01809249142163399,0.2201276535442131,0.21994672862999676,0.21994672862999678,0.9559215489062107,0.9595675132009052,0.9616293688710082,0.03919303983650695,0.013567968228893224,0.0002354908437706668,0.013748893143109566,-0.0005918010282441859,0.9492163735913555,0.9507775192849272,0.9506180829719759,0.10092572752373045,0.6690311268418458,0.057851543368127686,0.0,18,39770,0.9033414203793559,0.9061734158011436,0.9058838041198964,1.0,1.0,1.0,6.641320385874767e-36,-4.2051303955321897e-22,2.554739165253778e-07,0.013567968228893171,0.4560221272315816,0.4309278350515464,0.4076942418908725,0.4119436761377923,0.3904953482524516,0.3693236107618808,/common/users/shared/pracsys/adaptive_roa_experiments/stoch_compare_amarel/clf_med_ent10,0.99768698085599,0.9383124799654656
clf,med,ent10,9,0.0005470798700903464,1.0,0.03641681592323573,100.0,0.033818824558266174,0.009125602012492453,0.009125602012492453,0.21719677623109984,0.017533847244047468,0.01809249142163399,0.2201276535442131,0.21994672862999676,0.21994672862999678,0.9646215740507921,0.9641186824239376,0.9654513452351018,0.03337702485177397,0.011089246527010991,0.00021369418694743367,0.011270171441227331,-0.0007863078843783865,0.9588150923513743,0.9560747375873426,0.9553170731707317,0.09343029877122977,0.6690311268418458,0.057851543368127686,0.0,17,39770,0.9211473565804275,0.9158459633189833,0.9144564811355995,0.9996948055911615,1.0,1.0,9.57128881319451e-36,9.84592507600925e-25,4.768557690804609e-07,0.011089246527010967,0.44707065627357306,0.42637666582851397,0.40387226552677896,0.4119436761377923,0.3904953482524516,0.3693236107618808,/common/users/shared/pracsys/adaptive_roa_experiments/stoch_compare_amarel/clf_med_ent10,0.9975507559407708,0.9495821256534087
clf,med,ent10,10,0.0006017662489300892,1.0,0.03917809142249728,100.0,0.036576854338219736,0.010685245297265274,0.010685245297265274,0.2177201776865801,0.018127262401787855,0.01809249142163399,0.2201276535442131,0.21994672862999676,0.21994672862999678,0.9609756097560975,0.9607744531053558,0.9629620316821725,0.03638345879719059,0.012249670278179671,0.00022287034893569199,0.01243059519239601,-0.0006621259625022528,0.954775919342619,0.9521765787860209,0.9522512885344744,0.09619157427050147,0.6690311268418458,0.057851543368127686,0.0,17,39770,0.913465291329802,0.9087185488589818,0.9088546500835344,1.0,1.0,1.0,8.060921792380481e-36,8.48970895664534e-22,3.6166870153638375e-07,0.012249670278179666,0.45096806638169473,0.4297208951470958,0.4063615790797083,0.4119436761377923,0.3904953482524516,0.3693236107618808,/common/users/shared/pracsys/adaptive_roa_experiments/stoch_compare_amarel/clf_med_ent10,0.9976928482691014,0.9443061947114177
clf,med,ent10,11,0.00043018429734119557,1.0,0.030219204331939035,100.0,0.032008842843330616,0.00823000832085523,0.00823000832085523,0.21757615801677463,0.01844648379912397,0.01809249142163399,0.2201276535442131,0.21994672862999676,0.21994672862999678,0.9660296706059844,0.9656022127231582,0.9672114659290922,0.031271368545046745,0.009795525533287266,0.00018296534734013094,0.009976450447503607,-0.0008050534007901042,0.9603847168870773,0.9578038247995065,0.9574911983309429,0.08723268717997323,0.6690311268418458,0.057851543368127686,0.0,20,39770,0.9241534988713318,0.9192421551213736,0.9185639229422067,0.9995727278276262,0.9997424339987122,0.9998638344226579,8.880328109834781e-17,3.5838848837276233e-12,2.573910046137538e-07,0.009795525533287263,0.4455619813930098,0.42469197887855165,0.40201156650741765,0.4119436761377923,0.3904953482524516,0.3693236107618808,/common/users/shared/pracsys/adaptive_roa_experiments/stoch_compare_amarel/clf_med_ent10,0.9976396868449192,0.9554640999013644
clf,med,ent10,12,0.000519538195933154,1.0,0.03480185163175512,100.0,0.034992166266549926,0.009692014402010743,0.009692014402010743,0.21784074529345643,0.01878233402677484,0.01809249142163399,0.2201276535442131,0.21994672862999676,0.21994672862999678,0.9603721398038723,0.963640935378426,0.9649987427709329,0.0347899079784658,0.010992966427399447,0.00019250541938383182,0.011173891341615788,-0.0008050313111516109,0.9541086715974608,0.955515904756045,0.9547581903276131,0.09181533447976627,0.6690311268418458,0.057851543368127686,0.0,17,39770,0.9122445570466061,0.9148209236569275,0.9134328358208955,1.0,1.0,1.0,1.00821286989123e-35,8.861049064196537e-24,1.6358723151697282e-06,0.010992966427399492,0.45157153633392005,0.42685441287402565,0.40432486799094797,0.4119436761377923,0.3904953482524516,0.3693236107618808,/common/users/shared/pracsys/adaptive_roa_experiments/stoch_compare_amarel/clf_med_ent10,0.9977201863158698,0.9500198684660036
clf,med,ent10,13,0.00042885022280794445,1.0,0.029618624222249673,100.0,0.031069270863877712,0.007698783564315019,0.007698783564315019,0.2172813885449232,0.018382241814309436,0.01809249142163399,0.2201276535442131,0.21994672862999676,0.21994672862999678,0.9647975861201911,0.9674629117425195,0.9691978878551673,0.030284411512305487,0.00941338452586708,0.00017755684785424993,0.009594309440083422,-0.0009507391235214924,0.9590211918979042,0.9599925797674994,0.9599450675211718,0.08663210707022931,0.6690311268418458,0.057851543368127686,0.0,17,39770,0.9213205106574434,0.9233376947781611,0.9234979553318654,0.9999389611182323,0.9996780424983902,0.9993872549019608,-1.703863107375494e-23,-1.0904723887201226e-23,5.644503372226346e-07,0.0094133845258671,0.4470958008549158,0.4227809906965049,0.3996731204425446,0.4119436761377923,0.3904953482524516,0.3693236107618808,/common/users/shared/pracsys/adaptive_roa_experiments/stoch_compare_amarel/clf_med_ent10,0.9975629814511779,0.9572015251852067
clf,med,ent10,14,0.0005552600008610814,1.0,0.036875528393968675,100.0,0.034084022537626976,0.009187822972753279,0.009187822972753279,0.21735443485050174,0.01759826326050609,0.01809249142163399,0.2201276535442131,0.21994672862999676,0.21994672862999678,0.9648730198642193,0.9645209957254212,0.9652753331657028,0.033757365020257946,0.010985049743554165,0.0002149437895562508,0.011165974657770505,-0.000795067008694134,0.9591030182382387,0.9565458409041915,0.9550996521117144,0.09388901124198455,0.6690311268418458,0.057851543368127686,0.0,16,39770,0.921523402340234,0.9167109379611593,0.914058124338789,0.9998779222364647,1.0,1.0,1.5291016864670458e-35,3.685694428835509e-22,7.697036841478505e-07,0.010985049743554166,0.44697007794820215,0.4259743525270304,0.404048277596178,0.4119436761377923,0.3904953482524516,0.3693236107618808,/common/users/shared/pracsys/adaptive_roa_experiments/stoch_compare_amarel/clf_med_ent10,0.9975952347064448,0.9500558621081668
clf,med,ent10,15,0.00040635655539838833,1.0,0.028976361147994865,100.0,0.030829113795673754,0.007693983545456791,0.007693983545456791,0.21771069019395253,0.017943871396786205,0.01809249142163399,0.2201276535442131,0.21994672862999676,0.21994672862999678,0.9660296706059844,0.9677897912999749,0.9685692733215991,0.03022699097043016,0.0089945103568437,0.00016690972624417778,0.00917543527106004,-0.0009355116246573033,0.960387040023457,0.9603908351627964,0.9591850062038791,0.08598984399598882,0.6690311268418458,0.057851543368127686,0.0,17,39770,0.9241056314185758,0.9237998929272501,0.9215710879658677,0.9996337667093939,1.0,1.0,-4.43004407917734e-23,-4.9071257492426127e-23,1.3047685669778355e-06,0.008994510356843694,0.44561227055569524,0.42270555695247675,0.4007543374402816,0.4119436761377923,0.3904953482524516,0.3693236107618808,/common/users/shared/pracsys/adaptive_roa_experiments/stoch_compare_amarel/clf_med_ent10,0.9976686761499465,0.9591059598255056
clf,med,ent10,16,0.0004369464556690251,1.0,0.03042284873336127,100.0,0.03227705750666719,0.008688962112224106,0.008688962112224106,0.21789328465806412,0.018202932937605436,0.01809249142163399,0.2201276535442131,0.21994672862999676,0.21994672862999678,0.9645461403067639,0.9660296706059844,0.9671360321850642,0.03205580242920521,0.009861375380616412,0.00017948809410753727,0.01004230029483275,-0.0008810307035403368,0.9587405630011119,0.9583166209003116,0.9574031222501059,0.08743633158133432,0.6690311268418458,0.057851543368127686,0.0,8,39770,0.9208026530268113,0.9199691961376696,0.9182869646764614,0.9999389611182323,1.0,1.0,1.0223178644257045e-23,8.178542915405645e-24,3.901755239484765e-07,0.00986137538061637,0.44734724666834297,0.4244656776464672,0.4021875785768167,0.4119436761377923,0.3904953482524516,0.3693236107618808,/common/users/shared/pracsys/adaptive_roa_experiments/stoch_compare_amarel/clf_med_ent10,0.9977365873431083,0.9551647099184384
clf,med,ent10,17,0.0004480373428690428,1.0,0.03096108988063304,100.0,0.03194581920381776,0.008553073155873834,0.008553073155873834,0.21765750036635179,0.017746248530178265,0.01809249142163399,0.2201276535442131,0.21994672862999676,0.21994672862999678,0.9638672366105104,0.9653004777470455,0.9676389238119185,0.03159020904429561,0.00987782121235557,0.00018882289511389504,0.010058746126571911,-0.0009644802071632364,0.9579836846875822,0.9574599260172627,0.9580275902553567,0.08797457272860523,0.6690311268418458,0.057851543368127686,0.0,9,39770,0.9194073408912335,0.9183914843287996,0.9194366197183098,0.9999389611182323,1.0,1.0,7.619570103854735e-08,2.3366681651821208e-07,1.0938423910001948e-06,0.009877821212355586,0.4480261503645964,0.4251948705054061,0.4016846869499623,0.4119436761377923,0.3904953482524516,0.3693236107618808,/common/users/shared/pracsys/adaptive_roa_experiments/stoch_compare_amarel/clf_med_ent10,0.9976797718038426,0.9550899380323477
clf,med,ent10,18,0.0005194965414886117,1.0,0.03521608612321322,100.0,0.03358719321498461,0.009141280747896715,0.009141280747896715,0.21723938923619268,0.017385474794915083,0.01809249142163399,0.2201276535442131,0.21994672862999676,0.21994672862999678,0.9656776464671863,0.9636157907970833,0.9642946944933367,0.03291648063688557,0.011079851527890889,0.00021450790137518807,0.011260776442107228,-0.000768768613809907,0.959988274952367,0.9554837717274265,0.9538901155994285,0.09222956897121148,0.6690311268418458,0.057851543368127686,0.0,18,39770,0.9234716896007219,0.9148159057437408,0.9118450459399057,0.9995116889458585,0.999935608499678,1.0,-5.111589321506289e-24,1.0847714995626172e-19,4.177070412406705e-07,0.01107985152789094,0.4458637163691225,0.4268292682926829,0.40502891626854415,0.4119436761377923,0.3904953482524516,0.3693236107618808,/common/users/shared/pracsys/adaptive_roa_experiments/stoch_compare_amarel/clf_med_ent10,0.9975622600466204,0.9496248405379565
fm,high,dir00,0,0.001863959563569304,100.0,0.05532832223277432,100.0,0.06479004274578828,0.006786229401988733,0.006036843945716176,0.18629543802829357,0.0749385456272557,0.04901075883298664,0.19227671679829375,0.19178660920996388,0.19178660920996385,0.970656273573045,0.9671611767664069,0.9127734473221021,-0.04868996731204426,0.011528015127386514,0.00014026407177366546,0.012767508171988937,3.122502256758253e-17,0.9673849249601744,0.9576578913240824,0.855932555338677,0.21414409648889657,0.6746273025481904,0.15926042708429025,0.6056980135780738,101,39770,0.9774652660115215,0.981655034895314,0.9917236069675681,0.9575103734439834,0.9348060003797709,0.7528492109877265,0.00012620547948684774,0.00016248387825959365,0.0031875228904584994,0.01152801512738649,0.4452099572542117,0.3783002263012321,0.2612773447322102,0.45448830776967564,0.39725924063364343,0.3441790294191602,/common/users/shared/pracsys/adaptive_roa_experiments/stoch_compare_amarel/fm_high_dir00,0.9762842276475063,0.9398914492785787
fm,high,dir00,1,0.0002939911866510989,100.0,0.018065575449584342,100.0,0.03011239627860196,0.0001939930167572534,-0.00035779415341060576,0.1896466288494986,0.055178717016785915,0.04901075883298664,0.19227671679829375,0.19178660920996388,0.19178660920996385,0.9785516721146593,0.9818959014332411,0.9799597686698517,-0.006766658285139554,0.0017821862070541976,3.846650558448267e-05,0.0028240809655519237,-4.98732999343332e-16,0.9763285694463716,0.9771501110758489,0.9708347056025176,0.1768813497053912,0.6746273025481904,0.15926042708429025,0.5655114407845109,101,39770,0.9794543429844098,0.9798867035834765,0.9725786347972726,0.973222683264177,0.9744287613140072,0.9690970192869667,4.4752275076640375e-05,4.3196968427043376e-05,0.0005213996896294914,0.0017821862070541848,0.4515966809152628,0.395046517475484,0.34294694493336686,0.45448830776967564,0.39725924063364343,0.3441790294191602,/common/users/shared/pracsys/adaptive_roa_experiments/stoch_compare_amarel/fm_high_dir00,0.9797600871662444,0.9907074523378058
fm,high,dir00,2,0.000254006624883863,100.0,0.01611271342788937,100.0,0.02833517726929847,0.00011082965244388979,-0.00043554366077377856,0.18992053362700057,0.05463733132176684,0.04901075883298664,0.19227671679829375,0.19178660920996388,0.19178660920996385,0.978576816696002,0.9829268292682927,0.9817198893638421,-0.0011986421926074948,0.0014305319221889503,3.148039350134753e-05,0.002467012823736485,-5.841681305351898e-16,0.9764939579539812,0.9785391447264452,0.9734293337231826,0.17492848768361077,0.6746273025481904,0.15926042708429025,0.5603525270304249,101,39770,0.9739144791150735,0.9772727272727273,0.9739632853068091,0.9790871369294606,0.9798088486613077,0.972895967270602,4.5438036385987276e-05,5.031232617855866e-05,0.00045999389164461146,0.001430531922188936,0.4569021875785768,0.39829016846869497,0.34380186069901936,0.45448830776967564,0.39725924063364343,0.3441790294191602,/common/users/shared/pracsys/adaptive_roa_experiments/stoch_compare_amarel/fm_high_dir00,0.9799575668952069,0.9925410229208295
fm,high,dir00,3,0.00024043969813192364,100.0,0.015293626937904604,100.0,0.026775961780236363,9.402028630608919e-05,-0.0004228437272262674,0.18999002800740566,0.05168640135323565,0.04901075883298664,0.19227671679829375,0.19178660920996388,0.19178660920996385,0.9793562987176263,0.9832034196630626,0.9813427206437013,-0.005421171737490571,0.0013737374753316418,3.321301538124779e-05,0.002380709077193865,-3.1138286393783687e-16,0.977129007995097,0.9787531806615776,0.9728563067017852,0.17410940119354168,0.6746273025481904,0.15926042708429025,0.5616336434498365,101,39770,0.9840646392099652,0.9836966945847452,0.9742819460726846,0.9702904564315352,0.973859105006646,0.9714348334307422,4.056151151952022e-05,5.27809652979393e-05,0.0003924509744160039,0.001373737475331622,0.44812672868996734,0.3932863967814936,0.34317324616545136,0.45448830776967564,0.39725924063364343,0.3441790294191602,/common/users/shared/pracsys/adaptive_roa_experiments/stoch_compare_amarel/fm_high_dir00,0.9800159190921773,0.9928371564574265
fm,high,dir00,4,0.0004936806873297637,100.0,0.019427207827071025,100.0,0.02922479255720393,0.00023676328412838585,-0.0003025672604422895,0.1891259693959751,0.05393305445706754,0.04901075883298664,0.19227671679829375,0.19178660920996388,0.19178660920996385,0.9777219009303495,0.9809404073422178,0.9801609253205934,-0.00853029922051798,0.002358072553546529,7.200002485072214e-05,0.0033875106864470705,2.211772431870429e-17,0.9752209419398143,0.975802847474941,0.9710150251643951,0.17824298208276584,0.6746273025481904,0.15926042708429025,0.5654148855921549,101,39770,0.9860867597986539,0.9843498422103433,0.9765757777285154,0.9645919778699862,0.9674030001898855,0.9655172413793104,0.00013435841949797157,0.00017462632358282443,0.0008868599243630834,0.002358072553546578,0.4445813427206437,0.39041991450842345,0.34028161931103845,0.45448830776967564,0.39725924063364343,0.3441790294191602,/common/users/shared/pracsys/adaptive_roa_experiments/stoch_compare_amarel/fm_high_dir00,0.9791750874198903,0.987704707000868
fm,high,dir00,5,0.0001797201994337256,100.0,0.014021263579302858,100.0,0.025460648730198647,0.0003275954734196626,-0.00018461590361444516,0.19030014581458402,0.05122113770341079,0.04901075883298664,0.19227671679829375,0.19178660920996388,0.19178660920996385,0.9799094795071662,0.9825748051294946,0.9833794317324617,-0.008039476992708072,0.0013018474917645148,4.035164503852516e-05,0.002304166457128489,-8.972857179490035e-16,0.9775807402003424,0.9777692233663748,0.9757617982472223,0.17283703783493848,0.6746273025481904,0.15926042708429025,0.563122454111139,101,39770,0.991801411979048,0.9912839859503058,0.9795332400795111,0.963762102351314,0.9646180137983417,0.9720192869666862,3.261176004449842e-05,3.1273560345726874e-05,0.0002560846077064296,0.0013018474917645174,0.4416394267035454,0.3865727935629872,0.3415388483781745,0.45448830776967564,0.39725924063364343,0.3441790294191602,/common/users/shared/pracsys/adaptive_roa_experiments/stoch_compare_amarel/fm_high_dir00,0.9803220074240111,0.9932120000602374
fm,high,dir00,6,0.000188408830678466,100.0,0.013862308317036815,100.0,0.025472718129243146,0.0003204678466386143,-0.00018977163644974982,0.19022388064694276,0.05102394830883643,0.04901075883298664,0.19227671679829375,0.19178660920996388,0.19178660920996385,0.9789288408348001,0.9815941664571285,0.9846869499622831,-0.008740507920543124,0.0013729569265702028,4.018527739310069e-05,0.0023733039979884334,-1.1674688993323912e-15,0.9764553832321871,0.9765158806544755,0.9776177000257269,0.1726780825726228,0.6746273025481904,0.15926042708429025,0.5639778727684185,101,39770,0.9920077638865102,0.9901112484548825,0.9836550550994749,0.9613831258644536,0.9632888157478321,0.9716540035067213,3.6675530766554294e-05,2.9571551573061647e-05,0.000248026785328772,0.0013729569265701993,0.44045763138043753,0.386497359818959,0.3399798843349258,0.45448830776967564,0.39725924063364343,0.3441790294191602,/common/users/shared/pracsys/adaptive_roa_experiments/stoch_compare_amarel/fm_high_dir00,0.9803586324810281,0.9928412263388675
fm,high,dir00,7,0.0001735670885339224,100.0,0.013437356457961229,100.0,0.025123711340206186,0.0004535346687364941,-5.225010888635246e-05,0.1903323510395709,0.050578477762284656,0.04901075883298664,0.19227671679829375,0.19178660920996388,0.19178660920996385,0.9764395272818708,0.9804123711340206,0.9855418657279357,-0.010558964043248681,0.0014020080615051698,4.4757328504572345e-05,0.002397900427457883,-1.4432899320127035e-15,0.9735974527318323,0.9749251617471916,0.9788143399285214,0.17225313071356757,0.6746273025481904,0.15926042708429025,0.5646746291174252,101,39770,0.9920753416791087,0.9918784385643176,0.9873634133650487,0.9557952973720608,0.9585416798531553,0.9704120397428404,2.8801974992571028e-05,2.6523113965911015e-05,0.0002052110239940295,0.0014020080615051698,0.4378677395021373,0.3839074679406588,0.3382700528036208,0.45448830776967564,0.39725924063364343,0.3441790294191602,/common/users/shared/pracsys/adaptive_roa_experiments/stoch_compare_amarel/fm_high_dir00,0.9805379518781304,0.9926897499920326
fm,high,dir00,8,0.00017164295867913654,100.0,0.013468030645027867,100.0,0.025337188835805886,0.0004566050121108417,-5.643072621280208e-05,0.19037447343222885,0.05130357383236439,0.04901075883298664,0.19227671679829375,0.19178660920996388,0.19178660920996385,0.9791802866482273,0.9808901181795323,0.9833039979884335,-0.010535076690973096,0.001355705051520993,3.992826562104014e-05,0.0023588483781745036,-1.233822072288504e-15,0.9767101710171017,0.9755658436213991,0.9755108062255661,0.17228380490062659,0.6746273025481904,0.15926042708429025,0.5655119436761377,101,39770,0.9934199233278023,0.9913100294021562,0.9850290481155966,0.9605532503457814,0.9603139439205013,0.9661747516072472,3.327212278683247e-05,2.513310119043206e-05,0.00022604978627106047,0.0013557050515209971,0.4394518481267287,0.38483781745033946,0.33759114910736737,0.45448830776967564,0.39725924063364343,0.3441790294191602,/common/users/shared/pracsys/adaptive_roa_experiments/stoch_compare_amarel/fm_high_dir00,0.9805602641999936,0.9929311798299911
fm,high,dir00,9,0.00019695594365092141,100.0,0.014425648961513656,100.0,0.02676690973095298,0.0005471286037397736,2.5929207209725888e-05,0.1898417483439484,0.052119939653004786,0.04901075883298664,0.19227671679829375,0.19178660920996388,0.19178660920996385,0.9770932863967815,0.9765652501885843,0.9808901181795323,-0.011475484033190847,0.0019707900732240688,5.737756370655924e-05,0.002982097058083983,-1.126269216777942e-15,0.9744810779013419,0.9699180169130464,0.9717870665973718,0.17324142321706038,0.6746273025481904,0.15926042708429025,0.5644483278853406,101,39770,0.9869496141625057,0.9895936244483963,0.9878490566037735,0.9623236514522822,0.9510095575669346,0.9562390414962011,3.078306321957327e-05,2.5377333810827468e-05,0.0001522296132052249,0.0019707900732240827,0.4431481015841086,0.38177017852652756,0.3331657027910485,0.45448830776967564,0.39725924063364343,0.3441790294191602,/common/users/shared/pracsys/adaptive_roa_experiments/stoch_compare_amarel/fm_high_dir00,0.9804058916774256,0.9897240475685845
fm,high,dir00,10,0.00014875123830470618,100.0,0.013010656995550813,100.0,0.02432335931606739,0.0004871647674195681,-2.308022715783787e-05,0.1904092725639519,0.051024499457740596,0.04901075883298664,0.19227671679829375,0.19178660920996388,0.19178660920996385,0.981015841086246,0.9796328891123963,0.9819461905959266,-0.011919537339703294,0.0013542564188528483,4.3429601700556866e-05,0.002354609001760121,-1.283261691353843e-15,0.9788935170948533,0.9738945468608997,0.9733541156386848,0.1718264312510745,0.6746273025481904,0.15926042708429025,0.5665549409102338,101,39770,0.989376130198915,0.9921202968021537,0.9891386332780208,0.9686307053941908,0.9563263497689727,0.9580654587960257,4.284738255067665e-05,3.380955646482546e-05,0.00014029838236526832,0.0013542564188528505,0.4449585114407845,0.3829268292682927,0.3333668594417903,0.45448830776967564,0.39725924063364343,0.3441790294191602,/common/users/shared/pracsys/adaptive_roa_experiments/stoch_compare_amarel/fm_high_dir00,0.9806397137974598,0.9929387331866834
fm,high,dir00,11,0.00014125339287463244,100.0,0.012958016772805237,100.0,0.024796328891123966,0.0006002994442344516,7.170487394010758e-05,0.19061098908637902,0.052859457029434405,0.04901075883298664,0.19227671679829375,0.19178660920996388,0.19178660920996385,0.9810409856675887,0.9804375157153633,0.9811415639929595,-0.012330148353029922,0.0012473249975236398,3.812000389724404e-05,0.00226602715614785,-1.330532906074211e-15,0.9789043702087179,0.974922640536359,0.9720503838413952,0.17177379102837656,0.6746273025481904,0.15926042708429025,0.5657772190093034,101,39770,0.9902077319295862,0.9933004926108374,0.9920888483188802,0.9678561549100968,0.9572124818026457,0.9528053769725306,2.8268605085301198e-05,2.11529425509821e-05,0.00017186010215303985,0.0012473249975236392,0.4442293185818456,0.3828262509429218,0.33055066633140556,0.45448830776967564,0.39725924063364343,0.3441790294191602,/common/users/shared/pracsys/adaptive_roa_experiments/stoch_compare_amarel/fm_high_dir00,0.9808142608649846,0.9934962873442426
fm,high,dir00,12,0.0001325460272713229,100.0,0.012376156176885705,100.0,0.023203419663062615,0.000343938413776246,-0.00016495629138448876,0.19066017243610672,0.05088947051607348,0.04901075883298664,0.19227671679829375,0.19178660920996388,0.19178660920996385,0.9816696002011567,0.9828262509429218,0.9829519738496354,-0.01033039979884335,0.000961480482471179,3.0053382661858948e-05,0.0019604827759617804,-1.4988010832439613e-15,0.9796896330760873,0.9780773551596854,0.9748198766991013,0.17119193043239497,0.6746273025481904,0.15926042708429025,0.5647983404576313,101,39770,0.9867549668874173,0.9921854649648346,0.9913884272548723,0.9727247579529738,0.9643648332172923,0.9587960257159556,4.101868572575152e-05,4.483456643376277e-05,0.0001647366930557746,0.0009614804824711759,0.4480261503645964,0.3861201910988182,0.3328639678149359,0.45448830776967564,0.39725924063364343,0.3441790294191602,/common/users/shared/pracsys/adaptive_roa_experiments/stoch_compare_amarel/fm_high_dir00,0.9806773552362018,0.9949867173394855
fm,high,dir00,13,0.0001314248562881533,100.0,0.011764923902331697,100.0,0.022422680412371134,0.000321800816942098,-0.00017662233842347634,0.19068103961674274,0.049842315536557436,0.04901075883298664,0.19227671679829375,0.19178660920996388,0.19178660920996385,0.9796831782750817,0.9831279859190345,0.9837817450339452,-0.010119436761377925,0.0009289472547958845,3.147740111810097e-05,0.0019174779984913255,-1.796739840242978e-15,0.9774225997541074,0.9784611433890797,0.9761084564951661,0.17058069815781102,0.6746273025481904,0.15926042708429025,0.5652650238873522,101,39770,0.987410376559589,0.992640354305067,0.9900067623412728,0.9676348547717842,0.964681308943604,0.9625949736995909,4.627618909741128e-05,4.047749305984245e-05,0.00013882393205375077,0.0009289472547958802,0.44538596932361074,0.3860699019361328,0.33464923309026906,0.45448830776967564,0.39725924063364343,0.3441790294191602,/common/users/shared/pracsys/adaptive_roa_experiments/stoch_compare_amarel/fm_high_dir00,0.9807618441671037,0.9951563497648634
fm,high,ent05,0,0.0016134674957653113,100.0,0.05261651734810723,100.0,0.062416394267035456,0.0061581455672002966,0.005456782553101552,0.18566943113592405,0.07013630140987447,0.04901075883298664,0.19227671679829375,0.19178660920996388,0.19178660920996385,0.969399044505909,0.9631631883329143,0.9183303997988433,-0.04849585114407845,0.011573960627141418,0.0001568618908478202,0.012765431229570027,3.122502256758253e-17,0.9658059621814503,0.9522287801219552,0.8666994993023065,0.2114322916041431,0.6746273025481904,0.15926042708429025,0.605476741262258,101,39770,0.9812171728705184,0.9820419693301049,0.9888555909346319,0.9508713692946058,0.9241724159756947,0.7714056107539451,0.000123157651445306,0.00014514397177711454,0.0024136296330161074,0.01157396062714133,0.4404324867990948,0.3738496354035705,0.26849383957757106,0.45448830776967564,0.39725924063364343,0.3441790294191602,/common/users/shared/pracsys/adaptive_roa_experiments/stoch_compare_amarel/fm_high_ent05,0.9764126878648343,0.9396518835448491
fm,high,ent05,1,0.00014883658375765727,100.0,0.013607157561242159,100.0,0.02388961528790546,0.00020089152785052696,-0.0003258816604061915,0.19061925026730497,0.05267731882567186,0.04901075883298664,0.19227671679829375,0.19178660920996388,0.19178660920996385,0.9842092029167714,0.9854664319839075,0.9817198893638421,-0.008284385214986171,0.0008414772822517354,2.5509393341815322e-05,0.0018583580588383206,-9.783840404509192e-16,0.9825380936492047,0.9816262953779643,0.9731228511220379,0.17242293181686139,0.6746273025481904,0.15926042708429025,0.5682217752074427,101,39770,0.9876460394655934,0.986014432594674,0.9850310605493601,0.9774827109266944,0.9772770428508133,0.9614991233196961,5.122890966491692e-05,4.202822796737914e-05,0.00021305397449476052,0.0008414772822517374,0.4498114156399296,0.3937389992456626,0.3359567513200905,0.45448830776967564,0.39725924063364343,0.3441790294191602,/common/users/shared/pracsys/adaptive_roa_experiments/stoch_compare_amarel/fm_high_ent05,0.9805877733426592,0.9956124294301981
fm,high,ent05,2,0.00013708415739747807,100.0,0.012790703882142047,100.0,0.022494091023384465,9.024346426494436e-05,-0.0004211403766587507,0.19080257253311286,0.05113838409236952,0.04901075883298664,0.19227671679829375,0.19178660920996388,0.19178660920996385,0.9829016846869499,0.9878300226301232,0.9870756851898416,-0.004711340206185568,0.0005628963001907432,2.0415902028741215e-05,0.0015643877294443049,-1.532628191025509e-15,0.9810246679316889,0.9846329692659385,0.9811707817422521,0.1716064781377765,0.6746273025481904,0.15926042708429025,0.5654229318581845,101,39770,0.9896965260965036,0.987832069822259,0.983982365907421,0.9725034578146612,0.981454522438129,0.978375219170076,4.416810803534484e-05,3.959646756730135e-05,0.00024967515232789843,0.0005628963001907355,0.44659290922806133,0.39469449333668594,0.34221775207442795,0.45448830776967564,0.39725924063364343,0.3441790294191602,/common/users/shared/pracsys/adaptive_roa_experiments/stoch_compare_amarel/fm_high_ent05,0.9805351234594896,0.9970649864320064
fm,high,ent05,3,0.0001597396526189721,100.0,0.01325489439205187,100.0,0.023397032939401565,6.262938539069235e-05,-0.0004501876712709708,0.19062104092846555,0.05128170566616632,0.04901075883298664,0.19227671679829375,0.19178660920996388,0.19178660920996385,0.9822730701533819,0.9870002514458134,0.9864219260749308,-0.003209454362584864,0.000715380610225971,2.2637751725240107e-05,0.0017183052552175006,-1.4042586538032253e-15,0.9803746903098294,0.9836200614643729,0.9803005982781264,0.17207066864772141,0.6746273025481904,0.15926042708429025,0.5618637163691224,101,39770,0.9866091438816674,0.9847120020299417,0.9790148644709997,0.9742185338865836,0.9825305399075891,0.9815897136177674,4.8968437200773315e-05,4.52146305905439e-05,0.00027389167003196384,0.0007153806102259596,0.44878048780487806,0.3963791802866482,0.34508423434749813,0.45448830776967564,0.39725924063364343,0.3441790294191602,/common/users/shared/pracsys/adaptive_roa_experiments/stoch_compare_amarel/fm_high_ent05,0.9803227775577598,0.9962699136651256
fm,high,ent05,4,0.00014783106827323997,100.0,0.012402023378074393,100.0,0.022269047020367114,6.235858513470572e-05,-0.00044738814035504205,0.19075851717372078,0.05097467254897479,0.04901075883298664,0.19227671679829375,0.19178660920996388,0.19178660920996385,0.9830274075936636,0.9873271310032687,0.9875282876540106,-0.0020362081971335186,0.0005807038958861941,2.1386291613179972e-05,0.0015805582097058084,-1.8691645453650096e-15,0.9812213103352343,0.9840142095914741,0.9818912011683095,0.1712177976336437,0.6746273025481904,0.15926042708429025,0.5619816444556197,101,39770,0.9868494683827644,0.9862038273253226,0.9813895781637717,0.9756569847856155,0.9818342933097032,0.9823933372296902,5.049235122154425e-05,4.9713021591323086e-05,0.00027255875323513215,0.0005807038958861814,0.4493336685944179,0.39549911993965303,0.34453105355795827,0.45448830776967564,0.39725924063364343,0.3441790294191602,/common/users/shared/pracsys/adaptive_roa_experiments/stoch_compare_amarel/fm_high_ent05,0.9804142443898007,0.9969721353420955
fm,high,ent05,5,0.00011485699672923926,100.0,0.011509993549708747,100.0,0.021578576816696005,8.377328323873943e-05,-0.0004200905245652244,0.19074144054670403,0.050386380780396374,0.04901075883298664,0.19227671679829375,0.19178660920996388,0.19178660920996385,0.9833291425697762,0.9860196127734473,0.9860950465174755,-0.0017887855167211465,0.000625078138691415,2.3394399763058424e-05,0.0016190495348252453,-3.2252846227098786e-15,0.9815674608690816,0.9823132714085762,0.979711633708772,0.17032576780517505,0.6746273025481904,0.15926042708429025,0.5602735730450088,101,39770,0.9865317983681681,0.9874016755132059,0.9840076645294421,0.9766528354080222,0.9772770428508133,0.9754529514903565,4.287278111768952e-05,4.266055069173062e-05,0.00015849956695443356,0.0006250781386914081,0.4499371385466432,0.3931858184561227,0.3411868242393764,0.45448830776967564,0.39725924063364343,0.3441790294191602,/common/users/shared/pracsys/adaptive_roa_experiments/stoch_compare_amarel/fm_high_ent05,0.9806371413023742,0.9967407623438032
fm,high,ent05,6,0.00015398354453105914,100.0,0.01321066696480859,100.0,0.02378803117928087,0.00011978949500864337,-0.000416210586266771,0.19051221411326555,0.053600008127541454,0.04901075883298664,0.19227671679829375,0.19178660920996388,0.19178660920996385,0.9805129494593915,0.9861704802615037,0.985592154890621,-0.0014732210208700032,0.0008581845104299214,2.6318594952245142e-05,0.0018842921800352028,-1.6534083130403943e-15,0.9786000276128676,0.9825374650749302,0.9789608959060032,0.17202644122037913,0.6746273025481904,0.15926042708429025,0.5580975609756098,101,39770,0.9768467475192943,0.9857297572784609,0.984055510445117,0.9803596127247579,0.9793657826444712,0.9739187609585038,4.11202799938029e-05,3.7943528826104854e-05,0.00023293222646378456,0.000858184510429921,0.4561227055569525,0.39469449333668594,0.34063364344983654,0.45448830776967564,0.39725924063364343,0.3441790294191602,/common/users/shared/pracsys/adaptive_roa_experiments/stoch_compare_amarel/fm_high_ent05,0.9804331140318703,0.995525315797776
fm,high,ent05,7,0.00010747186119442968,100.0,0.011460773291432054,100.0,0.021448830776967562,0.00010701849247256525,-0.0004064288042309547,0.1908833028039661,0.05134472967035201,0.04901075883298664,0.19227671679829375,0.19178660920996388,0.19178660920996385,0.9836057329645461,0.9857933115413628,0.9866482273070153,-0.003843097812421424,0.0004968776017657084,2.073368057014125e-05,0.0015004324867990946,-1.1403638450202536e-15,0.9818546142714015,0.9819908838810443,0.9805130463503248,0.17027654754697152,0.6746273025481904,0.15926042708429025,0.5595700276590394,101,39770,0.9878479027832223,0.9890843713882111,0.985104343337512,0.9759336099585062,0.9749984176213684,0.9759643483343075,4.9527205675056e-05,4.341133233263098e-05,0.000157152490456488,0.0004968776017657037,0.44900678903696256,0.3916017098315313,0.34098566758863463,0.45448830776967564,0.39725924063364343,0.3441790294191602,/common/users/shared/pracsys/adaptive_roa_experiments/stoch_compare_amarel/fm_high_ent05,0.9806856889912697,0.9974092164003915
fm,high,ent05,8,0.00012171954951227022,100.0,0.012816883316286097,100.0,0.02350766909730953,0.00013415249658533523,-0.00040854739648669763,0.19075724093179042,0.05426998930720329,0.04901075883298664,0.19227671679829375,0.19178660920996388,0.19178660920996385,0.9843097812421423,0.9863213477495599,0.9867990947950717,-0.003350766909730954,0.0006208208816858553,2.217456166573187e-05,0.0016536283630877548,-9.057424948943904e-16,0.9826705176627416,0.9827389262596775,0.9807530153609267,0.17163265757197993,0.6746273025481904,0.15926042708429025,0.5578747799849133,101,39770,0.9865610884960687,0.9853025386524146,0.9843255574361616,0.9788105117565699,0.9801886195328818,0.9772063120981882,2.814161225023696e-05,1.9537695283233097e-05,0.00024412270809680847,0.0006208208816858484,0.45091777721900933,0.39519738496354034,0.3416897158662308,0.45448830776967564,0.39725924063364343,0.3441790294191602,/common/users/shared/pracsys/adaptive_roa_experiments/stoch_compare_amarel/fm_high_ent05,0.9807024690373911,0.9967629602283328
fm,high,ent05,9,8.72762258480592e-05,100.0,0.010665053105415555,100.0,0.020955494091023385,0.00012976582865566,-0.00038105144643367956,0.19094968101769452,0.05108172750893395,0.04901075883298664,0.19227671679829375,0.19178660920996388,0.19178660920996385,0.982725672617551,0.9873271310032687,0.9875534322353533,-0.004932863967814936,0.00045587674583400005,2.0443780024261454e-05,0.0014568016092532058,-1.6705387073656652e-15,0.9808330775883716,0.9839275463996429,0.9818261923119287,0.16948082736093167,0.6746273025481904,0.15926042708429025,0.5613565501634398,101,39770,0.9893066186402522,0.9915161642779099,0.9868624990774227,0.9725034578146612,0.9764542059624027,0.9768410286382233,2.8954366394648133e-05,2.7257030958314336e-05,0.00013721721870452224,0.0004558767458339949,0.4467689212974604,0.3912245411113905,0.340683932612522,0.45448830776967564,0.39725924063364343,0.3441790294191602,/common/users/shared/pracsys/adaptive_roa_experiments/stoch_compare_amarel/fm_high_ent05,0.9809166321486079,0.9976230001264847
fm,high,ent10,0,0.0040765231329576756,100.0,0.0962755813402771,100.0,0.09267865225044004,0.017851294410031082,0.017062774003552415,0.17844052063754287,0.07885204064786666,0.04901075883298664,0.19227671679829375,0.19178660920996388,0.19178660920996385,0.9640432486799094,0.9019612773447322,0.8770932863967815,-0.0768984158913754,0.03040886257597346,0.000408054011938957,0.031687490570782,3.469446951953614e-17,0.959695603156708,0.861752295855051,0.7843465984293656,0.2550913555964642,0.6746273025481904,0.15926042708429025,0.6319087251697257,101,39770,0.9781671933352485,0.9796839729119639,0.9900868790376476,0.941908713692946,0.769162605228179,0.6494009351256576,0.0001043373132887847,0.00012994750116198888,0.005081005427673755,0.030408862575973503,0.4376414382700528,0.3118933869751069,0.22574805129494593,0.45448830776967564,0.39725924063364343,0.3441790294191602,/common/users/shared/pracsys/adaptive_roa_experiments/stoch_compare/fm_high_ent10,0.9704575309635205,0.8414442869539317
fm,high,ent10,1,0.0012857286109539722,100.0,0.047143462573904976,100.0,0.05562584862962032,0.006022965565295199,0.0053329266038934005,0.18777271731455716,0.06900389614017978,0.04901075883298664,0.19227671679829375,0.19178660920996388,0.19178660920996385,0.973271310032688,0.9710585868745285,0.9320593412119689,-0.04622931858184562,0.00934681849930027,0.00014295204428471328,0.010526965049031934,1.5612511283791264e-16,0.9700908809543908,0.9624482072363055,0.8911186331399097,0.20595923682997094,0.6746273025481904,0.15926042708429025,0.600247171234599,101,39770,0.9870033207374327,0.9931322380824131,0.9936196980589503,0.9537482710926695,0.9336033926197861,0.8077878433664524,0.0001269928350642462,0.00018135348963611912,0.001927480487550892,0.009346818499300276,0.43917525773195876,0.373447322102087,0.2798089011817953,0.45448830776967564,0.39725924063364343,0.3441790294191602,/common/users/shared/pracsys/adaptive_roa_experiments/stoch_compare/fm_high_ent10,0.9774274419589918,0.9512644884968607
fm,high,ent10,2,0.00016622322844071416,100.0,0.014035855059001713,100.0,0.0231996479758612,0.00013622007934852164,-0.00036497959656576334,0.1905759768575255,0.0501199675914285,0.04901075883298664,0.19227671679829375,0.19178660920996388,0.19178660920996385,0.9798591903444808,0.9851395524264521,0.9854664319839075,-0.00803344229318582,0.0008456527558715136,2.5184967648665502e-05,0.0018369600201156653,-1.102633609417758e-15,0.9778085607424851,0.98115854241719,0.9786810268515785,0.17285162931450565,0.6746273025481904,0.15926042708429025,0.5677271812924315,101,39770,0.9793007769145394,0.9884378211716341,0.9883045292014303,0.9763208852005533,0.9739856952971707,0.9692431326709526,7.111598763597788e-05,7.578180599050261e-05,0.00021114070044167817,0.0008456527558715059,0.453105355795826,0.391450842343475,0.3375408599446819,0.45448830776967564,0.39725924063364343,0.3441790294191602,/common/users/shared/pracsys/adaptive_roa_experiments/stoch_compare/fm_high_ent10,0.9802945916893575,0.9955906579747406
fm,high,ent10,3,0.00017721577605894748,100.0,0.013458978337768556,100.0,0.022172994719637917,8.997559545031969e-05,-0.0003998653587230459,0.19068665719132888,0.04898409541733656,0.04901075883298664,0.19227671679829375,0.19178660920996388,0.19178660920996385,0.9831279859190345,0.987578576816696,0.9862710585868746,-0.006883077696756349,0.0007000866599106479,2.3278608996997044e-05,0.0016800352024138798,-1.3123183095764546e-15,0.9813357069344385,0.9843204468990033,0.97997799779978,0.17227475259322145,0.6746273025481904,0.15926042708429025,0.5656245914005532,101,39770,0.9867979413739092,0.9872031578277202,0.9838020910027978,0.9759336099585062,0.981454522438129,0.9761835184102864,6.552830289315102e-05,6.511176639413813e-05,0.00026972960685557476,0.0007000866599106415,0.44948453608247424,0.39494593915011317,0.34151370379683177,0.45448830776967564,0.39725924063364343,0.3441790294191602,/common/users/shared/pracsys/adaptive_roa_experiments/stoch_compare/fm_high_ent10,0.9803724687893133,0.9963496582853487
fm,high,ent10,4,0.00013121021017383473,100.0,0.012478339081696597,100.0,0.021759869248177015,8.503219963499207e-05,-0.0004237985773325715,0.1907978390155283,0.05088307769675635,0.04901075883298664,0.19227671679829375,0.19178660920996388,0.19178660920996385,0.9828765401056072,0.9867990947950717,0.9863464923309027,-0.0039575056575308016,0.0005649716171013631,2.0887991192916954e-05,0.001563909982398793,-1.6479873021779667e-15,0.9811247540120291,0.9832967452515033,0.9800799735867053,0.17129411333716618,0.6746273025481904,0.15926042708429025,0.569632134774956,101,39770,0.9830593201510776,0.9885491299897646,0.9843047675189743,0.9791977869986169,0.978099879739224,0.9758912916423145,5.5038694716844324e-05,5.6305168862372284e-05,0.00019870162525430034,0.000564971617101351,0.45270304249434246,0.3930600955494091,0.34123711340206186,0.45448830776967564,0.39725924063364343,0.3441790294191602,/common/users/shared/pracsys/adaptive_roa_experiments/stoch_compare/fm_high_ent10,0.9805358422221081,0.9970541654632267
fm,high,ent10,5,0.00011122159044638354,100.0,0.011663162411096238,100.0,0.02138370631128992,0.00014152985640301802,-0.0003581479881729911,0.19089232007687307,0.04996778445760091,0.04901075883298664,0.19227671679829375,0.19178660920996388,0.19178660920996385,0.9835805883832034,0.9864470706562736,0.9857933115413628,-0.007670354538596934,0.0005361411449166037,2.1241737670878542e-05,0.0015259265778224792,-1.2093191031903316e-15,0.9817897877799158,0.9828207171314741,0.9792332855515123,0.17047893666663722,0.6746273025481904,0.15926042708429025,0.5709884334925823,101,39770,0.9898223121907332,0.9898561890087314,0.985353946297803,0.9738865836791148,0.9758845496550415,0.9731881940385739,4.27203897156124e-05,4.2107573090727314e-05,0.00018037160643396126,0.0005361411449165958,0.4471712345989439,0.39165199899421677,0.33992959517224036,0.45448830776967564,0.39725924063364343,0.3441790294191602,/common/users/shared/pracsys/adaptive_roa_experiments/stoch_compare/fm_high_ent10,0.9807222059627965,0.9972044912461555
fm,high,ent10,6,7.690492621520331e-05,100.0,0.010740750829852212,100.0,0.021012320844857935,0.00011623037292025546,-0.00040078643839125026,0.19098562506912614,0.05170168113115059,0.04901075883298664,0.19227671679829375,0.19178660920996388,0.19178660920996385,0.9841086245914006,0.9873271310032687,0.9853658536585366,-0.005626854412874027,0.000400197702445628,1.893161414009471e-05,0.0014073221020870002,-8.543513119185775e-16,0.9824317562684161,0.9839480221670169,0.9786296541088345,0.16955652508544555,0.6746273025481904,0.15926042708429025,0.5669145084234348,101,39770,0.987261858204369,0.9902557856272838,0.983759043260003,0.9776486860304288,0.9777201088676498,0.9735534774985388,3.253556434345986e-05,2.4166025352850928e-05,0.00011569104421128642,0.0004001977024456278,0.4500628614533568,0.3922303243650993,0.3406084988684938,0.45448830776967564,0.39725924063364343,0.3441790294191602,/common/users/shared/pracsys/adaptive_roa_experiments/stoch_compare/fm_high_ent10,0.9809143636792389,0.9979133178062108
fm,high,ent10,7,0.00010519525480760465,100.0,0.012050220555188165,100.0,0.021571284888106616,9.280322652921418e-05,-0.00042823049514820877,0.19097714134742663,0.052103372167742294,0.04901075883298664,0.19227671679829375,0.19178660920996388,0.19178660920996385,0.9853658536585366,0.9878048780487805,0.9858436007040483,-0.0023909982398793066,0.000381237367387732,1.7511058913351976e-05,0.0013923786773950213,-1.3118846287074604e-15,0.9838494838494839,0.9845772251725124,0.9793462709563815,0.17086599481081136,0.6746273025481904,0.15926042708429025,0.5641061101332663,101,39770,0.9869717721730416,0.9893277096114519,0.9835679021442782,0.980746887966805,0.9798721438065701,0.9751607247223846,5.534347752099851e-05,5.0400814786031313e-05,0.0001845457339296852,0.00038123736738772515,0.45162182549660546,0.3934624088508926,0.34123711340206186,0.45448830776967564,0.39725924063364343,0.3441790294191602,/common/users/shared/pracsys/adaptive_roa_experiments/stoch_compare/fm_high_ent10,0.9803298941465168,0.9980121794271343
fm,high,ent10,8,0.00010444245039109691,100.0,0.011714106034231236,100.0,0.021329142569776215,0.00012879988228279793,-0.00038536949568089736,0.1908390494942539,0.05141693779636953,0.04901075883298664,0.19227671679829375,0.19178660920996388,0.19178660920996385,0.9846869499622831,0.9875282876540106,0.9851395524264521,-0.006115665074176516,0.000562190220027786,2.71195331414705e-05,0.0015664671863213479,-1.291935308733727e-15,0.9830696950321092,0.9842128716022663,0.9782792458377743,0.1705298802897791,0.6746273025481904,0.15926042708429025,0.5667525773195875,101,39770,0.9879861421546714,0.9898841155003522,0.9843206863397678,0.9782019363762102,0.9786062409013229,0.9723115137346581,4.109488142679005e-05,3.452538967751542e-05,0.00013506176931497716,0.0005621902200277792,0.44998742770932865,0.3927332159919537,0.3399798843349258,0.45448830776967564,0.39725924063364343,0.3441790294191602,/common/users/shared/pracsys/adaptive_roa_experiments/stoch_compare/fm_high_ent10,0.9807779014858581,0.9970686680246152
fm,high,ent10,9,6.412979644881596e-05,100.0,0.009998805455812087,100.0,0.01899497108373146,4.2479732642291315e-05,-0.00044931637782115637,0.1911097798852215,0.04917961104634477,0.04901075883298664,0.19227671679829375,0.19178660920996388,0.19178660920996385,0.9859190344480765,0.9882826250942922,0.9875282876540106,-0.004146090017601208,0.00022751294691953478,1.6222991308807446e-05,0.001209416645712849,-1.7071847407956753e-15,0.9844599844599845,0.9851988311523313,0.9818328327595047,0.16881457971128935,0.6746273025481904,0.15926042708429025,0.563124214231833,101,39770,0.9875842102332832,0.9887790883009244,0.9845012487145586,0.9813554633471646,0.981644407873916,0.9791788427819988,4.15266570660085e-05,3.926110488846298e-05,8.048920179923616e-05,0.00022751294691953643,0.45162182549660546,0.3943927583605733,0.34231833039979886,0.45448830776967564,0.39725924063364343,0.3441790294191602,/common/users/shared/pracsys/adaptive_roa_experiments/stoch_compare/fm_high_ent10,0.9809605972122025,0.998813718289005
fm,high,tb05,0,0.0040765231329576756,100.0,0.0962755813402771,100.0,0.09267865225044004,0.017851294410031082,0.017062774003552415,0.17844052063754287,0.07885204064786666,0.04901075883298664,0.19227671679829375,0.19178660920996388,0.19178660920996385,0.9640432486799094,0.9019612773447322,0.8770932863967815,-0.0768984158913754,0.03040886257597346,0.000408054011938957,0.031687490570782,3.469446951953614e-17,0.959695603156708,0.861752295855051,0.7843465984293656,0.2550913555964642,0.6746273025481904,0.15926042708429025,0.6319087251697257,101,39770,0.9781671933352485,0.9796839729119639,0.9900868790376476,0.941908713692946,0.769162605228179,0.6494009351256576,0.0001043373132887847,0.00012994750116198888,0.005081005427673755,0.030408862575973503,0.4376414382700528,0.3118933869751069,0.22574805129494593,0.45448830776967564,0.39725924063364343,0.3441790294191602,/common/users/shared/pracsys/adaptive_roa_experiments/stoch_compare/fm_high_tb05,0.9704575309635205,0.8414442869539317
fm,high,tb05,1,0.0002541038820343585,100.0,0.01661775241891719,100.0,0.02703671108876038,0.00018665566673325837,-0.0003583568928581295,0.1901680116402841,0.054501255959138795,0.04901075883298664,0.19227671679829375,0.19178660920996388,0.19178660920996385,0.9799094795071662,0.9853658536585366,0.9835051546391752,-0.004927080714106111,0.0012602406768210137,3.340053940016022e-05,0.0022953608247422677,-6.414140052424244e-16,0.9779373187905565,0.9815565977943973,0.9759636523523377,0.17543352667458684,0.6746273025481904,0.15926042708429025,0.564100075433744,101,39770,0.9761852260198457,0.9828647585200229,0.978976771537783,0.9796957123098202,0.9802519146781442,0.972969023962595,6.067717659369685e-05,5.4520157572709864e-05,0.00046617742676956643,0.0012602406768209941,0.4561227055569525,0.39620316821724916,0.34206688458637163,0.45448830776967564,0.39725924063364343,0.3441790294191602,/common/users/shared/pracsys/adaptive_roa_experiments/stoch_compare/fm_high_tb05,0.98001491934404,0.9934289433344049
fm,high,tb05,2,0.0002758832356608301,100.0,0.016546828103079777,100.0,0.027785768166960018,0.00018632727688711672,-0.0003679621347042813,0.19008164100754063,0.0554289411591398,0.04901075883298664,0.19227671679829375,0.19178660920996388,0.19178660920996385,0.9800352024138798,0.9867990947950717,0.9827005280362082,0.002227809906965048,0.0013370060677176593,2.9547169093178638e-05,0.0023814030676389242,-1.30668045827953e-15,0.9781628162816282,0.9833855501756384,0.9750018167284353,0.17536260235879045,0.6746273025481904,0.15926042708429025,0.5618400804626603,101,39770,0.9725458025704129,0.9833544303797468,0.9698568743675003,0.9838450899031812,0.9834166719412621,0.9802016364699007,4.475227507664038e-05,4.1277751109284366e-05,0.0005098437861135719,0.0013370060677176518,0.459768669851647,0.39728438521498616,0.3478501382951974,0.45448830776967564,0.39725924063364343,0.3441790294191602,/common/users/shared/pracsys/adaptive_roa_experiments/stoch_compare/fm_high_tb05,0.9799375932792346,0.9930286787319237
fm,high,tb05,3,0.0002007039202226076,100.0,0.013484816455476141,100.0,0.02421976364093538,0.00010777688356265177,-0.0004009576582345,0.19034419697579427,0.05087345417971518,0.04901075883298664,0.19227671679829375,0.19178660920996388,0.19178660920996385,0.9802112144832789,0.9861956248428464,0.9843852149861705,0.0037037968317827504,0.001041454575932826,3.0145528586005777e-05,0.0020402967060598443,-2.278125604826542e-15,0.9782374249923956,0.9826425116190838,0.9775008151878556,0.17230059071096268,0.6746273025481904,0.15926042708429025,0.5581576565250189,101,39770,0.9778858911985847,0.981680353758686,0.9695967799899374,0.9785892116182573,0.9836065573770492,0.9855347749853887,4.063770722055877e-05,5.3049275759862e-05,0.00032772285337660415,0.0010414545759328201,0.454815187327131,0.3980387226552678,0.3498365602212723,0.45448830776967564,0.39725924063364343,0.3441790294191602,/common/users/shared/pracsys/adaptive_roa_experiments/stoch_compare/fm_high_tb05,0.9803673411547673,0.9945697221499303
fm,high,tb05,4,0.00021339160681948255,100.0,0.015016310532067926,100.0,0.02524968569273322,0.00014867110246643696,-0.0003968504190093214,0.19029717568049184,0.05455215214757583,0.04901075883298664,0.19227671679829375,0.19178660920996388,0.19178660920996385,0.9837817450339452,0.9873774201659542,0.9836308775458888,0.0013557958259994964,0.0010925831104609076,3.296198875704736e-05,0.002128212220266533,-1.8166891602167112e-15,0.9822024778565713,0.9841279878588591,0.9762763747676834,0.17383208478769863,0.6746273025481904,0.15926042708429025,0.5583485038974101,101,39770,0.9797423758670043,0.9831954008465474,0.9739693157856467,0.9846749654218534,0.9850623457180834,0.9785943892460549,3.9418576003942013e-05,4.184860930146477e-05,0.00034883865052333076,0.0010925831104609044,0.4567764646718632,0.39801357807392507,0.345813427206437,0.45448830776967564,0.39725924063364343,0.3441790294191602,/common/users/shared/pracsys/adaptive_roa_experiments/stoch_compare/fm_high_tb05,0.9802512674323827,0.994303131407549
fm,high,tb05,5,0.0001633678034706225,100.0,0.013687075083623424,100.0,0.025094292180035206,0.0001751959002402467,-0.00038197243892205783,0.19059549831583203,0.05571683391623045,0.04901075883298664,0.19227671679829375,0.19178660920996388,0.19178660920996385,0.983706311289917,0.9857430223786774,0.9832285642444053,-0.00026552677897913123,0.0008091384552083573,2.3194023556804218e-05,0.001856414382700528,-1.4539151133030614e-15,0.9821053794322324,0.9819902804688244,0.9755435778975544,0.17250284933932641,0.6746273025481904,0.15926042708429025,0.5597166205682674,101,39770,0.9804267519435408,0.9855904106095383,0.9792418108207582,0.983789764868603,0.9784163554655358,0.9718731735827002,3.8021654818235294e-05,2.8339111507330764e-05,0.0003254639683229028,0.0008091384552083528,0.4560472718129243,0.3943676137792306,0.34158913754085996,0.45448830776967564,0.39725924063364343,0.3441790294191602,/common/users/shared/pracsys/adaptive_roa_experiments/stoch_compare/fm_high_tb05,0.9805470007855168,0.9957810482257261
fm,high,tb05,6,0.00011762127075854898,100.0,0.011556290723986536,100.0,0.021966306261000754,6.254100629575e-05,-0.0004548074087066756,0.19083298674600113,0.051734841500242566,0.04901075883298664,0.19227671679829375,0.19178660920996388,0.19178660920996385,0.9828262509429218,0.9882826250942922,0.9861201910988182,0.0004043248679909472,0.0004988150552545825,1.8781355606626125e-05,0.0015062710585868747,-1.485140135870644e-15,0.9810735167788954,0.9852279211310467,0.9799126637554586,0.17037206497955049,0.6746273025481904,0.15926042708429025,0.555540357053055,101,39770,0.9827892516100377,0.9868546389788531,0.9762180974477959,0.9793637621023513,0.9836065573770492,0.983635300993571,3.172281019904869e-05,3.364710723021153e-05,0.00021770902385687444,0.0004988150552545763,0.45290419914508423,0.395951722403822,0.3467940658788031,0.45448830776967564,0.39725924063364343,0.3441790294191602,/common/users/shared/pracsys/adaptive_roa_experiments/stoch_compare/fm_high_tb05,0.9806803184170966,0.9973991142691903
fm,high,tb05,7,0.00021477744075117566,100.0,0.012097190397646757,100.0,0.020605481518732715,5.280892409374508e-05,-0.0004415242746271831,0.19086132355995175,0.04943331987209282,0.04901075883298664,0.19227671679829375,0.19178660920996388,0.19178660920996385,0.9850389741010812,0.9882574805129495,0.9871511189338698,-0.0012567261755091785,0.0004837613753832009,3.266373334315989e-05,0.0014682021624339956,-1.7377592420597665e-15,0.9834414048367796,0.9851910575550975,0.9813890811086425,0.1709129646531376,0.6746273025481904,0.15926042708429025,0.5569841589137541,101,39770,0.9894165080076156,0.9871631926792069,0.9785024330016704,0.9775380359612724,0.983226786505475,0.9842928112215079,0.00011942406209441686,0.00014579986437165214,0.00029688194492066773,0.00048376137538319033,0.44903193361830523,0.395675132009052,0.34621574050792053,0.45448830776967564,0.39725924063364343,0.3441790294191602,/common/users/shared/pracsys/adaptive_roa_experiments/stoch_compare/fm_high_tb05,0.9804339260843493,0.9974776060884752
fm,high,tb05,8,8.623885084446134e-05,100.0,0.010464836132429487,100.0,0.02074503394518482,0.00010415383109056008,-0.00041229392532702273,0.19092473535153456,0.051644775641758296,0.04901075883298664,0.19227671679829375,0.19178660920996388,0.19178660920996385,0.9844606487301987,0.9869751068644707,0.9878048780487805,-0.002027407593663566,0.00044957993310017447,2.070504680194114e-05,0.0014561352778476237,-2.116796321560699e-15,0.9828132821625231,0.9834831962247305,0.9822636679466081,0.16928061038791073,0.6746273025481904,0.15926042708429025,0.5587005280362081,101,39770,0.9880892467706761,0.9909400501188717,0.9833784872226697,0.9775933609958506,0.9761377302360909,0.9811513734658095,2.9208352064776616e-05,2.170947595136739e-05,0.0001389349237916025,0.00044957993310016964,0.4496605481518733,0.3913251194367614,0.3433995473975358,0.45448830776967564,0.39725924063364343,0.3441790294191602,/common/users/shared/pracsys/adaptive_roa_experiments/stoch_compare/fm_high_tb05,0.9809905638589748,0.9976558325163986
fm,high,tb05,9,8.951056574678064e-05,100.0,0.011111012852238158,100.0,0.021371888358058838,0.0001065650176539901,-0.00041162932202136536,0.1909168800055364,0.05181943396753556,0.04901075883298664,0.19227671679829375,0.19178660920996388,0.19178660920996385,0.9836308775458888,0.9873019864219261,0.9871008297711843,-0.002771938647221525,0.0004580998824046348,2.0378811774000034e-05,0.0014664018104098566,-1.4985842428094642e-15,0.9818728594102415,0.9839125864101176,0.9812465728386035,0.1699267871078121,0.6746273025481904,0.15926042708429025,0.5595929092280613,101,39770,0.9883955600403632,0.9904438173422268,0.9820004390136826,0.9754356846473029,0.9774669282866004,0.9804938632378726,2.918295349776378e-05,2.1856482857238028e-05,0.00015347922270225858,0.0004580998824046302,0.4485290419914508,0.39205431229570026,0.34365099321096304,0.45448830776967564,0.39725924063364343,0.3441790294191602,/common/users/shared/pracsys/adaptive_roa_experiments/stoch_compare/fm_high_tb05,0.9809044790621395,0.9976114084070222
fm,high,tb05,10,7.935340722118376e-05,100.0,0.010882239980632116,100.0,0.020883329142569775,0.0001025459743866763,-0.0004101141953265485,0.19102101534999877,0.05126601697132248,0.04901075883298664,0.19227671679829375,0.19178660920996388,0.19178660920996385,0.9844857933115414,0.9874025647472969,0.9872768418405834,-0.003926829268292685,0.00035547966463732116,1.8886461335536296e-05,0.0013582474226804123,-1.2342557531574982e-15,0.9828119341449146,0.9840430614389911,0.9814828368586693,0.16969801423623931,0.6746273025481904,0.15926042708429025,0.5612916771435755,101,39770,0.9897879025923016,0.990383382484934,0.9832820061592609,0.9759336099585062,0.9777834040129122,0.9796902396259497,3.281494858060122e-05,2.3966087833325656e-05,0.00013148622254732564,0.0003554796646373204,0.44812672868996734,0.3922051797837566,0.34292180035202413,0.45448830776967564,0.39725924063364343,0.3441790294191602,/common/users/shared/pracsys/adaptive_roa_experiments/stoch_compare/fm_high_tb05,0.9809494141513408,0.998146483395782
fm,high,tb10,0,0.0016698904482533945,100.0,0.055074474937828785,100.0,0.06317349761126477,0.006832439164548244,0.006116364055905874,0.18571906544234917,0.07160751086423704,0.04901075883298664,0.19227671679829375,0.19178660920996388,0.19178660920996385,0.9712345989439276,0.9647975861201911,0.9168468694996228,-0.04955619813930099,0.012183907823520596,0.00017308272215120116,0.013390090520492835,2.6020852139652106e-17,0.9679138385594885,0.9543051112996931,0.8635444604910254,0.2138902491938723,0.6746273025481904,0.15926042708429025,0.6051631883329142,101,39770,0.981568917458331,0.9851742031134173,0.9921304636389494,0.9546334716459198,0.9253117285904171,0.7644652250146113,0.0001857143219979488,0.000205808245898768,0.0025044178267462206,0.012183907823520508,0.4420165954236862,0.3731204425446316,0.26519989942167466,0.45448830776967564,0.39725924063364343,0.3441790294191602,/common/users/shared/pracsys/adaptive_roa_experiments/stoch_compare_amarel/fm_high_tb10,0.9760783143357146,0.936471540564222
fm,high,tb10,1,0.00038330827279806464,100.0,0.02041145921872619,100.0,0.030552929343726432,0.0008085353220718808,0.0002550294308742622,0.19009399992021464,0.05535058911976187,0.04901075883298664,0.19227671679829375,0.19178660920996388,0.19178660920996385,0.979934624088509,0.981091274830274,0.9768166960020116,-0.017799094795071663,0.0019476387206233822,3.9627283653560274e-05,0.0029912522001508675,-1.1145598333150986e-16,0.9777938557435442,0.975821490579384,0.9654215421542154,0.17922723347443192,0.6746273025481904,0.15926042708429025,0.5750248931355293,101,39770,0.9836515312692459,0.9916356270012416,0.9919081381011098,0.9720055325034578,0.9605038293562884,0.94031268264173,0.0001358823335187426,0.00014989065916900778,0.000574637879930811,0.0019476387206233937,0.4491073673623334,0.384787528287654,0.3262760875031431,0.45448830776967564,0.39725924063364343,0.3441790294191602,/common/users/shared/pracsys/adaptive_roa_experiments/stoch_compare_amarel/fm_high_tb10,0.9795623628566251,0.9898447616929754
fm,high,tb10,2,0.00019998232062715617,100.0,0.014876033558790004,100.0,0.023493085240130752,0.00012484648676020066,-0.00039193554019783833,0.19068612954102496,0.05167820269580391,0.04901075883298664,0.19227671679829375,0.19178660920996388,0.19178660920996385,0.9833794317324617,0.9873522755846115,0.9852904199145084,-0.006265023887352277,0.0007085441287402565,2.2140262828431868e-05,0.0017154337440281621,-8.313662258618848e-16,0.981678077445464,0.98406866626548,0.978509239190331,0.17369180781442217,0.6746273025481904,0.15926042708429025,0.5638388232335931,101,39770,0.9836684812798578,0.9848484848484849,0.9841129091849553,0.9796957123098202,0.9832900816507374,0.972969023962595,0.00010101010101010144,0.00010008091983449937,0.0003169520830634679,0.0007085441287402499,0.45265275333165705,0.39663062610007543,0.34028161931103845,0.45448830776967564,0.39725924063364343,0.3441790294191602,/common/users/shared/pracsys/adaptive_roa_experiments/stoch_compare_amarel/fm_high_tb10,0.9799391527140869,0.9963055599571888
fm,high,tb10,3,0.00020048956654765637,100.0,0.01498653254635158,100.0,0.024337440281619313,0.0002091003252305069,-0.0003287136455052642,0.19068155763144373,0.05378139707357711,0.04901075883298664,0.19227671679829375,0.19178660920996388,0.19178660920996385,0.9837566004526025,0.9867488056323862,0.9849132511943676,-0.005306009554940912,0.0007763379330138193,2.2171206882184735e-05,0.0018042594920794572,-1.0605665651253204e-15,0.9821694728125863,0.9832629339092325,0.9778614124418861,0.17380230680197534,0.6746273025481904,0.15926042708429025,0.5668368116670857,101,39770,0.9800055081244836,0.9867414584395716,0.9878485164753242,0.9843430152143845,0.9798088486613077,0.9680742255990649,7.426540994557115e-05,7.509066018495055e-05,0.0003595434480586455,0.0007763379330138069,0.45649987427709326,0.39446819210460143,0.33728941413125474,0.45448830776967564,0.39725924063364343,0.3441790294191602,/common/users/shared/pracsys/adaptive_roa_experiments/stoch_compare_amarel/fm_high_tb10,0.9800759172396496,0.9959520743590399
fm,high,tb10,4,0.000250798114490406,100.0,0.017430659364899462,100.0,0.02721398038722655,0.00019859589205677427,-0.0003697853048760948,0.18939799310272,0.056838119693286906,0.04901075883298664,0.19227671679829375,0.19178660920996388,0.19178660920996385,0.9777973346743777,0.9856424440533065,0.9861453356801609,0.003881317576062358,0.0020188308023661307,9.667589211416705e-05,0.003077319587628866,-1.6566609195578508e-15,0.9756621923320746,0.9818896888578769,0.9797359420396455,0.17624643362061457,0.6746273025481904,0.15926042708429025,0.5605863716369122,101,39770,0.9721520377897397,0.984043229497775,0.986447456120862,0.9791977869986169,0.9797455535160453,0.973115137346581,3.7793067715119647e-05,3.50386439197124e-05,0.000377731806371482,0.0020188308023661415,0.45778224792557204,0.3955242645209957,0.33952728187075687,0.45448830776967564,0.39725924063364343,0.3441790294191602,/common/users/shared/pracsys/adaptive_roa_experiments/stoch_compare_amarel/fm_high_tb10,0.9789899185536267,0.9894735570398663
fm,high,tb10,5,9.981513597016418e-05,100.0,0.011401087958954285,100.0,0.0220055318078954,0.00010455437499001527,-0.00042567289138761583,0.19085680549563572,0.0530227266377631,0.04901075883298664,0.19227671679829375,0.19178660920996388,0.19178660920996385,0.9837817450339452,0.9867236610510435,0.98604475735479,-0.0026291174251948713,0.0005041308229389698,2.0083323485573635e-05,0.0015244656776464672,-1.584236214435819e-15,0.9821195908297065,0.9832167832167831,0.9795391705069125,0.1702168622145536,0.6746273025481904,0.15926042708429025,0.5639197887855167,101,39770,0.9842204689409935,0.9875486878232552,0.9886879511795788,0.9800276625172891,0.9789227166276346,0.9705581531268265,3.372929699306378e-05,2.4562344592519503e-05,0.00018727531792656643,0.0005041308229389684,0.45255217500628614,0.393789288408348,0.3378677395021373,0.45448830776967564,0.39725924063364343,0.3441790294191602,/common/users/shared/pracsys/adaptive_roa_experiments/stoch_compare_amarel/fm_high_tb10,0.9805800804992545,0.9973713971741006
fm,high,tb10,6,0.00010987013710387562,100.0,0.011944631699598791,100.0,0.020215991953733973,6.814341477088952e-05,-0.000421167496707485,0.19101448304434315,0.04893109114783744,0.04901075883298664,0.19227671679829375,0.19178660920996388,0.19178660920996385,0.9853909982398793,0.9876288659793815,0.9868242393764144,-0.0057654010560724165,0.0003509586689119,1.821900299692193e-05,0.0013303771687201407,-1.3342191934606618e-15,0.9838615594011277,0.9843789687579375,0.9807903805264316,0.17076040595513045,0.6746273025481904,0.15926042708429025,0.5667797334674377,101,39770,0.9879504630146156,0.9875772440593744,0.984326710816777,0.9798063623789764,0.9812013418570795,0.9772793687901812,7.241131455363314e-05,6.924451962420123e-05,0.00016204704830552526,0.00035095866891188965,0.4507417651496103,0.39469449333668594,0.34171486044757354,0.45448830776967564,0.39725924063364343,0.3441790294191602,/common/users/shared/pracsys/adaptive_roa_experiments/stoch_compare_amarel/fm_high_tb10,0.9805319123108244,0.9981700564478531
fm,high,tb10,7,0.0001119032962171213,100.0,0.011311298495237177,100.0,0.020274830274075936,0.00011534507877705691,-0.0003697207670079239,0.1910020568481532,0.04850658457849809,0.04901075883298664,0.19227671679829375,0.19178660920996388,0.19178660920996385,0.9834800100578326,0.9874779984913251,0.9873522755846115,-0.007491325119436762,0.0004148315948014212,1.9646942241217875e-05,0.0013900050289162686,-1.3493980238754588e-15,0.9816741513486373,0.9841683621566633,0.9815284051265102,0.170127072750727,0.6746273025481904,0.15926042708429025,0.5643361830525521,101,39770,0.9899302430243024,0.9886312831321453,0.9867828398434616,0.973554633471646,0.9797455535160453,0.9763296317942723,5.501329614983143e-05,5.9130200674077654e-05,0.00016902993983078916,0.00041483159480141185,0.44697007794820215,0.3936887100829771,0.3405330651244657,0.45448830776967564,0.39725924063364343,0.3441790294191602,/common/users/shared/pracsys/adaptive_roa_experiments/stoch_compare_amarel/fm_high_tb10,0.980675675322734,0.9978370148129202
fm,high,tb10,8,0.00016949504482081218,100.0,0.013789264611141995,100.0,0.024089011817953233,0.00036364074945940587,-0.0001495123302438374,0.1907232793481044,0.051315307970324325,0.04901075883298664,0.19227671679829375,0.19178660920996388,0.19178660920996385,0.9812421423183304,0.9852652753331657,0.9840080462660297,-0.012714106110133268,0.0009138175316148662,2.70385793103869e-05,0.0019170781996479757,-7.827939685345342e-16,0.9791375356563566,0.9812707747379187,0.9764758100310696,0.17260503886679585,0.6746273025481904,0.15926042708429025,0.5713291425697762,101,39770,0.9899903862466776,0.9910904512880109,0.9889121965837578,0.9685200553250346,0.9716437749224635,0.9643483343074225,5.1025721128814113e-05,5.1075807102964914e-05,0.00024684295812029067,0.0009138175316148546,0.44463163188332916,0.38946442041740004,0.33562987176263515,0.45448830776967564,0.39725924063364343,0.3441790294191602,/common/users/shared/pracsys/adaptive_roa_experiments/stoch_compare_amarel/fm_high_tb10,0.9805531372923736,0.9952352380837265
fm,high,tb10,9,8.115812458122272e-05,100.0,0.010662296175784484,100.0,0.019674629117425197,0.00010568976905828271,-0.00038535954733928614,0.1911095526573688,0.04910493163975689,0.04901075883298664,0.19227671679829375,0.19178660920996388,0.19178660920996385,0.9852401307518229,0.9878803117928087,0.9871762635152125,-0.007172743273824492,0.0002916970052549635,1.7585385006891238e-05,0.0012728539099823987,-8.471955775801732e-16,0.9836485695980388,0.9846604289987906,0.9812871505100169,0.16947807043130655,0.6746273025481904,0.15926042708429025,0.5646396781493587,101,39770,0.9905745062836625,0.9902067464635473,0.9856995429750848,0.9768188105117566,0.9791758972086841,0.9769140853302163,4.30759696537923e-05,4.51295961881841e-05,0.00011746481663504005,0.00029169700525496063,0.44817701785265274,0.3928337943173246,0.3411113904953483,0.45448830776967564,0.39725924063364343,0.3441790294191602,/common/users/shared/pracsys/adaptive_roa_experiments/stoch_compare_amarel/fm_high_tb10,0.9809094785642333,0.9984790543695592
fm,high,tb10,10,0.00011939480717777746,100.0,0.012531712372582816,100.0,0.021059592657782254,0.00016575920736145445,-0.0003298146097637833,0.19081262938760024,0.04955738171252379,0.04901075883298664,0.19227671679829375,0.19178660920996388,0.19178660920996385,0.9844606487301987,0.9868996731204426,0.9869751068644707,-0.008375660045260247,0.0006441652125987053,4.039268619441667e-05,0.0016298466180538094,-1.1492543028346347e-15,0.982763429463937,0.9833870093428143,0.9809880349409088,0.17134748662812666,0.6746273025481904,0.15926042708429025,0.5658068896152879,101,39770,0.9909443725743855,0.9908752088420512,0.985691104882726,0.974716459197787,0.9760111399455662,0.9763296317942723,5.3870360634253225e-05,5.223428654155381e-05,0.00016409258539632854,0.0006441652125986975,0.44704551169223034,0.3912999748554187,0.3409102338446065,0.45448830776967564,0.39725924063364343,0.3441790294191602,/common/users/shared/pracsys/adaptive_roa_experiments/stoch_compare_amarel/fm_high_tb10,0.9805864396230983,0.9966412398902497
fm,high,tb10,11,0.00013186420694503114,100.0,0.012965517168603056,100.0,0.02188282625094292,0.0001903233173848817,-0.0003177630529821023,0.19085628326377932,0.05080863703669839,0.04901075883298664,0.19227671679829375,0.19178660920996388,0.19178660920996385,0.9850641186824239,0.9870253960271561,0.9867236610510435,-0.008772441538848378,0.0006125628932015655,2.3701871715217224e-05,0.0016107568518984158,-9.040077714184136e-16,0.9834632516703786,0.9835375191424196,0.980603923297333,0.17178129142420145,0.6746273025481904,0.15926042708429025,0.5651747548403319,101,39770,0.9898010647240123,0.9915728530073978,0.9861829466528742,0.9772060857538036,0.9756313690739921,0.9750876680303916,4.917162573687612e-05,4.4446273141270596e-05,0.00019120777805716054,0.0006125628932015635,0.4487050540608499,0.3908725169725924,0.3403067638923812,0.45448830776967564,0.39725924063364343,0.3441790294191602,/common/users/shared/pracsys/adaptive_roa_experiments/stoch_compare_amarel/fm_high_tb10,0.9806108446391937,0.9968060184403649
fm,high,tb10,12,0.0001300861816224844,100.0,0.01252344796570793,100.0,0.02105959265778225,0.00014352944245143843,-0.0003507263414372347,0.19076932846352496,0.049425578388867304,0.04901075883298664,0.19227671679829375,0.19178660920996388,0.19178660920996385,0.983806889615288,0.9876540105607242,0.9855167211465929,-0.0075212471712346,0.0006665544050004699,3.2607471795167544e-05,0.0016509177772190092,-1.22514845490862e-15,0.9820362622036263,0.9843595706049119,0.9787985865724382,0.17133922222125655,0.6746273025481904,0.15926042708429025,0.564980638672366,101,39770,0.990323488045007,0.9908298063357701,0.9863501483679525,0.9738865836791148,0.9779732894486993,0.9713617767387492,5.630862306748675e-05,5.770493468758413e-05,0.00014427541698096844,0.0006665544050004622,0.4469449333668594,0.3921046014583857,0.3389489564998743,0.45448830776967564,0.39725924063364343,0.3441790294191602,/common/users/shared/pracsys/adaptive_roa_experiments/stoch_compare_amarel/fm_high_tb10,0.9805640361118919,0.9965244997669741
fm,high,tb10,13,9.963735279800128e-05,100.0,0.011232226386397355,100.0,0.01946844355041489,0.00014248247203871688,-0.0003326477845122086,0.19110443437216626,0.04751302565509254,0.04901075883298664,0.19227671679829375,0.19178660920996388,0.19178660920996385,0.9849132511943676,0.987125974352527,0.9883329142569777,-0.007703796831782752,0.0003495270532836537,1.876429003144256e-05,0.0013147648981644455,-1.7585759237714882e-15,0.9832523865349189,0.98365053008047,0.9829587189657705,0.17004800064184253,0.6746273025481904,0.15926042708429025,0.5656799094795072,101,39770,0.9922257900963326,0.9925887736031449,0.9883308714918759,0.9744398340248963,0.9748718273308438,0.9776446522501461,6.687442694483202e-05,6.910574185404252e-05,0.00012218698171048383,0.0003495270532836465,0.44634146341463415,0.3901684686949962,0.3404576313804375,0.45448830776967564,0.39725924063364343,0.3441790294191602,/common/users/shared/pracsys/adaptive_roa_experiments/stoch_compare_amarel/fm_high_tb10,0.980740089168857,0.9981775210755147
clf,high,dir00,0,0.005699769037228305,1.0,0.1272851445634189,100.0,0.1044240184789904,0.033784589267533666,0.033784589267533666,0.1856853150025362,0.04767176187508935,0.04901075883298664,0.19227671679829375,0.19178660920996388,0.19178660920996385,0.8881317576062359,0.8746542620065376,0.9016595423686196,0.09690065099520795,0.03991758407463025,0.0004399452243014738,0.04040769166296011,3.170059966890737e-05,0.890259243728571,0.8637345214990569,0.8749960047303992,0.28610091881887556,0.6746273025481904,0.15926042708429025,0.0,20,39770,0.8032582569215704,0.760152040030793,0.7777714642877436,0.9983955739972338,1.0,1.0,5.152056645178216e-05,0.00039917355425683434,0.010001548350341333,0.03991758407463029,0.564898164445562,0.5226049786271059,0.4425194870505406,0.45448830776967564,0.39725924063364343,0.3441790294191602,/common/users/shared/pracsys/adaptive_roa_experiments/stoch_compare_amarel/clf_high_dir00,0.9774352139530679,0.7918645924287168
clf,high,dir00,1,0.010304614047151639,1.0,0.1851790607011754,100.0,0.1387008551671036,0.05414361277351291,0.05414361277351291,0.18935226095479182,0.05730244399118023,0.04901075883298664,0.19227671679829375,0.19178660920996388,0.19178660920996385,0.8457882826250943,0.8429972340960523,0.8823485038974102,0.136672262057974,0.05647357328884895,0.000510240392382078,0.056963680877178825,-0.00010438773983600241,0.8549535274223683,0.8349981502034776,0.8540321322726564,0.34399483495676747,0.6746273025481904,0.15926042708429025,0.0,20,39770,0.746653998678123,0.7167354715782788,0.7452496324930582,1.0,1.0,1.0,1.690847819369049e-05,0.00116208527846769,0.02241542430004836,0.056473573288848895,0.6087000251445813,0.5542620065375912,0.4618305255217501,0.45448830776967564,0.39725924063364343,0.3441790294191602,/common/users/shared/pracsys/adaptive_roa_experiments/stoch_compare_amarel/clf_high_dir00,0.9803724256496229,0.7055395393792958
clf,high,dir00,2,0.011998048098144505,1.0,0.1890432597665243,100.0,0.14809741752162517,0.05714728336675993,0.05714728336675993,0.18940122446710647,0.06526673989101964,0.04901075883298664,0.19227671679829375,0.19178660920996388,0.19178660920996385,0.8182046768921297,0.8489062107115917,0.8790797083228564,0.14702586406214094,0.059344637537323545,0.0005146445586355964,0.05983474512565342,-0.00018803057229378056,0.8333333333333333,0.8402159172494482,0.8505825695199627,0.3478590340222732,0.6746273025481904,0.15926042708429025,0.0,20,39770,0.7142857142857143,0.7244589141599413,0.7400118938206196,1.0,1.0,1.0,1.53666227442695e-06,0.0016417450581454344,0.028447248199042242,0.05934463753732358,0.6362836308775459,0.5483530299220518,0.46509932109630375,0.45448830776967564,0.39725924063364343,0.3441790294191602,/common/users/shared/pracsys/adaptive_roa_experiments/stoch_compare_amarel/clf_high_dir00,0.9808407410358659,0.6905694418302463
clf,high,dir00,3,0.015115977487959184,1.0,0.21774394015250814,100.0,0.15324193226297533,0.05972003020598713,0.05972003020598713,0.18983072313056362,0.06359502621022863,0.04901075883298664,0.19227671679829375,0.19178660920996388,0.19178660920996385,0.8167211465929092,0.8643952728187075,0.8654262006537591,0.1520852226663018,0.06158646863981404,0.0005383774297466147,0.062076576228143915,-8.944764557333729e-05,0.8322014779345749,0.8542077802708767,0.8364703006599853,0.37655971440824076,0.6746273025481904,0.15926042708429025,0.0,20,39770,0.71262419176786,0.7455171762929408,0.7189075630252101,1.0,1.0,1.0,5.987012120917368e-06,0.002436685087596302,0.038975839310936865,0.061586468639814144,0.6377671611767665,0.5328639678149358,0.47875282876540104,0.45448830776967564,0.39725924063364343,0.3441790294191602,/common/users/shared/pracsys/adaptive_roa_experiments/stoch_compare_amarel/clf_high_dir00,0.9811805453456502,0.6788802466787944
clf,high,dir00,4,0.016880553834904315,1.0,0.2208637260817099,100.0,0.16437289207570221,0.0656475887411576,0.0656475887411576,0.18909728903514605,0.07020727352273036,0.04901075883298664,0.19227671679829375,0.19178660920996388,0.19178660920996385,0.787930600955494,0.8490570781996479,0.8634900678903696,0.1633228162848581,0.06820085922041437,0.000586045468841511,0.06869096680874424,-0.0001360496955610524,0.8108289969495783,0.8403499906917369,0.8345069349184575,0.37967950033751685,0.6746273025481904,0.15926042708429025,0.0,20,39770,0.6818439020709948,0.7246582882304375,0.7160119265575142,1.0,1.0,1.0,5.159954583032406e-06,0.0020983075198092666,0.043802009039131305,0.06820085922041391,0.6665577068141816,0.5482021624339954,0.48068896152879054,0.45448830776967564,0.39725924063364343,0.3441790294191602,/common/users/shared/pracsys/adaptive_roa_experiments/stoch_compare_amarel/clf_high_dir00,0.9805909187184226,0.644391965104563
clf,high,dir00,5,0.013500658448120352,1.0,0.19822113200519006,100.0,0.14572520450782417,0.05278527991707456,0.05278527991707456,0.18793236105741673,0.0646969561664256,0.04901075883298664,0.19227671679829375,0.19178660920996388,0.19178660920996385,0.8236107618808147,0.8692230324365099,0.8764395272818708,0.14435643204300475,0.05644572977193043,0.0005053726289929297,0.056935837360260304,-0.0001937982976912625,0.8374840727441214,0.8586646376260224,0.8478166615051099,0.3570369062609353,0.6746273025481904,0.15926042708429025,0.0,20,39770,0.7204065364687127,0.7523333333333333,0.7358348564670466,1.0,1.0,1.0,7.85025896292034e-06,0.003467091562478354,0.031169459822749376,0.0564457297719305,0.6308775458888609,0.5280362081971335,0.46773950213728943,0.45448830776967564,0.39725924063364343,0.3441790294191602,/common/users/shared/pracsys/adaptive_roa_experiments/stoch_compare_amarel/clf_high_dir00,0.9799443448349295,0.7056847190507713
clf,high,dir00,6,0.01230968375964358,1.0,0.17778145130169323,100.0,0.14473924740363064,0.05277356193068431,0.05277356193068431,0.18886227650458084,0.06747404632346272,0.04901075883298664,0.19227671679829375,0.19178660920996388,0.19178660920996385,0.8214483278853407,0.8659542368619563,0.8784510937892884,0.14364101863941434,0.055524710012856644,0.0005018809851893691,0.056014817601186505,-0.0001731846232107051,0.8358188249982659,0.8556419074440141,0.8499223843526855,0.3365972255574158,0.6746273025481904,0.15926042708429025,0.0,20,39770,0.7179456625357483,0.7477046852815902,0.7390130655436777,1.0,1.0,1.0,2.65765747431161e-06,0.0007894886656213813,0.030718637814256905,0.055524710012856734,0.6330399798843349,0.5313050037716872,0.46572793562987175,0.45448830776967564,0.39725924063364343,0.3441790294191602,/common/users/shared/pracsys/adaptive_roa_experiments/stoch_compare_amarel/clf_high_dir00,0.9806806962371097,0.7104870343055631
clf,high,dir00,7,0.009667631653057203,1.0,0.14488580659148956,100.0,0.1296167407894033,0.0402990914671842,0.0402990914671842,0.18832114262389632,0.07008598301788975,0.04901075883298664,0.19227671679829375,0.19178660920996388,0.19178660920996385,0.8529041991450842,0.8847623837063113,0.8952476741262257,0.12909889806705385,0.04347547669518085,0.00041276055451700715,0.04396558428351071,-0.0002890813580709098,0.8607142857142858,0.8733313064868301,0.867922135565278,0.30370158084743243,0.6746273025481904,0.15926042708429025,0.0,20,39770,0.7554858934169278,0.7751447355509764,0.766662932676151,1.0,1.0,1.0,2.166158461218531e-06,0.0021746010605921376,0.021175068228279057,0.04347547669518087,0.6015841086245914,0.5124968569273322,0.4489313552929344,0.45448830776967564,0.39725924063364343,0.3441790294191602,/common/users/shared/pracsys/adaptive_roa_experiments/stoch_compare_amarel/clf_high_dir00,0.9804796491749165,0.7733132835797476
clf,high,dir00,8,0.008050328023346064,1.0,0.13644643731957573,100.0,0.12041421203691992,0.03850263953068011,0.03850263953068011,0.18935656831039757,0.061896618107775914,0.04901075883298664,0.19227671679829375,0.19178660920996388,0.19178660920996385,0.8710585868745285,0.8882574805129495,0.892079456877043,0.11968045257467311,0.04066969890563737,0.0003929423173984716,0.041159806493967235,-0.00026298152460906,0.8757691748631231,0.8766994062482659,0.8644688644688644,0.2952622115754304,0.6746273025481904,0.15926042708429025,0.0,20,39770,0.7789940955910873,0.7804673220372474,0.7612903225806451,1.0,1.0,1.0,1.0859454670272236e-06,0.0012999322678977842,0.017632868097908955,0.040669698905637305,0.5834297208951471,0.509001760120694,0.4520995725421172,0.45448830776967564,0.39725924063364343,0.3441790294191602,/common/users/shared/pracsys/adaptive_roa_experiments/stoch_compare_amarel/clf_high_dir00,0.9810716842850975,0.7879429691511306
clf,high,dir00,9,0.01923961624059353,1.0,0.22670806749822606,100.0,0.1720728337444409,0.06586043752868558,0.06586043752868558,0.1880938077473442,0.0780514817127906,0.04901075883298664,0.19227671679829375,0.19178660920996388,0.19178660920996385,0.8016092532059341,0.8452099572542117,0.8590897661553936,0.17201283000829484,0.06940749785789987,0.0005930651461261681,0.06989760544622974,-0.00014574113340540262,0.8208446866485014,0.8369444297293002,0.8300788356579746,0.38552384175435994,0.6746273025481904,0.15926042708429025,0.0,20,39770,0.6961294049682265,0.7196082896834434,0.7095168981961435,1.0,1.0,1.0,1.1987127056609253e-06,0.010254634447492835,0.04168426482110769,0.06940749785790008,0.6528790545637415,0.5520492833794317,0.48508926326376667,0.45448830776967564,0.39725924063364343,0.3441790294191602,/common/users/shared/pracsys/adaptive_roa_experiments/stoch_compare_amarel/clf_high_dir00,0.9803947289654387,0.6381003963529381
clf,high,dir00,10,0.01159930711206412,1.0,0.1774020540102104,100.0,0.14104115476339396,0.05238483548437568,0.05238483548437568,0.18951387419771168,0.06358725390041248,0.04901075883298664,0.19227671679829375,0.19178660920996388,0.19178660920996385,0.8490067890369626,0.86552677897913,0.871737490570782,0.14054200190662763,0.0545299280176314,0.0005101028036831403,0.05502003560596126,-0.00012764247899650638,0.8575495196299372,0.8552482000757864,0.8429350001539552,0.33621782826607255,0.6746273025481904,0.15926042708429025,0.0,20,39770,0.7506229235880398,0.7471036080767958,0.728511363031561,1.0,1.0,1.0,1.7447685961804142e-06,0.0018758541235437906,0.02625029525949441,0.05452992801763115,0.605481518732713,0.5317324616545135,0.4724415388483782,0.45448830776967564,0.39725924063364343,0.3441790294191602,/common/users/shared/pracsys/adaptive_roa_experiments/stoch_compare_amarel/clf_high_dir00,0.9812295313630189,0.7156739553284807
clf,high,dir00,11,0.010821891832122453,1.0,0.17032899159579035,100.0,0.13833534574645026,0.05207894948627739,0.05207894948627739,0.18978150187786405,0.062037598610547084,0.04901075883298664,0.19227671679829375,0.19178660920996388,0.19178660920996385,0.8590143324113654,0.8653256223283883,0.864269549911994,0.13737346533953537,0.054017254974585385,0.0005201958470502354,0.05450736256291526,-6.680184379183329e-05,0.8657231122925497,0.8550630513611517,0.8352962714346739,0.3291447658514826,0.6746273025481904,0.15926042708429025,0.0,18,39770,0.7632379022042057,0.7468210824864099,0.7171748925914283,1.0,1.0,1.0,4.468885056571522e-06,0.0005230812527012085,0.024628176636333987,0.054017254974585406,0.5954739753583103,0.5319336183052552,0.4799094795071662,0.45448830776967564,0.39725924063364343,0.3441790294191602,/common/users/shared/pracsys/adaptive_roa_experiments/stoch_compare_amarel/clf_high_dir00,0.9812597189069739,0.71834709838658
clf,high,dir00,12,0.013624967623898506,1.0,0.19025100910533257,100.0,0.1481208649082851,0.0556908934228705,0.0556908934228705,0.1877894599447941,0.06640262210325663,0.04901075883298664,0.19227671679829375,0.19178660920996388,0.19178660920996385,0.8426200653759115,0.8564244405330651,0.8637918028664823,0.14762232471701012,0.059595645193273344,0.0005679579530775142,0.060085752781603205,-9.239749476695758e-05,0.8524134028154401,0.8469497158786319,0.8348123075046504,0.3490667833612276,0.6746273025481904,0.15926042708429025,0.0,19,39770,0.7427878688255116,0.7345297317402018,0.7164616592515048,1.0,1.0,1.0,3.613127602862522e-06,0.002896893140083602,0.030994390523244767,0.05959564519327347,0.6118682423937641,0.5408348001005783,0.4803872265526779,0.45448830776967564,0.39725924063364343,0.3441790294191602,/common/users/shared/pracsys/adaptive_roa_experiments/stoch_compare_amarel/clf_high_dir00,0.9801098242478149,0.68926065569036
clf,high,dir00,13,0.012832814954036698,1.0,0.18507001979796123,100.0,0.1463519061530963,0.054811844471206496,0.054811844471206496,0.18904322351133715,0.06592212752497724,0.04901075883298664,0.19227671679829375,0.19178660920996388,0.19178660920996385,0.8456625597183807,0.85868745285391,0.8682423937641438,0.1459088118042759,0.05745625688219196,0.0005322718111604515,0.057946364470521816,-9.897328764127411e-05,0.8548524404086266,0.8489977967650062,0.8393426539121902,0.34388579405386205,0.6746273025481904,0.15926042708429025,0.0,20,39770,0.7464998141494239,0.7376161352070592,0.7231614539306847,1.0,1.0,1.0,1.394208096927484e-06,0.0022853801436826717,0.029271963333778378,0.05745625688219193,0.608825748051295,0.5385717877797335,0.47593663565501637,0.45448830776967564,0.39725924063364343,0.3441790294191602,/common/users/shared/pracsys/adaptive_roa_experiments/stoch_compare_amarel/clf_high_dir00,0.9809552350401309,0.7004157009768597
clf,high,dir00,14,0.0144554299749189,1.0,0.1872874904565505,100.0,0.14461347214940248,0.04948679510201071,0.04948679510201071,0.18649303913782228,0.07010841376334782,0.04901075883298664,0.19227671679829375,0.19178660920996388,0.19178660920996385,0.8510435001257229,0.8692481770178526,0.8771184309781243,0.1444398347300278,0.05460579539428245,0.0005367354914989343,0.05509590298261233,-0.00017456977986984867,0.8592004563388316,0.8586879721724007,0.8485261754951492,0.3461032647125654,0.6746273025481904,0.15926042708429025,0.0,20,39770,0.7531563815158965,0.7523691604362113,0.7369044414535666,1.0,1.0,1.0,3.4437838876563697e-06,0.007684183250519565,0.02994185282361218,0.05460579539428255,0.6034448076439527,0.5280110636157908,0.467060598441036,0.45448830776967564,0.39725924063364343,0.3441790294191602,/common/users/shared/pracsys/adaptive_roa_experiments/stoch_compare_amarel/clf_high_dir00,0.9791947717532138,0.7152783730875538
clf,high,dir00,15,0.00986306088001191,1.0,0.15873871677201173,100.0,0.13080642549007893,0.046561676131172965,0.046561676131172965,0.18941440400946058,0.0610868413601952,0.04901075883298664,0.19227671679829375,0.19178660920996388,0.19178660920996385,0.8734221775207442,0.8747045511692231,0.8709831531305003,0.13006505320153267,0.04890065780482245,0.0004915242923015143,0.04939076539315232,-3.322352685380947e-05,0.8777680652680653,0.8637817446215249,0.8421570738610147,0.3175544910277639,0.6746273025481904,0.15926042708429025,0.0,17,39770,0.7821627937167337,0.7602251948801848,0.7273500185982252,1.0,1.0,1.0,2.5139776638746652e-06,0.0011514388917857074,0.02079186115819963,0.048900657804822396,0.5810661302489314,0.5225546894644204,0.4731958762886598,0.45448830776967564,0.39725924063364343,0.3441790294191602,/common/users/shared/pracsys/adaptive_roa_experiments/stoch_compare_amarel/clf_high_dir00,0.9811115687767618,0.7450256928454944
clf,high,dir00,16,0.013913862654071577,1.0,0.20061864587925507,100.0,0.14653112372827753,0.05554898521551953,0.05554898521551953,0.18853887565671731,0.06284473929800062,0.04901075883298664,0.19227671679829375,0.19178660920996388,0.19178660920996385,0.8489313552929344,0.858058838320342,0.8658033693738999,0.14611025978578535,0.05872738911129467,0.0005527659382666104,0.05921749669962454,-6.932965747141057e-05,0.8574884956591868,0.8484278924898638,0.836853850151316,0.359434420135132,0.6746273025481904,0.15926042708429025,0.0,19,39770,0.7505294190923057,0.7367562022010818,0.7194743758212878,1.0,1.0,1.0,4.922533879011293e-06,0.0045006647705372145,0.03026239153448552,0.058727389111294714,0.6055569524767412,0.5392004023133015,0.4783756600452602,0.45448830776967564,0.39725924063364343,0.3441790294191602,/common/users/shared/pracsys/adaptive_roa_experiments/stoch_compare_amarel/clf_high_dir00,0.9805506252269275,0.6937878543595231
clf,high,dir00,17,0.009321249147040458,1.0,0.14981252671680265,100.0,0.12903192667394756,0.04407830759583939,0.04407830759583939,0.18828755193643107,0.06431211442844813,0.04901075883298664,0.19227671679829375,0.19178660920996388,0.19178660920996385,0.8676137792305758,0.8718380688961529,0.8816193110384712,0.1285400319733449,0.047435268567210045,0.00047229037394655167,0.04792537615553991,-0.00014209630216215768,0.8728721477725462,0.8610982422673389,0.8532601919960104,0.30862830097269095,0.6746273025481904,0.15926042708429025,0.0,20,39770,0.7744215938303342,0.7560777182235835,0.7440747988693194,1.0,1.0,1.0,1.149250181454988e-06,0.002030072379636268,0.019123149496837168,0.04743526856720985,0.5868745285390998,0.5254211717374906,0.462559718380689,0.45448830776967564,0.39725924063364343,0.3441790294191602,/common/users/shared/pracsys/adaptive_roa_experiments/stoch_compare_amarel/clf_high_dir00,0.9803947724201943,0.752666420441904
clf,high,dir00,18,0.011382855397272445,1.0,0.1767442305572035,100.0,0.13810897550990056,0.05146249120476815,0.05146249120476815,0.18932301162349374,0.06106754997722076,0.04901075883298664,0.19227671679829375,0.19178660920996388,0.19178660920996385,0.8649484536082475,0.8657782247925572,0.8689967312044254,0.13748590269746172,0.05387253690325087,0.0005216536642891185,0.05436264449158074,-5.355188798741167e-05,0.8706437706220949,0.8554797487546025,0.840115386976002,0.3355600048130171,0.6746273025481904,0.15926042708429025,0.0,20,39770,0.7709204128636015,0.7474570658087714,0.7243094507355275,1.0,1.0,1.0,1.707542339444236e-06,0.0021023185500716975,0.023890298395133576,0.053872536903250834,0.5895398541614282,0.5314810158410862,0.47518229821473473,0.45448830776967564,0.39725924063364343,0.3441790294191602,/common/users/shared/pracsys/adaptive_roa_experiments/stoch_compare_amarel/clf_high_dir00,0.9810833738760898,0.7191016769879258
clf,high,ent05,0,0.005699769037228305,1.0,0.1272851445634189,100.0,0.1044240184789904,0.033784589267533666,0.033784589267533666,0.1856853150025362,0.04767176187508935,0.04901075883298664,0.19227671679829375,0.19178660920996388,0.19178660920996385,0.8881317576062359,0.8746542620065376,0.9016595423686196,0.09690065099520795,0.03991758407463025,0.0004399452243014738,0.04040769166296011,3.170059966890737e-05,0.890259243728571,0.8637345214990569,0.8749960047303992,0.28610091881887556,0.6746273025481904,0.15926042708429025,0.0,20,39770,0.8032582569215704,0.760152040030793,0.7777714642877436,0.9983955739972338,1.0,1.0,5.152056645178216e-05,0.00039917355425683434,0.010001548350341333,0.03991758407463029,0.564898164445562,0.5226049786271059,0.4425194870505406,0.45448830776967564,0.39725924063364343,0.3441790294191602,/common/users/shared/pracsys/adaptive_roa_experiments/stoch_compare_amarel/clf_high_ent05,0.9774352139530679,0.7918645924287168
clf,high,ent05,1,0.022987397121719814,1.0,0.29052960922798804,100.0,0.1850912699721876,0.0865971811085142,0.0865971811085142,0.18906810273701696,0.06391950808912623,0.04901075883298664,0.19227671679829375,0.19178660920996388,0.19178660920996385,0.8021875785768167,0.8096052300729193,0.8309026904702037,0.18399478385733756,0.08941670192536876,0.0007664673889634877,0.08990680951369862,0.0001010143439076211,0.8212735988368131,0.8066887924431962,0.8027917069880648,0.44934538348390574,0.6746273025481904,0.15926042708429025,0.0,20,39770,0.6967465885436743,0.6760087287664199,0.6705530789202959,1.0,1.0,1.0,1.121644890780128e-06,0.00604991653216954,0.053213861512426824,0.08941670192536882,0.652300729192859,0.5876540105607242,0.5132763389489565,0.45448830776967564,0.39725924063364343,0.3441790294191602,/common/users/shared/pracsys/adaptive_roa_experiments/stoch_compare_amarel/clf_high_ent05,0.9804513459655815,0.5337698377707003
clf,high,ent05,2,0.02146265121135346,1.0,0.2795540777722361,100.0,0.18313474225735302,0.08528689404734358,0.08528689404734358,0.18952612819052927,0.06454662320833578,0.04901075883298664,0.19227671679829375,0.19178660920996388,0.19178660920996385,0.7930098063867237,0.813502640181041,0.8328891123962786,0.1821542100190934,0.08762042396296538,0.0007440686350885069,0.08811053155129525,7.304889618720001e-05,0.8145193997566581,0.8098936306548764,0.8046558109458586,0.4383698520281263,0.6746273025481904,0.15926042708429025,0.0,20,39770,0.687079484547839,0.6805220537560304,0.6731582571063244,1.0,1.0,1.0,2.6792784571699047e-06,0.004991185186080369,0.05277121671589912,0.0876204239629658,0.6614785013829519,0.5837566004526025,0.5112899170228816,0.45448830776967564,0.39725924063364343,0.3441790294191602,/common/users/shared/pracsys/adaptive_roa_experiments/stoch_compare_amarel/clf_high_ent05,0.9807471935482573,0.5431358616542388
clf,high,ent05,3,0.013928015185847607,1.0,0.2071465528282357,100.0,0.1552727213626114,0.06421552577676458,0.06421552577676458,0.18992236381134178,0.0631250176006685,0.04901075883298664,0.19227671679829375,0.19178660920996388,0.19178660920996385,0.830877545888861,0.843298969072165,0.8577068141815439,0.1541730533783304,0.06602860375307949,0.0005894433132712236,0.06651871134140937,-5.11674223071662e-05,0.843129023229779,0.8352630187681735,0.8286968366883608,0.3659623270840673,0.6746273025481904,0.15926042708429025,0.0,20,39770,0.7288012580137898,0.7171258680949572,0.7074998707809996,1.0,1.0,1.0,2.9090495213439436e-06,0.0018072935881553753,0.0327529797017913,0.06602860375307952,0.6236107618808147,0.5539602715614785,0.4864722152376163,0.45448830776967564,0.39725924063364343,0.3441790294191602,/common/users/shared/pracsys/adaptive_roa_experiments/stoch_compare_amarel/clf_high_ent05,0.9812111937594156,0.6557183839629137
clf,high,ent05,4,0.02462288649700415,1.0,0.33119095893486944,100.0,0.1859085312805746,0.0881231998003507,0.0881231998003507,0.18858451694170064,0.059275696589421445,0.04901075883298664,0.19227671679829375,0.19178660920996388,0.19178660920996385,0.7848378174503394,0.8178275081719889,0.8318581845612271,0.18471251390824206,0.09143148715880818,0.0007770308707738805,0.09192159474713804,0.00010619509019423046,0.8085982060974791,0.8134799062894216,0.803687285324252,0.49000673319060856,0.6746273025481904,0.15926042708429025,0.0,20,39770,0.6786948032442175,0.6856014580801945,0.671803680981595,1.0,1.0,1.0,7.983262242739625e-06,0.006573439084795755,0.06149895286033587,0.09143148715880849,0.6696504903193362,0.5794317324616545,0.5123208448579332,0.45448830776967564,0.39725924063364343,0.3441790294191602,/common/users/shared/pracsys/adaptive_roa_experiments/stoch_compare_amarel/clf_high_ent05,0.9804757835530417,0.5232644889262787
clf,high,ent05,5,0.018406964875474906,1.0,0.2758681226371703,100.0,0.16732513338064126,0.07494944164123665,0.07494944164123665,0.18885807149575742,0.0564826892875224,0.04901075883298664,0.19227671679829375,0.19178660920996388,0.19178660920996385,0.8096555192356047,0.8334171486044757,0.844380186069902,0.16579798659017017,0.07794608906597579,0.0006824047893737332,0.07843619665430566,6.8109710532685e-05,0.8268526989935956,0.8266750385893311,0.8156115000744824,0.4346838968928308,0.6746273025481904,0.15926042708429025,0.0,20,39770,0.7048157535581985,0.704557616839101,0.688635105901293,1.0,1.0,1.0,1.1603354607696926e-05,0.0027967403595347998,0.045896039026522936,0.07794608906597587,0.6448327885340709,0.5638420920291677,0.4997988433492582,0.45448830776967564,0.39725924063364343,0.3441790294191602,/common/users/shared/pracsys/adaptive_roa_experiments/stoch_compare_amarel/clf_high_ent05,0.9806942920344891,0.5935790856980943
clf,high,ent05,6,0.028594659284147738,1.0,0.33427768902197974,100.0,0.1994905109300422,0.09391161369195854,0.09391161369195854,0.18887663038588995,0.0683928703358874,0.04901075883298664,0.19227671679829375,0.19178660920996388,0.19178660920996385,0.7519235604727181,0.8139049534825246,0.8281116419411617,0.1990397789656826,0.096883251512175,0.0007818972912310759,0.09737335910050487,6.165899614253567e-05,0.7855963143254521,0.8102259032282879,0.8001870688647258,0.49309346327790166,0.6746273025481904,0.15926042708429025,0.0,20,39770,0.6468988225188791,0.6809913793103448,0.6669265250438511,1.0,1.0,1.0,9.23096682217153e-07,0.008411387759270021,0.07196553846272451,0.0968832515121748,0.7025647472969575,0.5833542871511189,0.5160673874779985,0.45448830776967564,0.39725924063364343,0.3441790294191602,/common/users/shared/pracsys/adaptive_roa_experiments/stoch_compare_amarel/clf_high_ent05,0.9807938613530366,0.4948382897467607
clf,high,ent05,7,0.024815507562830453,1.0,0.2970369353159236,100.0,0.18711740829674897,0.08310601117366578,0.08310601117366578,0.18800168010568152,0.06846662934911878,0.04901075883298664,0.19227671679829375,0.19178660920996388,0.19178660920996385,0.7729192858938899,0.824842846366608,0.839326125220015,0.18674773723673085,0.08690097597461864,0.0007176136005185373,0.0873910835629485,1.0035696670490646e-05,0.8001150926274319,0.819365211077689,0.8107563821595689,0.4558527095718736,0.6746273025481904,0.15926042708429025,0.0,20,39770,0.6668265328709511,0.694003953437294,0.6817412092837932,1.0,1.0,1.0,5.937681252356982e-06,0.009160869683658585,0.059287627676933595,0.08690097597461907,0.6815690218757857,0.5724163942670355,0.5048529041991451,0.45448830776967564,0.39725924063364343,0.3441790294191602,/common/users/shared/pracsys/adaptive_roa_experiments/stoch_compare_amarel/clf_high_ent05,0.980243765527289,0.5468871558207626
clf,high,ent05,8,0.02745005042647806,1.0,0.32440144977052976,100.0,0.19155141228187006,0.08497885886371578,0.08497885886371578,0.18608119531188505,0.06832873219136236,0.04901075883298664,0.19227671679829375,0.19178660920996388,0.19178660920996385,0.7620568267538346,0.8173497611264773,0.8390746794065879,0.19086465084676674,0.09068954734997046,0.0007505973804242177,0.09117965493830031,5.274588175827044e-06,0.7925372152675771,0.8130821882558799,0.8105163429654192,0.48321722402646805,0.6746273025481904,0.15926042708429025,0.0,20,39770,0.6563657491466337,0.6850366387720591,0.6814018319394664,1.0,1.0,1.0,1.8330532142428554e-05,0.014598967999741634,0.06380891740016414,0.09068954734997021,0.6924314810158411,0.5799094795071662,0.5051043500125723,0.45448830776967564,0.39725924063364343,0.3441790294191602,/common/users/shared/pracsys/adaptive_roa_experiments/stoch_compare_amarel/clf_high_ent05,0.9789909250102861,0.5271330583321097
clf,high,ent05,9,0.028750268624970536,1.0,0.3059443463075785,100.0,0.20386671385675778,0.08972290840602008,0.08972290840602008,0.18874038394718268,0.07966136928619823,0.04901075883298664,0.19227671679829375,0.19178660920996388,0.19178660920996385,0.7328891123962786,0.8195373397032939,0.8383957757103344,0.20332088571363524,0.09274140500325423,0.0007028303782023136,0.0932315125915841,-2.7728665547052667e-05,0.7728817907767301,0.8149065119277885,0.8098689465432062,0.4647601205636385,0.6746273025481904,0.15926042708429025,0.0,20,39770,0.6298348316955885,0.6876305710306406,0.680487198608004,1.0,1.0,1.0,7.062308028811309e-06,0.009363552153165138,0.06884576487357445,0.09274140500325416,0.721599195373397,0.5777219009303495,0.5057832537088257,0.45448830776967564,0.39725924063364343,0.3441790294191602,/common/users/shared/pracsys/adaptive_roa_experiments/stoch_compare_amarel/clf_high_ent05,0.9804937328208281,0.5164344091316462
clf,high,ent05,10,0.019562170549726348,1.0,0.2489261349994562,100.0,0.17625476734119414,0.07468692964822951,0.07468692964822951,0.18976513998231728,0.07029691548075638,0.04901075883298664,0.19227671679829375,0.19178660920996388,0.19178660920996385,0.7795574553683681,0.8370631128991702,0.8508171988936384,0.17559262339703782,0.07664550208216775,0.0006243543615196295,0.07713560967049762,-6.289679370835577e-05,0.8048177750072356,0.8298229949051946,0.8218799723798373,0.40774190925538206,0.6746273025481904,0.15926042708429025,0.0,20,39770,0.6733849936666418,0.7091431392791417,0.6976198970490801,1.0,1.0,1.0,3.0267727558044885e-06,0.004403158311063418,0.04873966721249565,0.07664550208216817,0.6749308524013076,0.5601961277344732,0.49336183052552174,0.45448830776967564,0.39725924063364343,0.3441790294191602,/common/users/shared/pracsys/adaptive_roa_experiments/stoch_compare_amarel/clf_high_ent05,0.981367571725363,0.6003605131875609
clf,high,ent05,11,0.022409474881876456,1.0,0.28203676135307404,100.0,0.18619944603755686,0.08327002616967963,0.08327002616967963,0.18901326980913327,0.06859837905221375,0.04901075883298664,0.19227671679829375,0.19178660920996388,0.19178660920996385,0.7587880311792808,0.8193613276338949,0.8402061855670103,0.18524895771868494,0.08604840523026076,0.0006936669845105508,0.08653851281859062,5.0396597505164564e-06,0.790284852327132,0.8147594244752719,0.811597640152975,0.440852535608893,0.6746273025481904,0.15926042708429025,0.0,20,39770,0.6532817695532745,0.6874211373623983,0.6829316968517687,1.0,1.0,1.0,6.804433158997095e-06,0.0038578751640318807,0.058634440084461135,0.08604840523026078,0.6957002765903948,0.5778979129997486,0.5039728438521499,0.45448830776967564,0.39725924063364343,0.3441790294191602,/common/users/shared/pracsys/adaptive_roa_experiments/stoch_compare_amarel/clf_high_ent05,0.9809250619242106,0.5513325691260498
clf,high,ent05,12,0.02882803569399825,1.0,0.3053278083266406,100.0,0.19655764833285475,0.08315019620273437,0.08315019620273437,0.18571442622294493,0.0772526209798758,0.04901075883298664,0.19227671679829375,0.19178660920996388,0.19178660920996385,0.7382197636409353,0.8220769424189087,0.8431481015841086,0.19619221728609296,0.08915082100141782,0.0007167179797662828,0.08964092858974769,-7.155818833549932e-05,0.7764008504971973,0.8170347003154574,0.8144225620277266,0.46414358258271954,0.6746273025481904,0.15926042708429025,0.0,20,39770,0.6345222214421119,0.6906666666666667,0.6869416842316571,1.0,1.0,1.0,0.00018372151474679353,0.01543791271107024,0.06640009217307116,0.08915082100141797,0.7162685441287403,0.5751822982147348,0.5010309278350515,0.45448830776967564,0.39725924063364343,0.3441790294191602,/common/users/shared/pracsys/adaptive_roa_experiments/stoch_compare_amarel/clf_high_ent05,0.9786529080561673,0.5351561750392206
clf,high,ent05,13,0.025641262449308515,1.0,0.3155776923469904,100.0,0.1935528031307189,0.08976198521146973,0.08976198521146973,0.18976950444982227,0.0676679793832189,0.04901075883298664,0.19227671679829375,0.19178660920996388,0.19178660920996385,0.7521498617048026,0.8195876288659794,0.833039979884335,0.19267303205251188,0.09185088416335405,0.0007394844880586881,0.0923409917516839,7.17941917426912e-05,0.7857499945660442,0.8149485466690739,0.8047977422389464,0.47439346660286347,0.6746273025481904,0.15926042708429025,0.0,20,39770,0.6471072604897609,0.6876904326630103,0.6733569460842188,1.0,1.0,1.0,6.898794748723667e-06,0.005848493967672405,0.06762136357147992,0.09185088416335198,0.7023384460648731,0.577671611767664,0.5111390495348253,0.45448830776967564,0.39725924063364343,0.3441790294191602,/common/users/shared/pracsys/adaptive_roa_experiments/stoch_compare_amarel/clf_high_ent05,0.9812224645306142,0.5210776991067313
clf,high,ent05,14,0.019668372756260516,1.0,0.26258053989568175,100.0,0.1721041303727972,0.07324384035872064,0.07324384035872064,0.1889510544636043,0.06545110646585897,0.04901075883298664,0.19227671679829375,0.19178660920996388,0.19178660920996385,0.7878300226301233,0.837716872014081,0.8502388735227558,0.171423514618438,0.07601899560206307,0.0006394978941942845,0.07650910319039293,-6.039950301715835e-05,0.8107562572889567,0.8303899926416483,0.8213128525141006,0.42139631415155215,0.6746273025481904,0.15926042708429025,0.0,20,39770,0.6817410327009391,0.7099716892104435,0.6968030950926491,1.0,1.0,1.0,2.5066677332438305e-06,0.005180075447220235,0.049807750869494787,0.0760189956020633,0.6666582851395524,0.5595423686195625,0.49394015589640433,0.45448830776967564,0.39725924063364343,0.3441790294191602,/common/users/shared/pracsys/adaptive_roa_experiments/stoch_compare_amarel/clf_high_ent05,0.9809266670981284,0.6036271983992422
clf,high,ent05,15,0.020360573396174756,1.0,0.25597292213763684,100.0,0.17925091166093915,0.07678729474920856,0.07678729474920856,0.18991583323379094,0.07131616543684376,0.04901075883298664,0.19227671679829375,0.19178660920996388,0.19178660920996385,0.7664319839074679,0.8334171486044757,0.849861704802615,0.17804967027776605,0.07862843834377742,0.000642262880255902,0.07911854593210728,-2.9632381604097202e-05,0.7955450883718883,0.8266750385893311,0.8209434132005877,0.4147886963935779,0.6746273025481904,0.15926042708429025,0.0,20,39770,0.6605746034066817,0.704557616839101,0.696271427844753,0.9998340248962656,1.0,1.0,3.7673035790973223e-06,0.00398216645262944,0.05359301660608335,0.07862843834377523,0.6879054563741513,0.5638420920291677,0.49431732461654515,0.45448830776967564,0.39725924063364343,0.3441790294191602,/common/users/shared/pracsys/adaptive_roa_experiments/stoch_compare_amarel/clf_high_ent05,0.9807149675300472,0.590021228970701
clf,high,ent05,16,0.025947264705207824,1.0,0.3043684409486431,100.0,0.18975732604878148,0.08407851104007119,0.08407851104007119,0.18904660816725619,0.06998753418059125,0.04901075883298664,0.19227671679829375,0.19178660920996388,0.19178660920996385,0.7504148855921549,0.825295448830777,0.8372391249685692,0.1894322647450804,0.08685737773804689,0.0007090995998320715,0.08734748532637676,3.886565526800556e-05,0.7845733136556993,0.8197478337570694,0.8087683535702679,0.4631842152046163,0.6746273025481904,0.15926042708429025,0.0,20,39770,0.6455126602621335,0.6945531278849958,0.6789345766579039,1.0,1.0,1.0,1.8627915183283766e-06,0.009911710098154707,0.0655480758956883,0.08685737773804789,0.7040734221775208,0.5719637918028665,0.5069399044505909,0.45448830776967564,0.39725924063364343,0.3441790294191602,/common/users/shared/pracsys/adaptive_roa_experiments/stoch_compare_amarel/clf_high_ent05,0.9810813650324507,0.5471144826229379
clf,high,ent05,17,0.025633874744988547,1.0,0.28362000530959486,100.0,0.18475359528568414,0.0762641713722631,0.0762641713722631,0.1857457235962229,0.07351806787281488,0.04901075883298664,0.19227671679829375,0.19178660920996388,0.19178660920996385,0.7664319839074679,0.8318581845612271,0.8455368368116671,0.18456827809606785,0.08224131196341218,0.0006974525197767948,0.08273141955174204,-6.374502259190451e-05,0.7955720856532935,0.825336293587567,0.8167308093916884,0.4424357795656378,0.6746273025481904,0.15926042708429025,0.0,20,39770,0.660539394825318,0.7026149604198167,0.6902324643235339,1.0,1.0,1.0,1.0507922491487312e-05,0.013013915754331501,0.058808631080739325,0.08224131196341233,0.6880563238622077,0.5654010560724164,0.4986421926074931,0.45448830776967564,0.39725924063364343,0.3441790294191602,/common/users/shared/pracsys/adaptive_roa_experiments/stoch_compare_amarel/clf_high_ent05,0.9789846264736455,0.5711832421346155
clf,high,ent05,18,0.021830985823647838,1.0,0.27102830974663916,100.0,0.17915693674914032,0.07702418020408103,0.07702418020408103,0.1899130367967619,0.06908843868065632,0.04901075883298664,0.19227671679829375,0.19178660920996388,0.19178660920996385,0.7834045763138043,0.8337691727432738,0.8460648730198642,0.17900873827399896,0.07887357810998567,0.0006506514809474393,0.07936368569831553,-2.417450729733095e-05,0.8075685818961665,0.8269779371352299,0.8172428204668936,0.4298440840026425,0.6746273025481904,0.15926042708429025,0.0,20,39770,0.6772453070553411,0.7049977688531905,0.6909641595153962,1.0,1.0,1.0,2.018124560092665e-06,0.006972362672277425,0.053103235293698696,0.07887357810998599,0.6710837314558713,0.5634900678903696,0.49811415639929596,0.45448830776967564,0.39725924063364343,0.3441790294191602,/common/users/shared/pracsys/adaptive_roa_experiments/stoch_compare_amarel/clf_high_ent05,0.9815986978258952,0.588743038761186
clf,high,ent10,0,0.005699769037228305,1.0,0.1272851445634189,100.0,0.1044240184789904,0.033784589267533666,0.033784589267533666,0.1856853150025362,0.04767176187508935,0.04901075883298664,0.19227671679829375,0.19178660920996388,0.19178660920996385,0.8881317576062359,0.8746542620065376,0.9016595423686196,0.09690065099520795,0.03991758407463025,0.0004399452243014738,0.04040769166296011,3.170059966890737e-05,0.890259243728571,0.8637345214990569,0.8749960047303992,0.28610091881887556,0.6746273025481904,0.15926042708429025,0.0,20,39770,0.8032582569215704,0.760152040030793,0.7777714642877436,0.9983955739972338,1.0,1.0,5.152056645178216e-05,0.00039917355425683434,0.010001548350341333,0.03991758407463029,0.564898164445562,0.5226049786271059,0.4425194870505406,0.45448830776967564,0.39725924063364343,0.3441790294191602,/common/users/shared/pracsys/adaptive_roa_experiments/stoch_compare_amarel/clf_high_ent10,0.9774352139530679,0.7918645924287168
clf,high,ent10,1,0.015270100868184087,1.0,0.21860775260099155,100.0,0.15792852081139758,0.06419103821096861,0.06419103821096861,0.18632463945894923,0.06441336578912217,0.04901075883298664,0.19227671679829375,0.19178660920996388,0.19178660920996385,0.8224541111390495,0.8335931606738748,0.8596680915262761,0.15624348529090004,0.06961209757197223,0.0006313323373521346,0.07010220516030209,-4.0910390011042463e-05,0.8365774064387715,0.826826460121415,0.8306581302909851,0.37742352685680763,0.6746273025481904,0.15926042708429025,0.0,20,39770,0.7191230303994907,0.7047776241245484,0.7103637967720172,0.9998893499308437,1.0,1.0,6.738717158505945e-06,0.003980958378395039,0.03457893932358431,0.06961209757197206,0.6319336183052552,0.5636660799597687,0.4845109378928841,0.45448830776967564,0.39725924063364343,0.3441790294191602,/common/users/shared/pracsys/adaptive_roa_experiments/stoch_compare_amarel/clf_high_ent10,0.9783815666827256,0.6370335871793718
clf,high,ent10,2,0.0208577347304807,1.0,0.25741350938675084,100.0,0.173119594917868,0.07275263895022933,0.07275263895022933,0.1852462397163311,0.06688601244839011,0.04901075883298664,0.19227671679829375,0.19178660920996388,0.19178660920996385,0.8040734221775208,0.8240633643449836,0.8435252703042494,0.17262846343034516,0.07928702663322879,0.0007018326660125444,0.07977713422155865,-5.981810633326479e-06,0.8226753447726549,0.8187070864101568,0.8147861543498318,0.4162292836427759,0.6746273025481904,0.15926042708429025,0.0,20,39770,0.6987667684694785,0.6930601859975434,0.6874591934106775,1.0,1.0,1.0,2.7575620637936402e-05,0.009126322193840582,0.04531713428202851,0.07928702663322926,0.6504148855921549,0.5731958762886598,0.5006537591149107,0.45448830776967564,0.39725924063364343,0.3441790294191602,/common/users/shared/pracsys/adaptive_roa_experiments/stoch_compare_amarel/clf_high_ent10,0.9783453644364929,0.5865872650867556
clf,high,ent10,3,0.027072958577466624,1.0,0.37099730930663943,100.0,0.20753726962006086,0.1091534720426714,0.1091534720426714,0.18944764465703334,0.05873953688169158,0.04901075883298664,0.19227671679829375,0.19178660920996388,0.19178660920996385,0.7649735981895901,0.7728941413125472,0.8117676640683933,0.20566751557568058,0.11169979840435969,0.0008807815164078242,0.11218990599268958,0.00020736180875777221,0.7945578829373365,0.7777012060054147,0.7852676266421893,0.5298130835623588,0.6746273025481904,0.15926042708429025,0.0,20,39770,0.6591422945080592,0.6362611252063952,0.6464531973174649,1.0,1.0,1.0,1.8311382018487378e-05,0.0013638959892153552,0.06815675488718526,0.1116997984043603,0.6895147095800855,0.6243650993210963,0.5324113653507669,0.45448830776967564,0.39725924063364343,0.3441790294191602,/common/users/shared/pracsys/adaptive_roa_experiments/stoch_compare_amarel/clf_high_ent10,0.9806773911946768,0.4175829122560212
clf,high,ent10,4,0.03482462414331091,1.0,0.41850500925140843,100.0,0.2297697137070812,0.1247994445990787,0.1247994445990787,0.18768463042708933,0.06302966725034802,0.04901075883298664,0.19227671679829375,0.19178660920996388,0.19178660920996385,0.7439778727684184,0.7440030173497612,0.7884334925823485,0.22814276775056916,0.12914951354632626,0.0009724185650924078,0.1296396211346561,0.0002480901643729938,0.7802382802382803,0.7563129802053663,0.7649063984353172,0.5773207835073794,0.6746273025481904,0.15926042708429025,0.0,20,39770,0.6396645079095445,0.6081216320246343,0.6193104696407565,1.0,1.0,1.0,1.930120783256667e-05,0.006748076369545872,0.08600830432058958,0.1291495135463273,0.7105104350012572,0.6532562232838823,0.5557455368368117,0.45448830776967564,0.39725924063364343,0.3441790294191602,/common/users/shared/pracsys/adaptive_roa_experiments/stoch_compare_amarel/clf_high_ent10,0.9795496072325681,0.3265978574920413
clf,high,ent10,5,0.040748943967598816,1.0,0.5174340238645913,100.0,0.24194119688408344,0.14125050436802247,0.14125050436802247,0.1852256720509813,0.05388578708126642,0.04901075883298664,0.19227671679829375,0.19178660920996388,0.19178660920996385,0.7458134272064371,0.7267035453859694,0.761025898918783,0.24010668956953277,0.1482772335900353,0.0011327755322298383,0.14876734117836518,0.0004657920630302681,0.7814317528269661,0.7440359842686574,0.7422853733933509,0.6762497981204221,0.6746273025481904,0.15926042708429025,0.0,20,39770,0.6413614423622942,0.5924467446744675,0.5902112979732643,0.9997786998616874,0.9998734097094752,0.999926943308007,1.664919145344474e-05,0.006845509480951404,0.10215066965502535,0.14827723359003658,0.7084737239124969,0.6704551169223032,0.5831028413376917,0.45448830776967564,0.39725924063364343,0.3441790294191602,/common/users/shared/pracsys/adaptive_roa_experiments/stoch_compare_amarel/clf_high_ent10,0.9776987783174135,0.22686346976547989
clf,high,ent10,6,0.05589831886729081,1.0,0.5482974136107346,100.0,0.27202652017391776,0.1578230571877007,0.1578230571877007,0.18589387665560092,0.06817407940102645,0.04901075883298664,0.19227671679829375,0.19178660920996388,0.19178660920996385,0.6991450842343475,0.6963037465426201,0.7492582348503898,0.27168552313084615,0.16404355567439866,0.0011435654172116327,0.1645336632627285,0.00032776593233496687,0.7513249506390939,0.7234636871508381,0.7329977508835814,0.7071131878669704,0.6746273025481904,0.15926042708429025,0.0,20,39770,0.6016977363515313,0.5667396061269147,0.5785291631445477,1.0,1.0,1.0,1.9697451927423494e-05,0.03409155926940421,0.1259786915515755,0.16404355567440024,0.7553432235353281,0.7009554940910234,0.5949207945687705,0.45448830776967564,0.39725924063364343,0.3441790294191602,/common/users/shared/pracsys/adaptive_roa_experiments/stoch_compare_amarel/clf_high_ent10,0.9788445531772026,0.14465584250041508
clf,high,ent10,7,0.04714730804859646,1.0,0.5501144370747804,100.0,0.25311878755921197,0.15079801328416398,0.15079801328416398,0.18782345220533522,0.056264459015888946,0.04901075883298664,0.19227671679829375,0.19178660920996388,0.19178660920996385,0.7375660045260246,0.719436761377923,0.7519235604727181,0.25197649543706174,0.15519898104215088,0.0011540005245780722,0.15568908863048075,0.0004378107533582476,0.7759675445939854,0.7390307793058284,0.7350840448955481,0.7089302113307695,0.6746273025481904,0.15926042708429025,0.0,20,39770,0.6339436026936027,0.5860815372630486,0.5811327163114546,1.0,1.0,1.0,1.8728403469321837e-05,0.017883400930051384,0.10830826225791315,0.15519898104215177,0.716922303243651,0.6778224792557204,0.592255468946442,0.45448830776967564,0.39725924063364343,0.3441790294191602,/common/users/shared/pracsys/adaptive_roa_experiments/stoch_compare_amarel/clf_high_ent10,0.9799582405882562,0.19077259000787494
clf,high,ent10,8,0.05240009489281516,1.0,0.5439899515929655,100.0,0.2638030860346894,0.15648013214439005,0.15648013214439005,0.18922605648242335,0.06365712011257857,0.04901075883298664,0.19227671679829375,0.19178660920996388,0.19178660920996385,0.7190595926577823,0.7101835554438019,0.7510183555443802,0.2633205620561324,0.1594107287624141,0.0011471020259105052,0.15990083635074395,0.00037004389048350683,0.7638991610844621,0.7327242370837586,0.7343741617039541,0.7028057258491087,0.6746273025481904,0.15926042708429025,0.0,20,39770,0.6179909737417943,0.578188472095151,0.5802458668927511,1.0,1.0,1.0,4.354215269774072e-06,0.02672598187586335,0.11982573776951591,0.15941072876241583,0.7354287151118933,0.6870756851898416,0.59316067387478,0.45448830776967564,0.39725924063364343,0.3441790294191602,/common/users/shared/pracsys/adaptive_roa_experiments/stoch_compare_amarel/clf_high_ent10,0.9808551533756108,0.16881199673385605
clf,high,ent10,9,0.0499304068230146,1.0,0.5025350901112937,100.0,0.2589111170576781,0.14848808288619258,0.14848808288619258,0.18769932587989951,0.06709043917660021,0.04901075883298664,0.19227671679829375,0.19178660920996388,0.19178660920996385,0.7240130751822982,0.7152376162936888,0.7579834045763139,0.2584735837885472,0.15289597331335628,0.0011043197982718398,0.15338608090168612,0.00032060709709930135,0.7670924754912362,0.7361554411387834,0.7398718953541795,0.6613508643675036,0.6746273025481904,0.15926042708429025,0.0,20,39770,0.6221816804929262,0.5824730865654033,0.5871402221936258,1.0,1.0,1.0,6.957501015638429e-06,0.0316052699362601,0.11091099933839876,0.15289597331335678,0.7304752325873775,0.6820216243399547,0.5861956248428464,0.45448830776967564,0.39725924063364343,0.3441790294191602,/common/users/shared/pracsys/adaptive_roa_experiments/stoch_compare_amarel/clf_high_ent10,0.9799843726616387,0.20278076794209832
clf,high,ent10,10,0.060503762654792466,1.0,0.6039009366524297,100.0,0.2773478983362035,0.16077133525512782,0.16077133525512782,0.17936136762013158,0.06328977814114777,0.04901075883298664,0.19227671679829375,0.19178660920996388,0.19178660920996385,0.7023635906462158,0.6938395775710334,0.7327382449082223,0.2765443901055778,0.17359086531245463,0.0012206954733024835,0.17408097290078453,0.0003942884674945357,0.753329026611374,0.7218440169963906,0.7203262728588344,0.7627167109086196,0.6746273025481904,0.15926042708429025,0.0,20,39770,0.6042725327627708,0.5647542448614835,0.5628983838466917,1.0,1.0,1.0,0.0006121970672189978,0.0413631187982444,0.13318328352785097,0.173590865312456,0.7521247171234599,0.7034196630626101,0.6114407845109379,0.45448830776967564,0.39725924063364343,0.3441790294191602,/common/users/shared/pracsys/adaptive_roa_experiments/stoch_compare_amarel/clf_high_ent10,0.9735450328121211,0.09487494446282696
clf,high,ent10,11,0.0782071715756683,1.0,0.6979952005502762,100.0,0.31673510907888963,0.19615976925448547,0.19615976925448547,0.1848303982633252,0.07099858684986607,0.04901075883298664,0.19227671679829375,0.19178660920996388,0.19178660920996385,0.6438521498617048,0.6456877042997234,0.7103092783505155,0.3165235352739696,0.20346638825983485,0.0012893043682526534,0.20395649584816472,0.00035040805871069947,0.7184878960130381,0.691588785046729,0.7038074915803275,0.8568109748066217,0.6746273025481904,0.15926042708429025,0.0,20,39770,0.5606563479016099,0.5285714285714286,0.5429806815026379,1.0,1.0,1.0,0.0001477829098360043,0.058327729234199904,0.17400347878601877,0.2034663882598371,0.8106361579079708,0.75157153633392,0.6338697510686447,0.45448830776967564,0.39725924063364343,0.3441790294191602,/common/users/shared/pracsys/adaptive_roa_experiments/stoch_compare_amarel/clf_high_ent10,0.9782776041805724,-0.06089986729513641
clf,high,ent10,12,0.05463105392615976,1.0,0.6340638550173039,100.0,0.27948109758120837,0.17372528983756644,0.17372528983756644,0.18761103806895904,0.0582638723790818,0.04901075883298664,0.19227671679829375,0.19178660920996388,0.19178660920996385,0.6948202162433995,0.688031179280865,0.7312798591903444,0.27817197038845076,0.17835534014608187,0.0012386954712424526,0.17884544773441174,0.00045447916751059636,0.7486487046202912,0.7180547665038064,0.7192286472427292,0.7928796292732684,0.6746273025481904,0.15926042708429025,0.0,20,39770,0.5982722097179929,0.5601290505566192,0.5615589743589744,1.0,1.0,1.0,1.538594140657461e-05,0.011994223691214034,0.1375572015628986,0.1783553401460838,0.7596680915262761,0.7092280613527785,0.6128991702288157,0.45448830776967564,0.39725924063364343,0.3441790294191602,/common/users/shared/pracsys/adaptive_roa_experiments/stoch_compare_amarel/clf_high_ent10,0.9796669499912604,0.07003236106634392
clf,high,ent10,13,0.06788770210714115,1.0,0.7184533741367631,100.0,0.2914871279884105,0.1838521049735662,0.1838521049735662,0.1856099948292335,0.057757473737056246,0.04901075883298664,0.19227671679829375,0.19178660920996388,0.19178660920996385,0.6913754085994468,0.6808398290168469,0.7129746039728438,0.2910768746075131,0.19049017097067344,0.0013142979272999043,0.19098027855900332,0.0004614516163768678,0.7465306459606807,0.7134180759070692,0.7057307107318709,0.8772691483929175,0.6746273025481904,0.15926042708429025,0.0,20,39770,0.5955715180071831,0.5545065281482522,0.545273473290045,1.0,1.0,1.0,4.4915292846336815e-06,0.042051501207992115,0.1493821992258743,0.1904901709706757,0.7631128991702288,0.7164194116167966,0.6312044254463163,0.45448830776967564,0.39725924063364343,0.3441790294191602,/common/users/shared/pracsys/adaptive_roa_experiments/stoch_compare_amarel/clf_high_ent10,0.9787431764954123,0.006759795402978774
clf,high,ent10,14,0.06560214215330355,1.0,0.6991915695787311,100.0,0.2996858985747771,0.19210169546643618,0.19210169546643618,0.18760986890891032,0.05945193186940563,0.04901075883298664,0.19227671679829375,0.19178660920996388,0.19178660920996385,0.6804375157153634,0.6658033693739,0.7077193864722152,0.2991056616233037,0.1968041913018109,0.0013138632533762245,0.19729429889014075,0.0005257555343211318,0.7398841564501935,0.7039140992225267,0.7019487179487178,0.8580073438348481,0.6746273025481904,0.15926042708429025,0.0,20,39770,0.5871556652806653,0.5431075971124097,0.5407711757269279,1.0,1.0,1.0,1.3482938247133067e-05,0.030208954588672964,0.15523278160618023,0.19680419130181248,0.7740507920543123,0.7314558712597435,0.6364596429469449,0.45448830776967564,0.39725924063364343,0.3441790294191602,/common/users/shared/pracsys/adaptive_roa_experiments/stoch_compare_amarel/clf_high_ent10,0.9800297039505264,-0.026162317132130575
clf,high,ent10,15,0.07674401091877661,1.0,0.7624478419345364,100.0,0.3070184094378723,0.19706120348541015,0.19706120348541015,0.1867975952308292,0.0606744564738753,0.04901075883298664,0.19227671679829375,0.19178660920996388,0.19178660920996385,0.6702288156902187,0.6658033693739,0.70369625345738,0.30680413100971615,0.20253083660063992,0.0013492183898489902,0.2030209441889698,0.0004806191360950951,0.7337866639602152,0.7039140992225267,0.6990806945863126,0.921263616190771,0.6746273025481904,0.15926042708429025,0.0,20,39770,0.5795126643154858,0.5431075971124097,0.5373743718592965,1.0,1.0,1.0,1.6008441894083835e-05,0.055858140996665376,0.16907494620180505,0.2025308366006429,0.7842594920794569,0.7314558712597435,0.6404827759617803,0.45448830776967564,0.39725924063364343,0.3441790294191602,/common/users/shared/pracsys/adaptive_roa_experiments/stoch_compare_amarel/clf_high_ent10,0.9795060891621379,-0.05602178084765819
clf,high,ent10,16,0.07029001974616234,1.0,0.6939937849090667,100.0,0.2968137953058348,0.1831354417975796,0.1831354417975796,0.18633264831025256,0.06460734576491708,0.04901075883298664,0.19227671679829375,0.19178660920996388,0.19178660920996385,0.67578576816696,0.6736484787528287,0.72421423183304,0.296405790507796,0.18900291092106922,0.0012689015705186874,0.1894930185093991,0.0004135082237783083,0.7370932224125275,0.7088408820692286,0.713957855205508,0.8528095591652626,0.6746273025481904,0.15926042708429025,0.0,20,39770,0.5836481642933256,0.5489957606504969,0.5551589876703439,1.0,1.0,1.0,1.4473871104564648e-05,0.04978576256289534,0.1549672428493313,0.18900291092107013,0.7787025396027156,0.7236107618808146,0.6199647975861202,0.45448830776967564,0.39725924063364343,0.3441790294191602,/common/users/shared/pracsys/adaptive_roa_experiments/stoch_compare_amarel/clf_high_ent10,0.979313772501067,0.01451456022066222
clf,high,ent10,17,0.08267129122003561,1.0,0.7356030032947005,100.0,0.3179385959850114,0.2031677930578887,0.2031677930578887,0.18738064492949838,0.06681723314886227,0.04901075883298664,0.19227671679829375,0.19178660920996388,0.19178660920996385,0.6565250188584361,0.6515212471712346,0.6984410359567513,0.3176965994612827,0.20800882342864027,0.001346096835751958,0.20849893101697012,0.0004350660902860404,0.7257578799437864,0.6951184636029654,0.6953694531230156,0.8944187775510544,0.6746273025481904,0.15926042708429025,0.0,20,39770,0.5695604222467308,0.5327061838289837,0.5330010513609283,1.0,1.0,1.0,3.702027693489109e-05,0.07237793653215245,0.17632491596444813,0.20800882342864185,0.7979632889112396,0.7457379934624089,0.6457379934624089,0.45448830776967564,0.39725924063364343,0.3441790294191602,/common/users/shared/pracsys/adaptive_roa_experiments/stoch_compare_amarel/clf_high_ent10,0.9795880750993009,-0.08458470737608526
clf,high,ent10,18,0.06686016622792959,1.0,0.8122276872094797,100.0,0.29506010453793824,0.1921515209589572,0.1921515209589572,0.18356232838961115,0.049347889195425945,0.04901075883298664,0.19227671679829375,0.19178660920996388,0.19178660920996385,0.6954488307769675,0.670656273573045,0.7012320844857933,0.2941869128911666,0.2010120275154185,0.0013907909730472426,0.20150213510374837,0.0006362257361085533,0.7490365090547428,0.706953642384106,0.6973355749146671,0.9710434614654787,0.6746273025481904,0.15926042708429025,0.0,20,39770,0.5987676814522808,0.5467349551856594,0.5353148220570981,1.0,1.0,1.0,0.0005627193579279021,0.03535457883406863,0.1529116142745491,0.20101202751541997,0.759039476992708,0.7266029670605985,0.6429469449333669,0.45448830776967564,0.39725924063364343,0.3441790294191602,/common/users/shared/pracsys/adaptive_roa_experiments/stoch_compare_amarel/clf_high_ent10,0.9760255486869589,-0.04810251530832832
fm,xhigh,dir00,0,0.009927676912284522,100.0,0.08808804928652879,100.0,0.11671611767664068,0.012185938829245334,0.010837978740553538,0.12462794413957615,0.1347960088691796,0.11563450700111501,0.13513766032667474,0.1339813152566636,0.13398131525666354,0.9194116167965803,0.9228312798591903,0.87606235856173,-0.09387377420165954,0.02019134985764103,0.0001754754645908404,0.02269565501634398,5.898059818321144e-17,0.9236450268016677,0.902183266932271,0.7748595441465308,0.4507974548048218,0.6923786281643889,0.3628579082417961,0.5964241890872517,101,39770,0.9488497307880568,0.9690516946251284,0.9991754034633055,0.8997447203527501,0.8439475253428742,0.6327961802447031,0.0075809604722101905,0.006402841185300048,0.013588393870817556,0.020191349857641157,0.5137037968317828,0.367236610510435,0.21345235101835555,0.5417400050289163,0.4216746291174252,0.3370379683178275,/common/users/shared/pracsys/adaptive_roa_experiments/stoch_compare_amarel/fm_xhigh_dir00,0.8863021790160881,0.8492972708995943
fm,xhigh,dir00,1,0.021446080472736103,100.0,0.20534563696532346,100.0,0.20786773950213727,0.05959649717440026,0.058157487032752454,0.12723601317117816,0.14390101416478085,0.11563450700111501,0.13513766032667474,0.1339813152566636,0.13398131525666354,0.8922806135277848,0.8240130751822982,0.6978124214231833,-0.2046281116419412,0.06490278911823794,0.00040356133926624366,0.0674981443298969,5.551115123125783e-17,0.8910422707157027,0.7362947891940771,0.1874239350912779,0.5680550424838613,0.6923786281643889,0.3628579082417961,0.7100324365099321,91,39770,0.9855961289596579,1.0,1.0,0.8130424692504061,0.5826475849731664,0.10340196956132498,0.009108483629353724,0.01024899170228832,0.03756493543684306,0.06490278911824002,0.446894644204174,0.24568770429972342,0.03485038974101081,0.5417400050289163,0.4216746291174252,0.3370379683178275,/common/users/shared/pracsys/adaptive_roa_experiments/stoch_compare_amarel/fm_xhigh_dir00,0.8909533764316707,0.5155832811918153
fm,xhigh,dir00,2,0.004658418663387794,100.0,0.044894333996975525,100.0,0.07530927835051547,0.0028544544530525115,0.0016206476904300586,0.12826556461628802,0.12338067626224529,0.11563450700111501,0.13513766032667474,0.1339813152566636,0.13398131525666354,0.9211968820719135,0.9651244656776464,0.9537591149107367,-0.04153205934121197,0.007336398330806176,9.358179721358304e-05,0.00972655016343978,5.447031714567174e-16,0.9272381129271917,0.9578585969069972,0.9284185123194894,0.4076037395151869,0.6923786281643889,0.3628579082417961,0.5475798340457632,101,39770,0.9276257722859664,0.9764603853063247,0.970619353788557,0.9268507774425621,0.9399522957662493,0.8897344076395106,0.0038223929005923906,0.004103731405074013,0.005471381148675448,0.007336398330806006,0.5412874025647473,0.4059089766155394,0.30895147095800857,0.5417400050289163,0.4216746291174252,0.3370379683178275,/common/users/shared/pracsys/adaptive_roa_experiments/stoch_compare_amarel/fm_xhigh_dir00,0.8894079183431611,0.945243123515006
fm,xhigh,dir00,3,0.0027128224059610856,100.0,0.029514560336000376,100.0,0.05755167211465929,0.001565198156706373,0.00047105877445031996,0.13102194573507914,0.1094139382256053,0.11563450700111501,0.13513766032667474,0.1339813152566636,0.13398131525666354,0.9369373899924566,0.9701785265275333,0.9743776716117677,-0.027880060346995222,0.003430428296035538,4.711564711013618e-05,0.005680912748302742,7.832276494035284e-16,0.9410603496897914,0.9643586969587691,0.9616470322556363,0.3922239658539866,0.6923786281643889,0.3628579082417961,0.5302949459391502,101,39770,0.9531108678059694,0.972070762147098,0.9703759969616407,0.9293107449524252,0.956768038163387,0.9530737093404954,0.0024634743207787536,0.0031352120145381056,0.003020801616872655,0.003430428296035527,0.5282122202665326,0.41503645964294694,0.3310284133769173,0.5417400050289163,0.4216746291174252,0.3370379683178275,/common/users/shared/pracsys/adaptive_roa_experiments/stoch_compare_amarel/fm_xhigh_dir00,0.8933922576435055,0.9743962186856878
fm,xhigh,dir00,4,0.0019297216450217614,100.0,0.02452957425469084,100.0,0.0519371385466432,0.0012353508908256562,0.0001372700319477139,0.13165569162987228,0.10980808588779424,0.11563450700111501,0.13513766032667474,0.1339813152566636,0.13398131525666354,0.9443801860699019,0.9732210208700025,0.9761629368871009,-0.02596278601961277,0.0024628936587397735,4.005982102589515e-05,0.004717319587628865,7.546047120499111e-16,0.9482282450966625,0.9679361734156254,0.9642749472414832,0.3872389797726569,0.6923786281643889,0.3628579082417961,0.5297900427457882,101,39770,0.956375997356121,0.9775007601094557,0.9742613463295766,0.9402181480621954,0.9585569469290399,0.9544911966577141,0.001955210897001186,0.002175983826192555,0.002037487649946797,0.002462893658739872,0.5325873774201659,0.413502640181041,0.33019864219260747,0.5417400050289163,0.4216746291174252,0.3370379683178275,/common/users/shared/pracsys/adaptive_roa_experiments/stoch_compare_amarel/fm_xhigh_dir00,0.895593090468067,0.9816176333690881
fm,xhigh,dir00,5,0.0017241141758621485,100.0,0.022976316699567588,100.0,0.05045084234347498,0.001200596588908594,8.336665822128333e-05,0.13184360013911933,0.11172299306873106,0.11563450700111501,0.13513766032667474,0.1339813152566636,0.13398131525666354,0.9498868493839577,0.9726175509177772,0.9760120693990445,-0.025672868996731203,0.0022210817757662114,3.9652254757584114e-05,0.004494656776464672,6.817463260588852e-16,0.953424785585754,0.9671265131161892,0.9638882580059049,0.38568572221752173,0.6923786281643889,0.3628579082417961,0.5292504400301735,101,39770,0.9601336722206533,0.9793360640704286,0.9783310281235592,0.9468090044093758,0.9552176505664878,0.9498657117278424,0.001798480149749955,0.0019705012915171736,0.0017517415162436724,0.00222108177576628,0.5342217752074429,0.4112899170228816,0.32723158159416643,0.5417400050289163,0.4216746291174252,0.3370379683178275,/common/users/shared/pracsys/adaptive_roa_experiments/stoch_compare_amarel/fm_xhigh_dir00,0.8962456790412242,0.9834224513208326
fm,xhigh,dir00,6,0.0018095104952578422,100.0,0.023822784077566266,100.0,0.050808649735981905,0.00132360526787892,0.00019250850695817106,0.1320352610685299,0.1131096760920749,0.11563450700111501,0.13513766032667474,0.1339813152566636,0.13398131525666354,0.9505908976615539,0.9730198642192608,0.9771184309781242,-0.02593864722152376,0.002138562695092743,3.595745891738156e-05,0.004426004526024641,8.777700788442644e-16,0.954186192907603,0.9674917441754779,0.9654491609081934,0.386532189595556,0.6923786281643889,0.3628579082417961,0.5288803117928086,101,39770,0.9586339361004403,0.983371312434563,0.9829905674965208,0.9497795312137387,0.9521168753726893,0.9485228290062668,0.0019904046753682135,0.002094171079667695,0.00172422331182077,0.002138562695092822,0.5367362333417148,0.4082725672617551,0.3252200150867488,0.5417400050289163,0.4216746291174252,0.3370379683178275,/common/users/shared/pracsys/adaptive_roa_experiments/stoch_compare_amarel/fm_xhigh_dir00,0.8961275093539518,0.9840383512357975
fm,xhigh,dir00,7,0.0017987009521717074,100.0,0.023791852704524923,100.0,0.05119562484284637,0.0012614519142844153,0.00011761256530048504,0.13187360306318785,0.11438393489839305,0.11563450700111501,0.13513766032667474,0.1339813152566636,0.13398131525666354,0.9430475232587378,0.9724918280110636,0.9775207442796078,-0.022613779230575816,0.00222532475877711,3.743447574162132e-05,0.00452550917777219,8.81239525796218e-16,0.947819476121363,0.9668665576352293,0.9660901228948566,0.38650125822252007,0.6923786281643889,0.3628579082417961,0.5257578576816696,101,39770,0.9409477632421553,0.9823978335795175,0.9826388888888888,0.9547922951961012,0.9518187239117472,0.9500895255147717,0.001962166802548995,0.0020263464415337697,0.0017747458238406488,0.002225324758777163,0.5497108373145587,0.408549157656525,0.3258737742016595,0.5417400050289163,0.4216746291174252,0.3370379683178275,/common/users/shared/pracsys/adaptive_roa_experiments/stoch_compare_amarel/fm_xhigh_dir00,0.8958911161041792,0.9833907828527125
fm,xhigh,dir00,8,0.0016938731175238002,100.0,0.023877227528578973,100.0,0.051628111641941164,0.0016745474101890288,0.0005610440588481112,0.13194674884825466,0.11135033513409175,0.11563450700111501,0.13513766032667474,0.1339813152566636,0.13398131525666354,0.9496354035705306,0.967865225044003,0.9730450088006035,-0.02996152879054564,0.002595610467257437,4.550350130914683e-05,0.004865458888609505,4.128641872824801e-16,0.9531319465568477,0.9607758885274077,0.9588104203488818,0.3865866330464882,0.6923786281643889,0.3628579082417961,0.5323208448579331,101,39770,0.9610702151755379,0.9898811029597774,0.9885121216922833,0.9453237410071943,0.9333333333333333,0.9308415398388541,0.0015005643561590164,0.0020060902715868874,0.0016984936744868877,0.002595610467257497,0.5328639678149358,0.3975861201910988,0.31737490570781995,0.5417400050289163,0.4216746291174252,0.3370379683178275,/common/users/shared/pracsys/adaptive_roa_experiments/stoch_compare_amarel/fm_xhigh_dir00,0.8960648953212599,0.9806270713025536
fm,xhigh,dir00,9,0.0015113232044166975,100.0,0.022325748490816737,100.0,0.05057103344229319,0.0014173932380129504,0.0002812082551696825,0.13186076389911144,0.11361849828432682,0.11563450700111501,0.13513766032667474,0.1339813152566636,0.13398131525666354,0.9522001508674881,0.9677143575559467,0.9729947196379181,-0.02774930852401308,0.00240175961272265,4.394382409955473e-05,0.004694289665577069,8.179221189230645e-16,0.9553871066156626,0.960757946210269,0.9586732338002155,0.3850351540087652,0.6923786281643889,0.3628579082417961,0.5296897158662308,101,39770,0.9662489319282256,0.9854545454545455,0.989907819453274,0.9447667672313762,0.9372689326177698,0.9293494479259923,0.0014292571173134493,0.00173031009110476,0.0014567508121192446,0.002401759612722751,0.5296957505657531,0.4010560724163943,0.3164194116167966,0.5417400050289163,0.4216746291174252,0.3370379683178275,/common/users/shared/pracsys/adaptive_roa_experiments/stoch_compare_amarel/fm_xhigh_dir00,0.8959217639973873,0.9820739212171363
fm,xhigh,dir00,10,0.0014362583703836863,100.0,0.021757852797281638,100.0,0.04933869751068645,0.001405872549959963,0.00028556631943748917,0.1318598466810107,0.11203062305224741,0.11563450700111501,0.13513766032667474,0.1339813152566636,0.13398131525666354,0.9566758863464924,0.9674126225798341,0.9719889363842092,-0.02880764395272819,0.002407034895091219,5.210693538519383e-05,0.004683686195624843,8.335346302068558e-16,0.959587193620265,0.9603839334841352,0.9571571417583262,0.3844672583152159,0.6923786281643889,0.3628579082417961,0.5317389992456625,101,39770,0.9699383594120436,0.9852609131961867,0.9877758374345134,0.9494546298445115,0.936732259988074,0.928379588182632,0.001282974070602951,0.001695017156732137,0.0013228011190609267,0.002407034895091321,0.5302992205179784,0.4009052049283379,0.3167714357555947,0.5417400050289163,0.4216746291174252,0.3370379683178275,/common/users/shared/pracsys/adaptive_roa_experiments/stoch_compare_amarel/fm_xhigh_dir00,0.8961904385454013,0.9820345479481214
fm,xhigh,dir00,11,0.001355273430663545,100.0,0.020866030417454787,100.0,0.048206688458637174,0.001360051627099608,0.00024658553545649827,0.1321447624943832,0.11134660916431098,0.11563450700111501,0.13513766032667474,0.1339813152566636,0.13398131525666354,0.9559718380688962,0.9704551169223032,0.973447322102087,-0.02699622831279859,0.0020831382977372415,4.2105168652481064e-05,0.0043529494593915015,3.703634621210483e-16,0.9589958550921481,0.9641100827758942,0.95940647343738,0.3835754359353508,0.6923786281643889,0.3628579082417961,0.5292675383454866,101,39770,0.9677663295207487,0.9882898115098002,0.9896114195083268,0.9503829194708749,0.9410852713178295,0.9309907490301402,0.0011697373534185398,0.0016767548758900089,0.001277304792963634,0.0020831382977373213,0.5320090520492834,0.40153381946190597,0.3170731707317073,0.5417400050289163,0.4216746291174252,0.3370379683178275,/common/users/shared/pracsys/adaptive_roa_experiments/stoch_compare_amarel/fm_xhigh_dir00,0.896371745946869,0.9844520238232723
fm,xhigh,dir00,12,0.001450902546273314,100.0,0.023102903938244185,100.0,0.05116394267035454,0.0015944262785449084,0.0004599492477389865,0.13148071371107858,0.11344770308059221,0.11563450700111501,0.13513766032667474,0.1339813152566636,0.13398131525666354,0.9517224038219764,0.9667840080462661,0.9676137792305758,-0.02850264018104099,0.0029605507933242407,5.979953112674326e-05,0.005251372894141313,2.419939248987646e-16,0.9550835165863474,0.9594747982943216,0.9501239157372987,0.38581230945612055,0.6923786281643889,0.3628579082417961,0.5312572290671361,101,39770,0.9628319418895335,0.9880583812472358,0.9877616747181964,0.9474588071478302,0.9324985092426953,0.9152491793494479,0.0010903416869220406,0.0015782159538559552,0.0015760764547664908,0.0029605507933243296,0.5330902690470204,0.3979632889112396,0.31229570027659037,0.5417400050289163,0.4216746291174252,0.3370379683178275,/common/users/shared/pracsys/adaptive_roa_experiments/stoch_compare_amarel/fm_xhigh_dir00,0.895688337837093,0.9779032562290285
fm,xhigh,dir00,13,0.0014429301003118767,100.0,0.02207219489384328,100.0,0.04957002765903948,0.0015574265038766867,0.00047410063772205515,0.13198794576944972,0.10833258661546318,0.11563450700111501,0.13513766032667474,0.1339813152566636,0.13398131525666354,0.9489062107115916,0.9673120442544632,0.972818707568519,-0.029218506411868243,0.0024674701249355513,4.44335263609083e-05,0.004707141061101333,-3.720981855970251e-16,0.9523429804399831,0.9601006690810877,0.95842787370688,0.3847816004116929,0.6923786281643889,0.3628579082417961,0.532333165702791,101,39770,0.9625468164794008,0.9891854287882621,0.989046749742043,0.9423532142028312,0.9326774001192606,0.9296478663085646,0.0009420536773315478,0.0017772286607590632,0.0014612605816780551,0.0024674701249356667,0.5303746542620066,0.3975861201910988,0.3167965803369374,0.5417400050289163,0.4216746291174252,0.3370379683178275,/common/users/shared/pracsys/adaptive_roa_experiments/stoch_compare_amarel/fm_xhigh_dir00,0.8962182782772855,0.9815834758734179
fm,xhigh,dir00,14,0.0012391169459520061,100.0,0.019831775121499744,100.0,0.04716017098315314,0.0012143215103132604,0.00011182231671776305,0.1321661181206189,0.11024991935954975,0.11563450700111501,0.13513766032667474,0.1339813152566636,0.13398131525666354,0.9513703796831783,0.9719135026401811,0.9741010812169978,-0.025579079708322856,0.0019270194527624752,3.769155596345789e-05,0.004185863716369122,3.469446951953614e-17,0.9545860141830649,0.9660599799459147,0.96051219138169,0.38254118063935805,0.6923786281643889,0.3628579082417961,0.5289806386723661,101,39770,0.9660187253457535,0.9848832166532433,0.9879337539432177,0.9434207472731492,0.9479427549194991,0.9345717696210086,0.0009064507280499467,0.001541338961655864,0.0012642968533716314,0.0019270194527625732,0.529067136032185,0.4058586874528539,0.3188332914256978,0.5417400050289163,0.4216746291174252,0.3370379683178275,/common/users/shared/pracsys/adaptive_roa_experiments/stoch_compare_amarel/fm_xhigh_dir00,0.8964009402091377,0.9856172523081226
fm,xhigh,ent05,0,0.009067463010323833,100.0,0.08447384050956509,100.0,0.11379884334925823,0.011424176037317105,0.010090341514060908,0.12451036540598336,0.1333834523256198,0.11563450700111501,0.13513766032667474,0.1339813152566636,0.13398131525666354,0.9221020870002514,0.9264269549911994,0.8722906713603219,-0.09081468443550414,0.019561291364741204,0.0001718473404717827,0.02205147095800855,6.938893903907228e-17,0.926044402005252,0.9078715365239296,0.7664290641526788,0.44718324602783605,0.6923786281643889,0.3628579082417961,0.5924699522252954,101,39770,0.9533546325878595,0.9617745163442295,0.9990408823882029,0.9002552796472499,0.8596899224806202,0.6216800954938825,0.00701704066056596,0.005841538035623819,0.012265595990073843,0.019561291364741103,0.5115665074176515,0.3769172743273824,0.2097309529796329,0.5417400050289163,0.4216746291174252,0.3370379683178275,/common/users/shared/pracsys/adaptive_roa_experiments/stoch_compare_amarel/fm_xhigh_ent05,0.8864873338618648,0.8539998556719025
fm,xhigh,ent05,1,0.0039010044775271034,100.0,0.03721867812103449,100.0,0.06494091023384461,0.0025132845794051044,0.0013095197752153568,0.13080980837100364,0.12037648041897478,0.11563450700111501,0.13513766032667474,0.1339813152566636,0.13398131525666354,0.9339200402313301,0.9673874779984913,0.9673371888358059,-0.03645310535579582,0.004481026660875792,5.0531838282295346e-05,0.006841136535076691,4.874572967494828e-16,0.9393519800609248,0.9605667203794351,0.9496921110723829,0.39992808363913834,0.6923786281643889,0.3628579082417961,0.5405456374151371,101,39770,0.9341350346536925,0.9799019911916135,0.9874365788837883,0.9446275237874217,0.9419797257006559,0.9147269471799463,0.004419057560772171,0.0033630967964787296,0.0036478854423031737,0.004481026660875732,0.5478249937138546,0.4053557958259995,0.31222026653256224,0.5417400050289163,0.4216746291174252,0.3370379683178275,/common/users/shared/pracsys/adaptive_roa_experiments/stoch_compare_amarel/fm_xhigh_ent05,0.8934807343869288,0.9665548389916039
fm,xhigh,ent05,2,0.002270624285602379,100.0,0.02692981830071819,100.0,0.05454085994468193,0.0014577854653778448,0.00032131586619263083,0.13140549105229984,0.11364695991852142,0.11563450700111501,0.13513766032667474,0.1339813152566636,0.13398131525666354,0.9315564495851144,0.9735479004274579,0.9758109127483028,-0.022275333165702793,0.0028971400705572192,4.284800159045696e-05,0.005189954739753583,8.552186736565659e-16,0.9373821025994938,0.9684633371305233,0.9634609541172896,0.38963922381870636,0.6923786281643889,0.3628579082417961,0.5273480010057832,101,39770,0.9292588369441277,0.9737762237762237,0.9813525224388734,0.9456486423764214,0.9632081097197376,0.946210086541331,0.0022906358023279797,0.002498522768545379,0.0023875319069497354,0.002897140070557254,0.5512949459391501,0.41709831531305,0.3249685692733216,0.5417400050289163,0.4216746291174252,0.3370379683178275,/common/users/shared/pracsys/adaptive_roa_experiments/stoch_compare_amarel/fm_xhigh_ent05,0.8941191674627987,0.9783765365714819
fm,xhigh,ent05,3,0.0024380018951525068,100.0,0.028821921829035885,100.0,0.05319185315564496,0.0016839615100967007,0.0006051170179029502,0.13174493589259312,0.10788444921937505,0.11563450700111501,0.13513766032667474,0.1339813152566636,0.13398131525666354,0.9427709328639678,0.9749559969826502,0.9733718883580589,-0.031401056072416396,0.0028414963819741288,4.356151137926758e-05,0.005076685944179029,7.129713486264677e-16,0.9463511220064115,0.9698346356532801,0.9596186844613918,0.3915313273469702,0.6923786281643889,0.3628579082417961,0.5348471209454362,101,39770,0.9614445136261315,0.9854135893648449,0.9814367054051946,0.9317242979809701,0.9547406082289803,0.9387496269770218,0.0022174076698591454,0.0026545710563009406,0.0024572846265012195,0.0028414963819740724,0.5249937138546643,0.408549157656525,0.32237867739502135,0.5417400050289163,0.4216746291174252,0.3370379683178275,/common/users/shared/pracsys/adaptive_roa_experiments/stoch_compare_amarel/fm_xhigh_ent05,0.8951631537167312,0.9787918458888781
fm,xhigh,ent05,4,0.0018252804058809967,100.0,0.023447308610890526,100.0,0.049737993462408855,0.0011574688287955448,3.957195713704385e-05,0.1321254384338217,0.1117896871658501,0.11563450700111501,0.13513766032667474,0.1339813152566636,0.13398131525666354,0.9477747045511692,0.9774201659542369,0.9757606235856173,-0.019159165199899422,0.0018954487799798334,3.193221023828837e-05,0.004169690721649485,9.072603779358701e-16,0.9515997483280125,0.9732275952537118,0.9638436726427123,0.38615671412887864,0.6923786281643889,0.3628579082417961,0.5238257480512949,101,39770,0.9555409958816923,0.973169568328166,0.9691507014632674,0.947690879554421,0.9732856290995826,0.9585944494180841,0.001876769708653031,0.0021617429512627117,0.0017882290341179022,0.0018954487799799098,0.5372894141312548,0.42172491828011066,0.3333668594417903,0.5417400050289163,0.4216746291174252,0.3370379683178275,/common/users/shared/pracsys/adaptive_roa_experiments/stoch_compare_amarel/fm_xhigh_ent05,0.8956669720750384,0.9858528872003623
fm,xhigh,ent05,5,0.001556838674832133,100.0,0.02178668358264297,100.0,0.04787905456374152,0.001105835187729082,-9.873368794159143e-06,0.1323067718533538,0.11157085565232412,0.11563450700111501,0.13513766032667474,0.1339813152566636,0.13398131525666354,0.9443550414885592,0.9776464671863213,0.9775207442796078,-0.01792632637666583,0.0016646700345166526,3.0429188110049272e-05,0.003936723661051044,1.020884765612351e-15,0.948757728020006,0.9732736073114272,0.9662284678150499,0.38449608910058714,0.6923786281643889,0.3628579082417961,0.5218785516721146,101,39770,0.9466315497643472,0.9814466743466925,0.9786501377410468,0.9508934787653748,0.9652355396541443,0.9541181736794987,0.001495696212819667,0.0018561956502414437,0.001520395049311346,0.0016646700345166836,0.5441790294191602,0.4147095800854916,0.3285893889866734,0.5417400050289163,0.4216746291174252,0.3370379683178275,/common/users/shared/pracsys/adaptive_roa_experiments/stoch_compare_amarel/fm_xhigh_ent05,0.8959885194199229,0.9875753568224965
fm,xhigh,ent05,6,0.0018298152265337395,100.0,0.02309022293012511,100.0,0.049595926577822476,0.0013505524398531555,0.00026852319594309693,0.1321654242324572,0.10820292439100589,0.11563450700111501,0.13513766032667474,0.1339813152566636,0.13398131525666354,0.9447824993713855,0.9774704551169223,0.9766155393512698,-0.02322227809906965,0.0020844142201496994,3.460223204052164e-05,0.0043227885340709074,2.0903417885520525e-16,0.948559381588194,0.9730558729776868,0.9648313417032219,0.38579962844803034,0.6923786281643889,0.3628579082417961,0.5265735479004274,101,39770,0.9575313312839915,0.9814972094151905,0.9782975460122699,0.9397540032490137,0.9647584973166369,0.9517308266189197,0.0012472509860993813,0.0023614091124978614,0.0020297909951920313,0.0020844142201497723,0.531682172491828,0.4144832788534071,0.3278853407090772,0.5417400050289163,0.4216746291174252,0.3370379683178275,/common/users/shared/pracsys/adaptive_roa_experiments/stoch_compare_amarel/fm_xhigh_ent05,0.8948845918973057,0.9844425006863333
fm,xhigh,ent05,7,0.0017181475024264042,100.0,0.02274434558405146,100.0,0.049270304249434245,0.0012576095111404655,0.00015183441037165072,0.13215962487930458,0.11057751007688146,0.11563450700111501,0.13513766032667474,0.1339813152566636,0.13398131525666354,0.9509680663816947,0.978300226301232,0.9780990696504903,-0.0264722152376163,0.001973524787731476,3.439338276633988e-05,0.0042356449585114414,8.265957363029486e-16,0.953861442362294,0.9739691732271589,0.9671506694323967,0.38545375110201513,0.6923786281643889,0.3628579082417961,0.5288697510686446,101,39770,0.9728751387615232,0.9854727461392907,0.9779574403172908,0.9355766999303783,0.9627310673822301,0.9565801253357207,0.0016367021992619313,0.0020857695384827657,0.0019109432900796352,0.0019735247877316524,0.5209705808398291,0.4119436761377923,0.32967060598441034,0.5417400050289163,0.4216746291174252,0.3370379683178275,/common/users/shared/pracsys/adaptive_roa_experiments/stoch_compare_amarel/fm_xhigh_ent05,0.8952223686195431,0.9852701491700476
fm,xhigh,ent05,8,0.0016862567952044014,100.0,0.0221222793222542,100.0,0.049392506914759875,0.001283297310041542,0.00016677734549794157,0.13232185781272915,0.11165199645436005,0.11563450700111501,0.13513766032667474,0.1339813152566636,0.13398131525666354,0.9528539099823988,0.9763389489564999,0.9760120693990445,-0.026969072164948458,0.00182623478943318,3.1104651394326085e-05,0.004099099823987931,8.075137780672037e-16,0.9559455839853387,0.971607881000513,0.963720717979921,0.38483168484025243,0.6923786281643889,0.3628579082417961,0.5303796831782751,101,39770,0.9679767795964979,0.9833872839430771,0.9828575860999069,0.9442097934555581,0.9601073345259392,0.9453148313936138,0.0017907531437076566,0.002047979417001373,0.0016970554806298298,0.0018262347894332685,0.528438521498617,0.4116922303243651,0.32416394267035453,0.5417400050289163,0.4216746291174252,0.3370379683178275,/common/users/shared/pracsys/adaptive_roa_experiments/stoch_compare_amarel/fm_xhigh_ent05,0.8958038087219193,0.9863694815509556
fm,xhigh,ent05,9,0.0017342664293230824,100.0,0.022618489636201774,100.0,0.05123359316067387,0.0016013780866516135,0.00046581254945922195,0.1322809896328391,0.11355655371923917,0.11563450700111501,0.13513766032667474,0.1339813152566636,0.13398131525666354,0.9537842594920795,0.9730701533819462,0.9734976112647724,-0.032214734724666835,0.002166138173284263,3.472458752107854e-05,0.004458048780487805,5.542441505745899e-16,0.9564269119529658,0.9674260166063444,0.9596261395847698,0.3853278951541684,0.6923786281643889,0.3628579082417961,0.5351782750817198,101,39770,0.9774676551824393,0.9872741945496306,0.9861439143441978,0.9362729171501508,0.9483601669648182,0.9344971650253656,0.0019969448063740423,0.0020034567449705195,0.0017764615605387899,0.0021661381732843645,0.518908725169726,0.4050540608498869,0.31938647221523764,0.5417400050289163,0.4216746291174252,0.3370379683178275,/common/users/shared/pracsys/adaptive_roa_experiments/stoch_compare_amarel/fm_xhigh_ent05,0.8958593897816854,0.9838325353864853
fm,xhigh,ent10,0,0.017362910212314935,100.0,0.15986185108332035,100.0,0.17071134020618559,0.033174536292008595,0.03165313357994961,0.11686297107178872,0.15214027120589854,0.11563450700111501,0.13513766032667474,0.1339813152566636,0.13398131525666354,0.9056575308021122,0.8534825245159668,0.7775458888609504,-0.1505489062107116,0.04877147776482451,0.0004258898922973285,0.05144922554689464,4.163336342344337e-17,0.9099246170835934,0.7914086271702165,0.5077068610539202,0.522571256601802,0.6923786281643889,0.3628579082417961,0.6536648227307016,97,39770,0.9424138445472177,0.9900582176444246,0.9989051894022334,0.8796008354606637,0.6591532498509243,0.3403461653237839,0.008080131208997166,0.008896651300533511,0.03024173530629429,0.04877147776482488,0.5056323862207694,0.280739250691476,0.11483530299220518,0.5417400050289163,0.4216746291174252,0.3370379683178275,/common/users/shared/pracsys/adaptive_roa_experiments/stoch_compare/fm_xhigh_ent10,0.8783515337013913,0.6359829900804107
fm,xhigh,ent10,1,0.004016117339826382,100.0,0.03774750055173023,100.0,0.06464018104098568,0.002692255548030143,0.0015902181003829394,0.130629568879483,0.11020374476472039,0.11563450700111501,0.13513766032667474,0.1339813152566636,0.13398131525666354,0.9429972340960523,0.9665074176514961,0.9681921046014584,-0.044330399798843345,0.004941964477564177,6.179366118253008e-05,0.007200346995222529,6.279698983036042e-16,0.9461967485463392,0.9596974281391831,0.951126221844454,0.4004569060697939,0.6923786281643889,0.3628579082417961,0.5490937892884084,101,39770,0.9681398737251092,0.9741400491400491,0.9863771135507653,0.925226270596426,0.9456768038163387,0.9183079677708147,0.004527012899932012,0.003960907947973349,0.004121260568978373,0.004941964477563913,0.5177269298466181,0.4093537842594921,0.3137792305758109,0.5417400050289163,0.4216746291174252,0.3370379683178275,/common/users/shared/pracsys/adaptive_roa_experiments/stoch_compare/fm_xhigh_ent10,0.8925214987970509,0.963114524826861
fm,xhigh,ent10,2,0.0055255507109540315,100.0,0.051151375712304346,100.0,0.06312496856927333,0.003193120370106977,0.0021928685433150446,0.1315175395602475,0.10002518267919325,0.11563450700111501,0.13513766032667474,0.1339813152566636,0.13398131525666354,0.9512446567764646,0.9712597435252703,0.9709077193864722,-0.045795825999497115,0.0046566442397319935,5.4335912562547874e-05,0.006813241136535077,8.786374405822528e-16,0.9541249674687109,0.9652973859185718,0.9558177721770345,0.4138607812303157,0.6923786281643889,0.3628579082417961,0.5469987427709329,101,39770,0.9730720972879066,0.9832993134162182,0.9790346554017054,0.9359016012996054,0.9479427549194991,0.9336765144732916,0.006337697061131279,0.005209951056961007,0.0044415305938435455,0.004656644239731712,0.5210460145838571,0.40651244656776464,0.321423183303998,0.5417400050289163,0.4216746291174252,0.3370379683178275,/common/users/shared/pracsys/adaptive_roa_experiments/stoch_compare/fm_xhigh_ent10,0.8934496452081536,0.9652440772744213
fm,xhigh,ent10,3,0.004058052190715702,100.0,0.03875690892794618,100.0,0.057334171486044756,0.002869464554523384,0.0019150021278934947,0.13235498004841045,0.09544624266298898,0.11563450700111501,0.13513766032667474,0.1339813152566636,0.13398131525666354,0.9551420668845864,0.9757606235856173,0.9748302740759366,-0.043059592657782246,0.0035413373361474947,4.458920904472984e-05,0.005652144832788536,8.656270145124267e-16,0.9575136937366039,0.9708919620750046,0.9619492910632151,0.40146631444588765,0.6923786281643889,0.3628579082417961,0.5429192858938898,101,39770,0.9832721936903889,0.9834230486909714,0.9806246609315663,0.933070317939197,0.9586762075134169,0.9439719486720382,0.004158791079007301,0.004531688318945104,0.0037374356463807054,0.0035413373361474674,0.5140809655519235,0.4110636157907971,0.3244405330651245,0.5417400050289163,0.4216746291174252,0.3370379683178275,/common/users/shared/pracsys/adaptive_roa_experiments/stoch_compare/fm_xhigh_ent10,0.895142029139449,0.9735684238554946
fm,xhigh,ent10,4,0.007566353295088457,100.0,0.06022664327722349,100.0,0.0827550917777219,0.005210765183853696,0.003962266010577052,0.12947431185702116,0.12484991732766437,0.11563450700111501,0.13513766032667474,0.1339813152566636,0.13398131525666354,0.9309278350515464,0.9687201408096555,0.9404576313804375,-0.05458612019109881,0.008469269410219875,8.601371602683372e-05,0.01087411365350767,3.885780586188048e-16,0.9362925856351028,0.9621999392281981,0.9049377759935768,0.42293604879547464,0.6923786281643889,0.3628579082417961,0.55738370631129,101,39770,0.9356632984147585,0.9809789343246592,0.9795758734573267,0.9369227198886052,0.9441264162194395,0.8408683974932856,0.007918679630095214,0.005403954455289475,0.00693877091254488,0.008469269410219622,0.5424691978878552,0.4058335428715112,0.28931355292934374,0.5417400050289163,0.4216746291174252,0.3370379683178275,/common/users/shared/pracsys/adaptive_roa_experiments/stoch_compare/fm_xhigh_ent10,0.8902697428285501,0.936787682715343
fm,xhigh,ent10,5,0.00476674723241982,100.0,0.04372760421802745,100.0,0.05473899924566256,0.002442009317572328,0.0014376983171989692,0.13219843504530396,0.10043110003733591,0.11563450700111501,0.13513766032667474,0.1339813152566636,0.13398131525666354,0.9463414634146341,0.9790545637415137,0.9786271058586875,-0.032350264018104105,0.0032205785285594184,4.852076695786148e-05,0.005381234598943927,8.248610128269718e-16,0.9498919883535268,0.9749827311769829,0.9679027263801827,0.4064370097359428,0.6923786281643889,0.3628579082417961,0.5342232838823234,101,39770,0.9612222591835765,0.982150420523991,0.9799663557118825,0.9388257136226502,0.9679189028026237,0.9561324977618622,0.005743758175163402,0.004740456412248859,0.0034985255496880756,0.0032205785285591895,0.5291174251948705,0.4155644958511441,0.32884083480010057,0.5417400050289163,0.4216746291174252,0.3370379683178275,/common/users/shared/pracsys/adaptive_roa_experiments/stoch_compare/fm_xhigh_ent10,0.894207145511993,0.9759624801235167
fm,xhigh,ent10,6,0.004836245036492041,100.0,0.04666291476531342,100.0,0.054900427457882824,0.0023785598885604758,0.0013849221788000603,0.13196413824390002,0.09936377097604154,0.11563450700111501,0.13513766032667474,0.1339813152566636,0.13398131525666354,0.9423686195624843,0.9760372139803872,0.9784510937892884,-0.029340960523007293,0.0034020991915636118,5.054818468147383e-05,0.005552081971335177,-1.6479873021779667e-17,0.9464310755854718,0.9714610846584614,0.9677516462841016,0.4093723202831959,0.6923786281643889,0.3628579082417961,0.5314915765652501,101,39770,0.9532037098065063,0.975756481982795,0.9763115936527219,0.9397540032490137,0.9672033392963626,0.959340495374515,0.005781703888266453,0.00463775222681896,0.00338670194527579,0.0034020991915633294,0.5340960523007292,0.41797837566004525,0.3311792808649736,0.5417400050289163,0.4216746291174252,0.3370379683178275,/common/users/shared/pracsys/adaptive_roa_experiments/stoch_compare/fm_xhigh_ent10,0.8941991215588928,0.974607659396041
fm,xhigh,ent10,7,0.004647861403090812,100.0,0.042921272454557624,100.0,0.05468091526276087,0.002296822497543813,0.0012913637613257104,0.13195589594969057,0.10054587362181028,0.11563450700111501,0.13513766032667474,0.1339813152566636,0.13398131525666354,0.943474981141564,0.9744279607744532,0.9788785516721147,-0.02935780739250692,0.0033167830682992866,5.051458793735435e-05,0.00547858687452854,5.551115123125783e-16,0.9474717263295636,0.9694860331843139,0.9684684684684685,0.40563067797244684,0.6923786281643889,0.3628579082417961,0.532761126477244,101,39770,0.954025692908569,0.9756627815689353,0.9746146872166818,0.9410071942446043,0.9633870005963029,0.9623992837958818,0.005628374009138061,0.004451314248849795,0.003272428966557327,0.0033167830682990524,0.5343474981141564,0.4163691224541111,0.3328136786522504,0.5417400050289163,0.4216746291174252,0.3370379683178275,/common/users/shared/pracsys/adaptive_roa_experiments/stoch_compare/fm_xhigh_ent10,0.8942032205349623,0.9752444356741428
fm,xhigh,ent10,8,0.005477726002918151,100.0,0.05015260847426642,100.0,0.05426502388735227,0.0026283253543479997,0.0016271248910781373,0.13242926956334672,0.10012004632698625,0.11563450700111501,0.13513766032667474,0.1339813152566636,0.13398131525666354,0.9543122957002765,0.9766406839326125,0.978124214231833,-0.03550264018104098,0.0031791705843956285,4.9617703482804896e-05,0.00533671611767664,6.132247487578013e-16,0.9571654211556142,0.9720609906468978,0.9669979515969956,0.412862013992184,0.6923786281643889,0.3628579082417961,0.5404307266784009,101,39770,0.9725495832135671,0.98058370244524,0.9836394505324896,0.942260385240195,0.963685152057245,0.9509101760668457,0.007026434066589732,0.004982356225061364,0.0035387340846225,0.0031791705843953583,0.5248679909479507,0.41440784510937895,0.3258234850389741,0.5417400050289163,0.4216746291174252,0.3370379683178275,/common/users/shared/pracsys/adaptive_roa_experiments/stoch_compare/fm_xhigh_ent10,0.8945224370095728,0.9762715377266942
fm,xhigh,ent10,9,0.004839821488293328,100.0,0.04661616531349149,100.0,0.06004978627105859,0.003012768625445106,0.002003391398308261,0.13210863362901254,0.10093772271368451,0.11563450700111501,0.13513766032667474,0.1339813152566636,0.13398131525666354,0.9517475484033191,0.9754588886095047,0.9741010812169978,-0.043755091777721904,0.003876073025959875,4.5976547067223555e-05,0.00604179532310787,5.629177679544739e-16,0.9546110362118309,0.9705687232374405,0.9606299212598426,0.409325570831434,0.6923786281643889,0.3628579082417961,0.5490030173497612,101,39770,0.9732806019099064,0.9817593948267448,0.9849506192193134,0.9366442330006962,0.9596302921884318,0.9374813488510892,0.005639598143872328,0.004996055805731064,0.004031200869646492,0.003876073025959492,0.5213477495599699,0.4121699773698768,0.32079456877043,0.5417400050289163,0.4216746291174252,0.3370379683178275,/common/users/shared/pracsys/adaptive_roa_experiments/stoch_compare/fm_xhigh_ent10,0.8953327716985241,0.9710700479500846
fm,xhigh,ent10,10,0.006269492722640135,100.0,0.05576693474348722,100.0,0.07938194619059594,0.00528966018116819,0.004031866478488895,0.13029586463658344,0.12577937026792949,0.11563450700111501,0.13513766032667474,0.1339813152566636,0.13398131525666354,0.9473221020870003,0.9716117676640684,0.9405079205431229,-0.058955996982650236,0.0077173170985693,8.226075592765329e-05,0.010131455871259744,2.5153490401663703e-16,0.9508688820618654,0.9658737115739201,0.9044966497134094,0.4184763402617431,0.6923786281643889,0.3628579082417961,0.564581594166457,101,39770,0.960987864998104,0.9794029301783853,0.9854001759014952,0.9409607797632862,0.9527131782945737,0.8358698895851985,0.006302291712701544,0.0047073327186878695,0.006506006697601874,0.007717317098569048,0.5304500880060347,0.41018355544380186,0.2858938898667337,0.5417400050289163,0.4216746291174252,0.3370379683178275,/common/users/shared/pracsys/adaptive_roa_experiments/stoch_compare/fm_xhigh_ent10,0.8931521432915365,0.9424000497100249
fm,xhigh,tb05,0,0.017362910212314935,100.0,0.15986185108332035,100.0,0.17071134020618559,0.033174536292008595,0.03165313357994961,0.11686297107178872,0.15214027120589854,0.11563450700111501,0.13513766032667474,0.1339813152566636,0.13398131525666354,0.9056575308021122,0.8534825245159668,0.7775458888609504,-0.1505489062107116,0.04877147776482451,0.0004258898922973285,0.05144922554689464,4.163336342344337e-17,0.9099246170835934,0.7914086271702165,0.5077068610539202,0.522571256601802,0.6923786281643889,0.3628579082417961,0.6536648227307016,97,39770,0.9424138445472177,0.9900582176444246,0.9989051894022334,0.8796008354606637,0.6591532498509243,0.3403461653237839,0.008080131208997166,0.008896651300533511,0.03024173530629429,0.04877147776482488,0.5056323862207694,0.280739250691476,0.11483530299220518,0.5417400050289163,0.4216746291174252,0.3370379683178275,/common/users/shared/pracsys/adaptive_roa_experiments/stoch_compare/fm_xhigh_tb05,0.8783515337013913,0.6359829900804107
fm,xhigh,tb05,1,0.0033972461142788082,100.0,0.03261469167768593,100.0,0.05940533065124466,0.001966245785224684,0.0008144456109905143,0.13127504264697684,0.11518001742341699,0.11563450700111501,0.13513766032667474,0.1339813152566636,0.13398131525666354,0.9340960523007292,0.9716620568267539,0.9739250691475987,-0.030110887603721402,0.0035207182206779897,4.589740401081149e-05,0.005828863464923309,7.190428807923865e-16,0.9399032398596748,0.9661185100562186,0.9604515464703863,0.39532409719577555,0.6923786281643889,0.3628579082417961,0.5346356550163439,101,39770,0.9287656334964655,0.974231492148184,0.9824451899820551,0.9513112090972383,0.958139534883721,0.9394210683378096,0.004079917353062626,0.003188665838673262,0.002813265036586454,0.003520718220677937,0.5548906210711592,0.4147095800854916,0.3222780990696505,0.5417400050289163,0.4216746291174252,0.3370379683178275,/common/users/shared/pracsys/adaptive_roa_experiments/stoch_compare/fm_xhigh_tb05,0.8944769481725429,0.973722319310469
fm,xhigh,tb05,2,0.002171279379953305,100.0,0.027009671296212758,100.0,0.05594518481267287,0.0016332337227437303,0.0004656180894177626,0.13147900569136034,0.11676156333259678,0.11563450700111501,0.13513766032667474,0.1339813152566636,0.13398131525666354,0.9364093537842595,0.9706059844103596,0.9743776716117677,-0.028588383203419665,0.0029679276547217204,4.1736933764150814e-05,0.0052918883580588385,7.051650929845721e-16,0.9420206790618767,0.9645510507323285,0.9609503736347959,0.3897190768142617,0.6923786281643889,0.3628579082417961,0.5336240885089263,101,39770,0.930732989036876,0.9813043746529277,0.9879442124340083,0.9535855186818287,0.9483601669648182,0.9353924201730827,0.002233748599903946,0.0022361315950554287,0.002296698630763247,0.0029679276547218,0.5550414885592155,0.40751822982147345,0.3191098818204677,0.5417400050289163,0.4216746291174252,0.3370379683178275,/common/users/shared/pracsys/adaptive_roa_experiments/stoch_compare/fm_xhigh_tb05,0.8952440026559647,0.9778481973472483
fm,xhigh,tb05,3,0.0021276413004908904,100.0,0.02544219962337203,100.0,0.05325018858436008,0.0015836168116270903,0.0004671825418485912,0.13196629599673862,0.11164342697784993,0.11563450700111501,0.13513766032667474,0.1339813152566636,0.13398131525666354,0.9399798843349259,0.9743022378677395,0.97550917777219,-0.03229620316821725,0.0024822018017743443,3.792059833967218e-05,0.004754981141563993,7.962380754733545e-16,0.9439973723107242,0.9689720080150586,0.9629008912927554,0.388151605141402,0.6923786281643889,0.3628579082417961,0.5374865476489816,101,39770,0.9544548818673498,0.9870113805047006,0.9836575875486381,0.9337665351589696,0.9515802027429935,0.943002088928678,0.0024530845289708328,0.0024035557993818436,0.0020788459145135107,0.002482201801774436,0.5299974855418658,0.40653759114910737,0.32310787025396026,0.5417400050289163,0.4216746291174252,0.3370379683178275,/common/users/shared/pracsys/adaptive_roa_experiments/stoch_compare/fm_xhigh_tb05,0.8956807574491853,0.9814735226548622
fm,xhigh,tb05,4,0.002210835393866229,100.0,0.025879621069781568,100.0,0.0536607995976867,0.0014814847075215062,0.0003432176517487928,0.13176502132285695,0.11382670557727134,0.11563450700111501,0.13513766032667474,0.1339813152566636,0.13398131525666354,0.9300477747045511,0.9759869248177018,0.9783756600452602,-0.024086245914005534,0.0025595115855563426,4.013137972472547e-05,0.0048541237113402065,8.977193988179977e-16,0.9358690640848317,0.9711227359317832,0.9675005668505782,0.38858902658780653,0.6923786281643889,0.3628579082417961,0.529670354538597,101,39770,0.9296542248683307,0.9850929390834918,0.980318578649104,0.9421675562775585,0.9575432319618367,0.9550134288272157,0.0022848883605986713,0.002550242480119328,0.0023508548522691943,0.002559511585556406,0.5490319336183053,0.40988182046768923,0.32833794317324616,0.5417400050289163,0.4216746291174252,0.3370379683178275,/common/users/shared/pracsys/adaptive_roa_experiments/stoch_compare/fm_xhigh_tb05,0.8944532237920707,0.9808965035113055
fm,xhigh,tb05,5,0.003975185411551385,100.0,0.04608311373298976,100.0,0.07702992205179784,0.005510774088562317,0.004225169920149499,0.1298295055744026,0.12856041684128186,0.11563450700111501,0.13513766032667474,0.1339813152566636,0.13398131525666354,0.9332914256977621,0.9626100075433744,0.9317324616545134,-0.05707417651496103,0.008376979602410833,0.00011515822613153564,0.0108189288408348,3.365363543395006e-16,0.9375544309756384,0.9538728789899804,0.8880273848311131,0.40879251925119026,0.6923786281643889,0.3628579082417961,0.5612290671360322,101,39770,0.951098376313276,0.9940518523307688,0.9928986442866365,0.924390809932699,0.9168157423971377,0.8031930766935244,0.0034626605506916613,0.00323256766813214,0.004332538675667698,0.008376979602410607,0.5265275333165703,0.3889112396278602,0.27264269549911996,0.5417400050289163,0.4216746291174252,0.3370379683178275,/common/users/shared/pracsys/adaptive_roa_experiments/stoch_compare/fm_xhigh_tb05,0.8927421451656697,0.9374765086731435
fm,xhigh,tb05,6,0.0017995405836005683,100.0,0.022895894697107726,100.0,0.049215991953733974,0.0012883397083285591,0.00020227887368084985,0.13211099374885873,0.10860608346477094,0.11563450700111501,0.13513766032667474,0.1339813152566636,0.13398131525666354,0.9407845109378928,0.9757354790042746,0.9785516721146593,-0.02334422931858185,0.0020726003814864765,3.558038781455747e-05,0.004315006286145335,7.728193085476676e-16,0.9450344264208193,0.9708450406356687,0.9677199621570483,0.38560530021502254,0.6923786281643889,0.3628579082417961,0.5271697259240634,101,39770,0.9504694835680751,0.9839549268173189,0.981952231011443,0.9396611742863773,0.9580799045915325,0.9538943598925694,0.0013852688311325535,0.002309364604049077,0.001914167257183377,0.0020726003814865923,0.5355795825999498,0.4105858687452854,0.3274075936635655,0.5417400050289163,0.4216746291174252,0.3370379683178275,/common/users/shared/pracsys/adaptive_roa_experiments/stoch_compare/fm_xhigh_tb05,0.8950191641251005,0.9845306759564492
fm,xhigh,tb05,7,0.0022398854481735157,100.0,0.026059921868158444,100.0,0.053396530047774705,0.0016798177621737127,0.0005672058751363793,0.1319404350916152,0.11126118870373335,0.11563450700111501,0.13513766032667474,0.1339813152566636,0.13398131525666354,0.9438772944430476,0.9732461654513452,0.9750817198893639,-0.03354689464420418,0.002608086040185613,4.2060543832262325e-05,0.0048770429972340955,8.569533971325427e-16,0.9473112695340165,0.9676182360460162,0.9622260339241471,0.38876932738619024,0.6923786281643889,0.3628579082417961,0.537400804626603,101,39770,0.9638756785319691,0.9881277971158627,0.983711324136856,0.9313065676491066,0.9479427549194991,0.9416592062071023,0.002479259530177244,0.002512743121433077,0.0022342191718542448,0.0026080860401856516,0.5234347498114157,0.40452602464168974,0.3226301232084486,0.5417400050289163,0.4216746291174252,0.3370379683178275,/common/users/shared/pracsys/adaptive_roa_experiments/stoch_compare/fm_xhigh_tb05,0.8951795834355019,0.9805339570283409
fm,xhigh,tb05,8,0.001668362154663098,100.0,0.021727196076030204,100.0,0.04905506663314057,0.0012143318448243998,8.680419213456456e-05,0.13216981967967184,0.11275276526898352,0.11563450700111501,0.13513766032667474,0.1339813152566636,0.13398131525666354,0.9464168971586623,0.9760875031430727,0.9780739250691476,-0.024026150364596432,0.0018982997691270257,3.3627662472723524e-05,0.004182172491828011,7.259817746962938e-16,0.950285780940161,0.9712349898672151,0.9670520668026902,0.3844366015939767,0.6923786281643889,0.3628579082417961,0.5279383957757103,101,39770,0.9553001876172608,0.9855134736971334,0.9797121420915633,0.9453237410071943,0.9573643410852714,0.9547150104446434,0.0018127701455084046,0.002013838053657141,0.0016812036634893802,0.0018982997691271407,0.5360824742268041,0.409630374654262,0.3284385214986171,0.5417400050289163,0.4216746291174252,0.3370379683178275,/common/users/shared/pracsys/adaptive_roa_experiments/stoch_compare/fm_xhigh_tb05,0.8954820527276318,0.9858316081948403
fm,xhigh,tb05,9,0.0013322085735590142,100.0,0.01953227885877222,100.0,0.04651269801357808,0.0010415058853030898,-8.039809287446135e-05,0.13231957103973804,0.11219039781775514,0.11563450700111501,0.13513766032667474,0.1339813152566636,0.13398131525666354,0.947070656273573,0.9762886597938144,0.9774201659542369,-0.02095222529544883,0.001581346124051681,3.1310093713220306e-05,0.0038595951722403825,6.110563444128303e-16,0.9510999605082816,0.9715681249434679,0.9659151294314127,0.38224168437667677,0.6923786281643889,0.3628579082417961,0.5242323359316067,101,39770,0.9520509720026044,0.9826187717265353,0.9831556173698037,0.9501508470642841,0.960763267740012,0.9492688749626977,0.001222787340338273,0.0016359692474151508,0.0013403261937962048,0.0015813461240517248,0.5406587880311793,0.4122957002765904,0.3254211717374906,0.5417400050289163,0.4216746291174252,0.3370379683178275,/common/users/shared/pracsys/adaptive_roa_experiments/stoch_compare/fm_xhigh_tb05,0.8962844385772725,0.9881972637675459
fm,xhigh,tb05,10,0.0012541532284357836,100.0,0.01918503593592048,100.0,0.04574905707819965,0.001047884872929791,-7.833688703851168e-05,0.1323817936280681,0.11262217599683028,0.11563450700111501,0.13513766032667474,0.1339813152566636,0.13398131525666354,0.9489313552929344,0.9757103344229319,0.9785516721146593,-0.018614030676389236,0.0015211847415568813,3.1178614432010843e-05,0.003803751571536334,-8.933825901280557e-17,0.9528255870671033,0.9707538601271571,0.9676514088513026,0.38189444145378376,0.6923786281643889,0.3628579082417961,0.5217528287654011,101,39770,0.9536451552910545,0.9859778597785978,0.9840339375241034,0.9520074263170109,0.9559928443649374,0.9518054312145628,0.0010073429797091084,0.0015534691140726472,0.0012584107354663776,0.0015211847415569325,0.5408096555192357,0.4088508926326377,0.32599949710837317,0.5417400050289163,0.4216746291174252,0.3370379683178275,/common/users/shared/pracsys/adaptive_roa_experiments/stoch_compare/fm_xhigh_tb05,0.8961824942526814,0.9886462919203114
fm,xhigh,tb10,0,0.00979286866394103,100.0,0.08809028446349244,100.0,0.11652175006286145,0.012106828950613909,0.010761025428848606,0.12457450436403754,0.13458035217653022,0.11563450700111501,0.13513766032667474,0.1339813152566636,0.13398131525666354,0.9206688458637163,0.9225798340457632,0.8759366356550163,-0.09390872516972593,0.020167836321474744,0.00017493904539461855,0.022669984913251194,9.020562075079397e-17,0.9247716922196523,0.901920810371739,0.7746414542797113,0.4507996899817839,0.6923786281643889,0.3628579082417961,0.5963726426954991,101,39770,0.950867902324213,0.9681323941735622,0.9988221436984688,0.9000696217219772,0.8441860465116279,0.6326469710534169,0.0074343185437477895,0.006296079832775582,0.013377080777602269,0.020167836321474855,0.5127985919034448,0.367689212974604,0.21347749559969825,0.5417400050289163,0.4216746291174252,0.3370379683178275,/common/users/shared/pracsys/adaptive_roa_experiments/stoch_compare_amarel/fm_xhigh_tb10,0.8864272775098908,0.8494727695213329
fm,xhigh,tb10,1,0.0035482037324917723,100.0,0.036446529382991644,100.0,0.06963892381191852,0.00306400184135581,0.001848159205797308,0.1303275460000654,0.12158426355585018,0.11563450700111501,0.13513766032667474,0.1339813152566636,0.13398131525666354,0.912421423183304,0.9616293688710082,0.9647724415388483,-0.04296102589891878,0.005501928462396151,6.198436150049896e-05,0.007874116167965803,6.74807432154978e-16,0.9193507305439137,0.9526057519100566,0.9451513134714011,0.3991559349011188,0.6923786281643889,0.3628579082417961,0.5463376917274327,101,39770,0.9172904537473431,0.994036816178377,0.9943982206112529,0.921420283128336,0.9144901610017889,0.9005520740077588,0.0034773307629982052,0.0032115309494237573,0.0039329613713192345,0.005501928462396028,0.5441790294191602,0.3879306009554941,0.3052300729192859,0.5417400050289163,0.4216746291174252,0.3370379683178275,/common/users/shared/pracsys/adaptive_roa_experiments/stoch_compare_amarel/fm_xhigh_tb10,0.8919259920269522,0.9589351063478047
fm,xhigh,tb10,2,0.004767880805829903,100.0,0.04228907231207733,100.0,0.07191425697762133,0.0037771273286192433,0.0025882386937160244,0.13097170744407982,0.11888886349032188,0.11563450700111501,0.13513766032667474,0.1339813152566636,0.13398131525666354,0.9326376665828514,0.9669600201156651,0.9680915262760875,-0.05132788534070908,0.005597846506300115,5.32963817698303e-05,0.007943080211214483,3.3480163086352377e-16,0.9368205079829257,0.9596214123286829,0.9506935540272758,0.4049984778302136,0.6923786281643889,0.3628579082417961,0.5565813427206436,101,39770,0.9522485377313261,0.9899822470200355,0.991972756020433,0.9218844279415177,0.9310673822301729,0.9127126230975828,0.005218806876915758,0.004258197260510338,0.005019311482945925,0.005597846506299933,0.5244656776464672,0.39658033693739,0.3101081216997737,0.5417400050289163,0.4216746291174252,0.3370379683178275,/common/users/shared/pracsys/adaptive_roa_experiments/stoch_compare_amarel/fm_xhigh_tb10,0.8923321303351872,0.9582192002252217
fm,xhigh,tb10,3,0.003961791019329382,100.0,0.03676773856734788,100.0,0.06015137037968318,0.0023577379056581795,0.0012592508220994336,0.1315841535755572,0.10984870835587457,0.11563450700111501,0.13513766032667474,0.1339813152566636,0.13398131525666354,0.9361579079708323,0.9740005028916269,0.978124214231833,-0.03495197384963541,0.0036564125032065697,4.3439125630823035e-05,0.005911244656776464,7.37257477290143e-16,0.9404814927682318,0.9685886141320857,0.9670179695200546,0.399477144085382,0.6923786281643889,0.3628579082417961,0.5382046768921297,101,39770,0.9500805152979066,0.9872430022293782,0.9830430090951133,0.9310744952425156,0.9506261180679786,0.9515070128319905,0.004386131874439628,0.003968128658980983,0.003437095940546848,0.0036564125032064847,0.5309026904702037,0.40603469952225296,0.3262257983404576,0.5417400050289163,0.4216746291174252,0.3370379683178275,/common/users/shared/pracsys/adaptive_roa_experiments/stoch_compare_amarel/fm_xhigh_tb10,0.8929042877998224,0.9727095341898824
fm,xhigh,tb10,4,0.00506846487865116,100.0,0.047552531529321526,100.0,0.05875660045260246,0.002640861952017472,0.0015560329732684528,0.13223788612078485,0.1084828978749019,0.11563450700111501,0.13513766032667474,0.1339813152566636,0.13398131525666354,0.9521247171234599,0.9778224792557204,0.976514961025899,-0.038255720392255464,0.0032994621091478014,3.909166695416118e-05,0.005540636157907971,6.29704621779581e-16,0.9552400206873854,0.9734273318872018,0.9644920924574208,0.41026193704736424,0.6923786281643889,0.3628579082417961,0.543431481015841,101,39770,0.9677987900728814,0.9837413226160029,0.9833333333333333,0.9430030169412856,0.9633273703041145,0.9463592957326171,0.006404814806348152,0.00448399844560739,0.0036007363679537666,0.0032994621091476293,0.5278601961277345,0.4129243148101584,0.3243650993210963,0.5417400050289163,0.4216746291174252,0.3370379683178275,/common/users/shared/pracsys/adaptive_roa_experiments/stoch_compare_amarel/fm_xhigh_tb10,0.8951840190621593,0.975373714589776
fm,xhigh,tb10,5,0.0020981251876940506,100.0,0.02478971375916064,100.0,0.050292682926829264,0.0016003927749918447,0.0005055304225257708,0.13245200331539617,0.1094862352466074,0.11563450700111501,0.13513766032667474,0.1339813152566636,0.13398131525666354,0.9512446567764646,0.9758360573296455,0.9777219009303495,-0.029115916519989942,0.0020348423637938347,3.2346330471311e-05,0.004286049786271059,6.349087922075114e-16,0.9548534308132901,0.9709483358021705,0.9662681793954161,0.3874991192771072,0.6923786281643889,0.3628579082417961,0.534271310032688,101,39770,0.9579985049523454,0.9846710405297688,0.9866272741408801,0.9517289394291019,0.957602862254025,0.9467323187108326,0.0022756961112253213,0.002534600010667313,0.0018795029119456656,0.002034842363793869,0.5381946190595926,0.410082977118431,0.3234096052300729,0.5417400050289163,0.4216746291174252,0.3370379683178275,/common/users/shared/pracsys/adaptive_roa_experiments/stoch_compare_amarel/fm_xhigh_tb10,0.8967350777185411,0.984812491503791
fm,xhigh,tb10,6,0.002124327206811831,100.0,0.024718687318532932,100.0,0.04933593160673875,0.001563711523780646,0.0004911287688996763,0.1325346104725331,0.10725827548809698,0.11563450700111501,0.13513766032667474,0.1339813152566636,0.13398131525666354,0.9525773195876288,0.97550917777219,0.978400804626603,-0.0299288408348001,0.0019378335530309385,3.208939357301648e-05,0.004166761377923058,7.624109676918067e-16,0.9559489886485728,0.9705312840372746,0.9674608886700253,0.3874280928364813,0.6923786281643889,0.3628579082417961,0.5347684184058334,101,39770,0.962151488081245,0.985075543545019,0.9826856483262794,0.9498259456950569,0.9564102564102565,0.9527006863622799,0.0021718505141939052,0.0025968638865394495,0.001915629770168323,0.0019378335530309716,0.5348001005783254,0.4094040734221775,0.32675383454865475,0.5417400050289163,0.4216746291174252,0.3370379683178275,/common/users/shared/pracsys/adaptive_roa_experiments/stoch_compare_amarel/fm_xhigh_tb10,0.896557455692403,0.9855365388127539
fm,xhigh,tb10,7,0.0018751765112410348,100.0,0.023186825383939146,100.0,0.04958461151621826,0.0014875764664998143,0.00035658566840064297,0.13251916186232277,0.11309907980991714,0.11563450700111501,0.13513766032667474,0.1339813152566636,0.13398131525666354,0.954362584862962,0.9775961780236359,0.9771687201408097,-0.03107819964797586,0.00181873906274208,3.1365589747322194e-05,0.004106074930852401,6.288372600415926e-16,0.9574632637277649,0.973119739342927,0.9654647801612658,0.3858962309019552,0.6923786281643889,0.3628579082417961,0.5359999999999999,101,39770,0.9670043552357508,0.9847957501373878,0.9847920546244568,0.9481086098862845,0.9617173524150269,0.9468815279021188,0.0020641052211834154,0.0021161473421669927,0.0018354337948253195,0.0018187390627421565,0.5311541362836308,0.411792808649736,0.3240633643449837,0.5417400050289163,0.4216746291174252,0.3370379683178275,/common/users/shared/pracsys/adaptive_roa_experiments/stoch_compare_amarel/fm_xhigh_tb10,0.8965051299179025,0.9864254276108726
fm,xhigh,tb10,8,0.00140779549719488,100.0,0.019636352210901823,100.0,0.04554588886095047,0.0011772514430466465,9.004005331325528e-05,0.13260192207900026,0.10872113897333914,0.11563450700111501,0.13513766032667474,0.1339813152566636,0.13398131525666354,0.9561729947196379,0.976690973095298,0.9779733467437767,-0.025983907467940662,0.0014694332309771083,3.103451247554607e-05,0.00371298969072165,5.30825383648903e-16,0.9589505664021102,0.9720252285964329,0.9667122663018696,0.3823457577288063,0.6923786281643889,0.3628579082417961,0.530704551169223,101,39770,0.9733696691528017,0.9839921793853486,0.9851301115241635,0.9449524251566489,0.9603458556946929,0.9489704565801254,0.0011602786730772897,0.0018194262463713097,0.0013985806645789747,0.001469433230977171,0.5259240633643449,0.41154136283630877,0.32466683429720894,0.5417400050289163,0.4216746291174252,0.3370379683178275,/common/users/shared/pracsys/adaptive_roa_experiments/stoch_compare_amarel/fm_xhigh_tb10,0.8965054319181278,0.9890325510824985
fm,xhigh,tb10,9,0.0014641207006415096,100.0,0.021166050103922456,100.0,0.04723384460648731,0.001171520192467369,4.71082581887008e-05,0.13229375431848897,0.1124411934278668,0.11563450700111501,0.13513766032667474,0.1339813152566636,0.13398131525666354,0.9581594166457128,0.9775458888609505,0.9753834548654765,-0.025180538094040736,0.001734669196363941,3.660404729692934e-05,0.004015426200653759,6.375108774214766e-16,0.9609792702373136,0.9731145566762005,0.9627968839065172,0.38387545562186054,0.6923786281643889,0.3628579082417961,0.52932134774956,101,39770,0.9711360727996587,0.9827303131650957,0.9811788397490512,0.9510327222093293,0.963685152057245,0.9450910176066846,0.0013801779423605154,0.001731658145447544,0.0015492962057081494,0.001734669196364044,0.5305255217500628,0.413502640181041,0.3246416897158662,0.5417400050289163,0.4216746291174252,0.3370379683178275,/common/users/shared/pracsys/adaptive_roa_experiments/stoch_compare_amarel/fm_xhigh_tb10,0.8958629474597833,0.9870529021674336
fm,xhigh,tb10,10,0.0014008046926138598,100.0,0.01955483258584745,100.0,0.04493688710082977,0.0011247015548730298,3.261272592475911e-05,0.13274073251267748,0.10920888289482708,0.11563450700111501,0.13513766032667474,0.1339813152566636,0.13398131525666354,0.9590394769927081,0.978752828765401,0.978400804626603,-0.024635152124717126,0.0012731954699115875,2.7498774326414406e-05,0.0035216293688710085,7.147060721024445e-16,0.9617919549665768,0.9745979257477829,0.967453491456068,0.3822642381037629,0.6923786281643889,0.3628579082417961,0.5287236610510434,101,39770,0.9721669037458511,0.9827220369809033,0.9829086149819077,0.9516361104664656,0.9666070363744782,0.9524768725753506,0.0014032868285571445,0.0018205017232928893,0.0012758027217105027,0.0012731954699116373,0.5302992205179784,0.41475986924817704,0.32660296706059844,0.5417400050289163,0.4216746291174252,0.3370379683178275,/common/users/shared/pracsys/adaptive_roa_experiments/stoch_compare_amarel/fm_xhigh_tb10,0.8969272505170186,0.9904972162165108
fm,xhigh,tb10,11,0.0013895951680558173,100.0,0.019752729767912428,100.0,0.044352024138798095,0.0010796140291403327,-3.731546302300796e-06,0.13275558966886525,0.10833455754426335,0.11563450700111501,0.13513766032667474,0.1339813152566636,0.13398131525666354,0.9594417902941916,0.9780990696504903,0.9780739250691476,-0.021913502640181045,0.001221994041496179,2.7031853897505563e-05,0.0034616846869499622,1.3921155894713877e-16,0.9622557622557623,0.9738131745888579,0.9670968228812921,0.38246213528579803,0.6923786281643889,0.3628579082417961,0.5251101332662811,101,39770,0.9703161868806041,0.982050815596386,0.9783936478851734,0.9543281503829195,0.9657125819916518,0.956057893166219,0.0012126754088534512,0.0018566006049939405,0.001271822829755973,0.0012219940414962024,0.5328136786522505,0.4146592909228061,0.329343726426955,0.5417400050289163,0.4216746291174252,0.3370379683178275,/common/users/shared/pracsys/adaptive_roa_experiments/stoch_compare_amarel/fm_xhigh_tb10,0.8968262498069687,0.990879369715432
fm,xhigh,tb10,12,0.0017084393152647056,100.0,0.0232119295482593,100.0,0.04864998742770934,0.0013315196706121693,0.00017729032663175667,0.13228548122937206,0.11542293439804127,0.11563450700111501,0.13513766032667474,0.1339813152566636,0.13398131525666354,0.9585868745285391,0.9776213226049786,0.9761629368871009,-0.025163439778727686,0.0018731243539239514,4.819549664343062e-05,0.004183698767915514,6.574601973952099e-16,0.961611076148521,0.9732604254296359,0.9638967171909513,0.38592133506625637,0.6923786281643889,0.3628579082417961,0.5289132511943675,101,39770,0.9658207697349939,0.9808041661620444,0.984518437840361,0.9574379206312369,0.9658318425760286,0.9441211578633244,0.002059901250371459,0.0018868802686153184,0.001772860297722073,0.001873124353924067,0.5370379683178275,0.4152376162936887,0.3232084485793312,0.5417400050289163,0.4216746291174252,0.3370379683178275,/common/users/shared/pracsys/adaptive_roa_experiments/stoch_compare_amarel/fm_xhigh_tb10,0.8961722991933154,0.9860195106285107
fm,xhigh,tb10,13,0.002166566257383455,100.0,0.02568673727234257,100.0,0.05202816193110386,0.0017646684009718213,0.0006615542572718091,0.1323743126351153,0.11031141437000126,0.11563450700111501,0.13513766032667474,0.1339813152566636,0.13398131525666354,0.9543374402816193,0.972818707568519,0.9753583102841338,-0.03495800854915766,0.0022685568788208964,3.413556454481339e-05,0.004528016092532059,8.031769693772617e-16,0.9572383912593011,0.9670898407769354,0.9626211000076282,0.3883961427903504,0.6923786281643889,0.3628579082417961,0.5390093034950968,101,39770,0.9714668068632605,0.9879330720905641,0.9847822693928515,0.9434207472731492,0.947107930828861,0.941435392420173,0.0024877528109863117,0.0024428716635807118,0.0020562317289058102,0.0022685568788209614,0.526100075433744,0.4042494342469198,0.3222026653256223,0.5417400050289163,0.4216746291174252,0.3370379683178275,/common/users/shared/pracsys/adaptive_roa_experiments/stoch_compare_amarel/fm_xhigh_tb10,0.8963777480461087,0.9830681100982246
fm,xhigh,tb10,14,0.0014892439090097294,100.0,0.020205903396711786,100.0,0.04611239627860197,0.001168341733535662,4.628836098694109e-05,0.132687347295313,0.1122053372548721,0.11563450700111501,0.13513766032667474,0.1339813152566636,0.13398131525666354,0.9541362836308775,0.9776213226049786,0.9785265275333166,-0.02470379683178275,0.0013402563223382938,2.8382431079859194e-05,0.0036186547648981646,7.7021722333370235e-16,0.9575912578470123,0.9731717610176644,0.9676220806794056,0.38291530891467795,0.6923786281643889,0.3628579082417961,0.5284088508926326,101,39770,0.959375727929187,0.9840282857839552,0.9837341967314215,0.955813413785101,0.9625521765056648,0.9520292450014921,0.0018688788818534995,0.0018362132768470032,0.00130080513457436,0.0013402563223383315,0.5397284385214987,0.41247171234598945,0.3261755091777722,0.5417400050289163,0.4216746291174252,0.3370379683178275,/common/users/shared/pracsys/adaptive_roa_experiments/stoch_compare_amarel/fm_xhigh_tb10,0.8971023485629527,0.989996692301678
fm,xhigh,tb10,15,0.0013897191822468747,100.0,0.019415850874517304,100.0,0.04439124968569273,0.0011153127421795726,2.325977600792402e-05,0.13279639273191748,0.10920529661716487,0.11563450700111501,0.13513766032667474,0.1339813152566636,0.13398131525666354,0.9556952476741263,0.9774704551169223,0.979934624088509,-0.02264520995725421,0.0012081823007545915,2.6823546938587374e-05,0.0034565803369373898,5.633514488234681e-16,0.9590175373307904,0.97298438159561,0.9698890649762282,0.38212525639241984,0.6923786281643889,0.3628579082417961,0.5266778979129998,101,39770,0.9611636906149471,0.984081483288607,0.9812185066422354,0.9568809468554189,0.9621347644603458,0.9588182632050134,0.0013885289911943338,0.0018145071535064922,0.001214649512474571,0.00120818230075464,0.5393261252200151,0.4122705556952477,0.329343726426955,0.5417400050289163,0.4216746291174252,0.3370379683178275,/common/users/shared/pracsys/adaptive_roa_experiments/stoch_compare_amarel/fm_xhigh_tb10,0.8973108011185957,0.9909824567818273
fm,xhigh,tb10,16,0.001488899580692617,100.0,0.020405882909707483,100.0,0.04537767161176768,0.0011828413280897112,9.427708368438064e-05,0.1327205393716372,0.10885642444053309,0.11563450700111501,0.13513766032667474,0.1339813152566636,0.13398131525666354,0.9549409102338446,0.9778476238370631,0.9785013829519739,-0.024549409102338448,0.0013550529687115051,3.0286192496323827e-05,0.003599962283127986,7.298849025172416e-16,0.9581582142523583,0.9734678512272249,0.9676344777983874,0.3831152884276257,0.6923786281643889,0.3628579082417961,0.5290296706059844,101,39770,0.9640558191984213,0.9833891086096744,0.9821716744793668,0.9523323276862381,0.9637447823494335,0.9535213369143539,0.0014202540872644092,0.0019035191746481878,0.0013455325825517085,0.0013550529687115075,0.5351521247171235,0.41325119436761376,0.32720643701282376,0.5417400050289163,0.4216746291174252,0.3370379683178275,/common/users/shared/pracsys/adaptive_roa_experiments/stoch_compare_amarel/fm_xhigh_tb10,0.8972975661989298,0.9898862541682347
clf,xhigh,dir00,0,0.026931886917182058,1.0,0.1544264149943041,100.0,0.19573717123742132,0.053704044478058856,0.053704044478058856,0.12513569876064945,0.1521022569639593,0.11563450700111501,0.13513766032667474,0.1339813152566636,0.13398131525666354,0.5962283127985919,0.7474981141563993,0.8975861201910988,0.19162593652106782,0.06232410361471774,0.00038472665624137076,0.0634804486847289,-0.00022555735935524124,0.7284931692141215,0.7695731987150068,0.8671862262366713,0.5171358205121755,0.6923786281643889,0.3628579082417961,0.0,20,39770,0.5729673661533552,0.6254755688176054,0.7702600938423217,0.9999071710373637,0.9999403697078115,0.9920173082661892,0.00038786259504012725,0.02827384911653986,0.05025388539045559,0.06232410361471772,0.9454111139049535,0.6741262257983405,0.43407090771938645,0.5417400050289163,0.4216746291174252,0.3370379683178275,/common/users/shared/pracsys/adaptive_roa_experiments/stoch_compare_amarel/clf_xhigh_dir00,0.8887089135164743,0.5348298865754114
clf,xhigh,dir00,1,0.033217905923819915,1.0,0.20288921866003728,100.0,0.2171221257933186,0.07019499276823794,0.07019499276823794,0.1307162938581689,0.13362885191567012,0.11563450700111501,0.13513766032667474,0.1339813152566636,0.13398131525666354,0.6114156399295951,0.7527784762383707,0.8434749811415639,0.21677274458660742,0.07329202660179698,0.00039863289436619563,0.07444837167180815,-0.0001679875649356205,0.736018584947559,0.7733099695656184,0.811552084279357,0.5655986241776914,0.6923786281643889,0.3628579082417961,0.0,20,39770,0.5823174852015028,0.6304037290429291,0.6828671863059759,0.9999535855186819,1.0,1.0,0.00046475602227705377,0.035739377209463304,0.0630839634132086,0.0732920266017973,0.9302740759366357,0.6688961528790546,0.4935629871762635,0.5417400050289163,0.4216746291174252,0.3370379683178275,/common/users/shared/pracsys/adaptive_roa_experiments/stoch_compare_amarel/clf_xhigh_dir00,0.8950685774199114,0.45296830038282654
clf,xhigh,dir00,2,0.03540292799056417,1.0,0.2076124720452264,100.0,0.22711262250406702,0.07660225271427304,0.07660225271427304,0.12930497054768622,0.1382596390678134,0.11563450700111501,0.13513766032667474,0.1339813152566636,0.13398131525666354,0.5940658788031179,0.6741010812169977,0.8533316570279105,0.2258152314201653,0.08110693207982693,0.00044814035510170626,0.08226327714983808,-0.00017166534342347162,0.7274538271938414,0.7212748112943808,0.8212983670843418,0.5703218775630042,0.6923786281643889,0.3628579082417961,0.0,20,39770,0.5716522062140147,0.5640577175338872,0.6967822425534127,1.0,1.0,1.0,0.0003572615212306939,0.03813323663934623,0.0682096661742025,0.0811069320798275,0.9476741262257984,0.7475735479004274,0.48370631128991703,0.5417400050289163,0.4216746291174252,0.3370379683178275,/common/users/shared/pracsys/adaptive_roa_experiments/stoch_compare_amarel/clf_xhigh_dir00,0.8934429158691902,0.3946399770411786
clf,xhigh,dir00,3,0.02837860575766148,1.0,0.178255374589959,100.0,0.20605202838660844,0.06385766590423032,0.06385766590423032,0.13091106392206414,0.13664405623723583,0.11563450700111501,0.13513766032667474,0.1339813152566636,0.13398131525666354,0.6179280864973599,0.7348001005783253,0.8583605732964547,0.2055144092072816,0.0667313224504793,0.000373767209597811,0.06788766752049047,-0.00019659478835044875,0.7392445901189229,0.7607684805044571,0.8263617027835147,0.5409647801076275,0.6923786281643889,0.3628579082417961,0.0,20,39770,0.5864463079939011,0.6139034300984735,0.7041025371644692,0.999721513112091,1.0,1.0,0.000300329934338889,0.03141036821081766,0.052897662185245206,0.06673132245047896,0.9235101835554438,0.6868745285390998,0.4786773950213729,0.5417400050289163,0.4216746291174252,0.3370379683178275,/common/users/shared/pracsys/adaptive_roa_experiments/stoch_compare_amarel/clf_xhigh_dir00,0.8943833476330503,0.5019356070460697
clf,xhigh,dir00,4,0.03290044090162665,1.0,0.2021146933601732,100.0,0.22170506828624698,0.07298042055285428,0.07298042055285428,0.13134164993914227,0.13605508936917535,0.11563450700111501,0.13513766032667474,0.1339813152566636,0.13398131525666354,0.5972843852149862,0.7088508926326377,0.8485290419914508,0.2213079364320307,0.07543604502540044,0.0003963049842955838,0.07659239009541159,-0.00018404084497515572,0.7290200324851109,0.7433675391741839,0.8165204678362573,0.5648240988778283,0.6923786281643889,0.3628579082417961,0.0,20,39770,0.5736041960648579,0.591555257681047,0.6899320568252008,0.9999535855186819,1.0,1.0,0.0003540823009789659,0.03437977389632483,0.06294920708005448,0.07543604502540026,0.9444053306512447,0.7128237364847875,0.48850892632637666,0.5417400050289163,0.4216746291174252,0.3370379683178275,/common/users/shared/pracsys/adaptive_roa_experiments/stoch_compare_amarel/clf_xhigh_dir00,0.8952807922123814,0.43696593154881247
clf,xhigh,dir00,5,0.029460051801703073,1.0,0.1806490267430398,100.0,0.21298689314816688,0.06672417233146934,0.06672417233146934,0.13210982523564038,0.13887781740791913,0.11563450700111501,0.13513766032667474,0.1339813152566636,0.13398131525666354,0.5965551923560473,0.7499371385466432,0.8565501634397787,0.21263743475879113,0.06841933724986352,0.0003450428061139269,0.06957568231987465,-0.00017632510262903522,0.7286625065530246,0.7713004484304933,0.8245317257712299,0.5433584322606887,0.6923786281643889,0.3628579082417961,0.0,20,39770,0.5731616473342556,0.6277372262773723,0.7014495787325344,0.9999535855186819,1.0,1.0,0.0002553899064917288,0.028618932904682957,0.057249408513520623,0.06841933724986321,0.9451345235101836,0.671737490570782,0.48048780487804876,0.5417400050289163,0.4216746291174252,0.3370379683178275,/common/users/shared/pracsys/adaptive_roa_experiments/stoch_compare_amarel/clf_xhigh_dir00,0.8974694325030945,0.48933672490977664
clf,xhigh,dir00,6,0.0328098279193747,1.0,0.20024069656748403,100.0,0.22209386368059528,0.07300085172941496,0.07300085172941496,0.1315880570007249,0.136404485013077,0.11563450700111501,0.13513766032667474,0.1339813152566636,0.13398131525666354,0.5945687704299724,0.7000754337440281,0.845813427206437,0.22178905095712667,0.07523136037916676,0.0003897048176269493,0.0763877054491779,-0.00016274960618689605,0.7276903330405998,0.7376616521509634,0.8138433515482696,0.5629501020851272,0.6923786281643889,0.3628579082417961,0.0,20,39770,0.5719595401810603,0.5843612795316747,0.6861179361179361,0.9999535855186819,1.0,1.0,0.0002474459936178384,0.03621011336220252,0.062182542358333086,0.07523136037916703,0.9471209454362585,0.721599195373397,0.4912245411113905,0.5417400050289163,0.4216746291174252,0.3370379683178275,/common/users/shared/pracsys/adaptive_roa_experiments/stoch_compare_amarel/clf_xhigh_dir00,0.8965272995785591,0.43849364193023066
clf,xhigh,dir00,7,0.02713578188358699,1.0,0.1750307207289858,100.0,0.21097448053595588,0.06742605180848772,0.06742605180848772,0.13154859445540693,0.14071073949757218,0.11563450700111501,0.13513766032667474,0.1339813152566636,0.13398131525666354,0.6165199899421675,0.6929092280613528,0.8647975861201911,0.21039079081985199,0.06966524054972956,0.0003735585020984445,0.07082158561974071,-0.0001935320600148227,0.7385707184119854,0.7330666841518589,0.8329345968618922,0.5377401262466588,0.6923786281643889,0.3628579082417961,0.0,20,39770,0.5855348988910632,0.5786150502018425,0.7137000159735903,0.9999071710373637,1.0,1.0,0.00014691453173804785,0.024241414004340656,0.05356709971877976,0.06966524054973017,0.925119436761378,0.7287654010560725,0.4722403821976364,0.5417400050289163,0.4216746291174252,0.3370379683178275,/common/users/shared/pracsys/adaptive_roa_experiments/stoch_compare_amarel/clf_xhigh_dir00,0.8960515721166179,0.4800376424408569
clf,xhigh,dir00,8,0.03343967083027968,1.0,0.19979382098479828,100.0,0.22627695332628292,0.07685925816534755,0.07685925816534755,0.13216114951638347,0.1378434407642171,0.11563450700111501,0.13513766032667474,0.1339813152566636,0.13398131525666354,0.599371385466432,0.7156399295951722,0.8394015589640432,0.22580857778754043,0.07852931600697932,0.0004012472913224304,0.07968566107699045,-0.00015010789864837448,0.7300452381355788,0.74784276126558,0.8075915047446905,0.5625032265024649,0.6923786281643889,0.3628579082417961,0.0,20,39770,0.5748745864019639,0.5972434915773354,0.6772775504016978,0.9999535855186819,1.0,1.0,8.839373040373813e-05,0.031586858707311996,0.06747076525362536,0.07852931600697867,0.9423183303997988,0.706034699522253,0.4976364093537843,0.5417400050289163,0.4216746291174252,0.3370379683178275,/common/users/shared/pracsys/adaptive_roa_experiments/stoch_compare_amarel/clf_xhigh_dir00,0.8971254397637405,0.41387860048587133
clf,xhigh,dir00,9,0.031077628443660927,1.0,0.18873643153835523,100.0,0.22083466467509352,0.07227542096158587,0.07227542096158587,0.1320802906005576,0.13999148101806522,0.11563450700111501,0.13513766032667474,0.1339813152566636,0.13398131525666354,0.5932109630374655,0.7133014835302992,0.8499874277093287,0.22030948331167508,0.07404674285854176,0.0003738444212405729,0.07520308792855292,-0.00012970275915009932,0.7270273006445517,0.7462952249566107,0.8179654604259474,0.5514458370560305,0.6923786281643889,0.3628579082417961,0.0,20,39770,0.5711407438827178,0.5952719011784751,0.6919979349509551,0.9999535855186819,1.0,1.0,0.00013807046095100223,0.03059555909445318,0.061341646789076124,0.074046742858542,0.9484787528287654,0.7083731455871259,0.4870505406084989,0.5417400050289163,0.4216746291174252,0.3370379683178275,/common/users/shared/pracsys/adaptive_roa_experiments/stoch_compare_amarel/clf_xhigh_dir00,0.8973142952963548,0.447335304055697
clf,xhigh,dir00,10,0.029691418186464553,1.0,0.17933587579141105,100.0,0.2144072350283229,0.06850601354729256,0.06850601354729256,0.13239364750699995,0.13961413817467866,0.11563450700111501,0.13513766032667474,0.1339813152566636,0.13398131525666354,0.5944430475232587,0.7515966809152628,0.8477495599698265,0.2140325870394467,0.06992601684531385,0.0003577045506375305,0.07108236191532499,-0.00016766445164236032,0.7276288903524326,0.7724728805361709,0.8157502358275264,0.5420452813090626,0.6923786281643889,0.3628579082417961,0.0,20,39770,0.5718836270970482,0.6292919058876506,0.6888329307775323,0.9999535855186819,1.0,1.0,0.0001467859430470068,0.02970588339742397,0.05879324098128809,0.06992601684531367,0.9472466683429721,0.6700779482021625,0.489288408348001,0.5417400050289163,0.4216746291174252,0.3370379683178275,/common/users/shared/pracsys/adaptive_roa_experiments/stoch_compare_amarel/clf_xhigh_dir00,0.8978585911826557,0.4780912792850338
clf,xhigh,dir00,11,0.0271036170981502,1.0,0.16834600203592023,100.0,0.2096068979910729,0.0648804752470964,0.0648804752470964,0.13206481824670002,0.14304886830614877,0.11563450700111501,0.13513766032667474,0.1339813152566636,0.13398131525666354,0.5931858184561227,0.7573799346240885,0.8650490319336183,0.20919507352168878,0.06660067906258714,0.0003370947193766739,0.06775702413259829,-0.0001962931944728269,0.7270150336612279,0.7765866308550788,0.8331934731934731,0.5310554075535725,0.6923786281643889,0.3628579082417961,0.0,20,39770,0.5711256030963363,0.6347704303720807,0.7140802301422406,0.9999535855186819,1.0,1.0,0.00010106495846782298,0.02543859704819771,0.053717428103502156,0.06660067906258714,0.9485038974101081,0.6642946944933367,0.4719889363842092,0.5417400050289163,0.4216746291174252,0.3370379683178275,/common/users/shared/pracsys/adaptive_roa_experiments/stoch_compare_amarel/clf_xhigh_dir00,0.897596038199122,0.502910693666483
clf,xhigh,dir00,12,0.029343314605033262,1.0,0.18217906675730486,100.0,0.21570131827604241,0.06835390770927716,0.06835390770927716,0.13235407972084237,0.13996258347012494,0.11563450700111501,0.13513766032667474,0.1339813152566636,0.13398131525666354,0.5944430475232587,0.7445059089766155,0.8579582599949711,0.21538073699950033,0.06979267501710312,0.0003406894535185327,0.07094902008711426,-0.00018846822799525875,0.7276288903524326,0.767488158165717,0.8259543395877623,0.5448884722749465,0.6923786281643889,0.3628579082417961,0.0,20,39770,0.5718836270970482,0.6227024618469422,0.7035112580695954,0.9999535855186819,1.0,1.0,0.0002101860448590639,0.028124397848152922,0.057657362305370906,0.06979267501710404,0.9472466683429721,0.6771687201408096,0.4790797083228564,0.5417400050289163,0.4216746291174252,0.3370379683178275,/common/users/shared/pracsys/adaptive_roa_experiments/stoch_compare_amarel/clf_xhigh_dir00,0.8975890393066513,0.4790865063281128
clf,xhigh,dir00,13,0.03198478223772397,1.0,0.192384256304817,100.0,0.22352317037912417,0.07322379976627573,0.07322379976627573,0.1322179251767424,0.14029817535149636,0.11563450700111501,0.13513766032667474,0.1339813152566636,0.13398131525666354,0.5867488056323862,0.7125220015086748,0.8508926326376666,0.2231184095097961,0.07481953070442272,0.0003667498591223349,0.07597587577443389,-0.0001676591417741624,0.723897522049559,0.7457808018144221,0.8188649276070621,0.5550936618224732,0.6923786281643889,0.3628579082417961,0.0,20,39770,0.5672722485518694,0.5946175938729923,0.6932864383986759,1.0,1.0,1.0,0.00013534802162315382,0.031897388207847065,0.06254231192799738,0.07481953070442256,0.9549911993965301,0.7091526276087503,0.48614533568016094,0.5417400050289163,0.4216746291174252,0.3370379683178275,/common/users/shared/pracsys/adaptive_roa_experiments/stoch_compare_amarel/clf_xhigh_dir00,0.8975274910259693,0.44156742631542734
clf,xhigh,dir00,14,0.030562420947071643,1.0,0.18042915613336774,100.0,0.21467250963166518,0.06795167110270708,0.06795167110270708,0.13228307227477856,0.13933808779778642,0.11563450700111501,0.13513766032667474,0.1339813152566636,0.13398131525666354,0.588207191350264,0.7658285139552427,0.8463414634146341,0.21430133652862426,0.06947968972653122,0.0003528819517870488,0.07063603479654237,-0.0001702243580608831,0.7245942991675776,0.7826756586470026,0.8143625262006744,0.5431385616510194,0.6923786281643889,0.3628579082417961,0.0,20,39770,0.5681434599156118,0.6429475137062455,0.6868562644119908,0.9999535855186819,1.0,1.0,0.00015032010979474408,0.031397831537181044,0.0593669801578375,0.06947968972653082,0.9534825245159668,0.6558461151621825,0.4906965049031934,0.5417400050289163,0.4216746291174252,0.3370379683178275,/common/users/shared/pracsys/adaptive_roa_experiments/stoch_compare_amarel/clf_xhigh_dir00,0.8980820919637388,0.4814225431849859
clf,xhigh,dir00,15,0.0301563992553036,1.0,0.1817470054678357,100.0,0.2146345230067139,0.0675659432405473,0.0675659432405473,0.1322361305870128,0.1391793863302181,0.11563450700111501,0.13513766032667474,0.1339813152566636,0.13398131525666354,0.5924566255971838,0.7695499119939653,0.85157153633392,0.21439924438606114,0.06914380191766197,0.0003462462449616165,0.07030014698767312,-0.0001673259925361048,0.7266594711279007,0.7853881278538813,0.8195408272446578,0.5444564109854678,0.6923786281643889,0.3628579082417961,0.0,20,39770,0.5706868692220074,0.6466165413533834,0.694255969337546,0.9999535855186819,1.0,1.0,0.0001636055321649083,0.03062039219505329,0.0586066796016743,0.06914380191766323,0.949233090269047,0.6521247171234599,0.4854664319839075,0.5417400050289163,0.4216746291174252,0.3370379683178275,/common/users/shared/pracsys/adaptive_roa_experiments/stoch_compare_amarel/clf_xhigh_dir00,0.8979377177353286,0.48392951819285035
clf,xhigh,dir00,16,0.031065340699956222,1.0,0.18547147329116237,100.0,0.218481194901922,0.06970389383209896,0.06970389383209896,0.13248933843913532,0.13967101202449786,0.11563450700111501,0.13513766032667474,0.1339813152566636,0.13398131525666354,0.590998239879306,0.7620065375911491,0.8513703796831783,0.2180451944349158,0.07103624939683195,0.0003436471806002099,0.07219259446684309,-0.00015962125279528339,0.7259586225486893,0.7799093128705965,0.8193404443901098,0.5481808788088217,0.6923786281643889,0.3628579082417961,0.0,20,39770,0.5698077279098674,0.6392224128073185,0.6939684183277246,1.0,1.0,1.0,0.00012124467546065279,0.03074387552144471,0.06066921992764728,0.07103624939683158,0.9507417651496103,0.659668091526276,0.4856675886346492,0.5417400050289163,0.4216746291174252,0.3370379683178275,/common/users/shared/pracsys/adaptive_roa_experiments/stoch_compare_amarel/clf_xhigh_dir00,0.8983459974766508,0.46980480628399435
clf,xhigh,dir00,17,0.029065399066748824,1.0,0.1764175414907509,100.0,0.21462042380098667,0.06707742741109303,0.06707742741109303,0.132294969251423,0.14197149630475125,0.11563450700111501,0.13513766032667474,0.1339813152566636,0.13398131525666354,0.5922051797837566,0.7530299220517979,0.8602464168971586,0.21414228392189882,0.06857578258014926,0.00033071967551128633,0.06973212765016042,-0.00018799083618434298,0.7265461657786471,0.773488307734883,0.8282765865414324,0.5391269470084157,0.6923786281643889,0.3628579082417961,0.0,20,39770,0.5705320022243996,0.6306407942238267,0.7068874591287839,1.0,1.0,1.0,0.00010436851846942594,0.028897107231514542,0.056691266718645064,0.06857578258014999,0.9495348252451596,0.6686447070656274,0.47679155142066887,0.5417400050289163,0.4216746291174252,0.3370379683178275,/common/users/shared/pracsys/adaptive_roa_experiments/stoch_compare_amarel/clf_xhigh_dir00,0.8979795651178808,0.4881690596275986
clf,xhigh,dir00,18,0.027589984229912337,1.0,0.16782280128877855,100.0,0.20954931818359845,0.06440081333999373,0.06440081333999373,0.13249302926926831,0.1426298927028632,0.11563450700111501,0.13513766032667474,0.1339813152566636,0.13398131525666354,0.58974101081217,0.7727181292431481,0.8651747548403319,0.20923924061105215,0.06569564391637468,0.0003245554510047186,0.06685198898638582,-0.00019345541101432884,0.7253476079857253,0.7877122525188472,0.8333229717127759,0.530532206806422,0.6923786281643889,0.3628579082417961,0.0,20,39770,0.5690552283352263,0.6497733348831802,0.7142704891825642,1.0,1.0,1.0,0.0001371530706217859,0.026038941511017513,0.054888097469202556,0.06569564391637514,0.9519989942167463,0.6489564998742771,0.4718632134774956,0.5417400050289163,0.4216746291174252,0.3370379683178275,/common/users/shared/pracsys/adaptive_roa_experiments/stoch_compare_amarel/clf_xhigh_dir00,0.8980191412931186,0.5096656291922219
clf,xhigh,ent05,0,0.026931886917182058,1.0,0.1544264149943041,100.0,0.19573717123742132,0.053704044478058856,0.053704044478058856,0.12513569876064945,0.1521022569639593,0.11563450700111501,0.13513766032667474,0.1339813152566636,0.13398131525666354,0.5962283127985919,0.7474981141563993,0.8975861201910988,0.19162593652106782,0.06232410361471774,0.00038472665624137076,0.0634804486847289,-0.00022555735935524124,0.7284931692141215,0.7695731987150068,0.8671862262366713,0.5171358205121755,0.6923786281643889,0.3628579082417961,0.0,20,39770,0.5729673661533552,0.6254755688176054,0.7702600938423217,0.9999071710373637,0.9999403697078115,0.9920173082661892,0.00038786259504012725,0.02827384911653986,0.05025388539045559,0.06232410361471772,0.9454111139049535,0.6741262257983405,0.43407090771938645,0.5417400050289163,0.4216746291174252,0.3370379683178275,/common/users/shared/pracsys/adaptive_roa_experiments/stoch_compare_amarel/clf_xhigh_ent05,0.8887089135164743,0.5348298865754114
clf,xhigh,ent05,1,0.03571423983246589,1.0,0.20880750351197602,100.0,0.22133977229429727,0.07439631358626564,0.07439631358626564,0.12968537484996395,0.13376453423237117,0.11563450700111501,0.13513766032667474,0.1339813152566636,0.13398131525666354,0.5987679155142067,0.714131254714609,0.8284385214986171,0.22008334068122568,0.0785895789118506,0.00045734275362523444,0.07974592398186175,-0.00010267508111466706,0.7296294413663397,0.7468436170923424,0.7971217031905088,0.5715169090296962,0.6923786281643889,0.3628579082417961,0.0,20,39770,0.5745583604632545,0.5959700060414371,0.6626785979136798,0.9993501972615456,1.0,1.0,0.0006504452286486107,0.04514333682742857,0.06467787271190358,0.07858957891185102,0.9422680412371134,0.7075433744028162,0.5085994468192104,0.5417400050289163,0.4216746291174252,0.3370379683178275,/common/users/shared/pracsys/adaptive_roa_experiments/stoch_compare_amarel/clf_xhigh_ent05,0.892904665610379,0.41342881459777314
clf,xhigh,ent05,2,0.04834516715761758,1.0,0.27749845574931015,100.0,0.2561214903638325,0.0964573238905147,0.0964573238905147,0.12904425874606285,0.12948885183245812,0.11563450700111501,0.13513766032667474,0.1339813152566636,0.13398131525666354,0.5871008297711843,0.6327131003268796,0.801885843600704,0.25567078258747244,0.10132450269995368,0.00052773586696454,0.10248084776996483,-6.98777011617635e-05,0.7240678193947337,0.6966166116268927,0.7728543834866088,0.6402078612669794,0.6923786281643889,0.3628579082417961,0.0,20,39770,0.5674814307538324,0.5344679223635147,0.6297984306723676,1.0,1.0,1.0,0.0010663283950677826,0.05886177712681711,0.09222264658581039,0.10132450269995405,0.954639175257732,0.7889615287905456,0.5351521247171235,0.5417400050289163,0.4216746291174252,0.3370379683178275,/common/users/shared/pracsys/adaptive_roa_experiments/stoch_compare_amarel/clf_xhigh_ent05,0.8931940391162183,0.24374154332005393
clf,xhigh,ent05,3,0.04563936224804006,1.0,0.26177848684279126,100.0,0.25425546498337015,0.09255165943229172,0.09255165943229172,0.13028308087343118,0.13440411246463463,0.11563450700111501,0.13513766032667474,0.1339813152566636,0.13398131525666354,0.5642444053306512,0.6460397284385215,0.8180286648227307,0.2536052876678818,0.09609548916860453,0.0004693818218183384,0.09725183423861568,-0.0001544046469195981,0.7131744455478317,0.7043702879223808,0.7874284035834924,0.6244878923604877,0.6923786281643889,0.3628579082417961,0.0,20,39770,0.5542122186495176,0.5436509222939022,0.6493871420958287,1.0,1.0,1.0,0.0010278444214816133,0.05589051965657461,0.08582546787022512,0.09609548916860491,0.977495599698265,0.7756349006789037,0.5190093034950968,0.5417400050289163,0.4216746291174252,0.3370379683178275,/common/users/shared/pracsys/adaptive_roa_experiments/stoch_compare_amarel/clf_xhigh_ent05,0.8942101417174013,0.28276947435157207
clf,xhigh,ent05,4,0.04891208560803085,1.0,0.27779074337793386,100.0,0.2658470140207884,0.10190719153974441,0.10190719153974441,0.13063787903144344,0.13381275511376645,0.11563450700111501,0.13513766032667474,0.1339813152566636,0.13398131525666354,0.5537842594920794,0.593613276338949,0.8171234598943927,0.26537116827897644,0.10512054692057915,0.000504061602490406,0.1062768919905903,-0.00013008084438539957,0.7082977184561774,0.6748219387549796,0.7865966374226109,0.6405001488956084,0.6923786281643889,0.3628579082417961,0.0,20,39770,0.5483444045710214,0.5092311429612535,0.6482565169028389,1.0,1.0,1.0,0.0008427064675054782,0.05452971164084519,0.09602604022690464,0.10512054692057933,0.9879557455368368,0.8280613527784763,0.5199145084234348,0.5417400050289163,0.4216746291174252,0.3370379683178275,/common/users/shared/pracsys/adaptive_roa_experiments/stoch_compare_amarel/clf_xhigh_ent05,0.8946156940975971,0.21540890444907768
clf,xhigh,ent05,5,0.04940947622696608,1.0,0.28864174439789236,100.0,0.27015619487532544,0.10669044812685678,0.10669044812685678,0.1319254328423228,0.13058762345529626,0.11563450700111501,0.13513766032667474,0.1339813152566636,0.13398131525666354,0.5573547900427458,0.5795825999497108,0.8052552175006286,0.2697087646121352,0.10862722239038153,0.0005092039796328524,0.10978356746039271,-0.00011910815081600523,0.7099548555046628,0.6673298846000796,0.7758515903105375,0.6513511499155659,0.6923786281643889,0.3628579082417961,0.0,20,39770,0.5503333418478122,0.5007464914899971,0.6337888316232446,1.0,1.0,1.0,0.0004638802476453693,0.05808638477248988,0.09643840602644216,0.10862722239038128,0.9843852149861705,0.8420920291677143,0.531782750817199,0.5417400050289163,0.4216746291174252,0.3370379683178275,/common/users/shared/pracsys/adaptive_roa_experiments/stoch_compare_amarel/clf_xhigh_ent05,0.896986182365869,0.18923603502258524
clf,xhigh,ent05,6,0.05134445532408058,1.0,0.29794568870140825,100.0,0.2718437493386987,0.10744189365110186,0.10744189365110186,0.13051510194369292,0.12970687222988672,0.11563450700111501,0.13513766032667474,0.1339813152566636,0.13398131525666354,0.5607744531053558,0.5839577571033442,0.8067890369625346,0.2712108094404023,0.11098719823485957,0.000532846771645833,0.11214354330487075,7.909127078707667e-05,0.7115492585620397,0.6696482050872499,0.7772237040473153,0.6606550942190765,0.6923786281643889,0.3628579082417961,0.0,20,39770,0.5522518134980647,0.5033617481090167,0.6356221547799696,1.0,1.0,1.0,0.0007771953885014832,0.05793665959387817,0.10084561008266385,0.11098719823485963,0.9809655519235605,0.837716872014081,0.5302489313552929,0.5417400050289163,0.4216746291174252,0.3370379683178275,/common/users/shared/pracsys/adaptive_roa_experiments/stoch_compare_amarel/clf_xhigh_ent05,0.8950431986998034,0.17162181889134998
clf,xhigh,ent05,7,0.050690981808007345,1.0,0.29045973652043466,100.0,0.27654239541599435,0.10959025912403843,0.10959025912403843,0.1314635182429811,0.13407931872048395,0.11563450700111501,0.13513766032667474,0.1339813152566636,0.13398131525666354,0.5418908725169725,0.5484033190847373,0.8182298214734725,0.2760887061837093,0.11200007111063158,0.0005022357133470542,0.11315641618064273,-0.00010798502708932178,0.7028331892544324,0.6512621359223301,0.787613479448835,0.6531691420381037,0.6923786281643889,0.3628579082417961,0.0,20,39770,0.5418217483150588,0.4828678376043766,0.6496389279309843,1.0,1.0,1.0,0.0003078805217557707,0.057371886501625724,0.10030298016265411,0.11200007111063197,0.9998491325119436,0.873271310032688,0.5188081468443551,0.5417400050289163,0.4216746291174252,0.3370379683178275,/common/users/shared/pracsys/adaptive_roa_experiments/stoch_compare_amarel/clf_xhigh_ent05,0.8965837683892892,0.16406201195982606
clf,xhigh,ent05,8,0.048400928747157096,1.0,0.27396193240395034,100.0,0.26942679670269476,0.10560496024062974,0.10560496024062974,0.13259638102945295,0.1344129744939842,0.11563450700111501,0.13513766032667474,0.1339813152566636,0.13398131525666354,0.5495851144078451,0.6018355544380186,0.8177269298466181,0.26893126552366325,0.10685579052313078,0.00048587327057577267,0.10801213559314192,-0.00013410394470959874,0.7063587036703113,0.6792911392405062,0.7871509528143993,0.6366713379216239,0.6923786281643889,0.3628579082417961,0.0,20,39770,0.5460236200517006,0.5143382916730562,0.649009829080521,1.0,1.0,1.0,8.372849746765473e-05,0.05241942942624922,0.09928075525242842,0.10685579052313166,0.9921548906210712,0.8198390746794066,0.5193110384712094,0.5417400050289163,0.4216746291174252,0.3370379683178275,/common/users/shared/pracsys/adaptive_roa_experiments/stoch_compare_amarel/clf_xhigh_ent05,0.8976280358734811,0.2024575194053686
clf,xhigh,ent05,9,0.0556875585978953,1.0,0.3148227219031689,100.0,0.2870873948786167,0.12026777020659216,0.12026777020659216,0.13209850164478687,0.12979882458045056,0.11563450700111501,0.13513766032667474,0.1339813152566636,0.13398131525666354,0.54815187327131,0.5530047774704551,0.79288408348001,0.28670460064890163,0.12205226094623699,0.0005591200178974336,0.12320860601624813,-9.832287223189573e-05,0.7056993121519817,0.6535845821072939,0.7649593379940077,0.6775321274208261,0.6923786281643889,0.3628579082417961,0.0,20,39770,0.5452359863343035,0.4854256520103048,0.6193798807818492,1.0,1.0,1.0,0.00018024528504259073,0.05757666997284526,0.1126961429928791,0.12205226094623756,0.9935881317576062,0.8686698516469701,0.5441538848378175,0.5417400050289163,0.4216746291174252,0.3370379683178275,/common/users/shared/pracsys/adaptive_roa_experiments/stoch_compare_amarel/clf_xhigh_ent05,0.8968780519886212,0.08903520828687539
clf,xhigh,ent05,10,0.055767957497841546,1.0,0.32234848873619915,100.0,0.28236055856527986,0.11486515563585628,0.11486515563585628,0.13161474844162951,0.12796605268787586,0.11563450700111501,0.13513766032667474,0.1339813152566636,0.13398131525666354,0.544103595675132,0.5634649233090269,0.7919285893889867,0.28208213860700265,0.11714618579860038,0.00053814083952582,0.11830253086861155,-8.553665228995533e-05,0.7038434524101207,0.6589261507632462,0.7641307755893169,0.6850578942538427,0.6923786281643889,0.3628579082417961,0.0,20,39770,0.5430234902711967,0.4913421815944449,0.618294201762074,1.0,1.0,1.0,0.0003177458758363125,0.0647285835768137,0.10784980315934527,0.11714618579860019,0.9976364093537843,0.8582097058083983,0.5451093789288408,0.5417400050289163,0.4216746291174252,0.3370379683178275,/common/users/shared/pracsys/adaptive_roa_experiments/stoch_compare_amarel/clf_xhigh_ent05,0.8970987204696446,0.12565281528855476
clf,xhigh,ent05,11,0.04650446308537915,1.0,0.26696510424398723,100.0,0.2679652462235971,0.10255861608301575,0.10255861608301575,0.13215236042475154,0.13720253006684868,0.11563450700111501,0.13513766032667474,0.1339813152566636,0.13398131525666354,0.5436007040482776,0.5749559969826502,0.8268041237113402,0.2673902615465079,0.10427856227524622,0.0004547160110848694,0.10543490734525736,-0.00010900863968159313,0.703613592201303,0.6648957259535326,0.7955840455840455,0.629674509761675,0.6923786281643889,0.3628579082417961,0.0,20,39770,0.5427498992341797,0.4980103343826097,0.6605558840922531,1.0,1.0,1.0,0.00021048542331574232,0.050837812060188024,0.09328106199188109,0.10427856227524612,0.9981393009806386,0.8467186321347749,0.5102338446064874,0.5417400050289163,0.4216746291174252,0.3370379683178275,/common/users/shared/pracsys/adaptive_roa_experiments/stoch_compare_amarel/clf_xhigh_ent05,0.8977981826026291,0.221693248230298
clf,xhigh,ent05,12,0.04900156542199413,1.0,0.2834248724376349,100.0,0.27535928904541124,0.10954472053445857,0.10954472053445857,0.13247523960455238,0.13476090802495122,0.11563450700111501,0.13513766032667474,0.1339813152566636,0.13398131525666354,0.5523007291928589,0.5538094040734222,0.8204928337943174,0.2750346211194843,0.11094141982063942,0.0004918646041819537,0.11209776489065056,-0.00010937636593037758,0.7076114623532309,0.6539923954372624,0.7897015936607064,0.6461342779552842,0.6923786281643889,0.3628579082417961,0.0,20,39770,0.5475222363405337,0.4858757062146893,0.6524850313975563,1.0,1.0,1.0,0.00024751684155673134,0.05044491212104678,0.0996930122617121,0.11094141982063926,0.9894392758360573,0.867865225044003,0.5165451345235101,0.5417400050289163,0.4216746291174252,0.3370379683178275,/common/users/shared/pracsys/adaptive_roa_experiments/stoch_compare_amarel/clf_xhigh_ent05,0.8973587713447513,0.1719634964911888
clf,xhigh,ent05,13,0.04805811056253737,1.0,0.2746472652335902,100.0,0.2709652797539,0.10623937318002667,0.10623937318002667,0.13258789525737041,0.13518182038807416,0.11563450700111501,0.13513766032667474,0.1339813152566636,0.13398131525666354,0.5541614282122203,0.5696253457379935,0.8161679658033694,0.2706984678628098,0.10751969378715187,0.000483192501977434,0.10867603885716304,-0.00011309939216795628,0.7084724026240936,0.6621130764371447,0.7857205662534071,0.6373566707512298,0.6923786281643889,0.3628579082417961,0.0,20,39770,0.5485538242183522,0.4948946467567727,0.6470673425054309,1.0,1.0,1.0,0.0001353776956738529,0.05128645534024731,0.09731524506743086,0.10751969378715252,0.987578576816696,0.8520492833794318,0.5208700025144581,0.5417400050289163,0.4216746291174252,0.3370379683178275,/common/users/shared/pracsys/adaptive_roa_experiments/stoch_compare_amarel/clf_xhigh_ent05,0.8979132951803942,0.197502326490974
clf,xhigh,ent05,14,0.0493418485649327,1.0,0.2820614752536877,100.0,0.27274194993767753,0.10762210336121057,0.10762210336121057,0.1324782919751284,0.1336720018354821,0.11563450700111501,0.13513766032667474,0.1339813152566636,0.13398131525666354,0.5531556449585114,0.5792305758109128,0.8124717123459895,0.2723765396627613,0.10901660234714007,0.0004898103642230342,0.11017294741715122,-0.00010852429560569143,0.7080067695239973,0.6671440506026972,0.7823498511644196,0.6447708807713414,0.6923786281643889,0.3628579082417961,0.0,20,39770,0.5479957269305118,0.5005372492836676,0.6425079091170549,1.0,1.0,1.0,0.0002059173408671785,0.05355468847507083,0.09938867976276239,0.1090166023471399,0.9885843600704048,0.8424440533065124,0.524566255971838,0.5417400050289163,0.4216746291174252,0.3370379683178275,/common/users/shared/pracsys/adaptive_roa_experiments/stoch_compare_amarel/clf_xhigh_ent05,0.8979456193609894,0.18632980921033204
clf,xhigh,ent05,15,0.05217337805649751,1.0,0.3015587687221421,100.0,0.27911785112074455,0.1124250400849296,0.1124250400849296,0.13181390950328123,0.13128328510470152,0.11563450700111501,0.13513766032667474,0.1339813152566636,0.13398131525666354,0.5507166205682675,0.5578576816696001,0.8031179280864974,0.2789111718357974,0.11449837823934518,0.0005173214813425448,0.11565472330935635,-9.406759896675443e-05,0.7068801469864497,0.6560519521164229,0.7739476875108263,0.6642681742397765,0.6923786281643889,0.3628579082417961,0.0,20,39770,0.5466470453911146,0.48815276241485706,0.6312517660356033,1.0,1.0,1.0,0.0002610151336494667,0.0587495466349173,0.10388789268144669,0.11449837823934525,0.9910233844606487,0.863816947447825,0.5339200402313301,0.5417400050289163,0.4216746291174252,0.3370379683178275,/common/users/shared/pracsys/adaptive_roa_experiments/stoch_compare_amarel/clf_xhigh_ent05,0.8973405531934862,0.14541532884638086
clf,xhigh,ent05,16,0.04651713493434073,1.0,0.2698388284501118,100.0,0.269664894947896,0.10481349355094037,0.10481349355094037,0.13244382706819613,0.13638911275083257,0.11563450700111501,0.13513766032667474,0.1339813152566636,0.13398131525666354,0.5475484033190847,0.5614282122202665,0.821423183303998,0.26936124384404725,0.10622781875746773,0.00046795257102243945,0.10738416382747888,-0.00012316298194009478,0.7054220417785344,0.6578792515005295,0.7905632556767915,0.6325482339677563,0.6923786281643889,0.3628579082417961,0.0,20,39770,0.5449050304762386,0.49017888460189407,0.6536623427289574,1.0,1.0,1.0,0.00013506499009593862,0.0508608095611603,0.09409737178676361,0.10622781875746748,0.9941916017098316,0.8602464168971586,0.5156147850138295,0.5417400050289163,0.4216746291174252,0.3370379683178275,/common/users/shared/pracsys/adaptive_roa_experiments/stoch_compare_amarel/clf_xhigh_ent05,0.8977659026721665,0.2071445294146379
clf,xhigh,ent05,17,0.043588042627405725,1.0,0.2503425791785923,100.0,0.2603993333637609,0.0973826515398695,0.0973826515398695,0.13239642945698032,0.13884059720627326,0.11563450700111501,0.13513766032667474,0.1339813152566636,0.13398131525666354,0.5512949459391501,0.5844606487301987,0.8307769675634901,0.25998530810357995,0.09884746089055339,0.00043568033816860177,0.10000380596056452,-0.00012007644899938996,0.707146959875277,0.6699157112611354,0.7993321009004711,0.6130519846962542,0.6923786281643889,0.3628579082417961,0.0,20,39770,0.5469662350850469,0.5036641037962518,0.6657395450481772,1.0,1.0,1.0,0.00014755008809725286,0.049069495235890055,0.0875252822079506,0.0988474608905539,0.9904450590897661,0.8372139803872265,0.5062610007543374,0.5417400050289163,0.4216746291174252,0.3370379683178275,/common/users/shared/pracsys/adaptive_roa_experiments/stoch_compare_amarel/clf_xhigh_ent05,0.8978993688744945,0.26222950788925603
clf,xhigh,ent05,18,0.048224436761571884,1.0,0.27589745230584733,100.0,0.27103725184471367,0.10636176725018295,0.10636176725018295,0.13208611911822835,0.13514300710289454,0.11563450700111501,0.13513766032667474,0.1339813152566636,0.13398131525666354,0.5546894644204174,0.5672868996731204,0.8123962786019613,0.2707676425143975,0.10817654353098381,0.00048688961726682354,0.10933288860099498,-8.041985763436454e-05,0.7087171052631579,0.6608997221620131,0.782281362164055,0.6386068578234899,0.6923786281643889,0.3628579082417961,0.0,20,39770,0.5488472806011973,0.4935401277259484,0.6424155283968368,1.0,1.0,1.0,0.0003021102141848273,0.05367502152364122,0.09705696256803571,0.10817654353098334,0.9870505406084988,0.8543877294443047,0.5246416897158662,0.5417400050289163,0.4216746291174252,0.3370379683178275,/common/users/shared/pracsys/adaptive_roa_experiments/stoch_compare_amarel/clf_xhigh_ent05,0.8976290163673617,0.1925997791277566
clf,xhigh,ent10,0,0.026931886917182058,1.0,0.1544264149943041,100.0,0.19573717123742132,0.053704044478058856,0.053704044478058856,0.12513569876064945,0.1521022569639593,0.11563450700111501,0.13513766032667474,0.1339813152566636,0.13398131525666354,0.5962283127985919,0.7474981141563993,0.8975861201910988,0.19162593652106782,0.06232410361471774,0.00038472665624137076,0.0634804486847289,-0.00022555735935524124,0.7284931692141215,0.7695731987150068,0.8671862262366713,0.5171358205121755,0.6923786281643889,0.3628579082417961,0.0,20,39770,0.5729673661533552,0.6254755688176054,0.7702600938423217,0.9999071710373637,0.9999403697078115,0.9920173082661892,0.00038786259504012725,0.02827384911653986,0.05025388539045559,0.06232410361471772,0.9454111139049535,0.6741262257983405,0.43407090771938645,0.5417400050289163,0.4216746291174252,0.3370379683178275,/common/users/shared/pracsys/adaptive_roa_experiments/stoch_compare_amarel/clf_xhigh_ent10,0.8887089135164743,0.5348298865754114
clf,xhigh,ent10,1,0.05472257957440792,1.0,0.28807422257620213,100.0,0.2597690268797373,0.09777616476070787,0.09777616476070787,0.12492543204341494,0.13005900743259313,0.11563450700111501,0.13513766032667474,0.1339813152566636,0.13398131525666354,0.5604727181292432,0.6425949207945688,0.7972843852149861,0.25883359623610264,0.10671563550876609,0.0006182248144945418,0.10787198057877725,-0.00011641246519041026,0.7114082879313192,0.7023495413996733,0.7687983940349871,0.6507836280939373,0.6923786281643889,0.3628579082417961,0.0,20,39770,0.5520819987187701,0.5412470952749806,0.6244293301034194,1.0,1.0,1.0,0.003379285794073899,0.06530942351263211,0.09971585006386498,0.10671563550876675,0.9812672868996731,0.7790797083228564,0.5397535831028414,0.5417400050289163,0.4216746291174252,0.3370379683178275,/common/users/shared/pracsys/adaptive_roa_experiments/stoch_compare_amarel/clf_xhigh_ent10,0.8895461567340844,0.20350359821192598
clf,xhigh,ent10,2,0.06712355246245127,1.0,0.345036249990025,100.0,0.2713269122674638,0.10431205245195385,0.10431205245195385,0.11578165568199297,0.1237916278395548,0.11563450700111501,0.13513766032667474,0.1339813152566636,0.13398131525666354,0.5872768418405834,0.6071913502640182,0.7745033945184813,0.26890485926564833,0.12261288126212376,0.0007450166507938232,0.12376922633213491,0.00010116923549929879,0.7241344537815125,0.6822342459623287,0.7493291592128801,0.7077456555077788,0.6923786281643889,0.3628579082417961,0.0,20,39770,0.567593202476617,0.517720424796246,0.5991417843733238,0.9999071710373637,1.0,1.0,0.012758833633590176,0.07303732157078527,0.11489498073100544,0.12261288126212504,0.954362584862962,0.8144832788534071,0.5625345737993462,0.5417400050289163,0.4216746291174252,0.3370379683178275,/common/users/shared/pracsys/adaptive_roa_experiments/stoch_compare_amarel/clf_xhigh_ent10,0.8779000053147401,0.08485089113180933
clf,xhigh,ent10,3,0.09809703715085392,1.0,0.4751336064009329,100.0,0.31598947849501785,0.13378903645744925,0.13378903645744925,0.11072734593900428,0.11665407598163764,0.11563450700111501,0.13513766032667474,0.1339813152566636,0.13398131525666354,0.5517475484033191,0.5413628363087755,0.6978124214231833,0.3148811159126268,0.15713886304428712,0.0008536844686744547,0.15829520811429829,9.585726917857307e-05,0.7073366933166977,0.6477404403244497,0.6904651522175861,0.8378430119186956,0.6923786281643889,0.3628579082417961,0.0,20,39770,0.5472210932737248,0.47900599828620394,0.5272598536700496,0.9999071710373637,1.0,1.0,0.04724270726189358,0.09591116040629771,0.15424542949536996,0.1571388630442868,0.9898918783002263,0.8803117928086497,0.6392255468946442,0.5417400050289163,0.4216746291174252,0.3370379683178275,/common/users/shared/pracsys/adaptive_roa_experiments/stoch_compare_amarel/clf_xhigh_ent10,0.8680777384566823,-0.17284162155940508
clf,xhigh,ent10,4,0.09369953079353012,1.0,0.44227528955158935,100.0,0.32129102651956604,0.13516379766944706,0.13516379766944706,0.11029666384547147,0.1262096232264817,0.11563450700111501,0.13513766032667474,0.1339813152566636,0.13398131525666354,0.5417400050289163,0.4939150113150616,0.7647724415388484,0.31832970216171147,0.15884329411973622,0.0007951337231150869,0.15999963918974738,-5.154960902947758e-06,0.7027644132757074,0.6249650623288054,0.7412672511546865,0.8049846950694457,0.6923786281643889,0.3628579082417961,0.0,20,39770,0.5417400050289163,0.45450849662574194,0.5889772777216191,1.0,1.0,0.9997761862130707,0.04928172802448391,0.08991756380067682,0.14924568429405,0.15884329411973638,1.0,0.9277596178023636,0.5721146592909228,0.5417400050289163,0.4216746291174252,0.3370379683178275,/common/users/shared/pracsys/adaptive_roa_experiments/stoch_compare_amarel/clf_xhigh_ent10,0.8671549030752026,-0.1855630303034823
clf,xhigh,ent10,5,0.08776874898191626,1.0,0.4205688664779424,100.0,0.32219597659912547,0.13073799192823615,0.13073799192823615,0.1065175423916904,0.13066617608533473,0.11563450700111501,0.13513766032667474,0.1339813152566636,0.13398131525666354,0.5417400050289163,0.48823233593160675,0.7446567764646719,0.3145606440302112,0.15821584684138368,0.000783578296678653,0.15937219191139484,1.4082048174351991e-05,0.7027644132757074,0.6223442747666672,0.7252658063468874,0.783278271995859,0.6923786281643889,0.3628579082417961,0.0,20,39770,0.5417400050289163,0.45174150796002477,0.5689545396663696,1.0,1.0,1.0,0.03374330543318492,0.08979830078287909,0.1486193024354261,0.15821584684138318,1.0,0.9334422931858185,0.5923811918531556,0.5417400050289163,0.4216746291174252,0.3370379683178275,/common/users/shared/pracsys/adaptive_roa_experiments/stoch_compare_amarel/clf_xhigh_ent10,0.8665847905266779,-0.18087993492446963
clf,xhigh,ent10,6,0.09613268211376129,1.0,0.44724922871249145,100.0,0.3242759427836351,0.13186649534509612,0.13186649534509612,0.10522900050411362,0.1290377893838077,0.11563450700111501,0.13513766032667474,0.1339813152566636,0.13398131525666354,0.5417400050289163,0.48974101081217,0.7335680160925321,0.3174515889082717,0.160628765464681,0.000806166556325725,0.16178511053469213,9.955367034908402e-06,0.7027644132757074,0.6230379135474523,0.7167147898620468,0.8099586342303867,0.6923786281643889,0.3628579082417961,0.0,20,39770,0.5417400050289163,0.4524728165555945,0.5585,1.0,1.0,1.0,0.054470955257726564,0.09349788971765878,0.150603669045486,0.1606287654646801,1.0,0.9319336183052552,0.6034699522252954,0.5417400050289163,0.4216746291174252,0.3370379683178275,/common/users/shared/pracsys/adaptive_roa_experiments/stoch_compare_amarel/clf_xhigh_ent10,0.8611158732338322,-0.1988893015191695
clf,xhigh,ent10,7,0.09118612389469177,1.0,0.438535093649162,100.0,0.32266446027169426,0.13340645822407401,0.13340645822407401,0.10776739720402309,0.12779282091507962,0.11563450700111501,0.13513766032667474,0.1339813152566636,0.13398131525666354,0.5417400050289163,0.4849132511943676,0.7667085743022378,0.3186988649656642,0.1595996070358513,0.0007917435730375429,0.16075595210586244,-2.076924086322207e-05,0.7027644132757074,0.620823692734845,0.7418475236505286,0.8012444991670108,0.6923786281643889,0.3628579082417961,0.0,20,39770,0.5417400050289163,0.4501409206817877,0.5915424210152644,1.0,1.0,0.9945538645180543,0.039016278528869575,0.09271711229318406,0.15042700257360506,0.1595996070358508,1.0,0.9367613779230576,0.5666582851395524,0.5417400050289163,0.4216746291174252,0.3370379683178275,/common/users/shared/pracsys/adaptive_roa_experiments/stoch_compare_amarel/clf_xhigh_ent10,0.8656141749261489,-0.19120794366073834
clf,xhigh,ent10,8,0.0895318375523797,1.0,0.4270660296886339,100.0,0.3245982683474076,0.13623030711803688,0.13623030711803688,0.10893048620137749,0.1285651536130178,0.11563450700111501,0.13513766032667474,0.1339813152566636,0.13398131525666354,0.5417400050289163,0.48591903444807644,0.7542117173749057,0.31762630127793373,0.16121168227539487,0.0008052521471145644,0.162368027345406,-6.945389792811785e-05,0.7027644132757074,0.6212836899138648,0.7311088493384315,0.7897754352065482,0.6923786281643889,0.3628579082417961,0.0,20,39770,0.5417400050289163,0.4506247480854494,0.5790666259967755,1.0,1.0,0.9914204715010445,0.02191957365712834,0.0922601993050845,0.15798071906496047,0.16121168227539526,1.0,0.9357555946693488,0.577042997234096,0.5417400050289163,0.4216746291174252,0.3370379683178275,/common/users/shared/pracsys/adaptive_roa_experiments/stoch_compare_amarel/clf_xhigh_ent10,0.8613939252395029,-0.20324003363130916
clf,xhigh,ent10,9,0.10090617284726155,1.0,0.5003779602082662,100.0,0.3330926375416077,0.13698755625853798,0.13698755625853798,0.10388572672110599,0.12347833535937265,0.11563450700111501,0.13513766032667474,0.1339813152566636,0.13398131525666354,0.5417400050289163,0.48420920291677144,0.7271310032687955,0.32689972172492043,0.1671244053845535,0.0008213092271442163,0.16828075045456467,4.126059045794772e-05,0.7027644132757074,0.620502099790946,0.7118428040361127,0.8630873657260897,0.6923786281643889,0.3628579082417961,0.0,20,39770,0.5417400050289163,0.44980285921197327,0.5526055408970977,1.0,1.0,1.0,0.0508919549187653,0.09508263687052415,0.15921552685924675,0.16712440538455403,1.0,0.9374654262006538,0.609906965049032,0.5417400050289163,0.4216746291174252,0.3370379683178275,/common/users/shared/pracsys/adaptive_roa_experiments/stoch_compare_amarel/clf_xhigh_ent10,0.858817269401992,-0.24737098650210188
clf,xhigh,ent10,10,0.09309297561517586,1.0,0.4657821837890967,100.0,0.3268029782952511,0.1362078478883527,0.1362078478883527,0.11025389447100593,0.12503376666081872,0.11563450700111501,0.13513766032667474,0.1339813152566636,0.13398131525666354,0.5417400050289163,0.4892632637666583,0.7485793311541363,0.3215963839138156,0.1598864800211035,0.0007727951108066818,0.16104282509111467,-4.878865290680601e-05,0.7027644132757074,0.6228180940355047,0.7283397179884261,0.8284915893069458,0.6923786281643889,0.3628579082417961,0.0,20,39770,0.5417400050289163,0.45224097945094655,0.572747083707217,1.0,1.0,1.0,0.044321752759601346,0.08226509689547817,0.1505106466797931,0.15988648002110328,1.0,0.932411365350767,0.5884586371636912,0.5417400050289163,0.4216746291174252,0.3370379683178275,/common/users/shared/pracsys/adaptive_roa_experiments/stoch_compare_amarel/clf_xhigh_ent10,0.865730455851908,-0.19334908539160334
clf,xhigh,ent10,11,0.09416059025629527,1.0,0.4828503978385014,100.0,0.3313204513110196,0.14197460514795127,0.14197460514795127,0.11174491839603429,0.1200464997379755,0.11563450700111501,0.13513766032667474,0.1339813152566636,0.13398131525666354,0.5417400050289163,0.48898667337188834,0.7419663062610008,0.32816638890729344,0.16418284631151564,0.0007981361627941676,0.16533919138152678,-2.815569706493548e-05,0.7027644132757074,0.6226909009895475,0.7231723765848395,0.8455598033563341,0.6923786281643889,0.3628579082417961,0.0,20,39770,0.5417400050289163,0.4521068665246812,0.5663821516099045,1.0,1.0,1.0,0.037733142176690555,0.09079143561436252,0.15775069014277704,0.1641828463115158,1.0,0.9326879557455369,0.5950716620568267,0.5417400050289163,0.4216746291174252,0.3370379683178275,/common/users/shared/pracsys/adaptive_roa_experiments/stoch_compare_amarel/clf_xhigh_ent10,0.8689234456464923,-0.22541599175225313
clf,xhigh,ent10,12,0.09219462889559611,1.0,0.4619740598766757,100.0,0.3274158665339851,0.142655882826252,0.142655882826252,0.11596631090548555,0.12184901835752875,0.11563450700111501,0.13513766032667474,0.1339813152566636,0.13398131525666354,0.5417400050289163,0.4879808901181795,0.7302992205179784,0.3252919029893664,0.16062890286461573,0.000781793600077412,0.16178524793462687,-4.198431281429715e-05,0.7027644132757074,0.6222288184331114,0.7142324292641339,0.8246834653944987,0.6923786281643889,0.3628579082417961,0.0,20,39770,0.5417400050289163,0.4516198529609781,0.5554910899295483,1.0,1.0,1.0,0.04067033590601068,0.08421600122053778,0.15166064646638935,0.16062890286461454,1.0,0.9336937389992457,0.6067387477998492,0.5417400050289163,0.4216746291174252,0.3370379683178275,/common/users/shared/pracsys/adaptive_roa_experiments/stoch_compare_amarel/clf_xhigh_ent10,0.8727043218537839,-0.19889032703481302
clf,xhigh,ent10,13,0.0875304077269474,1.0,0.4616491729544702,100.0,0.33324006840254694,0.15156356484346276,0.15156356484346276,0.11923889515669484,0.11873088682528089,0.11563450700111501,0.13513766032667474,0.1339813152566636,0.13398131525666354,0.5417400050289163,0.49165199899421674,0.7177772190093035,0.33152599399710886,0.16628553175373806,0.0007903579164096684,0.1674418768237492,-2.0453189693458995e-05,0.7027644132757074,0.6239187454657068,0.7048801009676062,0.8243585784722818,0.6923786281643889,0.3628579082417961,0.0,20,39770,0.5417400050289163,0.4534025468407819,0.5442585674841643,1.0,1.0,1.0,0.025979071987965823,0.08080019242723328,0.15936193061011375,0.1662855317537377,1.0,0.9300226301232084,0.619260749308524,0.5417400050289163,0.4216746291174252,0.3370379683178275,/common/users/shared/pracsys/adaptive_roa_experiments/stoch_compare_amarel/clf_xhigh_ent10,0.879639164731151,-0.24110986248485777
clf,xhigh,ent10,14,0.07631787022338848,1.0,0.40790672687438484,100.0,0.3242573367757416,0.1482322728895548,0.1482322728895548,0.12563412840182483,0.12357799680112817,0.11563450700111501,0.13513766032667474,0.1339813152566636,0.13398131525666354,0.5417400050289163,0.49172743273824493,0.7448327885340709,0.3221606330865587,0.15655946181811087,0.0007329947927283742,0.15771580688812203,-1.999792628265551e-05,0.7027644132757074,0.6239535662462328,0.7254031821625717,0.7706161323922491,0.6923786281643889,0.3628579082417961,0.0,20,39770,0.5417400050289163,0.4534393251135626,0.5691236413043478,1.0,1.0,1.0,0.007429896938162995,0.07386317859755258,0.14667883500656753,0.15655946181811123,1.0,0.9299471963791803,0.5922051797837566,0.5417400050289163,0.4216746291174252,0.3370379683178275,/common/users/shared/pracsys/adaptive_roa_experiments/stoch_compare_amarel/clf_xhigh_ent10,0.8880950956748769,-0.16851712881154457
clf,xhigh,ent10,15,0.07329380734890577,1.0,0.3925790638490075,100.0,0.31575614319763085,0.1361585064691771,0.1361585064691771,0.12308508446846682,0.12683831298009177,0.11563450700111501,0.13513766032667474,0.1339813152566636,0.13398131525666354,0.5417400050289163,0.49288408348001006,0.7553935126980136,0.3124747017349824,0.147001753197033,0.0006796492392167764,0.14815809826704415,-5.298406034084935e-05,0.7027644132757074,0.624487971996723,0.7337420626231661,0.75528846936685,0.6923786281643889,0.3628579082417961,0.0,20,39770,0.5417400050289163,0.45400400671395313,0.5794570292235863,1.0,1.0,1.0,0.012474622962734746,0.07136030252409956,0.13648414241533072,0.14700175319703299,1.0,0.9287905456374151,0.5816444556198139,0.5417400050289163,0.4216746291174252,0.3370379683178275,/common/users/shared/pracsys/adaptive_roa_experiments/stoch_compare_amarel/clf_xhigh_ent10,0.8856180579015933,-0.09718099807743075
clf,xhigh,ent10,16,0.07714771329066533,1.0,0.3999773271856528,100.0,0.31994618196756597,0.1427327374734407,0.1427327374734407,0.1227785801788476,0.12571927991940518,0.11563450700111501,0.13513766032667474,0.1339813152566636,0.13398131525666354,0.5417400050289163,0.49285893889866733,0.7413125471460901,0.31830260439296143,0.15390697027029474,0.0007341175330505706,0.15506331534030587,-2.8502280961961723e-05,0.7027644132757074,0.6244763447466904,0.7226655164977357,0.7626867327034808,0.6923786281643889,0.3628579082417961,0.0,20,39770,0.5417400050289163,0.45399171607244376,0.5657605942934324,1.0,1.0,1.0,0.011082837896289891,0.07506002635932837,0.145077208430723,0.15390697027029343,1.0,0.9288156902187579,0.5957254211717375,0.5417400050289163,0.4216746291174252,0.3370379683178275,/common/users/shared/pracsys/adaptive_roa_experiments/stoch_compare_amarel/clf_xhigh_ent10,0.8857610207102093,-0.14871965524043618
clf,xhigh,ent10,17,0.06487343163394318,1.0,0.35603448584614866,100.0,0.3107845465088119,0.13672948933031104,0.13672948933031104,0.12732953576593928,0.132032202859431,0.11563450700111501,0.13513766032667474,0.1339813152566636,0.13398131525666354,0.5417400050289163,0.49145084234347497,0.774075936635655,0.3080730274535616,0.1433066367080587,0.0006372432332165616,0.14446298177806988,-7.46321129766192e-05,0.7027644132757074,0.6238259090486377,0.7489171440547714,0.7187438913640026,0.6923786281643889,0.3628579082417961,0.0,20,39770,0.5417400050289163,0.4533045006081903,0.598722130378446,1.0,1.0,0.9997015816174276,0.0018703768783361364,0.05814313941026533,0.13174744072794065,0.14330663670805832,1.0,0.9302237867739502,0.5627608750314307,0.5417400050289163,0.4216746291174252,0.3370379683178275,/common/users/shared/pracsys/adaptive_roa_experiments/stoch_compare_amarel/clf_xhigh_ent10,0.890445331893971,-0.06960165627222703
clf,xhigh,ent10,18,0.07340520986333722,1.0,0.4129546823090002,100.0,0.31866470890951,0.13944577084941237,0.13944577084941237,0.12421664721219068,0.12442126091088579,0.11563450700111501,0.13513766032667474,0.1339813152566636,0.13398131525666354,0.5417400050289163,0.4916017098315313,0.7809404073422177,0.31740751675882617,0.14916504786619747,0.0006731006678089087,0.15032139293620864,-4.539102768777448e-05,0.7027644132757074,0.6238955337710894,0.7547297297297297,0.775664087826771,0.6923786281643889,0.3628579082417961,0.0,20,39770,0.5417400050289163,0.45337803130660465,0.6060770482908302,1.0,1.0,1.0,0.012624364325440524,0.07104098719057068,0.1368247255231625,0.14916504786619825,1.0,0.9300729192858939,0.5560975609756098,0.5417400050289163,0.4216746291174252,0.3370379683178275,/common/users/shared/pracsys/adaptive_roa_experiments/stoch_compare_amarel/clf_xhigh_ent10,0.8867145830626911,-0.11332723955162671
