system,arm,selection_rule,d2_ratio,epoch,train_traj,n_total,f1,sep_pct,tpr,fpr,tnr,fnr,invalid_pct,uncertain_pct,full_mean_of_means,full_mean_of_medians,full_mean_of_p90s,full_median_of_means,full_median_of_medians,full_median_of_p90s,full_p90_of_means,full_p90_of_medians,full_p90_of_p90s,certain_success_mean_of_means,certain_success_mean_of_medians,certain_success_mean_of_p90s,certain_success_median_of_means,certain_success_median_of_medians,certain_success_median_of_p90s,certain_success_p90_of_means,certain_success_p90_of_medians,certain_success_p90_of_p90s,certain_failure_mean_of_means,certain_failure_mean_of_medians,certain_failure_mean_of_p90s,certain_failure_median_of_means,certain_failure_median_of_medians,certain_failure_median_of_p90s,certain_failure_p90_of_means,certain_failure_p90_of_medians,certain_failure_p90_of_p90s
cartpole,dispersion,greedy,0.5,0,300,115242,0.9615332945233084,0.2884972492667604,0.979740828618361,0.008967157959936372,0.9910328420400636,0.020259171381638984,0.26755870255635966,0.020938546710400723,2.5337374210357666,2.3366141319274902,4.254415512084961,1.9662556648254395,1.696683645248413,3.541887044906616,4.872842788696289,4.868473052978516,7.553746223449707,0.5500950813293457,0.41449257731437683,0.938696563243866,0.150734081864357,0.07876843214035034,0.19437187910079956,0.8031007647514343,0.1624213457107544,3.3934288024902344,2.400800943374634,2.204921007156372,4.04412317276001,1.8607375621795654,1.654611349105835,3.193577527999878,3.9281086921691895,3.5563528537750244,7.028305530548096
cartpole,dispersion,greedy,0.5,1,400,115242,0.9882015453662149,0.23481890283056525,0.9939501116902457,0.002453607448635665,0.9975463925513643,0.006049888309754281,0.22009336873709237,0.014725534093472865,2.2656660079956055,2.057312250137329,3.9853696823120117,1.7486767768859863,1.4862308502197266,3.172732353210449,4.369560718536377,4.080117225646973,7.105114459991455,0.34094977378845215,0.1970071792602539,0.7061357498168945,0.13835367560386658,0.07251963019371033,0.16483119130134583,0.6347962021827698,0.1413615345954895,2.405251979827881,2.414135694503784,2.2127134799957275,4.238971710205078,1.7821872234344482,1.5554652214050293,3.110713481903076,4.223413944244385,3.6758902072906494,8.16561508178711
cartpole,dispersion,greedy,0.5,2,500,115242,0.9171688438073137,0.21368945349785667,0.9365540437242011,0.017837335878453323,0.9821626641215466,0.06344595627579881,0.12515402370663473,0.08853542979122195,2.7787890434265137,2.6065657138824463,4.516712188720703,2.24858021736145,1.9762816429138184,3.9232265949249268,5.773184776306152,5.782044887542725,7.6501641273498535,0.7438986301422119,0.6803553104400635,0.7796374559402466,0.13144877552986145,0.07296539843082428,0.14470507204532623,4.993800640106201,5.021505355834961,5.051878929138184,2.940105438232422,2.7699313163757324,4.919644355773926,2.29194712638855,2.0773468017578125,3.8477084636688232,5.534319877624512,4.939972877502441,8.761436462402344
cartpole,dispersion,greedy,0.5,3,600,115242,0.9771902540176258,0.16332587077627947,0.9877729257641922,0.004566317523831941,0.995433682476168,0.01222707423580786,0.1498672359035768,0.01345863487270266,1.7304636240005493,1.5514678955078125,3.105829954147339,1.142110824584961,0.963764488697052,2.0717520713806152,3.983503818511963,3.1053476333618164,6.5195088386535645,0.3776085674762726,0.3076633810997009,0.5519406199455261,0.1072678342461586,0.07653741538524628,0.14804509282112122,0.43269795179367065,0.15256285667419434,0.7639421224594116,1.796270489692688,1.6174325942993164,3.244830846786499,1.16016685962677,1.0090948343276978,2.0718510150909424,3.735605239868164,2.701874256134033,6.173332691192627
cartpole,dispersion,greedy,0.5,4,700,115242,0.9810491395397056,0.16613734575935857,0.9942007060010086,0.004608185467588304,0.9953918145324117,0.005799293998991427,0.1528435813331945,0.013293764426164072,1.858993649482727,1.6519008874893188,3.371558427810669,1.301748514175415,1.0714294910430908,2.377473831176758,3.964107036590576,3.1959009170532227,6.797963619232178,0.3799186944961548,0.29388871788978577,0.6072497963905334,0.11129717528820038,0.0727057009935379,0.14823879301548004,0.4949435889720917,0.14502957463264465,1.1994879245758057,1.931134581565857,1.7305983304977417,3.480592966079712,1.3148810863494873,1.1205856800079346,2.339834690093994,3.7790064811706543,2.828695774078369,6.7291412353515625
cartpole,dispersion,greedy,0.5,5,800,115242,0.9849666829189014,0.16356016035820273,0.9932803408997788,0.0034208338282456347,0.9965791661717543,0.006719659100221257,0.14921643150934555,0.014343728848857188,1.5214213132858276,1.2866449356079102,2.863189697265625,1.002314805984497,0.8328255414962769,1.8042900562286377,3.389624834060669,2.3653011322021484,6.388976573944092,0.32179635763168335,0.2339051216840744,0.5560927987098694,0.10718350112438202,0.07364501804113388,0.1432495415210724,0.49595773220062256,0.15066789090633392,0.9741051197052002,1.5397815704345703,1.2906494140625,2.9410178661346436,1.0103965997695923,0.8706116676330566,1.7897552251815796,2.7790307998657227,1.9803555011749268,5.349206447601318
cartpole,dispersion,greedy,0.5,6,900,115242,0.9870644972281065,0.2519480744867323,0.9854211663066955,0.0016645582262467542,0.9983354417737532,0.014578833693304536,0.2506464656982697,0.0013016087884625397,2.0107107162475586,1.7836724519729614,3.6179115772247314,1.4404211044311523,1.2177150249481201,2.640435218811035,4.373440742492676,3.6123368740081787,6.9565324783325195,0.2976617217063904,0.16004860401153564,0.6430783271789551,0.13583555817604065,0.08092306554317474,0.17607931792736053,0.5785873532295227,0.15260666608810425,1.6186633110046387,2.12247371673584,1.8783196210861206,3.846294641494751,1.4272741079330444,1.2373932600021362,2.5776963233947754,4.872429370880127,3.275631904602051,9.576202392578125
cartpole,dispersion,greedy,0.5,7,1000,115242,0.9679726873679078,0.15505631627358082,0.9517263427109974,0.0021682516114587386,0.9978317483885413,0.048273657289002556,0.1387688516339529,0.016287464639627915,1.6989099979400635,1.456560730934143,3.1362271308898926,1.1401393413543701,0.9328049421310425,2.0743777751922607,3.9394593238830566,2.824578046798706,6.730961799621582,0.27543729543685913,0.17613470554351807,0.5281258225440979,0.10563553869724274,0.07263284921646118,0.1370999664068222,0.4768504500389099,0.1369214653968811,0.8746023178100586,1.771727442741394,1.5127989053726196,3.275000810623169,1.1540703773498535,0.9768827557563782,2.0743613243103027,4.034118175506592,2.4909191131591797,7.238783359527588
cartpole,dispersion,greedy,0.5,8,1100,115242,0.9806619895664689,0.1887159195432221,0.9756599552572707,0.001919362480107873,0.9980806375198922,0.024340044742729307,0.18739695597091338,0.001318963572308707,1.5745042562484741,1.330308437347412,2.9647581577301025,1.0453426837921143,0.8775398135185242,1.8840337991714478,3.558816909790039,2.39499568939209,6.610696792602539,0.2781675457954407,0.17998115718364716,0.534372091293335,0.11768721789121628,0.08044135570526123,0.1548897922039032,0.4624063968658447,0.14666059613227844,0.8655255436897278,1.5741026401519775,1.3062223196029663,3.010859966278076,1.0297373533248901,0.8971431255340576,1.8314838409423828,2.8931338787078857,1.9771244525909424,6.069990158081055
cartpole,dispersion,greedy,0.5,9,1200,115242,0.9827586206896551,0.1683327259158987,0.9817206921764563,0.002382263509469198,0.9976177364905308,0.01827930782354375,0.16762117977820587,0.000711546137692855,1.4749356508255005,1.2522165775299072,2.7571020126342773,0.9374951124191284,0.7820854783058167,1.7158563137054443,3.4278035163879395,2.258349895477295,6.325835227966309,0.26171019673347473,0.18629714846611023,0.45826175808906555,0.09622690826654434,0.07335204631090164,0.13106001913547516,0.3808045983314514,0.1501137614250183,0.5431116819381714,1.477378249168396,1.2252751588821411,2.8418071269989014,0.9405941963195801,0.8109433650970459,1.706954836845398,2.6222712993621826,1.8509981632232666,4.808880805969238
cartpole,dispersion,greedy,0.5,10,1300,115242,0.9799002241341913,0.10407663872546467,0.9794753197947532,0.0030421312813859592,0.996957868718614,0.020524680205246802,0.06862949271966817,0.0354471460057965,1.295007348060608,1.0868515968322754,2.4658572673797607,0.7808430790901184,0.6479442119598389,1.3821511268615723,2.969122886657715,1.8922995328903198,6.148078441619873,0.25338014960289,0.20402830839157104,0.3745594620704651,0.09016786515712738,0.07129443436861038,0.12513667345046997,0.2991783916950226,0.13285788893699646,0.29577571153640747,1.3205538988113403,1.0872230529785156,2.5694451332092285,0.8239424824714661,0.7122123837471008,1.4541484117507935,2.2580132484436035,1.696162462234497,4.133433818817139
cartpole,dispersion,greedy,0.5,11,1400,115242,0.9786471197514142,0.10982974957046909,0.9675462780622293,0.0013794637890755367,0.9986205362109245,0.032453721937770776,0.04843720171465264,0.06139254785581646,1.295231819152832,1.0784765481948853,2.4934098720550537,0.7773606777191162,0.6433297395706177,1.4003314971923828,3.0679492950439453,1.9107627868652344,6.27260160446167,0.171575665473938,0.1270419806241989,0.2318899929523468,0.08107516914606094,0.05911099165678024,0.10613807290792465,0.23530814051628113,0.1121174544095993,0.22643741965293884,1.3308345079421997,1.0941286087036133,2.598493814468384,0.8218789100646973,0.7063232660293579,1.4707989692687988,2.4846479892730713,1.7168103456497192,5.693233966827393
cartpole,dispersion,greedy,0.5,12,1500,115242,0.9868992598255552,0.09559014942468892,0.9877573734001113,0.0022370617696160265,0.997762938230384,0.012242626599888704,0.04265805869387897,0.05293209073080995,1.1706016063690186,0.9787193536758423,2.269488573074341,0.7246454954147339,0.5936787128448486,1.2940850257873535,2.4192726612091064,1.6900824308395386,5.756371974945068,0.16048838198184967,0.1451101303100586,0.17812588810920715,0.061606232076883316,0.05226132646203041,0.08309485018253326,0.1270638108253479,0.09503856301307678,0.15609349310398102,1.2107117176055908,0.999822199344635,2.3987796306610107,0.7772514224052429,0.6585031151771545,1.3982750177383423,1.963443398475647,1.5850404500961304,3.2484207153320312
cartpole,dispersion,greedy,0.5,13,1600,115242,0.9852133502323617,0.11157390534700891,0.9846460924305236,0.0020703238657982497,0.9979296761342018,0.015353907569476431,0.0738532826573645,0.0377206226896444,1.3426438570022583,1.1318215131759644,2.5638864040374756,0.815748929977417,0.6748765707015991,1.4922622442245483,3.1237621307373047,1.9740321636199951,6.2759785652160645,0.22379185259342194,0.16313780844211578,0.36397507786750793,0.09447377920150757,0.06851337850093842,0.12539997696876526,0.32599228620529175,0.12748084962368011,0.3798854947090149,1.3714971542358398,1.1426457166671753,2.657655715942383,0.8518450856208801,0.7316362857818604,1.5467939376831055,2.446423292160034,1.755171298980713,4.89890718460083
cartpole,dispersion,greedy,0.5,14,1700,115242,0.9751512897663882,0.08848336543968345,0.9800883452259599,0.0048931694896490645,0.995106830510351,0.019911654774040097,0.04015896982003089,0.04832439561965256,1.2660269737243652,1.0597001314163208,2.4230823516845703,0.7618399858474731,0.6316238045692444,1.3761928081512451,2.817420244216919,1.8473589420318604,6.1058735847473145,0.2859715223312378,0.25563547015190125,0.3364931344985962,0.07107380032539368,0.05814193934202194,0.09764186292886734,0.20501910150051117,0.1076057106256485,0.2188963145017624,1.3074126243591309,1.0743287801742554,2.5672459602355957,0.8150683045387268,0.6956542730331421,1.4719003438949585,2.198814630508423,1.6882407665252686,4.390983581542969
cartpole,dispersion,greedy,1.0,0,300,115242,0.9615332945233084,0.2884972492667604,0.979740828618361,0.008967157959936372,0.9910328420400636,0.020259171381638984,0.26755870255635966,0.020938546710400723,2.5337374210357666,2.3366141319274902,4.254415512084961,1.9662556648254395,1.696683645248413,3.541887044906616,4.872842788696289,4.868473052978516,7.553746223449707,0.5500950813293457,0.41449257731437683,0.938696563243866,0.150734081864357,0.07876843214035034,0.19437187910079956,0.8031007647514343,0.1624213457107544,3.3934288024902344,2.400800943374634,2.204921007156372,4.04412317276001,1.8607375621795654,1.654611349105835,3.193577527999878,3.9281086921691895,3.5563528537750244,7.028305530548096
cartpole,dispersion,greedy,1.0,1,400,115242,0.862462360575088,0.31805244615678313,0.9304538799414348,0.03669765448338038,0.9633023455166196,0.06954612005856516,0.292818590444456,0.025233855712327103,2.9916913509368896,2.8496994972229004,4.80949592590332,2.3358712196350098,2.1237592697143555,4.145178318023682,5.898008346557617,6.00333309173584,7.648042678833008,1.3759180307388306,1.303422451019287,1.6097086668014526,0.1867637187242508,0.12231212109327316,0.19535796344280243,5.907111644744873,6.0100321769714355,6.064978122711182,3.0422613620758057,2.8976473808288574,5.089388847351074,2.222710609436035,2.04801082611084,3.772019863128662,5.6942033767700195,4.9234209060668945,11.216248512268066
cartpole,dispersion,greedy,1.0,2,500,115242,0.9070346751693902,0.24646396279134344,0.857398511820665,0.0046180892655663715,0.9953819107344336,0.14260148817933502,0.18589576716821993,0.060568195623123516,2.3867387771606445,2.229030132293701,4.049594879150391,1.6622962951660156,1.4218615293502808,3.0270700454711914,5.507730484008789,5.432192325592041,7.473905563354492,0.34696313738822937,0.31341245770454407,0.3893470764160156,0.10160394757986069,0.08014831691980362,0.14283770322799683,0.23930297791957855,0.13373129069805145,0.2637859284877777,2.410382032394409,2.2400600910186768,4.273774147033691,1.6266891956329346,1.425903558731079,2.918771982192993,5.275009632110596,3.8530004024505615,9.215751647949219
cartpole,dispersion,greedy,1.0,3,600,115242,0.9541786743515851,0.4504694469030388,0.9576283441793203,0.006080051051157514,0.9939199489488425,0.042371655820679685,0.4504260599434234,4.338695961541799e-05,3.0942494869232178,2.9287760257720947,4.93539571762085,2.4955971240997314,2.2263214588165283,4.322060585021973,6.106439113616943,6.140575408935547,7.920072078704834,0.5385988354682922,0.4286617934703827,0.8192077875137329,0.17328836023807526,0.12755657732486725,0.21360254287719727,0.7502055168151855,0.18686111271381378,2.889061450958252,3.0614254474639893,2.7914187908172607,5.331909656524658,2.207886219024658,1.9498062133789062,3.806870937347412,6.286787986755371,4.955121994018555,13.428116798400879
cartpole,dispersion,greedy,1.0,4,700,115242,0.9307148756538497,0.448725291126499,0.9044052077759943,0.0037808815151148937,0.9962191184848851,0.0955947922240057,0.4487079363426529,1.7354783846167197e-05,2.8590879440307617,2.7184276580810547,4.641551971435547,2.131051540374756,1.8877506256103516,3.81701397895813,5.974692344665527,6.049495220184326,7.81337308883667,0.4604153037071228,0.4051562249660492,0.5695859789848328,0.18388766050338745,0.13180062174797058,0.22887498140335083,0.4084438979625702,0.21345606446266174,0.5199836492538452,2.7283618450164795,2.5401296615600586,4.864367961883545,1.8578863143920898,1.6808178424835205,3.2747015953063965,5.860325813293457,4.3044209480285645,13.160843849182129
cartpole,dispersion,greedy,1.0,5,800,115242,0.9343246592317225,0.48760868433383664,0.8885521885521885,0.000713279480732538,0.9992867205192675,0.11144781144781145,0.48760868433383664,0.0,3.196800470352173,3.015907049179077,5.0259599685668945,2.560452938079834,2.2926597595214844,4.330106735229492,6.205495357513428,6.228214263916016,8.068123817443848,0.2484041154384613,0.22620275616645813,0.3262595236301422,0.15603606402873993,0.1342766284942627,0.23231182992458344,0.21067221462726593,0.17781764268875122,0.3022831976413727,3.0507447719573975,2.7908198833465576,5.302292823791504,2.2163336277008057,1.95017671585083,3.77382493019104,6.088510990142822,4.752889156341553,13.278044700622559
cartpole,dispersion,greedy,1.0,6,900,115242,0.9029813036887316,0.467720102046129,0.8427257722235322,0.0017688266199649737,0.998231173380035,0.15727422777646782,0.467720102046129,0.0,3.0006823539733887,2.8473598957061768,4.740713119506836,2.2934682369232178,2.0433459281921387,3.902146816253662,6.18845796585083,6.169986724853516,8.071525573730469,0.311180979013443,0.2904079854488373,0.3827596604824066,0.15337282419204712,0.13447517156600952,0.2222609519958496,0.21554329991340637,0.17844322323799133,0.30547210574150085,2.771286725997925,2.549299955368042,4.892201900482178,1.8992807865142822,1.709826946258545,3.296765089035034,6.067527770996094,4.344200134277344,13.094836235046387
cartpole,dispersion,greedy,1.0,7,1000,115242,0.909423604757548,0.4713646066538241,0.8701850925462732,0.0030567608875147127,0.9969432391124853,0.12981490745372687,0.4713646066538241,0.0,2.9636688232421875,2.828977584838867,4.588530540466309,2.214609146118164,1.9853847026824951,3.6736044883728027,6.217573165893555,6.178879261016846,7.98121452331543,0.4544942080974579,0.4327629506587982,0.5327949523925781,0.16656330227851868,0.1456936001777649,0.24214836955070496,0.24464812874794006,0.20102977752685547,0.3366459012031555,2.5548436641693115,2.3564658164978027,4.563986301422119,1.7840362787246704,1.61624014377594,3.059918165206909,5.44045877456665,3.6384313106536865,11.839263916015625
cartpole,dispersion,greedy,1.0,8,1100,115242,0.0,0.565288696829281,0.0,0.0,1.0,1.0,0.565288696829281,0.0,3.414137840270996,3.2577807903289795,5.245385646820068,2.946791648864746,2.685901641845703,4.700963020324707,6.2472453117370605,6.169116020202637,8.150129318237305,,,,,,,,,,3.1807808876037598,2.923720598220825,5.616964340209961,2.342383623123169,2.081498861312866,3.9833977222442627,6.412209510803223,4.899776458740234,14.13664722442627
cartpole,dispersion,greedy,1.0,9,1200,115242,0.0,0.5208951597507853,0.0,0.0,1.0,1.0,0.5208951597507853,0.0,3.3784258365631104,3.2538113594055176,5.088565826416016,2.846625804901123,2.642716884613037,4.373815536499023,6.169829368591309,5.929867744445801,8.347283363342285,,,,,,,,,,3.169646739959717,2.972848415374756,5.377370834350586,2.3040199279785156,2.0938515663146973,3.762169599533081,6.308289051055908,5.278676986694336,13.648977279663086
cartpole,dispersion,greedy,1.0,10,1300,115242,0.0,0.5535308307735027,0.0,0.0,1.0,1.0,0.5535308307735027,0.0,3.7316575050354004,3.516298532485962,5.700709819793701,3.273871898651123,2.953516960144043,5.0710859298706055,6.308584690093994,6.061540126800537,8.671330451965332,,,,,,,,,,3.6451303958892822,3.246987819671631,6.495149612426758,2.919708728790283,2.391385555267334,5.185349464416504,6.431235313415527,5.432192325592041,13.653210639953613
cartpole,dispersion,greedy,1.0,11,1400,115242,0.0,0.5331910241057948,0.0,0.0,1.0,1.0,0.5331910241057948,0.0,3.532339096069336,3.4098756313323975,5.2802228927612305,3.034456253051758,2.828289747238159,4.440104007720947,6.313819408416748,6.0985493659973145,8.656598091125488,,,,,,,,,,3.12682843208313,2.9179413318634033,5.290371894836426,2.2796337604522705,2.0504345893859863,3.6645946502685547,6.35797643661499,5.3725385665893555,13.650922775268555
cartpole,dispersion,greedy,1.0,12,1500,115242,0.0,0.9498099651168844,0.0,0.0,1.0,1.0,0.9498099651168844,0.0,6.387143611907959,6.076089382171631,9.939783096313477,5.633552551269531,5.209228992462158,9.174643516540527,9.916984558105469,9.842598915100098,15.308895111083984,,,,,,,,,,12.621182441711426,12.598185539245605,17.426565170288086,12.460673332214355,12.456329345703125,17.31972312927246,16.36968231201172,16.44173812866211,21.83516502380371
cartpole,dispersion,greedy,1.0,13,1600,115242,0.0,0.9725620867392096,,0.0,1.0,,0.9725620867392096,0.0,3.5611801147460938,3.426143169403076,5.323781490325928,3.113093852996826,2.903043270111084,4.576163291931152,6.1680588722229,5.928369998931885,8.301346778869629,,,,,,,,,,4.071656703948975,4.012328624725342,6.129273891448975,4.024964332580566,3.94014310836792,6.056278705596924,5.725078105926514,5.737691879272461,7.927980422973633
cartpole,dispersion,greedy,1.0,14,1700,115242,0.0,0.6847763836101421,0.0,0.0,1.0,1.0,0.6847763836101421,0.0,3.5601818561553955,3.4035558700561523,5.435511589050293,3.142183542251587,2.904313325881958,4.73128604888916,6.065983295440674,5.812941551208496,8.1427640914917,,,,,,,,,,3.300722122192383,3.019432544708252,6.091121196746826,2.420651435852051,2.0553016662597656,4.112443447113037,7.227065086364746,5.00132942199707,14.655952453613281
cartpole,dispersion,greedy_diverse,0.5,0,300,115242,0.9615332945233084,0.2884972492667604,0.979740828618361,0.008967157959936372,0.9910328420400636,0.020259171381638984,0.26755870255635966,0.020938546710400723,2.5337374210357666,2.3366141319274902,4.254415512084961,1.9662556648254395,1.696683645248413,3.541887044906616,4.872842788696289,4.868473052978516,7.553746223449707,0.5500950813293457,0.41449257731437683,0.938696563243866,0.150734081864357,0.07876843214035034,0.19437187910079956,0.8031007647514343,0.1624213457107544,3.3934288024902344,2.400800943374634,2.204921007156372,4.04412317276001,1.8607375621795654,1.654611349105835,3.193577527999878,3.9281086921691895,3.5563528537750244,7.028305530548096
cartpole,dispersion,greedy_diverse,0.5,1,400,115242,0.9866943304316449,0.23961750056403047,0.992018864502086,0.002702279313856035,0.997297720686144,0.007981135497914021,0.22631505874594332,0.013302441818087155,2.2101333141326904,1.9689363241195679,3.9650304317474365,1.693089246749878,1.4230005741119385,3.130122184753418,4.289234638214111,3.910130739212036,7.22593355178833,0.3376557528972626,0.20313605666160583,0.6671727895736694,0.13447792828083038,0.07277481257915497,0.1551874876022339,0.6056393384933472,0.13917629420757294,2.1380929946899414,2.2786433696746826,2.029805898666382,4.098392963409424,1.7045872211456299,1.4673962593078613,3.0278890132904053,3.913154125213623,3.2953953742980957,7.6533308029174805
cartpole,dispersion,greedy_diverse,0.5,2,500,115242,0.8776938342095184,0.27312091077905626,0.9478869002857573,0.04001759638990194,0.959982403610098,0.052113099714242744,0.23683205775672064,0.03628885302233561,2.8900370597839355,2.6817667484283447,4.746952056884766,2.3974037170410156,2.0916895866394043,4.162341117858887,5.842588424682617,5.87119722366333,7.844625949859619,1.2655718326568604,1.2144664525985718,1.3720941543579102,0.1509409099817276,0.09549593180418015,0.16917669773101807,5.9521260261535645,6.038921356201172,6.0764665603637695,3.029305934906006,2.767267942428589,5.227191925048828,2.369605541229248,2.085537910461426,3.976303815841675,5.727126121520996,4.9602460861206055,10.942110061645508
cartpole,dispersion,greedy_diverse,0.5,3,600,115242,0.9848896947718343,0.199814303812846,0.9879749393694423,0.002198763347465348,0.9978012366525346,0.012025060630557801,0.1909373318755315,0.00887697193731452,2.033599615097046,1.8165357112884521,3.6796255111694336,1.514265775680542,1.2619035243988037,2.7761342525482178,4.084029674530029,3.5378293991088867,6.742893218994141,0.2774799168109894,0.2074514478445053,0.4265440106391907,0.11405313014984131,0.08282895386219025,0.15515626966953278,0.3539803624153137,0.14535224437713623,0.5534316897392273,2.1502301692962646,1.9305124282836914,3.9129154682159424,1.5348364114761353,1.3109095096588135,2.74804425239563,3.9924867153167725,3.2362115383148193,7.0632219314575195
cartpole,dispersion,greedy_diverse,0.5,4,700,115242,0.9852953463113042,0.20492528765554224,0.99092513234182,0.0030605205393540295,0.996939479460646,0.009074867658179985,0.19030388226514638,0.014621405390395862,2.123032331466675,1.929240345954895,3.7627501487731934,1.5574640035629272,1.3081694841384888,2.8403167724609375,4.331785678863525,3.9020423889160156,6.856799602508545,0.33196040987968445,0.21943674981594086,0.5746817588806152,0.13602109253406525,0.0799434632062912,0.17472302913665771,0.5101186037063599,0.14261342585086823,1.1959562301635742,2.232126235961914,2.038365364074707,3.9871935844421387,1.5675039291381836,1.350540280342102,2.7944228649139404,4.136172771453857,3.457045316696167,6.8609700202941895
cartpole,dispersion,greedy_diverse,0.5,5,800,115242,0.9594093475428457,0.21349855087554884,0.9894570011025359,0.01395055565772535,0.9860494443422746,0.010542998897464167,0.188498984745145,0.024999566130403845,2.2118263244628906,2.023498058319092,3.858283281326294,1.5927228927612305,1.3491394519805908,2.910872459411621,4.923990726470947,4.663845062255859,7.2015275955200195,0.6288843750953674,0.5182679295539856,0.9132493734359741,0.1497001051902771,0.08420689404010773,0.18169303238391876,0.9019429683685303,0.16415083408355713,4.217748641967773,2.261204719543457,2.066964626312256,4.075021266937256,1.5910028219223022,1.383551836013794,2.86806321144104,4.085537910461426,3.2646989822387695,7.359354496002197
cartpole,dispersion,greedy_diverse,0.5,6,900,115242,0.9799959750452808,0.17931830409052255,0.9803511032372363,0.0030793948319721514,0.9969206051680278,0.01964889676276373,0.1775481161382135,0.001770187952309054,1.549592137336731,1.3769596815109253,2.852447032928467,1.0035377740859985,0.8363285660743713,1.8408422470092773,3.351422071456909,2.5286812782287598,6.255771160125732,0.3116949796676636,0.20812949538230896,0.5786038637161255,0.10502860695123672,0.0694216638803482,0.1333245486021042,0.5120726823806763,0.14433538913726807,1.0912089347839355,1.5636072158813477,1.3937509059906006,2.9111032485961914,0.9969758987426758,0.8593153357505798,1.8092560768127441,2.667353868484497,2.0510799884796143,4.496824264526367
cartpole,dispersion,greedy_diverse,0.5,7,1000,115242,0.9844140122569419,0.1323128720431787,0.9861300591177808,0.002638248847926267,0.9973617511520737,0.01386994088221919,0.11796046580239843,0.01435240624078027,1.3537108898162842,1.142903447151184,2.590611219406128,0.8715853095054626,0.7176524996757507,1.5933111906051636,2.8395516872406006,1.9164948463439941,6.054701328277588,0.279145210981369,0.18809227645397186,0.5422033667564392,0.09259278327226639,0.06462544202804565,0.12099936604499817,0.4813101589679718,0.14025484025478363,1.0545001029968262,1.37123703956604,1.155927062034607,2.6333701610565186,0.8923949003219604,0.7646670937538147,1.6090397834777832,2.16231107711792,1.703926682472229,3.6559813022613525
cartpole,dispersion,greedy_diverse,0.5,8,1100,115242,0.9830061046032008,0.1428906127974176,0.9864238410596027,0.002860603264317435,0.9971393967356825,0.013576158940397352,0.12964891272279203,0.01324170007462557,1.412814974784851,1.2253018617630005,2.6382269859313965,0.8789380788803101,0.7276228666305542,1.6068894863128662,3.061527729034424,2.1664321422576904,6.1265339851379395,0.2877340018749237,0.21616671979427338,0.4807668924331665,0.10363440215587616,0.07614174485206604,0.14309749007225037,0.40187975764274597,0.14811238646507263,0.7024142146110535,1.424291729927063,1.2303608655929565,2.6872992515563965,0.891578197479248,0.7629945278167725,1.6131504774093628,2.3816373348236084,1.8621058464050293,4.012022972106934
cartpole,dispersion,greedy_diverse,0.5,9,1200,115242,0.9801857585139319,0.11844639975009111,0.9762565525747764,0.0023019634394041977,0.9976980365605957,0.02374344742522356,0.08602766352545078,0.032418736224640324,1.3119745254516602,1.1212714910507202,2.4750945568084717,0.7991146445274353,0.6652814149856567,1.447594404220581,2.9972915649414062,1.9225748777389526,6.0452470779418945,0.21681247651576996,0.1746816188097,0.3095281422138214,0.08369883894920349,0.06703375279903412,0.1166629046201706,0.24994346499443054,0.12915445864200592,0.2890356481075287,1.316907286643982,1.102874517440796,2.549243688583374,0.8325585126876831,0.7137625813484192,1.499396800994873,2.2213587760925293,1.6598479747772217,3.9401662349700928
cartpole,dispersion,greedy_diverse,0.5,10,1300,115242,0.9787859847788521,0.12603044029086619,0.9870235800088981,0.004608400586940572,0.9953915994130594,0.012976419991101884,0.11182554971277833,0.01420489057808785,1.408170461654663,1.2038004398345947,2.6788337230682373,0.8998416662216187,0.7378902435302734,1.6355137825012207,3.0754120349884033,2.1072468757629395,6.264076232910156,0.33408036828041077,0.26593291759490967,0.5156682133674622,0.09813831001520157,0.07440700381994247,0.1346183717250824,0.4230937063694,0.14115776121616364,0.6973186135292053,1.4407211542129517,1.2232416868209839,2.7754745483398438,0.9269927144050598,0.7887862920761108,1.6680322885513306,2.5215251445770264,1.8814826011657715,4.685970306396484
cartpole,dispersion,greedy_diverse,0.5,11,1400,115242,0.9810003174171313,0.13403099564394924,0.975559163059163,0.0016683951841998466,0.9983316048158002,0.02444083694083694,0.08543760087468111,0.04859339476926815,1.379615306854248,1.1692432165145874,2.6377978324890137,0.8638852834701538,0.7026380300521851,1.5876281261444092,3.100050449371338,2.0702619552612305,6.327190399169922,0.1867273598909378,0.1488388627767563,0.23883067071437836,0.08621008694171906,0.0668092742562294,0.11857414990663528,0.21312372386455536,0.11395744234323502,0.22734658420085907,1.4065932035446167,1.1799261569976807,2.727919340133667,0.8994777798652649,0.761320948600769,1.639371633529663,2.4409594535827637,1.8450406789779663,4.93431282043457
cartpole,dispersion,greedy_diverse,0.5,12,1500,115242,0.9872333613479011,0.1207806181774006,0.9861677460622051,0.0016438479553233653,0.9983561520446766,0.013832253937794834,0.07163187032505511,0.0491487478523455,1.319832444190979,1.1078380346298218,2.548318386077881,0.8187540173530579,0.6676878929138184,1.4776891469955444,2.928727388381958,1.9157469272613525,6.253847122192383,0.17135046422481537,0.13596023619174957,0.22002896666526794,0.07878002524375916,0.06159920245409012,0.10963524132966995,0.2028322070837021,0.10942639410495758,0.224159374833107,1.3400743007659912,1.1108932495117188,2.6326119899749756,0.8549630641937256,0.7221032381057739,1.5318526029586792,2.3656365871429443,1.7155941724777222,4.9297709465026855
cartpole,dispersion,greedy_diverse,0.5,13,1600,115242,0.9806110632738502,0.08742472362506724,0.9908790879087909,0.005660889019457187,0.9943391109805428,0.00912091209120912,0.07309834956005623,0.01432637406501102,1.2481510639190674,1.0485039949417114,2.426326036453247,0.7648214101791382,0.6283693313598633,1.3749418258666992,2.7313950061798096,1.8223975896835327,6.078178882598877,0.3390232026576996,0.25662460923194885,0.6061437726020813,0.08528111129999161,0.06189507246017456,0.11102491617202759,0.5279698371887207,0.12490537017583847,1.6230921745300293,1.2833352088928223,1.0692166090011597,2.532752275466919,0.8111559152603149,0.6968891620635986,1.4459258317947388,2.183563709259033,1.6713244915008545,3.9049296379089355
cartpole,dispersion,greedy_diverse,0.5,14,1700,115242,0.984337229709593,0.10661911455892817,0.98705007305087,0.003162792814316757,0.9968372071856832,0.01294992694913003,0.07659533850505892,0.030023776053869248,1.2188963890075684,1.0401620864868164,2.3731398582458496,0.7579099535942078,0.6219371557235718,1.3773804903030396,2.5380256175994873,1.779351830482483,5.863135814666748,0.2075463831424713,0.17984600365161896,0.25223201513290405,0.064875029027462,0.0547262504696846,0.08691418915987015,0.18402010202407837,0.10837392508983612,0.20634813606739044,1.2482529878616333,1.0516188144683838,2.5001609325408936,0.8076516389846802,0.6868284940719604,1.4644540548324585,2.077277421951294,1.6161255836486816,3.6516098976135254
cartpole,dispersion,greedy_diverse,1.0,0,300,115242,0.9759707899541126,0.324890230992173,0.9820276040115182,0.004517938874944633,0.9954820611250553,0.017972395988481778,0.32469932836986515,0.00019090262230783917,2.2671101093292236,2.0862441062927246,3.8378100395202637,1.681174635887146,1.413352608680725,3.0635085105895996,4.444812774658203,4.391219615936279,7.114722728729248,0.39997196197509766,0.2796081304550171,0.7361854314804077,0.12847056984901428,0.07393808662891388,0.1692696213722229,0.6363305449485779,0.15302565693855286,2.309626579284668,1.8971498012542725,1.7179161310195923,3.2331907749176025,1.535494089126587,1.3325973749160767,2.7033472061157227,3.104865550994873,2.8313827514648438,5.402329921722412
cartpole,dispersion,greedy_diverse,1.0,1,400,115242,0.9329360349622567,0.2984849273702296,0.9675319324268644,0.01883304952771835,0.9811669504722816,0.032468067573135556,0.297487027299075,0.0009979000711546138,2.5128173828125,2.2906641960144043,4.343559265136719,1.9680986404418945,1.6760081052780151,3.5727343559265137,5.068859577178955,5.0486531257629395,7.474554061889648,0.7906296253204346,0.6801937818527222,1.1965495347976685,0.15155811607837677,0.09034620970487595,0.18976786732673645,2.2218542098999023,0.22643788158893585,5.329471111297607,2.5560343265533447,2.330205202102661,4.484304904937744,1.9333279132843018,1.6848368644714355,3.3529913425445557,4.551947593688965,3.988821506500244,8.197395324707031
cartpole,dispersion,greedy_diverse,1.0,2,500,115242,0.9322190264286102,0.39758074313184427,0.9316628701594533,0.010281538078232705,0.9897184619217673,0.0683371298405467,0.39729438919838256,0.0002863539334617587,2.804703712463379,2.60329532623291,4.685288429260254,2.2461318969726562,1.9285675287246704,3.9988765716552734,5.424097537994385,5.589509010314941,7.606603145599365,0.637919008731842,0.499058336019516,1.0115888118743896,0.1906593143939972,0.12190945446491241,0.2227783203125,0.938901960849762,0.20367659628391266,4.17075777053833,2.9657726287841797,2.73960018157959,5.093306064605713,2.1334800720214844,1.8462588787078857,3.7203989028930664,5.745562553405762,5.045766830444336,11.163429260253906
cartpole,dispersion,greedy_diverse,1.0,3,600,115242,0.9568781183178902,0.42299682407455613,0.9316446911866759,0.001481944970443431,0.9985180550295566,0.06835530881332408,0.42290137276340223,9.545131115391958e-05,2.769235849380493,2.5913140773773193,4.59207820892334,2.1221585273742676,1.8459858894348145,3.7868220806121826,5.514686584472656,5.6167378425598145,7.576797962188721,0.32333919405937195,0.22522808611392975,0.5290117263793945,0.18116146326065063,0.13209301233291626,0.23069152235984802,0.4822843074798584,0.20236161351203918,0.8113359212875366,2.7251622676849365,2.538078546524048,4.764995574951172,1.9097144603729248,1.7001539468765259,3.3130874633789062,5.149217128753662,4.288516998291016,11.880110740661621
cartpole,dispersion,greedy_diverse,1.0,4,700,115242,0.9097752446499624,0.3814060845872165,0.8379556259904913,0.00031702898550724635,0.9996829710144928,0.16204437400950872,0.3813366654518318,6.941913538466879e-05,2.280019998550415,2.1174938678741455,3.895604372024536,1.5634700059890747,1.317960500717163,2.8252317905426025,5.033256530761719,5.149030685424805,7.1948089599609375,0.20011495053768158,0.1576283872127533,0.2971639037132263,0.1516105979681015,0.12626275420188904,0.20951367914676666,0.26714402437210083,0.19525139033794403,0.3795388638973236,2.1324522495269775,1.9650298357009888,3.8288636207580566,1.4130723476409912,1.2353427410125732,2.5355377197265625,3.766561269760132,2.7122738361358643,8.467793464660645
cartpole,dispersion,greedy_diverse,1.0,5,800,115242,0.9480789200415368,0.460760833723816,0.9024711696869852,6.767273465520742e-05,0.9999323272653448,0.09752883031301483,0.46065670502073897,0.00010412870307700318,3.0260238647460938,2.8612239360809326,4.945302963256836,2.429337501525879,2.064974546432495,4.378307342529297,5.879791259765625,6.083686828613281,7.941934585571289,0.20295268297195435,0.14028005301952362,0.34276846051216125,0.16130562126636505,0.12996530532836914,0.22364495694637299,0.320993572473526,0.17432785034179688,0.5241628885269165,2.825998544692993,2.613629102706909,5.016412258148193,2.056442975997925,1.7747044563293457,3.63930082321167,5.075845241546631,4.244943618774414,11.836238861083984
cartpole,dispersion,greedy_diverse,1.0,6,900,115242,0.9399127223900638,0.4530726644799639,0.8866371120962635,0.0,1.0,0.11336288790373654,0.4530639870880408,8.677391923083599e-06,2.921527624130249,2.756751537322998,4.730315208435059,2.3003010749816895,1.9817302227020264,4.082463264465332,5.587522029876709,5.736360549926758,7.569993495941162,0.17913487553596497,0.14027810096740723,0.2677434980869293,0.16772298514842987,0.13934877514839172,0.2418583631515503,0.2448642998933792,0.18163445591926575,0.36424049735069275,2.819641590118408,2.614863634109497,4.869622707366943,2.0836143493652344,1.8341078758239746,3.5719873905181885,5.061567306518555,4.382877826690674,11.339771270751953
cartpole,dispersion,greedy_diverse,1.0,7,1000,115242,0.9872853000223064,0.3210808559379393,0.9761799735333039,8.140449895530894e-05,0.9999185955010447,0.023820026466696075,0.32105482376217004,2.6032175769250796e-05,1.895735263824463,1.7146896123886108,3.2951974868774414,1.2937041521072388,1.1131856441497803,2.2383992671966553,4.1318488121032715,3.5107409954071045,6.460378646850586,0.16087663173675537,0.13406617939472198,0.24611644446849823,0.1448272466659546,0.1262790709733963,0.2198934704065323,0.21988648176193237,0.17818789184093475,0.3389643132686615,1.8910574913024902,1.7059307098388672,3.4160354137420654,1.256305456161499,1.1211143732070923,2.152672290802002,3.709716558456421,2.6379449367523193,7.295984745025635
cartpole,dispersion,greedy_diverse,1.0,8,1100,115242,0.9512262331220722,0.34929105707988406,0.906988964792433,0.0,1.0,0.093011035207567,0.34924767012026864,4.338695961541799e-05,1.9314371347427368,1.7244535684585571,3.4000182151794434,1.3723013401031494,1.1637017726898193,2.392214298248291,3.9797589778900146,3.2464351654052734,6.534381866455078,0.1716420203447342,0.12953685224056244,0.2717735469341278,0.15044675767421722,0.1265137791633606,0.21332979202270508,0.26026979088783264,0.17826169729232788,0.3581399619579315,1.8844035863876343,1.662905216217041,3.478447675704956,1.3199702501296997,1.156050443649292,2.300492525100708,3.2747271060943604,2.3426225185394287,7.222179412841797
cartpole,dispersion,greedy_diverse,1.0,9,1200,115242,0.982875781462354,0.3642942677148956,0.9663281667557456,0.0,1.0,0.03367183324425441,0.36421617118758787,7.809652730775239e-05,2.011547088623047,1.7711073160171509,3.584782123565674,1.5168942213058472,1.2653820514678955,2.6311235427856445,3.738640308380127,3.1290171146392822,6.489654541015625,0.19886833429336548,0.13515061140060425,0.34717056155204773,0.1632581651210785,0.13502061367034912,0.23232710361480713,0.3191031515598297,0.17979586124420166,0.38841333985328674,2.0686237812042236,1.8148267269134521,3.783952474594116,1.4827499389648438,1.2792365550994873,2.561307907104492,3.5518460273742676,2.664897918701172,7.407275676727295
cartpole,dispersion,greedy_diverse,1.0,10,1300,115242,0.9979065906301885,0.2543170024817341,0.9969710082215492,0.00010126454095517779,0.9998987354590448,0.003028991778450887,0.2533971989378872,0.0009198035438468614,1.6274195909500122,1.4522448778152466,2.8423874378204346,1.1510107517242432,1.0045428276062012,1.9082541465759277,3.271606683731079,2.6039137840270996,5.630013942718506,0.20317251980304718,0.1258099377155304,0.40085574984550476,0.14219427108764648,0.1181408166885376,0.19954560697078705,0.3495873510837555,0.1672518402338028,0.36686640977859497,1.64834725856781,1.4452333450317383,3.023740291595459,1.1344614028930664,1.0085680484771729,1.8894271850585938,2.911053419113159,2.2114667892456055,5.199952125549316
cartpole,dispersion,greedy_diverse,1.0,11,1400,115242,0.996482341353595,0.25581819128442757,0.9949423995504355,0.00017801965845656956,0.9998219803415435,0.005057600449564484,0.25365752069557973,0.002160670588847816,1.6719778776168823,1.4767014980316162,2.9202799797058105,1.2571817636489868,1.072521448135376,2.0839600563049316,3.2861440181732178,2.6587321758270264,5.675897598266602,0.21844862401485443,0.12603901326656342,0.478399395942688,0.13193824887275696,0.11047255992889404,0.17125877737998962,0.39705657958984375,0.16987740993499756,0.4165581464767456,1.7068142890930176,1.4818806648254395,3.127917528152466,1.2669107913970947,1.1026384830474854,2.0960886478424072,2.907005548477173,2.2807810306549072,5.135521411895752
cartpole,dispersion,greedy_diverse,1.0,12,1500,115242,0.9973140382612509,0.2857465160271429,0.9968222660530353,0.0002732763096767141,0.9997267236903233,0.003177733946964716,0.2833949428159872,0.002351573211155655,1.5823314189910889,1.4002480506896973,2.759622097015381,1.1071144342422485,0.9467004537582397,1.8565349578857422,3.3420865535736084,2.7369585037231445,5.3664870262146,0.22213880717754364,0.12346228957176208,0.49035364389419556,0.12960247695446014,0.10706925392150879,0.17177216708660126,0.41046085953712463,0.1612352430820465,0.4041476249694824,1.553901195526123,1.3323088884353638,2.9488611221313477,1.058680534362793,0.9193438291549683,1.7888798713684082,2.772491455078125,2.0281624794006348,5.674696922302246
cartpole,dispersion,greedy_diverse,1.0,13,1600,115242,0.9966558625302259,0.22376390552055675,0.9940476190476191,8.781723977870056e-05,0.9999121827602213,0.005952380952380952,0.21067839850054668,0.013085507020010066,1.5615119934082031,1.3624112606048584,2.803903102874756,1.101935863494873,0.9233556985855103,1.915029525756836,3.2081737518310547,2.549462080001831,5.636760711669922,0.20906607806682587,0.11416321247816086,0.4624468684196472,0.13215209543704987,0.10741185396909714,0.1736815869808197,0.4191572666168213,0.16345131397247314,0.35811367630958557,1.5671521425247192,1.3404581546783447,2.9788384437561035,1.0998566150665283,0.9443572759628296,1.9121731519699097,2.6968722343444824,2.0164926052093506,5.094845294952393
cartpole,dispersion,greedy_diverse,1.0,14,1700,115242,0.9974028150134048,0.17425070720744174,0.9960676037483266,0.00018026896129024505,0.9998197310387098,0.00393239625167336,0.15255722739973274,0.021693479807708995,1.3370636701583862,1.1653544902801514,2.4150044918060303,0.9095893502235413,0.766545295715332,1.5671799182891846,2.7337992191314697,2.1234142780303955,4.752901077270508,0.14587515592575073,0.08298039436340332,0.32484787702560425,0.08191116154193878,0.0667138323187828,0.10540894418954849,0.23248794674873352,0.13018277287483215,0.23139864206314087,1.395054578781128,1.1936293840408325,2.6464552879333496,0.9417531490325928,0.8067442178726196,1.6293370723724365,2.3924341201782227,1.8515045642852783,3.825406551361084
cartpole,dispersion,proportional,0.5,0,300,115242,0.9615332945233084,0.2884972492667604,0.979740828618361,0.008967157959936372,0.9910328420400636,0.020259171381638984,0.26755870255635966,0.020938546710400723,2.5337374210357666,2.3366141319274902,4.254415512084961,1.9662556648254395,1.696683645248413,3.541887044906616,4.872842788696289,4.868473052978516,7.553746223449707,0.5500950813293457,0.41449257731437683,0.938696563243866,0.150734081864357,0.07876843214035034,0.19437187910079956,0.8031007647514343,0.1624213457107544,3.3934288024902344,2.400800943374634,2.204921007156372,4.04412317276001,1.8607375621795654,1.654611349105835,3.193577527999878,3.9281086921691895,3.5563528537750244,7.028305530548096
cartpole,dispersion,proportional,0.5,1,400,115242,0.867845551882071,0.37226011350028637,0.993196334351569,0.0735096137250164,0.9264903862749836,0.006803665648430992,0.3704378611964388,0.0018222523038475555,3.2466413974761963,3.047140121459961,5.273787498474121,2.820411443710327,2.5255308151245117,4.8930158615112305,6.060760498046875,6.169288635253906,8.622066497802734,1.6945339441299438,1.5246549844741821,2.308058023452759,0.34508416056632996,0.11212924122810364,0.31059959530830383,6.213119983673096,6.402205944061279,6.552402019500732,3.10416579246521,2.928380250930786,4.997836112976074,2.698202133178711,2.474198818206787,4.401313781738281,5.129415512084961,4.987617492675781,7.823585510253906
cartpole,dispersion,proportional,0.5,2,500,115242,0.9609905874062515,0.18824734037937557,0.9314988290398126,0.0008763505402160864,0.9991236494597839,0.06850117096018736,0.09883549400392218,0.0894118463754534,2.299959182739258,2.1126813888549805,3.975640058517456,1.7132539749145508,1.4382245540618896,3.1209185123443604,4.975318431854248,4.927471160888672,7.258257865905762,0.19136162102222443,0.12076124548912048,0.23406311869621277,0.11117628216743469,0.06546968221664429,0.1319388747215271,0.30156219005584717,0.11863662302494049,0.2967362403869629,2.35797381401062,2.162339925765991,4.171017646789551,1.7454644441604614,1.4980454444885254,3.09759783744812,4.32561731338501,3.621645450592041,7.34813928604126
cartpole,dispersion,proportional,0.5,3,600,115242,0.9823430493273543,0.14837472449280645,0.97914144706211,0.0017619330923069883,0.998238066907693,0.020858552937889935,0.11484528210201142,0.03352944239079502,1.686816930770874,1.5253962278366089,3.0316147804260254,1.1238317489624023,0.9398357272148132,2.070864200592041,3.478893280029297,2.8311119079589844,6.281421184539795,0.2490026205778122,0.16611316800117493,0.41083255410194397,0.10091640800237656,0.06438899040222168,0.12231682240962982,0.39466750621795654,0.12219167500734329,0.46501994132995605,1.7483869791030884,1.597058892250061,3.1320643424987793,1.155010461807251,0.9948108196258545,2.0848283767700195,3.0445075035095215,2.4631807804107666,5.234352111816406
cartpole,dispersion,proportional,0.5,4,700,115242,0.982248062015504,0.14730740528626715,0.9843082420570186,0.0029979038094457393,0.9970020961905542,0.015691757942981433,0.1315666163377935,0.015740788948473645,1.584823727607727,1.42673659324646,2.8614423274993896,1.0254626274108887,0.8503127694129944,1.8921560049057007,3.251768112182617,2.5709471702575684,6.231673240661621,0.3164289891719818,0.20661431550979614,0.6063894629478455,0.10970429331064224,0.06470762193202972,0.13545696437358856,0.5379727482795715,0.13728517293930054,1.488683819770813,1.6171388626098633,1.4766920804977417,2.8882062435150146,1.0350359678268433,0.8882565498352051,1.8729007244110107,2.671623945236206,2.189683675765991,4.539801120758057
cartpole,dispersion,proportional,0.5,5,800,115242,0.980981314245287,0.16356883775012582,0.9815940701257599,0.0027967055756354803,0.9972032944243645,0.018405929874240026,0.1505614272574235,0.013007410492702313,1.7898598909378052,1.5809582471847534,3.31057071685791,1.2563581466674805,1.0091123580932617,2.3330092430114746,3.614240884780884,2.888573408126831,6.661072731018066,0.3120787441730499,0.20687605440616608,0.5640099048614502,0.12152335047721863,0.06999716907739639,0.1492859125137329,0.5068378448486328,0.14395321905612946,1.11015784740448,1.856964349746704,1.6548954248428345,3.41144061088562,1.2602627277374268,1.0468887090682983,2.295588970184326,3.2915239334106445,2.537501096725464,6.1273579597473145
cartpole,dispersion,proportional,0.5,6,900,115242,0.9798631778301704,0.15016226722896167,0.9711177507086494,0.001696432778851138,0.9983035672211489,0.028882249291350647,0.13305045035664081,0.017111816872320856,1.7267740964889526,1.5557955503463745,3.1349356174468994,1.200011968612671,0.9976881742477417,2.2222185134887695,3.4413416385650635,2.7894794940948486,6.380805969238281,0.26509031653404236,0.14539143443107605,0.5586773157119751,0.11510660499334335,0.0680999681353569,0.14368103444576263,0.52528977394104,0.13912589848041534,1.2612451314926147,1.8074053525924683,1.6509313583374023,3.2515878677368164,1.2195971012115479,1.045867681503296,2.220918893814087,3.1092429161071777,2.4608943462371826,5.320936679840088
cartpole,dispersion,proportional,0.5,7,1000,115242,0.9849070128628887,0.12197809826278613,0.9784776072163317,0.0012083978000383977,0.9987916021999615,0.0215223927836683,0.08648756529737422,0.035490532965411915,1.3336734771728516,1.1944975852966309,2.4808361530303955,0.8363350629806519,0.6938119530677795,1.5134608745574951,2.6712217330932617,1.9055010080337524,5.815493106842041,0.19062364101409912,0.12410645186901093,0.34850358963012695,0.0881219282746315,0.06555861234664917,0.11948315054178238,0.32525914907455444,0.12636840343475342,0.3298264741897583,1.3669840097427368,1.2371342182159424,2.535930633544922,0.8655804395675659,0.7448291778564453,1.5491451025009155,2.122001886367798,1.682253360748291,3.664783239364624
cartpole,dispersion,proportional,0.5,8,1100,115242,0.98201748983865,0.09456621717776505,0.9841387397395545,0.0037099647156260992,0.9962900352843739,0.015861260260445598,0.08216622411967858,0.01239999305808646,1.2456045150756836,1.0874578952789307,2.3190407752990723,0.7483718395233154,0.6257400512695312,1.3358182907104492,2.5580086708068848,1.8204045295715332,5.56623649597168,0.27315154671669006,0.19122864305973053,0.5219073295593262,0.0817793533205986,0.06101532280445099,0.11128894239664078,0.4558805823326111,0.12457055598497391,0.9693148136138916,1.2748994827270508,1.1092933416366577,2.3935325145721436,0.7822572588920593,0.678054690361023,1.3878883123397827,2.0555198192596436,1.6401147842407227,3.298401355743408
cartpole,dispersion,proportional,0.5,9,1200,115242,0.9817104585265327,0.13788375765779837,0.9758449982929327,0.0016317495093340637,0.9983682504906659,0.024155001707067258,0.10106558372815466,0.036818173929643705,1.3738677501678467,1.213334321975708,2.564858913421631,0.8583004474639893,0.7161181569099426,1.5662038326263428,3.0106852054595947,2.0328307151794434,6.1334547996521,0.18003717064857483,0.13620813190937042,0.23173215985298157,0.0754098892211914,0.05537492036819458,0.1003064513206482,0.23323416709899902,0.10711120069026947,0.22970469295978546,1.3785936832427979,1.2142337560653687,2.6134088039398193,0.8834999799728394,0.762496292591095,1.5965015888214111,2.251833438873291,1.7409039735794067,4.092776298522949
cartpole,dispersion,proportional,0.5,10,1300,115242,0.988390122149529,0.11863730237239895,0.9839620510503727,0.0010646852948838473,0.9989353147051162,0.016037948949627286,0.0807865188039083,0.037850783568490656,1.2883161306381226,1.1214262247085571,2.4533486366271973,0.7900805473327637,0.6530419588088989,1.4333271980285645,2.72151517868042,1.9139106273651123,5.961350917816162,0.14994819462299347,0.10498043894767761,0.21326427161693573,0.07591143250465393,0.056328725069761276,0.09741567075252533,0.2252514809370041,0.10489825904369354,0.21491827070713043,1.320474624633789,1.1517020463943481,2.528675079345703,0.828791081905365,0.7144079208374023,1.4887735843658447,2.262272834777832,1.7222071886062622,3.8961174488067627
cartpole,dispersion,proportional,0.5,11,1400,115242,0.9816141845133287,0.13146248763471652,0.973047572657899,0.0013329687606808394,0.9986670312393192,0.02695242734210099,0.07249960951736346,0.05896287811735305,1.2428128719329834,1.0726194381713867,2.3900556564331055,0.7506243586540222,0.621362030506134,1.3751804828643799,2.7704825401306152,1.7930338382720947,6.032973289489746,0.1322348415851593,0.11260609328746796,0.14720891416072845,0.06053498759865761,0.04735603928565979,0.07935948669910431,0.13228271901607513,0.09017201513051987,0.15468239784240723,1.2632675170898438,1.0879625082015991,2.4605486392974854,0.787310779094696,0.6791243553161621,1.4355430603027344,2.158823251724243,1.6196808815002441,3.723595142364502
cartpole,dispersion,proportional,0.5,12,1500,115242,0.9835506367495452,0.10983842696239218,0.9780642243328811,0.0016010210707808057,0.9983989789292192,0.02193577566711895,0.062364415751201815,0.04747401121119037,1.2980493307113647,1.1149139404296875,2.495729923248291,0.7890840768814087,0.6505025625228882,1.4292731285095215,3.0239672660827637,1.9019689559936523,6.239758491516113,0.17166955769062042,0.12859049439430237,0.23209945857524872,0.07294788956642151,0.0553182028234005,0.09492427855730057,0.221726655960083,0.10608655959367752,0.21942372620105743,1.330350637435913,1.1376274824142456,2.590538740158081,0.830095648765564,0.7135930061340332,1.495633602142334,2.3999276161193848,1.7159035205841064,5.121706962585449
cartpole,dispersion,proportional,0.5,13,1600,115242,0.9901149499307724,0.09274396487391749,0.9919354838709677,0.002043703820154064,0.9979562961798459,0.008064516129032258,0.06373544367504903,0.02900852119886847,1.1980810165405273,1.0176054239273071,2.314868450164795,0.7124797701835632,0.5896133780479431,1.2721059322357178,2.5926716327667236,1.7150975465774536,5.941128253936768,0.17284339666366577,0.13417352735996246,0.23561494052410126,0.06838411092758179,0.055190909653902054,0.09159775078296661,0.21109774708747864,0.10336704552173615,0.2005506306886673,1.2368628978729248,1.0430045127868652,2.428995370864868,0.7596648335456848,0.6566888093948364,1.3602404594421387,2.047999143600464,1.5988421440124512,3.4582924842834473
cartpole,dispersion,proportional,0.5,14,1700,115242,0.9800880318591491,0.09516495722045781,0.9740990209013263,0.0021919576295702874,0.9978080423704297,0.025900979098673702,0.04912271567657625,0.04604224154388157,1.19998037815094,1.025015115737915,2.306488513946533,0.7293592095375061,0.6041820049285889,1.2921069860458374,2.47438907623291,1.707815408706665,5.746191024780273,0.16250573098659515,0.14888912439346313,0.17860642075538635,0.061065673828125,0.052903078496456146,0.08028481900691986,0.13546247780323029,0.10368591547012329,0.15916867554187775,1.2490804195404053,1.05538010597229,2.4534623622894287,0.7945959568023682,0.6785815358161926,1.4155945777893066,2.022780179977417,1.5962756872177124,3.498446226119995
cartpole,dispersion,proportional,1.0,0,300,115242,0.928539446583684,0.31993544020409226,0.9552280055274067,0.016440303923456315,0.9835596960765437,0.04477199447259327,0.29749570469099806,0.022439735513094184,2.7740917205810547,2.5825233459472656,4.5454254150390625,2.171032428741455,1.8915538787841797,3.929124355316162,5.4048004150390625,5.585986137390137,7.854950904846191,0.7634416818618774,0.6677072644233704,1.083762526512146,0.14808772504329681,0.08681818842887878,0.18654778599739075,1.2459629774093628,0.216160848736763,5.033840179443359,2.549571990966797,2.361643075942993,4.227795124053955,1.9994195699691772,1.7886266708374023,3.412341594696045,4.103601455688477,3.8027403354644775,7.077550888061523
cartpole,dispersion,proportional,1.0,1,400,115242,0.984999079698141,0.25895072976866074,0.9882733148661127,0.0026686334987260293,0.997331366501274,0.01172668513388735,0.24395619652557227,0.014994533243088456,2.2403483390808105,2.027348041534424,3.9297935962677,1.668087124824524,1.4170827865600586,3.011674404144287,4.517856597900391,4.133572101593018,7.081284999847412,0.3262729048728943,0.19882647693157196,0.6479431986808777,0.1250627338886261,0.07258597016334534,0.16591140627861023,0.5816504955291748,0.13863417506217957,1.9888942241668701,2.336916446685791,2.1100940704345703,4.166684627532959,1.6584826707839966,1.4379994869232178,2.906616687774658,4.195135593414307,3.3682966232299805,9.074566841125488
cartpole,dispersion,proportional,1.0,2,500,115242,0.9691292875989446,0.26152791516981655,0.965055176037835,0.00411209879894144,0.9958879012010585,0.034944823962165,0.24218600857326322,0.01934190659655334,2.229329824447632,2.0547797679901123,3.833833932876587,1.5647886991500854,1.3489593267440796,2.8319318294525146,4.977733135223389,4.789464473724365,7.087799072265625,0.3695014715194702,0.26664355397224426,0.6044245362281799,0.14849162101745605,0.09546121954917908,0.20369310677051544,0.5290008187294006,0.15840189158916473,1.2711386680603027,2.2683632373809814,2.08609676361084,4.036581039428711,1.5309219360351562,1.3506340980529785,2.726884365081787,4.395631790161133,3.5231475830078125,7.658257007598877
cartpole,dispersion,proportional,1.0,3,600,115242,0.9734112490869247,0.4120286006837785,0.9614718614718615,0.0015946341383221818,0.9984053658616778,0.03852813852813853,0.4120112458999323,1.7354783846167197e-05,2.481419563293457,2.2738211154937744,4.261654853820801,1.8513867855072021,1.5926876068115234,3.3354134559631348,5.137078285217285,4.935121536254883,7.357887268066406,0.299628347158432,0.20162342488765717,0.49973687529563904,0.16725939512252808,0.11241916567087173,0.23087972402572632,0.45723187923431396,0.1720346063375473,0.8840811848640442,2.669912338256836,2.431546688079834,4.7750630378723145,1.793833613395691,1.561308741569519,3.1940929889678955,5.5184645652771,4.385839939117432,12.820561408996582
cartpole,dispersion,proportional,1.0,4,700,115242,0.9271406127258445,0.3930251123722254,0.8788160833953834,0.0014091704476826114,0.9985908295523174,0.12118391660461653,0.37463771888721126,0.018387393485014145,2.85648512840271,2.6554203033447266,4.770923137664795,2.2092671394348145,1.8585021495819092,4.017574310302734,5.779261589050293,5.959015369415283,7.794455051422119,0.32715073227882385,0.239745631814003,0.5498386025428772,0.16474460065364838,0.12510694563388824,0.2176477015018463,0.4465285539627075,0.17638736963272095,0.824815571308136,2.738077163696289,2.482560396194458,4.912826061248779,1.9804556369781494,1.6912269592285156,3.5027823448181152,5.171576023101807,4.16456937789917,11.417677879333496
cartpole,dispersion,proportional,1.0,5,800,115242,0.9449097020452344,0.26972805053713056,0.9212397245056654,0.003432859651923998,0.996567140348076,0.07876027549433459,0.2534405858975026,0.016287464639627915,2.0610439777374268,1.8875688314437866,3.6032211780548096,1.3823566436767578,1.1609742641448975,2.5442872047424316,4.902581214904785,4.5679521560668945,7.0807576179504395,0.34828072786331177,0.2860165536403656,0.4765785336494446,0.14938011765480042,0.11158458888530731,0.21190783381462097,0.3925563097000122,0.1747330129146576,0.5925827622413635,1.9997605085372925,1.8172223567962646,3.676825523376465,1.3352006673812866,1.1465814113616943,2.43068265914917,3.640531539916992,2.613651752471924,7.487060546875
cartpole,dispersion,proportional,1.0,6,900,115242,0.9707097258730755,0.26295968483712534,0.9607284440039643,0.0019644576275596494,0.9980355423724403,0.03927155599603568,0.25249475017788653,0.010464934659238818,1.8078413009643555,1.6096771955490112,3.212472677230835,1.2288258075714111,1.0598068237304688,2.2015719413757324,3.9424543380737305,3.0718891620635986,6.44996452331543,0.2699335217475891,0.2298193722963333,0.36736252903938293,0.13188964128494263,0.11072532832622528,0.19194066524505615,0.2831963896751404,0.16423943638801575,0.42583686113357544,1.777346134185791,1.5560362339019775,3.304466962814331,1.1939868927001953,1.0499050617218018,2.1290037631988525,3.1432697772979736,2.281193733215332,6.301813125610352
cartpole,dispersion,proportional,1.0,7,1000,115242,0.978618674050146,0.4269971017510977,0.9742725880551302,0.0018486152191449314,0.9981513847808551,0.02572741194486983,0.42690165043994377,9.545131115391958e-05,2.4856674671173096,2.3241662979125977,4.2106614112854,1.8359289169311523,1.5793626308441162,3.2932589054107666,5.2786078453063965,5.351058006286621,7.308811187744141,0.3029780089855194,0.2385307401418686,0.44387173652648926,0.17260129749774933,0.13286924362182617,0.24470938742160797,0.37434786558151245,0.19719600677490234,0.6098180413246155,2.4441871643066406,2.2598321437835693,4.43417501449585,1.6516982316970825,1.4545410871505737,2.940171480178833,4.702099323272705,3.6048688888549805,11.564581871032715
cartpole,dispersion,proportional,1.0,8,1100,115242,0.9859073359073359,0.3497422814598844,0.9779777862887783,0.000444667575127304,0.9995553324248727,0.022022213711221754,0.34963815275680743,0.00010412870307700318,1.9336531162261963,1.7402105331420898,3.385138988494873,1.322849988937378,1.1294735670089722,2.3530097007751465,4.277707099914551,3.548837184906006,6.631524085998535,0.2141251116991043,0.16422167420387268,0.33105534315109253,0.15411131083965302,0.12594041228294373,0.2267586886882782,0.2911311686038971,0.17572997510433197,0.4431885778903961,1.877376914024353,1.6562052965164185,3.492302894592285,1.2407655715942383,1.092344045639038,2.1924350261688232,3.496635913848877,2.415250539779663,8.656710624694824
cartpole,dispersion,proportional,1.0,9,1200,115242,0.9848506708988602,0.3622811127887402,0.9707053469852105,2.8581227849548415e-05,0.9999714187721505,0.029294653014789535,0.3620902101664324,0.00019090262230783917,2.0258629322052,1.8020182847976685,3.588399887084961,1.456608533859253,1.229724645614624,2.5849857330322266,4.1524152755737305,3.4353418350219727,6.669190406799316,0.21054111421108246,0.14000551402568817,0.3832830786705017,0.17310594022274017,0.13500304520130157,0.2546353042125702,0.3400569558143616,0.19094730913639069,0.5321622490882874,2.0435054302215576,1.798000693321228,3.7661635875701904,1.3852992057800293,1.2048866748809814,2.447484254837036,3.8699538707733154,2.7905991077423096,8.620028495788574
cartpole,dispersion,proportional,1.0,10,1300,115242,0.9994553970155757,0.3212977907360164,0.9989113868930982,0.0,1.0,0.001088613106901807,0.32115027507332394,0.00014751566269242117,1.8232359886169434,1.630207896232605,3.1858744621276855,1.2471189498901367,1.0762048959732056,2.1567749977111816,3.914426326751709,3.157597541809082,6.371423244476318,0.18270288407802582,0.1371256709098816,0.314235657453537,0.1645422875881195,0.13667653501033783,0.24706590175628662,0.2560027539730072,0.18741461634635925,0.3907986283302307,1.8111660480499268,1.579967975616455,3.3441591262817383,1.208306074142456,1.0689194202423096,2.0776679515838623,3.4652674198150635,2.440485954284668,7.327022552490234
cartpole,dispersion,proportional,1.0,11,1400,115242,0.9989303052744178,0.2826833966782944,1.0,0.00016972387231542528,0.9998302761276846,0.0,0.28259662275906355,8.677391923083599e-05,1.7872642278671265,1.587560772895813,3.1813013553619385,1.1951828002929688,1.027115821838379,2.1077187061309814,3.8735830783843994,3.0472571849823,6.387749671936035,0.19138160347938538,0.1431850641965866,0.3214609920978546,0.155845507979393,0.1301468312740326,0.2272026389837265,0.27735358476638794,0.1845075488090515,0.41333431005477905,1.791959524154663,1.5703047513961792,3.309753656387329,1.1644487380981445,1.034980058670044,2.0312182903289795,3.5255227088928223,2.4608170986175537,6.705132007598877
cartpole,dispersion,proportional,1.0,12,1500,115242,0.9893138357705287,0.20213116745630932,0.9878322725570947,0.0012059460523725144,0.9987940539476274,0.012167727442905278,0.18740563336283647,0.014725534093472865,1.677643895149231,1.4677925109863281,3.0232932567596436,1.1337722539901733,0.9495561122894287,2.014662981033325,3.6907241344451904,2.8787529468536377,6.277686595916748,0.2338075488805771,0.17251504957675934,0.3945252001285553,0.1379096955060959,0.1157962828874588,0.19969865679740906,0.3170488774776459,0.1646389216184616,0.43203309178352356,1.6841861009597778,1.4484243392944336,3.1447653770446777,1.1355088949203491,0.9826853275299072,1.9819188117980957,3.1811699867248535,2.30879545211792,5.754467487335205
cartpole,dispersion,proportional,1.0,13,1600,115242,0.9903773254796757,0.23766508738133665,0.9861788617886179,0.0005804929142006234,0.9994195070857994,0.013821138211382113,0.23730063692056716,0.00036445046076951114,1.6686958074569702,1.4618525505065918,2.9882991313934326,1.1343567371368408,0.9611011147499084,1.9973411560058594,3.646777391433716,2.824009418487549,6.145366668701172,0.23110467195510864,0.15416093170642853,0.4486461877822876,0.14657117426395416,0.12023179233074188,0.20838524401187897,0.3732413351535797,0.17117317020893097,0.4579645097255707,1.6657745838165283,1.4230092763900757,3.126837730407715,1.1179726123809814,0.9698642492294312,1.9522747993469238,3.220571994781494,2.253150463104248,5.8203229904174805
cartpole,dispersion,proportional,1.0,14,1700,115242,0.9897396142094943,0.19001752833168462,0.9855598946508037,0.0008016226786343265,0.9991983773213656,0.014440105349196259,0.17484076985821143,0.015176758473473212,1.6515138149261475,1.4290997982025146,3.0209412574768066,1.150647759437561,0.9611325263977051,2.051363468170166,3.4770917892456055,2.629870653152466,6.269212245941162,0.248817577958107,0.14464756846427917,0.5232924222946167,0.1423555314540863,0.10649210214614868,0.19942520558834076,0.46833205223083496,0.1576784998178482,0.8262744545936584,1.658818006515503,1.4119571447372437,3.1202878952026367,1.1413414478302002,0.9842478632926941,2.0070042610168457,2.992778778076172,2.1691009998321533,5.759075164794922
cartpole,entropy,greedy_diverse,0.5,0,300,115242,0.9339791421215691,0.3989517710556915,0.9788713070520443,0.021977268441533953,0.9780227315584661,0.02112869294795573,0.39883896496069143,0.00011280609500008678,2.867095470428467,2.683839797973633,4.664496421813965,2.2716991901397705,2.0041027069091797,4.086296081542969,5.552350044250488,5.7108635902404785,8.070316314697266,0.8384736776351929,0.7406226396560669,1.1779789924621582,0.15510527789592743,0.09617003053426743,0.19067706167697906,4.976428508758545,5.099490642547607,5.257298946380615,2.5126686096191406,2.3507444858551025,4.1092119216918945,2.0302541255950928,1.8253185749053955,3.4493041038513184,3.9859201908111572,3.8239290714263916,6.614388465881348
cartpole,entropy,greedy_diverse,0.5,1,400,115242,0.988184837909431,0.16789885631974455,0.994751544908152,0.0026046622264509992,0.997395337773549,0.005248455091847964,0.15354645007896425,0.01435240624078027,1.739277958869934,1.5935962200164795,2.9931628704071045,1.1783580780029297,0.9593148231506348,2.1553332805633545,3.269096851348877,2.914318799972534,6.199894428253174,0.2804582417011261,0.2057933807373047,0.4805167615413666,0.104781374335289,0.07368560135364532,0.1449882835149765,0.39760279655456543,0.15116502344608307,0.6850141882896423,1.7304413318634033,1.5899312496185303,2.9494049549102783,1.2084147930145264,1.0187811851501465,2.1563191413879395,2.7924773693084717,2.4428703784942627,5.118484020233154
cartpole,entropy,greedy_diverse,0.5,2,500,115242,0.9861570501041285,0.109300428663161,0.9773371104815864,0.0006534427573069298,0.9993465572426931,0.0226628895184136,0.04352579788618733,0.06577463077697367,1.703233242034912,1.5378862619400024,3.034914255142212,1.121196985244751,0.9249014854431152,1.981360673904419,3.443464517593384,2.7935171127319336,6.584161758422852,0.13928654789924622,0.08847326785326004,0.21905285120010376,0.07374981045722961,0.04944862425327301,0.0930534228682518,0.23724913597106934,0.10618817806243896,0.2332751303911209,1.8394943475723267,1.6746882200241089,3.2394113540649414,1.2194560766220093,1.024191975593567,2.097076892852783,3.1953940391540527,2.5388200283050537,6.822991847991943
cartpole,entropy,greedy_diverse,0.5,3,600,115242,0.9825895966143461,0.06967945714236129,0.9887870619946092,0.004985224786266946,0.995014775213733,0.011212938005390836,0.050675968830808216,0.01900348831155308,1.3706835508346558,1.2792593240737915,2.3866851329803467,0.8244224786758423,0.7032637596130371,1.3792717456817627,2.759589672088623,2.02717661857605,5.857644557952881,0.24142833054065704,0.19270849227905273,0.37181150913238525,0.04558711498975754,0.035672299563884735,0.05997214466333389,0.2781457304954529,0.07965627312660217,0.1957179456949234,1.514507532119751,1.4292826652526855,2.634803533554077,0.9027209281921387,0.7854036092758179,1.5159366130828857,2.570047616958618,1.9749175310134888,4.978061199188232
cartpole,entropy,greedy_diverse,0.5,4,700,115242,0.9896723050298666,0.056463789243504973,0.992831541218638,0.0026628814137479506,0.9973371185862521,0.007168458781362007,0.025095017441557767,0.03136877180194721,1.539455533027649,1.3555958271026611,2.7966177463531494,0.967577338218689,0.8128281831741333,1.664536476135254,3.1276721954345703,2.445746898651123,6.659947395324707,0.17305345833301544,0.12630324065685272,0.254395455121994,0.04513924568891525,0.03476894274353981,0.05801523104310036,0.2371094971895218,0.07548874616622925,0.14906594157218933,1.737194299697876,1.539575219154358,3.1398229598999023,1.0989582538604736,0.9468919038772583,1.880950689315796,3.197815418243408,2.47985577583313,7.264931678771973
cartpole,entropy,greedy_diverse,0.5,5,800,115242,0.9913377249857359,0.0391523923569532,0.9933988253027705,0.0022625176246843953,0.9977374823753156,0.006601174697229586,0.019567518786553512,0.01958487357039968,1.2159188985824585,1.0809638500213623,2.213357448577881,0.7271530628204346,0.6148592233657837,1.195909023284912,2.3087410926818848,1.738106369972229,5.736710548400879,0.14021514356136322,0.1023682951927185,0.22879645228385925,0.03382612392306328,0.02931971475481987,0.046153005212545395,0.1665571928024292,0.05769595503807068,0.09395837038755417,1.3761650323867798,1.2262953519821167,2.504650831222534,0.8253271579742432,0.703087329864502,1.375400424003601,2.34553599357605,1.7687368392944336,5.7249755859375
cartpole,entropy,greedy_diverse,0.5,6,900,115242,0.993537793315324,0.04280557435657139,0.991961499814903,0.0010065645514223194,0.9989934354485777,0.008038500185097044,0.018942746568091494,0.023862827788479896,1.3187421560287476,1.1096324920654297,2.5063230991363525,0.81322181224823,0.681708574295044,1.352546215057373,2.6311252117156982,1.9172662496566772,6.386300563812256,0.11675697565078735,0.06393054127693176,0.22228769958019257,0.03442554175853729,0.02736855484545231,0.04388175904750824,0.22269688546657562,0.05954641103744507,0.10150296986103058,1.5071024894714355,1.2768357992172241,2.8440780639648438,0.9230592250823975,0.7835347652435303,1.5378639698028564,2.782186985015869,2.0027036666870117,7.006019592285156
cartpole,entropy,greedy_diverse,0.5,7,1000,115242,0.9889978889854713,0.033919925027333785,0.9925228054433977,0.003210184941712683,0.9967898150582873,0.007477194556602363,0.023359539056941044,0.010560385970392739,1.1493542194366455,1.0294370651245117,2.0533695220947266,0.6617591381072998,0.5616682767868042,1.083982229232788,2.21457576751709,1.7810125350952148,4.852027416229248,0.17010380327701569,0.12143582105636597,0.33824464678764343,0.02661838009953499,0.023565001785755157,0.037665653973817825,0.18016745150089264,0.05162091180682182,0.0834704339504242,1.3039737939834595,1.1740542650222778,2.3192896842956543,0.7538906931877136,0.6521849632263184,1.2577718496322632,2.2644691467285156,1.8260324001312256,4.212501049041748
cartpole,entropy,greedy_diverse,0.5,8,1100,115242,0.9886840308262609,0.03811110532618316,0.9972449079996064,0.004507092041889444,0.9954929079581105,0.0027550920003935847,0.031169191787716283,0.006941913538466879,1.1202168464660645,0.9824944734573364,2.055237293243408,0.6517506837844849,0.5535283088684082,1.0720666646957397,2.091897487640381,1.6839183568954468,4.5974040031433105,0.22841422259807587,0.15267808735370636,0.5080402493476868,0.028524719178676605,0.023866768926382065,0.03799235448241234,0.36206576228141785,0.05601175129413605,0.1089344471693039,1.2377995252609253,1.0996689796447754,2.236298084259033,0.7418650388717651,0.6442419290542603,1.242114782333374,2.0155224800109863,1.6958808898925781,3.4827418327331543
cartpole,entropy,greedy_diverse,0.5,9,1200,115242,0.9903546520255232,0.03414553721733396,0.9910899910899911,0.002305032654629274,0.9976949673453708,0.00891000891000891,0.027194946286943997,0.006950590930389962,1.040858507156372,0.9596932530403137,1.7547681331634521,0.5834472179412842,0.5059645175933838,0.9540613889694214,1.8657033443450928,1.5799163579940796,3.055771827697754,0.1276954710483551,0.0903332382440567,0.25117141008377075,0.021750465035438538,0.01978128030896187,0.03081446886062622,0.08972045034170151,0.04704497754573822,0.0748690813779831,1.1485989093780518,1.0611145496368408,1.9257001876831055,0.6758954524993896,0.5956959128379822,1.1322109699249268,1.8294682502746582,1.586026906967163,2.8671586513519287
cartpole,entropy,greedy_diverse,0.5,10,1300,115242,0.9944987927214797,0.037468978323874975,0.9967566488698169,0.0017164926333857818,0.9982835073666142,0.0032433511301831245,0.02691726974540532,0.010551708578469656,1.1282321214675903,0.9796987175941467,2.0720672607421875,0.6665838956832886,0.5600619912147522,1.0748881101608276,2.141091823577881,1.6507253646850586,4.941996097564697,0.13797834515571594,0.0845077633857727,0.3076644241809845,0.03484196960926056,0.03154223412275314,0.04630998522043228,0.15141576528549194,0.059572648257017136,0.09473367035388947,1.2586948871612549,1.104027509689331,2.2799670696258545,0.7709976434707642,0.663408637046814,1.275364875793457,2.1143128871917725,1.6767356395721436,3.8587429523468018
cartpole,entropy,greedy_diverse,0.5,11,1400,115242,0.9898406424970231,0.015523854150396556,0.9836849791026738,0.0008227023099771352,0.9991772976900228,0.01631502089732615,0.004885371652696066,0.010638482497700491,1.1359179019927979,0.9752673506736755,2.1345019340515137,0.6586922407150269,0.5513299703598022,1.0760037899017334,2.2635722160339355,1.6662988662719727,5.51242208480835,0.09243118017911911,0.0557129867374897,0.17866384983062744,0.02943263202905655,0.025722073391079903,0.04089692234992981,0.10301484167575836,0.050272420048713684,0.08040867000818253,1.3293311595916748,1.15155029296875,2.4810070991516113,0.7889823913574219,0.6686780452728271,1.340161919593811,2.530947208404541,1.7749134302139282,6.23013162612915
cartpole,entropy,greedy_diverse,0.5,12,1500,115242,0.9940211106463598,0.01996667881501536,0.9966449575685811,0.0018883601480474356,0.9981116398519526,0.0033550424314189855,0.011783898231547527,0.008182780583467834,1.1932897567749023,1.0168788433074951,2.2480499744415283,0.696223258972168,0.5873562097549438,1.1405160427093506,2.370408058166504,1.8055360317230225,5.786398887634277,0.16581611335277557,0.0855538621544838,0.4165368974208832,0.031602129340171814,0.027601532638072968,0.04285194352269173,0.2644355595111847,0.054594140499830246,0.09490881115198135,1.3744674921035767,1.1822046041488647,2.5644001960754395,0.8239072561264038,0.7066365480422974,1.3842099905014038,2.53655743598938,1.9103138446807861,6.138006210327148
cartpole,entropy,greedy_diverse,0.5,13,1600,115242,0.9922081704978517,0.02773294458617518,0.996149534532339,0.0026439707633646166,0.9973560292366354,0.003850465467660964,0.024071085194633902,0.0036618593915412785,1.0287716388702393,0.9093849062919617,1.8768877983093262,0.5887371301651001,0.5022687911987305,0.9590006470680237,1.898863673210144,1.5466372966766357,3.346451997756958,0.16247941553592682,0.09907189756631851,0.36489707231521606,0.021848808974027634,0.019455721601843834,0.031414419412612915,0.12502741813659668,0.04431385174393654,0.07401886582374573,1.1785820722579956,1.0502736568450928,2.1323184967041016,0.6999197006225586,0.6036490201950073,1.190781831741333,1.9492065906524658,1.6106693744659424,3.289895534515381
cartpole,entropy,greedy_diverse,0.5,14,1700,115242,0.994144277138077,0.020357161451554123,0.9947316592811423,0.0014149007409327544,0.9985850992590672,0.005268340718857706,0.014768921053088285,0.005588240398465837,0.9744851589202881,0.8907448053359985,1.6625880002975464,0.5505751371383667,0.4688323140144348,0.893126368522644,1.7169010639190674,1.5063790082931519,2.74295711517334,0.09704245626926422,0.06302785128355026,0.21005605161190033,0.01735858991742134,0.015716586261987686,0.025504915043711662,0.06757602840662003,0.04084073007106781,0.0660790354013443,1.1249743700027466,1.0364065170288086,1.8994959592819214,0.6599986553192139,0.5667433738708496,1.132442593574524,1.7760910987854004,1.5786136388778687,2.769430637359619
cartpole,entropy,greedy_diverse,1.0,0,300,115242,0.9339791421215691,0.3989517710556915,0.9788713070520443,0.021977268441533953,0.9780227315584661,0.02112869294795573,0.39883896496069143,0.00011280609500008678,2.867095470428467,2.683839797973633,4.664496421813965,2.2716991901397705,2.0041027069091797,4.086296081542969,5.552350044250488,5.7108635902404785,8.070316314697266,0.8384736776351929,0.7406226396560669,1.1779789924621582,0.15510527789592743,0.09617003053426743,0.19067706167697906,4.976428508758545,5.099490642547607,5.257298946380615,2.5126686096191406,2.3507444858551025,4.1092119216918945,2.0302541255950928,1.8253185749053955,3.4493041038513184,3.9859201908111572,3.8239290714263916,6.614388465881348
cartpole,entropy,greedy_diverse,1.0,1,400,115242,0.9876034907138063,0.33217924020756323,0.9850026780931976,0.0016575677853981965,0.9983424322146018,0.014997321906802356,0.33111192100102393,0.0010673192065392826,2.2107880115509033,2.010136842727661,3.854443311691284,1.679118037223816,1.4177093505859375,3.0689172744750977,4.196681022644043,4.001580715179443,7.340540409088135,0.27762091159820557,0.1419609636068344,0.6488843560218811,0.12079612910747528,0.07182453572750092,0.15429219603538513,0.5745710730552673,0.13728202879428864,1.9768788814544678,1.9995976686477661,1.8308098316192627,3.3728911876678467,1.6379368305206299,1.4261119365692139,2.850641965866089,3.4362032413482666,3.1738240718841553,5.874505043029785
cartpole,entropy,greedy_diverse,1.0,2,500,115242,0.9904515758489483,0.10700091980354384,0.9833214540270848,0.0003600319528358142,0.9996399680471642,0.016678545972915182,0.05307960639350237,0.05392131341004148,2.2483246326446533,2.0221245288848877,3.935883045196533,1.7317240238189697,1.4741692543029785,3.053398370742798,4.648609638214111,4.2803425788879395,8.191064834594727,0.12358902394771576,0.06103334575891495,0.21299511194229126,0.06242770329117775,0.0392119474709034,0.07295863330364227,0.2660202383995056,0.08378325402736664,0.22550226747989655,2.533432722091675,2.2967984676361084,4.375170707702637,1.926830768585205,1.6828726530075073,3.283494234085083,4.837968826293945,4.277344226837158,9.569942474365234
cartpole,entropy,greedy_diverse,1.0,3,600,115242,0.9901540731492778,0.06987903715659222,0.9868220123296194,0.0012736291728113688,0.9987263708271886,0.013177987670380635,0.041590739487339684,0.02828829766925253,1.7508975267410278,1.5479991436004639,3.1195669174194336,1.143289566040039,0.9764353036880493,1.953787088394165,3.906717300415039,3.2706761360168457,7.507822036743164,0.12197679281234741,0.07911162078380585,0.20277369022369385,0.04125332459807396,0.033041905611753464,0.05334125831723213,0.1954747587442398,0.073347307741642,0.14283430576324463,1.9715428352355957,1.7409812211990356,3.5193145275115967,1.2954216003417969,1.1249513626098633,2.1936638355255127,4.004949569702148,3.2783422470092773,8.385247230529785
cartpole,entropy,greedy_diverse,1.0,4,700,115242,0.9851372250910901,0.04794259037503688,0.9758516825924387,0.0011275577320613303,0.9988724422679387,0.02414831740756128,0.02801929851963694,0.01992329185539994,1.4347031116485596,1.313647747039795,2.404151678085327,0.8609916567802429,0.7488068342208862,1.3932725191116333,3.0312201976776123,2.4736244678497314,6.214062690734863,0.0764734148979187,0.06011823192238808,0.0732753574848175,0.025428399443626404,0.022374775260686874,0.035103704780340195,0.07711224257946014,0.04866332188248634,0.06835208088159561,1.6196961402893066,1.483290195465088,2.706583023071289,0.9961671829223633,0.8726649284362793,1.6177756786346436,3.0963027477264404,2.5252442359924316,6.335232734680176
cartpole,entropy,greedy_diverse,1.0,5,800,115242,0.9861672805955541,0.03812846011002933,0.977330746451547,0.0010190440709167013,0.9989809559290833,0.022669253548452978,0.023645892990402803,0.014482567119626526,1.463315725326538,1.3291163444519043,2.4682421684265137,0.8788821697235107,0.7719513177871704,1.4344017505645752,3.154863119125366,2.4997565746307373,6.482357501983643,0.06810759007930756,0.053596071898937225,0.0656098946928978,0.02091115713119507,0.019000139087438583,0.03004804626107216,0.07118384540081024,0.04523959383368492,0.06477993726730347,1.6382185220718384,1.4818531274795532,2.771604061126709,1.0208919048309326,0.8998628258705139,1.6730399131774902,3.1853082180023193,2.5056185722351074,6.661191940307617
cartpole,entropy,greedy_diverse,1.0,6,900,115242,0.9920962725001273,0.09798510959545999,0.9906818066092978,0.0015063277626881427,0.9984936722373119,0.009318193390702174,0.08516860172506552,0.012816507870394475,1.855696439743042,1.7109391689300537,3.136747360229492,1.047637701034546,0.9116034507751465,1.7229465246200562,4.628631114959717,4.045069694519043,8.928836822509766,0.09938257932662964,0.06526012718677521,0.19237929582595825,0.025392746552824974,0.02212054468691349,0.035023510456085205,0.09531988203525543,0.04922632500529289,0.07679744064807892,1.8729710578918457,1.7246257066726685,3.122347116470337,1.169716715812683,1.0370073318481445,1.9243415594100952,3.7888169288635254,3.1646597385406494,7.463363170623779
cartpole,entropy,greedy_diverse,1.0,7,1000,115242,0.9909304337081428,0.14526821818434252,0.9959266802443992,0.003636595636085237,0.9963634043639148,0.004073319755600814,0.13700734107356694,0.008260877110775585,1.947724461555481,1.816129446029663,3.2102904319763184,1.207961082458496,1.0526890754699707,1.995013952255249,4.587773323059082,4.210247039794922,8.483976364135742,0.16470499336719513,0.11528795957565308,0.34775394201278687,0.025846591219305992,0.022944074124097824,0.03620558977127075,0.1428816318511963,0.0489092618227005,0.07997069507837296,1.7954227924346924,1.6594855785369873,2.919727325439453,1.2654849290847778,1.1289571523666382,2.0738961696624756,3.4024453163146973,3.0220093727111816,6.1339874267578125
cartpole,entropy,greedy_diverse,1.0,8,1100,115242,0.9936604257628457,0.16297009770743306,0.9967831337226566,0.002517867680807816,0.9974821323191921,0.003216866277343363,0.15601082938512,0.006959268322313045,2.2460780143737793,2.1393611431121826,3.5157694816589355,1.2397243976593018,1.0777919292449951,2.055417060852051,6.114567279815674,6.04490327835083,10.202919006347656,0.14460405707359314,0.0841263085603714,0.33984246850013733,0.024497665464878082,0.02124740555882454,0.03468329831957817,0.14403080940246582,0.04752320796251297,0.07790395617485046,2.2414660453796387,2.144076347351074,3.4546749591827393,1.296532154083252,1.1452125310897827,2.136732578277588,4.806094169616699,4.647345542907715,8.354083061218262
cartpole,entropy,greedy_diverse,1.0,9,1200,115242,0.9957487009919698,0.16770795369743668,0.9979568445706882,0.0017139542242379496,0.9982860457757621,0.0020431554293118053,0.1585966921781989,0.009111261519237778,1.9430307149887085,1.8099157810211182,3.2183475494384766,1.0850920677185059,0.9482097625732422,1.786637783050537,4.731756687164307,4.149230003356934,9.283480644226074,0.10464610159397125,0.06311667710542679,0.2400277853012085,0.021494315937161446,0.01938927359879017,0.030698832124471664,0.08441844582557678,0.0451987199485302,0.07012877613306046,1.7146174907684326,1.6075083017349243,2.741196870803833,1.1234229803085327,1.0027332305908203,1.848209023475647,3.085232734680176,2.7947731018066406,5.520106315612793
cartpole,entropy,greedy_diverse,1.0,10,1300,115242,0.993568973981345,0.061444612207354955,0.9951811968333579,0.0018673711058480597,0.9981326288941519,0.004818803166642081,0.05599521007965846,0.0054494021276965,1.3052674531936646,1.1837430000305176,2.260477304458618,0.715183436870575,0.6294221878051758,1.1344096660614014,2.9252920150756836,2.2810544967651367,6.179133892059326,0.09551282972097397,0.06971726566553116,0.193819060921669,0.017605306580662727,0.016067713499069214,0.026270505040884018,0.06091013923287392,0.03837507218122482,0.062421850860118866,1.4125216007232666,1.2765873670578003,2.440253257751465,0.8381933569908142,0.7443232536315918,1.3392876386642456,2.8013198375701904,2.182070016860962,5.891968727111816
cartpole,entropy,greedy_diverse,1.0,11,1400,115242,0.9941624616602356,0.058138525884660106,0.9942116459704151,0.0013472359021385954,0.9986527640978614,0.00578835402958492,0.05143957932003957,0.006698946564620538,1.3540087938308716,1.1888713836669922,2.4455738067626953,0.7475000619888306,0.6593027114868164,1.178541898727417,3.0219924449920654,2.2528867721557617,6.4779133796691895,0.09565391391515732,0.05952847748994827,0.20946379005908966,0.021779976785182953,0.019563913345336914,0.031329210847616196,0.07530779391527176,0.04390385374426842,0.06876325607299805,1.4780272245407104,1.2955964803695679,2.6629247665405273,0.8878120183944702,0.7847298383712769,1.4409905672073364,2.9029524326324463,2.1630706787109375,6.405676364898682
cartpole,entropy,greedy_diverse,1.0,12,1500,115242,0.9940294870232729,0.07430450703736485,0.9967256377675692,0.0020645580337984386,0.9979354419662015,0.0032743622324308474,0.0698356501969768,0.004468856840388053,1.1287060976028442,1.0016236305236816,2.0479648113250732,0.6290578842163086,0.5517957210540771,0.9854004383087158,2.354417324066162,1.8453521728515625,5.135225296020508,0.10963859409093857,0.07375159114599228,0.24504731595516205,0.016557352617383003,0.015204976312816143,0.024524075910449028,0.06458641588687897,0.04189292713999748,0.06579124927520752,1.0848394632339478,0.9473150968551636,1.9459917545318604,0.7269922494888306,0.6449385285377502,1.1677484512329102,2.0128002166748047,1.655855655670166,3.543926954269409
cartpole,entropy,greedy_diverse,1.0,13,1600,115242,0.9946996466431096,0.03935197237118412,0.9957747862827946,0.001438801146613837,0.9985611988533861,0.004225213717205464,0.03336457194425643,0.005987400426927683,1.0542094707489014,0.9253416657447815,1.9274907112121582,0.6045687198638916,0.5227417349815369,0.9683763980865479,2.138901710510254,1.627824306488037,4.514177322387695,0.09067337214946747,0.060683414340019226,0.19711925089359283,0.018784228712320328,0.017008919268846512,0.02732333540916443,0.0650266632437706,0.040458012372255325,0.06260072439908981,1.1189020872116089,0.9794150590896606,2.0278751850128174,0.7312029004096985,0.6301743984222412,1.2258529663085938,2.038447856903076,1.5961583852767944,3.7578155994415283
cartpole,entropy,greedy_diverse,1.0,14,1700,115242,0.9943010228933269,0.028184168966175527,0.9959504293520687,0.001650309296378063,0.9983496907036219,0.004049570647931304,0.024079762586556985,0.004104406379618542,0.9618895649909973,0.8457415103912354,1.758144736289978,0.5529552102088928,0.4800855219364166,0.8890834450721741,1.8188257217407227,1.5398019552230835,2.9941108226776123,0.10696076601743698,0.06760304421186447,0.24191375076770782,0.019683871418237686,0.017692655324935913,0.029030852019786835,0.06858298182487488,0.040874045342206955,0.06768975406885147,1.0613422393798828,0.9369040727615356,1.9188121557235718,0.6654760837554932,0.5800850987434387,1.1088025569915771,1.828999638557434,1.5750248432159424,2.9110419750213623
cartpole,entropy_tiebreak,greedy_diverse,0.5,0,300,115242,0.9339791421215691,0.3989517710556915,0.9788713070520443,0.021977268441533953,0.9780227315584661,0.02112869294795573,0.39883896496069143,0.00011280609500008678,2.867095470428467,2.683839797973633,4.664496421813965,2.2716991901397705,2.0041027069091797,4.086296081542969,5.552350044250488,5.7108635902404785,8.070316314697266,0.8384736776351929,0.7406226396560669,1.1779789924621582,0.15510527789592743,0.09617003053426743,0.19067706167697906,4.976428508758545,5.099490642547607,5.257298946380615,2.5126686096191406,2.3507444858551025,4.1092119216918945,2.0302541255950928,1.8253185749053955,3.4493041038513184,3.9859201908111572,3.8239290714263916,6.614388465881348
cartpole,entropy_tiebreak,greedy_diverse,0.5,1,400,115242,0.9830440853780171,0.3638256885510491,0.9804038595444146,0.0022604764388801948,0.9977395235611198,0.019596140455585397,0.363712882456049,0.00011280609500008678,2.582958936691284,2.3913252353668213,4.372002601623535,2.0986268520355225,1.8505802154541016,3.739340305328369,4.666268825531006,4.564378261566162,7.571995735168457,0.32098913192749023,0.18274378776550293,0.6669384837150574,0.1483401656150818,0.08154656738042831,0.1822451800107956,0.6048038005828857,0.1422388255596161,2.033339738845825,2.3833045959472656,2.2281503677368164,3.916382074356079,2.0316529273986816,1.8357925415039062,3.4509758949279785,3.8924264907836914,3.739753246307373,6.401432037353516
cartpole,entropy_tiebreak,greedy_diverse,0.5,2,500,115242,0.9819509365723839,0.08384096076083372,0.9725601513922681,0.0013548642932675362,0.9986451357067324,0.02743984860773182,0.0278283958973291,0.05601256486350462,1.4029319286346436,1.2931052446365356,2.4600636959075928,0.8184469938278198,0.6808069348335266,1.39898681640625,3.0975265502929688,2.28184175491333,6.197342872619629,0.1229078471660614,0.10274612158536911,0.13583002984523773,0.05701248347759247,0.045350901782512665,0.07489197701215744,0.1318950206041336,0.08622907102108002,0.14967039227485657,1.5072541236877441,1.3921115398406982,2.6596977710723877,0.9016293883323669,0.7641651630401611,1.533334732055664,2.7018537521362305,2.07411789894104,6.15956974029541
cartpole,entropy_tiebreak,greedy_diverse,0.5,3,600,115242,0.992322513709797,0.08371947727391055,0.9915876777251185,0.001318844827197511,0.9986811551728025,0.008412322274881517,0.042484510855417296,0.04123496641849326,1.499003291130066,1.3273561000823975,2.7352688312530518,0.9397761821746826,0.7868165969848633,1.6064274311065674,3.136735200881958,2.4321043491363525,6.449329853057861,0.14798638224601746,0.09151868522167206,0.23269250988960266,0.05834672972559929,0.04109908267855644,0.07157129794359207,0.26852327585220337,0.08706597983837128,0.1844457983970642,1.6327972412109375,1.4626637697219849,2.943647623062134,1.0267080068588257,0.8844581246376038,1.7322309017181396,2.9661099910736084,2.352725028991699,6.31907844543457
cartpole,entropy_tiebreak,greedy_diverse,0.5,4,700,115242,0.9942401417811254,0.07399212092813384,0.9972225308299077,0.0017810242016389932,0.998218975798361,0.002777469170092212,0.04537408236580413,0.028618038562329706,1.5844923257827759,1.4010945558547974,2.8890302181243896,1.0516510009765625,0.8713223338127136,1.847776174545288,3.126718521118164,2.489821434020996,6.516707897186279,0.19784460961818695,0.10301242023706436,0.45242273807525635,0.060853589326143265,0.03998153284192085,0.07120797038078308,0.4450302720069885,0.09193434566259384,0.3833315372467041,1.7489022016525269,1.565532922744751,3.1397836208343506,1.1680285930633545,0.9922103881835938,2.035644292831421,3.0609054565429688,2.4560976028442383,6.506277084350586
cartpole,entropy_tiebreak,greedy_diverse,0.5,5,800,115242,0.9916484229303495,0.03499592162579615,0.9854955680902499,0.0004211935978573126,0.9995788064021427,0.014504431909750202,0.010907481647316083,0.024088439978480067,1.1865525245666504,1.0636433362960815,2.141125202178955,0.6884421110153198,0.5784406065940857,1.1338956356048584,2.2119832038879395,1.7118958234786987,5.44282865524292,0.06295067816972733,0.043697044253349304,0.05822843685746193,0.02847651019692421,0.024901002645492554,0.03854844346642494,0.09164610505104065,0.05476994439959526,0.07600845396518707,1.3586817979812622,1.2273120880126953,2.441305160522461,0.791057825088501,0.6753016114234924,1.3300949335098267,2.3525402545928955,1.7842320203781128,5.588454246520996
cartpole,entropy_tiebreak,greedy_diverse,0.5,6,900,115242,0.9946963670114027,0.040193679387723225,0.9928533615669667,0.000708678587003925,0.999291321412996,0.007146638433033351,0.014196213186164767,0.02599746620155846,1.3736320734024048,1.147138237953186,2.6374309062957764,0.8398765921592712,0.7006967663764954,1.4127165079116821,2.854722499847412,2.0191142559051514,6.673197269439697,0.10806016623973846,0.05680004134774208,0.1943269670009613,0.03636585921049118,0.02899956703186035,0.04557410255074501,0.21670067310333252,0.06245041266083717,0.11022330820560455,1.5749969482421875,1.322204351425171,3.010427951812744,0.9642983675003052,0.8161128759384155,1.6355979442596436,3.062973737716675,2.109926223754883,7.895676136016846
cartpole,entropy_tiebreak,greedy_diverse,0.5,7,1000,115242,0.9934393587419906,0.04035854983426181,0.9951414105252391,0.0017794767020365121,0.9982205232979635,0.004858589474760906,0.02103399802155464,0.01932455181270717,1.1958417892456055,1.0550786256790161,2.1930081844329834,0.7067961692810059,0.5996577143669128,1.1570520401000977,2.24416184425354,1.7572869062423706,5.6753315925598145,0.1290111094713211,0.08644204586744308,0.2328770011663437,0.029935698956251144,0.025388553738594055,0.03990662470459938,0.16482238471508026,0.05221820995211601,0.08366166800260544,1.3623310327529907,1.2095425128936768,2.4876465797424316,0.8027355670928955,0.6941667795181274,1.3403290510177612,2.295612096786499,1.815619707107544,5.492539405822754
cartpole,entropy_tiebreak,greedy_diverse,0.5,8,1100,115242,0.990942253765789,0.02718626889502091,0.9941741771647662,0.002694890574402886,0.9973051094255971,0.00582582283523378,0.016730011627705176,0.010456257267315736,1.148323893547058,1.0068316459655762,2.1094295978546143,0.6470721960067749,0.5432380437850952,1.0627648830413818,2.258875608444214,1.695556640625,5.323767185211182,0.1615685522556305,0.1117943674325943,0.328397661447525,0.029250038787722588,0.02544431947171688,0.03948512673377991,0.16360977292060852,0.05388099327683449,0.08597324043512344,1.3146930932998657,1.1598604917526245,2.4067893028259277,0.7589902281761169,0.6474010944366455,1.2816252708435059,2.3865420818328857,1.758415699005127,5.366897106170654
cartpole,entropy_tiebreak,greedy_diverse,0.5,9,1200,115242,0.9947583287132704,0.02493014699501918,0.9958625561330037,0.0013614262560777957,0.9986385737439222,0.004137443866996317,0.011974800853855366,0.012955346141163811,1.1530177593231201,0.997638463973999,2.1436238288879395,0.6967140436172485,0.5840844511985779,1.1523561477661133,2.129967212677002,1.7261971235275269,5.013629913330078,0.1387156993150711,0.0730893686413765,0.3362453877925873,0.031679216772317886,0.026688039302825928,0.04165772721171379,0.21755731105804443,0.05740688368678093,0.10421701520681381,1.3258832693099976,1.1608651876449585,2.436356782913208,0.8086010813713074,0.6896415948867798,1.368973731994629,2.221734046936035,1.8185803890228271,4.620208740234375
cartpole,entropy_tiebreak,greedy_diverse,0.5,10,1300,115242,0.990329948005248,0.03556862949271967,0.9978945306761984,0.003913139329805996,0.996086860670194,0.002105469323801596,0.029260165564637893,0.006308463928081776,1.1197155714035034,0.9780362248420715,2.0736515522003174,0.6501818895339966,0.5475084185600281,1.0657262802124023,2.129876136779785,1.650246500968933,4.944738388061523,0.2206251323223114,0.1405530422925949,0.49010777473449707,0.02907448261976242,0.025313779711723328,0.04022779315710068,0.31376761198043823,0.058391403406858444,0.11265825480222702,1.2355352640151978,1.089303970336914,2.2615909576416016,0.7440205812454224,0.6400498747825623,1.2570538520812988,2.088454484939575,1.670593500137329,3.7262606620788574
cartpole,entropy_tiebreak,greedy_diverse,0.5,11,1400,115242,0.991619634000342,0.02107738498117006,0.9944136815798501,0.002478194056662987,0.9975218059433371,0.0055863184201499485,0.01600978809808924,0.005067596883080821,1.0346659421920776,0.9323129057884216,1.8079090118408203,0.5948365926742554,0.5095487833023071,0.9759119749069214,1.8078043460845947,1.5087661743164062,3.045367479324341,0.14532768726348877,0.09570816904306412,0.30554866790771484,0.021019330248236656,0.018575679510831833,0.030843351036310196,0.09486319124698639,0.04618627950549126,0.07620031386613846,1.193406343460083,1.0844765901565552,2.0685973167419434,0.7055339813232422,0.6073331832885742,1.2031924724578857,1.8827919960021973,1.5820825099945068,3.0588645935058594
cartpole,entropy_tiebreak,greedy_diverse,0.5,12,1500,115242,0.9913755511410436,0.03316499193002551,0.9961053502750596,0.003037005248737332,0.9969629947512627,0.003894649724940363,0.029989066486176913,0.0031759254438485968,1.0086798667907715,0.9192838668823242,1.7038698196411133,0.5553606152534485,0.4752797782421112,0.9093830585479736,1.7978925704956055,1.5321248769760132,2.896019220352173,0.15266233682632446,0.10797466337680817,0.3047315180301666,0.020023351535201073,0.018078763037919998,0.0293740164488554,0.08330728858709335,0.045067042112350464,0.07329840213060379,1.0933914184570312,0.9978370070457458,1.828316569328308,0.6565982103347778,0.566071093082428,1.129999041557312,1.7681559324264526,1.5396021604537964,2.7800331115722656
cartpole,entropy_tiebreak,greedy_diverse,0.5,13,1600,115242,0.9937590961789882,0.02183231807847833,0.9953550427434896,0.0017191233552098088,0.9982808766447901,0.004644957256510352,0.014864372364242203,0.006967945714236129,1.034337043762207,0.9270637631416321,1.873843789100647,0.5823931694030762,0.4944184422492981,0.959740161895752,1.8622390031814575,1.5287952423095703,3.2134323120117188,0.11344611644744873,0.07611842453479767,0.23128196597099304,0.022938858717679977,0.020839812234044075,0.03274224326014519,0.0827944353222847,0.04807107895612717,0.07612914592027664,1.2013860940933228,1.0839476585388184,2.1679394245147705,0.6952934861183167,0.5977728366851807,1.2007495164871216,1.9614671468734741,1.6004276275634766,3.267364025115967
cartpole,entropy_tiebreak,greedy_diverse,0.5,14,1700,115242,0.9939290503474338,0.024496277398864997,0.9968699564728322,0.0020114817553168354,0.9979885182446832,0.0031300435271677998,0.020270387532323283,0.0042258898665417126,0.9355335831642151,0.8484423160552979,1.6215999126434326,0.542568564414978,0.4678560495376587,0.8822826147079468,1.7033709287643433,1.4712151288986206,2.7414028644561768,0.11463679373264313,0.0794997364282608,0.2334490567445755,0.018400995060801506,0.016717053949832916,0.027260035276412964,0.06885693967342377,0.044175513088703156,0.0703708678483963,1.0737489461898804,0.9782819747924805,1.848771572113037,0.657595157623291,0.5679267644882202,1.129919409751892,1.7537144422531128,1.5323550701141357,2.7736623287200928
cartpole,entropy_tiebreak,greedy_diverse,1.0,0,300,115242,0.9339791421215691,0.3989517710556915,0.9788713070520443,0.021977268441533953,0.9780227315584661,0.02112869294795573,0.39883896496069143,0.00011280609500008678,2.867095470428467,2.683839797973633,4.664496421813965,2.2716991901397705,2.0041027069091797,4.086296081542969,5.552350044250488,5.7108635902404785,8.070316314697266,0.8384736776351929,0.7406226396560669,1.1779789924621582,0.15510527789592743,0.09617003053426743,0.19067706167697906,4.976428508758545,5.099490642547607,5.257298946380615,2.5126686096191406,2.3507444858551025,4.1092119216918945,2.0302541255950928,1.8253185749053955,3.4493041038513184,3.9859201908111572,3.8239290714263916,6.614388465881348
cartpole,entropy_tiebreak,greedy_diverse,1.0,1,400,115242,0.9895557443406127,0.3999149615591538,0.9868434167248081,0.001302391664693346,0.9986976083353066,0.013156583275191867,0.3992207702053071,0.0006941913538466879,2.5157792568206787,2.306429624557495,4.326850414276123,2.0029501914978027,1.7485325336456299,3.589810371398926,4.720098495483398,4.545652866363525,7.930180549621582,0.2773866057395935,0.133539080619812,0.6679165959358215,0.1439237892627716,0.07725758850574493,0.1929250955581665,0.5817157030105591,0.1394735872745514,2.0181221961975098,2.2868998050689697,2.1213455200195312,3.786597728729248,1.9295449256896973,1.7166633605957031,3.2917563915252686,3.8203349113464355,3.659358263015747,6.243044376373291
cartpole,entropy_tiebreak,greedy_diverse,1.0,2,500,115242,0.9917083683383862,0.1707276860866698,0.9845517841601392,0.0001711930935814818,0.9998288069064185,0.015448215839860748,0.12925843008625326,0.04146925600041652,2.2849066257476807,2.066136121749878,3.981382369995117,1.7619383335113525,1.4949090480804443,3.1668646335601807,4.485528945922852,4.217451095581055,7.882095813751221,0.18150417506694794,0.06318186223506927,0.4726732075214386,0.08803626894950867,0.048125192523002625,0.10155300050973892,0.47498050332069397,0.10639597475528717,1.1262131929397583,2.395603656768799,2.186051368713379,4.087619781494141,1.8718039989471436,1.6414287090301514,3.2221765518188477,4.2672600746154785,3.851586103439331,7.726792812347412
cartpole,entropy_tiebreak,greedy_diverse,1.0,3,600,115242,0.9825734065409406,0.07614411412505857,0.988630904723779,0.005060867186431404,0.9949391328135686,0.011369095276220978,0.060628937366585096,0.015515176758473474,1.4361143112182617,1.3254296779632568,2.3788046836853027,0.8417752981185913,0.7357642650604248,1.3675401210784912,3.0181381702423096,2.4684226512908936,6.026899337768555,0.23568236827850342,0.19110409915447235,0.3982987701892853,0.030108530074357986,0.025391338393092155,0.04123212397098541,0.27918946743011475,0.06386110931634903,0.15094280242919922,1.511150598526001,1.388004183769226,2.501105546951294,0.9311553835868835,0.8283122181892395,1.512734055519104,2.7471017837524414,2.248629093170166,5.281533718109131
cartpole,entropy_tiebreak,greedy_diverse,1.0,4,700,115242,0.9887946614764355,0.06947987712813036,0.9815622412365443,0.0007742369838420108,0.999225763016158,0.0184377587634557,0.04121761163464709,0.02826226549348328,1.8751760721206665,1.647951602935791,3.378950357437134,1.2710158824920654,1.063035488128662,2.197460412979126,4.058538913726807,3.385098457336426,8.017494201660156,0.1226995512843132,0.06295135617256165,0.24142014980316162,0.03914830833673477,0.03253234922885895,0.051273997873067856,0.2704887390136719,0.06635911762714386,0.12499881535768509,2.0811758041381836,1.8341920375823975,3.727773427963257,1.4610238075256348,1.2450063228607178,2.5246734619140625,4.0471110343933105,3.290308713912964,8.44713306427002
cartpole,entropy_tiebreak,greedy_diverse,1.0,5,800,115242,0.9916099833258343,0.08700820881275924,0.9866224258703323,0.0007306211439439625,0.999269378856056,0.013377574129667667,0.06742333524235955,0.01958487357039968,1.5041097402572632,1.3543428182601929,2.579890251159668,0.9304062128067017,0.794620931148529,1.537725806236267,3.2330269813537598,2.6426167488098145,6.536257743835449,0.06417681276798248,0.046384118497371674,0.05988876894116402,0.02397036924958229,0.021415039896965027,0.03405824303627014,0.07766641676425934,0.045033298432826996,0.06481964886188507,1.5287892818450928,1.360750436782837,2.622175693511963,1.0352587699890137,0.8984320163726807,1.7139962911605835,2.7551369667053223,2.260711669921875,5.586243629455566
cartpole,entropy_tiebreak,greedy_diverse,1.0,6,900,115242,0.9905148364189703,0.112103226254317,0.9888596313550739,0.001864971238268241,0.9981350287617318,0.011140368644926069,0.09774214262161365,0.014361083632703355,2.1298410892486572,1.9244028329849243,3.6664681434631348,1.3474452495574951,1.1280009746551514,2.323505401611328,5.174067497253418,4.719267845153809,9.546490669250488,0.15637019276618958,0.07727187126874924,0.3938221335411072,0.031236300244927406,0.02561582252383232,0.04107334464788437,0.3103557825088501,0.05141778662800789,0.09930103272199631,2.1130971908569336,1.9032073020935059,3.591526508331299,1.4673914909362793,1.255338430404663,2.5027289390563965,4.175319671630859,3.653202772140503,7.782314300537109
cartpole,entropy_tiebreak,greedy_diverse,1.0,7,1000,115242,0.9935769995412143,0.19247323024591728,0.992312391813461,0.001375665699614541,0.9986243343003854,0.007687608186539049,0.1806199128789851,0.011853317366932195,1.8973795175552368,1.7564181089401245,3.110624074935913,1.2190028429031372,1.0596508979797363,1.986004114151001,4.229657173156738,3.750598192214966,7.852527141571045,0.1182461827993393,0.06566637754440308,0.2851810157299042,0.03266365826129913,0.029730042442679405,0.04406576603651047,0.1389417052268982,0.05490327253937721,0.09181323647499084,1.737849473953247,1.5791654586791992,2.8437421321868896,1.2580537796020508,1.1148567199707031,2.051964282989502,3.224548101425171,2.8157200813293457,5.893651962280273
cartpole,entropy_tiebreak,greedy_diverse,1.0,8,1100,115242,0.9912223175099633,0.1548046719078114,0.9860490791388569,0.0009035172636334301,0.9990964827363665,0.013950920861143173,0.1465351174051127,0.00826955450269867,2.0785887241363525,1.9959731101989746,3.169483184814453,1.1275309324264526,1.004955530166626,1.819467544555664,5.502849102020264,5.552932262420654,8.748469352722168,0.0660567581653595,0.04277094453573227,0.13125711679458618,0.019360404461622238,0.017505286261439323,0.027949320152401924,0.05477233603596687,0.038324300199747086,0.056933678686618805,2.0094492435455322,1.9149035215377808,3.0738961696624756,1.1855298280715942,1.069972038269043,1.9160388708114624,3.9172675609588623,3.5787599086761475,6.807396411895752
cartpole,entropy_tiebreak,greedy_diverse,1.0,9,1200,115242,0.9936141750170373,0.09275264226584058,0.9900407424173834,0.0006495653817082389,0.9993504346182918,0.009959257582616569,0.0839103798962184,0.008842262369622187,1.8754692077636719,1.7386826276779175,3.1915283203125,1.2236344814300537,1.0764966011047363,1.994743824005127,4.259089946746826,3.734300136566162,8.685812950134277,0.06495331972837448,0.03935966268181801,0.13196972012519836,0.020362434908747673,0.01859157159924507,0.029298942536115646,0.06429365277290344,0.04106553643941879,0.06367496401071548,2.065946578979492,1.9126070737838745,3.5027718544006348,1.3951401710510254,1.2321434020996094,2.2606966495513916,4.100757598876953,3.553856372833252,8.500030517578125
cartpole,entropy_tiebreak,greedy_diverse,1.0,10,1300,115242,0.9962362623576052,0.10135193766161643,0.9944895301072036,0.0004784688995215311,0.9995215311004785,0.005510469892796313,0.09306502837507159,0.008286909286544837,1.5693371295928955,1.4313536882400513,2.6432268619537354,1.057923436164856,0.9318528771400452,1.704910159111023,3.554300546646118,2.973842144012451,6.41452169418335,0.05783519893884659,0.031820084899663925,0.1230897307395935,0.01786201074719429,0.016107644885778427,0.026328008621931076,0.05790068954229355,0.037947021424770355,0.06027335301041603,1.769980788230896,1.613064169883728,2.9715635776519775,1.1914335489273071,1.0630040168762207,1.9302735328674316,3.7161483764648438,3.0645058155059814,6.930503845214844
cartpole,entropy_tiebreak,greedy_diverse,1.0,11,1400,115242,0.9931454683929932,0.06506308463928082,0.9894747148382044,0.0007329615080683029,0.9992670384919317,0.010525285161795662,0.06181774006004755,0.003245344579233266,1.1368615627288818,1.0416884422302246,1.8397527933120728,0.7668490409851074,0.6752442121505737,1.2526631355285645,2.115410566329956,1.9154043197631836,3.2263052463531494,0.06459745019674301,0.036024317145347595,0.1542224884033203,0.014334030449390411,0.012939181178808212,0.021857526153326035,0.04697972536087036,0.0304524227976799,0.04942375421524048,1.3088269233703613,1.1969295740127563,2.129706621170044,0.8645073175430298,0.7674297094345093,1.415586233139038,2.140170097351074,1.9199434518814087,3.2422232627868652
cartpole,entropy_tiebreak,greedy_diverse,1.0,12,1500,115242,0.9949416438423767,0.04642404678849725,0.9943282698757151,0.0010042849491162292,0.9989957150508838,0.005671730124284869,0.040401936793877234,0.006022109994620017,1.2015538215637207,1.0700476169586182,2.0953822135925293,0.8796768188476562,0.7648725509643555,1.4591262340545654,2.250061273574829,1.8964951038360596,3.744882822036743,0.08328816294670105,0.04877706244587898,0.1944359689950943,0.02007322572171688,0.018237609416246414,0.02907540276646614,0.0683189183473587,0.0390150286257267,0.06206630542874336,1.4044986963272095,1.2523761987686157,2.4473085403442383,0.9948287010192871,0.8752655982971191,1.6564977169036865,2.356795072555542,1.9585106372833252,3.9342379570007324
cartpole,entropy_tiebreak,greedy_diverse,1.0,13,1600,115242,0.9936874817908129,0.06201732007427847,0.9962999026290166,0.002101536177260008,0.99789846382274,0.003700097370983447,0.05865916940004512,0.0033581506742333526,1.0892399549484253,0.9740128517150879,1.872896432876587,0.752841591835022,0.6544856429100037,1.2379802465438843,1.9616739749908447,1.6655865907669067,3.1200709342956543,0.12761223316192627,0.07904347032308578,0.2966354489326477,0.022034846246242523,0.019762951880693436,0.032636430114507675,0.0748751237988472,0.04338998347520828,0.07028202712535858,1.2668297290802002,1.13515305519104,2.1754250526428223,0.84058678150177,0.7398918867111206,1.3998997211456299,2.0069546699523926,1.689313530921936,3.1346359252929688
cartpole,entropy_tiebreak,greedy_diverse,1.0,14,1700,115242,0.9951934866839963,0.03579424168271984,0.9936826640548482,0.0007387234417896954,0.9992612765582103,0.006317335945151812,0.03135141701810104,0.004442824664618802,1.0126949548721313,0.9034065008163452,1.7555617094039917,0.7021520137786865,0.5959041714668274,1.1844879388809204,1.8301373720169067,1.5745431184768677,2.8926050662994385,0.06959415972232819,0.04049933701753616,0.16220271587371826,0.017925892025232315,0.016010574996471405,0.026920577511191368,0.05476514995098114,0.03768465295433998,0.06092493608593941,1.1873565912246704,1.062172770500183,2.054058074951172,0.8024961948394775,0.685571014881134,1.3781006336212158,1.9034934043884277,1.629654884338379,2.9673945903778076
cartpole,fm_direct,-,baseline,0,300,115242,0.9562486556248656,0.3566321306468128,0.9749122807017544,0.011650702070350478,0.9883492979296495,0.025087719298245614,0.3556255531837351,0.0010065774630776973,2.6612892150878906,2.4830682277679443,4.249684137427689,1.9578335285186768,1.6831609010696411,3.394875299930573,5.4440205097198495,5.78657021522522,7.955703244209293,0.6103204488754272,0.4679344892501831,0.9884554238420703,0.14743737876415253,0.0863790512084961,0.19649096131324856,0.9810795545578004,0.1754109144210816,3.8615204143524178,2.324209451675415,2.1500489711761475,3.7597983746098054,1.7662696838378906,1.5564647912979126,2.923293507099152,4.105501317977906,3.821008563041688,6.91527901172638
cartpole,fm_direct,-,baseline,1,350,115242,0.9848799574899764,0.20860450183092968,0.9843568945538818,0.0018677485589886945,0.9981322514410113,0.015643105446118192,0.1892799500182225,0.01932455181270717,2.2459447383880615,2.0752100944519043,3.743996647818673,1.5905511379241943,1.3268070220947266,2.7747587323188783,4.523097324371338,4.461738395690921,7.5156258964538605,0.27641525864601135,0.169431671500206,0.527170689738477,0.09622227400541306,0.06491141021251678,0.13141898959875106,0.5144217491149904,0.13216856718063355,1.1030914831161556,2.337935447692871,2.186548948287964,3.827485116103432,1.623565673828125,1.3999316692352295,2.7418516635894776,4.386010837554932,4.011368179321295,7.786141128540047
cartpole,fm_direct,-,baseline,2,400,115242,0.9870998219412044,0.13107200499817775,0.9925460391698334,0.0029264455831492257,0.9970735544168507,0.007453960830166618,0.10808559379392929,0.02298641120424845,1.7932195663452148,1.6405822038650513,3.048685822291978,1.0940035581588745,0.8843821883201599,1.8725504100322725,3.9756123542785695,3.8452416419982964,7.004205513000492,0.2854333817958832,0.19348540902137756,0.5277487208694693,0.09313736855983734,0.0668892115354538,0.13008902966976169,0.49460015892982506,0.13784254789352418,0.9062622690200856,1.9003444910049438,1.7510265111923218,3.1924689790320433,1.168436884880066,0.9783961176872253,1.966707438230515,3.778214526176461,3.14263396263123,7.349476876258865
cartpole,fm_direct,-,baseline,3,450,115242,0.9720021568708782,0.10756495027854428,0.952446756624939,0.0009939918713553631,0.9990060081286446,0.04755324337506096,0.02727304281425175,0.08029190746429253,2.273056745529175,2.037506103515625,3.916781485689234,1.5384740829467773,1.2735786437988281,2.630123782157898,4.88132815361023,4.928163242340092,8.454567308425917,0.151279017329216,0.10868196934461594,0.2007401051336891,0.06853655725717545,0.05334974080324173,0.09700526520609856,0.2285848438739776,0.10390280336141586,0.22886179417371755,2.5561420917510986,2.309218645095825,4.351381521283397,1.7132152318954468,1.4575047492980957,2.8558121204376223,5.32676134109497,5.205743408203124,10.14386266708374
cartpole,fm_direct,-,baseline,4,500,115242,0.9687225222961938,0.08968084552506898,0.9428641291058766,0.0004965564886979426,0.999503443511302,0.0571358708941234,0.0073063639992363896,0.0823744815258326,1.9320846796035767,1.6966010332107544,3.43163340491778,1.1483135223388672,0.9157889485359192,1.9374923110008244,4.531276607513432,4.142004013061529,8.578567867279057,0.0911298617720604,0.07259199768304825,0.10207260163703466,0.04795210063457489,0.04028701409697533,0.06731739193201067,0.11353051587939264,0.08518611118197442,0.13734116122126583,2.1930525302886963,1.9429237842559814,3.853826710217577,1.3150383234024048,1.0713677406311035,2.1870782375335702,5.0376323699951175,4.7475679397583015,10.26180997848511
cartpole,fm_direct,-,baseline,5,550,115242,0.9900567693101668,0.1024192568681557,0.9871698113207548,0.001147821389989197,0.9988521786100109,0.012830188679245283,0.04822894430849864,0.05419031255965707,1.8118466138839722,1.5836313962936401,3.2289200523539097,0.9628725051879883,0.8056278228759766,1.5682769119739535,4.515427255630498,3.9257009267807104,8.675409975051888,0.10730888694524765,0.09120403230190277,0.11670810854469932,0.04653268679976463,0.0401114784181118,0.06400212273001671,0.10497551932930947,0.0827141746878624,0.1275933562219143,2.033285140991211,1.78196120262146,3.606134767765507,1.0743337869644165,0.9255913496017456,1.7402776360511782,4.996661949157712,4.111675453186029,10.55237516403198
cartpole,fm_direct,-,baseline,6,600,115242,0.9890696807849956,0.06921087797851477,0.9852759218015342,0.001251344646659788,0.9987486553533402,0.014724078198465726,0.020817063223477553,0.04839381475503723,1.731550931930542,1.5538175106048584,3.000075774105919,0.9091610908508301,0.7609689235687256,1.4783508598804473,4.31419749259949,3.841414380073555,7.626186628341697,0.09608110040426254,0.08244439959526062,0.10200672943488767,0.03637370094656944,0.03211401030421257,0.04926580563187599,0.08445844575762748,0.06731594651937486,0.10293926775455477,1.96933114528656,1.7801637649536133,3.384028596684298,1.03859543800354,0.8865131735801697,1.688515663146973,4.8268938064575195,4.235212087631226,9.173931980133059
cartpole,fm_direct,-,baseline,7,650,115242,0.990367578364099,0.08124642057583173,0.9845631565462465,0.0006425382476431032,0.9993574617523568,0.015436843453753523,0.030778709151177523,0.050467711424654206,1.9455506801605225,1.7230799198150635,3.4297231168087747,1.08939528465271,0.8965473175048828,1.8018775224685672,4.562303113937382,4.175504207611086,8.903291568756106,0.07994778454303741,0.06379400193691254,0.08678670216995388,0.04030899330973625,0.03500359505414963,0.05581038370728495,0.09316867589950566,0.07235822826623918,0.113796970397234,2.2455368041992188,2.0087900161743164,3.909034550978375,1.262223482131958,1.0721731185913086,2.067908704280855,5.188875007629396,4.753353929519657,10.838578691482551
cartpole,fm_direct,-,baseline,8,700,115242,0.992271420998298,0.0486714912965759,0.9881084685485664,0.0006874952257275991,0.9993125047742724,0.011891531451433651,0.020877804966939136,0.027793686329636764,1.506360411643982,1.3852314949035645,2.56212517839482,0.7637649178504944,0.6497645974159241,1.2034094393253327,3.3871786832809474,2.6570365905761784,6.6555978584289575,0.06611103564500809,0.055749062448740005,0.0716272182452056,0.03155691176652908,0.029091421514749527,0.04372409470379353,0.06948052197694779,0.059255236387252816,0.08611823275685314,1.7373899221420288,1.6063382625579834,2.932212393880203,0.8906803131103516,0.7628795504570007,1.407871991395952,3.8761216878891007,2.997712969779973,7.112125101089484
cartpole,fm_direct,-,baseline,9,750,115242,0.9901323042998899,0.03484840596310373,0.9835176870003286,0.0006131405705434361,0.9993868594294566,0.01648231299967145,0.006577463077697367,0.028270942885406363,1.7979700565338135,1.5994006395339966,3.1870646736213524,0.9237247705459595,0.769872784614563,1.506760072708131,4.5933640003204355,3.9006978988647485,8.779409141540537,0.09944504499435425,0.05640227347612381,0.15137925638748734,0.0360303595662117,0.03125843405723572,0.048797943629324436,0.20112059563398466,0.06633126735687257,0.11667924277484422,2.0966577529907227,1.8814388513565063,3.6816508373075183,1.0938595533370972,0.9238376021385193,1.790051400661469,5.304655504226685,5.143601036071778,10.545384244918827
cartpole,fm_direct,-,baseline,10,800,115242,0.9902485558323175,0.026344561878481804,0.983938915218536,0.0006758496395468589,0.9993241503604532,0.016061084781463928,0.004416792488849551,0.021927769389632253,1.6364176273345947,1.485174298286438,2.842770270714504,0.8375905752182007,0.6952801942825317,1.3337058365345,3.811088132858277,3.0886704683303834,7.048770985603333,0.08960175514221191,0.053651195019483566,0.13485831701258,0.03140940144658089,0.028224658221006393,0.04218760970979929,0.1079407691955566,0.05801090002059937,0.09693031556904316,1.9127237796783447,1.7477158308029175,3.295620120521612,1.014069676399231,0.8408714532852173,1.6504634380340582,4.479957771301271,3.7843237400054957,7.949589600563054
cartpole,fm_direct,-,baseline,11,850,115242,0.9878937057316522,0.016105239409243157,0.984678549969958,0.0018840858971888581,0.9981159141028112,0.01532145003004206,0.005744433453081342,0.010360805956161815,1.4562026262283325,1.328831672668457,2.4905506785490044,0.6788828372955322,0.5732037425041199,1.0470032870769501,3.517325329780579,2.4610486507415783,6.874531698226933,0.12319275736808777,0.08363699913024902,0.23580047717960426,0.02599223703145981,0.02356375753879547,0.03687763214111328,0.08102274984121324,0.05552563183009627,0.0883170072734356,1.7092305421829224,1.5676660537719727,2.9048945634710526,0.8229002952575684,0.6949391961097717,1.2913345575332644,4.213600540161125,3.151481199264526,7.510529460906982
cartpole,fm_direct,-,baseline,12,900,115242,0.9870972687089603,0.013727634022318252,0.9783731766612642,0.0008305294092593381,0.9991694705907407,0.021626823338735817,0.001969767966539977,0.011757866055778275,1.5405431985855103,1.3938844203948975,2.6592902758627397,0.6950719952583313,0.5907033681869507,1.0750717937946321,3.843398165702821,2.7820506334304813,7.141508841514594,0.07992295920848846,0.05264813452959061,0.1250071774595631,0.025137845426797867,0.023119082674384117,0.035567754879593856,0.06681976169347764,0.05052842646837235,0.07751033842563632,1.8193920850753784,1.653302550315857,3.1248159315905193,0.8573805689811707,0.7210618257522583,1.3376812458038332,4.590847778320328,3.9362390518188537,8.079171037673959
cartpole,fm_direct,-,baseline,13,950,115242,0.9886598457739025,0.012608250464240469,0.9810943282984895,0.0007676315368623061,0.9992323684631377,0.018905671701510453,0.003904826365387619,0.008703424098852849,1.4606163501739502,1.3289680480957031,2.474360998598151,0.6489077806472778,0.5542745590209961,0.9941857159137728,3.487768220901494,2.48356642723084,6.730819182395938,0.07083991914987564,0.0471622496843338,0.11290662963985579,0.022182999178767204,0.020401889458298683,0.03178930208086968,0.058672672882676115,0.04600895792245864,0.06869973823428153,1.7301678657531738,1.5809516906738281,2.918627791444515,0.8117725253105164,0.6834261417388916,1.259266984462738,4.1964640617370605,3.23764967918396,7.3178065776825
cartpole,fm_direct,-,baseline,14,1000,115242,0.9896443043674021,0.00986619461654605,0.9835918854415274,0.0008936835721809071,0.9991063164278191,0.016408114558472554,0.0022821540757709865,0.007584040540775065,1.4159648418426514,1.3001863956451416,2.36831732536934,0.6337732076644897,0.5481309294700623,0.9703406870365145,3.3121601104736342,2.360535597801209,6.629896435737611,0.07055462151765823,0.0503220334649086,0.10690681024369082,0.02005912736058235,0.018580300733447075,0.028933639917522673,0.053537752479314804,0.04463047720491886,0.06306177750229836,1.6841329336166382,1.5528696775436401,2.8040771132427476,0.7936398983001709,0.6819765567779541,1.2296456694602969,3.9454280376434325,2.9385274410247795,7.069047031402588
cartpole,fm_direct,-,baseline,15,1050,115242,0.9896609282742469,0.008330296246160255,0.9840955259376704,0.0009989479165559677,0.999001052083444,0.015904474062329685,0.0013536731400010413,0.006976623106159213,1.411044716835022,1.2968963384628296,2.367683103939619,0.6512595415115356,0.554926335811615,0.9804687798023226,3.073111271858217,2.3074211597442633,6.473467640876771,0.07133261859416962,0.05199943110346794,0.11599937962955888,0.0195268876850605,0.01805536448955536,0.028409910667687666,0.05135071277618408,0.04186084680259228,0.06136720310896635,1.6814379692077637,1.5519102811813354,2.8073390400885696,0.8222384452819824,0.6960914134979248,1.2692050635814667,3.6902520656585693,2.7940239906311035,6.951398062705994
cartpole,fm_direct,-,baseline,16,1100,115242,0.9951155315971958,0.01888200482462991,0.9932804526852927,0.0006432729728860441,0.999356727027114,0.00671954731470722,0.005605595182312005,0.013276409642317905,1.633894681930542,1.4702141284942627,2.8336163737375317,0.7378579378128052,0.6236636638641357,1.1327597498893742,4.412574005126954,3.626210165023807,7.926280608177187,0.07457422465085983,0.04655986279249191,0.11972805187491051,0.024930372834205627,0.02279968187212944,0.03543363735079766,0.06416389197111139,0.04917870126664641,0.07517557799816131,1.9365994930267334,1.7516530752182007,3.3353144446170915,0.926021933555603,0.7812443971633911,1.4444444715976719,5.156203508377075,5.045648097991943,9.26439905166626
cartpole,fm_direct,-,baseline,17,1150,115242,0.9936018434535338,0.021172836292323978,0.996312865640824,0.002011658969727777,0.9979883410302722,0.003687134359176048,0.014291664497318685,0.0068811717950052935,1.4767040014266968,1.3552963733673096,2.483653717674312,0.7160193920135498,0.6199208498001099,1.0935096323490145,3.3492147684097313,2.657966279983523,6.698747572898866,0.13361558318138123,0.08491383492946625,0.2932077469818955,0.025453027337789536,0.023323943838477135,0.03581963889300824,0.07436317279934891,0.050876497849822046,0.08261770077049738,1.7396738529205322,1.606841802597046,2.896659613746547,0.8796137571334839,0.7649210691452026,1.3663871884346015,3.9736505985260098,3.2045539379119967,7.318819994926456
cartpole,fm_direct,-,baseline,18,1200,115242,0.994995685936152,0.020730289304246717,0.9961990324809952,0.0013607646201198769,0.9986392353798801,0.0038009675190048375,0.013779698373856753,0.006950590930389962,1.2466009855270386,1.1666502952575684,2.1027819112772344,0.5854952335357666,0.5067299008369446,0.8831038177013399,2.6204128742218034,2.1050595521926883,6.189536542892458,0.09007452428340912,0.061582840979099274,0.1703652564270544,0.019371530041098595,0.017913203686475754,0.0282193010672927,0.05242280662059792,0.041511924564838425,0.06499292910099032,1.4353747367858887,1.3473843336105347,2.407019568257433,0.7242379784584045,0.6276231408119202,1.1076848149299625,2.9299505949020386,2.324404716491699,6.387826132774354
cartpole,fm_direct,-,baseline,19,1250,115242,0.9925853658536586,0.023767376477325974,0.9971088352036066,0.002660267546907575,0.9973397324530924,0.0028911647963933943,0.018751843945783657,0.005015532531542319,1.2542088031768799,1.1788291931152344,2.09906540994348,0.6163427829742432,0.5341782569885254,0.9434951394796374,2.5768126249313354,2.139454913139347,5.9852300453186045,0.14963096380233765,0.10365099459886551,0.31247779782330987,0.025911450386047363,0.024115975946187973,0.0360996063798666,0.07385354936122891,0.04943881779909132,0.08227724179625519,1.4305624961853027,1.35222589969635,2.368725312459931,0.7376410961151123,0.6477797031402588,1.1491120815277105,2.753088545799257,2.3134598970413207,6.041839776039128
cartpole,fm_nonadapt,-,baseline,0,300,115242,0.9567813108371187,0.3570920324187362,0.9753903148981212,0.011473555049160996,0.988526444950839,0.024609685101878803,0.35601603582027386,0.001075996598462366,2.662386178970337,2.484208822250366,4.250986391485061,1.9605088233947754,1.6870529651641846,3.402508413791657,5.432132196426393,5.797082996368409,7.951610102653509,0.6088739633560181,0.4649609923362732,0.9874453675528807,0.1472087800502777,0.08636870980262756,0.1999680794775487,0.9786651134490979,0.17522774636745458,3.8105739092826907,2.3196589946746826,2.1445608139038086,3.7520877627262013,1.7623927593231201,1.5544779300689697,2.9215102314949037,4.087318706512452,3.8016282320022587,6.878263182640076
cartpole,fm_nonadapt,-,baseline,1,350,115242,0.9820166073546857,0.20700786171708233,0.9856176778740833,0.002818747141073349,0.9971812528589267,0.014382322125916754,0.1896010135193766,0.017406848197705698,2.179640769958496,2.0214316844940186,3.5607125715827697,1.480381965637207,1.231351375579834,2.589435684680939,4.486151027679445,4.483361387252812,7.2911690378189205,0.30858007073402405,0.21813265979290009,0.5232513908710974,0.09197448939085007,0.06644323468208313,0.12719354256987572,0.497065931558609,0.13880681991577148,0.9877895265817651,2.189859628677368,2.0398659706115723,3.5417089965538278,1.4794162511825562,1.2701494693756104,2.5107971906661994,3.9924322128295984,3.5989991903305065,7.150375208854688
cartpole,fm_nonadapt,-,baseline,2,400,115242,0.9784314531038166,0.16815050068551396,0.9861697722567287,0.004272637219682775,0.9957273627803173,0.013830227743271221,0.1487218201697298,0.019428680515784176,1.8027182817459106,1.6790580749511719,2.959960340544885,1.053647756576538,0.8660802841186523,1.8167183339595798,4.114104127883912,4.059453582763679,6.693780798912051,0.33907538652420044,0.269766628742218,0.5267848342232886,0.09091377258300781,0.07101847231388092,0.12702663578093054,0.4456094205379486,0.1475548967719078,0.7850344300270107,1.8256852626800537,1.7110496759414673,2.9808711444552776,1.0791385173797607,0.9154456853866577,1.8222450017929082,3.2516086578369143,2.7606531858444217,6.469233698844912
cartpole,fm_nonadapt,-,baseline,3,450,115242,0.9731564890679462,0.15023168636434633,0.9689021092482423,0.002855991247768757,0.9971440087522312,0.031097890751757708,0.10796411030700613,0.0422675760573402,2.0090861320495605,1.829555869102478,3.3933990629461426,1.3303508758544922,1.090385913848877,2.308500099182129,4.202947616577149,4.083112430572512,7.098280982971192,0.27313289046287537,0.21991916000843048,0.37948302782023907,0.07961319386959076,0.0618533194065094,0.11134939417243005,0.33104632496833775,0.12466982603073119,0.3812875676155091,2.132505178451538,1.952612042427063,3.5763569157943085,1.4112896919250488,1.1886372566223145,2.3900907993316656,3.9336542129516623,3.4798571825027524,7.343188085556033
cartpole,fm_nonadapt,-,baseline,4,500,115242,0.9773164167627836,0.1479755644643446,0.9742263102424068,0.002313337587747288,0.9976866624122527,0.025773689757593178,0.08120303361621631,0.06677253084812829,2.1571803092956543,1.9666932821273804,3.603586833933466,1.507306456565857,1.2571958303451538,2.602779603004455,4.527409172058106,4.490708160400391,7.4044721364975015,0.23082207143306732,0.1925276517868042,0.2759803696886111,0.0672517865896225,0.0532400906085968,0.09282244145870214,0.2372772991657257,0.11218888312578201,0.23496727496385575,2.316392183303833,2.1070241928100586,3.875577885948844,1.6268439292907715,1.385828971862793,2.7383030652999882,4.277881765365603,3.854910254478455,7.851750793457032
cartpole,fm_nonadapt,-,baseline,5,550,115242,0.985655737704918,0.17085784696551604,0.9868506947682552,0.001968666375885605,0.9980313336241144,0.013149305231744847,0.13097655368702382,0.039881293278492214,2.1319494247436523,1.8968535661697388,3.6908643456326007,1.4913854598999023,1.2227206230163574,2.634608805179596,4.292717170715333,4.249535751342774,7.352914490699769,0.2308845818042755,0.16740837693214417,0.3400212028031345,0.07959769666194916,0.05808649957180023,0.11260637268424038,0.3327994167804721,0.12192614972591412,0.4100694245100035,2.189171552658081,1.9344850778579712,3.8184913745377336,1.5343313217163086,1.2875784635543823,2.636402750015259,3.7975515365600594,3.329810810089112,7.524172382354738
cartpole,fm_nonadapt,-,baseline,6,600,115242,0.9873620862587764,0.16150361847243191,0.988909426987061,0.002102462375426135,0.9978975376245739,0.011090573012939002,0.13513302441818087,0.026370594054251056,1.9891037940979004,1.7645866870880127,3.4687636253485326,1.302695393562317,1.0612789392471313,2.247355937957764,4.099769306182865,3.994800710678102,7.3101610088348385,0.283785879611969,0.16470006108283997,0.5540929136586112,0.0975651890039444,0.06562095880508423,0.12788033522665504,0.5803028941154479,0.13812985122203825,1.1764928150177028,2.0372626781463623,1.8175380229949951,3.5082911447819645,1.3303425312042236,1.128399133682251,2.2246904850006106,3.7009624481201175,3.1544512271881135,7.468907918930055
cartpole,fm_nonadapt,-,baseline,7,650,115242,0.9800703399765534,0.1365040523420281,0.9873238327690733,0.004020274161962907,0.9959797258380371,0.012676167230926698,0.11361309244893354,0.02289095989309453,1.6698907613754272,1.5038217306137085,2.8850051162189905,0.9854592680931091,0.7901610136032104,1.6788473606109624,3.595480537414552,3.225503301620491,6.665964784622193,0.33278945088386536,0.24654319882392883,0.5593053190520433,0.09002967178821564,0.06183420866727829,0.12465534061193474,0.5272062063217167,0.1407968819141388,1.0934274411201501,1.7257053852081299,1.5697940587997437,2.9401347146296604,1.0160582065582275,0.8493233323097229,1.699462181329728,2.9386228084564214,2.364824056625367,6.594934530258181
cartpole,fm_nonadapt,-,baseline,8,700,115242,0.9842927342927342,0.13472518699779595,0.9799073993185987,0.001450112723606249,0.9985498872763937,0.02009260068140124,0.09198035438468614,0.0427448326131098,1.7220942974090576,1.5556391477584839,2.9708097056305807,1.0584156513214111,0.8501773476600647,1.8175026416778568,3.644155955314637,3.3621427774429518,6.6641708707809455,0.2020728588104248,0.13947288691997528,0.3243881225433907,0.07826428860425949,0.05794113874435425,0.10988560169935227,0.3255871057510376,0.12235679030418399,0.3599122488498721,1.8290987014770508,1.6694691181182861,3.115419227403452,1.1146501302719116,0.925510048866272,1.8796682119369508,3.2670466899871826,2.777333974838257,6.791307020187378
cartpole,fm_nonadapt,-,baseline,9,750,115242,0.9823579510889403,0.08428350774891098,0.9930508578808191,0.005231437917282789,0.9947685620827172,0.006949142119180862,0.06874229881466826,0.015541208934242724,1.4111229181289673,1.3104110956192017,2.3564467412593397,0.7303085923194885,0.6023532152175903,1.2055589735507966,2.9356331586837783,2.3040795803070084,6.228682632446295,0.30636149644851685,0.24912679195404053,0.4717643066317074,0.07577473670244217,0.06182420253753662,0.10799895077943804,0.37717727422714237,0.13381913900375367,0.48086470842361745,1.4992480278015137,1.406419038772583,2.483909077814802,0.7908439040184021,0.6727879047393799,1.3030991673469545,2.34977467060089,1.9636757373809814,5.728451094627378
cartpole,fm_nonadapt,-,baseline,10,800,115242,0.981483559645382,0.13128026240433174,0.9896650573325286,0.004121717305456095,0.9958782826945439,0.010334942667471333,0.11093177834470072,0.020348484059631036,1.622167944908142,1.461946964263916,2.798148134946029,0.9134608507156372,0.7319698333740234,1.5611074566841128,3.5722369432449357,3.058650159835818,6.813241329193117,0.33082103729248047,0.24231533706188202,0.5542383416449336,0.0776609480381012,0.05625307559967041,0.10804106444120459,0.5285036683082578,0.1333647847175598,1.0066686677932775,1.6780351400375366,1.5355905294418335,2.8415567132555215,0.9397507905960083,0.7890663743019104,1.5801102459430696,3.016016960144043,2.3177515268325806,6.887090301513673
cartpole,fm_nonadapt,-,baseline,11,850,115242,0.986168384879725,0.12122316516547786,0.9794368600682594,0.000904502412006432,0.9990954975879935,0.020563139931740613,0.06121900001735479,0.06000416514812308,1.5093742609024048,1.3812882900238037,2.580395354564428,0.8046655654907227,0.6524057388305664,1.3370703995227828,3.373517251014717,2.7936448812484747,6.515587754249573,0.14175890386104584,0.10145493596792221,0.19528414748626008,0.06874921917915344,0.05272843688726425,0.09487274512648583,0.21801822930574424,0.10593426674604417,0.21622382715344438,1.6087676286697388,1.4926109313964844,2.709632280244474,0.8604415655136108,0.7252111434936523,1.4128428161144257,2.966384315490724,2.2503839969635075,6.6264943170547514
cartpole,fm_nonadapt,-,baseline,12,900,115242,0.9905213270142179,0.09610211554815085,0.9892802450229708,0.0013140165476999142,0.9986859834523001,0.010719754977029096,0.047465333819267284,0.04863678172888357,1.365202784538269,1.2617075443267822,2.324081993804212,0.6831809282302856,0.5575664043426514,1.1218844890594484,2.9689302921295195,2.232929658889771,6.308358955383302,0.11166467517614365,0.0997122973203659,0.12668518137661852,0.04883788153529167,0.0430002361536026,0.06781895719468593,0.10535738766193391,0.08672675341367722,0.13552700385451322,1.473124623298645,1.3792837858200073,2.480779060022128,0.7516041994094849,0.6345210671424866,1.240108287334443,2.605161190032975,2.0489992618560793,6.3148418521881196
cartpole,fm_nonadapt,-,baseline,13,950,115242,0.9874382685360115,0.08380625119314139,0.9855762868863306,0.0017795954460042003,0.9982204045539959,0.014423713113669445,0.03379844154041062,0.05000780965273077,1.3466006517410278,1.2597581148147583,2.2592388038016256,0.6656513214111328,0.5467314720153809,1.0996291339397435,2.897043848037725,2.158393096923833,6.311713180541992,0.12364081293344498,0.11143675446510315,0.13560035364882525,0.044217631220817566,0.039240747690200806,0.061740579828619996,0.09479208439588546,0.07785112559795379,0.12218078568577767,1.4577890634536743,1.379397988319397,2.4231046739896915,0.73454350233078,0.6234880685806274,1.2210414409637456,2.45840435028077,1.975564813613893,6.321055860519416
cartpole,fm_nonadapt,-,baseline,14,1000,115242,0.9838595066490712,0.0758664375835199,0.9763599731363332,0.0013644947548821622,0.9986355052451178,0.02364002686366689,0.020799708439631383,0.055066729143888514,1.343500018119812,1.243960976600647,2.2817145204553024,0.6996488571166992,0.5719455480575562,1.1498869717121125,2.7941248893737964,2.1000755786895757,6.254963178634645,0.11762025952339172,0.10625117272138596,0.1331126750695645,0.05470900610089302,0.04930495470762253,0.07324186712503433,0.10395342856645585,0.08815578818321228,0.13822775483131414,1.4636071920394897,1.3666949272155762,2.467261281455438,0.7781741619110107,0.6541852355003357,1.2852578043937686,2.4872153997421265,1.9763261079788208,6.317501521110534
cartpole,fm_nonadapt,-,baseline,15,1050,115242,0.9894944652048226,0.09461828152930356,0.9878229042021539,0.0013868702222320844,0.998613129777768,0.012177095797846132,0.04751739817080578,0.04710088335849777,1.3416131734848022,1.2545514106750488,2.271634225884459,0.6746419668197632,0.5541710257530212,1.1099110484123231,2.8716136932373058,2.129192233085633,6.258916044235231,0.11192966252565384,0.10095643997192383,0.12585546711778245,0.045459453016519547,0.04006358981132507,0.06289715096354484,0.0953676596283913,0.080809497833252,0.1267298695445061,1.4466460943222046,1.3744926452636719,2.4152467998566527,0.7353689670562744,0.6284109354019165,1.2170004725456243,2.3454147815704345,1.9446120262145992,6.227657766342163
cartpole,fm_nonadapt,-,baseline,16,1100,115242,0.9922089977787355,0.08562850349698894,0.990206458443621,0.0009638607608960582,0.999036139239104,0.009793541556379036,0.04437618229464952,0.041252321202339425,1.327102780342102,1.2457612752914429,2.2314943036769432,0.6684390306472778,0.548612654209137,1.1031597077846533,2.855041313171387,2.1348164796829265,6.266138515472412,0.08972454071044922,0.07877884805202484,0.10276197520282132,0.043687302619218826,0.038770683109760284,0.059765999391675005,0.09393509477376938,0.07735970616340637,0.12385471537709238,1.4438886642456055,1.3760334253311157,2.3919111939525513,0.732155978679657,0.6258807182312012,1.218709111213684,2.526981639862063,2.0022670745849633,6.313860406875612
cartpole,fm_nonadapt,-,baseline,17,1150,115242,0.9908189496878443,0.08332031724544871,0.9890029325513197,0.001213645791959045,0.998786354208041,0.010997067448680353,0.042172124746186285,0.04114819249926242,1.3166131973266602,1.2359286546707153,2.206031486231451,0.6548805236816406,0.5362859964370728,1.0847907602787024,2.694411969184882,2.0708885431289676,6.1528288936615,0.09955490380525589,0.08871165663003922,0.11078445936435871,0.04182033613324165,0.03751031309366226,0.05674448236823083,0.09059092402458192,0.07541374117136003,0.11637211754918103,1.4273912906646729,1.3594751358032227,2.3585234461119313,0.7199926972389221,0.6132632493972778,1.2057345151901244,2.3011155128479004,1.9470220804214478,6.113617610931398
cartpole,fm_nonadapt,-,baseline,18,1200,115242,0.9910464124741137,0.0777233994550598,0.9911671539961013,0.001657968821284314,0.9983420311787157,0.008832846003898635,0.04409850575311085,0.03362489370194894,1.2799992561340332,1.205173134803772,2.1627850895244465,0.6298245191574097,0.5186187624931335,1.030249869823456,2.7518992185592692,2.0615675210952773,6.236632113456728,0.11174997687339783,0.10164827108383179,0.12274960737839348,0.040191538631916046,0.03647170960903168,0.05494769904762507,0.0932316966354847,0.0787573829293251,0.11861572541296483,1.3967753648757935,1.3323867321014404,2.334701609494428,0.7001956701278687,0.6019637584686279,1.1650985240936285,2.378993844985966,1.9784675359725978,6.016838226318373
cartpole,fm_nonadapt,-,baseline,19,1250,115242,0.9920726249840174,0.08781520626160601,0.9924533128677411,0.001452741210915674,0.9985472587890843,0.0075466871322588894,0.05235070547196335,0.03546450078964267,1.2919999361038208,1.207903504371643,2.1995681146370565,0.6391725540161133,0.5213360786437988,1.0567247688770298,2.742552161216738,2.0160104036331252,6.239804453849796,0.10615626722574234,0.09382335841655731,0.11412870962556215,0.04003187268972397,0.03572496026754379,0.05428750030696393,0.08916312009096153,0.07359369844198228,0.11091312937438493,1.4009920358657837,1.3322713375091553,2.3442025078313558,0.7030516862869263,0.5995177030563354,1.1728922843933107,2.303775835037229,1.9129472494125364,5.186501779556272
cartpole,fm_ranked,-,baseline,0,300,115242,0.9630753228742308,0.36822512625605247,0.9736242551699965,0.00897467220457692,0.9910253277954231,0.026375744830003506,0.36740945141528264,0.0008156748407698582,2.6636500358581543,2.492130994796753,4.245060731263199,1.957951545715332,1.6842994689941406,3.4030068278312684,5.435058164596559,5.821017551422119,7.938888564109805,0.5222787261009216,0.38151970505714417,0.8812065527252197,0.14235949516296387,0.08598539233207703,0.19402728378772743,0.8713217139244078,0.17052256762981413,3.205491249561311,2.3008549213409424,2.1360762119293213,3.7035204644348045,1.7542543411254883,1.5479942560195923,2.9053243875503543,4.0751487731933596,3.8463555812835692,6.784183330535889
cartpole,fm_ranked,-,baseline,1,350,115242,0.975604938271605,0.350323666718731,0.97301024428684,0.003399363391946599,0.9966006366080534,0.02698975571315997,0.3494559275264227,0.0008677391923083599,2.6268491744995117,2.4347047805786133,4.321919183946111,1.9530506134033203,1.6922502517700195,3.313391852378847,5.466945695877076,5.625818300247196,8.522135124206544,0.3584906756877899,0.23142628371715546,0.6634293956162106,0.12404276430606842,0.07848235964775085,0.17119846343994155,0.6352937579154982,0.15365130901336674,1.6904274415969949,2.586235284805298,2.401550054550171,4.239673442149085,1.928995966911316,1.6984913349151611,3.146450781822205,4.847870731353761,4.55849814414978,8.141318583488465
cartpole,fm_ranked,-,baseline,2,400,115242,0.9765198829947032,0.2217681053782475,0.9731347987079493,0.003286055694098088,0.9967139443059019,0.026865201292050736,0.21878308255670675,0.0029850228215407577,2.1661696434020996,1.9933767318725586,3.6617989450410553,1.43337082862854,1.1670846939086914,2.5224556207656867,4.824338674545299,5.043866157531742,7.7764107275009176,0.3500211834907532,0.21091242134571075,0.7192379194353399,0.10346762835979462,0.0682825818657875,0.13803406208753588,0.7098252058029176,0.14546617865562442,2.4589307355880803,2.0721113681793213,1.9182817935943604,3.4435552914490515,1.4204235076904297,1.209507942199707,2.401971077919007,4.081149578094486,3.7679045915603644,7.200645904541021
cartpole,fm_ranked,-,baseline,3,450,115242,0.9727356972150417,0.11915794588778397,0.9554469675194022,0.0010321390532869238,0.9989678609467131,0.04455303248059787,0.0492528765554225,0.06990506933236147,1.7508132457733154,1.580785870552063,3.0066509632894096,1.0239968299865723,0.8292024731636047,1.7088815510272983,3.895755124092103,3.5784398794174233,7.013484692573548,0.16599643230438232,0.1259842813014984,0.22474199945524206,0.07753419876098633,0.060900382697582245,0.11024514734745028,0.22278553992509842,0.1157914400100708,0.2217378430068498,1.9083964824676514,1.738914966583252,3.2315328433970865,1.1171725988388062,0.9383333325386047,1.8223223984241486,4.1817564964294425,3.430351495742792,7.58860695362091
cartpole,fm_ranked,-,baseline,4,500,115242,0.9840421350522758,0.10074452022700058,0.9751499571550986,0.0009582025441929622,0.999041797455807,0.024850042844901457,0.03552524253310425,0.06521927769389632,1.7743611335754395,1.6100795269012451,3.0577726169603463,1.0419869422912598,0.836095929145813,1.7660206079483034,3.889354538917549,3.7547808885574363,6.971102137565617,0.1412692666053772,0.10277534276247025,0.1916045566844855,0.06441494822502136,0.050918783992528915,0.08867697939276695,0.21144987940788273,0.10477088391780853,0.20337663054466248,1.959535002708435,1.7945350408554077,3.335736994058942,1.1491931676864624,0.9503950476646423,1.9133146286010745,4.176311492919934,3.733424568176287,7.69224466323853
cartpole,fm_ranked,-,baseline,5,550,115242,0.9846846013990324,0.06865552489543743,0.9776050908645904,0.0014397661204347875,0.9985602338795652,0.022394909135409657,0.02801929851963694,0.04063622637580049,1.4722576141357422,1.35366690158844,2.4956875072089355,0.7400038242340088,0.6216761469841003,1.1833641231060028,3.5436368942260756,2.8407025337219256,6.6953291749954245,0.10648568719625473,0.09663569927215576,0.1185270849536993,0.04201246798038483,0.03822010010480881,0.057541172765195374,0.08972075060009958,0.07640881687402726,0.11674939952790737,1.645493984222412,1.521210789680481,2.7788187081956917,0.84351646900177,0.7224477529525757,1.3548121154308321,3.881715083122257,2.9597575902938846,7.334327993392953
cartpole,fm_ranked,-,baseline,6,600,115242,0.9823697102211397,0.040124260252338555,0.9762363166290775,0.002217678685403347,0.9977823213145967,0.02376368337092249,0.010326096388469482,0.029798163863869076,1.5076009035110474,1.3667391538619995,2.593621316326574,0.7963700294494629,0.6674071550369263,1.2700069904327393,3.592706871032715,2.8029070377349874,6.800286970138558,0.14418236911296844,0.11332310736179352,0.18353992499093214,0.03799484297633171,0.033594876527786255,0.05097799655050041,0.1452486634254455,0.07459692806005477,0.13377184748649606,1.7155061960220337,1.5649415254592896,2.9301169423316873,0.9199733138084412,0.7802965641021729,1.478381723165512,4.048343896865845,3.132462978363037,7.472648477554324
cartpole,fm_ranked,-,baseline,7,650,115242,0.9875905411163186,0.05583901702504295,0.9895933397374319,0.0030088043611009338,0.996991195638899,0.010406660262568044,0.03332118498464102,0.022517832040401937,1.5187783241271973,1.3808927536010742,2.616780379047856,0.7867432236671448,0.664441704750061,1.2348477065563204,3.509261512756348,2.7740539073944106,6.803721156120304,0.15784500539302826,0.12695713341236115,0.204800567620973,0.033150508999824524,0.029510587453842163,0.04597100839018822,0.1419296562671669,0.06315798088908198,0.11324389912188061,1.677849292755127,1.534921646118164,2.857575356461235,0.9023252725601196,0.7756857872009277,1.4311436772346497,3.495828676223757,2.7187403678894047,6.995433864593507
cartpole,fm_ranked,-,baseline,8,700,115242,0.9831662467163459,0.03024071085194634,0.9755825087775295,0.001818005787497714,0.9981819942125023,0.024417491222470476,0.005796497804619843,0.024444213047326496,1.6182254552841187,1.4325155019760132,2.853646206393669,0.8665307760238647,0.7193886041641235,1.3907395839691163,3.8571182966232316,3.1225953578948986,7.405335984230044,0.1266143023967743,0.09497383236885071,0.16770508050924282,0.03656706213951111,0.03248785436153412,0.050194755941629414,0.12508485019206997,0.06758305355906485,0.11757140465080734,1.8729158639907837,1.6654974222183228,3.285293228677465,1.0314385890960693,0.8651624321937561,1.6817507743835451,4.450802421569821,3.666173791885374,8.93741397857666
cartpole,fm_ranked,-,baseline,9,750,115242,0.9860878661087865,0.024296697384634074,0.9801414015387815,0.0016093384546059266,0.998390661545394,0.019858598461218548,0.00689852657885146,0.017398170805782615,1.4810936450958252,1.3593010902404785,2.5030395094378513,0.748754620552063,0.6339921951293945,1.1840388119220735,3.511195421218873,2.7719360589981132,6.796890010833742,0.11226882040500641,0.08502417057752609,0.150186152281896,0.03244484215974808,0.029565853998064995,0.04442392382770777,0.09165831431746484,0.06244478262960911,0.10354816921055321,1.7249394655227661,1.5922365188598633,2.896595668882415,0.9003432393074036,0.7648915648460388,1.444458329677582,4.0243299484252955,3.2515604972839363,7.637724676132209
cartpole,fm_ranked,-,baseline,10,800,115242,0.9865093173966765,0.02308186251540237,0.9852422685604916,0.0026097834526788025,0.9973902165473212,0.014757731439508412,0.010794675552315995,0.012287186963086375,1.4431853294372559,1.3181939125061035,2.4365662170407503,0.7367594838142395,0.6291587352752686,1.1566091299057009,3.3897706508636483,2.537905716896059,6.8291239547729505,0.15925277769565582,0.10845141112804413,0.3014269177269254,0.029675990343093872,0.02649659290909767,0.04155204854905605,0.25796798467636073,0.05792552083730697,0.10239405199885368,1.666420817375183,1.5330719947814941,2.7870731153247212,0.8679718971252441,0.7464835047721863,1.3709747791290285,3.9049805641174316,2.888102722167967,7.458825969696044
cartpole,fm_ranked,-,baseline,11,850,115242,0.9933872903209334,0.05228128633657868,0.9950386169505396,0.0018067048825641827,0.9981932951174358,0.004961383049460386,0.036861560889259126,0.015419725447319553,1.3559350967407227,1.2641828060150146,2.1829055971370157,0.6562739610671997,0.5656245946884155,1.0077895641326906,3.0419096469879165,2.3872678041458144,6.400402784347535,0.10651396214962006,0.08159317076206207,0.15210247183991124,0.026997849345207214,0.02506060153245926,0.03791651036590338,0.06626366823911667,0.05087675526738167,0.08075453452765946,1.4297542572021484,1.3361105918884277,2.254737482463215,0.7595380544662476,0.6660977602005005,1.1827463984489441,2.6863949298858643,2.2130203247070312,6.041751194000247
cartpole,fm_ranked,-,baseline,12,900,115242,0.9918478942483758,0.03267905798233283,0.9949174718196457,0.0024453080651499932,0.99755469193485,0.005082528180354267,0.020712934520400548,0.011966123461932281,1.372338891029358,1.2589571475982666,2.297574469537614,0.6655293703079224,0.5634017586708069,1.0380397200584413,2.919688963890083,2.2736046314239515,6.4834448337554935,0.1497497856616974,0.10508570820093155,0.2820755009288955,0.03158126398921013,0.028788365423679352,0.04321410804986954,0.09724508523941053,0.05776697844266892,0.09696239367127424,1.537907600402832,1.4182822704315186,2.542034453843702,0.7890254259109497,0.6802696585655212,1.2521749258041384,3.0484936237335205,2.373500347137451,6.644833087921145
cartpole,fm_ranked,-,baseline,13,950,115242,0.9948284907687311,0.040297808090800226,0.9970454204016225,0.0016330313696498913,0.9983669686303501,0.0029545795983774853,0.031082417868485448,0.009215390222314782,1.2791091203689575,1.1918329000473022,2.125218629605266,0.6136757135391235,0.5248737335205078,0.9504032850265504,2.5345456123352053,2.0802448749542246,6.099473781585696,0.10784973204135895,0.07497556507587433,0.20673675304590994,0.02439691685140133,0.022295312955975533,0.035076376236975196,0.06999994814395903,0.05154423825442791,0.08300298541784289,1.4226768016815186,1.3305424451828003,2.3295673182442287,0.7333553433418274,0.6370710134506226,1.1522852718830112,2.5630225419998176,2.1357866048812904,6.077732357978821
cartpole,fm_ranked,-,baseline,14,1000,115242,0.9923861657128639,0.01642630291039725,0.9918432308763553,0.0015229025235138295,0.9984770974764862,0.008156769123644683,0.0075232987973134794,0.008903004113083772,1.2869153022766113,1.1889739036560059,2.1605455962561178,0.6102502346038818,0.5241236686706543,0.937325742840767,2.6886822700500512,2.068259167671206,6.4579692125320465,0.11162910610437393,0.07416373491287231,0.22328350639025088,0.0264306478202343,0.024205423891544342,0.03720979969948532,0.06957252025604249,0.051684452593326574,0.08245655529201032,1.5109124183654785,1.404628872871399,2.5157090502639137,0.7432800531387329,0.6423823237419128,1.1491167545318604,3.1284070014953667,2.313117313385016,6.887063446044926
cartpole,fm_ranked,-,baseline,15,1050,115242,0.9965577024548357,0.021927769389632253,0.9968332160450387,0.000797233384686655,0.9992027666153134,0.0031667839549612948,0.011037642526162336,0.010890126863469915,1.329687476158142,1.2312140464782715,2.2574258355927355,0.6507923603057861,0.5491476058959961,1.0088070988655091,2.784066414833072,2.29431600570679,6.24136887073517,0.09862832725048065,0.05324837565422058,0.22549053518901435,0.02773752249777317,0.02543475478887558,0.03879498951137066,0.07425517439842241,0.052982297539710996,0.08424205765128139,1.5612272024154663,1.4617815017700195,2.612238394914709,0.7885850667953491,0.6767350435256958,1.2362449884414675,3.2428893089294455,2.6357336044311532,6.637826676368715
cartpole,fm_ranked,-,baseline,16,1100,115242,0.9932734325133795,0.01577549851616598,0.9954239039511883,0.0019441251973663011,0.9980558748026337,0.004576096048811691,0.010994255566546918,0.004781242949619063,1.2947437763214111,1.2071830034255981,2.1542568999629386,0.5993125438690186,0.5116971135139465,0.916588789224625,2.6237636566162115,2.0500540256500246,6.290269737243653,0.14776603877544403,0.08684392273426056,0.329681427401175,0.027312781661748886,0.02489607222378254,0.03873914368450642,0.09381252527236938,0.055673420429229736,0.09940619245171549,1.5239144563674927,1.4331012964248657,2.5070573749109033,0.730157732963562,0.6289922595024109,1.1339479684829716,3.1309120655059828,2.334686660766602,6.777673416137699
cartpole,fm_ranked,-,baseline,17,1150,115242,0.9933217544460481,0.012833862654240642,0.9954402824083154,0.0019278760161513169,0.9980721239838487,0.0045597175916846444,0.00882490758577602,0.004008955068464623,1.2282421588897705,1.144820213317871,2.0460808232755046,0.5818702578544617,0.5008604526519775,0.8967295736074449,2.380076980590825,1.865490114688876,6.11602147102356,0.13792425394058228,0.08485717326402664,0.3037793726693459,0.026177605614066124,0.024387359619140625,0.036961060389876364,0.07510019838809963,0.052821554243564606,0.08526180163025852,1.4481453895568848,1.3605763912200928,2.3874300728761635,0.7038613557815552,0.6156360507011414,1.1079001367092136,2.7994789600372347,2.0754929780960096,6.517758846282966
cartpole,fm_ranked,-,baseline,18,1200,115242,0.9958433493589745,0.013423925305010326,0.99425,0.0005443193340092854,0.9994556806659907,0.00575,0.004590340327311223,0.008833584977699102,1.2438005208969116,1.1488828659057617,2.14095025365852,0.6119508743286133,0.5145473480224609,0.9593490153551105,2.331997370719915,1.9216627478599555,5.955181312561036,0.0901949405670166,0.046917881816625595,0.20502471784278542,0.029635567218065262,0.02699775993824005,0.041042744927108285,0.07633713260293007,0.05594677850604057,0.09285226352512838,1.4644631147384644,1.3654152154922485,2.4941459245129907,0.7460132837295532,0.6348914504051208,1.1864035964012147,2.659876966476439,2.1673073768615723,6.434519062042235
cartpole,fm_ranked,-,baseline,19,1250,115242,0.9962917181705809,0.016972978601551517,0.9961660697169954,0.0007596589024533773,0.9992403410975467,0.003833930283004591,0.0049027264365422325,0.012070252165009284,1.4169200658798218,1.2693159580230713,2.5066335512521603,0.7098225355148315,0.5974889993667603,1.1137208878993992,3.031702637672425,2.342380642890931,6.5917943954467795,0.10868357867002487,0.05792978033423424,0.24297273834977073,0.03450720012187958,0.0310199037194252,0.04729457292705776,0.10803325399756418,0.06579985693097112,0.11636905334889892,1.6654722690582275,1.5079656839370728,2.913228195046862,0.8588382601737976,0.732189416885376,1.3717990219593053,3.5649959564208986,2.825761890411377,7.260667915344247
cartpole,gated,greedy_diverse,0.5,0,300,115242,0.9345321229050281,0.39891706148799916,0.979416338852804,0.021855019798076757,0.9781449802019232,0.020583661147196047,0.398795578001076,0.00012148348692317037,2.8673605918884277,2.683917284011841,4.667506694793701,2.2704975605010986,2.0041165351867676,4.084721565246582,5.550717353820801,5.712403297424316,8.07706356048584,0.8359529972076416,0.7362537980079651,1.1787750720977783,0.15584373474121094,0.09657256305217743,0.1899223029613495,4.97120475769043,5.090941429138184,5.256028175354004,2.5101945400238037,2.348315715789795,4.110499858856201,2.0321924686431885,1.826425552368164,3.4552478790283203,3.975416660308838,3.8249576091766357,6.63681697845459
cartpole,gated,greedy_diverse,0.5,1,400,115242,0.9822408460540757,0.2455354818555735,0.9733069698467622,0.001119339849800211,0.9988806601501998,0.026693030153237766,0.2332482948924871,0.012287186963086375,2.4229140281677246,2.2207741737365723,4.192262172698975,1.8938040733337402,1.6276441812515259,3.4102420806884766,4.518123626708984,4.3249077796936035,7.658636569976807,0.26111212372779846,0.14039106667041779,0.5587596893310547,0.12289667874574661,0.07667069137096405,0.15923972427845,0.5240889191627502,0.13888685405254364,1.5191079378128052,2.4630086421966553,2.270155429840088,4.17476749420166,1.9122192859649658,1.691361904144287,3.3128373622894287,4.1711554527282715,3.854700803756714,7.415754318237305
cartpole,gated,greedy_diverse,0.5,2,500,115242,0.9922204590316214,0.14458270422241892,0.987291072941539,0.0004205754874586726,0.9995794245125413,0.012708927058461064,0.10039742455007723,0.04418527967234168,2.3831326961517334,2.0997276306152344,4.373456954956055,1.8263931274414062,1.5107598304748535,3.4028592109680176,4.7229719161987305,4.247130393981934,9.279189109802246,0.19613145291805267,0.07580062747001648,0.48420459032058716,0.0843982920050621,0.05102928355336189,0.09883320331573486,0.4829549789428711,0.10377682745456696,1.148695468902588,2.6182126998901367,2.3289246559143066,4.736114978790283,1.9504600763320923,1.6741454601287842,3.4619550704956055,4.921573638916016,4.047219276428223,10.761817932128906
cartpole,gated,greedy_diverse,0.5,3,600,115242,0.9985702239982402,0.11725759705662867,0.9978751465416178,0.0001135318627172716,0.9998864681372828,0.0021248534583821806,0.06952326408774578,0.047734332968882874,1.488983154296875,1.3292572498321533,2.6857903003692627,0.9036405086517334,0.7625662088394165,1.548572301864624,3.2038328647613525,2.379298448562622,6.45853853225708,0.08111432194709778,0.06091940030455589,0.09385926276445389,0.0635165274143219,0.05279087275266647,0.08219979703426361,0.13723115622997284,0.09539493173360825,0.1560024619102478,1.6231242418289185,1.4619386196136475,2.9012451171875,0.9908905029296875,0.8661781549453735,1.6747545003890991,3.0953478813171387,2.2831971645355225,6.921546936035156
cartpole,gated,greedy_diverse,0.5,4,700,115242,0.99538218844113,0.14689089047395915,0.9985038554494188,0.0016679845804092122,0.9983320154195908,0.0014961445505811946,0.1314277780670242,0.015463112406934971,1.5498054027557373,1.3402241468429565,2.874937057495117,1.006364107131958,0.8439979553222656,1.7550194263458252,3.232027769088745,2.4830946922302246,6.771507263183594,0.17939943075180054,0.09886933118104935,0.3901630640029907,0.06302540749311447,0.04173792898654938,0.07648063451051712,0.3611963093280792,0.09800688177347183,0.31228217482566833,1.3924003839492798,1.187868595123291,2.5415854454040527,1.0459811687469482,0.918698787689209,1.7931568622589111,2.5729899406433105,2.0229341983795166,5.2426629066467285
cartpole,gated,greedy_diverse,0.5,5,800,115242,0.9934946514603009,0.048584717377345064,0.9913090711569799,0.0008659147457608541,0.9991340852542392,0.008690928843020097,0.023663247774248972,0.024921469603096092,1.1082544326782227,0.9952813386917114,1.9966591596603394,0.6320586204528809,0.5347672700881958,1.054420828819275,2.1273155212402344,1.6997425556182861,4.574535369873047,0.07839584350585938,0.0630851462483406,0.08171367645263672,0.034797120839357376,0.030539710074663162,0.047265972942113876,0.08954215049743652,0.06451738625764847,0.09590284526348114,1.2390695810317993,1.1178895235061646,2.227147340774536,0.7189624905586243,0.6241914629936218,1.2216871976852417,2.114567756652832,1.7223714590072632,3.6959691047668457
cartpole,gated,greedy_diverse,0.5,6,900,115242,0.989883229313469,0.038215234029260164,0.9916301114304442,0.002593264106367782,0.9974067358936323,0.00836988856955579,0.027646170666944345,0.010569063362315822,1.08602774143219,0.9733772277832031,1.9213614463806152,0.6120917797088623,0.5228557586669922,1.0024237632751465,2.0448648929595947,1.6486042737960815,3.5690207481384277,0.1528950035572052,0.11086203157901764,0.2905649244785309,0.030687347054481506,0.026880420744419098,0.042137522250413895,0.12831349670886993,0.062359750270843506,0.10152692347764969,1.2333266735076904,1.1082210540771484,2.182887077331543,0.6996179819107056,0.6111786365509033,1.1616249084472656,2.107881546020508,1.6898560523986816,3.4474971294403076
cartpole,gated,greedy_diverse,0.5,7,1000,115242,0.9924774196794726,0.04652817549157425,0.9966146228083472,0.0025752311602970394,0.997424768839703,0.0033853771916527715,0.0350740181531039,0.011454157338470349,1.195202112197876,1.0433920621871948,2.219621419906616,0.7100584506988525,0.5957193970680237,1.18047297000885,2.3446693420410156,1.7815104722976685,5.643526077270508,0.19712936878204346,0.10960675776004791,0.4699915051460266,0.03666003420948982,0.030401289463043213,0.04719528555870056,0.3623234033584595,0.06933653354644775,0.15854404866695404,1.3514623641967773,1.1925894021987915,2.487682580947876,0.8068666458129883,0.6931357383728027,1.3663702011108398,2.3880839347839355,1.8177356719970703,5.353059768676758
cartpole,gated,greedy_diverse,0.5,8,1100,115242,0.9907023526237028,0.04099199944464692,0.9976284584980237,0.0036664525133476593,0.9963335474866524,0.0023715415019762848,0.03530830773502716,0.0056836917096197564,1.0646337270736694,0.9344888925552368,1.9532275199890137,0.6337395906448364,0.5357863903045654,1.0407776832580566,2.0401015281677246,1.600146770477295,3.7934601306915283,0.2086186408996582,0.1346319615840912,0.46228277683258057,0.031338438391685486,0.027077293023467064,0.04287512227892876,0.284476101398468,0.05928276479244232,0.11112184822559357,1.190707802772522,1.0548105239868164,2.166872978210449,0.7223495244979858,0.6257648468017578,1.2242404222488403,2.0064306259155273,1.6224462985992432,3.3018720149993896
cartpole,gated,greedy_diverse,0.5,9,1200,115242,0.9945783885071832,0.03196751184463997,0.9955982392957183,0.001408819867636459,0.9985911801323636,0.004401760704281713,0.02194512417347842,0.010022387671161556,1.0516237020492554,0.9289361834526062,1.9189215898513794,0.6130064725875854,0.522566556930542,1.008349895477295,1.9581934213638306,1.5549015998840332,3.559593915939331,0.12237212061882019,0.07292664796113968,0.2811429500579834,0.03011658601462841,0.025901664048433304,0.041344884783029556,0.13338269293308258,0.05746520683169365,0.09658251702785492,1.202964425086975,1.0712403059005737,2.177330255508423,0.7064636945724487,0.6138995885848999,1.1957950592041016,2.0206894874572754,1.61264169216156,3.4103033542633057
cartpole,gated,greedy_diverse,0.5,10,1300,115242,0.9924064409211211,0.021138126724631643,0.9943001586042823,0.0020727626039080214,0.997927237396092,0.005699841395717684,0.012096284340778536,0.009041842383853109,1.0131665468215942,0.8795543909072876,1.8477662801742554,0.6110324859619141,0.5165472626686096,1.0013254880905151,1.860622525215149,1.4868351221084595,3.2434918880462646,0.1419299989938736,0.0914718434214592,0.2978074848651886,0.03089277073740959,0.026290275156497955,0.04078797250986099,0.15065261721611023,0.05759057775139809,0.09318806231021881,1.1641130447387695,1.0185091495513916,2.108619451522827,0.7227820754051208,0.6237872242927551,1.2224220037460327,1.9239445924758911,1.5516037940979004,3.2023189067840576
cartpole,gated,greedy_diverse,0.5,11,1400,115242,0.9926566299088833,0.025554919213481197,0.9970398144950416,0.002597035684791585,0.9974029643152084,0.0029601855049583106,0.016209368112320162,0.009345551101161035,1.0626522302627563,0.8978056907653809,1.9959193468093872,0.675631582736969,0.5638552904129028,1.1275839805603027,1.9316434860229492,1.5141032934188843,3.5972981452941895,0.1876833289861679,0.10775259137153625,0.44487065076828003,0.03368208929896355,0.027753062546253204,0.044241055846214294,0.2984834909439087,0.0620422326028347,0.11878076940774918,1.2154814004898071,1.039198637008667,2.2558112144470215,0.7872655987739563,0.6700934171676636,1.3625843524932861,1.9642430543899536,1.5719597339630127,3.3646388053894043
cartpole,gated,greedy_diverse,0.5,12,1500,115242,0.9910783931357254,0.014933791499626873,0.9942289822467844,0.0026645464898897653,0.9973354535101102,0.00577101775321563,0.010048419846930806,0.004885371652696066,0.9345315098762512,0.8282414674758911,1.6692583560943604,0.563280463218689,0.4796871542930603,0.9246947765350342,1.6677685976028442,1.3989624977111816,2.6931822299957275,0.1493218094110489,0.10428322851657867,0.30528414249420166,0.025316458195447922,0.022424519062042236,0.03582607954740524,0.09582976251840591,0.05131281539797783,0.08434328436851501,1.0827184915542603,0.9658215045928955,1.9224306344985962,0.6742282509803772,0.58085036277771,1.1589540243148804,1.7442044019699097,1.4762725830078125,2.741403818130493
cartpole,gated,greedy_diverse,0.5,13,1600,115242,0.9949150440282774,0.03175057704656289,0.9969180295272655,0.001563422473924737,0.9984365775260753,0.0030819704727345033,0.022969056420402284,0.008781520626160602,0.98340904712677,0.8544473648071289,1.8258476257324219,0.6005520820617676,0.5057101249694824,1.0014734268188477,1.8270219564437866,1.4745924472808838,3.0643908977508545,0.11666468530893326,0.0733896866440773,0.2590675354003906,0.026173926889896393,0.023296112194657326,0.036804959177970886,0.09360821545124054,0.051519617438316345,0.08128625899553299,1.1312474012374878,0.9913448095321655,2.086329698562622,0.7157276272773743,0.6139155626296997,1.2433784008026123,1.8773308992385864,1.5308077335357666,3.029153347015381
cartpole,gated,greedy_diverse,0.5,14,1700,115242,0.9928697011134988,0.029190746429253223,0.9961291587044931,0.0023286577966305524,0.9976713422033694,0.003870841295506884,0.02361118342271047,0.005579563006542753,0.942205548286438,0.835620105266571,1.6889901161193848,0.5724654197692871,0.4836287498474121,0.9530704021453857,1.695694923400879,1.4185295104980469,2.7623841762542725,0.14043182134628296,0.09359624981880188,0.30479711294174194,0.023460237309336662,0.020849794149398804,0.03356997296214104,0.0955432802438736,0.05177311226725578,0.085320845246315,1.0832947492599487,0.9700349569320679,1.9300949573516846,0.67335045337677,0.5809416770935059,1.1674528121948242,1.729065179824829,1.474778652191162,2.738929271697998
cartpole,gated,greedy_diverse,1.0,0,300,115242,0.9343040237150704,0.3989083840960761,0.9790772042028324,0.021911325995267978,0.978088674004732,0.020922795797167656,0.398795578001076,0.00011280609500008678,2.867274761199951,2.683868408203125,4.6673994064331055,2.2699737548828125,2.0031328201293945,4.085223197937012,5.551713466644287,5.711050987243652,8.083017349243164,0.8365212082862854,0.7372264266014099,1.177984356880188,0.15586882829666138,0.09659536182880402,0.19015371799468994,4.971709251403809,5.090653419494629,5.261038780212402,2.5119495391845703,2.3504090309143066,4.112411975860596,2.032820224761963,1.8269119262695312,3.4535024166107178,3.978820323944092,3.8228890895843506,6.644191741943359
cartpole,gated,greedy_diverse,1.0,1,400,115242,0.9772130088304976,0.23604241509172003,0.9693214835070928,0.0022269380911210668,0.9977730619088789,0.030678516492907194,0.22097846271324692,0.015063952378473126,2.1943633556365967,1.9731591939926147,3.8773105144500732,1.6497236490249634,1.3884862661361694,3.02595853805542,4.319136142730713,4.045398712158203,7.609614372253418,0.309087872505188,0.17915330827236176,0.6615845561027527,0.12788642942905426,0.07282232493162155,0.15525440871715546,0.6107821464538574,0.1370714157819748,2.1748173236846924,2.0525424480438232,1.8436511754989624,3.574812173843384,1.6137117147445679,1.4059767723083496,2.8373358249664307,3.6831908226013184,3.2942283153533936,6.755091190338135
cartpole,gated,greedy_diverse,1.0,2,500,115242,0.9855839543143673,0.09276999704968675,0.974387221151198,0.00046652670865407047,0.9995334732913459,0.025612778848801983,0.05392131341004148,0.03884868363964527,1.5892728567123413,1.4160748720169067,2.795078992843628,1.0060406923294067,0.8464250564575195,1.7229883670806885,3.2893998622894287,2.5790584087371826,6.718897819519043,0.12035878747701645,0.07956096529960632,0.19490650296211243,0.07055853307247162,0.056459762156009674,0.09954571723937988,0.19233568012714386,0.10334239155054092,0.19923286139965057,1.72115159034729,1.5436002016067505,2.9984278678894043,1.1037888526916504,0.9534446001052856,1.862985372543335,3.2317826747894287,2.454613208770752,7.076404571533203
cartpole,gated,greedy_diverse,1.0,3,600,115242,0.9974184858858522,0.0809947762100623,0.997586439155815,0.0005562366616718885,0.9994437633383281,0.002413560844185002,0.05112719321080856,0.029867582999253746,1.828598976135254,1.5713688135147095,3.439959764480591,1.2711491584777832,1.047003149986267,2.254417896270752,3.9773483276367188,3.232598066329956,8.45634937286377,0.16337113082408905,0.0667271763086319,0.41274192929267883,0.06169401854276657,0.040223002433776855,0.07150556892156601,0.4062265455722809,0.0961025059223175,0.3096332252025604,2.01218843460083,1.7362512350082397,3.7524795532226562,1.423830270767212,1.214165449142456,2.48195219039917,4.0200276374816895,3.1719608306884766,9.21855354309082
cartpole,gated,greedy_diverse,1.0,4,700,115242,0.99171643228665,0.04901858697349924,0.986909130744372,0.0006788122974511693,0.9993211877025489,0.013090869255627979,0.02100796584578539,0.028010621127713853,1.3773281574249268,1.2125602960586548,2.5174691677093506,0.8072754740715027,0.6927269101142883,1.3229717016220093,3.128880739212036,2.4008066654205322,6.632165908813477,0.07862493395805359,0.05747579410672188,0.07569513469934464,0.03452875837683678,0.029410183429718018,0.0455053448677063,0.10184711217880249,0.06104808300733566,0.09199567139148712,1.5744868516921997,1.394986867904663,2.8670268058776855,0.9300248622894287,0.8177392482757568,1.5393120050430298,3.365391254425049,2.5294601917266846,7.496454238891602
cartpole,gated,greedy_diverse,1.0,5,800,115242,0.9919149919149919,0.0386751358011836,0.9917877123646256,0.0016976627018028083,0.9983023372981972,0.008212287635374429,0.02264799291924819,0.016027142881935404,1.4043104648590088,1.2289834022521973,2.5681631565093994,0.8442568778991699,0.7256729602813721,1.3963675498962402,3.1505274772644043,2.279981851577759,6.870798587799072,0.12495804578065872,0.08501741290092468,0.22281518578529358,0.03275474160909653,0.027533050626516342,0.04342236742377281,0.14768816530704498,0.0585489496588707,0.09759417921304703,1.6266875267028809,1.4293521642684937,2.969693183898926,0.9917643666267395,0.865886926651001,1.6572171449661255,3.4760777950286865,2.4214766025543213,8.25409984588623
cartpole,gated,greedy_diverse,1.0,6,900,115242,0.9934992381919755,0.05246351156696343,0.9933983343489742,0.0014077583124776547,0.9985922416875224,0.006601665651025797,0.03785946096041374,0.014604050606549696,1.344372272491455,1.1700263023376465,2.463355302810669,0.8252170085906982,0.7145512700080872,1.3382408618927002,3.033280611038208,2.2095041275024414,6.604578018188477,0.1057945266366005,0.07104779034852982,0.19074366986751556,0.031054148450493813,0.02721637673676014,0.04290023073554039,0.1099976897239685,0.054852575063705444,0.08892931044101715,1.5312728881835938,1.3356088399887085,2.803922653198242,0.958342432975769,0.8382135629653931,1.5835975408554077,3.2024335861206055,2.2507688999176025,7.3965606689453125
cartpole,gated,greedy_diverse,1.0,7,1000,115242,0.9934640522875818,0.07109387202582391,0.9935631954493289,0.0015285950717175431,0.9984714049282825,0.006436804550671124,0.060490099095815764,0.010603772930008156,1.24827241897583,1.0763788223266602,2.281135320663452,0.8008157014846802,0.6767885088920593,1.3211736679077148,2.6071226596832275,2.0540077686309814,5.511124610900879,0.12576186656951904,0.07217241823673248,0.2868381142616272,0.03186630457639694,0.027028173208236694,0.04270418360829353,0.14527902007102966,0.0565338097512722,0.09921828657388687,1.4252336025238037,1.2282965183258057,2.6141674518585205,0.90431147813797,0.7768872380256653,1.5110177993774414,2.737070322036743,2.0832691192626953,5.8565497398376465
cartpole,gated,greedy_diverse,1.0,8,1100,115242,0.9926795001355649,0.05494524565696534,0.9938308163063864,0.0019402580994495081,0.9980597419005505,0.006169183693613661,0.0486194269450374,0.006325818711927943,1.1053680181503296,0.9733145236968994,1.9648399353027344,0.7293107509613037,0.6312144994735718,1.1797513961791992,2.123535394668579,1.7573679685592651,3.5539753437042236,0.14137057960033417,0.08071107417345047,0.3338281810283661,0.026451706886291504,0.02300671860575676,0.0372321754693985,0.14930130541324615,0.049369726330041885,0.08776938170194626,1.2671514749526978,1.1167986392974854,2.258918046951294,0.816048264503479,0.7186470031738281,1.325932502746582,2.1785683631896973,1.7754532098770142,3.602715492248535
cartpole,gated,greedy_diverse,1.0,9,1200,115242,0.994369706028899,0.06813488138005241,0.9948654037886341,0.0014084507042253522,0.9985915492957746,0.005134596211365902,0.05886742680619913,0.009267454573853282,1.3577781915664673,1.16386079788208,2.5152323246002197,0.9112758636474609,0.7692214846611023,1.5277175903320312,2.939615488052368,2.334040641784668,5.794284343719482,0.16397519409656525,0.07104097306728363,0.4347163736820221,0.036132194101810455,0.030439645051956177,0.04810179024934769,0.2968004047870636,0.05935662239789963,0.12474910914897919,1.5726771354675293,1.3517367839813232,2.9189059734344482,1.0299184322357178,0.890664279460907,1.7296664714813232,3.3109071254730225,2.436875581741333,6.441226005554199
cartpole,gated,greedy_diverse,1.0,10,1300,115242,0.9934373632784017,0.07222193297582478,0.9964405870593398,0.0022798287235273693,0.9977201712764726,0.003559412940660198,0.0692542649381302,0.0029676680376945906,1.0456618070602417,0.9261932969093323,1.8946267366409302,0.6779369711875916,0.5882359743118286,1.1035237312316895,2.056082248687744,1.706008791923523,3.231656312942505,0.1403253823518753,0.08281905949115753,0.32028141617774963,0.022439179942011833,0.02026188001036644,0.032000958919525146,0.08049188554286957,0.042378026992082596,0.07225903868675232,1.2045073509216309,1.0644471645355225,2.2152347564697266,0.7636657953262329,0.6725320816040039,1.273587942123413,2.1225805282592773,1.7191681861877441,3.376357078552246
cartpole,gated,greedy_diverse,1.0,11,1400,115242,0.992813116671133,0.06278960795543291,0.9939512195121951,0.00195415171531095,0.998045848284689,0.006048780487804878,0.05949219902466115,0.0032974089307717673,1.0321286916732788,0.9108012318611145,1.8561030626296997,0.6752895712852478,0.5771186947822571,1.0910325050354004,2.0268633365631104,1.7076367139816284,3.129126787185669,0.11502719670534134,0.07496056705713272,0.2500147819519043,0.020673876628279686,0.018657561391592026,0.029908807948231697,0.06800609827041626,0.04408986493945122,0.06822746247053146,1.1833782196044922,1.0368621349334717,2.169318199157715,0.7700846195220947,0.6605379581451416,1.2779816389083862,2.0533034801483154,1.6870111227035522,3.209566354751587
cartpole,gated,greedy_diverse,1.0,12,1500,115242,0.9944544401449239,0.05467624650734975,0.9925218931417888,0.0008237882976922643,0.9991762117023077,0.007478106858211158,0.0492528765554225,0.005423369951927249,1.0812054872512817,0.9276170134544373,1.9599689245224,0.6880168318748474,0.5897508859634399,1.113990306854248,2.1913373470306396,1.812609314918518,3.3999974727630615,0.08758498728275299,0.04879487305879593,0.2127806544303894,0.02577557973563671,0.023264236748218536,0.03670293092727661,0.07046743482351303,0.046389032155275345,0.07436804473400116,1.2416836023330688,1.0592670440673828,2.281606912612915,0.7889467477798462,0.6837500333786011,1.2986690998077393,2.2541916370391846,1.808359980583191,3.5229580402374268
cartpole,gated,greedy_diverse,1.0,13,1600,115242,0.9943116623129319,0.05027680880234637,0.9946759146192546,0.0013936499016577691,0.9986063500983422,0.005324085380745372,0.046580239843112756,0.0036965689592336126,1.014617919921875,0.8713611960411072,1.8791842460632324,0.6434910297393799,0.5459679365158081,1.0577750205993652,2.014601469039917,1.645880937576294,3.138817310333252,0.10549056529998779,0.058868248015642166,0.25239184498786926,0.019417263567447662,0.017601890489459038,0.028088349848985672,0.07431594282388687,0.03794364258646965,0.06549211591482162,1.1727386713027954,1.0009570121765137,2.201064109802246,0.7391818761825562,0.6357051730155945,1.2432763576507568,2.1007723808288574,1.6613270044326782,3.303715229034424
cartpole,gated,greedy_diverse,1.0,14,1700,115242,0.9947896185607551,0.04598149980041998,0.99483851939242,0.0011941964285714286,0.9988058035714286,0.005161480607580003,0.040367227226184896,0.005614272574235088,1.0121803283691406,0.862773597240448,1.8929429054260254,0.6693819761276245,0.5724286437034607,1.1116390228271484,1.9675360918045044,1.6043835878372192,3.1578898429870605,0.09146737307310104,0.056130778044462204,0.20475654304027557,0.021067628636956215,0.018734127283096313,0.03154716268181801,0.06996487826108932,0.043475985527038574,0.06873735040426254,1.1729533672332764,0.9973838925361633,2.2103307247161865,0.7686140537261963,0.6616321206092834,1.3012456893920898,2.059013843536377,1.635909080505371,3.271785259246826
cartpole,mode_sep,greedy_diverse,0.5,0,300,115242,0.9339791421215691,0.3989517710556915,0.9788713070520443,0.021977268441533953,0.9780227315584661,0.02112869294795573,0.39883896496069143,0.00011280609500008678,2.867095470428467,2.683839797973633,4.664496421813965,2.2716991901397705,2.0041027069091797,4.086296081542969,5.552350044250488,5.7108635902404785,8.070316314697266,0.8384736776351929,0.7406226396560669,1.1779789924621582,0.15510527789592743,0.09617003053426743,0.19067706167697906,4.976428508758545,5.099490642547607,5.257298946380615,2.5126686096191406,2.3507444858551025,4.1092119216918945,2.0302541255950928,1.8253185749053955,3.4493041038513184,3.9859201908111572,3.8239290714263916,6.614388465881348
cartpole,mode_sep,greedy_diverse,0.5,1,400,115242,0.9922154043410569,0.27953350341021505,0.9929429016588763,0.0012895711136070552,0.9987104288863929,0.007057098341123637,0.27821453983790634,0.001318963572308707,1.9917681217193604,1.7942306995391846,3.550586700439453,1.4326906204223633,1.1656959056854248,2.6783370971679688,3.8790085315704346,3.5409913063049316,7.147461891174316,0.26615622639656067,0.13160081207752228,0.6581833958625793,0.11484751105308533,0.0669775903224945,0.14374616742134094,0.6057962775230408,0.1385410577058792,2.4196431636810303,1.6859532594680786,1.511537790298462,2.953300952911377,1.348219633102417,1.1488473415374756,2.397486686706543,2.929053544998169,2.62691593170166,5.230662822723389
cartpole,mode_sep,greedy_diverse,0.5,2,500,115242,0.9849246231155779,0.12182190520817063,0.9704701579088233,2.222370380247572e-05,0.9999777762961976,0.029529842091176733,0.046988077263497685,0.07483382794467294,2.1272008419036865,1.858365535736084,3.931164264678955,1.5491564273834229,1.263383150100708,2.900895595550537,4.268021583557129,3.7810802459716797,8.195241928100586,0.12784260511398315,0.053046777844429016,0.23263634741306305,0.07561920583248138,0.045592501759529114,0.08986733853816986,0.29678621888160706,0.08978089690208435,0.28737878799438477,2.343672275543213,2.0722858905792236,4.271787643432617,1.693825364112854,1.4298648834228516,3.0378072261810303,4.421184062957764,3.6684441566467285,9.466805458068848
cartpole,mode_sep,greedy_diverse,0.5,3,600,115242,0.9911254538120209,0.08872633241352978,0.9913253984264676,0.0014975706076808732,0.9985024293923191,0.008674601573532378,0.03871852276079901,0.05000780965273077,1.4852551221847534,1.3336002826690674,2.6754162311553955,0.9293193817138672,0.7805927991867065,1.613090991973877,2.9786105155944824,2.2744243144989014,6.281702518463135,0.12107095867395401,0.09993906319141388,0.13139045238494873,0.05407188832759857,0.04176148399710655,0.07003986835479736,0.12773394584655762,0.08553074300289154,0.14355404675006866,1.6363035440444946,1.4895461797714233,2.9131479263305664,1.0269691944122314,0.8874934911727905,1.777953863143921,2.900740146636963,2.2391178607940674,6.248358726501465
cartpole,mode_sep,greedy_diverse,0.5,4,700,115242,0.9969253973778861,0.06521060030197325,0.9943872237009606,9.950798828017027e-05,0.9999004920117198,0.005612776299039463,0.02725568803040558,0.03795491227156766,1.5183954238891602,1.3071452379226685,2.82731556892395,0.9473129510879517,0.8014979362487793,1.6155802011489868,3.1401607990264893,2.3873841762542725,6.712677955627441,0.10305900871753693,0.05096018314361572,0.18794973194599152,0.0566025972366333,0.04150889068841934,0.07180079817771912,0.21750539541244507,0.08847144991159439,0.17590272426605225,1.7200490236282349,1.4949393272399902,3.1741278171539307,1.0845462083816528,0.9404454231262207,1.8292497396469116,3.2615301609039307,2.4459340572357178,7.553238868713379
cartpole,mode_sep,greedy_diverse,0.5,5,800,115242,0.9966916947153419,0.05327918640773329,0.9944887766232275,0.0002072358016208021,0.9997927641983791,0.00551122337677249,0.01324170007462557,0.04003748633310772,1.541795253753662,1.3118584156036377,2.9265058040618896,1.0207946300506592,0.840816855430603,1.7800581455230713,3.198737144470215,2.436321496963501,6.7794904708862305,0.11219359189271927,0.0526973120868206,0.20394089818000793,0.05619663745164871,0.03981657698750496,0.06676270067691803,0.25476640462875366,0.08353156596422195,0.1770910769701004,1.7595640420913696,1.512011170387268,3.302722215652466,1.16402006149292,0.9738131761550903,2.004828453063965,3.381284236907959,2.528594493865967,8.024995803833008
cartpole,mode_sep,greedy_diverse,0.5,6,900,115242,0.9921780986762937,0.050250776626577114,0.997328763671186,0.0028903024216047316,0.9971096975783953,0.002671236328814072,0.038328040124260256,0.011922736502316863,1.2391862869262695,1.0863957405090332,2.2860989570617676,0.7452613115310669,0.6277667284011841,1.22196626663208,2.4162793159484863,1.8169763088226318,5.851051330566406,0.20695842802524567,0.126179039478302,0.46674174070358276,0.04403725638985634,0.03540641814470291,0.05574589967727661,0.37817320227622986,0.08136828988790512,0.2095719873905182,1.4012259244918823,1.2428070306777954,2.555457592010498,0.8404558897018433,0.7298893928527832,1.401496410369873,2.468390464782715,1.861586570739746,5.552048206329346
cartpole,mode_sep,greedy_diverse,0.5,7,1000,115242,0.9955598901521958,0.06092396869196994,0.9968134861489438,0.0012505069622820062,0.998749493037718,0.003186513851056175,0.04888842609465299,0.012035542597316951,1.1182957887649536,0.9903540015220642,2.0297868251800537,0.6828758716583252,0.5722276568412781,1.1309335231781006,2.0621206760406494,1.6489063501358032,4.195855140686035,0.12639263272285461,0.07188672572374344,0.287344366312027,0.03419089689850807,0.029525944963097572,0.04623992741107941,0.17004375159740448,0.06658564507961273,0.1208145022392273,1.2607944011688232,1.1309072971343994,2.2589004039764404,0.7651293873786926,0.6611396670341492,1.2822377681732178,2.0681333541870117,1.688703179359436,3.402576208114624
cartpole,mode_sep,greedy_diverse,0.5,8,1100,115242,0.9949030581651009,0.033685635445410526,0.9959481766795057,0.0013461896266786328,0.9986538103733213,0.004051823320494223,0.022899637285017614,0.010785998160392912,1.0387730598449707,0.931705117225647,1.8570042848587036,0.621126651763916,0.5209680795669556,1.0362237691879272,1.8247315883636475,1.5165691375732422,3.087772846221924,0.11940988153219223,0.07247529178857803,0.2630138397216797,0.03208565711975098,0.027611620724201202,0.04382506012916565,0.13156907260417938,0.059814900159835815,0.10151122510433197,1.1900537014007568,1.0756882429122925,2.110884189605713,0.7135985493659973,0.6119780540466309,1.2281676530838013,1.8685669898986816,1.5756213665008545,3.0003576278686523
cartpole,mode_sep,greedy_diverse,0.5,9,1200,115242,0.9960619853730885,0.03258360667117891,0.9958582604693972,0.0007940824540411183,0.9992059175459589,0.0041417395306028535,0.016920914250013016,0.015662692421165893,1.1418986320495605,1.0022742748260498,2.1239635944366455,0.690796971321106,0.5754560232162476,1.149916648864746,2.086925745010376,1.649231195449829,4.375454425811768,0.12971356511116028,0.06307877600193024,0.32292214035987854,0.038224611431360245,0.03211589157581329,0.05044286325573921,0.22755205631256104,0.07156605273485184,0.14932717382907867,1.3068022727966309,1.1627933979034424,2.3997137546539307,0.7933094501495361,0.67647784948349,1.359184980392456,2.1424131393432617,1.7113534212112427,3.8139357566833496
cartpole,mode_sep,greedy_diverse,0.5,10,1300,115242,0.9962069488696708,0.04884503913503757,0.9964589235127479,0.0008904223941232122,0.9991095776058768,0.0035410764872521247,0.03601117648079693,0.012833862654240642,1.0037726163864136,0.8862301707267761,1.8120121955871582,0.6062830686569214,0.5201278328895569,1.005284070968628,1.8145285844802856,1.521578311920166,3.004018783569336,0.09191104769706726,0.057796090841293335,0.1831836998462677,0.030969835817813873,0.02696068584918976,0.04360238462686539,0.0996926799416542,0.059109579771757126,0.09637241810560226,1.1468455791473389,1.0204896926879883,2.055335521697998,0.6979339718818665,0.6089930534362793,1.1916486024856567,1.8449151515960693,1.5736273527145386,2.9296586513519287
cartpole,mode_sep,greedy_diverse,0.5,11,1400,115242,0.9971829568891796,0.04208535082695545,0.9976346250629089,0.0007180574887872561,0.9992819425112127,0.002365374937091092,0.03207164054771698,0.010013710279238473,0.9657281637191772,0.8413432240486145,1.8084087371826172,0.5733848214149475,0.4873313307762146,0.9482134580612183,1.6958619356155396,1.4226765632629395,2.83565616607666,0.07752131670713425,0.050744980573654175,0.1453445851802826,0.028452446684241295,0.02554662525653839,0.03989343345165253,0.08459554612636566,0.054333530366420746,0.08417492359876633,1.1045066118240356,0.9676064252853394,2.059502124786377,0.6668583750724792,0.5775437355041504,1.1506195068359375,1.7256214618682861,1.4754661321640015,2.773336887359619
cartpole,mode_sep,greedy_diverse,0.5,12,1500,115242,0.9964254468191476,0.030639870880408183,0.9972979734801101,0.0009702810544447594,0.9990297189455553,0.0027020265198899173,0.02030509710001562,0.010334773780392565,1.0340572595596313,0.887804388999939,1.942291021347046,0.629015326499939,0.5260564684867859,1.035245418548584,1.87531578540802,1.53988516330719,3.223433017730713,0.11889763176441193,0.0626453161239624,0.2840860188007355,0.035808369517326355,0.030450215563178062,0.049104027450084686,0.15857136249542236,0.06454772502183914,0.11219573020935059,1.191893458366394,1.0362093448638916,2.217620372772217,0.7420373558998108,0.6333348155021667,1.2655389308929443,1.9412522315979004,1.6204240322113037,3.1607632637023926
cartpole,mode_sep,greedy_diverse,0.5,13,1600,115242,0.997440381155123,0.04144322382464726,0.9977185155140945,0.000617134292830222,0.9993828657071698,0.002281484485905496,0.030058485621561583,0.01138473820308568,0.9879339933395386,0.8507833480834961,1.869800090789795,0.5900106430053711,0.4920841157436371,0.9799586534500122,1.796130895614624,1.4833357334136963,2.987821340560913,0.08276256918907166,0.050293922424316406,0.16879606246948242,0.031134527176618576,0.027870377525687218,0.042886655777692795,0.09265173971652985,0.05876510590314865,0.08980506658554077,1.1333184242248535,0.9865788817405701,2.128194570541382,0.6910266876220703,0.5931999683380127,1.1940752267837524,1.8431674242019653,1.5546345710754395,2.909398078918457
cartpole,mode_sep,greedy_diverse,0.5,14,1700,115242,0.9956964103584666,0.02778500893771368,0.9964152352501867,0.00109836332988962,0.9989016366701103,0.0035847647498132933,0.019133649190399334,0.008651359747314347,0.9598632454872131,0.822831928730011,1.8192230463027954,0.5776674151420593,0.4877384901046753,0.9598579406738281,1.7537695169448853,1.4545601606369019,2.853707790374756,0.11004240810871124,0.062109123915433884,0.25761058926582336,0.030803227797150612,0.02685358189046383,0.04246673732995987,0.10831300914287567,0.05595656856894493,0.08959980309009552,1.103401780128479,0.9542288184165955,2.0796170234680176,0.6731849908828735,0.5827048420906067,1.1658680438995361,1.8021745681762695,1.525165319442749,2.8310046195983887
cartpole,mode_sep,greedy_diverse,1.0,0,300,115242,0.9339791421215691,0.3989517710556915,0.9788713070520443,0.021977268441533953,0.9780227315584661,0.02112869294795573,0.39883896496069143,0.00011280609500008678,2.867095470428467,2.683839797973633,4.664496421813965,2.2716991901397705,2.0041027069091797,4.086296081542969,5.552350044250488,5.7108635902404785,8.070316314697266,0.8384736776351929,0.7406226396560669,1.1779789924621582,0.15510527789592743,0.09617003053426743,0.19067706167697906,4.976428508758545,5.099490642547607,5.257298946380615,2.5126686096191406,2.3507444858551025,4.1092119216918945,2.0302541255950928,1.8253185749053955,3.4493041038513184,3.9859201908111572,3.8239290714263916,6.614388465881348
cartpole,mode_sep,greedy_diverse,1.0,1,400,115242,0.9851905363915479,0.3027368494125406,0.9777737945868435,0.0011561361928435169,0.9988438638071565,0.02222620541315648,0.3021294319779247,0.0006074174346158518,2.087801218032837,1.8543674945831299,3.7895736694335938,1.5682289600372314,1.2879129648208618,2.925025224685669,4.080684185028076,3.7859482765197754,7.399138927459717,0.24111679196357727,0.12847250699996948,0.5479834675788879,0.11566492915153503,0.07236167043447495,0.1532469093799591,0.4915347695350647,0.14169400930404663,1.3667742013931274,1.8358992338180542,1.6297807693481445,3.2669425010681152,1.4849916696548462,1.2728499174118042,2.644148349761963,3.3535690307617188,2.9274556636810303,6.220123291015625
cartpole,mode_sep,greedy_diverse,1.0,2,500,115242,0.9807087683887746,0.1077732076846983,0.9622210373981263,1.1149142073517443e-05,0.9999888508579264,0.03777896260187372,0.05003384182850003,0.05773936585619826,2.082911491394043,1.8000116348266602,3.9248149394989014,1.5345087051391602,1.269296407699585,2.8266043663024902,4.303071975708008,3.674919843673706,8.531270980834961,0.11778070777654648,0.052827779203653336,0.20203542709350586,0.06914599239826202,0.04667763411998749,0.08837999403476715,0.2678122818470001,0.08903177827596664,0.2578803300857544,2.3198015689849854,2.02402663230896,4.323845863342285,1.6699415445327759,1.425873041152954,2.959484577178955,4.547829627990723,3.6549699306488037,10.075948715209961
cartpole,mode_sep,greedy_diverse,1.0,3,600,115242,0.9887874371709843,0.07689904722236685,0.9792059377945335,0.00026844436490537334,0.9997315556350946,0.02079406220546654,0.04502698668888079,0.031872060533486055,1.5875462293624878,1.3780813217163086,2.9372873306274414,0.9774007797241211,0.8250646591186523,1.6741466522216797,3.5139639377593994,2.7436163425445557,7.199954509735107,0.10552489757537842,0.05686149001121521,0.17595379054546356,0.054553717374801636,0.042501479387283325,0.07231457531452179,0.21562226116657257,0.08633320033550262,0.17799930274486542,1.769086480140686,1.5449639558792114,3.2486798763275146,1.0841883420944214,0.9442465901374817,1.8464508056640625,3.6420700550079346,2.7705304622650146,8.058938980102539
cartpole,mode_sep,greedy_diverse,1.0,4,700,115242,0.98820611738771,0.048515298241960395,0.9786061234513999,0.0003941836019621584,0.9996058163980378,0.02139387654860012,0.023498377327710384,0.025016920914250014,1.4717806577682495,1.2923191785812378,2.6725947856903076,0.9150345325469971,0.7822648286819458,1.5578224658966064,3.1481499671936035,2.412050485610962,6.531924724578857,0.09689496457576752,0.053096964955329895,0.17564083635807037,0.04239678010344505,0.03470345959067345,0.05563320219516754,0.1779760718345642,0.07306651771068573,0.13527990877628326,1.6824973821640015,1.4871760606765747,3.033902883529663,1.0430152416229248,0.9059163331985474,1.7636902332305908,3.3679075241088867,2.519270181655884,7.280261993408203
cartpole,mode_sep,greedy_diverse,1.0,5,800,115242,0.9897906117421651,0.05038961489734645,0.9809038138121847,0.00023076415902947188,0.9997692358409705,0.01909618618781533,0.025537564429635028,0.024852050467711426,1.4986112117767334,1.3113356828689575,2.7618820667266846,1.0262291431427002,0.86571204662323,1.7841365337371826,3.000936985015869,2.35905122756958,6.2380242347717285,0.10051824897527695,0.04940778389573097,0.207519069314003,0.044829387217760086,0.03476704657077789,0.055030617862939835,0.20476974546909332,0.08043845742940903,0.14291243255138397,1.7177057266235352,1.517981767654419,3.1381232738494873,1.1543207168579102,0.9944851398468018,2.006432294845581,3.2039191722869873,2.4489591121673584,6.542238712310791
cartpole,mode_sep,greedy_diverse,1.0,6,900,115242,0.9899142581637175,0.052099061106193924,0.9843984864976935,0.0009561398632497637,0.9990438601367503,0.015601513502306536,0.03566408080387359,0.016434980302320334,1.1874908208847046,1.0661741495132446,2.0428402423858643,0.7776524424552917,0.6721097230911255,1.2829502820968628,2.132456064224243,1.8034145832061768,3.6239352226257324,0.07105126231908798,0.055976755917072296,0.07015495747327805,0.027218356728553772,0.024360323324799538,0.03720315545797348,0.07882060110569,0.054299335926771164,0.07703375816345215,1.3587473630905151,1.225057601928711,2.3310658931732178,0.8802865147590637,0.7662479877471924,1.472379446029663,2.173232316970825,1.8352444171905518,3.5541861057281494
cartpole,mode_sep,greedy_diverse,1.0,7,1000,115242,0.996283663391539,0.09435795977161104,0.9965373255932376,0.0009205712262480821,0.9990794287737519,0.0034626744067623996,0.08313809201506395,0.011219867756547092,1.2035080194473267,1.0644135475158691,2.141862392425537,0.7976163029670715,0.6809378862380981,1.3351666927337646,2.2610480785369873,1.8889007568359375,3.8898801803588867,0.08480697870254517,0.05550975352525711,0.16019515693187714,0.030464626848697662,0.026866119354963303,0.04216895252466202,0.0860951617360115,0.055953774601221085,0.08551961928606033,1.3660815954208374,1.2092028856277466,2.4520492553710938,0.8783323168754578,0.7608832120895386,1.493769884109497,2.267975330352783,1.8565109968185425,3.7915163040161133
cartpole,mode_sep,greedy_diverse,1.0,8,1100,115242,0.9951753295200199,0.08088197011506222,0.996414342629482,0.00142123227828194,0.998578767721718,0.0035856573705179283,0.0725256416931327,0.008356328421929505,1.2529664039611816,1.0724318027496338,2.346710443496704,0.8791224956512451,0.7475141286849976,1.4863848686218262,2.429804801940918,1.8925601243972778,4.946140766143799,0.1450306624174118,0.06933540105819702,0.37285178899765015,0.03297697752714157,0.028751567006111145,0.04453754425048828,0.18563954532146454,0.058464162051677704,0.10163970291614532,1.433869481086731,1.2274335622787476,2.6997227668762207,0.9627372622489929,0.8308308124542236,1.6418662071228027,2.5353004932403564,1.8751235008239746,5.061962604522705
cartpole,mode_sep,greedy_diverse,1.0,9,1200,115242,0.9954726503550135,0.07783620555005988,0.9973725956771763,0.0015098722415795587,0.9984901277584204,0.002627404322823716,0.07012200413043855,0.007714201419621319,1.2737277746200562,1.0970656871795654,2.3666067123413086,0.9118964672088623,0.7517197728157043,1.5591225624084473,2.4866559505462646,1.9801628589630127,4.609253883361816,0.14355617761611938,0.0737714096903801,0.3557441830635071,0.03389797732234001,0.029181141406297684,0.04489174857735634,0.18295840919017792,0.05977052077651024,0.0996042788028717,1.4512882232666016,1.2458819150924683,2.7293334007263184,1.0014140605926514,0.8443708419799805,1.7211803197860718,2.5499374866485596,1.9402984380722046,4.741323947906494
cartpole,mode_sep,greedy_diverse,1.0,10,1300,115242,0.9958827565924908,0.08887384807622221,0.9973493029648537,0.0013470718910998723,0.9986529281089002,0.002650697035146279,0.08299925374429462,0.005874594331927596,1.2515062093734741,1.1136735677719116,2.212592124938965,0.8903270363807678,0.7718945741653442,1.4787864685058594,2.4984211921691895,2.080094337463379,4.090970039367676,0.12471230328083038,0.0666750892996788,0.30535075068473816,0.031555239111185074,0.027954833582043648,0.04374336078763008,0.1185506284236908,0.05951707437634468,0.09926540404558182,1.4160007238388062,1.2518621683120728,2.5459985733032227,0.9639295339584351,0.849324643611908,1.6049180030822754,2.5051660537719727,1.980499029159546,4.079524517059326
cartpole,mode_sep,greedy_diverse,1.0,11,1400,115242,0.9947254264024451,0.06458582808351122,0.9934521465143757,0.0009258518408449256,0.9990741481591551,0.0065478534856242615,0.05908436160427622,0.0055014664792350015,1.2578082084655762,1.1192165613174438,2.238196611404419,0.85971599817276,0.7327170372009277,1.4565765857696533,2.60516095161438,2.2087669372558594,4.183949947357178,0.0946095883846283,0.056397467851638794,0.21749550104141235,0.030185271054506302,0.027013417333364487,0.04193588346242905,0.08682766556739807,0.057977043092250824,0.09018087387084961,1.4231833219528198,1.2590447664260864,2.58063006401062,0.957949161529541,0.8371464014053345,1.618643045425415,2.5940866470336914,2.132831335067749,4.177509307861328
cartpole,mode_sep,greedy_diverse,1.0,12,1500,115242,0.9950938514486563,0.18502802797591156,0.9962367430721861,0.0016880394238884804,0.9983119605761115,0.00376325692781389,0.17996043109283075,0.005067596883080821,1.5896419286727905,1.4381365776062012,2.570568561553955,0.9860907793045044,0.837217390537262,1.6241451501846313,3.978569746017456,3.446826219558716,5.792942047119141,0.12193697690963745,0.06733106076717377,0.29770413041114807,0.027924440801143646,0.024650193750858307,0.039131104946136475,0.10203880071640015,0.05464184284210205,0.09710438549518585,1.5868018865585327,1.3809757232666016,2.828371524810791,0.9840032458305359,0.8481059074401855,1.6298089027404785,3.4567935466766357,2.4788076877593994,6.2941508293151855
cartpole,mode_sep,greedy_diverse,1.0,13,1600,115242,0.9969046380902855,0.08875236458929904,0.9967812221451916,0.0007073803348266918,0.9992926196651734,0.003218777854808359,0.08006629527429236,0.008686069315006682,1.4309108257293701,1.2721830606460571,2.500269889831543,1.027279257774353,0.8610069751739502,1.7411715984344482,3.1037440299987793,2.564831256866455,5.0614519119262695,0.10582786798477173,0.05261455848813057,0.26397088170051575,0.03350430354475975,0.0288761705160141,0.0457502081990242,0.12642064690589905,0.06273572891950607,0.11032363772392273,1.5930283069610596,1.4025628566741943,2.859123468399048,1.1275776624679565,0.9748827815055847,1.8902727365493774,3.009192705154419,2.3413777351379395,5.137886047363281
cartpole,mode_sep,greedy_diverse,1.0,14,1700,115242,0.9950506020536307,0.08556776175352736,0.993900339416597,0.0009053285049146404,0.9990946714950854,0.00609966058340302,0.07984936047621527,0.005718401277312091,1.3879039287567139,1.234768033027649,2.3832883834838867,0.9779105186462402,0.8319339752197266,1.6230251789093018,3.0657613277435303,2.580650568008423,4.7345404624938965,0.09506520628929138,0.058089278638362885,0.21143141388893127,0.03323293477296829,0.02950587123632431,0.0457124263048172,0.093611940741539,0.06336931139230728,0.09713874012231827,1.576021432876587,1.3848062753677368,2.7733306884765625,1.0847755670547485,0.9530292749404907,1.7683972120285034,3.177204132080078,2.4663920402526855,5.240498065948486
pendulum,dispersion,greedy,0.5,0,100,48770,0.8621521634228727,0.39768300184539673,0.7577042691546508,0.0,1.0,0.24229573084534917,0.39768300184539673,0.0,0.31022682785987854,0.2655622959136963,0.5448088049888611,0.07655596733093262,0.05222203955054283,0.11015357077121735,1.1264921426773071,1.245406985282898,2.0469212532043457,0.08908406645059586,0.06460362672805786,0.1414538323879242,0.07264389097690582,0.05867922306060791,0.11422732472419739,0.15069036185741425,0.09207157790660858,0.1754990518093109,0.18067340552806854,0.14315494894981384,0.3037552833557129,0.04680997505784035,0.03618723526597023,0.07471530884504318,0.3301413059234619,0.06802566349506378,2.047934055328369
pendulum,dispersion,greedy,0.5,1,200,48770,0.9876114216649041,0.3258355546442485,0.9755260408894195,0.0,1.0,0.02447395911058051,0.3257945458273529,4.1008816895632564e-05,0.23219169676303864,0.17804589867591858,0.46637728810310364,0.06523777544498444,0.04735662415623665,0.0966394692659378,0.7290763258934021,0.27246925234794617,2.003023386001587,0.07279800623655319,0.054983921349048615,0.131818026304245,0.05706430971622467,0.04577086493372917,0.09594475477933884,0.12180768698453903,0.09121657907962799,0.1772278994321823,0.14846670627593994,0.08534599095582962,0.3381974399089813,0.049711912870407104,0.03715631365776062,0.07474385201931,0.3777625262737274,0.07068558782339096,2.07942795753479
pendulum,dispersion,greedy,0.5,2,300,48770,0.9841320468862131,0.18462169366413778,0.978359096313912,0.004603881993296748,0.9953961180067032,0.02164090368608799,0.1841295878613902,0.0004921058027475907,0.16717252135276794,0.129878431558609,0.32786670327186584,0.04341070353984833,0.027616601437330246,0.060048576444387436,0.45816975831985474,0.1319561004638672,1.7931815385818481,0.08356117457151413,0.06736145913600922,0.12131629139184952,0.05307326838374138,0.04079810529947281,0.08186924457550049,0.11197938770055771,0.07898374646902084,0.14263807237148285,0.11238717287778854,0.07386797666549683,0.23831796646118164,0.019900081679224968,0.015195176936686039,0.03009837120771408,0.22668740153312683,0.038989290595054626,0.715754508972168
pendulum,dispersion,greedy,0.5,3,400,48770,0.9923457029357621,0.13534960016403527,0.9848076923076923,0.0,1.0,0.015192307692307692,0.1339758047980316,0.0013737953660036908,0.16709284484386444,0.14147265255451202,0.28646233677864075,0.029559358954429626,0.019538216292858124,0.04317463934421539,0.44810280203819275,0.09953455626964569,1.5797977447509766,0.05369564890861511,0.03896073251962662,0.10037925839424133,0.042093247175216675,0.03326517343521118,0.07239830493927002,0.08938752114772797,0.06967217475175858,0.13704591989517212,0.07268714159727097,0.04328744113445282,0.1644390970468521,0.010472293943166733,0.008461559191346169,0.014428414404392242,0.12547004222869873,0.02785537764430046,0.18680554628372192
pendulum,dispersion,greedy,0.5,4,500,48770,0.9916969063288026,0.10652040188640557,0.9835305599609613,0.0,1.0,0.016469440039038673,0.10588476522452327,0.0006356366618823047,0.13343210518360138,0.11065523326396942,0.247711181640625,0.026334861293435097,0.018620364367961884,0.03912892937660217,0.3250882029533386,0.08438091725111008,1.0476539134979248,0.05070262402296066,0.036681462079286575,0.08927608281373978,0.03843606263399124,0.029287025332450867,0.05832812935113907,0.08509762585163116,0.06478215008974075,0.1218452900648117,0.08168112486600876,0.060688555240631104,0.1639278680086136,0.008444392122328281,0.007212688215076923,0.012118150480091572,0.11768181622028351,0.025928430259227753,0.15867827832698822
pendulum,dispersion,greedy,0.5,5,600,48770,0.9841103772968024,0.10791470166085708,0.9689049121225778,0.00010724243940802173,0.9998927575605919,0.031095087877422264,0.10699200328070535,0.0009226983801517326,0.1164035052061081,0.09084714204072952,0.22344939410686493,0.024157389998435974,0.017331862822175026,0.034597039222717285,0.21542058885097504,0.07219512015581131,0.584912896156311,0.05331805348396301,0.03823038935661316,0.09952730685472488,0.04268612712621689,0.03068232163786888,0.06681796163320541,0.08955320715904236,0.06990747898817062,0.1465984582901001,0.07477413862943649,0.04988434910774231,0.14972542226314545,0.012075914070010185,0.009838076308369637,0.01600435934960842,0.10158956050872803,0.027144936844706535,0.10824143141508102
pendulum,dispersion,greedy,0.5,6,700,48770,0.9945914461640871,0.18390403936846422,0.9893229597748717,3.6076337530213934e-05,0.9999639236624698,0.01067704022512829,0.18390403936846422,0.0,0.11922936141490936,0.08765941113233566,0.248283252120018,0.02367781475186348,0.015726864337921143,0.033638857305049896,0.28181192278862,0.0803760439157486,1.1847487688064575,0.047743286937475204,0.037478502839803696,0.07996346056461334,0.03772864490747452,0.029072903096675873,0.06016708165407181,0.08384967595338821,0.07039649039506912,0.11841388791799545,0.05055990442633629,0.02506466582417488,0.11911725997924805,0.00706368638202548,0.006089502014219761,0.01066034659743309,0.09097623825073242,0.022271832451224327,0.06383360922336578
pendulum,dispersion,greedy,0.5,7,800,48770,0.991037836845808,0.0814845191716219,0.9849820635982246,0.0016226321916116971,0.9983773678083883,0.0150179364017754,0.07691203608775887,0.004572483083863031,0.1243528202176094,0.08736339956521988,0.26051390171051025,0.027104105800390244,0.017082780599594116,0.033910397440195084,0.2844531238079071,0.06867839395999908,1.7352676391601562,0.07416418194770813,0.0443677119910717,0.1654238998889923,0.04692891240119934,0.03154813498258591,0.0672663003206253,0.10853129625320435,0.07356397807598114,0.15368324518203735,0.0778747946023941,0.03790510818362236,0.1973288655281067,0.012716909870505333,0.01088169775903225,0.01608111523091793,0.18451012670993805,0.02536737732589245,0.2117040604352951
pendulum,dispersion,greedy,0.5,8,900,48770,0.9880247176646068,0.18441664957965961,0.9884881043745203,0.00520517665513922,0.9947948233448608,0.011511895625479662,0.17912651220012302,0.0052901373795366,0.12899455428123474,0.09531513601541519,0.26692667603492737,0.03229701519012451,0.020424893125891685,0.04743166267871857,0.29690587520599365,0.0872185155749321,1.4826408624649048,0.09984796494245529,0.0683652013540268,0.21087035536766052,0.05265073478221893,0.03211868926882744,0.07189695537090302,0.1626804918050766,0.09035366773605347,0.18996097147464752,0.07840468734502792,0.04160638526082039,0.19731663167476654,0.01386463362723589,0.01176472194492817,0.021435711532831192,0.1688338667154312,0.02872050181031227,0.17952241003513336
pendulum,dispersion,greedy,0.5,9,1000,48770,0.9878589323569089,0.346873077711708,0.9773738400915215,0.0004586008504961227,0.9995413991495039,0.022626159908478456,0.34449456633176134,0.0023785113799466885,0.2595581114292145,0.19085751473903656,0.5437968373298645,0.10718873143196106,0.06916895508766174,0.15377604961395264,0.7444352507591248,0.16989392042160034,2.078620672225952,0.10326720029115677,0.07682036608457565,0.1905340999364853,0.0902431309223175,0.06848164647817612,0.15310680866241455,0.14124517142772675,0.10657238960266113,0.21534870564937592,0.19918398559093475,0.12055086344480515,0.4760441184043884,0.06912019848823547,0.053297534584999084,0.10616671293973923,0.5811011791229248,0.09134763479232788,2.112985849380493
pendulum,dispersion,greedy,0.5,10,1100,48770,0.992110736570322,0.13196637277014558,0.9843449797196329,0.0,1.0,0.015655020280367183,0.09290547467705557,0.03906089809309001,0.11205130815505981,0.06783376634120941,0.25605323910713196,0.030720651149749756,0.02046123519539833,0.04241267591714859,0.27339938282966614,0.06625360250473022,1.2363001108169556,0.054189007729291916,0.03957577794790268,0.09610803425312042,0.04676975682377815,0.03558996692299843,0.07233596593141556,0.08763040602207184,0.06542525440454483,0.12244310975074768,0.08211266249418259,0.03741306811571121,0.2075725942850113,0.013374038971960545,0.010602639988064766,0.018990516662597656,0.19476833939552307,0.03306613117456436,0.20479720830917358
pendulum,dispersion,greedy,0.5,11,1200,48770,0.9975442195902888,0.08525733032602009,0.9957798051262955,0.00038597845538439944,0.9996140215446156,0.004220194873704462,0.07656346114414599,0.008693869181874102,0.10400960594415665,0.06319452822208405,0.23648788034915924,0.036312781274318695,0.025536146014928818,0.05524313077330589,0.187320739030838,0.08229687809944153,0.27194157242774963,0.0675741657614708,0.04746033623814583,0.13177846372127533,0.05595019832253456,0.04010878875851631,0.09163728356361389,0.10881781578063965,0.0810927152633667,0.18546387553215027,0.07680273056030273,0.03703736141324043,0.19048742949962616,0.023840006440877914,0.01948164775967598,0.04255537688732147,0.1465899646282196,0.039412982761859894,0.13760057091712952
pendulum,dispersion,greedy,0.5,12,1300,48770,0.9953499186235759,0.2716218987082223,0.9917757442372293,0.000334696913350688,0.9996653030866494,0.008224255762770763,0.26883329915931925,0.0027885995489030143,0.14634008705615997,0.09953602403402328,0.3218478560447693,0.06138536334037781,0.04161502420902252,0.09315954148769379,0.32748228311538696,0.11089986562728882,1.7756495475769043,0.07831443101167679,0.05402267724275589,0.1636250764131546,0.06258624792098999,0.04669930785894394,0.1108027845621109,0.1151471734046936,0.08326096087694168,0.1867736279964447,0.10342641174793243,0.0599316768348217,0.246173694729805,0.03878096491098404,0.031251512467861176,0.05496378615498543,0.22054120898246765,0.057350799441337585,0.201407790184021
pendulum,dispersion,greedy,0.5,13,1400,48770,0.9856026326614561,0.29253639532499487,0.9720519293184277,0.0002135748152577848,0.9997864251847423,0.027948070681572304,0.2895632561000615,0.0029731392249333606,0.18402281403541565,0.13342837989330292,0.3940158486366272,0.07809267938137054,0.053447991609573364,0.11763988435268402,0.4670564830303192,0.13938134908676147,1.9830987453460693,0.09263493865728378,0.05768722668290138,0.199060320854187,0.0720478966832161,0.050667278468608856,0.12025722861289978,0.14553096890449524,0.09326687455177307,0.2198278158903122,0.12782348692417145,0.0858316719532013,0.2877529263496399,0.05394001305103302,0.03869887813925743,0.08644067496061325,0.2684463858604431,0.07877713441848755,0.7726246118545532
pendulum,dispersion,greedy,0.5,14,1500,48770,0.9988291051017564,0.36819766249743696,0.9993305812785898,0.0006864988558352403,0.9993135011441647,0.0006694187214102421,0.3668238671314333,0.0013737953660036908,0.20689187943935394,0.13388468325138092,0.4707241356372833,0.1003752052783966,0.07240951061248779,0.14948537945747375,0.5384959578514099,0.1522989422082901,2.03235125541687,0.11812552064657211,0.07470851391553879,0.2523764371871948,0.08986181020736694,0.0646740272641182,0.14199063181877136,0.2029860019683838,0.10685817897319794,0.22954702377319336,0.149433895945549,0.08312392979860306,0.3565978407859802,0.07221599668264389,0.055507659912109375,0.11466851085424423,0.3626602292060852,0.08177334070205688,2.0877387523651123
pendulum,dispersion,greedy,0.5,15,1600,48770,0.9926498804498628,0.04273118720524913,0.9922691059309531,0.003967586832991493,0.9960324131670085,0.007730894069046916,0.0023785113799466885,0.04035267582530244,0.045820463448762894,0.03254793584346771,0.09028025716543198,0.012743145227432251,0.010237226262688637,0.019755760207772255,0.055228590965270996,0.032740913331508636,0.06532708555459976,0.03888215497136116,0.03257165104150772,0.059581927955150604,0.014364732429385185,0.0116762425750494,0.0230836383998394,0.058519795536994934,0.04833507165312767,0.07599110901355743,0.03766269609332085,0.023023460060358047,0.08260244876146317,0.010950139723718166,0.008566233329474926,0.01680280640721321,0.0432126559317112,0.026040449738502502,0.04576482996344566
pendulum,dispersion,greedy,0.5,16,1700,48770,0.9954609057711341,0.13797416444535576,0.9939344374020309,0.001607717041800643,0.9983922829581994,0.006065562597969059,0.13534960016403527,0.002624564281320484,0.11079376190900803,0.07696189731359482,0.2332874983549118,0.04525056481361389,0.034403227269649506,0.06825806200504303,0.19016209244728088,0.09361544996500015,0.254311740398407,0.07960955798625946,0.054652437567710876,0.16500695049762726,0.05414079129695892,0.04189727455377579,0.07918965071439743,0.13143977522850037,0.08931450545787811,0.1775035262107849,0.08378248661756516,0.049767639487981796,0.1944580078125,0.03463602066040039,0.0274815633893013,0.056545600295066833,0.12694668769836426,0.06616748869419098,0.15298330783843994
pendulum,dispersion,greedy,0.5,17,1800,48770,0.9968634339125525,0.06985851958171006,0.9939951210358416,0.00013616557734204794,0.9998638344226579,0.006004878964158379,0.01736723395530039,0.05249128562640968,0.061280928552150726,0.034770116209983826,0.1385330706834793,0.01998516172170639,0.015131881460547447,0.03326187655329704,0.08711729943752289,0.04159471392631531,0.09501729160547256,0.034934159368276596,0.02433990314602852,0.05621413141489029,0.021444763988256454,0.01584106869995594,0.030172549188137054,0.07176841795444489,0.054565977305173874,0.08187153190374374,0.052870504558086395,0.02566780522465706,0.12639246881008148,0.018072500824928284,0.013798721134662628,0.031946562230587006,0.07790357619524002,0.02985302358865738,0.0816500261425972
pendulum,dispersion,greedy,0.5,18,1900,48770,0.9966547965900509,0.009739594012712733,0.9968699406368052,0.0022173693935830675,0.9977826306064169,0.0031300593631948194,0.0012917777322124257,0.008447816280500307,0.040727365761995316,0.027578148990869522,0.08180283010005951,0.009112055413424969,0.007160494104027748,0.013754157349467278,0.04906400293111801,0.031012997031211853,0.062192026525735855,0.03368159756064415,0.027157563716173172,0.05509493872523308,0.01649775728583336,0.012779692187905312,0.024571094661951065,0.0564328134059906,0.04923916980624199,0.07325949519872665,0.03391088545322418,0.017628148198127747,0.08017966151237488,0.007512271404266357,0.0062453532591462135,0.011392557062208652,0.0305462758988142,0.017578493803739548,0.03851106017827988
pendulum,dispersion,greedy,1.0,0,100,48770,0.8621521634228727,0.39768300184539673,0.7577042691546508,0.0,1.0,0.24229573084534917,0.39768300184539673,0.0,0.31022682785987854,0.2655622959136963,0.5448088049888611,0.07655596733093262,0.05222203955054283,0.11015357077121735,1.1264921426773071,1.245406985282898,2.0469212532043457,0.08908406645059586,0.06460362672805786,0.1414538323879242,0.07264389097690582,0.05867922306060791,0.11422732472419739,0.15069036185741425,0.09207157790660858,0.1754990518093109,0.18067340552806854,0.14315494894981384,0.3037552833557129,0.04680997505784035,0.03618723526597023,0.07471530884504318,0.3301413059234619,0.06802566349506378,2.047934055328369
pendulum,dispersion,greedy,1.0,1,200,48770,0.8737776778689446,0.34324379741644456,0.7758483033932135,0.0,1.0,0.22415169660678644,0.3432232930079967,2.0504408447816282e-05,0.3188530504703522,0.27401110529899597,0.5535263419151306,0.08735564351081848,0.05513663962483406,0.11812584847211838,1.1023558378219604,1.1349365711212158,2.043825626373291,0.08818584680557251,0.061751287430524826,0.146306574344635,0.07333920150995255,0.05464973300695419,0.114968441426754,0.14849157631397247,0.09332893043756485,0.1918419897556305,0.1885453760623932,0.1481073796749115,0.32331398129463196,0.05060802772641182,0.03677496314048767,0.07396549731492996,0.37757766246795654,0.07956152409315109,2.0754566192626953
pendulum,dispersion,greedy,1.0,2,300,48770,0.8689933487781183,0.2625384457658397,0.7683361966433196,0.0,1.0,0.23166380335668033,0.2625384457658397,0.0,0.32010480761528015,0.29961779713630676,0.4810725748538971,0.038792192935943604,0.02235543355345726,0.05236120522022247,1.3757352828979492,1.6564937829971313,2.03489351272583,0.06464165449142456,0.05201408267021179,0.10155949741601944,0.0562337227165699,0.04422495886683464,0.09110023081302643,0.10720130056142807,0.08647453039884567,0.1539064198732376,0.1818537712097168,0.16609403491020203,0.25630509853363037,0.015041768550872803,0.01267002709209919,0.024685120210051537,0.33414164185523987,0.05904877558350563,2.024740695953369
pendulum,dispersion,greedy,1.0,3,400,48770,0.7662707508508717,0.29011687512815254,0.6211012273392637,0.0,1.0,0.3788987726607364,0.28997334426901783,0.00014353085913471398,0.4348505139350891,0.4080215096473694,0.5919544100761414,0.059396032243967056,0.03513430804014206,0.08428938686847687,2.0053975582122803,2.0616893768310547,2.0926783084869385,0.07041431963443756,0.06022227928042412,0.11454745382070541,0.06492920219898224,0.055427245795726776,0.10284306108951569,0.10407035797834396,0.08980110287666321,0.16104517877101898,0.3058187961578369,0.28272348642349243,0.404935747385025,0.011906875297427177,0.010598418302834034,0.017793210223317146,1.9675935506820679,2.061438798904419,2.0888071060180664
pendulum,dispersion,greedy,1.0,4,500,48770,0.4289855072463768,0.6469755997539471,0.3153409090909091,0.050334795659201105,0.9496652043407989,0.6846590909090909,0.6469755997539471,0.0,0.6593827605247498,0.6368969082832336,0.8532043695449829,0.1592855155467987,0.11758868396282196,0.23413866758346558,2.0817604064941406,2.082972288131714,2.1092019081115723,0.7568359375,0.7467567324638367,0.8216853141784668,0.117219477891922,0.10992667078971863,0.19470146298408508,2.0934367179870605,2.0799951553344727,2.1543164253234863,0.5501959919929504,0.5019851922988892,0.7508949637413025,0.07418409734964371,0.04205876961350441,0.0757012888789177,2.096146583557129,2.0966367721557617,2.119067907333374
pendulum,dispersion,greedy,1.0,5,600,48770,0.5467786154900617,0.3344679106007792,0.3765636063252301,0.00029186124082721817,0.9997081387591727,0.6234363936747699,0.3344679106007792,0.0,0.557386040687561,0.5458856821060181,0.6631279587745667,0.06268896907567978,0.043484240770339966,0.09649543464183807,2.0753419399261475,2.0762765407562256,2.090933084487915,0.06787770241498947,0.06170682609081268,0.10991210490465164,0.058574896305799484,0.052697911858558655,0.09853630512952805,0.09004631638526917,0.0829140692949295,0.14846523106098175,0.40265798568725586,0.3853168487548828,0.45502978563308716,0.009311798959970474,0.00803619995713234,0.012367205694317818,2.0719094276428223,2.073927640914917,2.0860490798950195
pendulum,dispersion,greedy,1.0,6,700,48770,0.5985512771635532,0.30613081812589704,0.4272806444589593,0.00016224547740731728,0.9998377545225927,0.5727193555410407,0.30613081812589704,0.0,0.5418533682823181,0.5299623608589172,0.643286406993866,0.04883947968482971,0.031326569616794586,0.06826931983232498,2.055471897125244,2.061185359954834,2.081357002258301,0.06646136939525604,0.06070933863520622,0.10052336007356644,0.05898775905370712,0.05099361389875412,0.09470511972904205,0.11050719767808914,0.10883776843547821,0.14728522300720215,0.39318543672561646,0.3795319199562073,0.4389283359050751,0.011094662360846996,0.00887908786535263,0.017083916813135147,2.0447089672088623,2.052669048309326,2.0677993297576904
pendulum,dispersion,greedy,1.0,7,800,48770,0.8140862639735162,0.21076481443510356,0.7133008239448462,0.017483174794149715,0.9825168252058503,0.2866991760551539,0.2105802747590732,0.00018453967603034653,0.3679068684577942,0.3575257658958435,0.43968868255615234,0.028893277049064636,0.017607588320970535,0.031001977622509003,1.9502525329589844,1.983068585395813,2.0536115169525146,0.16249647736549377,0.15523232519626617,0.18521995842456818,0.04689869284629822,0.03863299638032913,0.06874564290046692,0.13232587277889252,0.1279418170452118,0.155807226896286,0.26621291041374207,0.25322991609573364,0.3114281892776489,0.012212377041578293,0.010800044052302837,0.01752939447760582,2.0165493488311768,2.041367769241333,2.0694408416748047
pendulum,dispersion,greedy,1.0,8,900,48770,0.8903895580305399,0.2012712733237646,0.8044804662599034,0.001000965216458728,0.9989990347835412,0.19551953374009653,0.20100471601394299,0.0002665573098216116,0.25336921215057373,0.2364298403263092,0.3529855012893677,0.015853658318519592,0.01120535284280777,0.021473167464137077,1.0510172843933105,0.958502471446991,2.0366456508636475,0.04583218693733215,0.041311103850603104,0.06811777502298355,0.02962888777256012,0.024965420365333557,0.04243621230125427,0.07760944217443466,0.07241380214691162,0.10515207797288895,0.17509299516677856,0.16077843308448792,0.2281983345746994,0.007743719965219498,0.0061569297686219215,0.013590287417173386,0.2470163106918335,0.03415245935320854,1.0064107179641724
pendulum,dispersion,greedy,1.0,9,1000,48770,0.9128801826349511,0.10211195407012508,0.8403498067927598,0.00037880092289679397,0.9996211990771032,0.1596501932072402,0.09967192946483494,0.0024400246052901373,0.21723726391792297,0.20485429465770721,0.2810443639755249,0.012780831195414066,0.010512953624129295,0.02135159820318222,0.8225470781326294,0.4735107421875,1.951534628868103,0.0396868959069252,0.032309118658304214,0.06851845979690552,0.029596900567412376,0.023114778101444244,0.044531021267175674,0.07200147211551666,0.06316819041967392,0.10653698444366455,0.17824529111385345,0.1652422994375229,0.21710138022899628,0.0077308122999966145,0.006585120223462582,0.013187045231461525,0.19284215569496155,0.03912744298577309,0.16931551694869995
pendulum,dispersion,greedy,1.0,10,1100,48770,0.922252605128963,0.10155833504203404,0.8561921097770154,0.00027357909855687027,0.9997264209014431,0.14380789022298457,0.10082017633791265,0.0007381587041213861,0.1730230450630188,0.16104386746883392,0.22457121312618256,0.011340238153934479,0.008858717978000641,0.018525920808315277,0.28095436096191406,0.10156302154064178,0.6587756872177124,0.04257917404174805,0.03093920275568962,0.07740016281604767,0.031043121591210365,0.024348976090550423,0.042545974254608154,0.07407096028327942,0.06206417828798294,0.10031641274690628,0.15692873299121857,0.1466645747423172,0.18972143530845642,0.0067664869129657745,0.005684545263648033,0.011822346597909927,0.08479652553796768,0.029133038595318794,0.07315865159034729
pendulum,dispersion,greedy,1.0,11,1200,48770,0.95384031860421,0.12538445765839656,0.9422255526414387,0.015216649607642442,0.9847833503923575,0.05777444735856126,0.12470781217961861,0.0006766454787779372,0.1421484798192978,0.13444750010967255,0.20854178071022034,0.0122585603967309,0.009916499257087708,0.018750376999378204,0.21412886679172516,0.08718803524971008,0.26789039373397827,0.09434539824724197,0.09344934672117233,0.14920151233673096,0.025937125086784363,0.019635219126939774,0.03461983799934387,0.09095875173807144,0.07205112278461456,0.12231069803237915,0.07488160580396652,0.06540482491254807,0.10266995429992676,0.008061406202614307,0.0071946983225643635,0.013348273932933807,0.031561776995658875,0.018256397917866707,0.03651849180459976
pendulum,dispersion,greedy,1.0,12,1300,48770,0.9492777093994947,0.06233340168136149,0.9051825313484465,0.0010493889848007852,0.9989506110151992,0.09481746865155352,0.06163625179413574,0.0006971498872257536,0.11547746509313583,0.10337909311056137,0.16212205588817596,0.010345716029405594,0.008918831124901772,0.017687693238258362,0.09825096279382706,0.061006009578704834,0.11569321155548096,0.03279910609126091,0.02488299086689949,0.0600903145968914,0.018642308190464973,0.015077533200383186,0.027317069470882416,0.05967848747968674,0.053302664309740067,0.07850538194179535,0.12396833300590515,0.11351978033781052,0.1567145138978958,0.008781487122178078,0.007631658110767603,0.01516882237046957,0.04552428796887398,0.021888062357902527,0.05181420221924782
pendulum,dispersion,greedy,1.0,13,1400,48770,0.9911046815845364,0.05603854828788189,0.9826060421116876,0.00013489815189531904,0.9998651018481047,0.01739395788831248,0.05527988517531269,0.0007586631125692024,0.06537145376205444,0.05274736508727074,0.11395476013422012,0.009489765390753746,0.007976926863193512,0.01565023884177208,0.07917821407318115,0.05447795242071152,0.1124427393078804,0.037771426141262054,0.027572860941290855,0.06940101832151413,0.025050442665815353,0.01976848766207695,0.0351143404841423,0.07413088530302048,0.06113989278674126,0.11039068549871445,0.03976159915328026,0.029267437756061554,0.07128425687551498,0.0073183150961995125,0.006244247313588858,0.01240891870111227,0.027344072237610817,0.01672263629734516,0.036972228437662125
pendulum,dispersion,greedy,1.0,14,1500,48770,0.9983031516871124,0.021693664137789625,0.9970550647330111,0.00026922429749284875,0.9997307757025071,0.0029449352669889428,0.020647939306950993,0.0010457248308386304,0.04185912385582924,0.03188556060194969,0.07549824565649033,0.008802130818367004,0.007272515445947647,0.014433635398745537,0.04703217372298241,0.031461380422115326,0.050763942301273346,0.025011345744132996,0.018669798970222473,0.044890210032463074,0.01256699301302433,0.010235756635665894,0.019644849002361298,0.05178522318601608,0.04547484964132309,0.061116088181734085,0.024148212745785713,0.013642865233123302,0.051947515457868576,0.007276621647179127,0.006100407335907221,0.011663727462291718,0.028486140072345734,0.017591556534171104,0.031027868390083313
pendulum,dispersion,greedy,1.0,15,1600,48770,0.9991095280498664,0.028870207094525323,0.9992763707208461,0.000646324454876348,0.9993536755451237,0.0007236292791539104,0.02784498667213451,0.001025220422390814,0.042351048439741135,0.027226245030760765,0.08548247069120407,0.011197742074728012,0.008644831366837025,0.01744290441274643,0.06068604066967964,0.03822677955031395,0.08093945682048798,0.03640330955386162,0.025088408961892128,0.06811860203742981,0.021196994930505753,0.015463106334209442,0.03055635839700699,0.06760955601930618,0.053946733474731445,0.09281278401613235,0.02962462417781353,0.012925932183861732,0.07039807736873627,0.008802960626780987,0.007092551328241825,0.014021673239767551,0.03433370590209961,0.01780436560511589,0.03831858932971954
pendulum,dispersion,greedy,1.0,16,1700,48770,0.9977011494252874,0.004921058027475908,0.9969549655430311,0.0009727952769112072,0.9990272047230888,0.003045034456968855,0.0027475907320073816,0.0021734672954685256,0.034085873514413834,0.02205256186425686,0.07091213017702103,0.010045122355222702,0.007734545506536961,0.01576681062579155,0.052084505558013916,0.03580194339156151,0.06127920374274254,0.03428688645362854,0.02586277388036251,0.06113937124609947,0.017182398587465286,0.012914926744997501,0.023696189746260643,0.06597881019115448,0.056142453104257584,0.08383888751268387,0.02871030569076538,0.015144466422498226,0.066932812333107,0.008094550110399723,0.006423644255846739,0.0128560746088624,0.030950991436839104,0.017736276611685753,0.037649087607860565
pendulum,dispersion,greedy,1.0,17,1800,48770,0.9982978953340718,0.007197047365183514,0.9975163328114033,0.0005685999063482507,0.9994314000936517,0.0024836671885967282,0.005700225548492926,0.0014968218166905884,0.03661882504820824,0.021555399522185326,0.08027050644159317,0.011409910395741463,0.00895625539124012,0.01764502003788948,0.056489307433366776,0.0376913957297802,0.07348375767469406,0.03554801642894745,0.025505414232611656,0.06967548280954361,0.018384048715233803,0.014915114268660545,0.026493076235055923,0.06755393743515015,0.057428646832704544,0.09362976253032684,0.034103553742170334,0.016089504584670067,0.0807521641254425,0.009493555873632431,0.007754170801490545,0.015028716064989567,0.0366140753030777,0.019685033708810806,0.0384691059589386
pendulum,dispersion,greedy,1.0,18,1900,48770,0.9983370288248337,0.017387738363748205,0.9988353391381509,0.0013047405573584022,0.9986952594426416,0.0011646608618490378,0.015911420955505434,0.0014763174082427723,0.03736560419201851,0.021284226328134537,0.08427353203296661,0.011726117692887783,0.009080406278371811,0.018294617533683777,0.05558868125081062,0.034414395689964294,0.0727219358086586,0.03686138615012169,0.026810895651578903,0.07332482933998108,0.01755809597671032,0.013415451161563396,0.025579873472452164,0.06466830521821976,0.0558488704264164,0.09260503947734833,0.03528197854757309,0.015372770838439465,0.08688227087259293,0.010017034597694874,0.007950669154524803,0.016171608120203018,0.038226813077926636,0.020069055259227753,0.044146668165922165
pendulum,dispersion,greedy_diverse,0.5,0,100,48770,0.8621521634228727,0.39768300184539673,0.7577042691546508,0.0,1.0,0.24229573084534917,0.39768300184539673,0.0,0.31022682785987854,0.2655622959136963,0.5448088049888611,0.07655596733093262,0.05222203955054283,0.11015357077121735,1.1264921426773071,1.245406985282898,2.0469212532043457,0.08908406645059586,0.06460362672805786,0.1414538323879242,0.07264389097690582,0.05867922306060791,0.11422732472419739,0.15069036185741425,0.09207157790660858,0.1754990518093109,0.18067340552806854,0.14315494894981384,0.3037552833557129,0.04680997505784035,0.03618723526597023,0.07471530884504318,0.3301413059234619,0.06802566349506378,2.047934055328369
pendulum,dispersion,greedy_diverse,0.5,1,200,48770,0.9909921420813902,0.30287061718269426,0.9821451183993922,0.0,1.0,0.017854881600607827,0.300553619028091,0.0023169981546032397,0.2287496030330658,0.16092969477176666,0.4949841797351837,0.07011473178863525,0.04704660549759865,0.09828151017427444,0.7036417126655579,0.21040567755699158,2.0495405197143555,0.10098695009946823,0.057253703474998474,0.2350253313779831,0.06435392051935196,0.049676187336444855,0.09869185090065002,0.20140796899795532,0.08813253045082092,0.23242518305778503,0.15392622351646423,0.08083528280258179,0.37864571809768677,0.048702359199523926,0.03365325182676315,0.06759783625602722,0.4501877725124359,0.07239574939012527,2.0984325408935547
pendulum,dispersion,greedy_diverse,0.5,2,300,48770,0.9946569060541041,0.20711502973139226,0.9953688110474908,0.0026872690628149142,0.9973127309371851,0.004631188952509262,0.2056797211400451,0.0014353085913471396,0.1635240912437439,0.11342363804578781,0.34993797540664673,0.04641663283109665,0.031594373285770416,0.06749475747346878,0.4921684265136719,0.13872747123241425,1.8769381046295166,0.06820245832204819,0.05676691234111786,0.11235951632261276,0.04537872225046158,0.037650272250175476,0.07284316420555115,0.09851720929145813,0.0790288895368576,0.1427784413099289,0.10975596308708191,0.047370795160532,0.2856646180152893,0.022684145718812943,0.015935972332954407,0.030542872846126556,0.3189685344696045,0.05445583909749985,2.0503859519958496
pendulum,dispersion,greedy_diverse,0.5,3,400,48770,0.9948240843870799,0.13053106417879845,0.9920292695674898,0.001328511329249391,0.9986714886707506,0.007970730432510127,0.12950584375640764,0.001025220422390814,0.1359013170003891,0.10232264548540115,0.26660650968551636,0.03078504465520382,0.022265400737524033,0.04593650996685028,0.3385702669620514,0.09254778921604156,1.109338641166687,0.05518954247236252,0.044750239700078964,0.09505413472652435,0.03964301198720932,0.03169191628694534,0.06313127279281616,0.09017407894134521,0.07391819357872009,0.1380821168422699,0.07789827138185501,0.038346078246831894,0.1884690672159195,0.013890473172068596,0.01133386418223381,0.019969582557678223,0.15195156633853912,0.03652223199605942,0.2347499430179596
pendulum,dispersion,greedy_diverse,0.5,4,500,48770,0.9844450303190088,0.11632150912446176,0.9696812309290398,0.00018054452227919405,0.9998194554777208,0.030318769070960202,0.11338937871642403,0.002932130408037728,0.13370268046855927,0.09723716974258423,0.2677210569381714,0.03365834057331085,0.021707333624362946,0.0478251688182354,0.3241688013076782,0.09368859976530075,1.1161832809448242,0.06857461482286453,0.04471246898174286,0.1324145346879959,0.05484499782323837,0.03661369904875755,0.07780507951974869,0.11161038279533386,0.07847341150045395,0.16362394392490387,0.09633861482143402,0.05598742514848709,0.21249647438526154,0.012096123769879341,0.009442358277738094,0.017702165991067886,0.1914599984884262,0.0401458665728569,0.3595156669616699
pendulum,dispersion,greedy_diverse,0.5,5,600,48770,0.9940953725691547,0.12815255279885177,0.9916133162612036,0.001970260223048327,0.9980297397769516,0.008386683738796415,0.12632766044699612,0.001824892351855649,0.12609495222568512,0.08999566733837128,0.251994252204895,0.030778104439377785,0.018966197967529297,0.04103510081768036,0.27816274762153625,0.09484409540891647,0.9420424699783325,0.06742840260267258,0.044473908841609955,0.13335159420967102,0.0431663915514946,0.028615370392799377,0.06304971873760223,0.1067148968577385,0.07620631158351898,0.15569737553596497,0.06714912503957748,0.03200456127524376,0.15874041616916656,0.010653393343091011,0.008772552013397217,0.01518787071108818,0.11590279638767242,0.04273008182644844,0.1433948129415512
pendulum,dispersion,greedy_diverse,0.5,6,700,48770,0.9936622130866735,0.39870822226778757,0.9874042553191489,0.0,1.0,0.012595744680851064,0.39840065614107034,0.00030756612671724423,0.2372271716594696,0.16415993869304657,0.5148667693138123,0.10112536698579788,0.06407110393047333,0.15136529505252838,0.6358683109283447,0.20676183700561523,2.0337181091308594,0.09891355782747269,0.07221677154302597,0.18727315962314606,0.08889081329107285,0.06835085153579712,0.15248969197273254,0.13583245873451233,0.10131345689296722,0.20716096460819244,0.14744795858860016,0.09526588767766953,0.3373258411884308,0.05972765386104584,0.04254163056612015,0.09886445105075836,0.3448590636253357,0.07467957586050034,2.0394701957702637
pendulum,dispersion,greedy_diverse,0.5,7,800,48770,0.9844448417664937,0.2933770760713553,0.9693661971830986,0.0,1.0,0.03063380281690141,0.29231084683206887,0.0010662292392864465,0.1752636581659317,0.11545892059803009,0.3844016194343567,0.06574085354804993,0.04230517894029617,0.09072533994913101,0.4719387888908386,0.11652301996946335,2.018314838409424,0.06747036427259445,0.0510813407599926,0.11152840405702591,0.058591704815626144,0.04638228565454483,0.0931989923119545,0.10505574941635132,0.07958025485277176,0.15533214807510376,0.12992240488529205,0.07045990228652954,0.31306353211402893,0.045073967427015305,0.032080840319395065,0.07007161527872086,0.3390580117702484,0.06750442087650299,2.061802864074707
pendulum,dispersion,greedy_diverse,0.5,8,900,48770,0.9946916647842784,0.3367644043469346,0.9894393888327154,0.0,1.0,0.010560611167284574,0.33493951199507893,0.001824892351855649,0.19158613681793213,0.13474422693252563,0.40733063220977783,0.08904527127742767,0.06661463528871536,0.1373080015182495,0.4555859863758087,0.16262958943843842,1.9854549169540405,0.09523096680641174,0.06544123589992523,0.1939668506383896,0.07412456721067429,0.05726844444870949,0.12460759282112122,0.14501500129699707,0.11031202971935272,0.22733543813228607,0.13778255879878998,0.07896988093852997,0.32813528180122375,0.06619196385145187,0.05444340407848358,0.10639701783657074,0.3253452777862549,0.08025429397821426,2.0264134407043457
pendulum,dispersion,greedy_diverse,0.5,9,1000,48770,0.9977743431221021,0.11035472626614722,0.997589318828038,0.0012127894156560089,0.9987872105843439,0.0024106811719619235,0.10814025015378306,0.0022144761123641583,0.1221027597784996,0.08060966432094574,0.2677239179611206,0.043394166976213455,0.03072650358080864,0.06741504371166229,0.2643871605396271,0.10245929658412933,0.5862829685211182,0.08644786477088928,0.05739101022481918,0.1813957840204239,0.05631846562027931,0.04059819132089615,0.08387356996536255,0.14427973330020905,0.10267849266529083,0.19556286931037903,0.08722153306007385,0.050713468343019485,0.2048187106847763,0.03020334616303444,0.023537548258900642,0.04562933370471001,0.1502937376499176,0.05538901686668396,0.1703244149684906
pendulum,dispersion,greedy_diverse,0.5,10,1100,48770,0.9970650387414886,0.05329095755587451,0.9955456570155902,0.0008244872719777389,0.9991755127280223,0.004454342984409799,0.04545827352880869,0.00783268402706582,0.07287783175706863,0.045942097902297974,0.15987911820411682,0.022967945784330368,0.015443000011146069,0.0356752946972847,0.10271722078323364,0.05615764856338501,0.15420079231262207,0.04946518316864967,0.031368836760520935,0.10844757407903671,0.031131379306316376,0.021347898989915848,0.045858755707740784,0.08552724868059158,0.06254781037569046,0.13023899495601654,0.0538933090865612,0.02525455877184868,0.1320713460445404,0.01608268916606903,0.01228438038378954,0.025015994906425476,0.08225094527006149,0.03541203588247299,0.10184439271688461
pendulum,dispersion,greedy_diverse,0.5,11,1200,48770,0.9980380912136669,0.08328890711502973,0.9965041287445,0.00024895970409360887,0.9997510402959064,0.00349587125549997,0.08121796186180029,0.002070945253229444,0.094107985496521,0.05556712672114372,0.21809357404708862,0.026877809315919876,0.019839972257614136,0.04243461415171623,0.19730781018733978,0.0650465190410614,0.2722446322441101,0.054459042847156525,0.03197221830487251,0.11586039513349533,0.03222953528165817,0.02297058142721653,0.04710967838764191,0.09137626737356186,0.060476500540971756,0.11965855956077576,0.07141362875699997,0.034089479595422745,0.1807408183813095,0.019560467451810837,0.014776721596717834,0.032100893557071686,0.12632586061954498,0.048257868736982346,0.14529937505722046
pendulum,dispersion,greedy_diverse,0.5,12,1300,48770,0.9969860064585576,0.37627639942587654,1.0,0.0026468781018102756,0.9973531218981897,0.0,0.37490260405987286,0.0013737953660036908,0.1925147920846939,0.13835088908672333,0.4064975678920746,0.09037545323371887,0.06229810044169426,0.13112878799438477,0.4656844437122345,0.1462325155735016,1.956169605255127,0.09937798976898193,0.07503565400838852,0.18012014031410217,0.07470686733722687,0.05384371057152748,0.10853035002946854,0.14309309422969818,0.11116602271795273,0.1874624341726303,0.1359199583530426,0.08049766719341278,0.31743529438972473,0.06379709392786026,0.050811752676963806,0.1038224995136261,0.2936278283596039,0.07862276583909988,1.5341962575912476
pendulum,dispersion,greedy_diverse,0.5,13,1400,48770,0.9982250878400406,0.12997744515070742,0.9971775944420321,0.0003494914898822214,0.9996505085101178,0.002822405557967868,0.1226778757432848,0.007299569407422596,0.08062726259231567,0.05205037444829941,0.17913423478603363,0.0308295376598835,0.023648925125598907,0.04846607893705368,0.11947466433048248,0.06580433249473572,0.1591101735830307,0.047618567943573,0.033948514610528946,0.08987680822610855,0.032719191163778305,0.02662842720746994,0.05219842121005058,0.08751093596220016,0.06526291370391846,0.11563606560230255,0.05942102521657944,0.03281053155660629,0.13659977912902832,0.02600296214222908,0.01991741731762886,0.04019004851579666,0.08640383183956146,0.04218597710132599,0.10389711707830429
pendulum,dispersion,greedy_diverse,0.5,14,1500,48770,0.9994354535190064,0.07945458273528809,0.998871544103818,0.0,1.0,0.0011284558961820576,0.06897683001845396,0.01047775271683412,0.05611085891723633,0.03186284378170967,0.1313975602388382,0.016952797770500183,0.012933436781167984,0.0277559757232666,0.08281760662794113,0.04557779058814049,0.11329861730337143,0.03296086564660072,0.022647356614470482,0.0622602179646492,0.020617878064513206,0.015568521805107594,0.033893730491399765,0.06960438191890717,0.0537138395011425,0.08991115540266037,0.039724256843328476,0.018002310767769814,0.09720539301633835,0.013868903741240501,0.010379869490861893,0.0212076548486948,0.0568680576980114,0.02520797774195671,0.06689495593309402
pendulum,dispersion,greedy_diverse,0.5,15,1600,48770,0.997497539716013,0.02353906089809309,0.99528672427337,0.00016778523489932885,0.9998322147651006,0.004713275726630008,0.006479393069509945,0.017059667828583144,0.04057580605149269,0.0229504257440567,0.09377437084913254,0.011798904277384281,0.009032951667904854,0.019643332809209824,0.05662126839160919,0.03254411369562149,0.07386453449726105,0.02868509851396084,0.019843120127916336,0.057112861424684525,0.015909569337964058,0.012118255719542503,0.02525050938129425,0.05886954069137573,0.048512570559978485,0.07756011933088303,0.0371684804558754,0.0182351041585207,0.08870312571525574,0.010124933905899525,0.007807573769241571,0.016931015998125076,0.04628336802124977,0.022901859134435654,0.05458814650774002
pendulum,dispersion,greedy_diverse,0.5,16,1700,48770,0.9989992216168131,0.02552798851753127,0.9986105707775246,0.0003724773127454964,0.9996275226872545,0.0013894292224754072,0.015726881279475087,0.009801107238056182,0.05309583991765976,0.027254268527030945,0.12837904691696167,0.015808772295713425,0.011568275280296803,0.02630087547004223,0.07371258735656738,0.041206225752830505,0.09492126852273941,0.03626267984509468,0.023773150518536568,0.07012824714183807,0.022433726117014885,0.015213806182146072,0.03334381803870201,0.06987738609313965,0.05309849977493286,0.09797414392232895,0.04088301211595535,0.018079569563269615,0.10382582992315292,0.013298473320901394,0.009909764863550663,0.022891167551279068,0.05371423065662384,0.025095868855714798,0.06749865412712097
pendulum,dispersion,greedy_diverse,0.5,17,1800,48770,0.999401453612655,0.03586221037523067,0.9989743589743589,0.00010179498490041057,0.9998982050150996,0.0010256410256410256,0.023908140250153784,0.011954070125076892,0.05638355389237404,0.030150791630148888,0.13438186049461365,0.01835932582616806,0.013657141476869583,0.029354531317949295,0.07603826373815536,0.041351962834596634,0.09182997047901154,0.0380944199860096,0.024771327152848244,0.07672727108001709,0.023001953959465027,0.017002860084176064,0.0319647379219532,0.07118529826402664,0.05534249171614647,0.09715809673070908,0.045045942068099976,0.017818717285990715,0.11498980969190598,0.015995971858501434,0.011886989697813988,0.027036290615797043,0.06163853406906128,0.02306065522134304,0.05786946788430214
pendulum,dispersion,greedy_diverse,0.5,18,1900,48770,0.9970101763721645,0.013696944843141275,0.9941469285050052,6.706683209818584e-05,0.9999329331679018,0.0058530714949948034,0.003157678900963707,0.010539265942177568,0.04354817047715187,0.024144969880580902,0.09990634024143219,0.013677931390702724,0.009993092156946659,0.02195049822330475,0.06237499415874481,0.03388761729001999,0.07055314630270004,0.03113427385687828,0.021013168618083,0.0559699721634388,0.017706025391817093,0.01306084729731083,0.02714528888463974,0.06430218368768692,0.050154753029346466,0.07794776558876038,0.04080978408455849,0.020146409049630165,0.09817005693912506,0.011753624305129051,0.008713919669389725,0.019214164465665817,0.04787531495094299,0.02055344358086586,0.051161132752895355
pendulum,dispersion,greedy_diverse,1.0,0,100,48770,0.831934273977496,0.4260200943202789,0.7122324159021407,0.0,1.0,0.28776758409785935,0.4260200943202789,0.0,0.32744091749191284,0.2796477675437927,0.5772207379341125,0.08534032106399536,0.056695275008678436,0.12014498561620712,1.1652090549468994,1.4153194427490234,2.0582733154296875,0.08909761160612106,0.06372982263565063,0.14800265431404114,0.07229922711849213,0.05949513986706734,0.11654618382453918,0.15281341969966888,0.08698737621307373,0.17297154664993286,0.1884559541940689,0.14834924042224884,0.3121928870677948,0.04976209998130798,0.038586173206567764,0.0799323320388794,0.34369561076164246,0.06957246363162994,2.059391498565674
pendulum,dispersion,greedy_diverse,1.0,1,200,48770,0.9202055720854747,0.22956735698175107,0.8522044088176353,0.0,1.0,0.14779559118236474,0.2290957555874513,0.00047160139429977446,0.26659342646598816,0.22654515504837036,0.4317421019077301,0.05360572040081024,0.03690807521343231,0.08008763939142227,0.9222450256347656,0.6739209294319153,2.0180466175079346,0.06950604170560837,0.052736859768629074,0.12050840258598328,0.06084298714995384,0.048288390040397644,0.09809479117393494,0.10688503831624985,0.08104168623685837,0.14600463211536407,0.19787995517253876,0.15378712117671967,0.3326559066772461,0.03227313607931137,0.025995388627052307,0.053138118237257004,0.5214866995811462,0.06684772670269012,2.0599093437194824
pendulum,dispersion,greedy_diverse,1.0,2,300,48770,0.911366613302285,0.17826532704531475,0.8377631109525508,0.0002771618625277162,0.9997228381374723,0.16223688904744915,0.17635841705966782,0.0019069099856469142,0.2488185316324234,0.20318329334259033,0.4207281172275543,0.044917214661836624,0.027965817600488663,0.05845077708363533,0.8288312554359436,0.4383239448070526,2.025116443634033,0.0793188214302063,0.049819860607385635,0.1550581008195877,0.05454825237393379,0.04150484874844551,0.08507783710956573,0.14767131209373474,0.08576744794845581,0.16931673884391785,0.19928637146949768,0.15846267342567444,0.32623931765556335,0.022837605327367783,0.017802484333515167,0.0352015495300293,0.5473479628562927,0.07143590599298477,2.0701353549957275
pendulum,dispersion,greedy_diverse,1.0,3,400,48770,0.9535768042462173,0.17188845601804387,0.914318268135207,0.0016163397252222467,0.9983836602747778,0.08568173186479301,0.17024810334221857,0.0016403526758253025,0.19583967328071594,0.15519466996192932,0.34487029910087585,0.03522612899541855,0.02257344126701355,0.046466559171676636,0.5457862615585327,0.20554442703723907,1.9134880304336548,0.07576502114534378,0.04848580062389374,0.14003963768482208,0.0418439581990242,0.031908705830574036,0.059522464871406555,0.14301544427871704,0.08439171314239502,0.15182828903198242,0.1445520520210266,0.10928542166948318,0.24428650736808777,0.01717737689614296,0.012137440964579582,0.024097301065921783,0.26391756534576416,0.056591592729091644,1.462524652481079
pendulum,dispersion,greedy_diverse,1.0,4,500,48770,0.9104351499788761,0.38886610621283574,0.8357572231917781,4.057124310288867e-05,0.9999594287568971,0.16424277680822183,0.38751281525527986,0.0013532909575558745,0.23867930471897125,0.19179190695285797,0.4168250262737274,0.10430711507797241,0.07681822776794434,0.14032362401485443,0.623727023601532,0.32272738218307495,1.9744818210601807,0.14344215393066406,0.10370955616235733,0.2936874330043793,0.10933299362659454,0.1005663275718689,0.1611787974834442,0.21908417344093323,0.1414167582988739,0.24502290785312653,0.17988121509552002,0.1305248737335205,0.33862408995628357,0.05576889216899872,0.0462542325258255,0.0777716338634491,0.43210652470588684,0.07965247333049774,2.084456205368042
pendulum,dispersion,greedy_diverse,1.0,5,600,48770,0.9654833487511563,0.06118515480828378,0.952758601015576,0.012951626030645104,0.9870483739693549,0.04724139898442403,0.05835554644248513,0.0028296083657986465,0.1414642184972763,0.12088476866483688,0.24297352135181427,0.018550626933574677,0.013057537376880646,0.024465935304760933,0.26624542474746704,0.09903234243392944,1.1368837356567383,0.08654369413852692,0.07669999450445175,0.14062067866325378,0.029444120824337006,0.022729292511940002,0.04528482258319855,0.11717629432678223,0.0869014635682106,0.13713249564170837,0.10817473381757736,0.08226409554481506,0.18517671525478363,0.008843372575938702,0.007902463898062706,0.012226840481162071,0.12996064126491547,0.046159811317920685,0.10148463398218155
pendulum,dispersion,greedy_diverse,1.0,6,700,48770,0.986802092202895,0.05815050235800697,0.9740064833713531,3.415767181308922e-05,0.9999658423281869,0.025993516628646896,0.0550338322739389,0.0031166700840680748,0.08445660024881363,0.06633350253105164,0.1550130695104599,0.015480173751711845,0.012753932736814022,0.02351408079266548,0.11599164456129074,0.0634513720870018,0.14184974133968353,0.040996599942445755,0.028364043682813644,0.07789835333824158,0.023820340633392334,0.018171411007642746,0.03531269729137421,0.08584558963775635,0.06573307514190674,0.12028086930513382,0.0630180761218071,0.048554107546806335,0.11075529456138611,0.010780105367302895,0.008667580783367157,0.016252193599939346,0.059540361166000366,0.03327889367938042,0.07384442538022995
pendulum,dispersion,greedy_diverse,1.0,7,800,48770,0.9917861538021235,0.03498052081197457,0.986057363988163,0.0014241150142411502,0.9985758849857589,0.013942636011837014,0.02870617182694279,0.006274348985031782,0.06141181290149689,0.04406261071562767,0.12100276350975037,0.01704195700585842,0.012141265906393528,0.024134015664458275,0.07830973714590073,0.05527963116765022,0.10637141019105911,0.0462038479745388,0.03134773671627045,0.09304195642471313,0.028583502396941185,0.019624896347522736,0.040247052907943726,0.0803462341427803,0.06044691428542137,0.10922286659479141,0.04996020346879959,0.03392118215560913,0.0960361510515213,0.010045948438346386,0.008029205724596977,0.015925545245409012,0.06218312680721283,0.04016304016113281,0.07886666059494019
pendulum,dispersion,greedy_diverse,1.0,8,900,48770,0.9965451718776991,0.04074225958581095,0.9954561141148051,0.001394700139470014,0.99860529986053,0.004543885885194984,0.03305310641787985,0.0076891531679311054,0.07341165095567703,0.04857731610536575,0.15658774971961975,0.026448875665664673,0.01922275498509407,0.03686191886663437,0.10465961694717407,0.05319572612643242,0.11330927163362503,0.04733153060078621,0.031768959015607834,0.08896206319332123,0.027751125395298004,0.020207438617944717,0.0385383740067482,0.0878007560968399,0.060195326805114746,0.09693394601345062,0.060851678252220154,0.03405676409602165,0.13967029750347137,0.023232365027070045,0.017590215429663658,0.03386270999908447,0.08606933057308197,0.04522830247879028,0.1072351410984993
pendulum,dispersion,greedy_diverse,1.0,9,1000,48770,0.9977905435262925,0.025774041418905064,0.9969645123903085,0.0008505137102810097,0.999149486289719,0.0030354876096914843,0.02095550543366824,0.004818535985236826,0.06672178208827972,0.04060890153050423,0.14611917734146118,0.024968478828668594,0.0176730677485466,0.038166482001543045,0.10010092705488205,0.05297838896512985,0.11427056044340134,0.04342099651694298,0.030173977836966515,0.07471272349357605,0.026422111317515373,0.018513713032007217,0.037290483713150024,0.08708741515874863,0.06458178907632828,0.09498480707406998,0.06198931485414505,0.03155161067843437,0.14938530325889587,0.022705543786287308,0.016612377017736435,0.03707599267363548,0.09083892405033112,0.04113167151808739,0.11166803538799286
pendulum,dispersion,greedy_diverse,1.0,10,1100,48770,0.9971628522791752,0.013922493336067255,0.9964359002052058,0.0013187705001183512,0.9986812294998817,0.003564099794794254,0.011974574533524707,0.0019479188025425466,0.06241483986377716,0.03320971876382828,0.1468740999698639,0.020334504544734955,0.014511777088046074,0.031539436429739,0.0972975566983223,0.049346115440130234,0.10115157812833786,0.04661141708493233,0.029210107401013374,0.09567870199680328,0.024095885455608368,0.017063388600945473,0.0363849475979805,0.08548660576343536,0.05793656408786774,0.09591637551784515,0.059625137597322464,0.02815661020576954,0.14624156057834625,0.018116340041160583,0.012603524141013622,0.026382500305771828,0.09160704165697098,0.03634680435061455,0.09035640954971313
pendulum,dispersion,greedy_diverse,1.0,11,1200,48770,0.9997265817247225,0.01753126922288292,0.9997812534179153,0.00020250430321644335,0.9997974956967836,0.00021874658208465494,0.011810539265942178,0.005720729956940742,0.04475904628634453,0.028118645772337914,0.09569390118122101,0.016751505434513092,0.012581437826156616,0.026859823614358902,0.06609489768743515,0.03608817234635353,0.07533302903175354,0.030919406563043594,0.02353728376328945,0.05321449786424637,0.01813853532075882,0.013173405081033707,0.02566303312778473,0.0709344670176506,0.06074715778231621,0.08909148722887039,0.03739367425441742,0.01839531399309635,0.08674858510494232,0.016056982800364494,0.012218115851283073,0.026608379557728767,0.04707163944840431,0.02611791156232357,0.054555218666791916
pendulum,dispersion,greedy_diverse,1.0,12,1300,48770,0.999484102202069,0.021632150912446177,0.9992399153048482,0.00017067176406335336,0.9998293282359366,0.0007600846951517455,0.01835144556079557,0.003280705351650605,0.0454980842769146,0.029550088569521904,0.09777762740850449,0.017475778236985207,0.013085233978927135,0.02783707156777382,0.07288580387830734,0.04735834524035454,0.08816879242658615,0.03522874787449837,0.02716938778758049,0.0632437989115715,0.022699467837810516,0.01755625754594803,0.03629346191883087,0.07412703335285187,0.06445815414190292,0.08889497816562653,0.038456518203020096,0.02057809755206108,0.08852651715278625,0.014660948887467384,0.010943913832306862,0.022842247039079666,0.05461939051747322,0.02868964895606041,0.0686168223619461
pendulum,dispersion,greedy_diverse,1.0,13,1400,48770,0.9985535972571917,0.005167110928849703,0.9976984424342985,0.00036869448634154514,0.9996313055136584,0.0023015575657014398,0.0015173262251384047,0.003649784703711298,0.035711679607629776,0.02272886224091053,0.07490742951631546,0.01168941892683506,0.008778229355812073,0.016998255625367165,0.055690933018922806,0.03576461970806122,0.07398978620767593,0.03388339281082153,0.024535223841667175,0.06429393589496613,0.01910906843841076,0.014084827154874802,0.029064124450087547,0.07085070759057999,0.05894872918725014,0.09650219976902008,0.030380133539438248,0.016429077833890915,0.066872738301754,0.009683582931756973,0.007690484635531902,0.014683183282613754,0.035170529037714005,0.02001180686056614,0.03935548663139343
pendulum,dispersion,greedy_diverse,1.0,14,1500,48770,0.999488683764364,0.008242772196022145,0.9994617868675996,0.00030213508795488115,0.9996978649120452,0.0005382131324004305,0.001230264506868977,0.007012507689153168,0.033434152603149414,0.020210610702633858,0.07260353863239288,0.01013574656099081,0.007647981401532888,0.01668933965265751,0.05292825028300285,0.03037896379828453,0.06406400352716446,0.02938779443502426,0.022230101749300957,0.052566785365343094,0.014415735378861427,0.010878829285502434,0.022533990442752838,0.06990381330251694,0.057812564074993134,0.09242921322584152,0.02578870952129364,0.011746222153306007,0.060546744614839554,0.008787764236330986,0.006813216023147106,0.014845388010144234,0.030132384970784187,0.017545918002724648,0.036799974739551544
pendulum,dispersion,greedy_diverse,1.0,15,1600,48770,0.9986981991755262,0.011564486364568383,0.9990775408323838,0.0010410719682976794,0.9989589280317023,0.000922459167616257,0.007730161984826738,0.0038343243797416444,0.039523664861917496,0.022232303395867348,0.08955010026693344,0.011449361220002174,0.008413269184529781,0.01767895743250847,0.05629822611808777,0.031212208792567253,0.06487113237380981,0.036825112998485565,0.024423830211162567,0.07542330771684647,0.015880988910794258,0.012151772156357765,0.025762660428881645,0.06677033752202988,0.05263509228825569,0.08132240921258926,0.033538080751895905,0.01401045173406601,0.08255721628665924,0.009563583880662918,0.007078046444803476,0.014267690479755402,0.03852016106247902,0.018476633355021477,0.04275040328502655
pendulum,dispersion,greedy_diverse,1.0,16,1700,48770,0.999543047603688,0.008775886815665369,0.9993550120935233,0.00016814070013787538,0.9998318592998622,0.0006449879064767535,0.003957350830428542,0.004818535985236826,0.0368812270462513,0.021751806139945984,0.08273283392190933,0.012821540236473083,0.009915214963257313,0.020010266453027725,0.05143925920128822,0.027849925681948662,0.0601179338991642,0.02933519333600998,0.019131412729620934,0.05850007385015488,0.01423950120806694,0.010876812040805817,0.02240428328514099,0.060634713619947433,0.04837537184357643,0.0735754519701004,0.030171072110533714,0.014238827861845493,0.0733717605471611,0.011973957531154156,0.009299814701080322,0.018589964136481285,0.031886130571365356,0.017713205888867378,0.0398087278008461
pendulum,dispersion,greedy_diverse,1.0,17,1800,48770,0.999277901099195,0.0063358622103752305,0.9991977322565118,0.00040317161671818305,0.9995968283832818,0.0008022677434882602,0.0023785113799466885,0.003957350830428542,0.03262848034501076,0.019373351708054543,0.07227028906345367,0.009623618796467781,0.007684682030230761,0.0156022347509861,0.04828673601150513,0.02970348298549652,0.059229716658592224,0.030518032610416412,0.022087519988417625,0.06069077551364899,0.016079284250736237,0.012092215940356255,0.025981443002820015,0.06109924986958504,0.052293404936790466,0.07704098522663116,0.025130780413746834,0.01082852203398943,0.060055967420339584,0.007769512943923473,0.0061700837686657906,0.01240620855242014,0.026816273108124733,0.013950427994132042,0.026971371844410896
pendulum,dispersion,greedy_diverse,1.0,18,1900,48770,0.9992217063417514,0.006950994463809719,0.9990876402082327,0.00040271159138197197,0.9995972884086181,0.0009123597917672946,0.0031166700840680748,0.0038343243797416444,0.0321255624294281,0.018437275663018227,0.07086586207151413,0.009638503193855286,0.0077135032042860985,0.01544666662812233,0.04474607855081558,0.025070810690522194,0.054885510355234146,0.02757195755839348,0.01861710287630558,0.054210055619478226,0.013457126915454865,0.010227718390524387,0.02049487829208374,0.05444914475083351,0.04335242509841919,0.0727732852101326,0.026895912364125252,0.011728576384484768,0.0635286495089531,0.008526073768734932,0.006935073062777519,0.013481037691235542,0.029369425028562546,0.014342116191983223,0.029230717569589615
pendulum,dispersion,proportional,0.5,0,100,48770,0.8621521634228727,0.39768300184539673,0.7577042691546508,0.0,1.0,0.24229573084534917,0.39768300184539673,0.0,0.31022682785987854,0.2655622959136963,0.5448088049888611,0.07655596733093262,0.05222203955054283,0.11015357077121735,1.1264921426773071,1.245406985282898,2.0469212532043457,0.08908406645059586,0.06460362672805786,0.1414538323879242,0.07264389097690582,0.05867922306060791,0.11422732472419739,0.15069036185741425,0.09207157790660858,0.1754990518093109,0.18067340552806854,0.14315494894981384,0.3037552833557129,0.04680997505784035,0.03618723526597023,0.07471530884504318,0.3301413059234619,0.06802566349506378,2.047934055328369
pendulum,dispersion,proportional,0.5,1,200,48770,0.9942662817825932,0.1894197252409268,0.988597939765668,0.0,1.0,0.011402060234331997,0.18835349600164036,0.0010662292392864465,0.18889743089675903,0.12948305904865265,0.41339343786239624,0.05200809985399246,0.03654162585735321,0.07567780464887619,0.5724020004272461,0.12713271379470825,2.005272388458252,0.0696876049041748,0.046657633036375046,0.1390601396560669,0.050870854407548904,0.039407096803188324,0.08209237456321716,0.11938052624464035,0.0780494287610054,0.17211301624774933,0.1416320651769638,0.07522474974393845,0.3447928726673126,0.03849697858095169,0.027976809069514275,0.0538497269153595,0.39493659138679504,0.0639306828379631,2.089108943939209
pendulum,dispersion,proportional,0.5,2,300,48770,0.997625186592482,0.15702275989337708,0.9977605863192183,0.001402790415529269,0.9985972095844707,0.002239413680781759,0.15603854828788188,0.0009842116054951814,0.1443902552127838,0.10391832143068314,0.3008340001106262,0.03956042230129242,0.029104197397828102,0.06247401237487793,0.3939489424228668,0.11465226858854294,1.3678423166275024,0.058419547975063324,0.04762251675128937,0.09877674281597137,0.04202380031347275,0.034085001796483994,0.07068496942520142,0.09718763083219528,0.07673242688179016,0.1421407163143158,0.0929308608174324,0.046825528144836426,0.22787383198738098,0.02559306100010872,0.018825173377990723,0.03946336358785629,0.19858795404434204,0.051297627389431,0.3347337543964386
pendulum,dispersion,proportional,0.5,3,400,48770,0.9985163204747775,0.09700635636661882,0.9977761304670126,0.0004308642418584611,0.9995691357581415,0.002223869532987398,0.09610416239491491,0.0009021939717039164,0.1098911240696907,0.08127602934837341,0.22686262428760529,0.027110807597637177,0.01806439459323883,0.039548151195049286,0.23679472506046295,0.07532256096601486,0.6595730781555176,0.05219433456659317,0.03711531683802605,0.09583868086338043,0.03844859451055527,0.029679954051971436,0.06260604411363602,0.08875999599695206,0.0673430934548378,0.1301160305738449,0.06291098147630692,0.03154793754220009,0.15462759137153625,0.010737275704741478,0.008269095793366432,0.015522686764597893,0.1111031100153923,0.03280962258577347,0.14309296011924744
pendulum,dispersion,proportional,0.5,4,500,48770,0.9919181523746103,0.060282960836579864,0.9840249834844754,3.4271222454504955e-05,0.9999657287775455,0.015975016515524593,0.05876563461144146,0.0015173262251384047,0.09976884722709656,0.07013234496116638,0.2097613364458084,0.02396358735859394,0.016074925661087036,0.033551160246133804,0.1854710429906845,0.05814136192202568,0.26718348264694214,0.051045771688222885,0.03407517448067665,0.10027267038822174,0.03667549043893814,0.027544913813471794,0.057597558945417404,0.08487182855606079,0.060249678790569305,0.12017479538917542,0.07741022109985352,0.04710542783141136,0.17557395994663239,0.010108696296811104,0.00824514776468277,0.013814238831400871,0.141323521733284,0.031087704002857208,0.13185398280620575
pendulum,dispersion,proportional,0.5,5,600,48770,0.9897723332948111,0.053003895837605085,0.9831257533145842,0.0020860858076628885,0.9979139141923371,0.01687424668541583,0.0505023580069715,0.002501537830633586,0.09408928453922272,0.06717903167009354,0.19597168266773224,0.01970624551177025,0.014139367267489433,0.028800738975405693,0.16872911155223846,0.056257616728544235,0.20044605433940887,0.05594518035650253,0.03762960433959961,0.1070893406867981,0.03428893908858299,0.024867409840226173,0.05492202937602997,0.08682755380868912,0.05910647660493851,0.10976849496364594,0.06838881969451904,0.03970339149236679,0.15592865645885468,0.009018306620419025,0.0074533442966639996,0.013029856607317924,0.11158372461795807,0.027096301317214966,0.10033366084098816
pendulum,dispersion,proportional,0.5,6,700,48770,0.9911513637310014,0.24217756817715808,0.9824579506758848,0.0,1.0,0.01754204932411516,0.24078326840270659,0.0013942997744515071,0.14321701228618622,0.08241547644138336,0.3337259590625763,0.05726904422044754,0.0387132428586483,0.0865398645401001,0.3706684112548828,0.09567666053771973,1.9609066247940063,0.08640003949403763,0.05557497590780258,0.1672705113887787,0.06703992187976837,0.04722454398870468,0.10421686619520187,0.14628858864307404,0.09524063766002655,0.1853705495595932,0.11113341897726059,0.05471573770046234,0.27480441331863403,0.03747185319662094,0.02831028401851654,0.058689653873443604,0.2727937400341034,0.05797531083226204,1.408333420753479
pendulum,dispersion,proportional,0.5,7,800,48770,0.9938467891802601,0.18470371129792906,0.9888240611389596,0.00047113398325662303,0.9995288660167434,0.011175938861040348,0.18314537625589503,0.0015583350420340374,0.13449586927890778,0.0806300938129425,0.30348527431488037,0.058252524584531784,0.03817462548613548,0.08352307975292206,0.30839595198631287,0.10303229838609695,1.5143153667449951,0.0850084125995636,0.06030358746647835,0.16829995810985565,0.06907425075769424,0.05091055482625961,0.11230107396841049,0.13031068444252014,0.09887313097715378,0.20866847038269043,0.10583716630935669,0.05267200618982315,0.2528758943080902,0.033491283655166626,0.02644258923828602,0.055209510028362274,0.2416001856327057,0.06773652136325836,0.38108736276626587
pendulum,dispersion,proportional,0.5,8,900,48770,0.9835029027993333,0.3159934385892967,0.9728223788947009,0.0019539995929167514,0.9980460004070832,0.027177621105299067,0.31340988312487184,0.0025835554644248514,0.17382997274398804,0.12175401300191879,0.37426185607910156,0.08858345448970795,0.06707987189292908,0.15396620333194733,0.36061200499534607,0.1230342835187912,1.96738600730896,0.1222078949213028,0.08987811207771301,0.242661252617836,0.09292400628328323,0.07429984956979752,0.1624065488576889,0.15486197173595428,0.11285645514726639,0.21941855549812317,0.13396583497524261,0.08741770684719086,0.30618050694465637,0.07261109352111816,0.057315193116664886,0.13554617762565613,0.24399757385253906,0.0785265564918518,0.2545924782752991
pendulum,dispersion,proportional,0.5,9,1000,48770,0.9901661580196677,0.21090834529423827,0.9805238415043653,0.0,1.0,0.019476158495634655,0.1995899118310437,0.011318433463194586,0.14816780388355255,0.10182176530361176,0.32121604681015015,0.05842066556215286,0.04228165000677109,0.08626773208379745,0.3493178188800812,0.1129835993051529,1.9132789373397827,0.09844867140054703,0.07048418372869492,0.19063885509967804,0.0789603441953659,0.06396439671516418,0.11268968880176544,0.14877988398075104,0.1124899834394455,0.20931106805801392,0.12476076930761337,0.07791287451982498,0.28818488121032715,0.040112800896167755,0.0305087361484766,0.06544242799282074,0.30075109004974365,0.06287339329719543,1.9472192525863647
pendulum,dispersion,proportional,0.5,10,1100,48770,0.9779514074708338,0.21595242977240106,0.9571548292478526,0.00010455876202425763,0.9998954412379757,0.0428451707521475,0.21035472626614724,0.005597703506253844,0.16959841549396515,0.10488977283239365,0.3842496871948242,0.06275756657123566,0.04245007783174515,0.0818154588341713,0.46319761872291565,0.10112031549215317,2.052905559539795,0.1286594718694687,0.056442514061927795,0.2938917279243469,0.08029212057590485,0.04186263680458069,0.09521064907312393,0.27386537194252014,0.10532015562057495,1.015905737876892,0.15457481145858765,0.09709133207798004,0.3628099858760834,0.04941181838512421,0.038186270743608475,0.06753963232040405,0.42867013812065125,0.0682942122220993,2.078247547149658
pendulum,dispersion,proportional,0.5,11,1200,48770,0.9942127319896228,0.285605905269633,0.999297964095878,0.004382790510655408,0.9956172094893446,0.0007020359041219537,0.2825302440024605,0.003075661267172442,0.19360005855560303,0.1360102891921997,0.4068264067173004,0.09097080677747726,0.059368256479501724,0.13291439414024353,0.4572088420391083,0.1998915672302246,1.9643487930297852,0.14477188885211945,0.10365381091833115,0.28145530819892883,0.10269433259963989,0.07487277686595917,0.16128592193126678,0.22958604991436005,0.131475031375885,0.25921186804771423,0.1369287073612213,0.07370012998580933,0.3260003924369812,0.0470481812953949,0.036547817289829254,0.072146475315094,0.3665204644203186,0.0714862197637558,2.072634696960449
pendulum,dispersion,proportional,0.5,12,1300,48770,0.9922005892888094,0.04342833709247488,0.9851996328591097,0.0004106776180698152,0.9995893223819302,0.014800367140890317,0.040065614107033014,0.00336272298544187,0.10242161899805069,0.05939864367246628,0.2387290596961975,0.03748133033514023,0.028484446927905083,0.05452822893857956,0.22246673703193665,0.06562306731939316,0.24686652421951294,0.0779430940747261,0.045336391776800156,0.1680724322795868,0.04826396703720093,0.04053175821900368,0.06903928518295288,0.12269151210784912,0.06910025328397751,0.12314258515834808,0.08953578770160675,0.04781739041209221,0.21718880534172058,0.02647284045815468,0.022246528416872025,0.0423910990357399,0.1935102790594101,0.049438491463661194,0.14596760272979736
pendulum,dispersion,proportional,0.5,13,1400,48770,0.9969663719098948,0.09858519581710068,0.9945911139729555,0.00035171637591446255,0.9996482836240855,0.00540888602704443,0.09606315357801927,0.0025220422390814026,0.11906631290912628,0.07392404228448868,0.2637275159358978,0.0537099614739418,0.041926443576812744,0.08323782682418823,0.2436559796333313,0.08812734484672546,0.3529811203479767,0.08395712077617645,0.05197718366980553,0.17946797609329224,0.05787818133831024,0.04340994730591774,0.09428063035011292,0.12806496024131775,0.08727791905403137,0.17549502849578857,0.10141885280609131,0.058655619621276855,0.23012606799602509,0.04576689377427101,0.03806251659989357,0.06915058195590973,0.18733856081962585,0.06865641474723816,0.15460573136806488
pendulum,dispersion,proportional,0.5,14,1500,48770,0.990354674565201,0.1843551363543162,0.9811150402528026,0.00011325883418906675,0.9998867411658109,0.018884959747197352,0.1814640147631741,0.0028911215911420957,0.1782078742980957,0.10828045755624771,0.4086531698703766,0.07207414507865906,0.04554037004709244,0.09326651692390442,0.4935850501060486,0.12337972968816757,2.0565335750579834,0.11660682410001755,0.0694635733962059,0.23577584326267242,0.0827631875872612,0.06478221714496613,0.11475227028131485,0.1802164614200592,0.11041666567325592,0.1801644265651703,0.16344928741455078,0.09226064383983612,0.40442392230033875,0.045031607151031494,0.03275284543633461,0.06492696702480316,0.5066545009613037,0.07331392914056778,2.1060614585876465
pendulum,dispersion,proportional,0.5,15,1600,48770,0.9992763455450023,0.17765019479188027,0.9990955955503301,0.00020654755757513167,0.9997934524424249,0.0009044044496698924,0.0848882509739594,0.09276194381792086,0.11635148525238037,0.08163858205080032,0.24570083618164062,0.060152649879455566,0.04548141360282898,0.09855879843235016,0.18512964248657227,0.11289946734905243,0.2252892106771469,0.08847028762102127,0.07346555590629578,0.1365620493888855,0.08325430005788803,0.07251882553100586,0.12486638873815536,0.12745916843414307,0.1136423647403717,0.1747894436120987,0.09583733975887299,0.055591851472854614,0.2261563241481781,0.04672912135720253,0.03592107445001602,0.08059101551771164,0.16162005066871643,0.06486677378416061,0.15897177159786224
pendulum,dispersion,proportional,0.5,16,1700,48770,0.9932616408592095,0.01642403116670084,0.9878549154767766,0.0007746716066015494,0.9992253283933985,0.012145084523223371,0.004551978675415214,0.011872052491285626,0.05484338477253914,0.031053077429533005,0.12994864583015442,0.012935744598507881,0.009654784575104713,0.01934930309653282,0.07589847594499588,0.038950394839048386,0.08129337430000305,0.04131639748811722,0.027444742619991302,0.08216236531734467,0.026460617780685425,0.01845269650220871,0.03754929453134537,0.07234034687280655,0.054749857634305954,0.08611835539340973,0.04879253730177879,0.021831057965755463,0.12533821165561676,0.00755951926112175,0.006438374985009432,0.013007056899368763,0.05755917727947235,0.02172408066689968,0.05051099509000778
pendulum,dispersion,proportional,0.5,17,1800,48770,0.9902116478503162,0.028685667418494976,0.9806691449814127,3.3460483169376966e-05,0.9999665395168307,0.019330855018587362,0.0005536190280910396,0.028132048390403938,0.05007384344935417,0.027283653616905212,0.11852503567934036,0.01459154300391674,0.011592415161430836,0.023319408297538757,0.06959136575460434,0.03949018195271492,0.08632632344961166,0.032181814312934875,0.023176906630396843,0.0559208057820797,0.019725320860743523,0.014762216247618198,0.03092309646308422,0.06801047176122665,0.05554245412349701,0.09309003502130508,0.05434977635741234,0.026568982750177383,0.13669109344482422,0.012352378107607365,0.010027168318629265,0.019713357090950012,0.05897987633943558,0.02509521134197712,0.05831056088209152
pendulum,dispersion,proportional,0.5,18,1900,48770,0.9966211337973258,0.03836374820586426,0.9937226445519466,0.00027086507533434907,0.9997291349246656,0.006277355448053444,0.011113389378716424,0.027250358827147835,0.06531132757663727,0.04281453788280487,0.14304719865322113,0.021025637164711952,0.015002943575382233,0.030734367668628693,0.08607598394155502,0.045452218502759933,0.10099849849939346,0.04311675205826759,0.028167277574539185,0.07954557985067368,0.028889715671539307,0.020362790673971176,0.03796248883008957,0.07736387848854065,0.057185474783182144,0.09818988293409348,0.05996420979499817,0.03617003187537193,0.13974185287952423,0.015244603157043457,0.011994902044534683,0.024129420518875122,0.07250511646270752,0.03153858706355095,0.08927065134048462
pendulum,dispersion,proportional,1.0,0,100,48770,0.831934273977496,0.4260200943202789,0.7122324159021407,0.0,1.0,0.28776758409785935,0.4260200943202789,0.0,0.32744091749191284,0.2796477675437927,0.5772207379341125,0.08534032106399536,0.056695275008678436,0.12014498561620712,1.1652090549468994,1.4153194427490234,2.0582733154296875,0.08909761160612106,0.06372982263565063,0.14800265431404114,0.07229922711849213,0.05949513986706734,0.11654618382453918,0.15281341969966888,0.08698737621307373,0.17297154664993286,0.1884559541940689,0.14834924042224884,0.3121928870677948,0.04976209998130798,0.038586173206567764,0.0799323320388794,0.34369561076164246,0.06957246363162994,2.059391498565674
pendulum,dispersion,proportional,1.0,1,200,48770,0.9016075924849893,0.3394299774451507,0.8208428848527597,0.0,1.0,0.17915711514724034,0.3394299774451507,0.0,0.28954559564590454,0.2289256602525711,0.5526292324066162,0.09012476354837418,0.057255081832408905,0.12196225672960281,0.9256541728973389,0.32540637254714966,2.058547019958496,0.101117342710495,0.06979533284902573,0.17447958886623383,0.08189651370048523,0.060919374227523804,0.12027609348297119,0.1782747060060501,0.11108262836933136,0.2179427444934845,0.21549756824970245,0.15538737177848816,0.40671098232269287,0.06431087851524353,0.04413117468357086,0.0907236859202385,0.531008243560791,0.08631148934364319,2.1055779457092285
pendulum,dispersion,proportional,1.0,2,300,48770,0.9365490196078432,0.15005126102111954,0.8857651509531934,0.002788602481141182,0.9972113975188588,0.11423484904680661,0.14943612876768506,0.0006151322534344885,0.20434193313121796,0.17361745238304138,0.3584889769554138,0.032438937574625015,0.023710230365395546,0.049526892602443695,0.6222695708274841,0.20307382941246033,1.9352715015411377,0.07466357946395874,0.053845856338739395,0.13689355552196503,0.04113362357020378,0.03100401535630226,0.06197653338313103,0.1295497715473175,0.08475030958652496,0.16542580723762512,0.17032697796821594,0.1419200599193573,0.2719620168209076,0.020046232268214226,0.015190551057457924,0.03135097771883011,0.3457726538181305,0.05765673145651817,2.033538818359375
pendulum,dispersion,proportional,1.0,3,400,48770,0.9677783683231463,0.11365593602624564,0.9404738846923624,0.0017304780445598098,0.9982695219554402,0.05952611530763768,0.11072380561820791,0.002932130408037728,0.19043345749378204,0.1504577398300171,0.3537200391292572,0.03563506528735161,0.02081228792667389,0.044958315789699554,0.5768464207649231,0.1355471909046173,2.009321689605713,0.07891662418842316,0.047593697905540466,0.1691458821296692,0.05105524882674217,0.031845420598983765,0.07006749510765076,0.12718679010868073,0.08201484382152557,0.16492627561092377,0.13724784553050995,0.09798253327608109,0.26744797825813293,0.01632300764322281,0.011954525485634804,0.023231815546751022,0.3254294693470001,0.04690418764948845,2.0363669395446777
pendulum,dispersion,proportional,1.0,4,500,48770,0.9650115231510581,0.04441254869797007,0.9326583743129881,0.00017053787646236228,0.9998294621235376,0.06734162568701187,0.041193356571662905,0.003219192126307156,0.12101200222969055,0.0900280773639679,0.2321668565273285,0.019543655216693878,0.013733724132180214,0.02751370146870613,0.23517777025699615,0.07513134181499481,0.4375247061252594,0.07085322588682175,0.03854484111070633,0.1591809242963791,0.04522878676652908,0.0311328936368227,0.06511452049016953,0.12798917293548584,0.08082367479801178,0.16141976416110992,0.11356311291456223,0.09266478568315506,0.19144420325756073,0.009606754407286644,0.008292337879538536,0.014000177383422852,0.14119189977645874,0.03439018130302429,0.1337585300207138
pendulum,dispersion,proportional,1.0,5,600,48770,0.9812139934875176,0.01433258150502358,0.9640689089417556,0.0006043107500167865,0.9993956892499832,0.03593109105824446,0.012138609801107238,0.002193971703916342,0.07412173599004745,0.05455959588289261,0.1386079341173172,0.015056371688842773,0.010564466007053852,0.02173963561654091,0.0839521735906601,0.04868481680750847,0.11419474333524704,0.051369279623031616,0.030751870945096016,0.11168037354946136,0.029839934781193733,0.020419325679540634,0.04317900910973549,0.0888441950082779,0.06569530069828033,0.12753340601921082,0.0730394572019577,0.056159671396017075,0.124746173620224,0.010678020305931568,0.008255375549197197,0.016064418479800224,0.0547637902200222,0.021525206044316292,0.06580637395381927
pendulum,dispersion,proportional,1.0,6,700,48770,0.9868884653150812,0.03307361082632766,0.9744496406980723,0.00020254531951524154,0.9997974546804848,0.025550359301927682,0.0293418084888251,0.003731802337502563,0.09827421605587006,0.06079282611608505,0.21570834517478943,0.031005803495645523,0.020749427378177643,0.04666322469711304,0.18354350328445435,0.07124488055706024,0.20611977577209473,0.06867273896932602,0.03898593783378601,0.1413058340549469,0.04116100072860718,0.025126107037067413,0.05099991708993912,0.1285216361284256,0.08993762731552124,0.1459702104330063,0.0891169086098671,0.054600320756435394,0.19617129862308502,0.026146044954657555,0.016540324315428734,0.03993525356054306,0.15159127116203308,0.0429709367454052,0.12959520518779755
pendulum,dispersion,proportional,1.0,7,800,48770,0.9967659059996977,0.053065409062948536,0.9951717061983222,0.0009117617262688684,0.9990882382737312,0.004828293801677832,0.0151117490260406,0.037953660036907935,0.06715241819620132,0.038496531546115875,0.14886626601219177,0.021632451564073563,0.014769189991056919,0.0335000678896904,0.11846534162759781,0.05811668932437897,0.11932220309972763,0.04755821079015732,0.03804144635796547,0.06351392716169357,0.02957989275455475,0.020096372812986374,0.03843173012137413,0.10888804495334625,0.09197278320789337,0.12026531994342804,0.055001404136419296,0.024783039465546608,0.13744506239891052,0.01689973846077919,0.01155208982527256,0.02637680247426033,0.08103518187999725,0.03055771440267563,0.08147911727428436
pendulum,dispersion,proportional,1.0,8,900,48770,0.9987752602571953,0.06294853393479598,0.9983473097875987,0.00044273405305997343,0.99955726594694,0.0016526902124012976,0.05860159934385893,0.004346934590937051,0.06273374706506729,0.033021479845047,0.14698722958564758,0.020248332992196083,0.014418942853808403,0.03050301969051361,0.10160265862941742,0.04868456348776817,0.10672979801893234,0.051957957446575165,0.028271682560443878,0.10663022100925446,0.027578147128224373,0.018400054425001144,0.03699291869997978,0.09791775047779083,0.06317920982837677,0.10767193138599396,0.05024070292711258,0.02293599583208561,0.12632298469543457,0.015589800663292408,0.011305104941129684,0.02368863672018051,0.07527683675289154,0.032566070556640625,0.08216504752635956
pendulum,dispersion,proportional,1.0,9,1000,48770,0.9981700753498386,0.014742669673979907,0.9991918538871828,0.0017972193964055612,0.9982027806035945,0.0008081461128171974,0.009965142505638713,0.004777527168341194,0.05876416712999344,0.03258855268359184,0.13341024518013,0.01876503974199295,0.013951607048511505,0.029581302776932716,0.09571642428636551,0.04944688826799393,0.09545931965112686,0.04770208150148392,0.03483714535832405,0.0901835486292839,0.0234605073928833,0.017247047275304794,0.03333998844027519,0.09243165701627731,0.07520265877246857,0.10433360934257507,0.04913594573736191,0.020103467628359795,0.12074217945337296,0.01683725230395794,0.012228671461343765,0.026981070637702942,0.07555495202541351,0.025533828884363174,0.07008155435323715
pendulum,dispersion,proportional,1.0,10,1100,48770,0.9975759835912735,0.0025835554644248514,0.9978151976979645,0.0016734721199544815,0.9983265278800455,0.002184802302035596,0.0010867336477342628,0.0014968218166905884,0.04181947559118271,0.026148885488510132,0.0883459597826004,0.01612108014523983,0.011736985296010971,0.025493372231721878,0.07417262345552444,0.04431688040494919,0.08005307614803314,0.045245859771966934,0.034111347049474716,0.08335483819246292,0.019065193831920624,0.013404449447989464,0.023559264838695526,0.09841656684875488,0.08296795934438705,0.11473336070775986,0.03664998337626457,0.01847301982343197,0.08519547432661057,0.015588276088237762,0.011394480243325233,0.02588888257741928,0.042046211659908295,0.021287932991981506,0.05197934806346893
pendulum,dispersion,proportional,1.0,11,1200,48770,0.9991387214180536,0.021037523067459502,0.9997220060046703,0.0008737146313596344,0.9991262853686403,0.00027799399532970085,0.017203198687717858,0.0038343243797416444,0.04063974320888519,0.02273046411573887,0.09201307594776154,0.013937067240476608,0.010351227596402168,0.02282203733921051,0.06688583642244339,0.03978849947452545,0.08766623586416245,0.04415709525346756,0.029243825003504753,0.09055093675851822,0.02006496861577034,0.014520959928631783,0.030678754672408104,0.08914492279291153,0.07000119984149933,0.1201104149222374,0.030627412721514702,0.012813488021492958,0.07612960785627365,0.012148210778832436,0.009110832586884499,0.020530004054307938,0.037357766181230545,0.01854352280497551,0.04227575659751892
pendulum,dispersion,proportional,1.0,12,1300,48770,0.9979440899260407,0.005228624154193152,0.9977043403982703,0.001141552511415525,0.9988584474885844,0.0022956596017297526,0.0031781833094115235,0.002050440844781628,0.05219688639044762,0.02860659919679165,0.11880684643983841,0.020387671887874603,0.015653260052204132,0.03353162109851837,0.08293284475803375,0.04673321172595024,0.1055544838309288,0.04585722088813782,0.031535714864730835,0.09488669037818909,0.024226345121860504,0.018325278535485268,0.03613938018679619,0.08616963028907776,0.06710849702358246,0.1250118762254715,0.05206453427672386,0.02365102246403694,0.1256171464920044,0.019444920122623444,0.014859577640891075,0.032585300505161285,0.06797617673873901,0.026921259239315987,0.07120879739522934
pendulum,dispersion,proportional,1.0,13,1400,48770,0.9979785083519523,0.004387943407832684,0.9995737425404945,0.002282798442325769,0.9977172015576742,0.00042625745950554135,0.0028091039573508304,0.0015788394504818535,0.04129217937588692,0.023876935243606567,0.09308438003063202,0.016639046370983124,0.013154825195670128,0.02576037123799324,0.05955011397600174,0.03734249621629715,0.07626677304506302,0.041364531964063644,0.02889079973101616,0.08498382568359375,0.01729832962155342,0.014056447893381119,0.025469768792390823,0.0701509565114975,0.05535411462187767,0.09437038749456406,0.037700921297073364,0.0183035209774971,0.09052072465419769,0.016277611255645752,0.012763407081365585,0.02571272850036621,0.04438287019729614,0.02421214058995247,0.056755613535642624
pendulum,dispersion,proportional,1.0,14,1500,48770,0.9981954248712914,0.0017223703096165676,0.9995216836734694,0.001975225979243388,0.9980247740207566,0.00047831632653061223,0.00038958376050850934,0.0013327865491080582,0.03447457030415535,0.020694907754659653,0.07438533008098602,0.014191972091794014,0.010867196135222912,0.023742979392409325,0.05129653587937355,0.03307780250906944,0.06461330503225327,0.037960201501846313,0.026031464338302612,0.07538224756717682,0.015947256237268448,0.011774292215704918,0.02471032924950123,0.06496261060237885,0.052572011947631836,0.07953831553459167,0.02975124679505825,0.015413294546306133,0.06837639212608337,0.013659629970788956,0.010581616312265396,0.02332097478210926,0.036479294300079346,0.023013807833194733,0.05282030254602432
pendulum,dispersion,proportional,1.0,15,1600,48770,0.9989105567055235,0.011195407012507689,0.998149357718267,0.00020099155835454912,0.9997990084416455,0.001850642281733072,0.0071355341398400655,0.004059872872667624,0.036941707134246826,0.0213761106133461,0.08181857317686081,0.013878562487661839,0.010985435917973518,0.022051487118005753,0.057779960334300995,0.03670702874660492,0.07697080075740814,0.031752847135066986,0.022441156208515167,0.06339789927005768,0.017269520089030266,0.012665987014770508,0.026915334165096283,0.06498995423316956,0.05479573458433151,0.09444589912891388,0.03496701642870903,0.01720276102423668,0.08157933503389359,0.012920797802507877,0.010531524196267128,0.02067909948527813,0.04064105823636055,0.02219575084745884,0.046637315303087234
pendulum,dispersion,proportional,1.0,16,1700,48770,0.9989107622007918,0.0011277424646298955,0.9989903820606834,0.0007358843992507359,0.9992641156007492,0.001009617939316648,8.201763379126513e-05,0.0010457248308386304,0.02835839055478573,0.01710234396159649,0.05913975089788437,0.009953677654266357,0.007705021649599075,0.015845052897930145,0.046230632811784744,0.02906947396695614,0.05745367705821991,0.0306076742708683,0.021304085850715637,0.05790059268474579,0.012719890102744102,0.009614753536880016,0.01916767656803131,0.06166069582104683,0.05042030289769173,0.08212496340274811,0.025082793086767197,0.012876931577920914,0.05629666894674301,0.009172212332487106,0.007182263303548098,0.01468675211071968,0.028369417414069176,0.01552099920809269,0.034174397587776184
pendulum,dispersion,proportional,1.0,17,1800,48770,0.9986675904706072,0.0025835554644248514,0.9990935750466542,0.0011040851149252233,0.9988959148850748,0.0009064249533457745,0.0011277424646298955,0.001455812999794956,0.0312514491379261,0.018064798787236214,0.06814444810152054,0.011381048709154129,0.008848120458424091,0.018098879605531693,0.04624322056770325,0.0273112952709198,0.053491391241550446,0.03242456167936325,0.02301628328859806,0.06300263106822968,0.01492215320467949,0.01138881966471672,0.02339559979736805,0.06097950413823128,0.0511731281876564,0.07564147561788559,0.028024692088365555,0.01279532816261053,0.06638719886541367,0.01046217791736126,0.008137919940054417,0.01651829294860363,0.028536677360534668,0.016541825607419014,0.03335991129279137
pendulum,dispersion,proportional,1.0,18,1900,48770,0.9989260044612123,0.01625999589911831,0.9991186029857324,0.0007711909871244635,0.9992288090128756,0.0008813970142676141,0.013266352265737134,0.0029936436333811768,0.0351690948009491,0.020095638930797577,0.07972971349954605,0.011465886607766151,0.008791541680693626,0.018494863063097,0.049618057906627655,0.029804546386003494,0.061608001589775085,0.029933972284197807,0.020467741414904594,0.06125396862626076,0.012045037001371384,0.008943287655711174,0.018189094960689545,0.057500530034303665,0.04888312891125679,0.0794135108590126,0.03244762122631073,0.014161181636154652,0.07922117412090302,0.011076701804995537,0.008526504039764404,0.018234554678201675,0.03481884300708771,0.01808977499604225,0.04251835122704506
pendulum,entropy,greedy_diverse,0.5,0,100,48770,0.8525957972805933,0.3940742259585811,0.7430649070832211,0.0,1.0,0.2569350929167789,0.3940742259585811,0.0,0.3161359131336212,0.2688165605068207,0.5606136918067932,0.07804478704929352,0.05413585901260376,0.1133141741156578,1.139876365661621,1.3369768857955933,2.056396245956421,0.09630018472671509,0.06470614671707153,0.16517913341522217,0.07607599347829819,0.05991647019982338,0.11801662296056747,0.1697174459695816,0.09006558358669281,0.19673021137714386,0.18367503583431244,0.14315544068813324,0.3118731677532196,0.04543796926736832,0.035707175731658936,0.07392378151416779,0.35344797372817993,0.06950857490301132,2.0582334995269775
pendulum,entropy,greedy_diverse,0.5,1,200,48770,0.9849023861171367,0.2403116670084068,0.9702538678519531,0.0,1.0,0.02974613214804684,0.2384252614312077,0.0018864055771990978,0.23714230954647064,0.1782025396823883,0.49810439348220825,0.061179932206869125,0.04140474274754524,0.08832252025604248,0.7491733431816101,0.23332273960113525,2.0451900959014893,0.07547686994075775,0.048742834478616714,0.15909048914909363,0.052409302443265915,0.041944317519664764,0.08422455191612244,0.13010452687740326,0.07186825573444366,0.1673431694507599,0.1777576357126236,0.11326950043439865,0.40819674730300903,0.04623837769031525,0.03240370377898216,0.06673496216535568,0.49325835704803467,0.07391951233148575,2.1408536434173584
pendulum,entropy,greedy_diverse,0.5,2,300,48770,0.9971954263876475,0.10840680746360468,0.9945288006393311,7.348618459729571e-05,0.9999265138154027,0.005471199360668839,0.10752511790034858,0.0008816895632561,0.1569582223892212,0.11129751056432724,0.33590176701545715,0.029760882258415222,0.022571057081222534,0.04674459621310234,0.4839963912963867,0.09393240511417389,1.9643936157226562,0.0426376573741436,0.03027554415166378,0.07742518186569214,0.027251850813627243,0.023166470229625702,0.0471065491437912,0.08323784172534943,0.056362587958574295,0.11323779076337814,0.1312652975320816,0.07754486799240112,0.30654656887054443,0.025355331599712372,0.01920710876584053,0.038877975195646286,0.36585572361946106,0.05628552660346031,2.0686099529266357
pendulum,entropy,greedy_diverse,0.5,3,400,48770,0.9980741134280782,0.13370924748820998,0.9961556306754159,0.0,1.0,0.003844369324584079,0.13307361082632765,0.0006356366618823047,0.158776193857193,0.12155335396528244,0.31560733914375305,0.0286443829536438,0.020479876548051834,0.043790027499198914,0.45954716205596924,0.08391203731298447,1.927091121673584,0.04163311421871185,0.03039270080626011,0.074290432035923,0.02888016402721405,0.022796928882598877,0.04693606495857239,0.0741780698299408,0.057259973138570786,0.11121206730604172,0.11881463974714279,0.06786905974149704,0.27922242879867554,0.019941983744502068,0.014451510272920132,0.029841171577572823,0.3107483685016632,0.04454449936747551,1.9386529922485352
pendulum,entropy,greedy_diverse,0.5,4,500,48770,0.9955070603337611,0.05513635431617798,0.9942887114633719,0.0019362423068944056,0.9980637576931056,0.005711288536628009,0.05407012507689153,0.0010662292392864465,0.11212356388568878,0.07910853624343872,0.23741024732589722,0.02387433871626854,0.015930641442537308,0.03369005024433136,0.24761730432510376,0.056937076151371,0.7972586154937744,0.043909940868616104,0.031108977273106575,0.08248935639858246,0.024029230698943138,0.017487138509750366,0.03583000972867012,0.07387423515319824,0.05316099151968956,0.10005637258291245,0.10737200826406479,0.06783363968133926,0.2354613095521927,0.019529400393366814,0.012684780173003674,0.025925617665052414,0.23011043667793274,0.04275939241051674,0.5645783543586731
pendulum,entropy,greedy_diverse,0.5,5,600,48770,0.9967441594790655,0.0531474266967398,0.9956067781137673,0.0012914034414156575,0.9987085965585843,0.00439322188623267,0.05210170186590117,0.0010457248308386304,0.10551811754703522,0.07402458041906357,0.22697971761226654,0.020580338314175606,0.01621953211724758,0.033518869429826736,0.23019208014011383,0.060332804918289185,0.6348077654838562,0.04085833579301834,0.029535455629229546,0.07391000539064407,0.022644324228167534,0.018438080325722694,0.03728989511728287,0.07356792688369751,0.05354883521795273,0.0868382379412651,0.09438827633857727,0.058100659400224686,0.21298275887966156,0.017114130780100822,0.013324351981282234,0.026133345440030098,0.1934717893600464,0.045019157230854034,0.34270721673965454
pendulum,entropy,greedy_diverse,0.5,6,700,48770,0.9966323945760691,0.0818535985236826,0.9932873945586314,0.0,1.0,0.006712605441368659,0.07311872052491286,0.008734877998769736,0.15231874585151672,0.09647466242313385,0.3483521044254303,0.03499387204647064,0.02426246367394924,0.05180733650922775,0.4565099775791168,0.0796361044049263,2.028055191040039,0.04904679208993912,0.03104393556714058,0.08704160153865814,0.03045623004436493,0.023014556616544724,0.04954462870955467,0.09767483919858932,0.059442512691020966,0.12292108684778214,0.13562308251857758,0.07204239070415497,0.3318156898021698,0.0315801203250885,0.023180726915597916,0.04872383922338486,0.38804176449775696,0.059798579663038254,2.063371419906616
pendulum,entropy,greedy_diverse,0.5,7,800,48770,0.9968539608632732,0.09183924543776913,0.9937276547701186,0.0,1.0,0.006272345229881453,0.05597703506253845,0.03586221037523067,0.12166660279035568,0.07919387519359589,0.2770465910434723,0.03491688147187233,0.0275405365973711,0.054891522973775864,0.29064393043518066,0.0673493966460228,1.579228162765503,0.04612954333424568,0.03145422413945198,0.07231415063142776,0.03238122537732124,0.02509983628988266,0.04952001944184303,0.0861535519361496,0.055958569049835205,0.09654563665390015,0.11888966709375381,0.07042790949344635,0.2841140925884247,0.03438017517328262,0.02772482857108116,0.05559172481298447,0.2916993498802185,0.05975627526640892,1.9306107759475708
pendulum,entropy,greedy_diverse,0.5,8,900,48770,0.9976335013890317,0.11099036292802952,0.9953462907199562,3.478865889719951e-05,0.9999652113411028,0.0046537092800438,0.058806643428337094,0.05218371949969244,0.12232640385627747,0.0767098218202591,0.2908817529678345,0.029645835980772972,0.020692912861704826,0.044066619127988815,0.3428507447242737,0.06425593048334122,1.9981173276901245,0.039782945066690445,0.027016518637537956,0.06002145633101463,0.022265257313847542,0.01756313070654869,0.035105276852846146,0.08672051131725311,0.059472933411598206,0.09548050165176392,0.12531287968158722,0.07159048318862915,0.3094116747379303,0.02912178449332714,0.019120249897241592,0.04247785359621048,0.37704700231552124,0.05474088713526726,2.0586888790130615
pendulum,entropy,greedy_diverse,0.5,9,1000,48770,0.9991991304845261,0.05452122206274349,0.999313461868528,0.0005588153115395362,0.9994411846884604,0.0006865381314720522,0.04455607955710478,0.009965142505638713,0.11961632966995239,0.074973464012146,0.2812024652957916,0.026534169912338257,0.018997251987457275,0.0396396741271019,0.3249148428440094,0.06397340446710587,1.931298017501831,0.04722648859024048,0.028091752901673317,0.09008517116308212,0.025436751544475555,0.018931999802589417,0.038768868893384933,0.09171444922685623,0.05413522198796272,0.09448297321796417,0.1172768622636795,0.06589263677597046,0.2923249900341034,0.023863885551691055,0.017728187143802643,0.03740573674440384,0.3405824303627014,0.05423685535788536,2.0585172176361084
pendulum,entropy,greedy_diverse,0.5,10,1100,48770,0.9965320708060674,0.05179413573918393,0.9930881115518693,0.0,1.0,0.006911888448130785,0.008898913266352266,0.04289522247283166,0.0738714337348938,0.0448915995657444,0.17425349354743958,0.01792447455227375,0.013315937481820583,0.0281753521412611,0.11811041831970215,0.04488948732614517,0.10590288043022156,0.027916107326745987,0.02079186588525772,0.04283362627029419,0.018016763031482697,0.014042575843632221,0.029292171820998192,0.06132417544722557,0.051073864102363586,0.0720621794462204,0.08584826439619064,0.04896746203303337,0.21146397292613983,0.015301619656383991,0.011633958667516708,0.02390204928815365,0.1943618804216385,0.0382259339094162,0.1708691418170929
pendulum,entropy,greedy_diverse,0.5,11,1200,48770,0.9977999661533256,0.043756407627639944,0.9983631540328498,0.0016943877727445625,0.9983056122272554,0.0016368459671501948,0.023969653475497232,0.019786754152142712,0.08600375056266785,0.05447099357843399,0.19668753445148468,0.022733915597200394,0.015800997614860535,0.03424455225467682,0.15345193445682526,0.054740555584430695,0.1544622778892517,0.038028787821531296,0.028202086687088013,0.06656451523303986,0.02174161747097969,0.01597684621810913,0.03401430323719978,0.0671471506357193,0.05167432129383087,0.08238468319177628,0.08536577224731445,0.042385634034872055,0.21352572739124298,0.02085139974951744,0.014605480246245861,0.030776526778936386,0.1769178807735443,0.04702765867114067,0.17017212510108948
pendulum,entropy,greedy_diverse,0.5,12,1300,48770,0.9991248541423571,0.34287471806438385,0.9987363919129082,0.00022977941176470588,0.9997702205882353,0.0012636080870917575,0.3415419315152758,0.0013327865491080582,0.22071050107479095,0.15842968225479126,0.47802266478538513,0.08057738840579987,0.06079732999205589,0.13233283162117004,0.6200701594352722,0.14550454914569855,2.047269344329834,0.09239274263381958,0.059407006949186325,0.18767431378364563,0.06322534382343292,0.0483349934220314,0.1062978208065033,0.16217687726020813,0.0988416075706482,0.2040400505065918,0.11650936305522919,0.07190802693367004,0.24326619505882263,0.07594244182109833,0.059566330164670944,0.13032296299934387,0.18887855112552643,0.07871399074792862,0.2061389535665512
pendulum,entropy,greedy_diverse,0.5,13,1400,48770,0.9907191285984217,0.019274143940947303,0.9820956368444248,0.00030325493631646336,0.9996967450636836,0.017904363155575143,0.004900553619028091,0.014373590321919212,0.06976675987243652,0.04262048006057739,0.16222941875457764,0.013339221477508545,0.010161250829696655,0.02097363956272602,0.1095075011253357,0.045818768441677094,0.10976852476596832,0.02287226915359497,0.01783008687198162,0.03505168855190277,0.010568056255578995,0.008542144671082497,0.018069971352815628,0.0555972121655941,0.04655737802386284,0.07019317895174026,0.09017742425203323,0.05270017683506012,0.21876533329486847,0.015427559614181519,0.011000684462487698,0.02328154444694519,0.21211403608322144,0.04324623569846153,0.20856937766075134
pendulum,entropy,greedy_diverse,0.5,14,1500,48770,0.9946657429857985,0.1836169776501948,0.9988868790872408,0.005424315081954326,0.9945756849180457,0.0011131209127591484,0.18045929874923108,0.003157678900963707,0.19159093499183655,0.13065771758556366,0.4269520938396454,0.06041082739830017,0.03710760176181793,0.08436113595962524,0.5666688084602356,0.13855062425136566,2.0736773014068604,0.09736283868551254,0.06399378925561905,0.20693540573120117,0.047786686569452286,0.03576810657978058,0.0776505246758461,0.18386760354042053,0.08389990031719208,0.21526148915290833,0.16931088268756866,0.09125646948814392,0.4114433526992798,0.05295737832784653,0.031845033168792725,0.06917237490415573,0.5184870958328247,0.069341741502285,2.1254591941833496
pendulum,entropy,greedy_diverse,0.5,15,1600,48770,0.99804471648389,0.04648349395119951,0.9987522686025408,0.0016279311419763777,0.9983720688580237,0.0012477313974591652,0.04431002665573098,0.0021734672954685256,0.08951971679925919,0.050074148923158646,0.20898020267486572,0.030692145228385925,0.023589815944433212,0.046794597059488297,0.1777777522802353,0.06309609860181808,0.15988723933696747,0.05350671708583832,0.038906630128622055,0.10033340752124786,0.03245342895388603,0.02728135883808136,0.04427190497517586,0.08611814677715302,0.06526496261358261,0.10042792558670044,0.08488383144140244,0.041467390954494476,0.21025511622428894,0.0284592118114233,0.021198730915784836,0.04622684046626091,0.18132422864437103,0.04649002104997635,0.15379031002521515
pendulum,entropy,greedy_diverse,0.5,16,1700,48770,0.9980046907270627,0.17633791265122,0.9981793992017366,0.0011974197535632894,0.9988025802464368,0.0018206007982634268,0.17551773631330736,0.0008201763379126512,0.11308600008487701,0.07691407948732376,0.2509596347808838,0.04617082327604294,0.03635074943304062,0.07781466841697693,0.20955917239189148,0.0926937609910965,0.2794102430343628,0.053885407745838165,0.04277297854423523,0.10214748978614807,0.03999871760606766,0.033022575080394745,0.07166902720928192,0.08169969916343689,0.06970806419849396,0.127566397190094,0.11270125210285187,0.07046633958816528,0.2616173326969147,0.04321251064538956,0.03354964777827263,0.07217749953269958,0.235944002866745,0.07359463721513748,0.2464464157819748
pendulum,entropy,greedy_diverse,0.5,17,1800,48770,0.9992920546751619,0.012528193561615747,0.998693806465658,6.714789323484976e-05,0.9999328521067652,0.001306193534342005,0.0010457248308386304,0.011482468730777117,0.0526554100215435,0.03218069672584534,0.1193934977054596,0.013644304126501083,0.009875936433672905,0.021734796464443207,0.06572210043668747,0.034408703446388245,0.07661514729261398,0.019851766526699066,0.015248557552695274,0.03131697326898575,0.00945622380822897,0.007849074900150299,0.016804799437522888,0.049709562212228775,0.0423092357814312,0.059727445244789124,0.06247246265411377,0.03481322154402733,0.1456633359193802,0.01702107861638069,0.012027869001030922,0.02756120264530182,0.0863112062215805,0.030382685363292694,0.08932606130838394
pendulum,entropy,greedy_diverse,0.5,18,1900,48770,0.9983369230349792,0.019581710067664546,0.9977656675749319,0.0006787714237230613,0.9993212285762769,0.00223433242506812,0.013594422800902194,0.0059872872667623535,0.07851539552211761,0.05263887718319893,0.17531879246234894,0.027280503883957863,0.022639786824584007,0.04330755025148392,0.10799313336610794,0.04983682185411453,0.11966025084257126,0.03660041466355324,0.025742173194885254,0.07236994057893753,0.02223469316959381,0.01823950558900833,0.03750436753034592,0.06302473694086075,0.047495853155851364,0.08720524609088898,0.08800049871206284,0.0559774786233902,0.20025651156902313,0.02998150885105133,0.02448984980583191,0.04626165330410004,0.14828914403915405,0.04816856235265732,0.14682859182357788
pendulum,entropy,greedy_diverse,1.0,0,100,48770,0.8525957972805933,0.3940742259585811,0.7430649070832211,0.0,1.0,0.2569350929167789,0.3940742259585811,0.0,0.3161359131336212,0.2688165605068207,0.5606136918067932,0.07804478704929352,0.05413585901260376,0.1133141741156578,1.139876365661621,1.3369768857955933,2.056396245956421,0.09630018472671509,0.06470614671707153,0.16517913341522217,0.07607599347829819,0.05991647019982338,0.11801662296056747,0.1697174459695816,0.09006558358669281,0.19673021137714386,0.18367503583431244,0.14315544068813324,0.3118731677532196,0.04543796926736832,0.035707175731658936,0.07392378151416779,0.35344797372817993,0.06950857490301132,2.0582334995269775
pendulum,entropy,greedy_diverse,1.0,1,200,48770,0.941092568820425,0.24465860159934386,0.888739224137931,0.0,1.0,0.11126077586206896,0.24465860159934386,0.0,0.30003491044044495,0.24577811360359192,0.5638200640678406,0.06432712823152542,0.043013378977775574,0.09039551764726639,1.071487545967102,0.86128830909729,2.0981526374816895,0.07370832562446594,0.050273701548576355,0.1299682855606079,0.055476173758506775,0.042300574481487274,0.08587487787008286,0.1361691802740097,0.09025619924068451,0.1718764454126358,0.24404381215572357,0.19257164001464844,0.4333813488483429,0.04849576577544212,0.03489489108324051,0.06767664849758148,0.7585702538490295,0.09612482786178589,2.1065261363983154
pendulum,entropy,greedy_diverse,1.0,2,300,48770,0.9833074131674442,0.18751281525527988,0.9697341513292433,0.0015628130635143259,0.9984371869364856,0.030265848670756646,0.18554439204428952,0.0019684232109903627,0.2573710083961487,0.22681213915348053,0.4373421370983124,0.05042634904384613,0.03665170073509216,0.08141464740037918,0.9380422830581665,0.5092195272445679,2.034893751144409,0.053751055151224136,0.04453779757022858,0.09246345609426498,0.04398428276181221,0.035443492233753204,0.07739607244729996,0.08098460733890533,0.06710637360811234,0.13598646223545074,0.16469183564186096,0.1340138465166092,0.29071640968322754,0.03786143660545349,0.02838149666786194,0.05717432498931885,0.3077254593372345,0.07410652190446854,2.027773141860962
pendulum,entropy,greedy_diverse,1.0,3,400,48770,0.981578702121711,0.18825097395940127,0.9762713959092876,0.008929334358711441,0.9910706656412885,0.023728604090712476,0.18443715398810745,0.0038138199712938283,0.2981370985507965,0.27908384799957275,0.4316778779029846,0.04199895262718201,0.03105265274643898,0.06556513905525208,1.3579869270324707,1.9083142280578613,2.080202341079712,0.06461223214864731,0.05372333526611328,0.10010814666748047,0.02473263628780842,0.01904248632490635,0.042966440320014954,0.07854340225458145,0.059247035533189774,0.12321822345256805,0.1726594716310501,0.16136640310287476,0.2358543425798416,0.03870357200503349,0.02944275736808777,0.060015175491571426,0.16663716733455658,0.07819938659667969,0.17289526760578156
pendulum,entropy,greedy_diverse,1.0,4,500,48770,0.9994695764188831,0.7925363953249949,0.9989397152378068,0.0,1.0,0.0010602847621932747,0.791962271888456,0.0005741234365388559,0.5599740147590637,0.5038039684295654,0.8381788730621338,0.1773950755596161,0.12234523147344589,0.26150602102279663,2.1429896354675293,2.150306463241577,2.4250404834747314,0.09784270823001862,0.06495572626590729,0.22403056919574738,0.07420682907104492,0.06022967770695686,0.1353663206100464,0.13931959867477417,0.0954892560839653,0.21536733210086823,0.13076643645763397,0.1115158423781395,0.1984446495771408,0.09492389857769012,0.07917007803916931,0.16422367095947266,0.1199948787689209,0.08742225915193558,0.19172097742557526
pendulum,entropy,greedy_diverse,1.0,5,600,48770,0.995049967311105,0.44037318023375027,0.9975655430711611,0.010644903752328573,0.9893550962476714,0.0024344569288389513,0.43768710272708633,0.002686077506663933,0.41593024134635925,0.3826701045036316,0.5867332816123962,0.08832278847694397,0.06615684926509857,0.13457247614860535,1.87494695186615,1.9548989534378052,2.1534903049468994,0.06265240907669067,0.04956803098320961,0.12079640477895737,0.034880053251981735,0.027906600385904312,0.062785305082798,0.08092345297336578,0.062124744057655334,0.12978045642375946,0.10016496479511261,0.061295025050640106,0.2228015810251236,0.05745174363255501,0.04839732497930527,0.09201455116271973,0.1453600525856018,0.08036208152770996,0.17879939079284668
pendulum,entropy,greedy_diverse,1.0,6,700,48770,0.9944439492527557,0.25612056592167315,0.9897096220947424,0.0006711409395973154,0.9993288590604027,0.010290377905257555,0.24287471806438385,0.013245847857289317,0.3147280216217041,0.29038992524147034,0.45644238591194153,0.04522185027599335,0.0361224003136158,0.06534942984580994,1.3704490661621094,1.480597734451294,2.0701379776000977,0.028274621814489365,0.022278795018792152,0.05355793982744217,0.015744276344776154,0.013363844715058804,0.028233081102371216,0.05667887255549431,0.04819091781973839,0.08367723226547241,0.11733835190534592,0.09131897240877151,0.21299497783184052,0.045912813395261765,0.03618505224585533,0.06208604946732521,0.15617313981056213,0.0856170505285263,0.2091101109981537
pendulum,entropy,greedy_diverse,1.0,7,800,48770,0.9962024198533957,0.24617592782448228,0.9926082365364308,0.00015214524799675422,0.9998478547520032,0.007391763463569166,0.23701045724830838,0.009165470576173878,0.30326876044273376,0.28085243701934814,0.47066640853881836,0.039471860975027084,0.03025588020682335,0.05642900988459587,1.2371491193771362,1.1189550161361694,2.2247791290283203,0.028030211105942726,0.02096210978925228,0.05425345152616501,0.01707853190600872,0.014989086426794529,0.029495954513549805,0.05315288528800011,0.0430341511964798,0.07318073511123657,0.14452317357063293,0.1180429458618164,0.23901112377643585,0.038508493453264236,0.029714670032262802,0.055110786110162735,0.21509280800819397,0.08513560891151428,0.30326080322265625
pendulum,entropy,greedy_diverse,1.0,8,900,48770,0.9980909406456092,0.3318638507279065,0.9977446217904233,0.0017655136336886157,0.9982344863663114,0.002255378209576683,0.33055156858724627,0.001312282140660242,0.3199458718299866,0.29201292991638184,0.5073001384735107,0.05274394899606705,0.04067490994930267,0.08262334764003754,1.2436074018478394,1.2935194969177246,2.1232309341430664,0.0381864570081234,0.028768083080649376,0.07835177332162857,0.0235152468085289,0.01969940774142742,0.042449526488780975,0.06077627092599869,0.04976612702012062,0.09820300340652466,0.10736347734928131,0.0819130539894104,0.18405871093273163,0.03989396244287491,0.0318959578871727,0.06260069459676743,0.1352768987417221,0.07389602065086365,0.1934942752122879
pendulum,entropy,greedy_diverse,1.0,9,1000,48770,0.9967165480168532,0.28896862825507486,0.9942608695652174,0.0008033511218224595,0.9991966488781775,0.005739130434782609,0.28681566536805414,0.0021529628870207095,0.3472931385040283,0.3201199173927307,0.5292282104492188,0.047103382647037506,0.03499283641576767,0.06893827021121979,1.5706992149353027,1.9533556699752808,2.4091382026672363,0.03505772352218628,0.023274611681699753,0.07637647539377213,0.01826518401503563,0.01626485213637352,0.030103394761681557,0.06109463796019554,0.046730756759643555,0.08338059484958649,0.13137613236904144,0.09362258017063141,0.22459805011749268,0.041827112436294556,0.03109445422887802,0.0613320991396904,0.19296976923942566,0.0770709440112114,0.19800491631031036
pendulum,entropy,greedy_diverse,1.0,10,1100,48770,0.9982360097323602,0.3396350215296289,0.9974472740533641,0.0010156795531009967,0.998984320446899,0.0025527259466358717,0.3381176953044905,0.0015173262251384047,0.39664173126220703,0.3728152811527252,0.6061487197875977,0.06076234206557274,0.046794500201940536,0.0925929844379425,1.6874330043792725,2.0147790908813477,2.290170669555664,0.04722601920366287,0.03650945797562599,0.09449072927236557,0.03331715986132622,0.0286116786301136,0.057649314403533936,0.07713797688484192,0.06392139196395874,0.1146896705031395,0.13675925135612488,0.0936550423502922,0.2590261697769165,0.04822971299290657,0.038403406739234924,0.07761924713850021,0.22730322182178497,0.07481516897678375,0.3519008159637451
pendulum,entropy,greedy_diverse,1.0,11,1200,48770,0.997416304766093,0.23407832684027066,0.9955555555555555,0.0006795964242772753,0.9993204035757227,0.0044444444444444444,0.23243797416444537,0.0016403526758253025,0.3248039186000824,0.3047904968261719,0.4679954946041107,0.034533046185970306,0.027950987219810486,0.05538773536682129,1.2142857313156128,1.0984944105148315,2.232029914855957,0.02891325205564499,0.01912706159055233,0.0630798265337944,0.01319195982068777,0.010870879516005516,0.02204439789056778,0.053198620676994324,0.04348183795809746,0.07840143144130707,0.13992655277252197,0.1162242516875267,0.20776408910751343,0.03283365070819855,0.027204003185033798,0.05402154102921486,0.14070995151996613,0.0730014517903328,0.16167333722114563
pendulum,entropy,greedy_diverse,1.0,12,1300,48770,0.9984438559611236,0.17393889686282551,0.9977628635346756,0.0007285974499089253,0.9992714025500911,0.0022371364653243847,0.17248308386303055,0.001455812999794956,0.20149090886116028,0.17877529561519623,0.3311886191368103,0.03379729017615318,0.027342539280653,0.055856406688690186,0.49276188015937805,0.21060411632061005,1.5867277383804321,0.028446542099118233,0.018767759203910828,0.060626279562711716,0.011469771154224873,0.009594384580850601,0.018821943551301956,0.053209900856018066,0.044136881828308105,0.07066325843334198,0.09845302253961563,0.07376796007156372,0.17245186865329742,0.03751034662127495,0.029473353177309036,0.06116713583469391,0.13906438648700714,0.0693407729268074,0.1544940322637558
pendulum,entropy,greedy_diverse,1.0,13,1400,48770,0.9982054489096742,0.16114414599138815,0.9992378878606424,0.002306907413158245,0.9976930925868418,0.0007621121393576484,0.15880664342833709,0.002337502563051056,0.20394602417945862,0.15980620682239532,0.4086940288543701,0.04382811486721039,0.032562874257564545,0.06924159824848175,0.6063814759254456,0.1950262039899826,2.0713183879852295,0.04093429446220398,0.027403442189097404,0.09257151186466217,0.017630748450756073,0.015128635801374912,0.029364006593823433,0.06804798543453217,0.051273949444293976,0.09512044489383698,0.10961466282606125,0.0630403682589531,0.24075396358966827,0.04884016886353493,0.0352795347571373,0.07739225029945374,0.21825720369815826,0.0690876692533493,0.3176550269126892
pendulum,entropy,greedy_diverse,1.0,14,1500,48770,0.9977281332828474,0.11679311051876154,0.997188733308104,0.0013020303535826179,0.9986979696464173,0.002811266691895983,0.10678695919622719,0.010006151322534344,0.17358677089214325,0.1450466364622116,0.2992314100265503,0.027243271470069885,0.020370163023471832,0.043540969491004944,0.45602238178253174,0.143730029463768,1.2944177389144897,0.023666368797421455,0.018518555909395218,0.04286133497953415,0.009164688177406788,0.0076726339757442474,0.016012150794267654,0.046834249049425125,0.039769187569618225,0.06244239583611488,0.11250928789377213,0.07847632467746735,0.20947803556919098,0.0321836844086647,0.022735558450222015,0.051094524562358856,0.16219303011894226,0.07162720710039139,0.20215359330177307
pendulum,entropy,greedy_diverse,1.0,15,1600,48770,0.9987212957536362,0.07717859339758049,0.9997333333333334,0.0016377209018890921,0.9983622790981109,0.0002666666666666667,0.07574328480623334,0.0014353085913471396,0.14006610214710236,0.1157047376036644,0.244881272315979,0.027260497212409973,0.02092762291431427,0.045767828822135925,0.2310953140258789,0.08013538271188736,0.49710389971733093,0.02840799279510975,0.020161913707852364,0.057995736598968506,0.009064555168151855,0.007750716060400009,0.014915164560079575,0.05454295873641968,0.044051047414541245,0.06379125267267227,0.09256324172019958,0.06758329272270203,0.15396104753017426,0.034407198429107666,0.024967916309833527,0.05789030343294144,0.11380656808614731,0.05458131060004234,0.13751237094402313
pendulum,entropy,greedy_diverse,1.0,16,1700,48770,0.9989860718288063,0.05648964527373385,0.9995728321230244,0.001099424634441309,0.9989005753655587,0.00042716787697565144,0.05540291162599959,0.0010867336477342628,0.09986265003681183,0.069969043135643,0.20794625580310822,0.027440309524536133,0.020522624254226685,0.04401565343141556,0.17640790343284607,0.0738954022526741,0.2090974748134613,0.027120357379317284,0.019491661339998245,0.05286206305027008,0.010361267253756523,0.008470221422612667,0.016694020479917526,0.05227755010128021,0.04253719747066498,0.07166192680597305,0.09216171503067017,0.05491562560200691,0.2081233412027359,0.034085944294929504,0.023673690855503082,0.05435305833816528,0.17164403200149536,0.06268585473299026,0.18576845526695251
pendulum,entropy,greedy_diverse,1.0,17,1800,48770,0.9980226592560925,0.039286446586015995,0.9979693261369101,0.0012792722362389396,0.9987207277637611,0.0020306738630898307,0.037400041008816894,0.0018864055771990978,0.0845097005367279,0.04777154698967934,0.19460591673851013,0.023407205939292908,0.017666447907686234,0.03593125939369202,0.17305591702461243,0.05881382152438164,0.16351526975631714,0.028828302398324013,0.019458554685115814,0.06021357700228691,0.00882725790143013,0.007637704256922007,0.014862816780805588,0.054253578186035156,0.04450352489948273,0.06322681903839111,0.089215487241745,0.041812799870967865,0.21595434844493866,0.030242016538977623,0.021374206990003586,0.04502237215638161,0.1860353946685791,0.052289530634880066,0.17377574741840363
pendulum,entropy,greedy_diverse,1.0,18,1900,48770,0.9988224589198736,0.01785933975804798,0.9988224589198736,0.0007530120481927711,0.9992469879518072,0.001177541080126318,0.01603444740619233,0.001824892351855649,0.08530405908823013,0.04588259384036064,0.21019524335861206,0.025134894996881485,0.019026506692171097,0.03851126879453659,0.1668601632118225,0.04864097014069557,0.12929359078407288,0.028261929750442505,0.018970029428601265,0.06013711169362068,0.011218431405723095,0.00945028755813837,0.019512144848704338,0.05405831336975098,0.04421709105372429,0.06499584764242172,0.10035634785890579,0.049339767545461655,0.2526046335697174,0.032110437750816345,0.02317553199827671,0.049762144684791565,0.2559013366699219,0.046122871339321136,0.6583248376846313
pendulum,entropy_tiebreak,greedy_diverse,0.5,0,100,48770,0.8525957972805933,0.3940742259585811,0.7430649070832211,0.0,1.0,0.2569350929167789,0.3940742259585811,0.0,0.3161359131336212,0.2688165605068207,0.5606136918067932,0.07804478704929352,0.05413585901260376,0.1133141741156578,1.139876365661621,1.3369768857955933,2.056396245956421,0.09630018472671509,0.06470614671707153,0.16517913341522217,0.07607599347829819,0.05991647019982338,0.11801662296056747,0.1697174459695816,0.09006558358669281,0.19673021137714386,0.18367503583431244,0.14315544068813324,0.3118731677532196,0.04543796926736832,0.035707175731658936,0.07392378151416779,0.35344797372817993,0.06950857490301132,2.0582334995269775
pendulum,entropy_tiebreak,greedy_diverse,0.5,1,200,48770,0.9913782535855842,0.2463399630920648,0.9829039053637985,0.0,1.0,0.017096094636201587,0.24431002665573098,0.002029936436333812,0.23124219477176666,0.17173413932323456,0.4853380620479584,0.06425289809703827,0.04380452632904053,0.09228679537773132,0.7181891798973083,0.2158854752779007,2.0323731899261475,0.08255762606859207,0.05011175945401192,0.18607516586780548,0.05486658588051796,0.04219596087932587,0.08753260225057602,0.15118508040905,0.08226563036441803,0.19192565977573395,0.1515682339668274,0.08908098191022873,0.35550448298454285,0.0491977259516716,0.035507477819919586,0.07049933820962906,0.4037375748157501,0.07261817902326584,2.091522693634033
pendulum,entropy_tiebreak,greedy_diverse,0.5,2,300,48770,0.9991514914170093,0.17030961656756202,0.9992167101827676,0.0005567928730512249,0.9994432071269488,0.000783289817232376,0.17030961656756202,0.0,0.19990576803684235,0.13925282657146454,0.44289731979370117,0.04550895094871521,0.031988903880119324,0.06622733175754547,0.670041024684906,0.16927294433116913,2.066837787628174,0.054407477378845215,0.04037928581237793,0.09243172407150269,0.03593797981739044,0.030382975935935974,0.059377651661634445,0.10417138040065765,0.07060220092535019,0.14648310840129852,0.14145754277706146,0.08005665987730026,0.34094884991645813,0.03822949156165123,0.02695835754275322,0.0564148910343647,0.38411858677864075,0.06800957024097443,2.1120388507843018
pendulum,entropy_tiebreak,greedy_diverse,0.5,3,400,48770,0.9970081378650072,0.14404346934590936,0.9990406523563976,0.003351019268360793,0.9966489807316392,0.0009593476436023504,0.14326430182489236,0.0007791675210170187,0.1854816973209381,0.1360321193933487,0.3860161602497101,0.04378642141819,0.029265951365232468,0.06408083438873291,0.5733495950698853,0.1246253177523613,2.0122134685516357,0.060093291103839874,0.04566528648138046,0.10648762434720993,0.03654814884066582,0.02613690495491028,0.056624267250299454,0.09380976855754852,0.06919445842504501,0.14148136973381042,0.12667448818683624,0.06525138020515442,0.31574547290802,0.03523767367005348,0.02470364235341549,0.05194663256406784,0.3405071794986725,0.06410092860460281,2.044358968734741
pendulum,entropy_tiebreak,greedy_diverse,0.5,4,500,48770,0.9938541543552771,0.08160754562230879,0.9947947474269491,0.004303543250609668,0.9956964567493903,0.005205252573050988,0.08144351035472627,0.00016403526758253025,0.13256828486919403,0.09900178015232086,0.27568522095680237,0.025504129007458687,0.018295876681804657,0.03929354250431061,0.3405028283596039,0.07274048775434494,1.4108188152313232,0.04704217612743378,0.040843818336725235,0.06875261664390564,0.023841358721256256,0.0199822299182415,0.04112934321165085,0.0700826346874237,0.05492527410387993,0.0993046686053276,0.10681641101837158,0.06340978294610977,0.24617859721183777,0.021526366472244263,0.013513606041669846,0.02765168808400631,0.22842803597450256,0.05222472548484802,0.6153728365898132
pendulum,entropy_tiebreak,greedy_diverse,0.5,5,600,48770,0.9960094424460431,0.0370309616567562,0.9935523660013456,0.0009269431474869541,0.999073056852513,0.006447633998654407,0.03588271478367849,0.0011482468730777118,0.08747398853302002,0.06134002283215523,0.19079574942588806,0.01490020751953125,0.011232905089855194,0.02264973893761635,0.1562519073486328,0.0443887785077095,0.15824246406555176,0.03335181251168251,0.022457189857959747,0.06712546944618225,0.01720891147851944,0.013664638623595238,0.028774812817573547,0.06002061814069748,0.04179389774799347,0.07799278944730759,0.0814078152179718,0.051200028508901596,0.18645049631595612,0.01165841519832611,0.009008911438286304,0.016538258641958237,0.15544940531253815,0.03349381685256958,0.1444794237613678
pendulum,entropy_tiebreak,greedy_diverse,0.5,6,700,48770,0.9994668217730599,0.3978675415214271,0.998934211801182,0.0,1.0,0.001065788198817944,0.3976624974369489,0.0002050440844781628,0.24987994134426117,0.1802586168050766,0.5385667681694031,0.08792045712471008,0.06067389249801636,0.1324152648448944,0.7180783748626709,0.19722813367843628,2.084653615951538,0.0794457197189331,0.05297942832112312,0.1283218264579773,0.06380758434534073,0.048340804874897,0.10402731597423553,0.1394929438829422,0.07746242731809616,0.1639106273651123,0.11207623779773712,0.06012088432908058,0.2597886025905609,0.0705195888876915,0.05544578284025192,0.11720363795757294,0.2208821177482605,0.07643633335828781,0.21359381079673767
pendulum,entropy_tiebreak,greedy_diverse,0.5,7,800,48770,0.9939871985517553,0.11802337502563051,0.9880462724935732,0.0,1.0,0.011953727506426735,0.10752511790034858,0.010498257125281936,0.14317575097084045,0.09343626350164413,0.33468854427337646,0.0401504784822464,0.030627496540546417,0.06379351019859314,0.4175214469432831,0.08285562694072723,2.002937078475952,0.049233727157115936,0.03511229157447815,0.0840182676911354,0.03711603581905365,0.02987181954085827,0.06306887418031693,0.08821004629135132,0.05984653905034065,0.11132391542196274,0.13817520439624786,0.08628861606121063,0.32623887062072754,0.03472331166267395,0.028412964195013046,0.0558798648416996,0.3917780816555023,0.06644972413778305,2.0651042461395264
pendulum,entropy_tiebreak,greedy_diverse,0.5,8,900,48770,0.9952489387422337,0.039573508304285424,0.9947176173082326,0.0025822000344293337,0.9974177999655707,0.00528238269176735,0.03178183309411523,0.0077916752101701865,0.10932543873786926,0.06840746849775314,0.255868524312973,0.022385340183973312,0.016112837940454483,0.03451426327228546,0.28087377548217773,0.05620637163519859,1.6321437358856201,0.04721834883093834,0.031089289113879204,0.08962325751781464,0.02111511304974556,0.015871424227952957,0.03386905789375305,0.08073301613330841,0.050474025309085846,0.08179381489753723,0.11077281087636948,0.06051694229245186,0.273677796125412,0.021161189302802086,0.015364151448011398,0.03259895369410515,0.31156083941459656,0.05035192891955376,2.0295636653900146
pendulum,entropy_tiebreak,greedy_diverse,0.5,9,1000,48770,0.9974424552429668,0.11082632766044699,0.9995118379301928,0.0028172146643437,0.9971827853356563,0.000488162069807176,0.10032807053516506,0.010498257125281936,0.15390025079250336,0.11853029578924179,0.32310932874679565,0.04511384293437004,0.03442353755235672,0.06565132737159729,0.38662150502204895,0.09481706470251083,2.02219557762146,0.06570643186569214,0.052129652351140976,0.11810940504074097,0.0465664342045784,0.03758495673537254,0.07241308689117432,0.09907957911491394,0.07490791380405426,0.14519871771335602,0.14178283512592316,0.09846599400043488,0.31531596183776855,0.037737324833869934,0.03013100102543831,0.056952282786369324,0.3798564672470093,0.06204681098461151,2.0756311416625977
pendulum,entropy_tiebreak,greedy_diverse,0.5,10,1100,48770,0.9957858769931663,0.03641582940332171,0.9917196007259528,6.811525100469996e-05,0.9999318847489953,0.008280399274047187,0.014804182899323354,0.02161164650399836,0.10575931519269943,0.06298540532588959,0.2562633156776428,0.021006790921092033,0.015176843851804733,0.031111808493733406,0.290147066116333,0.05306263267993927,1.6692674160003662,0.03687417134642601,0.022219760343432426,0.07239839434623718,0.020252592861652374,0.015916716307401657,0.03182532638311386,0.07676120847463608,0.048964157700538635,0.07624019682407379,0.11968343704938889,0.0650215819478035,0.30492931604385376,0.019727181643247604,0.013647172600030899,0.028277331963181496,0.3885647654533386,0.048527032136917114,2.06103253364563
pendulum,entropy_tiebreak,greedy_diverse,0.5,11,1200,48770,0.9978751735274952,0.03325815050235801,0.9959846171247596,0.0001357496775945157,0.9998642503224054,0.004015382875240357,0.010826327660446996,0.02243182284191101,0.07269720733165741,0.042795535176992416,0.17247653007507324,0.01718951389193535,0.012520918622612953,0.027617454528808594,0.12140625715255737,0.0451047345995903,0.13096964359283447,0.02721908874809742,0.018721111118793488,0.05278048291802406,0.01515390258282423,0.011721773073077202,0.024402689188718796,0.057645104825496674,0.04514220356941223,0.07740883529186249,0.08595118671655655,0.04690051078796387,0.2103845775127411,0.017431573942303658,0.012260448187589645,0.02786806784570217,0.18290768563747406,0.04016727954149246,0.19401459395885468
pendulum,entropy_tiebreak,greedy_diverse,0.5,12,1300,48770,0.9960645849424399,0.33860980110723804,0.9999261556638606,0.005664208613871968,0.994335791386128,7.38443361394181e-05,0.33698995283986055,0.0016198482673774862,0.20332275331020355,0.14657528698444366,0.43448877334594727,0.09187893569469452,0.06891225278377533,0.1367187798023224,0.5231621265411377,0.1768428236246109,2.075645685195923,0.09267286956310272,0.07815242558717728,0.17099529504776,0.06904143840074539,0.05797574669122696,0.11419835686683655,0.135091632604599,0.11123089492321014,0.19629399478435516,0.16056117415428162,0.08404577523469925,0.3838340640068054,0.06967543810606003,0.049386970698833466,0.09721245616674423,0.4437842071056366,0.08385838568210602,2.1110079288482666
pendulum,entropy_tiebreak,greedy_diverse,0.5,13,1400,48770,0.9953131142088235,0.07488209965142506,0.9986650485436893,0.004644179062783714,0.9953558209372163,0.0013349514563106796,0.0731802337502563,0.0017018659011687513,0.0913403332233429,0.060906171798706055,0.20116296410560608,0.031750090420246124,0.023244038224220276,0.05018679052591324,0.15605778992176056,0.07063215970993042,0.16025634109973907,0.055982235819101334,0.045701514929533005,0.10422397404909134,0.023583732545375824,0.020427988842129707,0.03847240284085274,0.09094569087028503,0.06952926516532898,0.12091843038797379,0.08953883498907089,0.05101288855075836,0.2092546969652176,0.033663056790828705,0.02320527657866478,0.05281573906540871,0.162521094083786,0.05991141498088837,0.15192267298698425
pendulum,entropy_tiebreak,greedy_diverse,0.5,14,1500,48770,0.9973888857353693,0.03235595653065409,0.994960362400906,0.00010158472165786265,0.9998984152783421,0.005039637599093998,0.007709657576378921,0.02464629895427517,0.07072698324918747,0.04371325299143791,0.16086174547672272,0.020495425909757614,0.013929173350334167,0.03056601993739605,0.10670369863510132,0.04659073427319527,0.12265152484178543,0.026538746431469917,0.01963651552796364,0.042402639985084534,0.01500433124601841,0.011750992387533188,0.024630406871438026,0.06130820885300636,0.04803449660539627,0.08124484866857529,0.08248733729124069,0.0473455972969532,0.1961776316165924,0.02295800670981407,0.014996519312262535,0.03365437686443329,0.15058618783950806,0.04278280958533287,0.17253302037715912
pendulum,entropy_tiebreak,greedy_diverse,0.5,15,1600,48770,0.9960515779882375,0.018228419110108675,0.9924071526822559,0.00016831616508449472,0.9998316838349155,0.007592847317744154,0.008078736928439615,0.010149682181669058,0.07536166906356812,0.04475720226764679,0.17638100683689117,0.020228441804647446,0.014466607011854649,0.032032884657382965,0.11836019903421402,0.04667606204748154,0.11930976808071136,0.028088662773370743,0.02018154412508011,0.04979649931192398,0.01530502364039421,0.01258478406816721,0.025057796388864517,0.0612591877579689,0.048712220042943954,0.07729154825210571,0.0917133241891861,0.05228874459862709,0.2188936471939087,0.02308272197842598,0.015329338610172272,0.036994580179452896,0.20083047449588776,0.04206515848636627,0.19033774733543396
pendulum,entropy_tiebreak,greedy_diverse,0.5,16,1700,48770,0.9884165510209861,0.02210375230674595,0.9770983817682961,0.0,1.0,0.0229016182317039,0.003301209760098421,0.018802542546647528,0.07541243731975555,0.043689288198947906,0.17705096304416656,0.020273666828870773,0.01385426614433527,0.029430709779262543,0.1278219074010849,0.04089168459177017,0.10550293326377869,0.02461215853691101,0.016985705122351646,0.03843974694609642,0.012149035930633545,0.00955879781395197,0.019433943554759026,0.058716271072626114,0.045433782041072845,0.0662708580493927,0.09899328649044037,0.05783775821328163,0.23371630907058716,0.02570877969264984,0.017114946618676186,0.03792135417461395,0.22766588628292084,0.03872117027640343,0.3677096962928772
pendulum,entropy_tiebreak,greedy_diverse,0.5,17,1800,48770,0.9895487453051004,0.00600779167521017,0.9793136885201745,0.0,1.0,0.02068631147982546,0.00036907935206069307,0.005638712323149477,0.06567574292421341,0.04014246538281441,0.1536954939365387,0.015916312113404274,0.011162502691149712,0.023922555148601532,0.07935565710067749,0.03671698644757271,0.08659336715936661,0.021474944427609444,0.015467450022697449,0.0337488055229187,0.00942894909530878,0.00737407524138689,0.014955687336623669,0.05404216796159744,0.04340769350528717,0.0667199194431305,0.08966663479804993,0.05434051528573036,0.216056227684021,0.01921164244413376,0.013727649115025997,0.031480200588703156,0.18393786251544952,0.031641844660043716,0.15168242156505585
pendulum,entropy_tiebreak,greedy_diverse,0.5,18,1900,48770,0.9957977497627762,0.0220422390814025,0.9983691220440337,0.004266211604095563,0.9957337883959044,0.0016308779559662953,0.01972524092679926,0.0023169981546032397,0.07381104677915573,0.050417691469192505,0.15973185002803802,0.027537234127521515,0.022300612181425095,0.04121873900294304,0.09110251814126968,0.049778830260038376,0.10444547235965729,0.05286377668380737,0.044745072722435,0.0957752987742424,0.03172479569911957,0.027184177190065384,0.049395859241485596,0.06905952841043472,0.057045940309762955,0.09225728362798691,0.07411592453718185,0.04278291016817093,0.17204409837722778,0.024513037875294685,0.01876407489180565,0.03505367785692215,0.10942582786083221,0.038775525987148285,0.10748908668756485
pendulum,entropy_tiebreak,greedy_diverse,1.0,0,100,48770,0.8525957972805933,0.3940742259585811,0.7430649070832211,0.0,1.0,0.2569350929167789,0.3940742259585811,0.0,0.3161359131336212,0.2688165605068207,0.5606136918067932,0.07804478704929352,0.05413585901260376,0.1133141741156578,1.139876365661621,1.3369768857955933,2.056396245956421,0.09630018472671509,0.06470614671707153,0.16517913341522217,0.07607599347829819,0.05991647019982338,0.11801662296056747,0.1697174459695816,0.09006558358669281,0.19673021137714386,0.18367503583431244,0.14315544068813324,0.3118731677532196,0.04543796926736832,0.035707175731658936,0.07392378151416779,0.35344797372817993,0.06950857490301132,2.0582334995269775
pendulum,entropy_tiebreak,greedy_diverse,1.0,1,200,48770,0.9407615688891007,0.24047570227598933,0.8881490146675065,0.0,1.0,0.11185098533249348,0.24047570227598933,0.0,0.2826043665409088,0.23464111983776093,0.5119917988777161,0.06292609870433807,0.04317355901002884,0.09122557193040848,1.0035017728805542,0.5887170433998108,2.0734899044036865,0.0641932263970375,0.048775848001241684,0.10511273890733719,0.051962871104478836,0.03982250392436981,0.07991546392440796,0.11433733254671097,0.08603034913539886,0.15216539800167084,0.2101127952337265,0.16294129192829132,0.35536715388298035,0.04624611884355545,0.03499036282300949,0.07131034135818481,0.47207680344581604,0.0805090144276619,2.0729942321777344
pendulum,entropy_tiebreak,greedy_diverse,1.0,2,300,48770,0.9837573016770302,0.17129382817305722,0.9680338203663873,0.0,1.0,0.031966179633612694,0.17108878408857905,0.0002050440844781628,0.24139942228794098,0.20766083896160126,0.42184773087501526,0.041396014392375946,0.03185560926795006,0.06479053199291229,0.8452711701393127,0.3142656087875366,2.0314154624938965,0.04418240487575531,0.035735905170440674,0.0775122344493866,0.03668587654829025,0.02982366271317005,0.06519819796085358,0.07683247327804565,0.06324487179517746,0.12154893577098846,0.1823023110628128,0.1431070864200592,0.33728277683258057,0.03324734792113304,0.027972839772701263,0.05349859222769737,0.4523243010044098,0.06723453104496002,2.108232021331787
pendulum,entropy_tiebreak,greedy_diverse,1.0,3,400,48770,0.993918918918919,0.29704736518351443,0.9985189756248072,0.009624958513109858,0.9903750414868902,0.0014810243751928417,0.29643223293008,0.0006151322534344885,0.36977076530456543,0.35299327969551086,0.5154218077659607,0.049175139516592026,0.038753755390644073,0.0824849084019661,1.761871337890625,1.9835782051086426,2.068469285964966,0.06114239990711212,0.05190952867269516,0.09996159374713898,0.02901952527463436,0.02331451326608658,0.05143161490559578,0.07711402326822281,0.060111165046691895,0.11824549734592438,0.12979631125926971,0.1172676831483841,0.17923606932163239,0.038832422345876694,0.03263011574745178,0.06550679355859756,0.0983068123459816,0.07198216766119003,0.15189474821090698
pendulum,entropy_tiebreak,greedy_diverse,1.0,4,500,48770,0.7916250380087745,0.5428337092474882,0.6713822575891542,0.038629069234296196,0.9613709307657038,0.32861774241084585,0.4909985646914087,0.05183514455607956,0.514919102191925,0.4779088497161865,0.7563914656639099,0.14819008111953735,0.1169588640332222,0.21285121142864227,2.0720772743225098,2.0694711208343506,2.3028151988983154,0.1426931470632553,0.12443573027849197,0.2062082588672638,0.0610014945268631,0.049250759184360504,0.10772877931594849,0.13739706575870514,0.08609703928232193,0.18050935864448547,0.21711894869804382,0.17781004309654236,0.40853196382522583,0.10465036332607269,0.0843413844704628,0.16761644184589386,0.44478654861450195,0.12711118161678314,1.9834399223327637
pendulum,entropy_tiebreak,greedy_diverse,1.0,5,600,48770,0.9960363582178512,0.2453557514865696,0.9946431760014285,0.002149677548367745,0.9978503224516323,0.005356823998571514,0.2429362312897273,0.002419520196842321,0.27848443388938904,0.24380679428577423,0.44756805896759033,0.04249051958322525,0.031633518636226654,0.06298437714576721,0.8914754986763,0.4402258098125458,2.0723719596862793,0.041099149733781815,0.027106329798698425,0.09319331496953964,0.019800083711743355,0.01607346348464489,0.03521030768752098,0.064783476293087,0.04234764352440834,0.08495654910802841,0.09815266728401184,0.06127581372857094,0.21349821984767914,0.04143844544887543,0.0317608080804348,0.0602889358997345,0.15892428159713745,0.0741257518529892,0.1701844483613968
pendulum,entropy_tiebreak,greedy_diverse,1.0,6,700,48770,0.9968472507448009,0.19099856469140866,0.9969914371673224,0.002570925984394028,0.997429074015606,0.003008562832677621,0.18857904449456633,0.002419520196842321,0.23647437989711761,0.19722530245780945,0.416465163230896,0.041716285049915314,0.03136515989899635,0.06587620824575424,0.7707895040512085,0.19155347347259521,2.065423011779785,0.04016963019967079,0.026549549773335457,0.08910071104764938,0.01910034567117691,0.01562379952520132,0.03414024040102959,0.05852257087826729,0.03285989537835121,0.07662694156169891,0.08415303379297256,0.048424992710351944,0.19344696402549744,0.04822426289319992,0.038048647344112396,0.07802632451057434,0.13490912318229675,0.07406134158372879,0.1730562150478363
pendulum,entropy_tiebreak,greedy_diverse,1.0,7,800,48770,0.9932965299684542,0.2656346114414599,0.9988670480938084,0.01200308336086334,0.9879969166391367,0.0011329519061915822,0.26389173672339555,0.001742874718064384,0.2616780698299408,0.22430135309696198,0.42911630868911743,0.05262546241283417,0.035890959203243256,0.07704821228981018,0.7292565703392029,0.47893181443214417,2.0490469932556152,0.06286651641130447,0.04927767440676689,0.10892611742019653,0.022234849631786346,0.017133386805653572,0.03832905739545822,0.0710425153374672,0.05293658375740051,0.10778762400150299,0.12065982073545456,0.07741932570934296,0.225721076130867,0.04781656712293625,0.031693845987319946,0.06618697941303253,0.21364670991897583,0.07304020971059799,0.26715388894081116
pendulum,entropy_tiebreak,greedy_diverse,1.0,8,900,48770,0.9825584786793443,0.26149272093500103,0.9657149409471391,0.0,1.0,0.03428505905286091,0.24775476727496412,0.013737953660036908,0.27202335000038147,0.22936511039733887,0.4677460193634033,0.05384809523820877,0.038391318172216415,0.07638245820999146,0.807315468788147,0.40776944160461426,2.069373846054077,0.026797262951731682,0.01911148801445961,0.05472549423575401,0.013251971453428268,0.011289834044873714,0.02333908900618553,0.05683038756251335,0.046410467475652695,0.07914438098669052,0.15656393766403198,0.08343210816383362,0.39843112230300903,0.05695870518684387,0.03865671157836914,0.08232469111680984,0.4990440011024475,0.09473370015621185,2.056600332260132
pendulum,entropy_tiebreak,greedy_diverse,1.0,9,1000,48770,0.9961981376384375,0.1950994463809719,0.9930792046578051,0.0005700983419639888,0.999429901658036,0.0069207953421948805,0.1889071150297314,0.006192331351240516,0.206960991024971,0.16785693168640137,0.3803616762161255,0.045486487448215485,0.030228298157453537,0.0655878409743309,0.5758536458015442,0.22158095240592957,2.0632834434509277,0.030651412904262543,0.023163454607129097,0.058413200080394745,0.01705612987279892,0.014258135110139847,0.03054661676287651,0.059384677559137344,0.04840276762843132,0.08573450893163681,0.1481410712003708,0.09351405501365662,0.3359871506690979,0.05276499316096306,0.03085004724562168,0.07049994170665741,0.3846157491207123,0.08577276021242142,2.0552117824554443
pendulum,entropy_tiebreak,greedy_diverse,1.0,10,1100,48770,0.998181517606216,0.23411933565716628,0.9976317673624497,0.0011982287053920293,0.998801771294608,0.002368232637550256,0.23235595653065408,0.0017633791265122,0.20259717106819153,0.16423265635967255,0.36956629157066345,0.04574330896139145,0.033665161579847336,0.07127770781517029,0.502928614616394,0.24711591005325317,2.0038795471191406,0.03747628629207611,0.027723897248506546,0.0782613605260849,0.020862650126218796,0.017532315105199814,0.03716772422194481,0.06745114177465439,0.0547182597219944,0.10401149839162827,0.10816603899002075,0.061165791004896164,0.2513844668865204,0.04420812055468559,0.031470198184251785,0.06706167012453079,0.22540917992591858,0.07358531653881073,0.2850748598575592
pendulum,entropy_tiebreak,greedy_diverse,1.0,11,1200,48770,0.9979695431472081,0.16817715808898914,0.9983073798239676,0.0018385571703729644,0.998161442829627,0.0016926201760324984,0.16682386713143327,0.0013532909575558745,0.18807484209537506,0.14628417789936066,0.3568827211856842,0.03931127488613129,0.029588304460048676,0.05836881697177887,0.47912630438804626,0.1589723378419876,2.041141986846924,0.034992385655641556,0.027691466733813286,0.06697824597358704,0.01998905837535858,0.01721486635506153,0.03514639660716057,0.05770032852888107,0.050200268626213074,0.07937255501747131,0.1109222024679184,0.0653449073433876,0.2507841885089874,0.043974995613098145,0.03145112097263336,0.06472478806972504,0.23891589045524597,0.07082947343587875,0.44528862833976746
pendulum,entropy_tiebreak,greedy_diverse,1.0,12,1300,48770,0.9981598967345033,0.24010662292392865,0.998406680951596,0.002014953072803436,0.9979850469271966,0.0015933190484039338,0.2381587041213861,0.0019479188025425466,0.23598992824554443,0.19422689080238342,0.41957464814186096,0.04252747818827629,0.0308673232793808,0.062559112906456,0.6916472315788269,0.471581369638443,2.0737743377685547,0.032533757388591766,0.02446659840643406,0.06781551241874695,0.016168370842933655,0.01403527706861496,0.028761770576238632,0.05605485290288925,0.04625721648335457,0.0779002383351326,0.11282266676425934,0.05958737060427666,0.26005280017852783,0.04424755275249481,0.030966607853770256,0.06438644230365753,0.25133028626441956,0.07272569835186005,0.606875479221344
pendulum,entropy_tiebreak,greedy_diverse,1.0,13,1400,48770,0.9965934897804694,0.15915521837194996,0.9936384710766079,0.00035620463956543034,0.9996437953604346,0.006361528923392096,0.1555464424851343,0.0036087758868156654,0.18433044850826263,0.15052658319473267,0.34340700507164,0.030068617314100266,0.02173060178756714,0.04435638338327408,0.5068885684013367,0.2685442566871643,1.9450716972351074,0.02531273476779461,0.01885574869811535,0.04972562938928604,0.01124029140919447,0.009402336552739143,0.019765082746744156,0.05541054159402847,0.048009492456912994,0.07395274937152863,0.12709249556064606,0.08413189649581909,0.2755678594112396,0.03339394927024841,0.02245756983757019,0.0475664921104908,0.2921087145805359,0.07826355844736099,0.9392306804656982
pendulum,entropy_tiebreak,greedy_diverse,1.0,14,1500,48770,0.9974775935168787,0.07086323559565307,0.9956074566102421,0.00045034902049088043,0.9995496509795091,0.004392543389757874,0.0681361492720935,0.0027270863235595655,0.19097475707530975,0.13344132900238037,0.39205554127693176,0.029546447098255157,0.021879427134990692,0.04375068098306656,0.6715664863586426,0.08710375428199768,2.1194870471954346,0.024284228682518005,0.018285132944583893,0.045670315623283386,0.010452713817358017,0.00904072169214487,0.01765918917953968,0.05278255045413971,0.04571354761719704,0.0659375861287117,0.17381371557712555,0.08160308748483658,0.4470271170139313,0.04087015241384506,0.02537234127521515,0.05344192683696747,0.6249665021896362,0.06173394247889519,2.151388168334961
pendulum,entropy_tiebreak,greedy_diverse,1.0,15,1600,48770,0.9980189537934357,0.06809514045519786,0.9980189537934357,0.0013820409382937398,0.9986179590617063,0.0019810462065642234,0.06674184949764199,0.0013532909575558745,0.10262512415647507,0.06522298604249954,0.22687901556491852,0.027852272614836693,0.020488280802965164,0.043368250131607056,0.18896737694740295,0.08669150620698929,0.2144101858139038,0.0291069857776165,0.022734206169843674,0.05589064955711365,0.012588157318532467,0.010662216693162918,0.021541273221373558,0.05579120293259621,0.04786188527941704,0.07617822289466858,0.13213591277599335,0.07465286552906036,0.3103022575378418,0.032966822385787964,0.023081200197339058,0.05035156384110451,0.3882791996002197,0.06992138922214508,2.0747711658477783
pendulum,entropy_tiebreak,greedy_diverse,1.0,16,1700,48770,0.9976595744680852,0.06036497847037113,0.9983499228189706,0.0021080661267058693,0.9978919338732941,0.0016500771810294352,0.05907320073815871,0.0012917777322124257,0.08246185630559921,0.05544090270996094,0.17759835720062256,0.02371824160218239,0.017374519258737564,0.03750087320804596,0.14097383618354797,0.07123959809541702,0.16478146612644196,0.030252521857619286,0.023709308356046677,0.05851377919316292,0.011700750328600407,0.009445018135011196,0.019466634839773178,0.05380350723862648,0.04637289419770241,0.07198452949523926,0.09549117088317871,0.053512588143348694,0.22379493713378906,0.027414267882704735,0.01903078705072403,0.04199368879199028,0.18192407488822937,0.05621831864118576,0.16358639299869537
pendulum,entropy_tiebreak,greedy_diverse,1.0,17,1800,48770,0.9972753499305481,0.012876768505228625,0.9978617629764259,0.002106335994564294,0.9978936640054357,0.002138237023574063,0.0114619643223293,0.0014148041828993233,0.0816306546330452,0.05154547467827797,0.1801803857088089,0.02341608703136444,0.01654536835849285,0.03656986355781555,0.1238846629858017,0.05095171928405762,0.14114047586917877,0.030425410717725754,0.02320083975791931,0.05950995907187462,0.01047741249203682,0.008388815447688103,0.017419084906578064,0.053954046219587326,0.04511990025639534,0.07110355794429779,0.10504747182130814,0.0601264163851738,0.24045103788375854,0.03154727816581726,0.01924426108598709,0.044208984822034836,0.21539804339408875,0.05080949887633324,0.4320686459541321
pendulum,entropy_tiebreak,greedy_diverse,1.0,18,1900,48770,0.9978547854785479,0.04994873897888046,0.9977999009955448,0.0013497673427343446,0.9986502326572656,0.0022000990044552006,0.048923518556489645,0.001025220422390814,0.08278001844882965,0.052054449915885925,0.17726051807403564,0.0324094183743,0.023074740543961525,0.05082417279481888,0.13194897770881653,0.06971825659275055,0.14251475036144257,0.03412199765443802,0.02479855716228485,0.06776700913906097,0.015516389161348343,0.013006278313696384,0.02378491684794426,0.05897289887070656,0.04959540814161301,0.07802782207727432,0.10028232634067535,0.059063348919153214,0.22021795809268951,0.04061194881796837,0.02592429332435131,0.06128958612680435,0.17673856019973755,0.0669565498828888,0.1707150936126709
pendulum,fm_direct,-,baseline,0,100,48770,0.9492018981880932,0.30684847242157065,0.908912527109367,0.002487355940635105,0.9975126440593649,0.09108747289063307,0.3057617387738364,0.0010867336477342628,0.33265820145606995,0.2585408389568329,0.6916488025321837,0.04035661742091179,0.035049181431531906,0.060921829566359526,1.1886167287826537,0.42694018483161894,2.1283307695388793,0.10308447480201721,0.05374012142419815,0.2645891643828754,0.03188967704772949,0.031531911343336105,0.049057140573859216,0.3292441964149475,0.055052533745765686,1.784786427021027,0.19235342741012573,0.14905628561973572,0.37005135951669155,0.02386746183037758,0.022657986730337143,0.03603033926337958,0.42064884603023567,0.05025375299155713,1.482097096443178
pendulum,fm_direct,-,baseline,1,150,48770,0.9717384713847813,0.20553619028091039,0.9513256826276217,0.004282564450474898,0.9957174355495251,0.04867431737237832,0.19112159114209554,0.014414599138814845,0.292666494846344,0.22559641301631927,0.614792604099962,0.03487589210271835,0.031660474836826324,0.05252254139631987,1.0080835938453672,0.18355394452810275,2.1153289961814883,0.08897034078836441,0.048042017966508865,0.2318387731517988,0.032787904143333435,0.032296665012836456,0.0481980424374342,0.1974397957324984,0.05380251556634903,0.28555532991886323,0.21537454426288605,0.16552115976810455,0.42653531578010045,0.022601883858442307,0.02231648564338684,0.03313853777945042,0.613232433795929,0.05626685172319412,2.0599629878997803
pendulum,fm_direct,-,baseline,2,200,48770,0.9742432657595111,0.11740824277219603,0.9525522671734998,0.0015187906188188754,0.9984812093811811,0.04744773282650014,0.09292597908550339,0.024482263686692637,0.26355400681495667,0.1603669375181198,0.6464743410754795,0.025392331182956696,0.021762989461421967,0.03867297489196062,0.9764588832855223,0.09087371900677679,2.130469834804535,0.06403316557407379,0.03318624570965767,0.17826084887183322,0.023583684116601944,0.022350305691361427,0.035085702501237395,0.06636698171496391,0.05155801400542259,0.11151289716362955,0.30155256390571594,0.16759902238845825,0.7655780316056124,0.02077331766486168,0.019247999414801598,0.03206803482025862,1.1608226895332336,0.05755901299417015,4.1472539854049675
pendulum,fm_direct,-,baseline,3,250,48770,0.9944984943247626,0.09538650809924133,0.9906547447360831,0.0010454392711794795,0.9989545607288205,0.00934525526391693,0.0661267172442075,0.029259790855033833,0.19096967577934265,0.12443669140338898,0.4548424414037499,0.017836084589362144,0.01610492914915085,0.02767116026952863,0.6739887952804564,0.055916303396224915,2.0934866738319395,0.03552430495619774,0.018373584374785423,0.10140610090646342,0.01191951334476471,0.011436494067311287,0.018256497941911223,0.03913901746273041,0.032705314457416534,0.05846496857702734,0.14736445248126984,0.08437230437994003,0.3809595388684314,0.018128016963601112,0.016432182863354683,0.028813512064516544,0.3882575988769534,0.03951375707983971,1.9207151150703472
pendulum,fm_direct,-,baseline,4,300,48770,0.9793226779926232,0.01769530449046545,0.9601139601139601,0.00040465351542741526,0.9995953464845726,0.039886039886039885,0.011379946688538036,0.006315357801927414,0.17594793438911438,0.11508145183324814,0.41737267015221435,0.020219391211867332,0.018597211688756943,0.031428283452987676,0.5680002391338341,0.05123838484287262,2.0456453442573546,0.02345115691423416,0.016311634331941605,0.05784789996947824,0.01208098791539669,0.011591361835598946,0.018722106236964468,0.032137978821992874,0.03093130048364401,0.05007031038403511,0.24385914206504822,0.15825016796588898,0.5814979483177455,0.02487693913280964,0.022362690418958664,0.038042981177568436,0.8959015011787415,0.0633126050233841,2.172448229789734
pendulum,fm_direct,-,baseline,5,350,48770,0.9866718498361748,0.039224933360672544,0.977659164694877,0.002579835448333566,0.9974201645516665,0.022340835305122986,0.03272503588271478,0.006499897477957761,0.2034791260957718,0.15178370475769043,0.43785172392811267,0.02071383222937584,0.018744539469480515,0.032222536578774455,0.5929722368717193,0.06123334653675553,2.083176553249359,0.030119318515062332,0.023002339527010918,0.06931241566735409,0.011498546227812767,0.010620693676173687,0.018493894673883918,0.03453703969717026,0.03233817592263222,0.055743041634559634,0.21093332767486572,0.13393738865852356,0.51256998466317,0.024215705692768097,0.021974850445985794,0.03692120350897313,0.7298119366168976,0.06498896703124046,2.0987937569618227
pendulum,fm_direct,-,baseline,6,400,48770,0.9725849301904923,0.020360877588681568,0.9466329225352113,0.0,1.0,0.053367077464788734,0.012528193561615747,0.00783268402706582,0.1720925122499466,0.12772108614444733,0.37898316734711024,0.01714997924864292,0.016116522252559662,0.027231428399682046,0.44314422011375354,0.04739301726222038,1.8633837747573843,0.009096737019717693,0.008903355337679386,0.01395024097805493,0.005716100800782442,0.005438446067273617,0.008931011380627752,0.02008394803851843,0.020333229564130306,0.031095854844897984,0.24640066921710968,0.18170049786567688,0.5431343345373804,0.025554072111845016,0.023017577826976776,0.040411144495010376,0.8354170918464661,0.061676204204559326,2.1081083536148073
pendulum,fm_direct,-,baseline,7,450,48770,0.98568281938326,0.03065409062948534,0.9725618038576473,0.0005195704883962591,0.9994804295116038,0.02743819614235262,0.0248103342218577,0.00584375640762764,0.18553410470485687,0.1252172291278839,0.43404315162276474,0.019250478595495224,0.01794058084487915,0.02999912379309535,0.6271672010421748,0.06192337907850732,2.0884404158592225,0.015533246099948883,0.01336807943880558,0.027966314585571573,0.008547459729015827,0.00814579613506794,0.013667606189846993,0.026704350113868718,0.02703351117670537,0.039695616737008096,0.23942159116268158,0.15653374791145325,0.5692205027197723,0.024367932230234146,0.022082004696130753,0.03870264664292336,0.7934879839420328,0.07831081822514548,2.1010570311546326
pendulum,fm_direct,-,baseline,8,500,48770,0.9740958648188942,0.059462784498667216,0.9494998912807132,0.0,1.0,0.0505001087192868,0.054377691203608775,0.0050850932950584375,0.27442753314971924,0.21026988327503204,0.5684390985387519,0.022418096661567688,0.021364212036132812,0.03474269751459361,0.8990952134132383,0.10889873802661895,2.594704771041869,0.012844077311456203,0.012362425215542316,0.020611117936839084,0.012174254283308983,0.011516894213855267,0.02012193836271763,0.02053137496113777,0.0209680438041687,0.03256580073386432,0.307405948638916,0.20361824333667755,0.7519544662709637,0.03526594117283821,0.030114352703094482,0.05351186767220498,1.0660289287567137,0.09383949041366577,4.125674171447754
pendulum,fm_direct,-,baseline,9,550,48770,0.9751041956098916,0.08964527373385278,0.9514178821232988,0.0,1.0,0.048582117876701185,0.08453967603034653,0.005105597703506254,0.25740066170692444,0.21267232298851013,0.492262269450837,0.024173233658075333,0.02103736251592636,0.03928654994815589,0.8404941856861112,0.2850352197885513,2.092551407814026,0.012237506918609142,0.011842514388263226,0.01983567538109374,0.010867240838706493,0.010164249688386917,0.018106510676443584,0.02355612963438034,0.023589852079749105,0.03753643311560154,0.29499420523643494,0.21639484167099,0.6618534971391404,0.03376986086368561,0.028284506872296333,0.056932337209582344,1.067116618156433,0.14337199926376343,2.1749200582504273
pendulum,fm_direct,-,baseline,10,600,48770,0.9766629711751663,0.04992823457043264,0.9543903363848112,0.0,1.0,0.04560966361518878,0.0458478572893172,0.00408037728111544,0.3080024719238281,0.2517024576663971,0.5839356918532554,0.025860942900180817,0.023456871509552002,0.0412036282941699,1.0876937866210936,0.1488956928253169,2.4434864020347598,0.011839297600090504,0.011257273145020008,0.019009835754212737,0.010263084433972836,0.009238405153155327,0.01700421180576086,0.022598891332745553,0.022617986425757408,0.03632782362401486,0.32659220695495605,0.23177626729011536,0.7408390855840868,0.04270373284816742,0.034913305193185806,0.06912295743823055,1.1815875172615051,0.15483906865119934,3.8389809250831606
pendulum,fm_direct,-,baseline,11,646,48770,0.9817287996722655,0.0675005126102112,0.9684250228999407,0.003083324046212712,0.9969166759537873,0.03157497710005927,0.059462784498667216,0.008037728111543982,0.25928181409835815,0.22313585877418518,0.46896167785704307,0.0224132277071476,0.018946781754493713,0.037250103615224364,0.8930711388587942,0.20774907469749423,2.0830098843574523,0.01685924641788006,0.016609327867627144,0.02106278623094711,0.005747159942984581,0.005549889989197254,0.009012571116909385,0.013708214275538921,0.013631615322083235,0.02198659097775817,0.33441686630249023,0.267581582069397,0.6649569010683791,0.03419987112283707,0.028240324929356575,0.05923641305416824,1.1666330575943005,0.14698182493448267,3.2428408455848796
pendulum,fm_direct,-,baseline,12,696,48770,0.9848166825678071,0.04525322944433053,0.9700875355781108,0.0,1.0,0.029912464421889266,0.04061923313512405,0.0046339963092064795,0.22059811651706696,0.15578924119472504,0.5187920000906107,0.01994047686457634,0.017152514308691025,0.03296592235565186,0.8632733345031737,0.09873662516474724,2.1103124475479125,0.009814964607357979,0.009549560956656933,0.01584831590900876,0.0064987302757799625,0.006238100118935108,0.010757234413176777,0.02247773762792349,0.022964039817452434,0.03605387896299363,0.3178842067718506,0.21579913794994354,0.7720113293896959,0.028921103104948997,0.023660726845264435,0.04877859689295293,1.274853563308716,0.12091744095087058,4.145594329833985
pendulum,fm_direct,-,baseline,13,736,48770,0.991100016280458,0.06772606110313717,0.9827270770555316,0.00026038760554997583,0.99973961239445,0.01727292294446836,0.062107853188435515,0.005618207914701661,0.18756531178951263,0.1314620077610016,0.41766120451416044,0.01894405484199524,0.016005320474505424,0.03176860101521016,0.6794664025306699,0.09911197721958159,1.7199979496002196,0.014501670375466347,0.011405540630221367,0.030519549541350485,0.006488128565251827,0.00608482863754034,0.010691834101453425,0.02884662952274089,0.027090547233819963,0.04542501822113992,0.18973733484745026,0.10587760806083679,0.49583553469516733,0.025507483631372452,0.020621299743652344,0.04346998408436775,0.6588681101799017,0.07050737440586093,2.085877885818481
pendulum,fm_direct,-,baseline,14,786,48770,0.993730074388948,0.12460529013737953,0.9993587688361655,0.009341507152091413,0.9906584928479086,0.0006412311638345624,0.11783883534960016,0.006766454787779373,0.2194867730140686,0.13497281074523926,0.5519541247157282,0.027717363089323044,0.02049577794969082,0.04203184526413681,0.730236703157425,0.10960918888449653,2.085680027008056,0.07578659802675247,0.034336626529693604,0.20815480206942308,0.014421746134757996,0.008519066497683525,0.020577566325664525,0.20865268260240555,0.020865951664745808,0.9611293345689775,0.1556406170129776,0.06757355481386185,0.4363463407796875,0.029291078448295593,0.024880290031433105,0.04634433723986149,0.3868541419506077,0.049837788194417955,1.2428486680984516
pendulum,fm_direct,-,baseline,15,836,48770,0.9960835156524322,0.07315972934180849,0.9925714593314313,0.0002629107981220657,0.999737089201878,0.0074285406685686605,0.06733647734262867,0.005823251999179824,0.24778908491134644,0.19722993671894073,0.5062206866496108,0.016995608806610107,0.011666263453662395,0.025443175341933966,0.7554410338401792,0.13633565604686737,2.091401450634003,0.014899496920406818,0.006893502548336983,0.04432110823659622,0.00621374323964119,0.004759030882269144,0.010461073322221636,0.021070897579193115,0.013082936871796846,0.03043062342330828,0.22892393171787262,0.12761937081813812,0.5705475786668807,0.03452366217970848,0.017494086176156998,0.05477661155164242,0.6485998630523682,0.07144898921251297,2.093788707256317
pendulum,fm_direct,-,baseline,16,886,48770,0.990087178512262,0.041111338937871646,0.9807381900355105,0.00024841193796799036,0.999751588062032,0.0192618099644894,0.03543161779782653,0.00567972114004511,0.16570575535297394,0.11819958686828613,0.3877396626170326,0.026850299909710884,0.02350740134716034,0.042769130878150464,0.4369101583957665,0.08372863531112669,1.5328040432929992,0.012880946509540081,0.010073385201394558,0.023631122890556418,0.007266393397003412,0.006777669303119183,0.01078311009332538,0.023161952570080767,0.01944000832736492,0.03903526104986672,0.21006527543067932,0.15008704364299774,0.4911819738339825,0.037940993905067444,0.0327749103307724,0.06303370818495752,0.6191864132881174,0.09017824083566665,2.0836838293075566
pendulum,fm_direct,-,baseline,17,927,48770,0.9967716976601477,0.08088989132663522,0.9962135352781185,0.0019176190841451255,0.9980823809158549,0.0037864647218814997,0.07789624769325405,0.0029936436333811768,0.19551171362400055,0.1685410737991333,0.41578886569522183,0.023263774812221527,0.020782891660928726,0.03863194193691016,0.48478170037269586,0.08094625473022458,1.872213698625563,0.024992989376187325,0.016570739448070526,0.0626385246812063,0.007978864945471287,0.0074099162593483925,0.013436552789062264,0.027890003472566618,0.0264159917831421,0.04638996504247192,0.14495228230953217,0.10046645998954773,0.3419688494758894,0.03276177495718002,0.026904750615358353,0.05642442852258684,0.2528573870658875,0.06181297302246097,0.9350235462188786
pendulum,fm_direct,-,baseline,18,957,48770,0.9976513291341945,0.06426081607545622,0.996268656716418,0.0006697425212085132,0.9993302574787915,0.0037313432835820895,0.06163625179413574,0.002624564281320484,0.14696863293647766,0.08351703733205795,0.372456737944864,0.02118128351867199,0.018372278660535812,0.03465709667652846,0.3873340278863905,0.07000045403838157,1.2209417223930357,0.021793365478515625,0.011059080250561237,0.0607238342863464,0.006899257190525532,0.006490460596978664,0.011723526753485206,0.020989356376230714,0.019303975254297254,0.033798659816384316,0.14954885840415955,0.08013665676116943,0.38549874499917136,0.03130149096250534,0.02451763115823269,0.05349815487861645,0.3387808263301849,0.060081979259848595,1.0638602221012117
pendulum,fm_direct,-,baseline,19,971,48770,0.9961661170540764,0.03053106417879844,0.9928388200085506,0.0003150267772760685,0.999684973222724,0.007161179991449338,0.02761943817920853,0.002911625999589912,0.15037992596626282,0.10426400601863861,0.3424977054595987,0.024057509377598763,0.021807443350553513,0.03898573815822602,0.3922179281711578,0.05655276328325271,1.3423126471042632,0.017516065388917923,0.009932799264788628,0.04837945342347031,0.007492762990295887,0.006908525247126818,0.012852393090724945,0.019594555348157894,0.01834281496703626,0.03146419569849968,0.17893759906291962,0.11029193550348282,0.43142772420903325,0.03669319674372673,0.030574236065149307,0.06072059161961079,0.45414193272590647,0.06147044450044632,1.4707770931720738
pendulum,fm_nonadapt,-,baseline,0,50,48770,0.9990266692622153,0.7375845806848472,1.0,0.000488663017982799,0.9995113369820172,0.0,0.7375845806848472,0.0,2.9187846183776855,2.881610155105591,4.031239142287648,2.46700382232666,2.100881576538086,6.105328440666199,6.28770751953125,6.28426423072815,6.393600902557373,3.3561699390411377,3.746894359588623,6.221742778455455,3.4637057781219482,6.24722957611084,6.2762847423553465,4.708484649658203,6.267086982727051,6.280257272720337,3.4259634017944336,3.4259767532348633,3.443996824529829,6.270543098449707,6.266629219055176,6.290724754333496,6.2876941680908205,6.2874250411987305,6.310122146606445
pendulum,fm_nonadapt,-,baseline,1,100,48770,0.9340810885354417,0.5162394914906705,0.8854802161408402,0.003360215053763441,0.9966397849462365,0.11451978385915984,0.5155833504203404,0.000656141070330121,3.4148964881896973,3.504279613494873,4.276395959719413,3.8989992141723633,5.194178581237793,6.242749476432801,6.293724584579468,6.289688491821289,6.347676949501038,3.3278849124908447,3.3742198944091797,6.140581597548689,3.1919586658477783,4.143568992614746,6.274350929260254,5.114804697036743,6.2610362529754635,6.280210037231446,3.3843255043029785,3.374701499938965,3.4603107196022433,6.266042709350586,6.263001918792725,6.292587041854858,6.291481399536133,6.289890098571777,6.331461343765259
pendulum,fm_nonadapt,-,baseline,2,150,48770,0.9833045480713875,0.187164240311667,0.9812111381454447,0.008653304354825727,0.9913466956451743,0.018788861854555285,0.18171006766454786,0.005454172647119131,3.252863645553589,3.1638741493225098,4.472612755674787,3.1472647190093994,3.142744541168213,6.2761489868164055,6.286608362197876,6.286012649536133,6.317355623245239,3.0085060596466064,2.7498972415924072,5.818089347875024,2.8406169414520264,1.9014191627502441,6.278049468994141,5.334602737426758,6.271768474578858,6.281580276489257,3.1565561294555664,3.1275558471679688,3.3398790517772707,1.733238935470581,2.089858055114746,2.539474534988409,6.2888407707214355,6.28820686340332,6.318402547836303
pendulum,fm_nonadapt,-,baseline,3,200,48770,0.9829524166354441,0.11574738568792291,0.9745542347696879,0.005005005005005005,0.994994994994995,0.025445765230312035,0.11207709657576378,0.0036702891121591142,3.2512834072113037,3.044316053390503,4.455806962875813,2.837784767150879,2.0689098834991455,6.275441336631775,6.287823724746704,6.285516881942749,6.3183601236343385,3.060540199279785,2.546639919281006,5.717503216793316,2.6786558628082275,0.07563547790050507,6.27706470489502,6.262379169464111,6.2736310958862305,6.281606435775757,3.215914726257324,3.177384853363037,3.457899293223174,2.5032260417938232,2.0936074256896973,4.200144910812378,6.290123176574707,6.2874527931213375,6.322508039474488
pendulum,fm_nonadapt,-,baseline,4,250,48770,0.993238122996211,0.09883124871847447,0.9920237540754541,0.0035482184208560546,0.9964517815791439,0.007976245924545877,0.09645273733852779,0.0023785113799466885,3.1277010440826416,2.9574527740478516,4.4437117703929605,2.8337526321411133,2.000947952270508,6.278496742248535,6.285353708267212,6.284454107284546,6.3059662199020385,2.848771095275879,2.3857743740081787,5.947832413077144,2.830108165740967,0.057098060846328735,6.279112935066223,4.7046431541442875,6.275490474700928,6.282104978561401,3.1956310272216797,3.1803770065307617,3.3518781985322077,4.188143730163574,4.192895412445068,6.233396482467651,6.287178993225098,6.286039352416992,6.310454583168029
pendulum,fm_nonadapt,-,baseline,5,300,48770,0.9823709612161148,0.06344063973754357,0.9834509894688115,0.011410861449602029,0.988589138550398,0.01654901053118852,0.059893377076071355,0.0035472626614722167,3.2814037799835205,3.2916879653930664,4.39601632420985,3.45365834236145,4.188681602478027,6.279357695579529,6.285177755355835,6.284228324890137,6.3005433988571165,3.1756014823913574,3.2225570678710938,5.773751217601305,3.1449599266052246,3.146223545074463,6.279862380027771,5.3159997940063475,6.276990127563477,6.282187051773072,3.297154426574707,3.270242929458618,3.471960468534607,5.496685981750488,6.243070602416992,6.276507425308227,6.287988901138306,6.285569429397583,6.313437628746033
pendulum,fm_nonadapt,-,baseline,6,350,48770,0.9801290616027518,0.05540291162599959,0.9729653459758437,0.007760141093474427,0.9922398589065256,0.027034654024156224,0.05083042854213656,0.004572483083863031,3.184063196182251,3.154710292816162,4.286360470944864,3.143312454223633,3.1444966793060303,6.280521202087402,6.283953237533569,6.283717632293701,6.295062160491944,3.0381345748901367,2.9944357872009277,5.723664586030896,3.1416256427764893,3.1416852474212646,6.280754518508911,5.023767566680908,6.279193496704101,6.282475271224976,3.2495148181915283,3.2254316806793213,3.383611644731353,4.823624610900879,4.202204704284668,6.2800633907318115,6.2853494644165036,6.284844017028808,6.301597166061401
pendulum,fm_nonadapt,-,baseline,7,400,48770,0.9825710609428003,0.07699405372155013,0.9809646152049515,0.009681236329735738,0.9903187636702643,0.019035384795048464,0.06153372975189666,0.015460323969653475,3.1342012882232666,2.969529390335083,4.455876083541724,2.8344430923461914,2.031925916671753,6.28023853302002,6.28371958732605,6.283538913726806,6.295418605804443,2.9109034538269043,2.4769127368927,6.037939457350984,2.8284430503845215,0.0653960257768631,6.280599308013915,4.711391592025757,6.278833484649658,6.282431569099426,3.2824759483337402,3.2620129585266113,3.447566113491475,5.3811774253845215,6.259528160095215,6.283049774169922,6.286111450195312,6.284801483154297,6.30271237373352
pendulum,fm_nonadapt,-,baseline,8,450,48770,0.9896148140007692,0.07108878408857905,0.9941488187237801,0.01000478169713466,0.9899952183028653,0.005851181276219916,0.058519581710067665,0.01256920237851138,3.2545320987701416,3.258504867553711,4.4644902843541745,3.1528573036193848,3.1565918922424316,6.279620099067688,6.284943628311157,6.28434476852417,6.3036987638473505,3.2742438316345215,3.309664249420166,6.071132719021065,3.149949073791504,3.1536664962768555,6.279804348945618,5.023273992538452,6.27729172706604,6.282238435745239,3.0912327766418457,3.064411163330078,3.241446037140516,0.966201901435852,0.07024748623371124,2.1511898279190067,6.286859512329102,6.285370349884033,6.308314180374145
pendulum,fm_nonadapt,-,baseline,9,500,48770,0.993234100135318,0.08006971498872258,0.9952249012556741,0.005340118987886173,0.9946598810121138,0.004775098744325886,0.0309821611646504,0.04908755382407218,3.17803692817688,3.073979377746582,4.449067206930093,2.848586082458496,2.0996782779693604,6.280381226539612,6.284306192398072,6.283897399902344,6.297306146621704,2.9468648433685303,2.658487558364868,5.9115842900019215,2.8302183151245117,0.0453132688999176,6.280668592453003,4.711431503295898,6.2787933349609375,6.282527589797974,3.255866289138794,3.2218267917633057,3.4305901555749307,5.3561248779296875,6.2569146156311035,6.281865048408509,6.288159370422363,6.285308408737182,6.306567854881287
pendulum,fm_nonadapt,-,baseline,10,550,48770,0.988235294117647,0.03532909575558745,0.9959097943842582,0.012260404075289243,0.9877395959247107,0.004090205615741764,0.01152347754767275,0.0238056182079147,3.148059129714966,3.0103495121002197,4.427288084528906,2.8354368209838867,2.0929269790649414,6.28137731552124,6.2834391593933105,6.283437728881836,6.288963389396668,3.0702579021453857,2.7260403633117676,6.026844340193626,2.8338990211486816,0.07644404470920563,6.281520700454712,5.0259504318237305,6.280521106719971,6.2827849960327145,3.1748878955841064,3.154926061630249,3.3432792507592666,3.001974105834961,4.1894097328186035,5.289802455902101,6.284682273864746,6.284283638000488,6.292068033218384
pendulum,fm_nonadapt,-,baseline,11,600,48770,0.9869100449356667,0.046606520401886405,0.9901433691756273,0.010230089731503788,0.9897699102684963,0.00985663082437276,0.02971088784088579,0.016895632561000615,3.0297300815582275,2.787724256515503,4.420964764801835,2.5966384410858154,0.046752333641052246,6.2806349992752075,6.284979915618896,6.284705638885498,6.29965033531189,2.6265430450439453,1.9989689588546753,5.92432983245343,2.5200302600860596,0.028314178809523582,6.280766439437866,4.083722114562988,6.276799011230469,6.282420291900635,3.1808576583862305,3.152127981185913,3.361938844211484,2.860715627670288,4.192219257354736,5.502927184104919,6.28832597732544,6.2862285614013675,6.309354090690613
pendulum,fm_nonadapt,-,baseline,12,650,48770,0.9922251018141429,0.5764404346934591,0.9847769028871391,0.00017966223499820338,0.9998203377650018,0.015223097112860892,0.535267582530244,0.04117285216321509,3.7620043754577637,3.888669729232788,4.765056937604541,4.40887451171875,6.242420196533203,6.273415279388428,6.341597414016723,6.312601137161255,6.620793380737304,4.932193279266357,5.548198699951172,6.2731772887758535,5.327949523925781,6.263341426849365,6.277943468093872,6.268367052078247,6.271067523956299,6.281361241340638,2.589359760284424,2.557093381881714,2.7188382687593613,0.06664092093706131,0.05642314255237579,0.12425502836704258,6.303795909881591,6.300138282775879,6.340808210372924
pendulum,fm_nonadapt,-,baseline,13,700,48770,0.9877011843303979,0.2383022349805208,0.9792262531988559,0.0020115665074176515,0.9979884334925824,0.02077374680114406,0.19261841295878615,0.045683822021734675,3.090571880340576,2.8959248065948486,4.475569013285403,2.528627872467041,1.3701375722885132,6.274367880821227,6.3073302745819095,6.298709201812744,6.394870891571045,2.549558401107788,2.1077022552490234,5.434087145555312,2.21964693069458,0.055859316140413284,6.2762133359909065,5.016972303390503,6.263567352294922,6.280869379043579,3.1504642963409424,3.107476234436035,3.43926587927621,1.495485782623291,2.021219491958618,4.176539611816406,6.316112518310547,6.301455545425415,6.401609625816345
pendulum,fm_nonadapt,-,baseline,14,750,48770,0.9628899026014056,0.3365593602624564,0.9285459517298775,4.1762372102735435e-05,0.9999582376278973,0.07145404827012246,0.2182694279270043,0.11828993233545212,3.256439447402954,3.284463405609131,4.516145222565781,3.4070944786071777,4.1418776512146,6.274855637550354,6.292146015167236,6.285438442230225,6.385070590972901,2.377101421356201,1.743348240852356,5.5401579397713485,2.2193872928619385,0.05185334384441376,6.2777159214019775,4.188929557800293,6.266946792602539,6.281386804580689,3.2563512325286865,3.207347869873047,3.6556111010615626,4.1162109375,4.192513465881348,6.229978322982788,6.298743820190429,6.288875675201416,6.402449884414674
pendulum,fm_nonadapt,-,baseline,15,800,48770,0.988411875068977,0.022308796391224114,0.9842299027419089,0.00451107417834006,0.9954889258216599,0.015770097258091104,0.0031781833094115235,0.01913061308181259,3.2295868396759033,3.1931700706481934,4.411809133289671,3.14626145362854,3.149932861328125,6.281657743453979,6.283461093902588,6.283473968505859,6.289476923942566,3.205538749694824,3.1430416107177734,6.025282888464696,3.1431949138641357,3.144437313079834,6.281720304489136,5.026089477539062,6.280926990509033,6.282839136123657,3.2446258068084717,3.2127766609191895,3.4092406686421746,5.223587989807129,5.232987403869629,6.2816774368286135,6.284390163421631,6.2842857360839846,6.2924490165710445
pendulum,fm_nonadapt,-,baseline,16,850,48770,0.9921226614151076,0.4816280500307566,0.9867095691102407,0.0009375172337726796,0.9990624827662273,0.013290430889759373,0.43264301824892354,0.0489850317818331,2.979992389678955,2.757753610610962,4.430241533091312,2.2325119972229004,0.8523942232131958,6.268893098831176,6.304828834533692,6.298034381866455,6.4177938127517695,2.449981212615967,1.7474431991577148,5.857504282297127,2.228337287902832,0.06135272979736328,6.2772691488265995,4.092590045928955,6.268428134918213,6.28108482837677,3.320281505584717,3.2933168411254883,3.500204134800809,5.75804328918457,6.251707553863525,6.30107307434082,6.305117130279541,6.297451972961426,6.361570215225219
pendulum,fm_nonadapt,-,baseline,17,900,48770,0.9879776399418027,0.19427927004305925,0.9769061861134247,0.00034498620055197794,0.999655013799448,0.0230938138865753,0.1074431002665573,0.08683616977650195,3.598762273788452,3.876401662826538,4.617552104242091,4.396247863769531,6.251638889312744,6.2764322519302365,6.280420112609863,6.275487470626831,6.333538131713867,4.6065592765808105,5.74192476272583,6.246370390313264,4.709818363189697,6.268019199371338,6.279081392288208,5.9560465812683105,6.273918151855469,6.281717300415039,3.336676836013794,3.2782492637634277,3.6982709930570214,5.016890525817871,5.214811325073242,6.264199733734131,6.299813127517701,6.278059673309326,6.470757021903993
pendulum,fm_nonadapt,-,baseline,18,950,48770,0.9947446789874748,0.3205659216731597,0.9932656987930732,0.001981384204220809,0.9980186157957792,0.00673430120692671,0.29376665983186384,0.026799261841295878,3.894214153289795,4.055826663970947,4.607879725331069,5.0352864265441895,6.248620986938477,6.275608062744141,6.290042543411255,6.287582683563232,6.360289578437805,5.285705089569092,5.842201232910156,6.26499684994158,6.238134384155273,6.264153003692627,6.277754592895508,6.27282829284668,6.2746423244476315,6.281549358367919,3.0753679275512695,3.0452287197113037,3.297423220949066,0.8338536024093628,0.06824062019586563,2.1162915229797363,6.29047417640686,6.288968086242676,6.3241127014160154
pendulum,fm_nonadapt,-,baseline,19,1000,48770,0.9941312692319892,0.1554234160344474,0.9891420996149233,0.0005128407432245848,0.9994871592567754,0.0108579003850767,0.12031986877178594,0.035103547262661475,3.2669503688812256,3.30395245552063,4.472010476084165,3.459998607635498,4.198200702667236,6.277891278266907,6.291359233856201,6.2907267093658445,6.324431681632996,3.463701009750366,3.692302703857422,6.10807306059041,3.4636056423187256,6.243106842041016,6.278694939613342,5.328514671325683,6.275588035583496,6.28186176776886,3.2544381618499756,3.227687120437622,3.49575646233238,5.028096675872803,5.005421161651611,6.291600918769836,6.294874763488769,6.293022966384887,6.341715660095215
pendulum,fm_ranked,-,baseline,0,100,48770,0.9497394702561875,0.30834529423826124,0.9106901217861976,0.0028186528497409326,0.9971813471502591,0.08930987821380243,0.30709452532294446,0.001250768915316793,0.3325332999229431,0.2590655982494354,0.6894834771662377,0.04044725000858307,0.03490538150072098,0.061092217452824116,1.1833761692047118,0.4284579813480372,2.128406641483307,0.1037161573767662,0.054364968091249466,0.26363251021883316,0.03164704889059067,0.031247472390532494,0.04900805689394474,0.3290770828723909,0.05523744225502015,1.8169965481758241,0.19051052629947662,0.1503080427646637,0.36456647086031063,0.023900503292679787,0.02272363193333149,0.0360953275114298,0.3468621551990539,0.050089961290359496,1.0891165971756023
pendulum,fm_ranked,-,baseline,1,150,48770,0.9881170346436905,0.2771375845806848,0.9793623683461429,0.0019337798320913121,0.9980662201679087,0.020637631653857104,0.24486364568382202,0.03227393889686282,0.31858521699905396,0.2298734039068222,0.7113182932848384,0.032109230756759644,0.02874702587723732,0.047497211769223224,1.1058672189712522,0.21533874571323344,2.1472310781478883,0.07152365893125534,0.03458556532859802,0.20410406052653865,0.025981014594435692,0.025457046926021576,0.03808465525507927,0.11510296911001226,0.04762899130582812,0.1456415513157845,0.13499777019023895,0.08794626593589783,0.30945203767782553,0.02209901623427868,0.021983813494443893,0.03191039860248566,0.21854278445243835,0.045330218970775604,0.29411005079746527
pendulum,fm_ranked,-,baseline,2,200,48770,0.9780183231034378,0.10250153783063358,0.9625066952329941,0.0035968555324829427,0.9964031444675171,0.037493304767005894,0.07717859339758049,0.025322944433053107,0.2901209592819214,0.19088932871818542,0.6800550013828526,0.023304317146539688,0.02133714035153389,0.034246448799967785,1.1218255877494812,0.08413266092538833,2.183296272754669,0.07218620181083679,0.03501177579164505,0.21131150835478762,0.019717786461114883,0.019051626324653625,0.029520540591329338,0.1979837223887445,0.042840061336755754,0.24737798102200242,0.283282995223999,0.16996631026268005,0.6894188158486942,0.02179766073822975,0.020141109824180603,0.03168451152741909,1.1610791683197021,0.048989176750183105,4.148162603378296
pendulum,fm_ranked,-,baseline,3,250,48770,0.9742051253294455,0.029854418700020504,0.9528850372970601,0.002097517364692937,0.997902482635307,0.04711496270293988,0.023559565306540905,0.006294853393479598,0.2305271029472351,0.1741100549697876,0.5081488226910215,0.01897941157221794,0.016366805881261826,0.029646486416459086,0.8268967032432555,0.06232558675110338,2.0990069675445557,0.03807477653026581,0.025287481024861336,0.0926455598547806,0.015218116343021393,0.014661220833659172,0.02397687900811434,0.04117422997951508,0.03654978573322297,0.06353367663919927,0.3026140332221985,0.23139166831970215,0.6686708535338937,0.020997822284698486,0.01652073673903942,0.03273484408855439,1.1836845874786415,0.07877370417118075,2.8000635457039094
pendulum,fm_ranked,-,baseline,4,300,48770,0.9813124981778957,0.04652450276809514,0.9633106290424132,0.0,1.0,0.036689370957586856,0.025507484109083454,0.021017018659011687,0.22610712051391602,0.18201497197151184,0.49517670635902317,0.025114938616752625,0.0234050415456295,0.03879174515604973,0.7118686854839319,0.06822347566485402,2.0934494590759276,0.020209847018122673,0.018275607377290726,0.03538405705746087,0.015976356342434883,0.015553340315818787,0.02522018626332283,0.03456375673413277,0.03389924466609956,0.052647576257586495,0.2905096411705017,0.23036038875579834,0.6520233845836705,0.029290441423654556,0.026911139488220215,0.04595863111317158,0.9943386316299438,0.07744008302688599,4.019784545898438
pendulum,fm_ranked,-,baseline,5,350,48770,0.9909655248863762,0.03102316998154603,0.9833351666483335,0.0007910576096302666,0.9992089423903697,0.016664833351666485,0.026163625179413574,0.004859544802132459,0.21624267101287842,0.1937304139137268,0.4126612426666538,0.01964881271123886,0.01815105229616165,0.03140863012522459,0.5076221704483032,0.05985464975237846,2.0088584327697747,0.02068265900015831,0.01579471491277218,0.04584711103892407,0.009351765736937523,0.00925857201218605,0.014217321528121829,0.031851130351424214,0.028578094765543936,0.047409090287983416,0.26777973771095276,0.2386145442724228,0.524121772433923,0.02784648910164833,0.023977138102054596,0.04494192451238633,0.7718849420547489,0.06748556494712836,2.1062387704849246
pendulum,fm_ranked,-,baseline,6,400,48770,0.9958372131237333,0.04260816075456223,0.9964921896409975,0.003093472070868633,0.9969065279291314,0.0035078103590024663,0.03940947303670289,0.0031986877178593397,0.2174108326435089,0.18192312121391296,0.46011472027736083,0.0181634109467268,0.016585247591137886,0.029307456035166983,0.6611712217330931,0.058437447622418405,2.0978297424316406,0.025533458217978477,0.01866031065583229,0.05724725476505246,0.006806700024753809,0.006571494042873383,0.010450920183211565,0.019006144255399704,0.017838037386536602,0.030067944079637535,0.261495441198349,0.22563520073890686,0.5493207120855549,0.027047818526625633,0.023204654455184937,0.04531494230031969,0.778332388401031,0.05666128620505333,2.2148145818710305
pendulum,fm_ranked,-,baseline,7,450,48770,0.9820146875433005,0.02634816485544392,0.9646648881145533,0.0,1.0,0.035335111885446725,0.023231494771375847,0.0031166700840680748,0.18395599722862244,0.14119750261306763,0.4030958673243845,0.018682237714529037,0.016768459230661392,0.03055043835192919,0.4678139299154281,0.06358678564429282,1.9809809660911557,0.010004922747612,0.009455140680074692,0.016248641417852535,0.007368957623839378,0.006661281920969486,0.012507215607911357,0.020693824440240868,0.02025401704013348,0.03335943229496479,0.26735061407089233,0.2055789828300476,0.5916571865109614,0.026722948998212814,0.022549178451299667,0.041860909014940266,0.8321844935417185,0.08250493109226227,2.2774576854705835
pendulum,fm_ranked,-,baseline,8,500,48770,0.972698523225114,0.11843346319458684,0.9468481699051062,0.0,1.0,0.05315183009489381,0.10127127332376461,0.017162189870822228,0.29338547587394714,0.25910767912864685,0.5354503796622849,0.0347696915268898,0.027502259239554405,0.05531362872570753,0.8577534139156341,0.22890501916408493,2.104929122924805,0.02104996144771576,0.01382902730256319,0.0408632317092534,0.011795304715633392,0.010240178555250168,0.018206413835287094,0.04029427245259286,0.030350513011217124,0.05596208639442921,0.28275659680366516,0.23651793599128723,0.5920113471556224,0.0448329895734787,0.03510204702615738,0.07441048622131348,0.8141981363296509,0.11030895262956619,2.103393578529358
pendulum,fm_ranked,-,baseline,9,550,48770,0.9744659546061415,0.12351855648964527,0.9511321062062225,0.0007398577828928439,0.9992601422171071,0.04886789379377749,0.1187615337297519,0.004757022759893377,0.2817799150943756,0.2553117573261261,0.48478727816880957,0.030803974717855453,0.025814175605773926,0.0530271027237177,0.8046093821525566,0.26593990623950947,2.0980339384078976,0.011830124072730541,0.0112950773909688,0.018057935612048746,0.007092463318258524,0.0067274002358317375,0.011255227401852608,0.020139036700129512,0.018502315506339077,0.03480737768113614,0.3040924370288849,0.2624039351940155,0.6158855444656705,0.046167951077222824,0.03620469570159912,0.07995685562491475,0.968835711479187,0.13843801617622375,2.167179298400879
pendulum,fm_ranked,-,baseline,10,600,48770,0.9667310221326841,0.09304900553619028,0.9356044194107452,0.0,1.0,0.06439558058925476,0.08732827557924953,0.005720729956940742,0.3067988455295563,0.2716887295246124,0.5780875918332748,0.037815287709236145,0.03191589564085007,0.059991592727601545,0.9748821079730987,0.2478461056947695,2.167194538116455,0.013722365722060204,0.013459811918437481,0.02144139391098673,0.012587673962116241,0.011941171251237392,0.02044124323874712,0.021765990182757378,0.02233932390809059,0.03370055474340916,0.38991105556488037,0.3322542905807495,0.793190164602884,0.05476030707359314,0.04485141858458519,0.08622547313570976,1.2802389621734624,0.5518144607543956,3.993632535934449
pendulum,fm_ranked,-,baseline,11,650,48770,0.9815843480640306,0.09678080787369285,0.9638347036380246,0.0,1.0,0.03616529636197539,0.09245437769120361,0.0043264301824892356,0.26059824228286743,0.23408028483390808,0.47976293459438973,0.028797682374715805,0.024236049503087997,0.048555608280003076,0.6264794588088989,0.21929739415645597,2.078170037269592,0.01139192096889019,0.010983613319694996,0.01831514073661874,0.009590407833456993,0.009218701161444187,0.015400432888418438,0.020692622289061546,0.020144346170127392,0.033890668675303465,0.31670206785202026,0.27752751111984253,0.6401086817667603,0.050963569432497025,0.03535725548863411,0.09212327226996422,0.9196881532669069,0.14761350750923158,2.2847765183448807
pendulum,fm_ranked,-,baseline,12,700,48770,0.9858194123650427,0.10086118515480828,0.9838113106405789,0.008969677726623274,0.9910303222733767,0.01618868935942107,0.09485339347959812,0.00600779167521017,0.30050286650657654,0.2501007914543152,0.5624783871254688,0.023100856691598892,0.017421510070562363,0.035815228894352916,1.1239986896514886,0.5872208952903737,2.0908348250389097,0.035710886120796204,0.0336187444627285,0.04650357560229019,0.005566949024796486,0.005181864835321903,0.009531448036432272,0.02051959224045277,0.01882145218551159,0.034073964804410946,0.351008802652359,0.261771559715271,0.7390858036257933,0.03744940832257271,0.022464735433459282,0.05566657017916442,1.1303497552871713,0.1457159012556087,3.879671752452852
pendulum,fm_ranked,-,baseline,13,750,48770,0.9878452439090564,0.025897067869591964,0.9759824156972069,0.0,1.0,0.024017584302793115,0.022185769940537215,0.003711297929054747,0.2746463716030121,0.21529312431812286,0.6170798224227089,0.021463606506586075,0.017926305532455444,0.03578157238662244,0.9587334990501396,0.1144084595143795,2.3761347794532774,0.008399606682360172,0.007918954826891422,0.013824575487371439,0.005993694998323917,0.005561086814850569,0.010354948788881303,0.01772400736808777,0.017416616529226304,0.028959592208266265,0.3825695514678955,0.2743074893951416,0.9041591485071983,0.05119229480624199,0.028856055811047554,0.08838275633752349,1.251400172710419,0.2016720280051236,4.169566421508789
pendulum,fm_ranked,-,baseline,14,800,48770,0.9941394698639712,0.10924748820996515,0.989140319905847,0.0006060850943472464,0.9993939149056528,0.010859680094152892,0.10543366823867131,0.0038138199712938283,0.203617125749588,0.1494380086660385,0.43201680551622595,0.02653246745467186,0.024457788094878197,0.04234881810843945,0.557470554113388,0.14122869670391072,1.5647140979766831,0.021479060873389244,0.015429103747010231,0.046774114208027705,0.012280585244297981,0.011530273593962193,0.017657043039798745,0.028719320893287662,0.026176146045327205,0.047686863169074126,0.26059532165527344,0.18696166574954987,0.5683502296211508,0.03203403204679489,0.029380623251199722,0.05145777724683286,0.8531131386756897,0.07365058958530428,2.1596819829940808
pendulum,fm_ranked,-,baseline,15,850,48770,0.9934820081878906,0.11123641582940332,0.9878414568826995,0.0006079027355623101,0.9993920972644377,0.012158543117300483,0.10711502973139225,0.004121386098011073,0.36720356345176697,0.289504736661911,0.7174571837237252,0.01948011852800846,0.017199695110321045,0.0316282544285059,1.319035542011261,0.7887673497199995,3.5656056642532348,0.011181967332959175,0.009702594950795174,0.020140303949903456,0.006287329830229282,0.00601635267958045,0.010193244321271779,0.018182647973299024,0.017026481032371518,0.03039325442165136,0.30045709013938904,0.19920606911182404,0.6784765237954017,0.0321192666888237,0.023441825062036514,0.052101920545101266,0.8814505100250254,0.11790842860937129,2.483987603187571
pendulum,fm_ranked,-,baseline,16,900,48770,0.9973590799375266,0.1716424031166701,0.9965949719085182,0.0014487663534989903,0.998551233646501,0.0034050280914817545,0.14051671109288497,0.031125692023785113,0.35494932532310486,0.3142208755016327,0.705680685404667,0.03750257194042206,0.030895594507455826,0.062385768815875056,1.247069513797759,0.4126583278179142,3.8197152161598162,0.02218894474208355,0.01934180036187172,0.03729452590444705,0.014800607226788998,0.013765119947493076,0.02504400443285704,0.03256121426820755,0.02820300906896592,0.054898338392376914,0.2786708474159241,0.19318436086177826,0.6540886134820497,0.04506218060851097,0.03669452294707298,0.0760972648859024,0.892947816848755,0.07424197793006901,2.9363724613189754
pendulum,fm_ranked,-,baseline,17,950,48770,0.9965750696933492,0.09776501947918803,0.9984572006171197,0.003967466772465781,0.9960325332275343,0.001542799382880247,0.09530449046545007,0.002460529013737954,0.2134856879711151,0.15537232160568237,0.4662171648632377,0.02264050580561161,0.017050892114639282,0.034496258944273,0.5831954240798938,0.07856722846627233,2.0729156589508055,0.053073950111866,0.018624313175678253,0.15657079209310515,0.0070020644925534725,0.005690751131623983,0.011206787312403321,0.13498864918947212,0.015887697413563728,0.14260272413492364,0.16348640620708466,0.10715562850236893,0.3590137713617085,0.02870352193713188,0.023675043135881424,0.04524454046040775,0.30775285065174107,0.04596188887953758,0.8147669017314916
pendulum,fm_ranked,-,baseline,18,1000,48770,0.9975556618311282,0.09374615542341604,0.9988826221134405,0.0027948354589828373,0.9972051645410172,0.0011173778865595403,0.09151117490260406,0.0022349805208119744,0.1641899049282074,0.10479176044464111,0.38814859631470705,0.015872996300458908,0.012983504682779312,0.025837125163525355,0.4301658421754831,0.07395833507180213,1.1078329575061807,0.024503005668520927,0.014529071748256683,0.06285073825255506,0.0059497058391571045,0.005281153135001659,0.009641924966126683,0.01935645155608655,0.015158622525632381,0.03009772408753635,0.15388759970664978,0.08944490551948547,0.391797582386541,0.02189648523926735,0.016162551939487457,0.03750445656478405,0.338517239689827,0.040357545390725134,1.0312281703948978
pendulum,fm_ranked,-,baseline,19,1050,48770,0.9975257402825444,0.13165880664342833,0.9978177560144773,0.0022070370527566743,0.9977929629472433,0.0021822439855226743,0.12975189665778142,0.0019069099856469142,0.3559137284755707,0.3210678994655609,0.5757170930712857,0.022261792793869972,0.02039072848856449,0.03677456993609667,0.9351852715015412,0.6198361098766323,2.085622489452362,0.02366543933749199,0.014178454875946045,0.06050819960695959,0.007178003434091806,0.006677860394120216,0.01169123919680715,0.017456188797950745,0.016655129194259644,0.027186777815222746,0.2369883954524994,0.19706156849861145,0.4222599500650165,0.03436420112848282,0.029956312850117683,0.05812504626810551,0.2998245745897298,0.05740980207920076,1.0289381015300756
pendulum,gated,greedy_diverse,0.5,0,100,48770,0.8503307183510228,0.39292597908550336,0.7396307198287396,0.0,1.0,0.2603692801712604,0.39292597908550336,0.0,0.31626513600349426,0.268736332654953,0.5603844523429871,0.07783393561840057,0.05410131439566612,0.11345428228378296,1.1440430879592896,1.3603689670562744,2.05611252784729,0.09579332172870636,0.0646432638168335,0.16235767304897308,0.07561689615249634,0.05954746901988983,0.1172783151268959,0.16979868710041046,0.09050705283880234,0.19190704822540283,0.18416444957256317,0.14301730692386627,0.3116089701652527,0.04516976699233055,0.03567570820450783,0.07393486052751541,0.34669849276542664,0.06981340050697327,2.057420015335083
pendulum,gated,greedy_diverse,0.5,1,200,48770,0.9851342123233703,0.300225548492926,0.970703933747412,0.0,1.0,0.02929606625258799,0.2987287266762354,0.0014968218166905884,0.241146981716156,0.16646598279476166,0.5245888829231262,0.07045713067054749,0.04480370879173279,0.09822756052017212,0.724908173084259,0.20162364840507507,2.056485414505005,0.08206337690353394,0.05212046951055527,0.17133404314517975,0.0553065724670887,0.04432857036590576,0.09273997694253922,0.1433359682559967,0.08234774321317673,0.19157926738262177,0.17298215627670288,0.08918778598308563,0.4238707423210144,0.049490638077259064,0.03500131517648697,0.07110128551721573,0.49904146790504456,0.06981782615184784,2.128653049468994
pendulum,gated,greedy_diverse,0.5,2,300,48770,0.9927441590480337,0.14162394914906706,0.9872997546543513,0.0008569898232458489,0.9991430101767541,0.012700245345648722,0.1404346934590937,0.0011892556899733443,0.14204704761505127,0.10450764745473862,0.28820034861564636,0.03401060029864311,0.0224483460187912,0.047326214611530304,0.3841860890388489,0.10625249892473221,1.2938194274902344,0.05179685726761818,0.04030275344848633,0.09307326376438141,0.035238511860370636,0.028263192623853683,0.05724991858005524,0.09011459350585938,0.07107256352901459,0.1278456747531891,0.10078445822000504,0.05292980372905731,0.23829995095729828,0.020566100254654884,0.014300691895186901,0.029205506667494774,0.21390213072299957,0.04776744917035103,0.5145862102508545
pendulum,gated,greedy_diverse,0.5,3,400,48770,0.9966906174532663,0.11396350215296289,0.9942894533341264,0.0005681602969584486,0.9994318397030415,0.0057105466658735355,0.11248718474472011,0.0014763174082427723,0.16140906512737274,0.12599626183509827,0.300811767578125,0.036056868731975555,0.024050824344158173,0.05149926245212555,0.4291824996471405,0.10456851869821548,1.6146659851074219,0.05412343516945839,0.03992919251322746,0.10328652709722519,0.04054133966565132,0.030053867027163506,0.06391061842441559,0.08620758354663849,0.07100125402212143,0.13097263872623444,0.09541154652833939,0.05030781775712967,0.22248201072216034,0.0214676596224308,0.01481064222753048,0.03051171824336052,0.18755662441253662,0.04832915961742401,0.28860020637512207
pendulum,gated,greedy_diverse,0.5,4,500,48770,0.9798787566103444,0.10596678285831454,0.9640251253093078,0.0020473402535828456,0.9979526597464171,0.035974874690692216,0.10471601394299775,0.001250768915316793,0.12286058068275452,0.09476588666439056,0.2393362671136856,0.02232474461197853,0.01528400182723999,0.03234688937664032,0.2661629617214203,0.08527380228042603,0.7998144030570984,0.05524022877216339,0.04197174683213234,0.11321324855089188,0.03121139109134674,0.02312409318983555,0.04761142283678055,0.09391865134239197,0.07317079603672028,0.14007510244846344,0.0943768173456192,0.06382416933774948,0.1912604123353958,0.010551845654845238,0.007793823257088661,0.01510391291230917,0.15199829638004303,0.0357503816485405,0.17228193581104279
pendulum,gated,greedy_diverse,0.5,5,600,48770,0.9937816604483269,0.07582530244002461,0.9890116524784157,0.0008067627766670174,0.999193237223333,0.010988347521584254,0.07471806438384253,0.0011072380561820791,0.09257286041975021,0.06738774478435516,0.18744097650051117,0.016775187104940414,0.012600954622030258,0.026603568345308304,0.14544963836669922,0.05983590707182884,0.21202045679092407,0.04162837937474251,0.030432524159550667,0.08315936475992203,0.02704634703695774,0.02023119479417801,0.04247811436653137,0.07345694303512573,0.05781444534659386,0.1141909807920456,0.058754608035087585,0.03195188567042351,0.1351514458656311,0.01003243587911129,0.007806297391653061,0.015485777519643307,0.09114868193864822,0.030119100585579872,0.09461183100938797
pendulum,gated,greedy_diverse,0.5,6,700,48770,0.9960500695410291,0.319643223293008,0.9932319982247865,0.00041377027474346245,0.9995862297252566,0.00676800177521358,0.3182694279270043,0.0013737953660036908,0.19739772379398346,0.14429260790348053,0.4084555506706238,0.07733547687530518,0.06348194181919098,0.118352971971035,0.5245926380157471,0.19929727911949158,1.9484890699386597,0.09628374129533768,0.07041557878255844,0.1811327338218689,0.07685330510139465,0.06635889410972595,0.11234436184167862,0.14114752411842346,0.10730738192796707,0.2044615000486374,0.11982786655426025,0.08061938732862473,0.26453304290771484,0.06195636838674545,0.05372308939695358,0.09985926002264023,0.21026791632175446,0.07789190113544464,0.1981644332408905
pendulum,gated,greedy_diverse,0.5,7,800,48770,0.9980025744595854,0.2337502563051056,0.9961013645224172,3.8337678270203954e-05,0.9999616623217298,0.003898635477582846,0.23303260200943202,0.0007176542956735698,0.16523605585098267,0.12242461740970612,0.34016644954681396,0.06126778945326805,0.04473038762807846,0.09315688908100128,0.3968013525009155,0.12886051833629608,1.795204997062683,0.07025761902332306,0.057146430015563965,0.12313985079526901,0.06263262033462524,0.05048418790102005,0.10366765409708023,0.10439710319042206,0.08849336206912994,0.17126460373401642,0.10572715848684311,0.05871279910206795,0.2513495981693268,0.0399894155561924,0.03207864984869957,0.0648244246840477,0.23525987565517426,0.0665176510810852,0.35045892000198364
pendulum,gated,greedy_diverse,0.5,8,900,48770,0.9939095503433976,0.1944638097190896,0.9935233160621761,0.002382155489785606,0.9976178445102144,0.006476683937823834,0.19362312897272912,0.0008406807463604675,0.109768345952034,0.0848030373454094,0.21720720827579498,0.03676600754261017,0.028947042301297188,0.057851411402225494,0.1594730168581009,0.08335014432668686,0.22767950594425201,0.06573167443275452,0.056060630828142166,0.11974126100540161,0.04611148685216904,0.036656856536865234,0.07526519149541855,0.10150701552629471,0.08666062355041504,0.15981543064117432,0.06499116867780685,0.038369204849004745,0.15291887521743774,0.02433817647397518,0.019425082951784134,0.03762282803654671,0.09964349865913391,0.050735168159008026,0.14127321541309357
pendulum,gated,greedy_diverse,0.5,9,1000,48770,0.996695991401616,0.2326225138404757,0.9951510333863275,0.0008854900382370698,0.9991145099617629,0.004848966613672496,0.22971088784088578,0.002911625999589912,0.18383121490478516,0.12673430144786835,0.3879251182079315,0.0660928264260292,0.043700844049453735,0.09511511027812958,0.472488135099411,0.16347838938236237,1.9906288385391235,0.09853150695562363,0.060392607003450394,0.2066797912120819,0.0681786760687828,0.04888384789228439,0.10749951750040054,0.1656235158443451,0.09781814366579056,0.21651986241340637,0.12154737114906311,0.05734894052147865,0.3061857521533966,0.045421551913022995,0.03473297879099846,0.07487589120864868,0.32697901129722595,0.06344032287597656,2.047785758972168
pendulum,gated,greedy_diverse,0.5,10,1100,48770,0.9981056121240824,0.0600779167521017,0.9963950121151233,0.00010373802690272831,0.9998962619730972,0.0036049878848767804,0.05439819561205659,0.00567972114004511,0.07815191894769669,0.046846821904182434,0.17766201496124268,0.019243795424699783,0.014250648207962513,0.031004182994365692,0.13360872864723206,0.052935559302568436,0.1461382806301117,0.03776244819164276,0.025448443368077278,0.07461954653263092,0.023586994037032127,0.018087051808834076,0.03876635432243347,0.07131705433130264,0.053157154470682144,0.0997406616806984,0.06381792575120926,0.02908417582511902,0.16028495132923126,0.014501460827887058,0.010817736387252808,0.022891828790307045,0.12322444468736649,0.037355124950408936,0.12615029513835907
pendulum,gated,greedy_diverse,0.5,11,1200,48770,0.9978862294062791,0.09062948533934796,0.9960903562119896,0.0001770789063606743,0.9998229210936393,0.003909643788010426,0.08337092474882099,0.007258560590526963,0.10753604769706726,0.0635588988661766,0.2442469298839569,0.03435192257165909,0.024474646896123886,0.049953073263168335,0.2325385957956314,0.07480552047491074,0.6358141303062439,0.06056428700685501,0.03995781019330025,0.12050006538629532,0.039794921875,0.030056510120630264,0.06149492785334587,0.1105755865573883,0.07616819441318512,0.1519378125667572,0.08726230263710022,0.04032570868730545,0.21940921247005463,0.024112235754728317,0.020169518887996674,0.036259692162275314,0.20664900541305542,0.05097750946879387,0.4198492169380188
pendulum,gated,greedy_diverse,0.5,12,1300,48770,0.9970029388657725,0.05199917982366209,0.9940237888018567,0.0,1.0,0.005976211198143313,0.028521632150912447,0.023477547672749642,0.0817156657576561,0.051781315356492996,0.1800016313791275,0.018562329933047295,0.01296450849622488,0.02890665829181671,0.13319148123264313,0.047473061829805374,0.12085519731044769,0.03557106480002403,0.02380410023033619,0.06238843873143196,0.02131265215575695,0.015938125550746918,0.033444128930568695,0.0727102980017662,0.0533476248383522,0.09040552377700806,0.06494072824716568,0.030799690634012222,0.16557300090789795,0.013594847172498703,0.009206244722008705,0.02099364623427391,0.12380941212177277,0.036488261073827744,0.10953257977962494
pendulum,gated,greedy_diverse,0.5,13,1400,48770,0.9945255992057864,0.03251999179823662,0.9915163169503988,0.0014574789004508017,0.9985425210995492,0.008483683049601266,0.009103957350830428,0.02341603444740619,0.05557423084974289,0.036792486906051636,0.11791855096817017,0.01397804357111454,0.01101736817508936,0.02299758791923523,0.06783948093652725,0.03941964730620384,0.08378377556800842,0.03594351187348366,0.026995709165930748,0.06179646775126457,0.02064097672700882,0.015791429206728935,0.03385628014802933,0.06351790577173233,0.05218846723437309,0.08542299270629883,0.0468321368098259,0.025637391954660416,0.1082935556769371,0.011717150919139385,0.009492296725511551,0.019159769639372826,0.05876925215125084,0.024482212960720062,0.06239018589258194
pendulum,gated,greedy_diverse,0.5,14,1500,48770,0.9970533498759304,0.16292802952634816,0.9948932219127206,0.00035842293906810036,0.9996415770609319,0.00510677808727948,0.1612056592167316,0.0017223703096165676,0.10835835337638855,0.07022000849246979,0.2425001859664917,0.04518062621355057,0.03543883562088013,0.07673732936382294,0.21069064736366272,0.08185241371393204,0.29148975014686584,0.07330872118473053,0.05090955272316933,0.149250790476799,0.053235627710819244,0.04464501887559891,0.09098109602928162,0.1134464219212532,0.08220045268535614,0.15403011441230774,0.08805733919143677,0.051237016916275024,0.20269721746444702,0.035750553011894226,0.028342194855213165,0.06286297738552094,0.15987756848335266,0.05616465583443642,0.1658892184495926
pendulum,gated,greedy_diverse,0.5,15,1600,48770,0.993430314406382,0.09688332991593193,0.9911048689138576,0.0021654693568899735,0.99783453064311,0.008895131086142321,0.09479188025425467,0.0020914496616772607,0.09271926432847977,0.05971300229430199,0.20005710422992706,0.041313569992780685,0.03054242581129074,0.06235371530056,0.1457761526107788,0.0848698765039444,0.17324846982955933,0.08001495152711868,0.06505897641181946,0.1405685842037201,0.06256045401096344,0.053837668150663376,0.08454450964927673,0.11957651376724243,0.1011449545621872,0.1583634316921234,0.07839273661375046,0.04290522634983063,0.18147607147693634,0.029638314619660378,0.023962993174791336,0.049908533692359924,0.12995325028896332,0.05228262394666672,0.13680507242679596
pendulum,gated,greedy_diverse,0.5,16,1700,48770,0.994049682264587,0.03477547672749641,0.9881697582266123,0.0,1.0,0.0118302417733877,0.009739594012712733,0.02503588271478368,0.05550827085971832,0.02974608726799488,0.13091935217380524,0.015446905046701431,0.01169122476130724,0.024399206042289734,0.07870481163263321,0.041170865297317505,0.09684652090072632,0.032286401838064194,0.020868917927145958,0.06278123706579208,0.01964321918785572,0.013767059892416,0.02985893376171589,0.06551000475883484,0.04996516928076744,0.08850359171628952,0.05517823249101639,0.026641573756933212,0.135137677192688,0.013447754085063934,0.01065031997859478,0.021430281922221184,0.0788484588265419,0.028533227741718292,0.07760391384363174
pendulum,gated,greedy_diverse,0.5,17,1800,48770,0.9959817098517391,0.017346729546852572,0.9921598939929329,0.00010063061854286865,0.9998993693814572,0.007840106007067138,0.003731802337502563,0.01361492720935001,0.03578267991542816,0.02241854928433895,0.07926099002361298,0.011249284259974957,0.009034950286149979,0.018248751759529114,0.04849737882614136,0.0291309654712677,0.05966748669743538,0.024196339771151543,0.017456388100981712,0.04443107917904854,0.013392256572842598,0.01033711712807417,0.02068779617547989,0.05044151842594147,0.04118337109684944,0.06309930235147476,0.036154914647340775,0.021187160164117813,0.08271420001983643,0.010346408933401108,0.008425474166870117,0.0167826097458601,0.04020577296614647,0.022344641387462616,0.05053992196917534
pendulum,gated,greedy_diverse,0.5,18,1900,48770,0.9952352590827873,0.10309616567562026,0.9910378912685338,0.00028004340672804285,0.999719956593272,0.008962108731466228,0.10096370719704736,0.002132458478572893,0.10349955409765244,0.06467196345329285,0.23690557479858398,0.0398540198802948,0.029564686119556427,0.06589583307504654,0.21166011691093445,0.06741387397050858,0.28529882431030273,0.06404593586921692,0.03873299062252045,0.1368732899427414,0.03952614963054657,0.03051481954753399,0.06788431107997894,0.10068647563457489,0.06818175315856934,0.1318516731262207,0.09774448722600937,0.06264481693506241,0.22188983857631683,0.03530105575919151,0.02548939734697342,0.05686773359775543,0.18054570257663727,0.05233759433031082,0.1808938980102539
pendulum,gated,greedy_diverse,1.0,0,100,48770,0.8502460024600246,0.39311051876153374,0.7395025407863065,0.0,1.0,0.2604974592136935,0.39311051876153374,0.0,0.31631186604499817,0.268795371055603,0.5604145526885986,0.07781888544559479,0.0541098415851593,0.11354581266641617,1.1436419486999512,1.3600493669509888,2.0560781955718994,0.09575282782316208,0.06467790901660919,0.1622544527053833,0.07543107867240906,0.05969395115971565,0.11735599488019943,0.16949042677879333,0.09038711339235306,0.19295455515384674,0.18393021821975708,0.1428920328617096,0.31088531017303467,0.045164670795202255,0.03566676005721092,0.07391976565122604,0.34598788619041443,0.06979354470968246,2.056849241256714
pendulum,gated,greedy_diverse,1.0,1,200,48770,0.9553050572393526,0.1900553619028091,0.9144344613317659,0.0,1.0,0.0855655386682341,0.18859954890301414,0.001455812999794956,0.21910689771175385,0.17076556384563446,0.40187087655067444,0.048494644463062286,0.03153764083981514,0.06604813039302826,0.6555821895599365,0.21493639051914215,2.0229344367980957,0.06822797656059265,0.04256363585591316,0.13317236304283142,0.04745987057685852,0.03429042920470238,0.0715627372264862,0.12311592698097229,0.07406460493803024,0.15207217633724213,0.19251452386379242,0.13924293220043182,0.3602968752384186,0.03485541418194771,0.02598603069782257,0.051212821155786514,0.5476405620574951,0.06828348338603973,2.098449468612671
pendulum,gated,greedy_diverse,1.0,2,300,48770,0.9540551338393928,0.12930079967192948,0.9121466768525592,0.0,1.0,0.08785332314744079,0.12841911010867335,0.0008816895632561,0.18504521250724792,0.14939233660697937,0.32802557945251465,0.031940922141075134,0.023155642673373222,0.047910723835229874,0.4996297061443329,0.14578227698802948,1.9598829746246338,0.050066135823726654,0.037301722913980484,0.09083987027406693,0.03592727333307266,0.027799371629953384,0.057331621646881104,0.09141124784946442,0.07367125898599625,0.13192763924598694,0.1722455471754074,0.1323723942041397,0.3002729117870331,0.022610826417803764,0.018657740205526352,0.03769901022315025,0.4144112467765808,0.05743040516972542,2.063115119934082
pendulum,gated,greedy_diverse,1.0,3,400,48770,0.9626343525768899,0.08648759483288906,0.9336413514293965,0.0038917648786577085,0.9961082351213423,0.06635864857060353,0.08417059667828583,0.0023169981546032397,0.16965340077877045,0.13879568874835968,0.28631630539894104,0.032780736684799194,0.023365894332528114,0.04610387980937958,0.44534775614738464,0.13987044990062714,1.6145573854446411,0.06578679382801056,0.05129362642765045,0.1194639503955841,0.03535926714539528,0.026852907612919807,0.052044399082660675,0.10128764808177948,0.07640470564365387,0.11314921081066132,0.1526051163673401,0.11931508034467697,0.25649598240852356,0.02529871091246605,0.018618177622556686,0.035952769219875336,0.2902067303657532,0.059423256665468216,1.631532907485962
pendulum,gated,greedy_diverse,1.0,4,500,48770,0.9713396757015498,0.09846216936641378,0.9491902005496112,0.00331286059929276,0.9966871394007072,0.05080979945038882,0.09653475497231905,0.0019274143940947303,0.16526366770267487,0.13098923861980438,0.2939603626728058,0.03111547976732254,0.020745335146784782,0.039888352155685425,0.4165375828742981,0.12887585163116455,1.7532836198806763,0.07145973294973373,0.054437585175037384,0.12191580981016159,0.040135618299245834,0.030538029968738556,0.052819207310676575,0.12636305391788483,0.09867559373378754,0.13691791892051697,0.13482555747032166,0.09789019823074341,0.24487300217151642,0.01915440708398819,0.014773212373256683,0.027075301855802536,0.25884172320365906,0.053740840405225754,0.9436727166175842
pendulum,gated,greedy_diverse,1.0,5,600,48770,0.9807376800145834,0.07098626204633997,0.9663513351694408,0.0025169544850730616,0.997483045514927,0.03364866483055921,0.06996104162394914,0.001025220422390814,0.11803687363862991,0.0942298024892807,0.21112267673015594,0.01863091252744198,0.013158801943063736,0.024333588778972626,0.2280224859714508,0.08083957433700562,0.47126829624176025,0.05512915179133415,0.04027017951011658,0.10026891529560089,0.028526250272989273,0.021077612414956093,0.03881537914276123,0.10079406201839447,0.075043685734272,0.11166727542877197,0.08569484949111938,0.06086988374590874,0.1563982367515564,0.010506235994398594,0.008577074855566025,0.014529620297253132,0.11133767664432526,0.03180477023124695,0.09186625480651855
pendulum,gated,greedy_diverse,1.0,6,700,48770,0.997127959177983,0.03850727906499898,0.9959893048128342,0.0010711817553559087,0.9989288182446441,0.004010695187165776,0.03676440434693459,0.001742874718064384,0.0901699960231781,0.06887100636959076,0.1639416217803955,0.014403951354324818,0.010078812018036842,0.019539814442396164,0.10392088443040848,0.05704884976148605,0.12317175418138504,0.048466477543115616,0.031939905136823654,0.09706541150808334,0.028754403814673424,0.02037062495946884,0.03603777661919594,0.08240816742181778,0.06534422934055328,0.11535975337028503,0.048999104648828506,0.025064390152692795,0.11535237729549408,0.009095500223338604,0.007495028432458639,0.013324684463441372,0.07163898646831512,0.024662397801876068,0.05402730777859688
pendulum,gated,greedy_diverse,1.0,7,800,48770,0.9921716602838477,0.03582120155833504,0.9902197740430555,0.0035577449370552817,0.9964422550629447,0.009780225956944522,0.031228214066024194,0.004592987492310847,0.07636990398168564,0.05821479484438896,0.1401100605726242,0.01248290203511715,0.009739580564200878,0.018678057938814163,0.0993126928806305,0.05706949904561043,0.12044618278741837,0.052867233753204346,0.04048873484134674,0.08620413392782211,0.029968993738293648,0.02182774618268013,0.040288232266902924,0.08448014408349991,0.0634995847940445,0.10562154650688171,0.04896869510412216,0.03062509559094906,0.10404226928949356,0.007587362080812454,0.006738400552421808,0.011635815724730492,0.06520379334688187,0.024416213855147362,0.06893723458051682
pendulum,gated,greedy_diverse,1.0,8,900,48770,0.9970994314885718,0.044884150092269835,0.9983736059479554,0.002451898518644645,0.9975481014813553,0.0016263940520446097,0.04334631945868362,0.001537830633586221,0.05986730754375458,0.03898802772164345,0.1230166107416153,0.0163382850587368,0.011698098853230476,0.024835586547851562,0.09298054873943329,0.053915295749902725,0.09993095695972443,0.04937448352575302,0.03574524074792862,0.08451499789953232,0.0255268681794405,0.017435019835829735,0.03201883286237717,0.08796004205942154,0.06771785765886307,0.09263650327920914,0.04172694310545921,0.019115764647722244,0.100136399269104,0.012203093618154526,0.009104646742343903,0.019258979707956314,0.05600590631365776,0.02357216365635395,0.06346765905618668
pendulum,gated,greedy_diverse,1.0,9,1000,48770,0.9981304238636046,0.03225343448841501,0.9986041317699609,0.0014340833817051933,0.9985659166182949,0.0013958682300390843,0.030838630305515684,0.0014148041828993233,0.0628984346985817,0.03720095008611679,0.14131756126880646,0.017038356512784958,0.012591134756803513,0.02512294612824917,0.09949200600385666,0.05159128084778786,0.11461848020553589,0.04769261181354523,0.03055531159043312,0.09649097174406052,0.025094985961914062,0.018383637070655823,0.03503343462944031,0.08793573081493378,0.061877209693193436,0.10848251730203629,0.04436950758099556,0.020769521594047546,0.10992532223463058,0.01262582652270794,0.009507790207862854,0.020405016839504242,0.06125769391655922,0.02763943001627922,0.07009921967983246
pendulum,gated,greedy_diverse,1.0,10,1100,48770,0.9965245401373231,0.027803977855238877,0.9946976534296029,0.0009768914639897595,0.9990231085360103,0.005302346570397112,0.026163625179413574,0.0016403526758253025,0.05340144783258438,0.03341558203101158,0.11501024663448334,0.013674402609467506,0.010571673512458801,0.020271949470043182,0.07926208525896072,0.046700164675712585,0.09565549343824387,0.04622882977128029,0.028802359476685524,0.09348635375499725,0.025049125775694847,0.017964713275432587,0.03407418355345726,0.08553057163953781,0.06036811321973801,0.09707994014024734,0.040431831032037735,0.021523667499423027,0.09232882410287857,0.010845360346138477,0.008476938121020794,0.016291113570332527,0.05399078503251076,0.02222294732928276,0.0631374642252922
pendulum,gated,greedy_diverse,1.0,11,1200,48770,0.9917116664573653,0.06124666803362723,0.9835595964628223,0.0,1.0,0.016440403537177732,0.008037728111543982,0.05320893992208325,0.054834794253110886,0.03196569159626961,0.12708435952663422,0.017338182777166367,0.012430095113813877,0.028785616159439087,0.08190635591745377,0.04463404789566994,0.10848847031593323,0.02941669337451458,0.023277217522263527,0.04667190834879875,0.019380193203687668,0.014302857220172882,0.03043886087834835,0.06699323654174805,0.0574253648519516,0.09769289940595627,0.05451132729649544,0.028136922046542168,0.13383689522743225,0.015113397501409054,0.011003958061337471,0.025249242782592773,0.0685296431183815,0.025557981804013252,0.07508458197116852
pendulum,gated,greedy_diverse,1.0,12,1300,48770,0.9914265169533713,0.01609596063153578,0.9829987934627619,0.0,1.0,0.017001206537238127,0.004100881689563256,0.011995078941972524,0.06357630342245102,0.03333303704857826,0.1497141420841217,0.020722348242998123,0.015893496572971344,0.03332323580980301,0.09882152825593948,0.04491283372044563,0.10911805182695389,0.03375321999192238,0.02328941412270069,0.060729190707206726,0.022064434364438057,0.016443856060504913,0.03328516334295273,0.06835857033729553,0.0535360611975193,0.09231962263584137,0.0712519958615303,0.03436104953289032,0.17198841273784637,0.019751515239477158,0.015272794291377068,0.032510705292224884,0.1336844116449356,0.03762092441320419,0.12236815690994263
pendulum,gated,greedy_diverse,1.0,13,1400,48770,0.9975445058317987,0.020586426081607545,0.9952118478926563,6.710283509478275e-05,0.9999328971649052,0.004788152107343689,0.003506253844576584,0.017080172237030962,0.04334317892789841,0.027348047122359276,0.09284811466932297,0.012152938172221184,0.009190550073981285,0.01805071160197258,0.06396909803152084,0.039615340530872345,0.08159280568361282,0.03275907039642334,0.02371206134557724,0.06018337607383728,0.020900318399071693,0.016189124435186386,0.032087501138448715,0.06814301759004593,0.05589243397116661,0.09649797528982162,0.03729670122265816,0.020291438326239586,0.08295997977256775,0.009536463767290115,0.007279699202626944,0.014573783613741398,0.04104461893439293,0.016641471534967422,0.03539348393678665
pendulum,gated,greedy_diverse,1.0,14,1500,48770,0.9967384213959556,0.02624564281320484,0.9938914027149321,0.00023482053002348206,0.9997651794699766,0.006108597285067873,0.007320073815870412,0.018925568997334427,0.05059879645705223,0.028852149844169617,0.11712251603603363,0.014856552705168724,0.010600324720144272,0.024104230105876923,0.06659559160470963,0.03698015585541725,0.0798608809709549,0.030490851029753685,0.02263736166059971,0.052396420389413834,0.019124995917081833,0.013932826928794384,0.028869537636637688,0.06376605480909348,0.05352073907852173,0.07513342797756195,0.049281489104032516,0.0227352362126112,0.12281673401594162,0.013124249875545502,0.009517397731542587,0.021803149953484535,0.0560186430811882,0.02370770275592804,0.07145911455154419
pendulum,gated,greedy_diverse,1.0,15,1600,48770,0.9930775886933949,0.0697765019479188,0.9895384261654309,0.0020736503396496246,0.9979263496603503,0.01046157383456918,0.06655730982161165,0.003219192126307156,0.12255728989839554,0.08290808647871017,0.26907867193222046,0.05214130878448486,0.03715071454644203,0.07837998121976852,0.2494858354330063,0.08976640552282333,0.6047109961509705,0.08063381910324097,0.05396333336830139,0.15780605375766754,0.056943606585264206,0.042099423706531525,0.09170301258563995,0.12671436369419098,0.08248487114906311,0.18008962273597717,0.11627142131328583,0.08019883185625076,0.2599502503871918,0.043483395129442215,0.03035295009613037,0.06605076044797897,0.23641029000282288,0.0667848289012909,0.3307766914367676
pendulum,gated,greedy_diverse,1.0,16,1700,48770,0.9945290800437674,0.01984826737748616,0.9891176963000168,0.0,1.0,0.010882303699983258,0.0011072380561820791,0.01874102932130408,0.037858955562114716,0.02247771993279457,0.08471988886594772,0.010905740782618523,0.008111759088933468,0.017463896423578262,0.055233459919691086,0.031117483973503113,0.06861182302236557,0.02532459795475006,0.019074998795986176,0.042013660073280334,0.013821350410580635,0.009832092560827732,0.021921394392848015,0.06018442660570145,0.04970289394259453,0.08255728334188461,0.03898167982697487,0.02130112797021866,0.09081202000379562,0.009566166438162327,0.007132405880838633,0.015031245537102222,0.04036194831132889,0.019875263795256615,0.04536338150501251
pendulum,gated,greedy_diverse,1.0,17,1800,48770,0.9986355155801845,0.019971293828173056,0.9975521557719054,0.0001676670802454646,0.9998323329197545,0.002447844228094576,0.0076891531679311054,0.012282140660241952,0.03919543698430061,0.02403610199689865,0.08476496487855911,0.012785458005964756,0.009934520348906517,0.018758509308099747,0.0559903122484684,0.03332334756851196,0.07394351810216904,0.029448438435792923,0.022123252972960472,0.051308467984199524,0.017500724643468857,0.013190068304538727,0.027087688446044922,0.06282876431941986,0.05277196317911148,0.08904728293418884,0.03595708683133125,0.018222767859697342,0.08263149857521057,0.010780474171042442,0.008287375792860985,0.015604645013809204,0.03769552707672119,0.018148524686694145,0.040771543979644775
pendulum,gated,greedy_diverse,1.0,18,1900,48770,0.9974441066480131,0.005105597703506254,0.9951683040747302,0.00016725764367431592,0.9998327423563257,0.00483169592526977,0.000656141070330121,0.004449456633176133,0.030631981790065765,0.0178951695561409,0.06731613725423813,0.009036635980010033,0.007072210777550936,0.014399081468582153,0.042053766548633575,0.025077715516090393,0.05339011549949646,0.024479007348418236,0.017558174207806587,0.04638282209634781,0.013987056910991669,0.010628767311573029,0.02068917453289032,0.05013302341103554,0.04138574004173279,0.06873427331447601,0.029954908415675163,0.015544473193585873,0.06869371235370636,0.0076791467145085335,0.005923924036324024,0.012428529560565948,0.02802794985473156,0.015378223732113838,0.030363673344254494
pendulum,mode_sep,greedy_diverse,0.5,0,100,48770,0.8525957972805933,0.3940742259585811,0.7430649070832211,0.0,1.0,0.2569350929167789,0.3940742259585811,0.0,0.3161359131336212,0.2688165605068207,0.5606136918067932,0.07804478704929352,0.05413585901260376,0.1133141741156578,1.139876365661621,1.3369768857955933,2.056396245956421,0.09630018472671509,0.06470614671707153,0.16517913341522217,0.07607599347829819,0.05991647019982338,0.11801662296056747,0.1697174459695816,0.09006558358669281,0.19673021137714386,0.18367503583431244,0.14315544068813324,0.3118731677532196,0.04543796926736832,0.035707175731658936,0.07392378151416779,0.35344797372817993,0.06950857490301132,2.0582334995269775
pendulum,mode_sep,greedy_diverse,0.5,1,200,48770,0.9645443009629022,0.37650194791880254,0.9315167243367936,0.0,1.0,0.06848327566320646,0.37463604675005124,0.0018659011687512815,0.26651811599731445,0.19074906408786774,0.5647199749946594,0.09539790451526642,0.05606526508927345,0.12977716326713562,0.769791305065155,0.2898087203502655,2.0661680698394775,0.09459657222032547,0.057028383016586304,0.21915504336357117,0.0655791386961937,0.05070081353187561,0.1093730553984642,0.15712571144104004,0.08820939064025879,0.21406729519367218,0.20680971443653107,0.11585337668657303,0.48153257369995117,0.06595026701688766,0.04216486215591431,0.08879979699850082,0.5781887769699097,0.07961555570363998,2.152012825012207
pendulum,mode_sep,greedy_diverse,0.5,2,300,48770,0.9951625742453004,0.0965962681976625,0.991701244813278,0.0007950561960174912,0.9992049438039825,0.008298755186721992,0.09442280090219397,0.0021734672954685256,0.14834994077682495,0.10241225361824036,0.3152126967906952,0.039830051362514496,0.026726044714450836,0.05708039551973343,0.3991498649120331,0.10388701409101486,1.7032335996627808,0.05508328974246979,0.041640229523181915,0.09567257761955261,0.03409738838672638,0.026657916605472565,0.05485200509428978,0.11241772770881653,0.0877896398305893,0.14409375190734863,0.11556623131036758,0.05595339089632034,0.2869751453399658,0.03606965020298958,0.022475339472293854,0.04799322411417961,0.2964399456977844,0.060806673020124435,2.0007941722869873
pendulum,mode_sep,greedy_diverse,0.5,3,400,48770,0.995366938472943,0.1205249128562641,0.9913862056235772,0.000375389466571568,0.9996246105334284,0.008613794376422814,0.11902809103957351,0.0014968218166905884,0.16027212142944336,0.12379112094640732,0.3054617941379547,0.033106185495853424,0.024273119866847992,0.04915887117385864,0.4385598599910736,0.12234523892402649,1.6232489347457886,0.05662556737661362,0.04190729930996895,0.10694985836744308,0.04002953693270683,0.03133199363946915,0.06177753955125809,0.10121781378984451,0.07806374132633209,0.14962899684906006,0.09536109864711761,0.051433857530355453,0.22348599135875702,0.019363634288311005,0.015785031020641327,0.03046485222876072,0.1953151673078537,0.03946823254227638,0.37768587470054626
pendulum,mode_sep,greedy_diverse,0.5,4,500,48770,0.9911415874510727,0.07391839245437769,0.9840462833099579,0.0009981107189961857,0.9990018892810039,0.015953716690042075,0.07285216321509125,0.0010662292392864465,0.12199162691831589,0.08937104791402817,0.24687033891677856,0.025044996291399002,0.017819110304117203,0.03733833506703377,0.28730708360671997,0.07255148887634277,0.926482617855072,0.051581501960754395,0.03878665342926979,0.08949167281389236,0.035579290241003036,0.026649437844753265,0.05412955582141876,0.08641070127487183,0.0675826296210289,0.11787448823451996,0.08409231156110764,0.04553619399666786,0.1926601529121399,0.01367631834000349,0.011049017310142517,0.02117038518190384,0.1670645773410797,0.030246123671531677,0.28334999084472656
pendulum,mode_sep,greedy_diverse,0.5,5,600,48770,0.9957132298595713,0.08427311872052491,0.9922224840914448,0.0004695174804969662,0.999530482519503,0.007777515908555267,0.08341193356571663,0.0008611851548082838,0.11058996617794037,0.08105547726154327,0.2248769998550415,0.02724931575357914,0.01906260848045349,0.04053673893213272,0.2251410186290741,0.07858970761299133,0.5275524854660034,0.047359321266412735,0.037065912038087845,0.08193576335906982,0.03411524370312691,0.026501402258872986,0.050739046186208725,0.08671697229146957,0.06983125954866409,0.12944477796554565,0.06909874826669693,0.03679995238780975,0.16121135652065277,0.017093008384108543,0.011812079697847366,0.02402464672923088,0.11516213417053223,0.03805512934923172,0.14178331196308136
pendulum,mode_sep,greedy_diverse,0.5,6,700,48770,0.9971142945480779,0.3022144761123642,0.9942451957661083,0.0,1.0,0.005754804233891686,0.3022144761123642,0.0,0.18954740464687347,0.13227953016757965,0.39556318521499634,0.0720081627368927,0.04965979978442192,0.11027728021144867,0.5047962665557861,0.17790353298187256,1.8656113147735596,0.06718183308839798,0.05544881522655487,0.11807723343372345,0.061481378972530365,0.05110316723585129,0.10787194967269897,0.10239623486995697,0.0862501785159111,0.17725375294685364,0.10969407111406326,0.05902101472020149,0.24810422956943512,0.047184571623802185,0.0367145836353302,0.07953773438930511,0.20618820190429688,0.06590573489665985,0.229314923286438
pendulum,mode_sep,greedy_diverse,0.5,7,800,48770,0.9957772499340196,0.2783268402706582,0.9917203311867525,3.6248957842462026e-05,0.9999637510421575,0.00827966881324747,0.2773016198482674,0.001025220422390814,0.11602705717086792,0.07419221848249435,0.26079100370407104,0.041587091982364655,0.030794436112046242,0.05940671265125275,0.2665816843509674,0.09116615355014801,0.7894845604896545,0.07097530364990234,0.04799991846084595,0.14904755353927612,0.052232686430215836,0.04311561584472656,0.07797548174858093,0.1109650656580925,0.08228056132793427,0.1807457059621811,0.07940485328435898,0.040185485035181046,0.19382810592651367,0.024670930579304695,0.020761340856552124,0.04036141186952591,0.15828263759613037,0.04910598695278168,0.18078570067882538
pendulum,mode_sep,greedy_diverse,0.5,8,900,48770,0.9990746566976348,0.14199302850112774,0.9981510243325198,0.0,1.0,0.001848975667480216,0.06366618823046954,0.07832684027065819,0.08298078179359436,0.052142661064863205,0.1876204013824463,0.020539849996566772,0.014899113215506077,0.03138679265975952,0.15189288556575775,0.06246816739439964,0.19378072023391724,0.03211257979273796,0.02473072148859501,0.05112727731466293,0.021787721663713455,0.0166713185608387,0.03450717031955719,0.06765267252922058,0.05591220036149025,0.09302674233913422,0.06003198400139809,0.025284089148044586,0.15043044090270996,0.01390929613262415,0.010861456394195557,0.020846808329224586,0.11168450862169266,0.03726443648338318,0.12361407279968262
pendulum,mode_sep,greedy_diverse,0.5,9,1000,48770,0.9986623192040799,0.23906089809309,0.9979114452798663,0.0002784296567360089,0.999721570343264,0.0020885547201336674,0.23713348369899528,0.0019274143940947303,0.1410081684589386,0.08728399127721786,0.3244960904121399,0.059839606285095215,0.04263037070631981,0.09444919973611832,0.3395640552043915,0.11979996412992477,1.5602599382400513,0.08025866746902466,0.05651995912194252,0.16351011395454407,0.0629429966211319,0.04759048670530319,0.10822401195764542,0.12356891483068466,0.09200204908847809,0.20312391221523285,0.10479278862476349,0.05676312744617462,0.24762322008609772,0.04239556938409805,0.029973819851875305,0.06557409465312958,0.2223394811153412,0.07264414429664612,0.25738635659217834
pendulum,mode_sep,greedy_diverse,0.5,10,1100,48770,0.9911914696337505,0.013040803772811154,0.9831214498241818,0.0003710074538770279,0.9996289925461229,0.01687855017581823,0.0077916752101701865,0.005249128562640968,0.0652129277586937,0.03503682464361191,0.1550457775592804,0.01895971968770027,0.013348542153835297,0.029716316610574722,0.09790133684873581,0.03858145698904991,0.09253785759210587,0.037861041724681854,0.02305300161242485,0.0804227814078331,0.019986936822533607,0.01560545340180397,0.031538233160972595,0.06811646372079849,0.04806039482355118,0.08381255716085434,0.06871946901082993,0.031439851969480515,0.17145191133022308,0.017825279384851456,0.012187061831355095,0.026880953460931778,0.11425964534282684,0.030194343999028206,0.09600897133350372
pendulum,mode_sep,greedy_diverse,0.5,11,1200,48770,0.9959396751740139,0.35835554644248513,0.992485549132948,0.00011492931846914148,0.9998850706815309,0.007514450867052023,0.3574533524707812,0.0009021939717039164,0.16660228371620178,0.10686629265546799,0.3809828460216522,0.07778771966695786,0.056049369275569916,0.1237693652510643,0.4297630190849304,0.13849444687366486,1.9441500902175903,0.10190504789352417,0.07304535061120987,0.21972538530826569,0.07732771337032318,0.0642310082912445,0.13886533677577972,0.15017388761043549,0.12097565084695816,0.23145653307437897,0.12910710275173187,0.07666714489459991,0.30777645111083984,0.05473172292113304,0.03598528727889061,0.08350681513547897,0.3118900656700134,0.07039771229028702,1.994027018547058
pendulum,mode_sep,greedy_diverse,0.5,12,1300,48770,0.9974243399871218,0.12440024605290137,0.9948619139370585,0.0,1.0,0.005138086062941554,0.12325199917982366,0.0011482468730777118,0.09658447653055191,0.05538536235690117,0.22442127764225006,0.039554327726364136,0.02762911096215248,0.0639449805021286,0.18671272695064545,0.07390782982110977,0.22939598560333252,0.05379432439804077,0.03937092050909996,0.10319439321756363,0.03945234417915344,0.029418665915727615,0.06906736642122269,0.09496896713972092,0.07471266388893127,0.14463387429714203,0.08180206269025803,0.04459317773580551,0.1891978681087494,0.031557172536849976,0.02352728694677353,0.05236935615539551,0.1464357227087021,0.05498680844902992,0.15917353332042694
pendulum,mode_sep,greedy_diverse,0.5,13,1400,48770,0.9982600049714144,0.14211605495181465,0.9969501383076814,0.00021629416005767844,0.9997837058399424,0.003049861692318604,0.14096780807873693,0.0011482468730777118,0.11586975306272507,0.0725494846701622,0.258435994386673,0.046289414167404175,0.030346205458045006,0.0638279914855957,0.2489197701215744,0.08713865280151367,0.49885299801826477,0.059111468493938446,0.04193351790308952,0.10239916294813156,0.042074643075466156,0.029824748635292053,0.06353076547384262,0.10962431132793427,0.08166274428367615,0.15058119595050812,0.09858156740665436,0.061312075704336166,0.22720584273338318,0.03419116511940956,0.02415219321846962,0.048526864498853683,0.18592888116836548,0.06413833051919937,0.17975181341171265
pendulum,mode_sep,greedy_diverse,0.5,14,1500,48770,0.9900642898889539,0.2792085298339143,0.9810337338931518,0.00017701621468526517,0.9998229837853148,0.018966266106848127,0.27775271683411934,0.001455812999794956,0.11868327856063843,0.0763263925909996,0.26466837525367737,0.05294330418109894,0.041511986404657364,0.08640223741531372,0.23811236023902893,0.0893147885799408,0.3577268421649933,0.09361585974693298,0.05683755502104759,0.20777979493141174,0.05769069492816925,0.04312177747488022,0.09506233036518097,0.1762521117925644,0.10835042595863342,0.2185538411140442,0.10469740629196167,0.06290683895349503,0.24104954302310944,0.04523320496082306,0.03675534576177597,0.07472406327724457,0.19267643988132477,0.06721597164869308,0.1855717897415161
pendulum,mode_sep,greedy_diverse,0.5,15,1600,48770,0.9980350325623174,0.028685667418494976,0.9963010704477947,0.000135464643727987,0.9998645353562721,0.0036989295522053467,0.02066844371539881,0.008017223703096165,0.05520511791110039,0.032204821705818176,0.12716928124427795,0.016413088887929916,0.011668074876070023,0.027096305042505264,0.07609935849905014,0.03993907943367958,0.08940037339925766,0.030377238988876343,0.022601455450057983,0.05449864640831947,0.02088516391813755,0.015690524131059647,0.03264845907688141,0.0607556588947773,0.05133829265832901,0.08084647357463837,0.049600355327129364,0.02387070469558239,0.12092309445142746,0.014423930086195469,0.009978894144296646,0.02424256131052971,0.07894494384527206,0.026103341951966286,0.07722489535808563
pendulum,mode_sep,greedy_diverse,0.5,16,1700,48770,0.9981083204796135,0.03641582940332171,0.9962237843490385,0.0,1.0,0.0037762156509614825,0.005823251999179824,0.03059257740414189,0.044697653502225876,0.0240837000310421,0.10433491319417953,0.012068917974829674,0.00877522211521864,0.01864052377641201,0.06124009191989899,0.03243868052959442,0.0730067566037178,0.026496564969420433,0.020224852487444878,0.04515659064054489,0.014476947486400604,0.010451896116137505,0.022233683615922928,0.06170856952667236,0.052739642560482025,0.08471163362264633,0.03965020552277565,0.017404507845640182,0.09693562239408493,0.010724876075983047,0.007861430756747723,0.016773274168372154,0.04401954263448715,0.0179431214928627,0.03989141806960106
pendulum,mode_sep,greedy_diverse,0.5,17,1800,48770,0.9980682120969891,0.10235800697149887,0.9966076892377278,0.00024352908433064292,0.9997564709156693,0.0033923107622721833,0.09415624359237236,0.008201763379126512,0.07489638030529022,0.04812827333807945,0.1634415090084076,0.029138673096895218,0.02243123948574066,0.04448668658733368,0.11027125269174576,0.05817131698131561,0.1347890943288803,0.047557953745126724,0.03410656377673149,0.08785449713468552,0.03304419293999672,0.025718506425619125,0.05099024623632431,0.08806713670492172,0.06600864976644516,0.12852251529693604,0.05845418572425842,0.0315038338303566,0.1311694234609604,0.02398758754134178,0.018723806366324425,0.03591778874397278,0.08336710929870605,0.04098254814743996,0.1004309207201004
pendulum,mode_sep,greedy_diverse,0.5,18,1900,48770,0.9974170824772527,0.04152142710682797,0.9950222534551417,0.00010111564258990866,0.9998988843574101,0.004977746544858281,0.015911420955505434,0.025610006151322535,0.06198347359895706,0.03284326568245888,0.14345262944698334,0.018728844821453094,0.014421151019632816,0.027438810095191002,0.09812236577272415,0.04114292189478874,0.09480198472738266,0.03983141481876373,0.02286296896636486,0.08083934336900711,0.0218306053429842,0.014641636051237583,0.03039512410759926,0.08140237629413605,0.053451213985681534,0.08980458974838257,0.05880401283502579,0.02771720290184021,0.14097143709659576,0.01676257885992527,0.013803957961499691,0.024854503571987152,0.094792939722538,0.028965875506401062,0.08243502676486969
pendulum,mode_sep,greedy_diverse,1.0,0,100,48770,0.8525957972805933,0.3940742259585811,0.7430649070832211,0.0,1.0,0.2569350929167789,0.3940742259585811,0.0,0.3161359131336212,0.2688165605068207,0.5606136918067932,0.07804478704929352,0.05413585901260376,0.1133141741156578,1.139876365661621,1.3369768857955933,2.056396245956421,0.09630018472671509,0.06470614671707153,0.16517913341522217,0.07607599347829819,0.05991647019982338,0.11801662296056747,0.1697174459695816,0.09006558358669281,0.19673021137714386,0.18367503583431244,0.14315544068813324,0.3118731677532196,0.04543796926736832,0.035707175731658936,0.07392378151416779,0.35344797372817993,0.06950857490301132,2.0582334995269775
pendulum,mode_sep,greedy_diverse,1.0,1,200,48770,0.9492277291607857,0.16510149682181668,0.9046813744330848,0.0006856977877224006,0.9993143022122776,0.09531862556691521,0.16501947918802543,8.201763379126513e-05,0.22328238189220428,0.1663891077041626,0.42594441771507263,0.053318291902542114,0.037891097366809845,0.07776156067848206,0.6679884195327759,0.14213313162326813,2.0520682334899902,0.07509059458971024,0.05130639672279358,0.14180845022201538,0.04506591707468033,0.034983232617378235,0.07016372680664062,0.1534026861190796,0.10123585909605026,0.18774299323558807,0.2165915071964264,0.15695062279701233,0.3968006670475006,0.05010388419032097,0.03524260222911835,0.07177866250276566,0.5951648950576782,0.07664504647254944,2.094109535217285
pendulum,mode_sep,greedy_diverse,1.0,2,300,48770,0.9473246045561189,0.1744310026655731,0.9003740468997267,0.0002655437957588862,0.9997344562042411,0.09962595310027335,0.17231904859544803,0.002111954070125077,0.21934406459331512,0.17242805659770966,0.3978099822998047,0.04994326829910278,0.029604731127619743,0.06376240402460098,0.6611026525497437,0.20320871472358704,2.0292630195617676,0.06802862137556076,0.04268345236778259,0.13264134526252747,0.049481190741062164,0.03383592888712883,0.06961993873119354,0.11289288848638535,0.07173962891101837,0.1393023133277893,0.19346262514591217,0.1409986913204193,0.35589537024497986,0.029033193364739418,0.01914033107459545,0.038421861827373505,0.5617978572845459,0.06746434420347214,2.0818839073181152
pendulum,mode_sep,greedy_diverse,1.0,3,400,48770,0.9661344203009593,0.10576173877383638,0.9368202080237742,0.0015679247396124987,0.9984320752603875,0.06317979197622585,0.1038958376050851,0.0018659011687512815,0.1808662861585617,0.14232568442821503,0.31411704421043396,0.03552632033824921,0.02224884368479252,0.04484809190034866,0.4923288822174072,0.1358553022146225,1.9912916421890259,0.06085408106446266,0.04502452164888382,0.10360517352819443,0.042814210057258606,0.028994731605052948,0.05488017201423645,0.10465499013662338,0.08339008688926697,0.12570230662822723,0.1565612554550171,0.10827256739139557,0.2923796474933624,0.019784916192293167,0.013802272267639637,0.02619478851556778,0.39377832412719727,0.049925822764635086,2.0713391304016113
pendulum,mode_sep,greedy_diverse,1.0,4,500,48770,0.9732779508480444,0.1583145376255895,0.9502534640081108,0.0013712196236763921,0.9986287803763236,0.04974653599188915,0.15698175107648144,0.0013327865491080582,0.15371306240558624,0.12272649258375168,0.2644892930984497,0.0355234369635582,0.025111451745033264,0.049624279141426086,0.31727683544158936,0.1187698245048523,1.038130760192871,0.056640807539224625,0.042775917798280716,0.10387936979532242,0.03771670535206795,0.02912713587284088,0.05774915963411331,0.09399308264255524,0.07917142659425735,0.12809960544109344,0.12098203599452972,0.08762747049331665,0.21773338317871094,0.01996081881225109,0.015017294324934483,0.026815488934516907,0.1907283514738083,0.06409218162298203,0.15142866969108582
pendulum,mode_sep,greedy_diverse,1.0,5,600,48770,0.9932061423918102,0.0943407832684027,0.989247311827957,0.001607889377210848,0.9983921106227891,0.010752688172043012,0.09300799671929465,0.0013327865491080582,0.09314123541116714,0.062029678374528885,0.19664347171783447,0.020217036828398705,0.014244298450648785,0.025633107870817184,0.19037626683712006,0.09064114093780518,0.24165822565555573,0.05294547230005264,0.0378701388835907,0.09870456159114838,0.026559650897979736,0.01894952729344368,0.03527899831533432,0.10303908586502075,0.0838046446442604,0.10994602739810944,0.06238643079996109,0.03264494240283966,0.14433196187019348,0.011688029393553734,0.009722558781504631,0.016549449414014816,0.0976051613688469,0.033974938094615936,0.09899936616420746
pendulum,mode_sep,greedy_diverse,1.0,6,700,48770,0.9969261989316304,0.056202583555464425,0.9980282026768642,0.002389649404294541,0.9976103505957055,0.001971797323135755,0.05411113389378716,0.0020914496616772607,0.06729651242494583,0.04053992033004761,0.15519578754901886,0.018385376781225204,0.014029468409717083,0.02696794830262661,0.10640925914049149,0.057481661438941956,0.123999685049057,0.056801408529281616,0.038368068635463715,0.11671475321054459,0.03050326183438301,0.02168073132634163,0.042054176330566406,0.09446580708026886,0.07192444801330566,0.11524451524019241,0.05204043164849281,0.02422567456960678,0.13163986802101135,0.012087187729775906,0.009782628156244755,0.01803095079958439,0.08718761056661606,0.03170747309923172,0.08585536479949951
pendulum,mode_sep,greedy_diverse,1.0,7,800,48770,0.9984190186204474,0.05400861185154808,0.9974844974844975,0.00037876179326492665,0.9996212382067351,0.0025155025155025154,0.04658601599343859,0.007422595858109494,0.07039327919483185,0.03788919001817703,0.16652263700962067,0.015597963705658913,0.012020425871014595,0.02202160283923149,0.12383873015642166,0.053011078387498856,0.13095085322856903,0.04529399797320366,0.027152791619300842,0.09441174566745758,0.021524880081415176,0.015478097833693027,0.029557330533862114,0.08923684060573578,0.06250075250864029,0.09918665140867233,0.052903950214385986,0.02207750827074051,0.13036279380321503,0.011624060571193695,0.009628111496567726,0.015928953886032104,0.09332189708948135,0.02861683815717697,0.08279440551996231
pendulum,mode_sep,greedy_diverse,1.0,8,900,48770,0.9959768812330009,0.030551568587246256,0.9962591396021084,0.0025643621149239126,0.997435637885076,0.0037408603978915152,0.0282140660241952,0.002337502563051056,0.059583358466625214,0.03556275740265846,0.13474300503730774,0.01978715881705284,0.01500827819108963,0.030107788741588593,0.08962526172399521,0.0487777441740036,0.09880955517292023,0.055594366043806076,0.03592727705836296,0.1160489022731781,0.025398366153240204,0.018321789801120758,0.034202151000499725,0.09513790160417557,0.06690410524606705,0.10235478729009628,0.05106489732861519,0.025638103485107422,0.12366810441017151,0.016899220645427704,0.012857159599661827,0.025960857048630714,0.06960263103246689,0.03187515214085579,0.0886467918753624
pendulum,mode_sep,greedy_diverse,1.0,9,1000,48770,0.9932794970462306,0.01736723395530039,0.9969537072295055,0.006499661475964793,0.9935003385240352,0.0030462927704944785,0.010908345294238262,0.006458888661062128,0.061347588896751404,0.038899194449186325,0.1302795112133026,0.016880221664905548,0.01226009987294674,0.025322601199150085,0.08685695379972458,0.04037858173251152,0.08744082599878311,0.05643356218934059,0.044399112462997437,0.09660391509532928,0.02130579948425293,0.016061224043369293,0.0302504301071167,0.08565401285886765,0.05909256264567375,0.09615705907344818,0.04783269017934799,0.02228320762515068,0.11525750160217285,0.014069188386201859,0.01046503521502018,0.022342510521411896,0.06616311520338058,0.02581661008298397,0.06698280572891235
pendulum,mode_sep,greedy_diverse,1.0,10,1100,48770,0.9974500067105085,0.006950994463809719,0.9959796301259716,0.0006716818914562063,0.9993283181085438,0.004020369874028411,0.002132458478572893,0.004818535985236826,0.047208867967128754,0.026460470631718636,0.10743102431297302,0.013946454972028732,0.010530930012464523,0.020929347723722458,0.07344978302717209,0.03828262537717819,0.07772452384233475,0.04010619968175888,0.02538810856640339,0.08250967413187027,0.01849454641342163,0.013371363282203674,0.023779496550559998,0.08081195503473282,0.059131912887096405,0.09362829476594925,0.04395728185772896,0.02166418917477131,0.10556875914335251,0.012693091295659542,0.009818428196012974,0.01973402127623558,0.049761056900024414,0.021255936473608017,0.04858357459306717
pendulum,mode_sep,greedy_diverse,1.0,11,1200,48770,0.9981982965713038,0.015234775476727497,0.9977080491132333,0.0008080263955289206,0.9991919736044711,0.002291950886766712,0.01306130818125897,0.0021734672954685256,0.053736258298158646,0.029990091919898987,0.12440124899148941,0.019635526463389397,0.014749603345990181,0.032840318977832794,0.07344797998666763,0.04015045985579491,0.08856819570064545,0.04243117943406105,0.025270976126194,0.09196295589208603,0.019333254545927048,0.01496153324842453,0.029132656753063202,0.07269934564828873,0.05602629482746124,0.0944913998246193,0.05174176022410393,0.02479701116681099,0.12487641721963882,0.019409283995628357,0.014424075372517109,0.03374836966395378,0.06697846949100494,0.02713681384921074,0.07497279345989227
pendulum,mode_sep,greedy_diverse,1.0,12,1300,48770,0.9981318681318682,0.018597498462169366,0.9972004171927321,0.0005734331781690616,0.999426566821831,0.0027995828072679366,0.005413163830223498,0.013184334631945868,0.051408473402261734,0.031026829034090042,0.11546608060598373,0.016255443915724754,0.012022875249385834,0.026421960443258286,0.06847678124904633,0.03888889029622078,0.08794994652271271,0.0366593599319458,0.02443487010896206,0.07173651456832886,0.022764485329389572,0.015464868396520615,0.031367700546979904,0.06924235820770264,0.05329262837767601,0.09564990550279617,0.044552262872457504,0.021827906370162964,0.10692862421274185,0.014405038207769394,0.011120090261101723,0.024494409561157227,0.05443049594759941,0.023161442950367928,0.06326106935739517
pendulum,mode_sep,greedy_diverse,1.0,13,1400,48770,0.9979152189020153,0.00496206684437154,0.9969027021253871,0.0006710958996040534,0.999328904100396,0.0030972978746128376,0.0030346524502768094,0.0019274143940947303,0.04104900360107422,0.023126469925045967,0.09371702373027802,0.015672937035560608,0.012103565968573093,0.026328302919864655,0.0574442520737648,0.03386298567056656,0.07254914194345474,0.036733947694301605,0.02125699631869793,0.08235292881727219,0.0169469453394413,0.012941488064825535,0.027190182358026505,0.06318939477205276,0.04664602130651474,0.07825672626495361,0.03809653967618942,0.02064991556107998,0.08781068027019501,0.015166372060775757,0.011679362505674362,0.025720149278640747,0.04678354039788246,0.02748948708176613,0.06322949379682541
pendulum,mode_sep,greedy_diverse,1.0,14,1500,48770,0.9984739364407913,0.005413163830223498,0.9988750803514035,0.0012065151819827067,0.9987934848180173,0.0011249196485965287,0.00408037728111544,0.0013327865491080582,0.03319885581731796,0.02026267535984516,0.07233036309480667,0.011339880526065826,0.00886599812656641,0.01823282241821289,0.05033663660287857,0.03235423564910889,0.06414224207401276,0.034712910652160645,0.023308679461479187,0.07149168848991394,0.014208409003913403,0.01024772971868515,0.021385716274380684,0.06071778014302254,0.050906889140605927,0.07663971930742264,0.02735690213739872,0.014288743957877159,0.06186570227146149,0.010454189963638783,0.008312314748764038,0.01719132624566555,0.034332357347011566,0.02000940404832363,0.046704571694135666
pendulum,mode_sep,greedy_diverse,1.0,15,1600,48770,0.9971436961106216,0.0033217141685462376,0.9966913922834729,0.0015065787271083732,0.9984934212728916,0.003308607716527029,0.0012917777322124257,0.002029936436333812,0.03680751845240593,0.021732958033680916,0.0813203752040863,0.012222642078995705,0.009127872996032238,0.01898029074072838,0.05403405427932739,0.03047925792634487,0.06581958383321762,0.0369868203997612,0.023586295545101166,0.0799211710691452,0.015752259641885757,0.010932299308478832,0.02219109609723091,0.06257640570402145,0.048181552439928055,0.08183742314577103,0.03337249904870987,0.017961084842681885,0.07513314485549927,0.011290466412901878,0.008656115271151066,0.018061846494674683,0.037636660039424896,0.01916264183819294,0.04330785572528839
pendulum,mode_sep,greedy_diverse,1.0,16,1700,48770,0.9976015350175889,0.002563051055977035,0.9970701044108247,0.001171626552405182,0.9988283734475948,0.0029298955891753674,0.00047160139429977446,0.0020914496616772607,0.03792627900838852,0.020869452506303787,0.08656344562768936,0.011535383760929108,0.008917678147554398,0.018178876489400864,0.05672942474484444,0.030037960037589073,0.06429731100797653,0.036454882472753525,0.02191479504108429,0.07965739071369171,0.013018205761909485,0.009175403043627739,0.018998106941580772,0.0671391561627388,0.048065584152936935,0.08083504438400269,0.03535856679081917,0.017689598724246025,0.08358387649059296,0.011036552488803864,0.008802996948361397,0.017841150984168053,0.039519134908914566,0.01934618316590786,0.0432814322412014
pendulum,mode_sep,greedy_diverse,1.0,17,1800,48770,0.9987343476504645,0.007176542956735698,0.9982236098401249,0.00046912173709077505,0.9995308782629092,0.0017763901598751143,0.003444740619233135,0.003731802337502563,0.03493849188089371,0.019338170066475868,0.08169789612293243,0.00920057576149702,0.007093716412782669,0.014436502009630203,0.04763639718294144,0.025756439194083214,0.056795742362737656,0.028245486319065094,0.01801573671400547,0.060522716492414474,0.011530039831995964,0.00869030226022005,0.01760970801115036,0.05537400394678116,0.04473591223359108,0.07407747209072113,0.03312826529145241,0.014848090708255768,0.08190008997917175,0.008251271210610867,0.00627755094319582,0.013049733825027943,0.03195113316178322,0.015611497685313225,0.032810211181640625
pendulum,mode_sep,greedy_diverse,1.0,18,1900,48770,0.9980356806501091,0.011769530449046545,0.9989227040129276,0.001788667274138571,0.9982113327258614,0.0010772959870724481,0.0035677670699200328,0.008201763379126512,0.04639088362455368,0.027781246230006218,0.10697662830352783,0.013094699941575527,0.00964808464050293,0.021107107400894165,0.06302979588508606,0.03637438267469406,0.07516374439001083,0.03777454420924187,0.025997893884778023,0.07823363691568375,0.017006903886795044,0.011855421587824821,0.0244268998503685,0.0670284554362297,0.0516304112970829,0.08277258276939392,0.03626486286520958,0.015942959114909172,0.09088557213544846,0.011693989858031273,0.008808126673102379,0.019397925585508347,0.04499071091413498,0.021973904222249985,0.055469170212745667
quad2d,dispersion,greedy,0.5,0,2000,479789,0.5577622611531546,0.10607996431764796,0.39556399003676906,0.000934395712943929,0.999065604287056,0.6044360099632309,0.06831961549764584,0.03776034882000213,2.4040074348449707,2.1359872817993164,4.334889888763428,1.7739578485488892,1.4452440738677979,3.373206615447998,4.8466291427612305,4.562367916107178,8.57107925415039,0.42012014985084534,0.29771631956100464,0.6694176197052002,0.2119787037372589,0.08461727201938629,0.2156059592962265,0.45552903413772583,0.18489015102386475,1.4971336126327515,2.3503165245056152,2.081510543823242,4.256004333496094,1.7618727684020996,1.43861985206604,3.332674741744995,4.596393585205078,4.265200614929199,8.264860153198242
quad2d,dispersion,greedy,0.5,1,2500,479789,0.7604772991850989,0.23648937345374738,0.642251444021138,0.0010636901953448897,0.9989363098046551,0.357748555978862,0.20899395359209985,0.027495419861647517,2.531893491744995,2.2148613929748535,4.6858086585998535,1.8856115341186523,1.5150322914123535,3.5988762378692627,5.063187599182129,4.639214992523193,9.319597244262695,0.4692477881908417,0.3291519284248352,0.8070733547210693,0.22983033955097198,0.08837447315454483,0.25555500388145447,0.5548027753829956,0.19324757158756256,1.8309296369552612,2.379079818725586,2.081238031387329,4.3828864097595215,1.8183338642120361,1.4694409370422363,3.4501028060913086,4.5405097007751465,4.13733434677124,8.414036750793457
quad2d,dispersion,greedy,0.5,2,3000,479789,0.7429909277143694,0.19848516743818637,0.6223159133248358,0.0014397944219318888,0.9985602055780681,0.37768408667516423,0.17374720971093544,0.024737957727250938,2.299360513687134,2.0357046127319336,4.164900779724121,1.6354185342788696,1.3119158744812012,3.076958656311035,4.800671577453613,4.456352233886719,8.590763092041016,0.5358150005340576,0.3990360498428345,0.8259769678115845,0.22726136445999146,0.07941359281539917,0.24113494157791138,0.565493106842041,0.203745499253273,1.8093390464782715,2.1701316833496094,1.9097795486450195,3.93537974357605,1.5681345462799072,1.2552224397659302,2.929485321044922,4.379323482513428,4.00123929977417,7.9163432121276855
quad2d,dispersion,greedy,0.5,3,3500,479789,0.6767315750554597,0.19688237954600876,0.5245510126098586,0.0007176031521185299,0.9992823968478814,0.4754489873901414,0.1739743929102168,0.022907986635791983,2.2616207599639893,2.0172042846679688,4.073883533477783,1.6292049884796143,1.3260972499847412,3.0794973373413086,4.652397155761719,4.310527801513672,8.174636840820312,0.4312819540500641,0.2839566171169281,0.7230923175811768,0.22857780754566193,0.08195662498474121,0.229969322681427,0.4784981906414032,0.17786453664302826,1.6317477226257324,2.15517258644104,1.9157681465148926,3.875354766845703,1.5780030488967896,1.2827812433242798,2.9592604637145996,4.27359676361084,3.9210667610168457,7.484698295593262
quad2d,dispersion,greedy,0.5,4,4000,479789,0.7562740428649936,0.16972043960991184,0.6388394584139265,0.0016967885552390293,0.998303211444761,0.3611605415860735,0.14317335328654887,0.02654708632336298,2.200338125228882,1.9557887315750122,3.982557773590088,1.5890449285507202,1.2887009382247925,2.9995226860046387,4.559605598449707,4.1996002197265625,8.146599769592285,0.6315306425094604,0.4046052098274231,1.32296884059906,0.3249971866607666,0.09383662045001984,0.9286859035491943,0.8149962425231934,0.21342581510543823,3.0467662811279297,2.0955843925476074,1.8585624694824219,3.779430866241455,1.5427489280700684,1.2490513324737549,2.879467010498047,4.197236061096191,3.8362767696380615,7.430377960205078
quad2d,dispersion,greedy,0.5,5,4500,479789,0.7942810578561376,0.23695416109998355,0.6774927334765576,0.0006281617474622266,0.9993718382525377,0.3225072665234424,0.21208489565204705,0.024869265447936488,2.142609119415283,1.9007946252822876,3.8852479457855225,1.5406060218811035,1.2462270259857178,2.9111273288726807,4.406932830810547,4.0793232917785645,7.9555559158325195,0.4333629906177521,0.2764293849468231,0.8001975417137146,0.22147905826568604,0.07820068299770355,0.2075851857662201,0.5420081615447998,0.16921226680278778,2.1685519218444824,1.980793833732605,1.7571996450424194,3.5639660358428955,1.4625580310821533,1.1882681846618652,2.734804153442383,3.948962926864624,3.6266727447509766,6.961577892303467
quad2d,dispersion,greedy,0.5,6,5000,479789,0.8312311641924321,0.21995293764550666,0.7416591972911064,0.0011806148532331,0.9988193851467669,0.25834080270889354,0.1926159207484957,0.027337016897010978,2.078610897064209,1.831682801246643,3.794834613800049,1.4768476486206055,1.182297706604004,2.7564709186553955,4.397374153137207,3.9924285411834717,8.080114364624023,0.42018866539001465,0.27418094873428345,0.7559351325035095,0.20909790694713593,0.06968776881694794,0.1887807995080948,0.5613885521888733,0.17102384567260742,2.001260995864868,1.947634220123291,1.717492699623108,3.5249128341674805,1.4173316955566406,1.1383506059646606,2.608665943145752,3.9960458278656006,3.609506130218506,7.170376300811768
quad2d,dispersion,greedy,0.5,7,5500,479789,0.8183120258872209,0.19341627256981714,0.7218530650444548,0.001203810738629569,0.9987961892613705,0.27814693495554516,0.165162185877542,0.028254086692275145,2.005279064178467,1.7760425806045532,3.6540422439575195,1.4453840255737305,1.1657588481903076,2.680114507675171,4.205311298370361,3.8221640586853027,7.737364768981934,0.4581543803215027,0.31187111139297485,0.7910833954811096,0.20051220059394836,0.06887401640415192,0.17898596823215485,0.606670618057251,0.1757453978061676,2.1960601806640625,1.8844925165176392,1.6736787557601929,3.398331642150879,1.3862097263336182,1.124497890472412,2.5372190475463867,3.8392231464385986,3.478440284729004,6.881739616394043
quad2d,dispersion,greedy,0.5,8,6000,479789,0.851417525773196,0.19229286207061855,0.7638150289017341,0.0006941530145508196,0.9993058469854492,0.2361849710982659,0.1554954365356438,0.03679742553497475,1.9255118370056152,1.6971275806427002,3.508002758026123,1.3623075485229492,1.081472396850586,2.525624990463257,4.102910041809082,3.7335286140441895,7.575332164764404,0.34209734201431274,0.2599165141582489,0.30504798889160156,0.13500048220157623,0.0607922300696373,0.108911894261837,0.3591325879096985,0.16068270802497864,0.23208360373973846,1.804627776145935,1.5978872776031494,3.247633695602417,1.3085230588912964,1.0454192161560059,2.398144245147705,3.733144998550415,3.4086320400238037,6.651002883911133
quad2d,dispersion,greedy,0.5,9,6500,479789,0.869395505855048,0.20172409121509663,0.7971561230412072,0.0010169964525875716,0.9989830035474124,0.2028438769587928,0.16921396697298188,0.03251012424211476,1.9948272705078125,1.736876368522644,3.7132859230041504,1.4393445253372192,1.131326675415039,2.706092357635498,4.202871799468994,3.7623062133789062,8.003824234008789,0.5115242004394531,0.3254415988922119,0.9242119193077087,0.22276750206947327,0.06311604380607605,0.17371556162834167,0.6875999569892883,0.167549267411232,2.7658865451812744,1.862824559211731,1.6290446519851685,3.420747756958008,1.373467206954956,1.0881931781768799,2.529766798019409,3.828399181365967,3.435974597930908,7.043752670288086
quad2d,dispersion,greedy,0.5,10,7000,479789,0.8509719222462202,0.17780732780451408,0.7629190366694905,0.0006447169459577024,0.9993552830540423,0.2370809633305095,0.13777931549076783,0.04002801231374625,1.8981893062591553,1.66856849193573,3.4845333099365234,1.3496315479278564,1.0722050666809082,2.515681028366089,3.9953880310058594,3.5854873657226562,7.557059288024902,0.3497946858406067,0.2668241262435913,0.31362032890319824,0.13337497413158417,0.05683743953704834,0.10886616259813309,0.358095645904541,0.1548568606376648,0.22709840536117554,1.7809077501296997,1.5738886594772339,3.2291200160980225,1.2968766689300537,1.0405863523483276,2.388157844543457,3.629502534866333,3.2810375690460205,6.581616401672363
quad2d,dispersion,greedy,0.5,11,7500,479789,0.8594341724214746,0.17093347283910218,0.776179458806961,0.0007709444198063099,0.9992290555801937,0.22382054119303893,0.12946315984734957,0.04147031299175263,1.8612629175186157,1.63261079788208,3.4251623153686523,1.298448085784912,1.021997332572937,2.3997604846954346,3.992680788040161,3.5849251747131348,7.580294609069824,0.3291572630405426,0.23720626533031464,0.27456313371658325,0.12945057451725006,0.04897308349609375,0.08453013747930527,0.39694568514823914,0.15303991734981537,0.2181946337223053,1.7405198812484741,1.5351929664611816,3.159693717956543,1.2425793409347534,0.9917558431625366,2.264908790588379,3.631047248840332,3.2871575355529785,6.615156650543213
quad2d,dispersion,greedy,0.5,12,8000,479789,0.8826050796494147,0.1804105554733435,0.8119114877589454,0.0006160100225090582,0.9993839899774909,0.1880885122410546,0.1339317908497277,0.0464787646236158,1.8984782695770264,1.6498160362243652,3.5487139225006104,1.322934865951538,1.032461166381836,2.4829843044281006,4.058056831359863,3.6109867095947266,7.821439266204834,0.33272585272789,0.2506645917892456,0.2940423786640167,0.12678463757038116,0.05005374550819397,0.09286496788263321,0.33470606803894043,0.14604443311691284,0.222052663564682,1.767439842224121,1.5476375818252563,3.253607988357544,1.2622324228286743,0.9999452829360962,2.331003189086914,3.66912579536438,3.2875161170959473,6.78439474105835
quad2d,dispersion,greedy,0.5,13,8500,479789,0.8896560226852422,0.17948306443040588,0.8193482457136368,0.0005170603947327395,0.9994829396052672,0.18065175428636313,0.13765634476822103,0.04182671966218483,1.9163422584533691,1.663246750831604,3.594569206237793,1.3462573289871216,1.044468879699707,2.5220534801483154,4.069339275360107,3.623140811920166,7.897873401641846,0.2968587875366211,0.21842360496520996,0.2608848810195923,0.12043296545743942,0.05114215239882469,0.0924932062625885,0.31878840923309326,0.13825148344039917,0.21000002324581146,1.8062859773635864,1.5806348323822021,3.334613084793091,1.2945709228515625,1.0191893577575684,2.3860297203063965,3.726017951965332,3.3387458324432373,6.971822738647461
quad2d,dispersion,greedy,0.5,14,9000,479789,0.8928991761475088,0.1660959296690837,0.8336123901213897,0.0008219346446733002,0.9991780653553267,0.1663876098786103,0.11920448363759903,0.04689144603148467,1.8551340103149414,1.6171350479125977,3.461052656173706,1.2902865409851074,1.005813479423523,2.4187657833099365,3.9656267166137695,3.5155160427093506,7.648200511932373,0.3674631416797638,0.2786394953727722,0.32147690653800964,0.13248685002326965,0.05616673454642296,0.09860928356647491,0.38519415259361267,0.14707811176776886,0.21565623581409454,1.7424396276474,1.5304402112960815,3.205019474029541,1.2402313947677612,0.9807131290435791,2.2839605808258057,3.614367723464966,3.2282493114471436,6.72385311126709
quad2d,dispersion,greedy,0.5,15,9500,479789,0.8738644825018614,0.15137487520555912,0.8017123599599235,0.0009187696563700521,0.99908123034363,0.1982876400400765,0.10893538618017504,0.042439489025384074,1.7761338949203491,1.5657258033752441,3.266235589981079,1.1866495609283447,0.9377261400222778,2.20487642288208,3.8561017513275146,3.454719066619873,7.2992143630981445,0.3660959005355835,0.28570419549942017,0.3319951891899109,0.1207258328795433,0.05147574096918106,0.09925808757543564,0.36774158477783203,0.14893142879009247,0.22872096300125122,1.6788737773895264,1.4923198223114014,3.0432634353637695,1.148092269897461,0.9200252294540405,2.111753463745117,3.533812999725342,3.196061849594116,6.402490139007568
quad2d,dispersion,greedy,0.5,16,10000,479789,0.9043611323641928,0.12765611550077222,0.8607522796352584,0.001678464750998761,0.9983215352490012,0.13924772036474165,0.09286582226770518,0.03479029323306704,1.7721455097198486,1.5535703897476196,3.2705252170562744,1.1932376623153687,0.9331552982330322,2.2220566272735596,3.843810558319092,3.417759895324707,7.356337070465088,0.5060885548591614,0.3373238742351532,0.8636887669563293,0.20069825649261475,0.05503486841917038,0.1477007418870926,0.6696234941482544,0.16148491203784943,2.155745029449463,1.682701826095581,1.4845744371414185,3.0670347213745117,1.1623051166534424,0.9211790561676025,2.1412737369537354,3.5515856742858887,3.18300724029541,6.544960021972656
quad2d,dispersion,greedy,0.5,17,10500,479789,0.935945002182453,0.2725885753946005,0.9057978667229908,0.000830547660771349,0.9991694523392286,0.09420213327700919,0.2543138754744273,0.01827469992017324,1.6797713041305542,1.500022530555725,3.020394802093506,1.0828197002410889,0.8487422466278076,1.9783612489700317,3.7044167518615723,3.356581211090088,6.9100661277771,0.26578840613365173,0.21012915670871735,0.2413610816001892,0.09066357463598251,0.04235681891441345,0.0719781368970871,0.25525447726249695,0.12810763716697693,0.18034210801124573,1.4694137573242188,1.3247274160385132,2.6092162132263184,0.9853762984275818,0.8095221519470215,1.795498013496399,3.119951009750366,2.8738396167755127,5.551855087280273
quad2d,dispersion,greedy,0.5,18,11000,479789,0.9616087751371116,0.36245307833235024,0.941639813820265,0.0003130182283168277,0.9996869817716831,0.058360186179735055,0.3509063359101605,0.011546742422189754,1.7398368120193481,1.5275120735168457,3.2050130367279053,1.1614700555801392,0.9028576016426086,2.155087471008301,3.7781589031219482,3.3571879863739014,7.207949161529541,0.1828896403312683,0.10568133741617203,0.38237035274505615,0.08516616374254227,0.03671073913574219,0.07284103333950043,0.2948453426361084,0.1042732298374176,1.424777626991272,1.5149205923080444,1.348741888999939,2.754713535308838,1.0634891986846924,0.8635668754577637,1.9692468643188477,3.144491672515869,2.864190101623535,5.6980204582214355
quad2d,dispersion,greedy,0.5,19,11500,479789,0.9551196597473497,0.2854546477722499,0.938849369774117,0.0006481133033468929,0.9993518866966531,0.06115063022588294,0.26777604321899834,0.017678604553251532,1.7168676853179932,1.5148216485977173,3.1569721698760986,1.1240078210830688,0.8757778406143188,2.065739631652832,3.7758588790893555,3.3516483306884766,7.255441665649414,0.2436404675245285,0.19612371921539307,0.22680816054344177,0.08193626999855042,0.042440056800842285,0.0698193907737732,0.22505046427249908,0.12247651815414429,0.17876388132572174,1.5115574598312378,1.3490424156188965,2.743379831314087,1.0341905355453491,0.8384900093078613,1.9106042385101318,3.172497510910034,2.895872116088867,5.762753486633301
quad2d,dispersion,greedy,1.0,0,2000,479789,0.5577622611531546,0.10607996431764796,0.39556399003676906,0.000934395712943929,0.999065604287056,0.6044360099632309,0.06831961549764584,0.03776034882000213,2.4040074348449707,2.1359872817993164,4.334889888763428,1.7739578485488892,1.4452440738677979,3.373206615447998,4.8466291427612305,4.562367916107178,8.57107925415039,0.42012014985084534,0.29771631956100464,0.6694176197052002,0.2119787037372589,0.08461727201938629,0.2156059592962265,0.45552903413772583,0.18489015102386475,1.4971336126327515,2.3503165245056152,2.081510543823242,4.256004333496094,1.7618727684020996,1.43861985206604,3.332674741744995,4.596393585205078,4.265200614929199,8.264860153198242
quad2d,dispersion,greedy,1.0,1,2500,479789,0.6522364860975188,0.18892054632348804,0.5081628991747399,0.0014761943814666177,0.9985238056185334,0.4918371008252601,0.16349061775071957,0.025429928572768445,2.3308303356170654,2.082841157913208,4.171547889709473,1.6587954759597778,1.3442199230194092,3.1061222553253174,4.885363578796387,4.549255847930908,8.571616172790527,0.6043649315834045,0.47292160987854004,0.8881917595863342,0.2325991690158844,0.09080131351947784,0.24454063177108765,0.6459154486656189,0.25553756952285767,2.048490524291992,2.210395336151123,1.9609285593032837,3.9757964611053467,1.6015347242355347,1.2925255298614502,2.98701548576355,4.464699745178223,4.0744853019714355,7.932192325592041
quad2d,dispersion,greedy,1.0,2,3000,479789,0.5440717628705148,0.12193276627850992,0.3863998338065231,0.0012068448503856496,0.9987931551496143,0.6136001661934769,0.08210275767055936,0.03983000860795058,2.3867850303649902,2.1199612617492676,4.331328868865967,1.7538135051727295,1.4208028316497803,3.297780752182007,4.881195545196533,4.5538859367370605,8.747891426086426,0.5427823066711426,0.4227280616760254,0.806616485118866,0.21548084914684296,0.08983735740184784,0.24613438546657562,0.5638391375541687,0.21542808413505554,1.7900164127349854,2.3475704193115234,2.075073480606079,4.295511245727539,1.7362561225891113,1.4037816524505615,3.2482855319976807,4.687584400177002,4.291939735412598,8.591796875
quad2d,dispersion,greedy,1.0,3,3500,479789,0.688241184841617,0.18850786491561916,0.5369685006990706,0.0007555953826494091,0.9992444046173506,0.46303149930092935,0.16219629878967629,0.026311566125942862,2.2789299488067627,2.025035858154297,4.114815711975098,1.6700724363327026,1.3556374311447144,3.1126255989074707,4.637272834777832,4.280276775360107,8.334564208984375,0.4361324608325958,0.3305908143520355,0.6514167785644531,0.19589462876319885,0.09659910202026367,0.22799354791641235,0.4174676835536957,0.18701434135437012,1.4004877805709839,2.18428373336792,1.9290152788162231,3.9674575328826904,1.6259193420410156,1.314476728439331,3.010305404663086,4.306434631347656,3.9125969409942627,7.777318954467773
quad2d,dispersion,greedy,1.0,4,4000,479789,0.7216536877726588,0.1661438674083816,0.5960398706896551,0.0021519779247041355,0.9978480220752959,0.4039601293103448,0.14223752524547248,0.023906342162909114,2.1536178588867188,1.9221481084823608,3.819385290145874,1.5546587705612183,1.2626721858978271,2.8838183879852295,4.447759628295898,4.112972736358643,7.844419479370117,0.6020866632461548,0.49270230531692505,0.8023701310157776,0.187272846698761,0.08116492629051208,0.1901460736989975,0.6648657917976379,0.22440007328987122,1.71274733543396,2.07181453704834,1.8411437273025513,3.693969488143921,1.5264854431152344,1.237344741821289,2.8201231956481934,4.136799335479736,3.784083604812622,7.26190185546875
quad2d,dispersion,greedy,1.0,5,4500,479789,0.7307974739315611,0.2346594023622884,0.5841746888941066,0.0003457081999754659,0.9996542918000245,0.4158253111058934,0.2121182436446021,0.022541158717686315,2.164881944656372,1.9208128452301025,3.8976330757141113,1.5721423625946045,1.2773324251174927,2.920705795288086,4.413811206817627,4.0774245262146,7.97313928604126,0.3084339201450348,0.24438582360744476,0.30502697825431824,0.13704007863998413,0.07756148278713226,0.14474810659885406,0.281773179769516,0.15857172012329102,0.23804450035095215,2.019336223602295,1.7903342247009277,3.628521203994751,1.5051875114440918,1.2303578853607178,2.7857704162597656,3.973482370376587,3.6487531661987305,7.03579044342041
quad2d,dispersion,greedy,1.0,6,5000,479789,0.8887913374304947,0.4492037124652712,0.8113812449906492,0.00020727536532283138,0.9997927246346772,0.1886187550093508,0.44426404106805284,0.00493967139721836,2.1317789554595947,1.8716821670532227,3.906134605407715,1.5925614833831787,1.2703914642333984,3.0202009677886963,4.211007595062256,3.840816020965576,7.792250633239746,0.17733444273471832,0.13927020132541656,0.18142016232013702,0.09304256737232208,0.05942400544881821,0.10394592583179474,0.1971627175807953,0.12746116518974304,0.1838420331478119,1.958357334136963,1.7379629611968994,3.548940896987915,1.541375756263733,1.2663190364837646,2.9093940258026123,3.673440456390381,3.3832082748413086,6.471465110778809
quad2d,dispersion,greedy,1.0,7,5500,479789,0.8252407501267107,0.2116847197413863,0.7238374677691829,0.0009319359743635859,0.9990680640256364,0.2761625322308171,0.19327871210052752,0.018406007640858795,2.0966475009918213,1.838036060333252,3.8675527572631836,1.5433180332183838,1.2361105680465698,2.8756256103515625,4.247891426086426,3.833806037902832,7.985054016113281,0.4818840026855469,0.3421016037464142,0.7631183862686157,0.19135528802871704,0.08208926022052765,0.19245277345180511,0.5671996474266052,0.18656378984451294,1.8218963146209717,1.9885004758834839,1.7491436004638672,3.6366817951202393,1.4916555881500244,1.2075824737548828,2.753156900405884,3.914781093597412,3.5349204540252686,7.153472423553467
quad2d,dispersion,greedy,1.0,8,6000,479789,0.7816267524957722,0.22280210675942966,0.6636405743399723,0.0010273518624895055,0.9989726481375105,0.3363594256600278,0.19537963563149635,0.02742247112793332,2.101959705352783,1.834294319152832,3.8975305557250977,1.5607966184616089,1.2425638437271118,2.9251365661621094,4.218911647796631,3.778651714324951,8.036425590515137,0.43420884013175964,0.37020543217658997,0.4211863875389099,0.12979793548583984,0.07226936519145966,0.12904423475265503,0.3436432480812073,0.17674869298934937,0.25246280431747437,1.9899768829345703,1.7459852695465088,3.6471869945526123,1.5179139375686646,1.2269994020462036,2.8103950023651123,3.8341143131256104,3.450498342514038,7.095742225646973
quad2d,dispersion,greedy,1.0,9,6500,479789,0.7696056712450156,0.19511702019012525,0.6411960132890365,0.0007246801549536684,0.9992753198450464,0.3588039867109635,0.1646661344882855,0.030450885701839767,1.954474925994873,1.7178955078125,3.5790507793426514,1.3909083604812622,1.115201711654663,2.5840542316436768,3.9965875148773193,3.600367784500122,7.472322463989258,0.34543970227241516,0.2744290232658386,0.3187556266784668,0.11400632560253143,0.056322868913412094,0.10264404863119125,0.34596821665763855,0.14836913347244263,0.22541791200637817,1.8581897020339966,1.6439296007156372,3.359025478363037,1.360327959060669,1.109752893447876,2.496516227722168,3.6566805839538574,3.32265043258667,6.579172611236572
quad2d,dispersion,greedy,1.0,10,7000,479789,0.890227576974565,0.387570369474915,0.8188394643681699,0.00046982668615577365,0.9995301733138442,0.18116053563183007,0.3797231699768023,0.007847199498112712,1.925621747970581,1.696371078491211,3.533792495727539,1.3726000785827637,1.094390869140625,2.5260210037231445,3.9794259071350098,3.593654155731201,7.5352888107299805,0.19077667593955994,0.14786742627620697,0.18022960424423218,0.08113965392112732,0.046540021896362305,0.07926689833402634,0.22023025155067444,0.13032002747058868,0.1808023750782013,1.7450932264328003,1.5599720478057861,3.1475868225097656,1.3034570217132568,1.0821552276611328,2.3951401710510254,3.4232828617095947,3.153918981552124,6.098354339599609
quad2d,dispersion,greedy,1.0,11,7500,479789,0.8524410858108781,0.1893332277313569,0.7721336575700262,0.0011592024263853528,0.9988407975736147,0.2278663424299739,0.15794442973890607,0.03138879799245085,1.9653658866882324,1.7128797769546509,3.6595046520233154,1.4095807075500488,1.1177841424942017,2.6309823989868164,4.027892589569092,3.5786027908325195,7.8268890380859375,0.32863110303878784,0.25470563769340515,0.29695671796798706,0.1249513030052185,0.057513222098350525,0.10185977071523666,0.36105048656463623,0.16113877296447754,0.23146261274814606,1.8726685047149658,1.6435022354125977,3.4405195713043213,1.3815083503723145,1.1125102043151855,2.550291061401367,3.69974684715271,3.3136560916900635,6.865745544433594
quad2d,dispersion,greedy,1.0,12,8000,479789,0.8644628809697803,0.16562488927424346,0.7903631504480427,0.001253863499156351,0.9987461365008437,0.20963684955195724,0.13709985014245846,0.028525039131785015,1.8716092109680176,1.6461297273635864,3.429349184036255,1.3181620836257935,1.049677848815918,2.430771827697754,3.881605386734009,3.460294008255005,7.391101837158203,0.35648441314697266,0.29820120334625244,0.3396727442741394,0.10704513639211655,0.058369703590869904,0.10126519948244095,0.3247942626476288,0.15453651547431946,0.22454747557640076,1.7884175777435303,1.585072636604309,3.2320024967193604,1.2979590892791748,1.0493748188018799,2.374321699142456,3.5767507553100586,3.2348177433013916,6.50964879989624
quad2d,dispersion,greedy,1.0,13,8500,479789,0.880207447712974,0.17537292434799465,0.8147477768159282,0.001211678069671489,0.9987883219303285,0.18525222318407178,0.14599751140605557,0.02937541294193906,1.8895461559295654,1.662269949913025,3.479776382446289,1.3506553173065186,1.0756664276123047,2.4868381023406982,3.8950188159942627,3.480649471282959,7.447037696838379,0.34057220816612244,0.2714686095714569,0.3144649863243103,0.12220712006092072,0.05941220000386238,0.10481424629688263,0.3393610417842865,0.15507899224758148,0.22629235684871674,1.8062777519226074,1.6008906364440918,3.285372734069824,1.3290005922317505,1.0751683712005615,2.4309945106506348,3.5831077098846436,3.2543909549713135,6.5659027099609375
quad2d,dispersion,greedy,1.0,14,9000,479789,0.845477051990097,0.15490350966779146,0.7593213381678867,0.001379042141378684,0.9986209578586213,0.24067866183211328,0.12614711883765573,0.028756390830135748,1.8519638776779175,1.6329747438430786,3.3887786865234375,1.3111120462417603,1.0469883680343628,2.4210891723632812,3.813464403152466,3.42124080657959,7.27519416809082,0.3469953238964081,0.28638696670532227,0.33531704545021057,0.11662852764129639,0.06284832954406738,0.11641038954257965,0.33457255363464355,0.16081081330776215,0.23787623643875122,1.767361044883728,1.568916916847229,3.197709321975708,1.2952988147735596,1.0513079166412354,2.3774333000183105,3.497346878051758,3.1823582649230957,6.406411647796631
quad2d,dispersion,greedy,1.0,15,9500,479789,0.8579584185412407,0.17879943058302714,0.7760906428241098,0.0011258985536533965,0.9988741014463466,0.22390935717589025,0.14750859231870678,0.03129083826432036,1.9309476613998413,1.6724334955215454,3.6166608333587646,1.379677176475525,1.0859909057617188,2.6212573051452637,3.9392457008361816,3.463632822036743,7.664179801940918,0.32220184803009033,0.2549165189266205,0.2978920340538025,0.10920076072216034,0.057021576911211014,0.10041347146034241,0.35127291083335876,0.15284854173660278,0.22832442820072174,1.8437817096710205,1.6096644401550293,3.4068548679351807,1.362382411956787,1.0886130332946777,2.561580181121826,3.6052894592285156,3.2313969135284424,6.719473361968994
quad2d,dispersion,greedy,1.0,16,10000,479789,0.839193336256028,0.16314254807842615,0.7437830276655268,0.0009545937573170512,0.9990454062426829,0.2562169723344731,0.12798125842818406,0.03516128965024209,1.8708456754684448,1.633137583732605,3.475749969482422,1.3181462287902832,1.042395830154419,2.4635913372039795,3.875899314880371,3.417997360229492,7.484613418579102,0.3444957435131073,0.28263938426971436,0.32988861203193665,0.11280987411737442,0.0610436275601387,0.11093935370445251,0.329470157623291,0.15884391963481903,0.23756764829158783,1.770874261856079,1.5575411319732666,3.2407960891723633,1.2814973592758179,1.0306744575500488,2.3703665733337402,3.5381686687469482,3.162713050842285,6.516158580780029
quad2d,dispersion,greedy,1.0,17,10500,479789,0.8249789300477586,0.15562466000679465,0.7286777738390642,0.001365669523319958,0.99863433047668,0.2713222261609358,0.12081144002884601,0.03481321997794864,1.858733057975769,1.6247833967208862,3.449730157852173,1.2961146831512451,1.0267846584320068,2.4023334980010986,3.857818365097046,3.4037272930145264,7.518641471862793,0.37644141912460327,0.3160429894924164,0.3603440821170807,0.1134483739733696,0.06018923595547676,0.10682621598243713,0.3487464487552643,0.17200599610805511,0.24141733348369598,1.7692701816558838,1.5561734437942505,3.2403407096862793,1.269263744354248,1.0215480327606201,2.337143659591675,3.528026819229126,3.1556034088134766,6.620713710784912
quad2d,dispersion,greedy,1.0,18,11000,479789,0.9022815875247652,0.3290654850361305,0.8418604651162791,0.0006474824733192567,0.9993525175266808,0.15813953488372093,0.31817944971643786,0.010886035319692615,1.8099148273468018,1.5888657569885254,3.3367440700531006,1.2317249774932861,0.9755452275276184,2.2664005756378174,3.806978702545166,3.36970853805542,7.392820358276367,0.2229643017053604,0.18833716213703156,0.2224043756723404,0.07957103103399277,0.04918350279331207,0.08293459564447403,0.2183288186788559,0.14615705609321594,0.20162339508533478,1.626435399055481,1.4476792812347412,2.94795823097229,1.1603293418884277,0.9577409029006958,2.139657974243164,3.244922399520874,2.958416700363159,5.899845123291016
quad2d,dispersion,greedy,1.0,19,11500,479789,0.8632990545071005,0.14069309634026625,0.78411112631723,0.0011919370737693375,0.9988080629262307,0.21588887368276993,0.10280769254818264,0.037885403792083605,1.7616220712661743,1.5508731603622437,3.2325046062469482,1.165749430656433,0.920191764831543,2.1556003093719482,3.7494943141937256,3.3442816734313965,7.192945957183838,0.3558831810951233,0.29822346568107605,0.3353455662727356,0.09981120377779007,0.054766133427619934,0.09186801314353943,0.3262079060077667,0.1573430895805359,0.21898557245731354,1.6654778718948364,1.4738940000534058,3.01808500289917,1.1395543813705444,0.9140968322753906,2.0982794761657715,3.3996238708496094,3.0808398723602295,6.245916843414307
quad2d,dispersion,greedy_diverse,0.5,0,2000,479789,0.5577622611531546,0.10607996431764796,0.39556399003676906,0.000934395712943929,0.999065604287056,0.6044360099632309,0.06831961549764584,0.03776034882000213,2.4040074348449707,2.1359872817993164,4.334889888763428,1.7739578485488892,1.4452440738677979,3.373206615447998,4.8466291427612305,4.562367916107178,8.57107925415039,0.42012014985084534,0.29771631956100464,0.6694176197052002,0.2119787037372589,0.08461727201938629,0.2156059592962265,0.45552903413772583,0.18489015102386475,1.4971336126327515,2.3503165245056152,2.081510543823242,4.256004333496094,1.7618727684020996,1.43861985206604,3.332674741744995,4.596393585205078,4.265200614929199,8.264860153198242
quad2d,dispersion,greedy_diverse,0.5,1,2500,479789,0.7930266089920043,0.272855359335041,0.6830755334763464,0.0010322952540887421,0.9989677047459112,0.3169244665236536,0.243736309085869,0.02911905024917203,2.48281192779541,2.198791742324829,4.535366535186768,1.8678076267242432,1.5218586921691895,3.578061580657959,4.902884006500244,4.579439640045166,8.793732643127441,0.44630423188209534,0.28779956698417664,0.8576139807701111,0.23845265805721283,0.0786256492137909,0.26546260714530945,0.5583190321922302,0.18476806581020355,2.3823108673095703,2.2968099117279053,2.0397796630859375,4.174787521362305,1.7767095565795898,1.4590678215026855,3.3950278759002686,4.327920913696289,4.0219292640686035,7.692798614501953
quad2d,dispersion,greedy_diverse,0.5,2,3000,479789,0.7637133282379917,0.2064219896662908,0.6449851042701092,0.0011977986403366786,0.9988022013596634,0.35501489572989076,0.17099391607560824,0.03542807359068257,2.3106985092163086,2.0340566635131836,4.218524932861328,1.6974389553070068,1.365462303161621,3.2237050533294678,4.626284599304199,4.244735240936279,8.390056610107422,0.5547800064086914,0.3804629147052765,0.9390084147453308,0.2631487548351288,0.08405043929815292,0.2755347490310669,0.6179214715957642,0.20691132545471191,2.400606155395508,2.177673101425171,1.911379337310791,3.974883794784546,1.6395291090011597,1.3219294548034668,3.0840909481048584,4.207843780517578,3.810898780822754,7.603619575500488
quad2d,dispersion,greedy_diverse,0.5,3,3500,479789,0.8264462809917354,0.2750875905866954,0.7277071793200826,0.0009066798976957927,0.9990933201023042,0.27229282067991745,0.2534239009231141,0.021663689663581284,2.2660422325134277,1.991254210472107,4.143770694732666,1.6517181396484375,1.322435975074768,3.1205122470855713,4.5466227531433105,4.134127140045166,8.340377807617188,0.41375064849853516,0.24565719068050385,0.7852738499641418,0.23276205360889435,0.07711440324783325,0.21913649141788483,0.5554308891296387,0.1828513741493225,2.1238977909088135,2.0863184928894043,1.841486930847168,3.772067070007324,1.5688085556030273,1.266839861869812,2.9374027252197266,4.005119323730469,3.669431209564209,7.142785549163818
quad2d,dispersion,greedy_diverse,0.5,4,4000,479789,0.7840444184687317,0.1644702150320245,0.6705823544113971,0.0012343297974927675,0.9987656702025073,0.32941764558860287,0.12972577528872067,0.03474443974330383,2.1401469707489014,1.8815340995788574,3.9024689197540283,1.5325217247009277,1.214674472808838,2.867973566055298,4.433789253234863,4.026614665985107,8.161602973937988,0.5161356329917908,0.3453596830368042,0.9433159828186035,0.24500757455825806,0.09863752126693726,0.23838552832603455,0.6757601499557495,0.20471620559692383,2.6022815704345703,2.0381908416748047,1.7939690351486206,3.684356212615967,1.4890612363815308,1.180025339126587,2.746440887451172,4.0974225997924805,3.7147600650787354,7.393292427062988
quad2d,dispersion,greedy_diverse,0.5,5,4500,479789,0.8443117146559981,0.2081727592754315,0.7556227937468483,0.0009189313369099583,0.99908106866309,0.2443772062531518,0.18290331791683428,0.025269441358597218,2.0370285511016846,1.7983994483947754,3.6812448501586914,1.4260742664337158,1.1264901161193848,2.6468000411987305,4.291327953338623,3.9292051792144775,7.907454967498779,0.3842673599720001,0.21855345368385315,0.7820745706558228,0.21308492124080658,0.06541521847248077,0.17839419841766357,0.5903701782226562,0.1623033881187439,2.366560697555542,1.8824611902236938,1.6687989234924316,3.357952833175659,1.3504314422607422,1.0778470039367676,2.467886447906494,3.8795764446258545,3.559011936187744,6.855504989624023
quad2d,dispersion,greedy_diverse,0.5,6,5000,479789,0.796088855135751,0.24604148907123757,0.669594378792718,0.0002222353500488074,0.9997777646499512,0.330405621207282,0.21739347921690577,0.0286480098543318,2.123633861541748,1.8431267738342285,3.9508376121520996,1.5316303968429565,1.2008607387542725,2.880075454711914,4.390538692474365,3.915930986404419,8.347931861877441,0.24127785861492157,0.1662665605545044,0.22505459189414978,0.14533381164073944,0.07379865646362305,0.13738831877708435,0.2824757397174835,0.14762502908706665,0.22350430488586426,1.9448477029800415,1.7014890909194946,3.557302951812744,1.4436661005020142,1.1500145196914673,2.682469367980957,3.8775980472564697,3.4856159687042236,7.112400054931641
quad2d,dispersion,greedy_diverse,0.5,7,5500,479789,0.9488265971316818,0.4890358053227565,0.9154088050314465,0.00018596962496125632,0.9998140303750388,0.08459119496855345,0.48248084053615237,0.006554964786604112,1.9853484630584717,1.7330526113510132,3.670644998550415,1.407292127609253,1.1000235080718994,2.6146113872528076,4.209561347961426,3.7856194972991943,7.985433578491211,0.17563092708587646,0.09602954983711243,0.37555840611457825,0.09932857006788254,0.046320945024490356,0.08660314977169037,0.30518466234207153,0.10750004649162292,1.4434680938720703,1.7726194858551025,1.5739785432815552,3.2234675884246826,1.3342911005020142,1.0925688743591309,2.4635186195373535,3.542968273162842,3.241269826889038,6.34967041015625
quad2d,dispersion,greedy_diverse,0.5,8,6000,479789,0.8684271664214358,0.21875866266212857,0.7817902955939766,0.00036446816207409585,0.9996355318379259,0.2182097044060234,0.17955392891458538,0.03920473374754319,2.003492832183838,1.7445577383041382,3.7100024223327637,1.4283971786499023,1.1172285079956055,2.6707513332366943,4.185080528259277,3.753939151763916,7.985829830169678,0.2815863788127899,0.2004733830690384,0.24746137857437134,0.1334305852651596,0.05432741343975067,0.10246636718511581,0.31238970160484314,0.14873188734054565,0.2179667204618454,1.8522677421569824,1.622234582901001,3.3805902004241943,1.3607155084609985,1.075644850730896,2.4971423149108887,3.7431180477142334,3.3706915378570557,6.886089324951172
quad2d,dispersion,greedy_diverse,0.5,9,6500,479789,0.8684267241379311,0.1715545792004402,0.7910286611700039,0.0008081778301070771,0.9991918221698929,0.20897133882999608,0.13277086385890463,0.03878371534153555,1.8703991174697876,1.639783501625061,3.427097797393799,1.2851760387420654,0.9973052740097046,2.3581249713897705,4.023475646972656,3.6026124954223633,7.628894805908203,0.30175918340682983,0.22755829989910126,0.2676401436328888,0.11318109184503555,0.04947800561785698,0.09038889408111572,0.33699679374694824,0.15138277411460876,0.2183607518672943,1.7496083974838257,1.5425513982772827,3.162965774536133,1.230703353881836,0.967182993888855,2.237124443054199,3.655406951904297,3.2954492568969727,6.665879726409912
quad2d,dispersion,greedy_diverse,0.5,10,7000,479789,0.8964335157228558,0.1947981300113175,0.8309704228794915,0.0004971637863782412,0.9995028362136218,0.16902957712050842,0.1556100702600518,0.03918805975126566,1.9659250974655151,1.7030353546142578,3.6766910552978516,1.386568546295166,1.073476791381836,2.590505599975586,4.176908493041992,3.682260274887085,8.110576629638672,0.2748166620731354,0.19727341830730438,0.2423565536737442,0.12008868902921677,0.04928465932607651,0.09511634707450867,0.3145030438899994,0.14232279360294342,0.21340617537498474,1.814303994178772,1.5849360227584839,3.332036256790161,1.3140649795532227,1.0357275009155273,2.4159984588623047,3.696540355682373,3.2928812503814697,6.921901702880859
quad2d,dispersion,greedy_diverse,0.5,11,7500,479789,0.8558625840179239,0.15412191609228224,0.7759321115825585,0.0010461893881438624,0.9989538106118562,0.22406788841744155,0.11450866943593954,0.039613246656342686,1.8077483177185059,1.5965241193771362,3.297091484069824,1.2207908630371094,0.9613484740257263,2.245565176010132,3.9221770763397217,3.526602268218994,7.381507873535156,0.3479160964488983,0.2677610218524933,0.30551132559776306,0.11640480160713196,0.051762063056230545,0.08916456252336502,0.3959170877933502,0.15755361318588257,0.22278982400894165,1.6848338842391968,1.4974637031555176,3.0292842388153076,1.1712384223937988,0.9342385530471802,2.128462314605713,3.5337769985198975,3.2189416885375977,6.379525661468506
quad2d,dispersion,greedy_diverse,0.5,12,8000,479789,0.8714292549882771,0.153819699909752,0.8029274314434354,0.001145327343169972,0.99885467265683,0.1970725685565647,0.11030265387493252,0.04351704603481947,1.8013972043991089,1.589448094367981,3.2968780994415283,1.2037273645401,0.9447334408760071,2.2182869911193848,3.9305622577667236,3.523883819580078,7.439502239227295,0.3873598575592041,0.2993081212043762,0.34008073806762695,0.1286686360836029,0.052775319665670395,0.09574177861213684,0.4251626431941986,0.16420665383338928,0.22791549563407898,1.6769285202026367,1.4905245304107666,3.02101469039917,1.1544082164764404,0.9226292371749878,2.0986361503601074,3.5410356521606445,3.2197625637054443,6.441069602966309
quad2d,dispersion,greedy_diverse,0.5,13,8500,479789,0.8890842122886321,0.14821515291096712,0.8319755600814664,0.0012755391994665468,0.9987244608005335,0.1680244399185336,0.10930012984874601,0.0389150230622211,1.7755234241485596,1.5696508884429932,3.2445788383483887,1.1710072755813599,0.9171890020370483,2.1498804092407227,3.901289701461792,3.478292226791382,7.408520221710205,0.31974831223487854,0.24241851270198822,0.2793588936328888,0.11935272812843323,0.05140051990747452,0.08777154982089996,0.3616914749145508,0.1536542773246765,0.21976232528686523,1.6652556657791138,1.483481526374817,3.0002551078796387,1.1343717575073242,0.9051393270492554,2.0601115226745605,3.5254666805267334,3.1885242462158203,6.438824653625488
quad2d,dispersion,greedy_diverse,0.5,14,9000,479789,0.8878813981955841,0.15125398873254703,0.8297601898144225,0.001173441775538797,0.9988265582244612,0.1702398101855775,0.11092584448580523,0.0403281442467418,1.7737631797790527,1.56406831741333,3.2464447021484375,1.1816258430480957,0.926156759262085,2.1751582622528076,3.879880428314209,3.453555107116699,7.360572338104248,0.36878594756126404,0.28787943720817566,0.33008822798728943,0.1240064799785614,0.05014113336801529,0.09543640166521072,0.37875252962112427,0.1622854769229889,0.2319004237651825,1.6610262393951416,1.475610613822937,2.994875431060791,1.1394177675247192,0.9112945795059204,2.0753061771392822,3.516270399093628,3.170426368713379,6.412781715393066
quad2d,dispersion,greedy_diverse,0.5,15,9500,479789,0.9561515538527035,0.3251908651511394,0.9338100781639781,0.0003682105283034307,0.9996317894716966,0.06618992183602196,0.3075831250820673,0.01760774006907203,1.8332325220108032,1.6013898849487305,3.42195725440979,1.2436985969543457,0.9692908525466919,2.324079990386963,3.9965195655822754,3.5104308128356934,7.740372180938721,0.19868765771389008,0.14652849733829498,0.1782916933298111,0.08873362839221954,0.04344974458217621,0.07424811273813248,0.2382950782775879,0.12989868223667145,0.1837458610534668,1.5881569385528564,1.408204197883606,2.9065582752227783,1.1280262470245361,0.9156937599182129,2.0828638076782227,3.279872417449951,2.955531597137451,5.97998571395874
quad2d,dispersion,greedy_diverse,0.5,16,10000,479789,0.8782802249297096,0.15892611126974565,0.8030205655526992,0.0006062881466862167,0.9993937118533138,0.19697943444730076,0.11237022941334629,0.046555881856399375,1.8547686338424683,1.611533522605896,3.4797885417938232,1.2577935457229614,0.967789888381958,2.3664021492004395,4.005176544189453,3.535672903060913,7.770712375640869,0.33788543939590454,0.25216856598854065,0.29402679204940796,0.12736870348453522,0.050624780356884,0.09283684194087982,0.3667955994606018,0.15674607455730438,0.22947120666503906,1.7428524494171143,1.5272369384765625,3.218479871749878,1.2143932580947876,0.9527033567428589,2.2484450340270996,3.6370303630828857,3.2467548847198486,6.817995548248291
quad2d,dispersion,greedy_diverse,0.5,17,10500,479789,0.9717132483323483,0.3880247358734777,0.9585207396301849,0.00029900979083222076,0.9997009902091678,0.04147926036981509,0.37862685472155466,0.009397881151923033,1.7499715089797974,1.543014407157898,3.2185423374176025,1.157424807548523,0.8989203572273254,2.1411986351013184,3.8431458473205566,3.426574468612671,7.342682361602783,0.19635502994060516,0.12087498605251312,0.387525737285614,0.08760879933834076,0.037639595568180084,0.07918070256710052,0.2957572638988495,0.10453347116708755,1.4467477798461914,1.5326305627822876,1.3687725067138672,2.7821154594421387,1.073891520500183,0.8738002777099609,1.9834139347076416,3.2000412940979004,2.9154319763183594,5.7981462478637695
quad2d,dispersion,greedy_diverse,0.5,18,11000,479789,0.9747750926089257,0.4129648658055937,0.964903090623363,0.00030805360857621245,0.9996919463914238,0.03509690937663698,0.4020871674840399,0.01087769832155385,1.786784291267395,1.5569959878921509,3.333676338195801,1.2172530889511108,0.9376468658447266,2.297349452972412,3.8580679893493652,3.3998122215270996,7.4484028816223145,0.21045096218585968,0.13040386140346527,0.4157116115093231,0.08699186146259308,0.0401589535176754,0.08004526793956757,0.3144117593765259,0.11182115972042084,1.466383457183838,1.5898292064666748,1.4078131914138794,2.9195449352264404,1.1550712585449219,0.9327729940414429,2.182013511657715,3.2267251014709473,2.9254963397979736,5.897314548492432
quad2d,dispersion,greedy_diverse,0.5,19,11500,479789,0.975857073877354,0.3610149461534133,0.9707012487992315,0.00038956887710933234,0.9996104311228907,0.029298751200768493,0.35046239075927127,0.010552555394142009,1.7407890558242798,1.5340049266815186,3.215513229370117,1.1332712173461914,0.8798177242279053,2.085986852645874,3.870950222015381,3.43501877784729,7.481911659240723,0.2071637660264969,0.13131864368915558,0.3833959102630615,0.08438463509082794,0.034941960126161575,0.0693252831697464,0.2941930890083313,0.1019228920340538,1.430030107498169,1.4975857734680176,1.3394663333892822,2.7209434509277344,1.020268440246582,0.8365001678466797,1.8753434419631958,3.152986526489258,2.862414598464966,5.764413833618164
quad2d,dispersion,greedy_diverse,1.0,0,2000,479789,0.5577622611531546,0.10607996431764796,0.39556399003676906,0.000934395712943929,0.999065604287056,0.6044360099632309,0.06831961549764584,0.03776034882000213,2.4040074348449707,2.1359872817993164,4.334889888763428,1.7739578485488892,1.4452440738677979,3.373206615447998,4.8466291427612305,4.562367916107178,8.57107925415039,0.42012014985084534,0.29771631956100464,0.6694176197052002,0.2119787037372589,0.08461727201938629,0.2156059592962265,0.45552903413772583,0.18489015102386475,1.4971336126327515,2.3503165245056152,2.081510543823242,4.256004333496094,1.7618727684020996,1.43861985206604,3.332674741744995,4.596393585205078,4.265200614929199,8.264860153198242
quad2d,dispersion,greedy_diverse,1.0,1,2500,479789,0.7546883879522636,0.25657737046910206,0.6185054854067481,0.0005734473696343769,0.9994265526303656,0.3814945145932519,0.23581199235497272,0.020765378114129335,2.484856128692627,2.18455171585083,4.5591301918029785,1.8864035606384277,1.5333843231201172,3.6108641624450684,4.858784198760986,4.478097438812256,8.731078147888184,0.3403015732765198,0.2006853073835373,0.6463220119476318,0.2120916247367859,0.07813818007707596,0.22715114057064056,0.4466100335121155,0.16323210299015045,1.4970203638076782,2.320080041885376,2.042585611343384,4.239938735961914,1.8089418411254883,1.4819684028625488,3.459799289703369,4.319261074066162,3.9869914054870605,7.723444938659668
quad2d,dispersion,greedy_diverse,1.0,2,3000,479789,0.7802912116484659,0.19014191655081714,0.6657546402425497,0.0014665180595033037,0.9985334819404967,0.3342453597574503,0.1578152062677552,0.03232671028306193,2.2096307277679443,1.9558320045471191,4.010619163513184,1.6120609045028687,1.3021551370620728,3.0245587825775146,4.507862091064453,4.1304731369018555,8.212188720703125,0.4953800141811371,0.33174005150794983,0.8389450907707214,0.2263224571943283,0.0773160308599472,0.20267510414123535,0.6234084963798523,0.18744052946567535,2.088531017303467,2.0888233184814453,1.8506441116333008,3.7691240310668945,1.5604547262191772,1.2627989053726196,2.890859842300415,4.093860149383545,3.742987871170044,7.385478973388672
quad2d,dispersion,greedy_diverse,1.0,3,3500,479789,0.6804383667927456,0.13250616416799885,0.5320794782344911,0.001042111218079141,0.9989578887819208,0.46792052176550886,0.09120675963809091,0.04129940452990794,2.2473304271698,1.9737441539764404,4.146165370941162,1.668756127357483,1.3469316959381104,3.1601011753082275,4.468988418579102,4.062738418579102,8.390193939208984,0.47356149554252625,0.30658042430877686,0.8405728936195374,0.22483202815055847,0.0798860490322113,0.22134710848331451,0.6447516679763794,0.1913187950849533,2.281538486480713,2.201524496078491,1.9342788457870483,4.048352241516113,1.6579883098602295,1.341163158416748,3.110013008117676,4.261845111846924,3.8323566913604736,7.961483001708984
quad2d,dispersion,greedy_diverse,1.0,4,4000,479789,0.8176166405205973,0.25868871524774434,0.7190597853857946,0.0011275326117124618,0.9988724673882875,0.28094021461420543,0.2382297218152146,0.020458993432529715,2.1639628410339355,1.9016119241714478,3.9743573665618896,1.576602578163147,1.268981695175171,2.9805092811584473,4.314544677734375,3.9187710285186768,8.09830093383789,0.45913195610046387,0.3015376031398773,0.8204864859580994,0.21620485186576843,0.07775729149580002,0.19674839079380035,0.6032696962356567,0.17558495700359344,2.485701560974121,2.019657611846924,1.7854629755020142,3.6716103553771973,1.51239812374115,1.231148600578308,2.8186252117156982,3.8874406814575195,3.5570502281188965,7.041220188140869
quad2d,dispersion,greedy_diverse,1.0,5,4500,479789,0.791870000503094,0.21963196321716422,0.68363446838082,0.0013640121245522183,0.9986359878754478,0.31636553161917996,0.19879780486839008,0.020834158348774147,2.0828757286071777,1.8188798427581787,3.8418326377868652,1.520574927330017,1.1994625329971313,2.8875083923339844,4.222517490386963,3.813302755355835,7.96616792678833,0.4466506838798523,0.28211694955825806,0.8364084362983704,0.20402388274669647,0.06968648731708527,0.1810908019542694,0.7194696068763733,0.17542369663715363,2.5278217792510986,1.9441649913787842,1.7076661586761475,3.543874740600586,1.4541480541229248,1.160277009010315,2.718024730682373,3.821411371231079,3.4697983264923096,6.962048053741455
quad2d,dispersion,greedy_diverse,1.0,6,5000,479789,0.7604119437787421,0.22439030490486442,0.6317942094500054,0.0007661821529167287,0.9992338178470833,0.36820579054999464,0.19955230319994832,0.02483800170491612,2.0507516860961914,1.7985718250274658,3.7706408500671387,1.4989829063415527,1.1945267915725708,2.8115386962890625,4.193135738372803,3.7866671085357666,7.9145307540893555,0.2774016857147217,0.2086903154850006,0.2551093101501465,0.13104352355003357,0.06646859645843506,0.1160510778427124,0.33398276567459106,0.16351158916950226,0.2397388219833374,1.913228988647461,1.6872413158416748,3.476421594619751,1.4472112655639648,1.1679115295410156,2.6784117221832275,3.757354497909546,3.4215869903564453,6.828842639923096
quad2d,dispersion,greedy_diverse,1.0,7,5500,479789,0.7721863799283154,0.2472045003115953,0.643642447418738,0.0005555319360004535,0.9994444680639996,0.35635755258126195,0.21985914641644555,0.027345353895149742,2.1049015522003174,1.8322484493255615,3.9256153106689453,1.560207724571228,1.2390058040618896,2.991884231567383,4.20095157623291,3.740851402282715,8.0493803024292,0.2839071750640869,0.21330635249614716,0.26348093152046204,0.13270054757595062,0.06723044812679291,0.12203224748373032,0.30927732586860657,0.1530647575855255,0.2318035364151001,1.9844459295272827,1.7406914234161377,3.6515626907348633,1.5226852893829346,1.2253620624542236,2.884394884109497,3.7999303340911865,3.422091484069824,7.032209873199463
quad2d,dispersion,greedy_diverse,1.0,8,6000,479789,0.8826261346843993,0.40331270621043835,0.8074546156817304,0.00040909834724267715,0.9995909016527573,0.1925453843182696,0.3933854256767037,0.009927280533734621,1.9463026523590088,1.7127697467803955,3.5638697147369385,1.373094081878662,1.0908221006393433,2.540470838546753,4.041452407836914,3.633535861968994,7.666231632232666,0.1554226130247116,0.11018051207065582,0.1421196460723877,0.08573219180107117,0.04716768115758896,0.07997790724039078,0.22051434218883514,0.12310239672660828,0.17769409716129303,1.7739059925079346,1.580655574798584,3.199153184890747,1.315981149673462,1.0813628435134888,2.439352512359619,3.4801197052001953,3.192365884780884,6.181814670562744
quad2d,dispersion,greedy_diverse,1.0,9,6500,479789,0.8094986109273713,0.22578258359403822,0.6940002268345242,0.0005018696021442516,0.9994981303978557,0.3059997731654758,0.20143438052977455,0.024348203064263666,2.0206992626190186,1.7640118598937988,3.7526397705078125,1.463874340057373,1.1660101413726807,2.7569379806518555,4.090500831604004,3.6365294456481934,7.878403663635254,0.2767752707004547,0.21082377433776855,0.2627295255661011,0.1254836618900299,0.06489734351634979,0.11737086623907089,0.3007921576499939,0.1551094353199005,0.23358017206192017,1.8887609243392944,1.6603209972381592,3.4583017826080322,1.411845326423645,1.1465458869934082,2.6310458183288574,3.680697441101074,3.306687593460083,6.755043983459473
quad2d,dispersion,greedy_diverse,1.0,10,7000,479789,0.8434188372783995,0.1949315219815377,0.7523632829755279,0.0009574763164632586,0.9990425236835367,0.24763671702447212,0.16313212683075268,0.03179939515078503,1.9394466876983643,1.693525791168213,3.591153144836426,1.363632321357727,1.075730323791504,2.527949333190918,4.065232753753662,3.6001179218292236,7.838071346282959,0.30575400590896606,0.231368288397789,0.27475008368492126,0.12223559617996216,0.057171765714883804,0.10077274590730667,0.35047975182533264,0.15454035997390747,0.2349916249513626,1.8196171522140503,1.6021498441696167,3.3203063011169434,1.319937825202942,1.0597031116485596,2.421395778656006,3.648932695388794,3.274332046508789,6.734749794006348
quad2d,dispersion,greedy_diverse,1.0,11,7500,479789,0.8430426390594842,0.16769038056312255,0.7505858459615685,0.0009960391275214667,0.9990039608724786,0.2494141540384315,0.1369935534161892,0.03069682714693334,1.8506361246109009,1.633367657661438,3.385957956314087,1.258884072303772,1.0078139305114746,2.3104381561279297,3.88744854927063,3.46927809715271,7.441239356994629,0.33564719557762146,0.27260634303092957,0.31369924545288086,0.11180920153856277,0.0589279979467392,0.10106350481510162,0.32096314430236816,0.15273506939411163,0.21404294669628143,1.7585288286209106,1.5604811906814575,3.1814017295837402,1.2299153804779053,1.0024244785308838,2.238438129425049,3.570216178894043,3.2156877517700195,6.566995620727539
quad2d,dispersion,greedy_diverse,1.0,12,8000,479789,0.8491338851437835,0.16265691793684306,0.7631134969325153,0.0011499634687220227,0.998850036531278,0.23688650306748466,0.13231649746034194,0.03034042047650113,1.8247103691101074,1.6125082969665527,3.324169158935547,1.23660409450531,0.9879895448684692,2.3069634437561035,3.8216240406036377,3.4339075088500977,7.262838363647461,0.32701680064201355,0.2607933282852173,0.3012889325618744,0.11333078145980835,0.05523595213890076,0.09522365033626556,0.3320734202861786,0.1517169177532196,0.22322985529899597,1.7249634265899658,1.534618616104126,3.107577085494995,1.2056467533111572,0.9805564284324646,2.233208179473877,3.4817185401916504,3.1558597087860107,6.360453128814697
quad2d,dispersion,greedy_diverse,1.0,13,8500,479789,0.9375885342888093,0.36597546004597853,0.9047925377935028,0.0005268809987247466,0.9994731190012752,0.09520746220649727,0.3548518202793311,0.011123639766647422,1.8692607879638672,1.637318730354309,3.4543700218200684,1.3011648654937744,1.0298640727996826,2.41921329498291,3.8863043785095215,3.459528923034668,7.502857208251953,0.17532280087471008,0.12749144434928894,0.15647803246974945,0.08353288471698761,0.04232364520430565,0.07045816630125046,0.23044031858444214,0.12301754206418991,0.16959506273269653,1.697314739227295,1.5112440586090088,3.085958480834961,1.2468277215957642,1.0273571014404297,2.3082387447357178,3.3444406986236572,3.0486667156219482,6.0542073249816895
quad2d,dispersion,greedy_diverse,1.0,14,9000,479789,0.8792254119245796,0.15708571893061324,0.8153749212350346,0.0012764056417129365,0.9987235943582871,0.18462507876496534,0.12489448486730625,0.032191234063307,1.8515188694000244,1.620265007019043,3.4269931316375732,1.2844918966293335,1.0083928108215332,2.3938143253326416,3.8902275562286377,3.442727565765381,7.533197402954102,0.3294930160045624,0.25563907623291016,0.29693400859832764,0.12218137830495834,0.05642122030258179,0.09930011630058289,0.3506351709365845,0.15121707320213318,0.2241450399160385,1.7524174451828003,1.5444722175598145,3.20235013961792,1.250993251800537,1.0006157159805298,2.3031346797943115,3.538160562515259,3.1644341945648193,6.592216491699219
quad2d,dispersion,greedy_diverse,1.0,15,9500,479789,0.9066362907648822,0.16249643072267184,0.8540656545584612,0.0009685441522541131,0.9990314558477459,0.14593434544153883,0.12571151068490524,0.0367849200377666,1.8323616981506348,1.5975581407546997,3.411513090133667,1.2377017736434937,0.9728678464889526,2.315551996231079,3.8840456008911133,3.414903163909912,7.570334434509277,0.29514971375465393,0.22681693732738495,0.2672662138938904,0.11146679520606995,0.052850622683763504,0.0928669199347496,0.3150670826435089,0.14178480207920074,0.21312807500362396,1.7341214418411255,1.5270535945892334,3.17586350440979,1.2039287090301514,0.9663708209991455,2.2245802879333496,3.532632350921631,3.1549150943756104,6.578884601593018
quad2d,dispersion,greedy_diverse,1.0,16,10000,479789,0.9094426919032597,0.15251287545150055,0.855232972074994,0.0008198510561610665,0.9991801489438389,0.14476702792500593,0.11311013799816169,0.03940273745333887,1.8168365955352783,1.5878620147705078,3.3726398944854736,1.2200678586959839,0.9591811895370483,2.2843756675720215,3.8523316383361816,3.4098024368286133,7.435468673706055,0.30896511673927307,0.23583287000656128,0.28109097480773926,0.11951430141925812,0.05504301190376282,0.10046752542257309,0.3261882960796356,0.1460694968700409,0.22045308351516724,1.724457859992981,1.5165730714797974,3.1598706245422363,1.1924333572387695,0.9538048505783081,2.209407329559326,3.5019712448120117,3.141228437423706,6.514411926269531
quad2d,dispersion,greedy_diverse,1.0,17,10500,479789,0.9156647200274819,0.15000343901173224,0.8690194799902192,0.0009025407660219947,0.999097459233978,0.13098052000978075,0.11055067956956079,0.039452759442171456,1.8044168949127197,1.5742961168289185,3.357167959213257,1.2167361974716187,0.9583187103271484,2.2828145027160645,3.8246703147888184,3.356625556945801,7.418503761291504,0.3270401954650879,0.2592049241065979,0.29909569025039673,0.1132901981472969,0.05049360916018486,0.08991269767284393,0.30936533212661743,0.15033584833145142,0.22367340326309204,1.721434473991394,1.5139321088790894,3.1572394371032715,1.1978425979614258,0.9617327451705933,2.2218711376190186,3.493051528930664,3.1243841648101807,6.497932434082031
quad2d,dispersion,greedy_diverse,1.0,18,11000,479789,0.9553357138675876,0.30189937660096416,0.9359944941500344,0.0006284044963108058,0.9993715955036891,0.06400550584996559,0.2917240703726013,0.010175306228362884,1.7154276371002197,1.5327883958816528,3.096168041229248,1.1135659217834473,0.8935022950172424,2.0541152954101562,3.6859312057495117,3.323042392730713,6.940146446228027,0.23952393233776093,0.20407967269420624,0.24232694506645203,0.07885422557592392,0.04852290451526642,0.08945097774267197,0.20069284737110138,0.12556089460849762,0.1787477433681488,1.5521167516708374,1.395340919494629,2.788241386413574,1.0614067316055298,0.8841147422790527,1.963691234588623,3.177924633026123,2.9019546508789062,5.736710548400879
quad2d,dispersion,greedy_diverse,1.0,19,11500,479789,0.9316235226565865,0.17113772929350193,0.8982284554345821,0.0008427234962167919,0.9991572765037832,0.10177154456541797,0.13080958504676013,0.0403281442467418,1.8392530679702759,1.591651439666748,3.470815658569336,1.2509346008300781,0.9636054039001465,2.3662376403808594,3.944835662841797,3.4241645336151123,7.784972190856934,0.299233078956604,0.22894588112831116,0.2699405252933502,0.11616775393486023,0.0504697784781456,0.09051588922739029,0.304611474275589,0.14517274498939514,0.22143620252609253,1.7117823362350464,1.5000566244125366,3.1674253940582275,1.2083430290222168,0.9561482667922974,2.256314277648926,3.498322010040283,3.1107845306396484,6.579329967498779
quad2d,dispersion,proportional,0.5,0,2000,479789,0.5577622611531546,0.10607996431764796,0.39556399003676906,0.000934395712943929,0.999065604287056,0.6044360099632309,0.06831961549764584,0.03776034882000213,2.4040074348449707,2.1359872817993164,4.334889888763428,1.7739578485488892,1.4452440738677979,3.373206615447998,4.8466291427612305,4.562367916107178,8.57107925415039,0.42012014985084534,0.29771631956100464,0.6694176197052002,0.2119787037372589,0.08461727201938629,0.2156059592962265,0.45552903413772583,0.18489015102386475,1.4971336126327515,2.3503165245056152,2.081510543823242,4.256004333496094,1.7618727684020996,1.43861985206604,3.332674741744995,4.596393585205078,4.265200614929199,8.264860153198242
quad2d,dispersion,proportional,0.5,1,2500,479789,0.8349244600982482,0.34079772566690775,0.7487946799667498,0.000870229450498448,0.9991297705495016,0.2512053200332502,0.32451973680096874,0.016277988865938987,2.419818639755249,2.133500337600708,4.403810501098633,1.7751436233520508,1.42986261844635,3.346301317214966,4.918430805206299,4.53193998336792,8.875487327575684,0.43812626600265503,0.2697625458240509,0.9032800197601318,0.23937413096427917,0.07931343466043472,0.24081936478614807,0.6069431304931641,0.16819778084754944,2.70167875289917,2.1943461894989014,1.9436876773834229,3.9531357288360596,1.6550204753875732,1.3515539169311523,3.092751979827881,4.267632961273193,3.920687198638916,7.608949661254883
quad2d,dispersion,proportional,0.5,2,3000,479789,0.7309806703316192,0.1877262713401099,0.6005828071879553,0.0011570139026158002,0.9988429860973842,0.3994171928120447,0.15632705209998563,0.0313992192401243,2.2765591144561768,2.0183372497558594,4.119354724884033,1.64707350730896,1.3296884298324585,3.104494094848633,4.704000949859619,4.348763942718506,8.40981388092041,0.48227769136428833,0.32654908299446106,0.8421013951301575,0.2451135218143463,0.08125251531600952,0.2620753049850464,0.5704633593559265,0.2023022472858429,2.1306815147399902,2.1482176780700684,1.8968271017074585,3.8829517364501953,1.5905747413635254,1.2802892923355103,2.967646598815918,4.272517681121826,3.909945487976074,7.685007095336914
quad2d,dispersion,proportional,0.5,3,3500,479789,0.6816351433801098,0.17047910644053949,0.5346477794793262,0.0009185982603400362,0.99908140173966,0.4653522205206738,0.13772095650379645,0.032758149936743024,2.1857285499572754,1.943970799446106,3.9310338497161865,1.5691237449645996,1.2639899253845215,2.955477476119995,4.549830436706543,4.207245349884033,8.134532928466797,0.4655366539955139,0.28497177362442017,0.9321528077125549,0.2537173330783844,0.07201020419597626,0.2500154674053192,0.6030433177947998,0.1839454472064972,2.6175107955932617,2.074842929840088,1.8440234661102295,3.703557252883911,1.5160126686096191,1.2190730571746826,2.8109304904937744,4.189713478088379,3.8430771827697754,7.42294979095459
quad2d,dispersion,proportional,0.5,4,4000,479789,0.8364239926739926,0.22514897173549206,0.7451560269222924,0.0009918250409576776,0.9990081749590424,0.2548439730777075,0.20428771814276692,0.020861253592725136,2.095451831817627,1.8642171621322632,3.7512359619140625,1.4786912202835083,1.1884253025054932,2.746795415878296,4.389660835266113,4.047288417816162,7.908677577972412,0.37358108162879944,0.24560776352882385,0.6610121726989746,0.17723554372787476,0.06152285635471344,0.15660826861858368,0.4755939543247223,0.1643989235162735,1.5919878482818604,1.9356170892715454,1.7246087789535522,3.4368293285369873,1.3968452215194702,1.1297082901000977,2.5712013244628906,3.9130337238311768,3.599670171737671,6.879509925842285
quad2d,dispersion,proportional,0.5,5,4500,479789,0.7525414287703663,0.13668925298412427,0.6269626421223606,0.0012659552729030747,0.9987340447270969,0.3730373578776394,0.0999918714268147,0.03669738155730957,2.0142104625701904,1.7960964441299438,3.597801685333252,1.3994091749191284,1.1242902278900146,2.599841594696045,4.290289402008057,3.955169916152954,7.653930187225342,0.5177506804466248,0.3718177378177643,0.8593770861625671,0.20980551838874817,0.0750320702791214,0.19771717488765717,0.6205596327781677,0.1966238021850586,2.1331124305725098,1.9375373125076294,1.7259677648544312,3.442220687866211,1.3652164936065674,1.0947411060333252,2.5093600749969482,4.017045021057129,3.677128314971924,7.035749912261963
quad2d,dispersion,proportional,0.5,6,5000,479789,0.8445709281961471,0.20074449393379173,0.7631292651567599,0.0011918695746498717,0.9988081304253501,0.23687073484324003,0.170381146712409,0.030363347221382734,2.0253520011901855,1.7958869934082031,3.670952558517456,1.4341142177581787,1.1552493572235107,2.6660099029541016,4.283862113952637,3.9156224727630615,7.823498725891113,0.48509523272514343,0.3110203742980957,0.8883622884750366,0.2332504689693451,0.06570307910442352,0.20180964469909668,0.6249672174453735,0.17812839150428772,2.4964985847473145,1.8830983638763428,1.6707489490509033,3.3874313831329346,1.3661963939666748,1.1054975986480713,2.510601043701172,3.855220317840576,3.5188803672790527,6.8795552253723145
quad2d,dispersion,proportional,0.5,7,5500,479789,0.8330142755565279,0.20413973642580385,0.7503941663381947,0.0013989889614390216,0.998601011038561,0.24960583366180528,0.1760065362065408,0.028133200219263053,2.0309746265411377,1.7842016220092773,3.721266508102417,1.4600961208343506,1.1550863981246948,2.730792760848999,4.269646644592285,3.858670234680176,7.8974785804748535,0.4939534068107605,0.3331764042377472,0.8826221227645874,0.20735180377960205,0.06467998027801514,0.18103991448879242,0.6983084678649902,0.17631517350673676,2.554009437561035,1.891843318939209,1.66367506980896,3.435520887374878,1.3967931270599365,1.1093794107437134,2.575564384460449,3.8474953174591064,3.4675590991973877,6.956535816192627
quad2d,dispersion,proportional,0.5,8,6000,479789,0.8254946199236376,0.15270879490776154,0.7393331778969456,0.0016969216621703323,0.9983030783378297,0.2606668221030543,0.12248092390613374,0.0302278710016278,1.8751612901687622,1.6699355840682983,3.359219551086426,1.2631285190582275,1.0080262422561646,2.2906458377838135,4.087589263916016,3.737912178039551,7.4815802574157715,0.5538153648376465,0.40011388063430786,0.8729067444801331,0.20036862790584564,0.06148916482925415,0.16233022511005402,0.740772008895874,0.18757502734661102,2.263841152191162,1.7615116834640503,1.5721359252929688,3.1266794204711914,1.2099685668945312,0.9716451168060303,2.1775150299072266,3.7531676292419434,3.4204235076904297,6.657026290893555
quad2d,dispersion,proportional,0.5,9,6500,479789,0.8643426642611884,0.19429791012299155,0.7823430257058576,0.0007027779619439104,0.999297222038056,0.21765697429414244,0.1643514128085471,0.029946497314444473,1.994644284248352,1.7388898134231567,3.68440580368042,1.425134301185608,1.1180262565612793,2.6829121112823486,4.232073783874512,3.804257869720459,7.952672481536865,0.43618372082710266,0.26098909974098206,0.859908401966095,0.22087472677230835,0.06928891688585281,0.19656310975551605,0.5977960228919983,0.16156701743602753,2.3333635330200195,1.8531533479690552,1.620854377746582,3.3850467205047607,1.3548953533172607,1.0710947513580322,2.5095980167388916,3.8239004611968994,3.440608501434326,7.016445636749268
quad2d,dispersion,proportional,0.5,10,7000,479789,0.8821087588210876,0.20407095619115903,0.8290256510289671,0.00139656912209889,0.9986034308779012,0.17097434897103286,0.16454524801527337,0.03952570817588565,2.029292345046997,1.763237714767456,3.7811686992645264,1.4723454713821411,1.1524863243103027,2.793161630630493,4.276151657104492,3.8296451568603516,8.077716827392578,0.5606575608253479,0.3668209910392761,1.014438509941101,0.23957447707653046,0.06230274960398674,0.19051174819469452,0.7791433930397034,0.18129009008407593,3.028911828994751,1.876430630683899,1.6359783411026,3.4526422023773193,1.4022657871246338,1.1042931079864502,2.603053092956543,3.815331220626831,3.4160749912261963,7.036896228790283
quad2d,dispersion,proportional,0.5,11,7500,479789,0.8172806872625143,0.11969219802871679,0.7283568904593639,0.0017955956533864347,0.9982044043466136,0.27164310954063603,0.07157938176990301,0.04811281625881377,1.9655858278274536,1.7167937755584717,3.647588014602661,1.3846652507781982,1.0876669883728027,2.5937588214874268,4.159127712249756,3.7320244312286377,7.922898769378662,0.6218163371086121,0.4468029737472534,1.039957046508789,0.23636409640312195,0.07096855342388153,0.20235033333301544,0.8081238269805908,0.19871529936790466,3.071026086807251,1.9033336639404297,1.6661685705184937,3.5058164596557617,1.3642945289611816,1.0723726749420166,2.522854804992676,3.931215286254883,3.506988286972046,7.329737663269043
quad2d,dispersion,proportional,0.5,12,8000,479789,0.8768666394930892,0.14126001221370227,0.8144273127753304,0.0015774140472872,0.9984225859527128,0.1855726872246696,0.10764106721913175,0.03361894499457053,1.8195117712020874,1.6039042472839355,3.314128875732422,1.2313449382781982,0.9663335680961609,2.2631618976593018,3.993370532989502,3.589191198348999,7.4527974128723145,0.5218881964683533,0.3627806305885315,0.8386802673339844,0.20184160768985748,0.06417634338140488,0.1592799723148346,0.651049017906189,0.16942426562309265,1.9638687372207642,1.7183750867843628,1.5229259729385376,3.091015100479126,1.1900032758712769,0.9463961124420166,2.162719964981079,3.65333890914917,3.2918078899383545,6.643547534942627
quad2d,dispersion,proportional,0.5,13,8500,479789,0.9000151952590791,0.14580159194979458,0.8537657657657658,0.0015228810991009193,0.9984771189008991,0.14623423423423423,0.1083476278113921,0.037453964138402504,1.8445385694503784,1.613567590713501,3.409388542175293,1.2658612728118896,0.9901880621910095,2.345468282699585,3.985002279281616,3.5541205406188965,7.587960243225098,0.5383373498916626,0.3639611601829529,0.9558041095733643,0.20528487861156464,0.06128024309873581,0.16302278637886047,0.729496419429779,0.17250773310661316,2.527963399887085,1.7327104806900024,1.527691125869751,3.155249834060669,1.2162222862243652,0.9683181047439575,2.221348285675049,3.618783950805664,3.251300811767578,6.6718878746032715
quad2d,dispersion,proportional,0.5,14,9000,479789,0.8730862633301657,0.15173128187599133,0.7986285493529071,0.0008042638590546496,0.9991957361409454,0.20137145064709291,0.10672191317433288,0.04500936870165844,1.8029578924179077,1.5823113918304443,3.3216593265533447,1.2204688787460327,0.9489493370056152,2.2711076736450195,3.9343395233154297,3.516735076904297,7.462215900421143,0.3447449207305908,0.25662747025489807,0.2986814081668854,0.13047581911087036,0.05476944521069527,0.09897520393133163,0.38066354393959045,0.14786392450332642,0.21733838319778442,1.6909615993499756,1.4976367950439453,3.0641252994537354,1.1732722520828247,0.9303486347198486,2.153632640838623,3.5688631534576416,3.2187139987945557,6.559123516082764
quad2d,dispersion,proportional,0.5,15,9500,479789,0.8657662798807939,0.1616022876722893,0.7833620195065978,0.000581899125626685,0.9994181008743733,0.2166379804934022,0.11886058246437496,0.042741705207914316,1.8460272550582886,1.6160485744476318,3.4216108322143555,1.2659814357757568,0.9892085790634155,2.3683106899261475,3.9830877780914307,3.5459911823272705,7.562691688537598,0.3400239944458008,0.2570158541202545,0.3013230264186859,0.12397120147943497,0.0539080910384655,0.1003190129995346,0.3594006299972534,0.14927004277706146,0.2185911238193512,1.7256492376327515,1.5244113206863403,3.1434290409088135,1.2147128582000732,0.9647867679595947,2.231276512145996,3.5897324085235596,3.240237236022949,6.583761692047119
quad2d,dispersion,proportional,0.5,16,10000,479789,0.8993939393939393,0.1311784972144005,0.8540862617645067,0.0016588656045284295,0.9983411343954716,0.14591373823549325,0.09287207501630926,0.038306422198091244,1.7752934694290161,1.5575342178344727,3.2713265419006348,1.1934514045715332,0.9313831329345703,2.217834711074829,3.883192539215088,3.457176923751831,7.385633945465088,0.5009759664535522,0.3266963064670563,0.8842347264289856,0.2151242047548294,0.057535819709300995,0.164401113986969,0.6899303197860718,0.16416099667549133,2.1635520458221436,1.6779518127441406,1.4837228059768677,3.04642915725708,1.1615042686462402,0.920364260673523,2.1284308433532715,3.55476713180542,3.184298276901245,6.532550811767578
quad2d,dispersion,proportional,0.5,17,10500,479789,0.9237699540782855,0.1670046624662091,0.8836917412768805,0.000910471975259923,0.99908952802474,0.11630825872311941,0.12823762112095108,0.03876704134525802,1.9283177852630615,1.6658986806869507,3.63563871383667,1.3651401996612549,1.0497522354125977,2.589308500289917,4.105157852172852,3.5999462604522705,7.9528326988220215,0.4202381670475006,0.24055518209934235,0.8706895112991333,0.21860522031784058,0.055232785642147064,0.1814807951450348,0.5604897737503052,0.144326850771904,2.0597503185272217,1.7927531003952026,1.5646892786026,3.313375949859619,1.3038040399551392,1.0225147008895874,2.4210331439971924,3.659390926361084,3.2427799701690674,6.84938383102417
quad2d,dispersion,proportional,0.5,18,11000,479789,0.9648823729969315,0.3779286311274331,0.954468802698145,0.00048541532066467716,0.9995145846793353,0.045531197301854974,0.36920813107428474,0.008720500053148363,1.7103196382522583,1.5160430669784546,3.1189584732055664,1.12332284450531,0.8807268142700195,2.0653350353240967,3.7845494747161865,3.389124631881714,7.131755352020264,0.2268613874912262,0.15157604217529297,0.42011189460754395,0.09726398438215256,0.03829298913478851,0.07988400757312775,0.29836505651474,0.11540268361568451,1.4578897953033447,1.4709289073944092,1.3182367086410522,2.6524734497070312,1.009987235069275,0.8307676911354065,1.8609012365341187,3.1021056175231934,2.828913688659668,5.576960563659668
quad2d,dispersion,proportional,0.5,19,11500,479789,0.9643309256087572,0.3633222103883165,0.9564254062038404,0.000616000616000616,0.9993839993839994,0.04357459379615953,0.3543432633928664,0.008978946995450083,1.7066210508346558,1.5076603889465332,3.1207520961761475,1.1001394987106323,0.8573513031005859,2.0100929737091064,3.805208444595337,3.3860888481140137,7.222270965576172,0.2464277148246765,0.17027905583381653,0.43017342686653137,0.09316466003656387,0.03837341070175171,0.08071693778038025,0.30149972438812256,0.11023695021867752,1.416529655456543,1.4781770706176758,1.3222877979278564,2.669865846633911,1.0073072910308838,0.8268266320228577,1.8530993461608887,3.122357130050659,2.849888801574707,5.5872907638549805
quad2d,dispersion,proportional,1.0,0,2000,479789,0.5577622611531546,0.10607996431764796,0.39556399003676906,0.000934395712943929,0.999065604287056,0.6044360099632309,0.06831961549764584,0.03776034882000213,2.4040074348449707,2.1359872817993164,4.334889888763428,1.7739578485488892,1.4452440738677979,3.373206615447998,4.8466291427612305,4.562367916107178,8.57107925415039,0.42012014985084534,0.29771631956100464,0.6694176197052002,0.2119787037372589,0.08461727201938629,0.2156059592962265,0.45552903413772583,0.18489015102386475,1.4971336126327515,2.3503165245056152,2.081510543823242,4.256004333496094,1.7618727684020996,1.43861985206604,3.332674741744995,4.596393585205078,4.265200614929199,8.264860153198242
quad2d,dispersion,proportional,1.0,1,2500,479789,0.7192269817823731,0.24696272736557112,0.5844168833766753,0.0011585506446039151,0.9988414493553961,0.41558311662332464,0.2200196336306168,0.026943093734954324,2.406679630279541,2.137981653213501,4.348705768585205,1.7454899549484253,1.4087461233139038,3.2881064414978027,4.929633140563965,4.552064418792725,8.801851272583008,0.4939483106136322,0.3516834080219269,0.8119481801986694,0.23090237379074097,0.0831775814294815,0.24709825217723846,0.5307162404060364,0.19578172266483307,1.7736650705337524,2.246492624282837,1.9880951642990112,4.0671610832214355,1.6669793128967285,1.3454077243804932,3.1212213039398193,4.410462856292725,4.039271831512451,7.961193084716797
quad2d,dispersion,proportional,1.0,2,3000,479789,0.7119836586472992,0.2005360689803226,0.5770787343635025,0.0012825259859083127,0.9987174740140917,0.4229212656364974,0.17070837388935553,0.029827695090967072,2.295139789581299,2.0354084968566895,4.148204326629639,1.664799451828003,1.3410804271697998,3.111445426940918,4.710287570953369,4.347935199737549,8.476653099060059,0.5601250529289246,0.41324278712272644,0.8777885437011719,0.23840975761413574,0.08881623297929764,0.22686618566513062,0.5919044017791748,0.20266400277614594,2.218905210494995,2.163540840148926,1.9058493375778198,3.9227280616760254,1.590340495109558,1.2757766246795654,2.947972536087036,4.311201572418213,3.911959409713745,7.766117572784424
quad2d,dispersion,proportional,1.0,3,3500,479789,0.6780929062096172,0.2158782298051852,0.524902600821312,0.0006026461894217869,0.9993973538105783,0.475097399178688,0.18908103353765926,0.026797196267525934,2.285538911819458,2.0183446407318115,4.154411315917969,1.6865179538726807,1.3582565784454346,3.173335313796997,4.57058572769165,4.212450981140137,8.28545093536377,0.4094974100589752,0.2792217433452606,0.6823135614395142,0.21451258659362793,0.0851747915148735,0.23600491881370544,0.46485814452171326,0.17753055691719055,1.5894476175308228,2.1574437618255615,1.8925665616989136,3.9312334060668945,1.6173003911972046,1.2964869737625122,3.018733024597168,4.179347515106201,3.783627510070801,7.573680400848389
quad2d,dispersion,proportional,1.0,4,4000,479789,0.7540880503144654,0.24718782631531777,0.6222106901920083,0.0007680141997292039,0.9992319858002708,0.3777893098079917,0.2320811856878753,0.01510664062744248,2.1473379135131836,1.8965377807617188,3.897320508956909,1.562941551208496,1.2520086765289307,2.9113900661468506,4.414309024810791,4.0570244789123535,8.01352310180664,0.37329062819480896,0.2539694011211395,0.6134170293807983,0.18270806968212128,0.07965810596942902,0.18876856565475464,0.4699602425098419,0.17429973185062408,1.458768367767334,2.0009772777557373,1.7634696960449219,3.6233742237091064,1.493140459060669,1.2008864879608154,2.755453109741211,3.9697530269622803,3.6159894466400146,7.1352410316467285
quad2d,dispersion,proportional,1.0,5,4500,479789,0.7001319488268027,0.21311451492218456,0.5553330906443393,0.0009302934653022362,0.9990697065346977,0.4446669093556607,0.19592779325912016,0.01718672166306439,2.058459520339966,1.8274646997451782,3.7042462825775146,1.4686152935028076,1.1903570890426636,2.7202186584472656,4.242158889770508,3.8902440071105957,7.690340518951416,0.3912791609764099,0.26223844289779663,0.6503562927246094,0.18742938339710236,0.07820792496204376,0.17984069883823395,0.5592168569564819,0.1802113950252533,1.6494477987289429,1.9056342840194702,1.6897568702697754,3.413350820541382,1.3984766006469727,1.1385655403137207,2.5695719718933105,3.787993907928467,3.4678573608398438,6.699368476867676
quad2d,dispersion,proportional,1.0,6,5000,479789,0.6625241414056596,0.2259034700670503,0.5035098915124442,0.00035481670554064163,0.9996451832944594,0.4964901084875558,0.20014214581826595,0.02576132424878436,2.078972816467285,1.8338180780410767,3.8088905811309814,1.5260989665985107,1.2318544387817383,2.86085844039917,4.210307598114014,3.8458080291748047,7.809715270996094,0.2731970548629761,0.20306530594825745,0.2630711793899536,0.13710948824882507,0.07023511081933975,0.13711966574192047,0.2966930866241455,0.1607976257801056,0.244862899184227,1.930751919746399,1.7066267728805542,3.511918783187866,1.4565153121948242,1.1889241933822632,2.7096524238586426,3.783686399459839,3.4469187259674072,6.820737838745117
quad2d,dispersion,proportional,1.0,7,5500,479789,0.7836186558586897,0.19798911604892985,0.6647167487684729,0.0008265520514488657,0.9991734479485511,0.3352832512315271,0.1765526095846299,0.021436506464299933,2.015486478805542,1.7850157022476196,3.662770986557007,1.4416851997375488,1.1621301174163818,2.6608266830444336,4.1593523025512695,3.8155508041381836,7.694056034088135,0.46757593750953674,0.33162614703178406,0.7400565147399902,0.19636684656143188,0.08375784754753113,0.19326460361480713,0.5596147179603577,0.17694365978240967,1.731844186782837,1.8755519390106201,1.6676290035247803,3.367633819580078,1.3698688745498657,1.1150484085083008,2.5088539123535156,3.7534496784210205,3.454023599624634,6.700363636016846
quad2d,dispersion,proportional,1.0,8,6000,479789,0.7474048442906576,0.19893744958721438,0.6073102155576382,0.00040446508162477883,0.9995955349183753,0.39268978444236174,0.16512050088684818,0.0338169487003662,1.9936764240264893,1.7495036125183105,3.6677491664886475,1.436693549156189,1.1452895402908325,2.6757912635803223,4.102250099182129,3.704936981201172,7.721620559692383,0.3185690641403198,0.2439604252576828,0.29825359582901,0.13753515481948853,0.0671515017747879,0.12944258749485016,0.3206285834312439,0.1622403860092163,0.24191595613956451,1.862144112586975,1.6399359703063965,3.3912408351898193,1.369328498840332,1.1047191619873047,2.5282156467437744,3.712888479232788,3.3709938526153564,6.760181427001953
quad2d,dispersion,proportional,1.0,9,6500,479789,0.8972031403336604,0.37954184026728416,0.8253215978334462,0.0002182378656336741,0.9997817621343663,0.17467840216655384,0.37114648314154763,0.008395357125736521,1.9441527128219604,1.7108601331710815,3.5600318908691406,1.3883622884750366,1.1007928848266602,2.5848467350006104,4.036198139190674,3.6566426753997803,7.545907020568848,0.17855986952781677,0.12810301780700684,0.16477081179618835,0.09149166196584702,0.05074479803442955,0.08982020616531372,0.22664278745651245,0.12788525223731995,0.1814870983362198,1.7393264770507812,1.5461229085922241,3.149759531021118,1.294543981552124,1.0529890060424805,2.4117136001586914,3.4649252891540527,3.183589458465576,6.159900188446045
quad2d,dispersion,proportional,1.0,10,7000,479789,0.7862172097950029,0.18004164330570313,0.6609743321110529,0.000507995060724948,0.999492004939275,0.3390256678889471,0.14654150053461001,0.033500142771093123,1.9181369543075562,1.67900812625885,3.541804313659668,1.353444218635559,1.0752825736999512,2.519454002380371,3.9648191928863525,3.5616989135742188,7.536573886871338,0.2717331349849701,0.2003132551908493,0.247325599193573,0.12195923924446106,0.05792803689837456,0.10816944390535355,0.31724122166633606,0.15160879492759705,0.21767070889472961,1.796706199645996,1.579728126525879,3.2737605571746826,1.29652738571167,1.0452306270599365,2.394784688949585,3.597024440765381,3.2501344680786133,6.524372100830078
quad2d,dispersion,proportional,1.0,11,7500,479789,0.8409826699676252,0.18424974311624484,0.7448555043292477,0.0006170015294317573,0.9993829984705682,0.25514449567075226,0.1473105886129111,0.03693915450333376,1.9116469621658325,1.6670234203338623,3.548563003540039,1.3613427877426147,1.0767226219177246,2.5292911529541016,3.9990220069885254,3.5436761379241943,7.7167134284973145,0.363238662481308,0.2754252851009369,0.3234836161136627,0.14557981491088867,0.06535415351390839,0.11860379576683044,0.357586532831192,0.154775470495224,0.2271522730588913,1.7888951301574707,1.5716255903244019,3.271373987197876,1.3097792863845825,1.0475642681121826,2.399325370788574,3.6373040676116943,3.258406639099121,6.693026542663574
quad2d,dispersion,proportional,1.0,12,8000,479789,0.8520160439096474,0.20234936607550402,0.7652635570724308,0.0006563623119962219,0.9993436376880038,0.2347364429275692,0.16644399934137716,0.03590536673412688,1.9631049633026123,1.7032194137573242,3.670682430267334,1.4105550050735474,1.1117501258850098,2.6492695808410645,4.063127517700195,3.5898499488830566,7.8418707847595215,0.34809547662734985,0.26829683780670166,0.31747058033943176,0.13716371357440948,0.05780676752328873,0.11011810600757599,0.3412940502166748,0.16177932918071747,0.24167704582214355,1.8337346315383911,1.5997111797332764,3.3828179836273193,1.355409860610962,1.0780599117279053,2.5090904235839844,3.6514315605163574,3.259498357772827,6.777919769287109
quad2d,dispersion,proportional,1.0,13,8500,479789,0.8423796033994334,0.16744860761709834,0.7530388978930308,0.0008830090072052509,0.9991169909927947,0.2469611021069692,0.13058448609701348,0.03686412152008487,1.9048950672149658,1.6584482192993164,3.547851324081421,1.3349491357803345,1.0548255443572998,2.4951391220092773,3.9774410724639893,3.499260902404785,7.678694725036621,0.405527800321579,0.3289943337440491,0.3711501359939575,0.1325933337211609,0.060889821499586105,0.10426017642021179,0.36250942945480347,0.16456042230129242,0.23461796343326569,1.8003957271575928,1.5785467624664307,3.3082826137542725,1.3001779317855835,1.0383484363555908,2.4082770347595215,3.618614435195923,3.2246673107147217,6.676833629608154
quad2d,dispersion,proportional,1.0,14,9000,479789,0.9416531604538086,0.3371752999756143,0.9128043990573449,0.0005294383781858554,0.9994705616218141,0.08719560094265515,0.3249157442125601,0.012259555763054176,1.8073310852050781,1.5913176536560059,3.316314220428467,1.2388848066329956,0.9815909266471863,2.3015663623809814,3.814905881881714,3.4238877296447754,7.2462286949157715,0.22482097148895264,0.17940624058246613,0.211985245347023,0.0850173681974411,0.046136707067489624,0.07772594690322876,0.22387972474098206,0.1268981248140335,0.18067499995231628,1.627007246017456,1.4517806768417358,2.9349472522735596,1.1796354055404663,0.9714347124099731,2.189492702484131,3.258035659790039,2.9958581924438477,5.787776947021484
quad2d,dispersion,proportional,1.0,15,9500,479789,0.8848306665912817,0.1600620272661524,0.8240311710193766,0.0009301214494646719,0.9990698785505353,0.1759688289806234,0.11779553095214772,0.0422664963140047,1.8459545373916626,1.609625220298767,3.4473483562469482,1.2777953147888184,1.0064005851745605,2.3987441062927246,3.884462356567383,3.444145917892456,7.479729175567627,0.35738691687583923,0.282654345035553,0.32778221368789673,0.12813280522823334,0.05589696019887924,0.10372043401002884,0.3435225188732147,0.16342544555664062,0.23609022796154022,1.7406270503997803,1.5269556045532227,3.208420991897583,1.2363660335540771,0.985884964466095,2.303058385848999,3.538137912750244,3.164722442626953,6.518311023712158
quad2d,dispersion,proportional,1.0,16,10000,479789,0.8978648336273497,0.1790412035290513,0.834841628959276,0.0005687617355803318,0.9994312382644197,0.16515837104072398,0.13881518750950939,0.04022601601954193,1.9000980854034424,1.6473371982574463,3.563164234161377,1.3428460359573364,1.0438339710235596,2.5430893898010254,3.9623448848724365,3.490170955657959,7.70336389541626,0.32693955302238464,0.24182388186454773,0.288030743598938,0.13262224197387695,0.052232034504413605,0.09819938987493515,0.33254721760749817,0.14755000174045563,0.22790895402431488,1.7823749780654907,1.5571280717849731,3.294970750808716,1.299363613128662,1.0239096879959106,2.4202804565429688,3.5788776874542236,3.185826063156128,6.67194938659668
quad2d,dispersion,proportional,1.0,17,10500,479789,0.8810517341948221,0.14485742691057943,0.8151100041511,0.0010646765919300528,0.9989353234080699,0.18488999584889995,0.10165301830596367,0.04320440860461578,1.7897952795028687,1.5708861351013184,3.30661940574646,1.2170863151550293,0.9574788212776184,2.2705612182617188,3.8198273181915283,3.3963465690612793,7.3161211013793945,0.3945840299129486,0.3136739134788513,0.3522131145000458,0.12922757863998413,0.0555349737405777,0.09649550914764404,0.36835047602653503,0.15450036525726318,0.21875938773155212,1.6895960569381714,1.4930111169815063,3.0824692249298096,1.185168743133545,0.9441473484039307,2.1902453899383545,3.474881172180176,3.1270315647125244,6.406971454620361
quad2d,dispersion,proportional,1.0,18,11000,479789,0.8891285995685207,0.1462059363595247,0.8276434122064088,0.0009794368489256331,0.9990205631510743,0.1723565877935912,0.10192188649593883,0.04428404986358587,1.7783507108688354,1.561528205871582,3.290081739425659,1.1895169019699097,0.9316948652267456,2.216060161590576,3.7985923290252686,3.3773207664489746,7.332813262939453,0.35661742091178894,0.28339770436286926,0.32545506954193115,0.12311087548732758,0.05527373030781746,0.09703651815652847,0.33491984009742737,0.15759055316448212,0.22936905920505524,1.682937502861023,1.4892994165420532,3.0708725452423096,1.1569108963012695,0.921139657497406,2.132291078567505,3.472792625427246,3.125227689743042,6.405889511108398
quad2d,dispersion,proportional,1.0,19,11500,479789,0.8969337114498405,0.14674367273947506,0.8396382943421271,0.0009891047469477437,0.9990108952530523,0.16036170565787292,0.10212822719987327,0.044615445539601783,1.7659049034118652,1.5506556034088135,3.267643690109253,1.163124918937683,0.9172152876853943,2.178708076477051,3.770690441131592,3.345550298690796,7.248216152191162,0.36384063959121704,0.2858853340148926,0.32583698630332947,0.12936748564243317,0.0550534650683403,0.09376703947782516,0.3318798542022705,0.15755468606948853,0.22906504571437836,1.6641292572021484,1.4733623266220093,3.034832000732422,1.134850263595581,0.9100381731987,2.103039503097534,3.413831949234009,3.0816500186920166,6.313997268676758
quad2d,entropy,greedy_diverse,0.5,0,2000,479789,0.5577622611531546,0.10607996431764796,0.39556399003676906,0.000934395712943929,0.999065604287056,0.6044360099632309,0.06831961549764584,0.03776034882000213,2.4040074348449707,2.1359872817993164,4.334889888763428,1.7739578485488892,1.4452440738677979,3.373206615447998,4.8466291427612305,4.562367916107178,8.57107925415039,0.42012014985084534,0.29771631956100464,0.6694176197052002,0.2119787037372589,0.08461727201938629,0.2156059592962265,0.45552903413772583,0.18489015102386475,1.4971336126327515,2.3503165245056152,2.081510543823242,4.256004333496094,1.7618727684020996,1.43861985206604,3.332674741744995,4.596393585205078,4.265200614929199,8.264860153198242
quad2d,entropy,greedy_diverse,0.5,1,2500,479789,0.8879440096327514,0.21290817421825012,0.8445351084389092,0.0022163132756065304,0.9977836867243934,0.15546489156109083,0.18263861822592847,0.030269555992321624,2.2769813537597656,2.026954174041748,4.085230350494385,1.6294198036193848,1.3135838508605957,3.0811290740966797,4.730260372161865,4.440304279327393,8.39306354522705,0.5562852621078491,0.42006728053092957,0.8442402482032776,0.2278466671705246,0.08462706953287125,0.2443300187587738,0.537835955619812,0.20804722607135773,1.653200626373291,2.117875576019287,1.884984016418457,3.787839412689209,1.5637519359588623,1.2693665027618408,2.9404561519622803,4.176555633544922,3.899448871612549,7.394245147705078
quad2d,entropy,greedy_diverse,0.5,2,3000,479789,0.8879316784104773,0.12084687227093577,0.8358411850185159,0.00249453773643798,0.9975054622635621,0.16415881498148407,0.08830340003626594,0.03254347223466982,2.2051312923431396,1.9483660459518433,3.9758546352386475,1.5361346006393433,1.2203607559204102,2.8730862140655518,4.723634243011475,4.3365020751953125,8.550311088562012,0.49170348048210144,0.34472501277923584,0.7594133615493774,0.19871747493743896,0.06059126555919647,0.1728651076555252,0.5666798949241638,0.1719031035900116,1.6954578161239624,2.1328184604644775,1.8840850591659546,3.833071231842041,1.5202635526657104,1.2158796787261963,2.819359302520752,4.376286029815674,3.9782354831695557,7.940230846405029
quad2d,entropy,greedy_diverse,0.5,3,3500,479789,0.8937725961733761,0.17041657895449874,0.8291377750979801,0.0009044669752597094,0.9990955330247403,0.1708622249020199,0.12404411105715221,0.046372467897346545,2.1536965370178223,1.917396903038025,3.859018325805664,1.5014305114746094,1.2086628675460815,2.8079729080200195,4.5502495765686035,4.198166847229004,8.212329864501953,0.2964720129966736,0.20804011821746826,0.24789926409721375,0.1293586790561676,0.042881205677986145,0.07904588431119919,0.3257807195186615,0.13580282032489777,0.2115618884563446,2.0495522022247314,1.832788109779358,3.637369155883789,1.4693007469177246,1.1980071067810059,2.721468448638916,4.145170211791992,3.8263680934906006,7.319584846496582
quad2d,entropy,greedy_diverse,0.5,4,4000,479789,0.8849230257827271,0.06716910975449625,0.8193990227386403,0.0020044073240331997,0.9979955926759668,0.1806009772613597,0.03739768940096584,0.029771420353530406,2.0757243633270264,1.8388110399246216,3.725266695022583,1.4125245809555054,1.111009120941162,2.6171650886535645,4.51521110534668,4.114346981048584,8.256840705871582,0.42356258630752563,0.2712000608444214,0.7500014305114746,0.1702163815498352,0.04580676555633545,0.130586177110672,0.5892627835273743,0.1405918002128601,1.6763612031936646,2.078315258026123,1.8471200466156006,3.709718942642212,1.4395979642868042,1.1439719200134277,2.6441407203674316,4.364412307739258,3.976780891418457,7.934780597686768
quad2d,entropy,greedy_diverse,0.5,5,4500,479789,0.8535427533259098,0.07407214421339381,0.7594910304547351,0.0009080771818553945,0.9990919228181446,0.2405089695452649,0.02629072363059595,0.04778142058279786,2.043715715408325,1.8059223890304565,3.6885733604431152,1.3889150619506836,1.0901575088500977,2.5841097831726074,4.469745635986328,4.068079471588135,8.187142372131348,0.27007731795310974,0.18491768836975098,0.22485877573490143,0.1167193353176117,0.03967530280351639,0.07780031114816666,0.3099806308746338,0.12661848962306976,0.1990390419960022,2.056774139404297,1.824689269065857,3.6936628818511963,1.4220516681671143,1.128096103668213,2.622786045074463,4.362708568572998,3.9495792388916016,7.93560266494751
quad2d,entropy,greedy_diverse,0.5,6,5000,479789,0.8484390078506038,0.063707171277374,0.7557734306026672,0.001297632463724743,0.9987023675362753,0.24422656939733284,0.021503202449410053,0.042203968827963956,1.9647785425186157,1.7554962635040283,3.5048282146453857,1.3237991333007812,1.0551793575286865,2.4433131217956543,4.304513454437256,3.899256944656372,7.866722583770752,0.32615119218826294,0.24977226555347443,0.2871741056442261,0.10810169577598572,0.04147027060389519,0.07822035253047943,0.311923623085022,0.13312497735023499,0.1991984248161316,1.9824950695037842,1.780991792678833,3.519535541534424,1.365724802017212,1.1009278297424316,2.500047206878662,4.211287498474121,3.8129162788391113,7.579171180725098
quad2d,entropy,greedy_diverse,0.5,7,5500,479789,0.9104144651872725,0.11395217481017697,0.8520879120879121,0.0008847034768846642,0.9991152965231154,0.1479120879120879,0.07158771876804179,0.042364456042135186,1.901411533355713,1.7067017555236816,3.370297908782959,1.2651307582855225,1.008331298828125,2.3255441188812256,4.195981979370117,3.8372037410736084,7.6133575439453125,0.25673165917396545,0.1816263347864151,0.21881794929504395,0.10189800709486008,0.039154067635536194,0.07518205046653748,0.28708481788635254,0.11948227882385254,0.18310490250587463,1.8195871114730835,1.6423927545547485,3.1906862258911133,1.2514183521270752,1.014962077140808,2.271693229675293,3.8371481895446777,3.5166759490966797,6.794280529022217
quad2d,entropy,greedy_diverse,0.5,8,6000,479789,0.9422003544692219,0.1637532331920907,0.9200289301028052,0.001668128788969924,0.9983318712110301,0.07997106989719481,0.13179543507666913,0.03195779811542157,1.9026135206222534,1.6954421997070312,3.4030425548553467,1.2341587543487549,0.9708585739135742,2.2625977993011475,4.263297080993652,3.8324856758117676,7.903204917907715,0.3291376233100891,0.25616690516471863,0.2872626483440399,0.0985737144947052,0.03771435469388962,0.0672442764043808,0.32578885555267334,0.1286730170249939,0.18332307040691376,1.7698345184326172,1.591491937637329,3.1139931678771973,1.189454436302185,0.9616109728813171,2.1655218601226807,3.7632389068603516,3.427048683166504,6.709587097167969
quad2d,entropy,greedy_diverse,0.5,9,6500,479789,0.9522219439574812,0.17087719810166552,0.9342069342069342,0.0013491827167585884,0.9986508172832415,0.06579306579306579,0.13743124581847438,0.03344595228319115,1.9042445421218872,1.687720775604248,3.443794012069702,1.2686244249343872,0.9962722063064575,2.3526628017425537,4.205425262451172,3.7848377227783203,7.835387706756592,0.29235801100730896,0.21920736134052277,0.25642848014831543,0.106646329164505,0.04080105200409889,0.07755611836910248,0.2923538088798523,0.12340803444385529,0.18904772400856018,1.7628847360610962,1.5753282308578491,3.141853094100952,1.217024803161621,0.978454053401947,2.2312188148498535,3.6819827556610107,3.3654396533966064,6.6134934425354
quad2d,entropy,greedy_diverse,0.5,10,7000,479789,0.9502170546571551,0.14980960380500596,0.9299378881987578,0.0014208831136680704,0.9985791168863319,0.07006211180124224,0.11919614663946027,0.03061345716554569,1.8354753255844116,1.64889395236969,3.246030807495117,1.1758553981781006,0.9310166835784912,2.1526684761047363,4.120719909667969,3.7546441555023193,7.540742874145508,0.27310433983802795,0.20434845983982086,0.23583011329174042,0.09559856355190277,0.037917062640190125,0.06642599403858185,0.2916892170906067,0.12103498727083206,0.17831844091415405,1.694575548171997,1.5333572626113892,2.9531514644622803,1.1290717124938965,0.9158695340156555,2.050504207611084,3.598193645477295,3.326488971710205,6.326111793518066
quad2d,entropy,greedy_diverse,0.5,11,7500,479789,0.9530956848030018,0.14421547805389454,0.9296245947924292,0.001032007561243518,0.9989679924387564,0.07037540520757085,0.11176162854921642,0.0324538495046781,1.8284803628921509,1.630647897720337,3.2814910411834717,1.1900770664215088,0.9316222071647644,2.205315113067627,4.095888137817383,3.7188496589660645,7.555752277374268,0.24397671222686768,0.17503753304481506,0.20893004536628723,0.09552772343158722,0.037584926933050156,0.06842461228370667,0.27234962582588196,0.11640449613332748,0.17911331355571747,1.7076319456100464,1.5340780019760132,3.024310827255249,1.153822660446167,0.9257093071937561,2.1143789291381836,3.6458497047424316,3.3491902351379395,6.467800140380859
quad2d,entropy,greedy_diverse,0.5,12,8000,479789,0.9530884849081204,0.1459183099237373,0.9354838709677419,0.001467598458893107,0.9985324015411069,0.06451612903225806,0.11460662916407004,0.03131168075966727,1.8151739835739136,1.6266461610794067,3.2488486766815186,1.158531665802002,0.914898157119751,2.1238181591033936,4.129490375518799,3.7326371669769287,7.635589599609375,0.277483731508255,0.2172205001115799,0.24805480241775513,0.08248377591371536,0.036824919283390045,0.06472845375537872,0.2727225720882416,0.11965849995613098,0.17643046379089355,1.6787946224212646,1.515675663948059,2.9627695083618164,1.114037036895752,0.9036378860473633,2.02054762840271,3.6207122802734375,3.3174338340759277,6.447834014892578
quad2d,entropy,greedy_diverse,0.5,13,8500,479789,0.9792371718649959,0.29114464900195713,0.9768248175182481,0.0009268957334989387,0.9990731042665011,0.023175182481751825,0.27784296847155726,0.013301680530399821,1.777839183807373,1.6051769256591797,3.148296356201172,1.1221791505813599,0.894277811050415,2.0614352226257324,4.060065746307373,3.7023892402648926,7.379049301147461,0.18074572086334229,0.14024898409843445,0.16833116114139557,0.06646693497896194,0.03190799057483673,0.058583468198776245,0.17585980892181396,0.09785454720258713,0.14439824223518372,1.537131905555725,1.3998382091522217,2.6988532543182373,1.0224087238311768,0.8535915613174438,1.879762887954712,3.261782646179199,3.023484468460083,5.697897911071777
quad2d,entropy,greedy_diverse,0.5,14,9000,479789,0.9804339550818425,0.3068473849963213,0.9778283978739559,0.0006950597532224786,0.9993049402467775,0.02217160212604404,0.29142185419007105,0.015425530806250247,1.806893229484558,1.606713891029358,3.260023832321167,1.1554986238479614,0.9094102382659912,2.128291606903076,4.105345726013184,3.67114520072937,7.661438465118408,0.1917845606803894,0.1380496770143509,0.17088603973388672,0.08523683249950409,0.03656461834907532,0.0681944191455841,0.19473300874233246,0.10016282647848129,0.15508297085762024,1.5467679500579834,1.3921350240707397,2.7545621395111084,1.0419542789459229,0.8594196438789368,1.9160888195037842,3.2789740562438965,3.0016117095947266,5.785299301147461
quad2d,entropy,greedy_diverse,0.5,15,9500,479789,0.9517178749810805,0.13996569325265898,0.9344164850406181,0.0015033877185963965,0.9984966122814036,0.0655835149593818,0.10250130786658301,0.037464385386075966,1.7942850589752197,1.5895156860351562,3.2680022716522217,1.1486155986785889,0.8971960544586182,2.125628709793091,4.091794490814209,3.6485819816589355,7.74517822265625,0.3115500211715698,0.2394929975271225,0.2712275981903076,0.09429077059030533,0.036077991127967834,0.06419230997562408,0.31220653653144836,0.11807272583246231,0.18155011534690857,1.6580513715744019,1.4790314435958862,2.9795851707458496,1.106013298034668,0.8860758543014526,2.0308289527893066,3.5884249210357666,3.2397375106811523,6.4802021980285645
quad2d,entropy,greedy_diverse,0.5,16,10000,479789,0.9435707678075855,0.12450473020431899,0.9205776173285198,0.0016639603259655613,0.9983360396740344,0.07942238267148015,0.09248857310192606,0.032016157102392924,1.7462382316589355,1.5624884366989136,3.137315034866333,1.0975743532180786,0.8610309362411499,2.0158581733703613,4.023443222045898,3.6233716011047363,7.40174674987793,0.29062649607658386,0.22970709204673767,0.2592749297618866,0.08394806832075119,0.033155232667922974,0.05819031968712807,0.26979100704193115,0.11944033950567245,0.1764456331729889,1.6298909187316895,1.4679242372512817,2.892622709274292,1.0675218105316162,0.8568838238716125,1.9510295391082764,3.5655734539031982,3.258740186691284,6.338961124420166
quad2d,entropy,greedy_diverse,0.5,17,10500,479789,0.9383292597765363,0.1098503717259045,0.9163718511572396,0.002140611412134591,0.9978593885878654,0.08362814884276032,0.08112524463878913,0.028725127087115377,1.696724772453308,1.5343984365463257,2.994394063949585,1.034729242324829,0.8206273317337036,1.8872501850128174,3.9236502647399902,3.5745019912719727,7.125926971435547,0.3353663682937622,0.28406116366386414,0.3156985640525818,0.07585130631923676,0.03503330796957016,0.06368093937635422,0.27009913325309753,0.12541882693767548,0.1866828203201294,1.5917987823486328,1.4468473196029663,2.777658462524414,1.016520380973816,0.8234397172927856,1.8462690114974976,3.5001630783081055,3.249189853668213,6.120478630065918
quad2d,entropy,greedy_diverse,0.5,18,11000,479789,0.9791230322275523,0.29135307395542626,0.9777357981379031,0.0008856660485455702,0.9991143339514544,0.022264201862096884,0.27342435945801175,0.01792871449741449,1.7868242263793945,1.5759241580963135,3.2811713218688965,1.1594021320343018,0.8947278261184692,2.1613574028015137,4.046550750732422,3.59601092338562,7.66106653213501,0.20550058782100677,0.15156932175159454,0.18007637560367584,0.08314025402069092,0.033437617123126984,0.05904632434248924,0.197580486536026,0.10273326188325882,0.15650184452533722,1.5452667474746704,1.3762462139129639,2.805412530899048,1.0554617643356323,0.8558416366577148,1.9604694843292236,3.2841928005218506,2.984792947769165,5.949594974517822
quad2d,entropy,greedy_diverse,0.5,19,11500,479789,0.9848854961832061,0.35203808340749787,0.9844346101022432,0.0006447734729447006,0.9993552265270553,0.015565389897756753,0.3428653012053215,0.009172782202176374,1.738685965538025,1.5436700582504272,3.1661734580993652,1.110593318939209,0.867577314376831,2.0525095462799072,3.9497909545898438,3.503153085708618,7.45109224319458,0.1727268397808075,0.1106186956167221,0.27947062253952026,0.07277913391590118,0.028267156332731247,0.05748677998781204,0.2306978702545166,0.08399058878421783,0.9816535115242004,1.4670847654342651,1.315850019454956,2.644040822982788,0.9848121404647827,0.8077001571655273,1.8141413927078247,3.120593786239624,2.831310272216797,5.6371941566467285
quad2d,entropy,greedy_diverse,1.0,0,2000,479789,0.5667138523761376,0.10011067365029211,0.40744402442570515,0.0012639846392095754,0.9987360153607904,0.5925559755742948,0.05977002390634216,0.04034064974394994,2.3935494422912598,2.1265485286712646,4.335704803466797,1.7552592754364014,1.4351491928100586,3.334533452987671,4.8482136726379395,4.543480396270752,8.64448356628418,0.48498061299324036,0.34986209869384766,0.8175380229949951,0.22034934163093567,0.07929342240095139,0.22764639556407928,0.5500679612159729,0.20760396122932434,1.8134843111038208,2.3519554138183594,2.0864925384521484,4.272401809692383,1.7506582736968994,1.4360630512237549,3.29970645904541,4.622988224029541,4.271756649017334,8.388924598693848
quad2d,entropy,greedy_diverse,1.0,1,2500,479789,0.8310837477306812,0.214367148892534,0.7528780836610655,0.002270266398128683,0.9977297336018713,0.24712191633893457,0.18685505503460897,0.027512093857925045,2.287787914276123,2.023672580718994,4.152835369110107,1.6358963251113892,1.32142972946167,3.0723018646240234,4.799958229064941,4.460291862487793,8.75089168548584,0.567182183265686,0.4196261763572693,0.8859599232673645,0.23201365768909454,0.07306724786758423,0.22876840829849243,0.5864379405975342,0.2165127396583557,2.1410884857177734,2.114692449569702,1.8689924478530884,3.824831485748291,1.560676097869873,1.2638705968856812,2.9086952209472656,4.256598949432373,3.908012866973877,7.77168607711792
quad2d,entropy,greedy_diverse,1.0,2,3000,479789,0.7508034120214242,0.12267684336239472,0.6206218024399842,0.0012250914504885577,0.9987749085495115,0.37937819756001573,0.0795078669998687,0.04316897636252603,2.385716438293457,2.1154298782348633,4.336009979248047,1.754477858543396,1.4182708263397217,3.3333280086517334,4.872746467590332,4.542675018310547,8.711764335632324,0.5093778371810913,0.33360016345977783,0.8755449056625366,0.24763576686382294,0.07376712560653687,0.2570226490497589,0.5812383890151978,0.18896132707595825,2.020388603210449,2.3269288539886475,2.0612781047821045,4.224379539489746,1.7400611639022827,1.4092011451721191,3.275376081466675,4.570611000061035,4.200209617614746,8.274572372436523
quad2d,entropy,greedy_diverse,1.0,3,3500,479789,0.8519508867667123,0.11052983707421388,0.7902409394614295,0.003149861671441418,0.9968501383285586,0.20975906053857057,0.07257565304748546,0.03795418402672841,2.0945048332214355,1.8674980401992798,3.7384629249572754,1.425627589225769,1.1476154327392578,2.6305854320526123,4.534206867218018,4.167152404785156,8.186086654663086,0.5756363272666931,0.4263284206390381,0.8900136351585388,0.20993494987487793,0.061373792588710785,0.18092209100723267,0.6770503520965576,0.19407325983047485,1.9694368839263916,2.0241031646728516,1.8062431812286377,3.601619005203247,1.4129259586334229,1.1431894302368164,2.5832033157348633,4.215431213378906,3.8404107093811035,7.587124824523926
quad2d,entropy,greedy_diverse,1.0,4,4000,479789,0.8911024128059823,0.14653316353647125,0.8447139613446308,0.002360593418440731,0.9976394065815593,0.1552860386553691,0.11151568710412285,0.035017476432348385,2.089165687561035,1.8497580289840698,3.7638344764709473,1.4343006610870361,1.1444652080535889,2.661982774734497,4.490869998931885,4.077453136444092,8.177461624145508,0.5492419004440308,0.3886243999004364,0.8941807746887207,0.2076309323310852,0.059503741562366486,0.19139376282691956,0.6355463862419128,0.17532798647880554,1.9813470840454102,1.9741605520248413,1.747875690460205,3.5386462211608887,1.3956300020217896,1.1210260391235352,2.5630056858062744,4.058624267578125,3.658151388168335,7.300597667694092
quad2d,entropy,greedy_diverse,1.0,5,4500,479789,0.9218711463100491,0.18729900018549822,0.9057132087663562,0.002962133166735783,0.9970378668332642,0.09428679123364385,0.16456817476015498,0.022730825425343222,1.9647668600082397,1.7600131034851074,3.477276563644409,1.3290705680847168,1.063255786895752,2.4477858543395996,4.264842987060547,3.9262945652008057,7.6744608879089355,0.5055222511291504,0.3682278096675873,0.7903536558151245,0.1643846333026886,0.05108431354165077,0.13290226459503174,0.6711633205413818,0.16617491841316223,1.6476329565048218,1.7989524602890015,1.620073676109314,3.1484997272491455,1.257472038269043,1.0251909494400024,2.292421579360962,3.7172234058380127,3.429227590560913,6.503319263458252
quad2d,entropy,greedy_diverse,1.0,6,5000,479789,0.909806652027208,0.12949442359036994,0.8723808545603944,0.0022175510501347357,0.9977824489498652,0.1276191454396056,0.09615476803344804,0.0333396555569219,1.9884328842163086,1.7685309648513794,3.5679094791412354,1.3579728603363037,1.0787394046783447,2.527052879333496,4.291034698486328,3.901071310043335,7.83845329284668,0.5046217441558838,0.3537499010562897,0.84125816822052,0.1869966983795166,0.05434556305408478,0.15552495419979095,0.5970650911331177,0.15985453128814697,1.819870948791504,1.881874680519104,1.6842459440231323,3.335306167602539,1.3276060819625854,1.0649120807647705,2.4417829513549805,3.862346887588501,3.531867742538452,6.920173645019531
quad2d,entropy,greedy_diverse,1.0,7,5500,479789,0.8985888286741429,0.10167802930037996,0.8424891840225375,0.0015785876383696523,0.9984214123616304,0.15751081597746253,0.06107476411505891,0.04060326518532105,2.0899155139923096,1.8293012380599976,3.8370883464813232,1.468461275100708,1.156235694885254,2.759596347808838,4.454423904418945,4.017058849334717,8.325051307678223,0.44699719548225403,0.2813827395439148,0.8034163117408752,0.21691066026687622,0.05774775892496109,0.1932162195444107,0.5174676179885864,0.15106956660747528,1.749314785003662,2.030487060546875,1.7853196859359741,3.700113534927368,1.463668704032898,1.1609408855438232,2.7215864658355713,4.167064189910889,3.741229295730591,7.720997333526611
quad2d,entropy,greedy_diverse,1.0,8,6000,479789,0.9445234708392604,0.2024994320420018,0.9202745512143612,0.001170131707848046,0.9988298682921519,0.07972544878563886,0.16744443911802898,0.03505499292397283,1.9588501453399658,1.732027530670166,3.5460424423217773,1.3437144756317139,1.0616354942321777,2.5076396465301514,4.242116928100586,3.8420140743255615,7.874461650848389,0.30788448452949524,0.22968699038028717,0.2688293755054474,0.11975138634443283,0.04572012275457382,0.08380837738513947,0.29724669456481934,0.13474752008914948,0.20026785135269165,1.7836802005767822,1.5932435989379883,3.170945405960083,1.2684049606323242,1.024433970451355,2.332498073577881,3.6418654918670654,3.3388164043426514,6.555047512054443
quad2d,entropy,greedy_diverse,1.0,9,6500,479789,0.937450929076158,0.18927903724345493,0.9078122030032313,0.0012245707303479175,0.9987754292696521,0.09218779699676867,0.15583725345933316,0.03344178378412177,1.9028433561325073,1.689928412437439,3.444077253341675,1.2725204229354858,1.0044234991073608,2.3744776248931885,4.188118934631348,3.8067703247070312,7.778069972991943,0.3057776987552643,0.23904551565647125,0.2740946114063263,0.10499528050422668,0.04229220002889633,0.07452206313610077,0.27596670389175415,0.13073652982711792,0.19212284684181213,1.7368502616882324,1.5556291341781616,3.0991179943084717,1.1991560459136963,0.9720669984817505,2.207355499267578,3.6374592781066895,3.3324718475341797,6.552547931671143
quad2d,entropy,greedy_diverse,1.0,10,7000,479789,0.947158707779072,0.16908057500276163,0.9257084656401654,0.0012670986321094313,0.9987329013678906,0.07429153435983464,0.13515732957612617,0.03392324542663546,1.8644827604293823,1.6617152690887451,3.3554325103759766,1.2395565509796143,0.9716972708702087,2.297226667404175,4.142737865447998,3.764341115951538,7.638985633850098,0.30017608404159546,0.23309974372386932,0.270866334438324,0.10859234631061554,0.04519328847527504,0.08281295001506805,0.2746620774269104,0.12969748675823212,0.19259925186634064,1.697908878326416,1.5217779874801636,3.016827344894409,1.1710377931594849,0.9434067010879517,2.147672653198242,3.5828146934509277,3.2833642959594727,6.394509792327881
quad2d,entropy,greedy_diverse,1.0,11,7500,479789,0.9496151154653604,0.1643013908197145,0.9321121923297081,0.0014133391049026178,0.9985866608950974,0.06788780767029193,0.13023016367611595,0.03407122714359854,1.841320276260376,1.6414464712142944,3.3155345916748047,1.191959023475647,0.9353389739990234,2.190631628036499,4.153336524963379,3.7601680755615234,7.714405536651611,0.3270019292831421,0.2553970217704773,0.2914973795413971,0.10310554504394531,0.040574103593826294,0.07526516169309616,0.30348923802375793,0.1272486448287964,0.19206680357456207,1.679612159729004,1.5081210136413574,2.982654333114624,1.1269898414611816,0.9070724248886108,2.046243906021118,3.612610340118408,3.3116142749786377,6.500998020172119
quad2d,entropy,greedy_diverse,1.0,12,8000,479789,0.9440004955708357,0.16682333275669095,0.9213979079750891,0.0013256439028209075,0.9986743560971791,0.07860209202491082,0.13237068794824391,0.03445264480844705,1.8737202882766724,1.6695544719696045,3.384711265563965,1.234788417816162,0.9710349440574646,2.3043084144592285,4.200118541717529,3.8065335750579834,7.763031959533691,0.3109153211116791,0.2421823889017105,0.2785939872264862,0.1066567599773407,0.04280064254999161,0.07933975756168365,0.2829078137874603,0.1311814785003662,0.19370058178901672,1.7147210836410522,1.541312575340271,3.0498692989349365,1.170114517211914,0.9443778395652771,2.1592652797698975,3.648681879043579,3.36175799369812,6.494422912597656
quad2d,entropy,greedy_diverse,1.0,13,8500,479789,0.972464786376259,0.29455864973978146,0.9694483356680675,0.0011283820547064352,0.9988716179452936,0.03055166433193249,0.2816654821181811,0.012893167621600329,1.7753816843032837,1.6038153171539307,3.147493362426758,1.1275256872177124,0.8960815072059631,2.089606285095215,4.001656532287598,3.664022922515869,7.29292631149292,0.2249699831008911,0.1811792552471161,0.20837071537971497,0.07751289010047913,0.034027352929115295,0.06030452996492386,0.19032704830169678,0.11841482669115067,0.16411340236663818,1.5449625253677368,1.4015536308288574,2.7291505336761475,1.0329111814498901,0.8545900583267212,1.9035117626190186,3.254770040512085,3.023158550262451,5.772602558135986
quad2d,entropy,greedy_diverse,1.0,14,9000,479789,0.9432555780933063,0.1313702481715921,0.9197033374536465,0.0015484170335961103,0.9984515829664039,0.08029666254635352,0.09959377976568867,0.03177646840590343,1.7760225534439087,1.5983220338821411,3.175698757171631,1.1323881149291992,0.8999475240707397,2.08847975730896,4.014003753662109,3.656440019607544,7.4280924797058105,0.3037744462490082,0.24140439927577972,0.2751697599887848,0.09590066224336624,0.03830121457576752,0.06961101293563843,0.26973164081573486,0.1321939080953598,0.19364048540592194,1.6615794897079468,1.5059884786605835,2.9340696334838867,1.0975029468536377,0.89133620262146,2.0008535385131836,3.5873594284057617,3.30718994140625,6.397853374481201
quad2d,entropy,greedy_diverse,1.0,15,9500,479789,0.9752026704816404,0.28833716487872796,0.9712986836748542,0.0009335496311713752,0.9990664503688286,0.02870131632514588,0.2723322127018335,0.016004952176894426,1.7721028327941895,1.5880141258239746,3.1914279460906982,1.1470441818237305,0.9079767465591431,2.140178680419922,3.9851741790771484,3.618053913116455,7.380783557891846,0.19367989897727966,0.1487508863210678,0.17413882911205292,0.07654602825641632,0.03201797604560852,0.05507275462150574,0.18549932539463043,0.1091906726360321,0.1561288684606552,1.5228110551834106,1.3753974437713623,2.719264507293701,1.032562494277954,0.8524924516677856,1.9107134342193604,3.234065294265747,2.975031852722168,5.767710208892822
quad2d,entropy,greedy_diverse,1.0,16,10000,479789,0.9671448144730588,0.23895920915235655,0.9615256310463693,0.0013913173730314876,0.9986086826269686,0.0384743689536306,0.2251593929831655,0.01379981616919104,1.6809720993041992,1.5277886390686035,2.9376742839813232,1.0198060274124146,0.8165984153747559,1.845750093460083,3.8582983016967773,3.5454649925231934,6.978265285491943,0.22101756930351257,0.18904168903827667,0.2129710614681244,0.06080968677997589,0.030763152986764908,0.05190200358629227,0.16703899204730988,0.10858950018882751,0.15516246855258942,1.462732195854187,1.333876132965088,2.5467891693115234,0.9355362057685852,0.7825602293014526,1.6995606422424316,3.1706628799438477,2.9485769271850586,5.523510456085205
quad2d,entropy,greedy_diverse,1.0,17,10500,479789,0.9357126773249269,0.13190798455154246,0.9067204887628191,0.0014415989190519603,0.9985584010809481,0.09327951123718088,0.0942497639587402,0.03765822059280225,1.769601821899414,1.5758371353149414,3.2125093936920166,1.1389590501785278,0.8911408185958862,2.118898391723633,3.9985175132751465,3.5920441150665283,7.471871852874756,0.3302721679210663,0.2547509968280792,0.2894992232322693,0.10784991085529327,0.039673786610364914,0.07342275977134705,0.30620092153549194,0.12839385867118835,0.19029450416564941,1.6386409997940063,1.4654204845428467,2.944528818130493,1.1014530658721924,0.883223831653595,2.0319387912750244,3.525127410888672,3.201108932495117,6.369419574737549
quad2d,entropy,greedy_diverse,1.0,18,11000,479789,0.9453786825135921,0.11695766263920182,0.9332639900145621,0.0024722311886477546,0.9975277688113523,0.0667360099854379,0.0896289827403296,0.02732867989887221,1.7569777965545654,1.564517855644226,3.1838197708129883,1.1287541389465332,0.8787704706192017,2.0794241428375244,3.9821760654449463,3.574876070022583,7.491363048553467,0.41719722747802734,0.28573450446128845,0.6897363662719727,0.13967400789260864,0.04162346571683884,0.1034713089466095,0.5453447699546814,0.14466264843940735,1.6487293243408203,1.6330294609069824,1.462890386581421,2.925126552581787,1.089537262916565,0.8707712888717651,1.9865731000900269,3.5504534244537354,3.2197775840759277,6.452103614807129
quad2d,entropy,greedy_diverse,1.0,19,11500,479789,0.9441961852861034,0.13278962210471687,0.9211057947900053,0.0014196965272813315,0.9985803034727186,0.07889420520999468,0.09640070947854161,0.03638891262617525,1.745443344116211,1.5576814413070679,3.171088695526123,1.0974043607711792,0.8605400919914246,2.0329742431640625,3.9908111095428467,3.5657436847686768,7.460010528564453,0.3092368543148041,0.2417033463716507,0.279972642660141,0.10111433267593384,0.04082605987787247,0.07821660488843918,0.2884533703327179,0.13310113549232483,0.19874022901058197,1.612464189529419,1.44963538646698,2.882347583770752,1.0568759441375732,0.8511568903923035,1.9471640586853027,3.5057623386383057,3.195446014404297,6.28410530090332
quad2d,entropy_tiebreak,greedy_diverse,0.5,0,2000,479789,0.5667138523761376,0.10011067365029211,0.40744402442570515,0.0012639846392095754,0.9987360153607904,0.5925559755742948,0.05977002390634216,0.04034064974394994,2.3935494422912598,2.1265485286712646,4.335704803466797,1.7552592754364014,1.4351491928100586,3.334533452987671,4.8482136726379395,4.543480396270752,8.64448356628418,0.48498061299324036,0.34986209869384766,0.8175380229949951,0.22034934163093567,0.07929342240095139,0.22764639556407928,0.5500679612159729,0.20760396122932434,1.8134843111038208,2.3519554138183594,2.0864925384521484,4.272401809692383,1.7506582736968994,1.4360630512237549,3.29970645904541,4.622988224029541,4.271756649017334,8.388924598693848
quad2d,entropy_tiebreak,greedy_diverse,0.5,1,2500,479789,0.8546058428794143,0.1398427225301122,0.7740667976424361,0.0015388263547978587,0.9984611736452021,0.22593320235756384,0.10562559791908527,0.03421712461102693,2.265423536300659,2.0119149684906006,4.074150085449219,1.631888747215271,1.3152990341186523,3.0804355144500732,4.720470428466797,4.361229419708252,8.412820816040039,0.41859325766563416,0.27399906516075134,0.7091801762580872,0.20914556086063385,0.07453208416700363,0.1933901309967041,0.5101808905601501,0.16822549700737,1.6356003284454346,2.1953060626983643,1.9460934400558472,3.95432448387146,1.6128379106521606,1.3033888339996338,3.0171566009521484,4.404328346252441,4.021337509155273,7.931338310241699
quad2d,entropy_tiebreak,greedy_diverse,0.5,2,3000,479789,0.8831979106210098,0.1303385446519199,0.8331508349301944,0.00296709634336362,0.9970329036566363,0.16684916506980563,0.09819524832791081,0.0321432963240091,2.225985527038574,1.9903385639190674,3.987318277359009,1.5604276657104492,1.2665841579437256,2.9468870162963867,4.741686820983887,4.417356014251709,8.373345375061035,0.5576537847518921,0.38714441657066345,0.8881056308746338,0.21358829736709595,0.05648503452539444,0.17211031913757324,0.697843611240387,0.17478880286216736,2.0975425243377686,2.1317243576049805,1.908675193786621,3.8009731769561768,1.5365105867385864,1.2555292844772339,2.871161937713623,4.3133320808410645,4.017051696777344,7.626589775085449
quad2d,entropy_tiebreak,greedy_diverse,0.5,3,3500,479789,0.8920676986086852,0.13678721271225477,0.8304457527333894,0.0014129817700119852,0.998587018229988,0.16955424726661059,0.09830362930371475,0.03848358340854,2.0335237979888916,1.8316969871520996,3.5693726539611816,1.3384888172149658,1.089622139930725,2.456069231033325,4.49102783203125,4.156411647796631,8.000054359436035,0.3142385184764862,0.2406822144985199,0.27934497594833374,0.11407122761011124,0.04369339346885681,0.08154561370611191,0.30582043528556824,0.13717487454414368,0.2028493583202362,1.9402179718017578,1.7531135082244873,3.379739999771118,1.3138879537582397,1.080887794494629,2.393869161605835,4.102159023284912,3.8156321048736572,7.155246257781982
quad2d,entropy_tiebreak,greedy_diverse,0.5,4,4000,479789,0.8360710248054798,0.08594819806206479,0.7337029471841261,0.0008708713696884559,0.9991291286303116,0.26629705281587396,0.033958677668725214,0.051989520393339574,2.142361640930176,1.8927947282791138,3.8809709548950195,1.4957984685897827,1.1831574440002441,2.7946410179138184,4.585282325744629,4.175812244415283,8.460294723510742,0.3021065890789032,0.21652664244174957,0.2556767761707306,0.12205281853675842,0.040039774030447006,0.07613135129213333,0.30515074729919434,0.12042250484228134,0.19465579092502594,2.154646158218384,1.9127438068389893,3.879117488861084,1.5233776569366455,1.2166279554367065,2.8172519207000732,4.465913772583008,4.046641826629639,8.19258975982666
quad2d,entropy_tiebreak,greedy_diverse,0.5,5,4500,479789,0.8954126191278766,0.10351425314044299,0.8298307395206179,0.0010108649804372173,0.9989891350195628,0.17016926047938202,0.054061264430822716,0.04945298870962027,2.0522115230560303,1.8159669637680054,3.7160227298736572,1.397071361541748,1.1022775173187256,2.596132755279541,4.481915473937988,4.078951358795166,8.299386024475098,0.2967177629470825,0.21977533400058746,0.25692230463027954,0.11021921038627625,0.03811272233724594,0.06967798620462418,0.2965075373649597,0.12211601436138153,0.19734209775924683,2.02264404296875,1.799116849899292,3.6308887004852295,1.404417872428894,1.120471477508545,2.57336163520813,4.2565484046936035,3.874892473220825,7.748486518859863
quad2d,entropy_tiebreak,greedy_diverse,0.5,6,5000,479789,0.9213858872341085,0.12009028968984282,0.8709828484458233,0.0008269808041709456,0.999173019195829,0.12901715155417667,0.07184408146080881,0.04824620822903401,1.9653968811035156,1.7397346496582031,3.561161518096924,1.3260258436203003,1.049712896347046,2.457495927810669,4.304906368255615,3.8820619583129883,8.046467781066895,0.26872166991233826,0.18050149083137512,0.2181181013584137,0.11656442284584045,0.03986470401287079,0.07404421269893646,0.32459592819213867,0.11937756091356277,0.19075511395931244,1.9052979946136475,1.696509838104248,3.416187047958374,1.3194133043289185,1.0615003108978271,2.407853603363037,4.0128703117370605,3.6172595024108887,7.304926872253418
quad2d,entropy_tiebreak,greedy_diverse,0.5,7,5500,479789,0.9574223245109321,0.17558760205006785,0.9380435949747664,0.0010612387840326012,0.9989387612159674,0.061956405025233544,0.14764823703753108,0.02793936501253676,1.9342403411865234,1.7083512544631958,3.505516767501831,1.310081958770752,1.0357524156570435,2.4045321941375732,4.242218494415283,3.8193325996398926,7.9530768394470215,0.24454712867736816,0.18485423922538757,0.2289196401834488,0.10171184688806534,0.05208931118249893,0.0950019359588623,0.25277817249298096,0.12410120666027069,0.19385750591754913,1.8100621700286865,1.607776403427124,3.2474446296691895,1.2642457485198975,1.0267882347106934,2.2895636558532715,3.800370693206787,3.4449450969696045,6.829463481903076
quad2d,entropy_tiebreak,greedy_diverse,0.5,8,6000,479789,0.9493299677048146,0.18839531544074584,0.9317254444768289,0.0011392826246090372,0.998860717375391,0.06827455552317109,0.14509503135753424,0.04330028408321158,1.9697517156600952,1.7275078296661377,3.6126325130462646,1.3662729263305664,1.0774133205413818,2.555142641067505,4.237610340118408,3.795593023300171,8.025618553161621,0.35692280530929565,0.263471782207489,0.3002724349498749,0.12597639858722687,0.037767864763736725,0.0722755566239357,0.361970990896225,0.1312011331319809,0.19621595740318298,1.83979332447052,1.6305618286132812,3.317049026489258,1.3234930038452148,1.074254035949707,2.4264111518859863,3.7823245525360107,3.4200541973114014,6.860007286071777
quad2d,entropy_tiebreak,greedy_diverse,0.5,9,6500,479789,0.9520751254789789,0.14902384173042732,0.9322024941872754,0.0012661641390469098,0.9987338358609531,0.06779750581272458,0.11494427758869002,0.0340795641417373,1.8233953714370728,1.620859146118164,3.27817702293396,1.2023879289627075,0.9484987258911133,2.214723825454712,4.022278785705566,3.6253175735473633,7.517034530639648,0.25505542755126953,0.1852310448884964,0.22007803618907928,0.08851596713066101,0.03386657312512398,0.06482934951782227,0.2982300817966461,0.11748311668634415,0.18358974158763885,1.7092639207839966,1.5287137031555176,3.0337555408477783,1.1707484722137451,0.9479780197143555,2.1305198669433594,3.588522434234619,3.2791504859924316,6.417327880859375
quad2d,entropy_tiebreak,greedy_diverse,0.5,10,7000,479789,0.9465403756622252,0.12208074799547301,0.9239310499216477,0.0015844324497782548,0.9984155675502218,0.07606895007835236,0.0944165039215155,0.02766424407395751,1.7529911994934082,1.5835003852844238,3.0844154357910156,1.102286458015442,0.8879750967025757,1.9923570156097412,3.9531195163726807,3.599499464035034,7.253964900970459,0.25480136275291443,0.19732561707496643,0.22749491035938263,0.07842323184013367,0.031630054116249084,0.05780555307865143,0.25631409883499146,0.11147591471672058,0.1690244972705841,1.667412281036377,1.5160717964172363,2.897170305252075,1.0877258777618408,0.8971198797225952,1.9534122943878174,3.6025924682617188,3.3240456581115723,6.3082733154296875
quad2d,entropy_tiebreak,greedy_diverse,0.5,11,7500,479789,0.9543551305246832,0.1330939225367818,0.9339808772196084,0.001163656557242563,0.9988363434427574,0.06601912278039156,0.09996477618286372,0.033129146353918074,1.76676607131958,1.5823633670806885,3.159463882446289,1.1353250741958618,0.9062438607215881,2.0801281929016113,3.938058853149414,3.5770769119262695,7.326744556427002,0.24020594358444214,0.17752273380756378,0.2138100266456604,0.08652060478925705,0.034470561891794205,0.06780191510915756,0.2533530294895172,0.10905998945236206,0.17588642239570618,1.6618815660476685,1.495989441871643,2.9384024143218994,1.1104289293289185,0.906758189201355,2.018660545349121,3.5405874252319336,3.2465782165527344,6.306149959564209
quad2d,entropy_tiebreak,greedy_diverse,0.5,12,8000,479789,0.9520133428639505,0.12797917417864937,0.9342499064721287,0.0015314784308391393,0.9984685215691609,0.06575009352787131,0.0960463870576441,0.03193278712100527,1.7486047744750977,1.565277099609375,3.1262247562408447,1.112015724182129,0.88285893201828,2.0387799739837646,3.9279587268829346,3.557819366455078,7.309741497039795,0.26691555976867676,0.20865148305892944,0.24094955623149872,0.08107952028512955,0.03453177213668823,0.06445961445569992,0.2579963803291321,0.11678062379360199,0.17347383499145508,1.6472809314727783,1.4825491905212402,2.9111218452453613,1.0928590297698975,0.8882134556770325,1.9897351264953613,3.5391438007354736,3.2494025230407715,6.325214385986328
quad2d,entropy_tiebreak,greedy_diverse,0.5,13,8500,479789,0.9586717498204321,0.1499179847808099,0.9438611760866018,0.0011913412088518705,0.9988086587911481,0.05613882391339825,0.11004837543170018,0.039869609349109714,1.838577389717102,1.6238669157028198,3.3599164485931396,1.2186917066574097,0.9547271728515625,2.246716260910034,4.074760437011719,3.6496076583862305,7.771302223205566,0.2659175992012024,0.19254903495311737,0.2266373485326767,0.1018444150686264,0.036306656897068024,0.06712567806243896,0.2781079113483429,0.11621034890413284,0.18173404037952423,1.7142189741134644,1.5269447565078735,3.0787367820739746,1.1793276071548462,0.9491865634918213,2.1427605152130127,3.617365598678589,3.290492534637451,6.561009883880615
quad2d,entropy_tiebreak,greedy_diverse,0.5,14,9000,479789,0.9554370642024754,0.13010719295356918,0.9395909457599773,0.001448426917525461,0.9985515730824746,0.060409054240022776,0.09576292912092607,0.0343442638326431,1.7500824928283691,1.5607523918151855,3.1580846309661865,1.1028022766113281,0.8715798854827881,2.0380313396453857,3.967827081680298,3.5541722774505615,7.407201766967773,0.27138760685920715,0.2118024080991745,0.24249708652496338,0.07916803658008575,0.033228080719709396,0.06019607186317444,0.26270127296447754,0.11358258128166199,0.1743817925453186,1.635480523109436,1.4693225622177124,2.9107863903045654,1.0716438293457031,0.8689615726470947,1.9631097316741943,3.5407521724700928,3.2201924324035645,6.332109451293945
quad2d,entropy_tiebreak,greedy_diverse,0.5,15,9500,479789,0.9482791876773856,0.12918387040970092,0.9255553762573289,0.0012349173507140228,0.998765082649286,0.07444462374267119,0.09028552134375736,0.03889834906594357,1.7650792598724365,1.5646390914916992,3.204042911529541,1.1397311687469482,0.8939578533172607,2.107140302658081,3.9306604862213135,3.5319700241088867,7.444334506988525,0.29095184803009033,0.21718323230743408,0.25328782200813293,0.09912111610174179,0.036667682230472565,0.07073590904474258,0.30418163537979126,0.12244529277086258,0.18476532399654388,1.6692583560943604,1.4915103912353516,2.992048978805542,1.113637924194336,0.8971344232559204,2.0371899604797363,3.5654964447021484,3.236039638519287,6.469277858734131
quad2d,entropy_tiebreak,greedy_diverse,0.5,16,10000,479789,0.9795487451737451,0.26360545990008105,0.9773082942097027,0.000893970893970894,0.9991060291060291,0.02269170579029734,0.24893442742538907,0.014671032474692,1.693472981452942,1.524253010749817,3.0069739818573,1.0608218908309937,0.8418136835098267,1.9382264614105225,3.8389501571655273,3.4824790954589844,7.043189525604248,0.17825886607170105,0.13640882074832916,0.16461296379566193,0.06836572289466858,0.029996763914823532,0.05587920546531677,0.173556387424469,0.0994512066245079,0.14872775971889496,1.48228120803833,1.3460255861282349,2.6065642833709717,0.9825910329818726,0.8153426647186279,1.79509437084198,3.166712760925293,2.9219846725463867,5.526072025299072
quad2d,entropy_tiebreak,greedy_diverse,0.5,17,10500,479789,0.9574641018694121,0.11835827832651437,0.9426742325040012,0.0013544309774518306,0.9986455690225482,0.05732576749599884,0.08499986452378025,0.03335841380273412,1.745316505432129,1.5443366765975952,3.1910839080810547,1.1157424449920654,0.8657537698745728,2.0531768798828125,3.936439037322998,3.4966018199920654,7.519112586975098,0.27375340461730957,0.20536859333515167,0.2397352010011673,0.0912504643201828,0.03574599325656891,0.06612144410610199,0.29256296157836914,0.11880803853273392,0.18459202349185944,1.6585971117019653,1.4747819900512695,3.0023386478424072,1.1008553504943848,0.8760718703269958,2.008481979370117,3.577516555786133,3.211202621459961,6.580369472503662
quad2d,entropy_tiebreak,greedy_diverse,0.5,18,11000,479789,0.9486885445894838,0.11700351612896502,0.9263794910892976,0.0013857638837150392,0.998614236116285,0.07362050891070238,0.08293645748443587,0.034067058644529156,1.723103642463684,1.5242406129837036,3.1358444690704346,1.0953679084777832,0.8551981449127197,2.0018608570098877,3.9035940170288086,3.454237699508667,7.424315929412842,0.26779186725616455,0.2050744593143463,0.23924656212329865,0.08883960545063019,0.03718079999089241,0.06964685022830963,0.2685173451900482,0.11707671731710434,0.1786661148071289,1.6381915807724,1.4583300352096558,2.9459285736083984,1.0796253681182861,0.8633666038513184,1.9635132551193237,3.5554497241973877,3.1845288276672363,6.484919548034668
quad2d,entropy_tiebreak,greedy_diverse,0.5,19,11500,479789,0.9523354311054462,0.12786662470377602,0.9337637992084983,0.0013100021040186756,0.9986899978959813,0.06623620079150178,0.09226138990264471,0.03560523480113133,1.758716344833374,1.5420459508895874,3.247556447982788,1.1291707754135132,0.8628758192062378,2.081099271774292,3.982761859893799,3.5133707523345947,7.63761043548584,0.26644545793533325,0.20518824458122253,0.2413494735956192,0.09271565079689026,0.03921104967594147,0.07080398499965668,0.25211673974990845,0.11735212057828903,0.18996408581733704,1.6600085496902466,1.4627717733383179,3.0327157974243164,1.1009365320205688,0.8632551431655884,2.0130462646484375,3.6086695194244385,3.206743001937866,6.704505443572998
quad2d,entropy_tiebreak,greedy_diverse,1.0,0,2000,479789,0.5577622611531546,0.10607996431764796,0.39556399003676906,0.000934395712943929,0.999065604287056,0.6044360099632309,0.06831961549764584,0.03776034882000213,2.4040074348449707,2.1359872817993164,4.334889888763428,1.7739578485488892,1.4452440738677979,3.373206615447998,4.8466291427612305,4.562367916107178,8.57107925415039,0.42012014985084534,0.29771631956100464,0.6694176197052002,0.2119787037372589,0.08461727201938629,0.2156059592962265,0.45552903413772583,0.18489015102386475,1.4971336126327515,2.3503165245056152,2.081510543823242,4.256004333496094,1.7618727684020996,1.43861985206604,3.332674741744995,4.596393585205078,4.265200614929199,8.264860153198242
quad2d,entropy_tiebreak,greedy_diverse,1.0,1,2500,479789,0.7597837837837839,0.15825289867004036,0.6474793632075472,0.00197800114273123,0.9980219988572687,0.3525206367924528,0.1166950471978307,0.04155785147220966,2.292097330093384,2.0411813259124756,4.109278202056885,1.6554721593856812,1.3492941856384277,3.0937864780426025,4.781620979309082,4.458264350891113,8.458707809448242,0.5951994061470032,0.44086602330207825,0.9418926239013672,0.2571747899055481,0.08859193325042725,0.27117255330085754,0.6225948929786682,0.2307903915643692,2.2044131755828857,2.183521270751953,1.9420971870422363,3.91044020652771,1.6137038469314575,1.3159360885620117,3.0028958320617676,4.38938045501709,4.053538799285889,7.805249214172363
quad2d,entropy_tiebreak,greedy_diverse,1.0,2,3000,479789,0.7160767924774716,0.15158121590949356,0.5737756383424026,0.0006918134569037952,0.9993081865430962,0.4262243616575973,0.09869546821623672,0.05288574769325683,2.2417445182800293,1.974530577659607,4.081667900085449,1.6212960481643677,1.3006682395935059,3.046410083770752,4.693920135498047,4.261920928955078,8.509136199951172,0.3021031320095062,0.22173108160495758,0.2650785446166992,0.133745014667511,0.05191122740507126,0.09545542299747467,0.308378130197525,0.14531582593917847,0.22494029998779297,2.1580638885498047,1.898697853088379,3.9242186546325684,1.5957286357879639,1.2840516567230225,2.960620641708374,4.326718807220459,3.881106376647949,7.924780368804932
quad2d,entropy_tiebreak,greedy_diverse,1.0,3,3500,479789,0.8627908367725343,0.11807065189072696,0.7959059810196425,0.0021949750133328067,0.9978050249866672,0.20409401898035753,0.08089806143950778,0.03717259045121918,2.1697733402252197,1.9049631357192993,3.966384172439575,1.539820909500122,1.2223440408706665,2.8812873363494873,4.6396989822387695,4.176998615264893,8.635544776916504,0.5030771493911743,0.34289640188217163,0.8513980507850647,0.217227965593338,0.059142403304576874,0.2024877965450287,0.5893943905830383,0.17163775861263275,1.8290126323699951,2.119158983230591,1.860794186592102,3.8632068634033203,1.531907081604004,1.2213449478149414,2.833961248397827,4.3754377365112305,3.891476631164551,8.219615936279297
quad2d,entropy_tiebreak,greedy_diverse,1.0,4,4000,479789,0.9415739268680445,0.23595372132333173,0.9334121355397951,0.0025084930407235926,0.9974915069592764,0.06658786446020488,0.21455473135065622,0.02139898997267549,2.085834503173828,1.8283815383911133,3.809145212173462,1.465895414352417,1.1507484912872314,2.7312655448913574,4.456470489501953,4.027673244476318,8.279382705688477,0.46840599179267883,0.30990445613861084,0.8306513428688049,0.19644218683242798,0.054011791944503784,0.15826717019081116,0.6124226450920105,0.15778107941150665,1.9780343770980835,1.928996205329895,1.7054779529571533,3.4711999893188477,1.403773546218872,1.1298983097076416,2.569850444793701,3.912759304046631,3.547907829284668,7.109261989593506
quad2d,entropy_tiebreak,greedy_diverse,1.0,5,4500,479789,0.8868766288263615,0.15404688310903333,0.8207161543492478,0.0009348477188953555,0.9990651522811046,0.17928384565075212,0.10395194554272816,0.05009493756630519,2.0282559394836426,1.7814613580703735,3.702653408050537,1.4139479398727417,1.1137501001358032,2.660649538040161,4.3298726081848145,3.905073642730713,8.049223899841309,0.2905842363834381,0.2062341719865799,0.2485930472612381,0.13308723270893097,0.052350789308547974,0.09383916109800339,0.32613736391067505,0.1415301114320755,0.21563845872879028,1.947296380996704,1.715838074684143,3.5285115242004395,1.3955954313278198,1.111617088317871,2.584750175476074,3.97902250289917,3.5821316242218018,7.352650165557861
quad2d,entropy_tiebreak,greedy_diverse,1.0,6,5000,479789,0.9047904590578987,0.1287128300148607,0.8517310587054692,0.0012285806660200453,0.99877141933398,0.14826894129453086,0.08133366959225827,0.047379160422602436,1.9298118352890015,1.7118693590164185,3.486548662185669,1.3251385688781738,1.0574629306793213,2.4346821308135986,4.190286636352539,3.797335624694824,7.832118511199951,0.2810501754283905,0.204918771982193,0.2415848970413208,0.11367104947566986,0.043474696576595306,0.0778798758983612,0.3149658739566803,0.1405225247144699,0.20499975979328156,1.8709232807159424,1.6689553260803223,3.3492279052734375,1.3175594806671143,1.065100073814392,2.3912272453308105,3.9114537239074707,3.54610013961792,7.171698570251465
quad2d,entropy_tiebreak,greedy_diverse,1.0,7,5500,479789,0.9108605628268296,0.11347488166673267,0.8609222330152563,0.0012627377134394524,0.9987372622865606,0.13907776698474372,0.06692316830940268,0.046551713357329993,1.8884234428405762,1.677283763885498,3.389887571334839,1.2680758237838745,0.9970153570175171,2.3344194889068604,4.17078971862793,3.7816412448883057,7.743098735809326,0.27431413531303406,0.20215186476707458,0.23994597792625427,0.10934484004974365,0.0449550598859787,0.08344636112451553,0.3067951798439026,0.14016367495059967,0.20370455086231232,1.8380491733551025,1.6365602016448975,3.2810182571411133,1.2664196491241455,1.008202314376831,2.3097405433654785,3.925981044769287,3.540839910507202,7.1561737060546875
quad2d,entropy_tiebreak,greedy_diverse,1.0,8,6000,479789,0.9188739070556963,0.12898378245437056,0.8757631257631258,0.0012402745539494527,0.9987597254460505,0.12423687423687424,0.08161921177851097,0.0473645706758596,1.89915132522583,1.6760027408599854,3.4556491374969482,1.295343041419983,1.024632453918457,2.4104926586151123,4.1256103515625,3.725214958190918,7.782106399536133,0.2747267782688141,0.20750539004802704,0.2441476583480835,0.11142785847187042,0.042790114879608154,0.0782422348856926,0.2767901122570038,0.1371660977602005,0.19898360967636108,1.8339356184005737,1.6267287731170654,3.309567928314209,1.292701005935669,1.0369820594787598,2.379080057144165,3.81710147857666,3.449185848236084,7.050349712371826
quad2d,entropy_tiebreak,greedy_diverse,1.0,9,6500,479789,0.9493647978573239,0.19600282624236903,0.9325227531285551,0.0012107026110819645,0.9987892973889181,0.06747724687144482,0.15848841886746048,0.037514407374908555,1.9031370878219604,1.6634410619735718,3.515526294708252,1.3174511194229126,1.023460865020752,2.476348638534546,4.128023624420166,3.698657274246216,7.910013675689697,0.30535629391670227,0.2268713116645813,0.26267677545547485,0.12205138057470322,0.04299236088991165,0.07721591740846634,0.3020188510417938,0.1364729404449463,0.2020983248949051,1.760123372077942,1.5504635572433472,3.2067902088165283,1.2698686122894287,1.0113115310668945,2.349508762359619,3.6246910095214844,3.2755870819091797,6.722262382507324
quad2d,entropy_tiebreak,greedy_diverse,1.0,10,7000,479789,0.8957649092480553,0.08957270800289294,0.841552536133817,0.0016517665057130563,0.9983482334942869,0.15844746386618308,0.04453207555821413,0.045040632444678805,1.7602310180664062,1.5815626382827759,3.1121034622192383,1.1198794841766357,0.8965283632278442,2.0399956703186035,3.92390775680542,3.5792672634124756,7.190910816192627,0.3468502461910248,0.2767701745033264,0.3095896244049072,0.10884532332420349,0.044739991426467896,0.07501377165317535,0.33065301179885864,0.15022404491901398,0.20470573008060455,1.7289812564849854,1.5605518817901611,3.0350770950317383,1.1346259117126465,0.9205026626586914,2.051365375518799,3.712747573852539,3.4033799171447754,6.6222243309021
quad2d,entropy_tiebreak,greedy_diverse,1.0,11,7500,479789,0.9505726963161696,0.1842872596078693,0.9347223161739836,0.0012533624368339853,0.9987466375631661,0.06527768382601637,0.1447448774357061,0.03954238217216318,1.8767597675323486,1.63517427444458,3.4737865924835205,1.2774982452392578,0.9938819408416748,2.384127378463745,4.1074628829956055,3.6315793991088867,7.909923553466797,0.31782203912734985,0.24065063893795013,0.28148069977760315,0.12302308529615402,0.04655914008617401,0.08815474808216095,0.30389076471328735,0.14431554079055786,0.21049289405345917,1.741665244102478,1.5325146913528442,3.1737890243530273,1.2364025115966797,0.9873777627944946,2.2798514366149902,3.6098968982696533,3.23309588432312,6.6842041015625
quad2d,entropy_tiebreak,greedy_diverse,1.0,12,8000,479789,0.9063072648814801,0.1004483220749121,0.8557236144443824,0.0014141433675467392,0.9985858566324533,0.14427638555561756,0.051568501987331934,0.04887982008758016,1.8034422397613525,1.5896434783935547,3.298999547958374,1.1909987926483154,0.9301789402961731,2.2057647705078125,4.019918918609619,3.572962999343872,7.66741418838501,0.31660670042037964,0.24587886035442352,0.2800200879573822,0.10657273232936859,0.03935518488287926,0.07212334871292114,0.3081303536891937,0.14037883281707764,0.2024146020412445,1.7689980268478394,1.5676923990249634,3.2101190090179443,1.203332781791687,0.9534766674041748,2.2091729640960693,3.8033342361450195,3.3895576000213623,7.115575313568115
quad2d,entropy_tiebreak,greedy_diverse,1.0,13,8500,479789,0.9476797829036634,0.1479087682293675,0.9345929454584382,0.0018096021694720627,0.998190397830528,0.06540705454156184,0.11049648908165881,0.03741227914770868,1.7631075382232666,1.5656009912490845,3.1907124519348145,1.1423618793487549,0.9029764533042908,2.098764181137085,3.9633350372314453,3.555044412612915,7.458806037902832,0.330143004655838,0.26525160670280457,0.30083951354026794,0.10105534642934799,0.04163704067468643,0.07497157901525497,0.2946951985359192,0.1418006718158722,0.20425325632095337,1.6511037349700928,1.474977731704712,2.9569754600524902,1.1162779331207275,0.9025735855102539,2.030290365219116,3.5472426414489746,3.2040839195251465,6.427988529205322
quad2d,entropy_tiebreak,greedy_diverse,1.0,14,9000,479789,0.9703247686806502,0.29275785814180816,0.970789997787121,0.0012554870000306966,0.9987445129999694,0.029210002212878956,0.2756524222105967,0.01710543593121143,1.7180273532867432,1.5324835777282715,3.0854716300964355,1.0920720100402832,0.8689991235733032,2.0060834884643555,3.842649221420288,3.4598019123077393,7.190786361694336,0.25454530119895935,0.2063610702753067,0.2351873815059662,0.07982708513736725,0.033285222947597504,0.06005989760160446,0.21161101758480072,0.12188908457756042,0.17308177053928375,1.5129109621047974,1.3642433881759644,2.6882290840148926,1.0182521343231201,0.8476148843765259,1.8646767139434814,3.202396869659424,2.9240777492523193,5.6784539222717285
quad2d,entropy_tiebreak,greedy_diverse,1.0,15,9500,479789,0.9220243582900675,0.08106688565181777,0.8873219705813682,0.0019095115607694307,0.9980904884392305,0.1126780294186318,0.03897546629872715,0.04209141935309063,1.7384977340698242,1.5358531475067139,3.1610677242279053,1.1291460990905762,0.8790242671966553,2.0644702911376953,3.8854920864105225,3.460535764694214,7.433802127838135,0.3415510356426239,0.27496781945228577,0.3105716109275818,0.09933291375637054,0.03875058889389038,0.07335766404867172,0.30220910906791687,0.14071343839168549,0.20317694544792175,1.7188259363174438,1.5230622291564941,3.1126158237457275,1.1516027450561523,0.9082645177841187,2.0905919075012207,3.7051568031311035,3.3099517822265625,6.910706996917725
quad2d,entropy_tiebreak,greedy_diverse,1.0,16,10000,479789,0.9756784280836279,0.2894001321414205,0.9771418286537077,0.0013291392974989977,0.998670860702501,0.022858171346292297,0.2750625795922791,0.014337552549141394,1.6792131662368774,1.502583384513855,3.0009219646453857,1.0438581705093384,0.8279165029525757,1.8926013708114624,3.8116323947906494,3.4316799640655518,7.107975006103516,0.2099166363477707,0.1731564998626709,0.19973544776439667,0.06596457958221436,0.033513352274894714,0.057924121618270874,0.17967727780342102,0.10709939897060394,0.15588518977165222,1.4620287418365479,1.320885419845581,2.583042860031128,0.9648181200027466,0.8038877248764038,1.7462149858474731,3.1296629905700684,2.8702871799468994,5.528487205505371
quad2d,entropy_tiebreak,greedy_diverse,1.0,17,10500,479789,0.9514749951887388,0.13747501505870288,0.9360090874668686,0.001472139382763828,0.9985278606172362,0.06399091253313138,0.09826819706162501,0.039206817997077884,1.7659591436386108,1.5470590591430664,3.2547173500061035,1.1484277248382568,0.8817410469055176,2.1290273666381836,3.947378158569336,3.494454860687256,7.6215434074401855,0.31644853949546814,0.2464175820350647,0.28329408168792725,0.10469600558280945,0.04027532786130905,0.07610493898391724,0.2943810224533081,0.135954350233078,0.20119133591651917,1.6659371852874756,1.4676259756088257,3.0377190113067627,1.127495527267456,0.8865768909454346,2.0724899768829346,3.559934377670288,3.1818137168884277,6.639408588409424
quad2d,entropy_tiebreak,greedy_diverse,1.0,18,11000,479789,0.9413462354638825,0.1329959628086513,0.9236022430736772,0.0017513970972540505,0.998248602902746,0.07639775692632281,0.09191123598081656,0.04108472682783473,1.7444559335708618,1.5306953191757202,3.212955951690674,1.11349356174469,0.8564766645431519,2.075052499771118,3.9309000968933105,3.4799396991729736,7.536847114562988,0.3688310384750366,0.2914629578590393,0.32682323455810547,0.10879234969615936,0.039525534957647324,0.07346554100513458,0.348863810300827,0.13912026584148407,0.20533685386180878,1.6603854894638062,1.4659894704818726,3.0261988639831543,1.097947359085083,0.8643141984939575,2.0245769023895264,3.599684476852417,3.2112276554107666,6.6813273429870605
quad2d,entropy_tiebreak,greedy_diverse,1.0,19,11500,479789,0.9408404079235411,0.1335691314306914,0.9221791919614821,0.0018381425934704335,0.9981618574065295,0.0778208080385179,0.09585880459952187,0.03771032683116954,1.7216801643371582,1.5175288915634155,3.1514060497283936,1.1070760488510132,0.8586530685424805,2.041294574737549,3.8473289012908936,3.4223203659057617,7.383373260498047,0.34606149792671204,0.27614232897758484,0.31035345792770386,0.10611741989850998,0.04093846678733826,0.07273197174072266,0.31211572885513306,0.1437923014163971,0.20723462104797363,1.6251505613327026,1.442079782485962,2.9414846897125244,1.0886180400848389,0.8654956817626953,1.9899053573608398,3.482295036315918,3.1358208656311035,6.400792121887207
quad2d,fm_direct,-,baseline,0,3000,479789,0.6668348809043197,0.14185610758062397,0.5093670495721224,0.0005968547260612353,0.9994031452739388,0.4906329504278776,0.10706789859709163,0.03478820898353235,2.260808229446411,2.0170397758483887,4.0691375732421875,1.6296844482421875,1.331573247909546,3.090393543243408,4.619256496429443,4.2876105308532715,8.122601509094238,0.3755425810813904,0.2217988222837448,0.72390216588974,0.23527267575263977,0.07633129507303238,0.2359713464975357,0.4785422384738922,0.17209425568580627,1.688348650932312,2.1631217002868652,1.925184965133667,3.894263982772827,1.5878106355667114,1.2950711250305176,2.9895431995391846,4.278977394104004,3.9281392097473145,7.541097640991211
quad2d,fm_direct,-,baseline,1,4000,479789,0.9269814719505919,0.23289612725593958,0.9094868396137096,0.0023736176374554593,0.9976263823625445,0.09051316038629048,0.207791341610583,0.025104785645356606,2.17378830909729,1.9067168235778809,3.984792470932007,1.5314373970031738,1.2131298780441284,2.888045072555542,4.600417613983154,4.173299312591553,8.514679908752441,0.46401867270469666,0.2992294430732727,0.8187915086746216,0.21887382864952087,0.06139121949672699,0.1948065608739853,0.5809860229492188,0.1572955846786499,1.7445248365402222,2.0093348026275635,1.7800791263580322,3.6140246391296387,1.4644073247909546,1.1834888458251953,2.7365360260009766,4.049280166625977,3.7138335704803467,7.194729804992676
quad2d,fm_direct,-,baseline,2,5000,479789,0.9254153141111322,0.16947866666388767,0.8944337811900192,0.0013586921224433596,0.9986413078775567,0.10556621880998081,0.12741225830521333,0.04206640835867433,2.0182900428771973,1.7897889614105225,3.631708860397339,1.3632514476776123,1.069277048110962,2.5075035095214844,4.43243408203125,4.048799991607666,8.150801658630371,0.29526379704475403,0.2101409137248993,0.2514033913612366,0.12005791813135147,0.04285053908824921,0.08137261867523193,0.35754895210266113,0.13609947264194489,0.21347485482692719,1.8994160890579224,1.7003353834152222,3.354644536972046,1.319358229637146,1.0611757040023804,2.395081043243408,3.9804282188415527,3.654752254486084,7.049378871917725
quad2d,fm_direct,-,baseline,3,6000,479789,0.9480729979589386,0.14822765840817526,0.9258955267632057,0.0011899472439698274,0.9988100527560302,0.07410447323679428,0.10907503089899935,0.039152627509175905,1.9783570766448975,1.7500015497207642,3.586954116821289,1.313347339630127,1.0212124586105347,2.4132614135742188,4.375798225402832,3.961399555206299,8.268942832946777,0.26433858275413513,0.179607555270195,0.21587103605270386,0.1089194044470787,0.036774251610040665,0.0692872405052185,0.32981425523757935,0.11480418592691422,0.18666160106658936,1.881734013557434,1.6786011457443237,3.350388765335083,1.2877893447875977,1.0288937091827393,2.3236913681030273,3.972827196121216,3.626371383666992,7.227632522583008
quad2d,fm_direct,-,baseline,4,6833,479789,0.9278615080141799,0.06524951593304557,0.8919551764509115,0.0017264648453600962,0.9982735351546399,0.10804482354908848,0.027045221962154198,0.03820429397089137,1.8547241687774658,1.6858930587768555,3.2204344272613525,1.1762189865112305,0.9390735626220703,2.12004017829895,4.183452606201172,3.8800761699676514,7.588594436645508,0.2631791830062866,0.19765518605709076,0.22629724442958832,0.07868953049182892,0.0304998941719532,0.054669223725795746,0.2997349202632904,0.11103606224060059,0.17077021300792694,1.8616334199905396,1.703355073928833,3.197545051574707,1.2084641456604004,0.9824791550636292,2.157588005065918,4.039481163024902,3.7746291160583496,7.100121021270752
quad2d,fm_direct,-,baseline,5,6970,479789,0.950837538796882,0.1088457634501833,0.9327383442569609,0.0015465961340022116,0.9984534038659978,0.06726165574303909,0.07243600832866114,0.03640975512152217,1.847190499305725,1.6631007194519043,3.2697503566741943,1.1914576292037964,0.9440521001815796,2.1879563331604004,4.105384826660156,3.7770814895629883,7.522764682769775,0.2628900408744812,0.1931469887495041,0.22345714271068573,0.08213113248348236,0.029962239786982536,0.05583133548498154,0.3025246262550354,0.10584072023630142,0.17002877593040466,1.7828518152236938,1.6186864376068115,3.0996971130371094,1.190541386604309,0.9688606262207031,2.165503978729248,3.754230260848999,3.5082132816314697,6.557731628417969
quad2d,fm_direct,-,baseline,6,7204,479789,0.9551210892367641,0.1056902096546607,0.9403997144896502,0.0015860759742686837,0.9984139240257314,0.05960028551034975,0.07189827194871079,0.033791937705949904,1.836085319519043,1.6532477140426636,3.242429494857788,1.1876775026321411,0.9401909112930298,2.1508333683013916,4.082188129425049,3.7418372631073,7.5067458152771,0.24681906402111053,0.17897653579711914,0.20832297205924988,0.08152634650468826,0.03090471401810646,0.05573004484176636,0.29894301295280457,0.10535094887018204,0.16681699454784393,1.7697100639343262,1.6068904399871826,3.0681264400482178,1.1821632385253906,0.9631184339523315,2.1227359771728516,3.7313365936279297,3.471437454223633,6.498657703399658
quad2d,fm_direct,-,baseline,7,7350,479789,0.9570305357469374,0.10812878161024951,0.9459606000361468,0.0016856507745614598,0.9983143492254385,0.05403939996385324,0.07296540771047273,0.03516337389977678,1.8513959646224976,1.660710334777832,3.2941040992736816,1.2054221630096436,0.9459875822067261,2.1850078105926514,4.146177291870117,3.806550979614258,7.698427200317383,0.25057920813560486,0.18766529858112335,0.21803806722164154,0.07804359495639801,0.029996825382113457,0.056185539811849594,0.27884799242019653,0.10581003874540329,0.17085641622543335,1.78862464427948,1.617721438407898,3.128298044204712,1.2011802196502686,0.9687016010284424,2.1548142433166504,3.8207974433898926,3.556856393814087,6.776711463928223
quad2d,fm_direct,-,baseline,8,7473,479789,0.9592052801117295,0.10628005227297833,0.9482896846606093,0.0015996259336278286,0.9984003740663722,0.0517103153393907,0.07177738547569869,0.03450266679727964,1.830228328704834,1.6509495973587036,3.2294764518737793,1.1728110313415527,0.9324171543121338,2.127135753631592,4.089894771575928,3.7852883338928223,7.496147632598877,0.25544318556785583,0.19115619361400604,0.22176674008369446,0.07682818174362183,0.029992923140525818,0.05612654983997345,0.28391921520233154,0.1070893183350563,0.17239217460155487,1.7666351795196533,1.6079767942428589,3.0625340938568115,1.1689895391464233,0.9558608531951904,2.097142219543457,3.780904769897461,3.5494933128356934,6.601988792419434
quad2d,fm_direct,-,baseline,9,7608,479789,0.9634037644838253,0.11726821581987082,0.9503491078355314,0.0010787006110987408,0.9989212993889013,0.04965089216446858,0.07824689603138046,0.039021319788490355,1.8761154413223267,1.6728702783584595,3.3854541778564453,1.2338393926620483,0.9700297117233276,2.2482059001922607,4.1360578536987305,3.7788617610931396,7.794672966003418,0.23234903812408447,0.16158540546894073,0.1918315291404724,0.0894489511847496,0.03101501613855362,0.05532404035329819,0.27207818627357483,0.10261659324169159,0.1705384999513626,1.8111413717269897,1.6289708614349365,3.2131640911102295,1.224804401397705,0.9911881685256958,2.2091245651245117,3.827254295349121,3.5396571159362793,6.8938422203063965
quad2d,fm_nonadapt,-,baseline,0,3000,479789,0.6445981070079937,0.13186004681224456,0.4853049771082558,0.0006873756147917277,0.9993126243852083,0.5146950228917442,0.0991081496241056,0.03275189718813895,2.212193727493286,1.9781770706176758,3.965355157852173,1.5643377304077148,1.2766835689544678,2.9342997074127197,4.610350608825684,4.280027389526367,8.135137557983398,0.3900228440761566,0.2477484494447708,0.6817243099212646,0.22429580986499786,0.08105744421482086,0.22423046827316284,0.4810069799423218,0.1806834489107132,1.5799609422683716,2.1164469718933105,1.8884968757629395,3.7895333766937256,1.5258338451385498,1.2436565160751343,2.832906723022461,4.271798133850098,3.9228456020355225,7.549874305725098
quad2d,fm_nonadapt,-,baseline,1,4000,479789,0.8721492743607463,0.23585159309613185,0.7944244604316547,0.000855109560912492,0.9991448904390875,0.20557553956834532,0.21453180460577462,0.02131978849035722,2.1343796253204346,1.9080147743225098,3.821563482284546,1.490474820137024,1.2157809734344482,2.7612698078155518,4.519621849060059,4.169159412384033,8.093221664428711,0.3103334605693817,0.17662174999713898,0.6153766512870789,0.20090484619140625,0.07050268352031708,0.18369171023368835,0.43401452898979187,0.15679970383644104,1.585673213005066,1.9401353597640991,1.7380279302597046,3.4478204250335693,1.3992106914520264,1.150763750076294,2.569908618927002,3.9248554706573486,3.6128950119018555,6.954128265380859
quad2d,fm_nonadapt,-,baseline,2,5000,479789,0.8782266297214526,0.21172432048254544,0.8219290263876251,0.0014923097032809027,0.9985076902967192,0.1780709736123749,0.1840204756674288,0.027703844815116646,2.0700786113739014,1.842577576637268,3.731358766555786,1.417211651802063,1.134448766708374,2.612210988998413,4.487598419189453,4.083507061004639,8.232463836669922,0.42962267994880676,0.2965959310531616,0.7384107708930969,0.19809415936470032,0.07056187093257904,0.1821085512638092,0.5297945141792297,0.18108245730400085,1.7963404655456543,1.8848716020584106,1.68099045753479,3.3644967079162598,1.3274263143539429,1.0706727504730225,2.417114019393921,3.9116451740264893,3.525176763534546,7.026515960693359
quad2d,fm_nonadapt,-,baseline,3,6000,479789,0.8721545182800644,0.22352950984703693,0.8122055674518202,0.0012940457376336032,0.9987059542623664,0.18779443254817987,0.18944786145576492,0.034081648391272,2.0606391429901123,1.8182308673858643,3.756242513656616,1.4390243291854858,1.1435887813568115,2.698357105255127,4.347075939178467,3.962006092071533,8.039913177490234,0.49035635590553284,0.3235912322998047,0.8633227944374084,0.22132182121276855,0.06392046064138412,0.1852145493030548,0.6504133939743042,0.17297902703285217,2.191254138946533,1.8568211793899536,1.6458814144134521,3.3386895656585693,1.329190731048584,1.0672638416290283,2.4464988708496094,3.7792816162109375,3.430898904800415,6.834543228149414
quad2d,fm_nonadapt,-,baseline,4,7000,479789,0.8959190979058529,0.1897396563906217,0.8526530959884167,0.0015808473447865192,0.9984191526552135,0.14734690401158335,0.15928668643924726,0.030452969951374458,1.963392734527588,1.735875129699707,3.5688188076019287,1.3330988883972168,1.0560965538024902,2.4836838245391846,4.271949291229248,3.8496785163879395,7.896281719207764,0.4545772671699524,0.3086639642715454,0.7677998542785645,0.1998874545097351,0.0656132847070694,0.1656196415424347,0.5828327536582947,0.16564108431339264,1.794016718864441,1.7733451128005981,1.575066328048706,3.1805107593536377,1.243422269821167,0.9989242553710938,2.2939107418060303,3.6621878147125244,3.316178798675537,6.5962958335876465
quad2d,fm_nonadapt,-,baseline,5,8000,479789,0.9592588458533319,0.39634922851503473,0.945018693644161,0.0004033983681659055,0.9995966016318341,0.05498130635583901,0.3888500986892155,0.0074991298258192665,1.8515641689300537,1.6502753496170044,3.334134101867676,1.2144465446472168,0.9648433923721313,2.241607904434204,4.13076114654541,3.7391433715820312,7.611227512359619,0.2024887353181839,0.14052101969718933,0.3598279356956482,0.08021631836891174,0.03862529993057251,0.07473218441009521,0.2809301018714905,0.10588283836841583,1.3876888751983643,1.5669294595718384,1.4067031145095825,2.806974172592163,1.0804862976074219,0.8888505697250366,1.9981812238693237,3.2965900897979736,3.027184009552002,5.883243560791016
quad2d,fm_nonadapt,-,baseline,6,9000,479789,0.95736399022359,0.37347250562226314,0.935929203539823,0.0003695529087882394,0.9996304470912117,0.06407079646017699,0.3653147529434814,0.008157752678781714,1.8025323152542114,1.6117417812347412,3.2494137287139893,1.1603504419326782,0.9087741374969482,2.1238348484039307,4.099318504333496,3.7074952125549316,7.5421576499938965,0.17988906800746918,0.1058787927031517,0.36459141969680786,0.09292210638523102,0.03751412406563759,0.08058223128318787,0.28032001852989197,0.10576431453227997,1.3973137140274048,1.5203756093978882,1.3728150129318237,2.715745449066162,1.0199065208435059,0.8394237756729126,1.872509241104126,3.238368034362793,2.981031894683838,5.7483367919921875
quad2d,fm_nonadapt,-,baseline,7,10000,479789,0.9700738437621454,0.35557922336693837,0.9619732785200411,0.0005507594508331066,0.9994492405491668,0.03802672147995889,0.34673575259124323,0.00884347077569515,1.7643436193466187,1.5793633460998535,3.171156167984009,1.1263725757598877,0.8888851404190063,2.0665903091430664,4.015853404998779,3.629246711730957,7.381340503692627,0.20847709476947784,0.13180173933506012,0.4053584635257721,0.10106447339057922,0.03954199701547623,0.08177295327186584,0.2863747775554657,0.11108507215976715,1.4363067150115967,1.5027257204055786,1.3516162633895874,2.6955924034118652,1.0094801187515259,0.8313106894493103,1.8527536392211914,3.210702657699585,2.940294027328491,5.719651222229004
quad2d,fm_nonadapt,-,baseline,8,11000,479789,0.9175434303890384,0.1504452999130868,0.8791981712678038,0.0016259288278461436,0.9983740711721538,0.12080182873219623,0.11925242137689693,0.031192878536189867,1.8604562282562256,1.6346009969711304,3.439685583114624,1.2367939949035645,0.9568374752998352,2.306198835372925,4.18599271774292,3.712571144104004,7.929359436035156,0.42261451482772827,0.26234710216522217,0.8013678193092346,0.19095644354820251,0.05357883498072624,0.15056973695755005,0.5696216225624084,0.14887993037700653,1.9343081712722778,1.6968607902526855,1.4998555183410645,3.0917718410491943,1.1669741868972778,0.9206538796424866,2.1514716148376465,3.6421005725860596,3.262769937515259,6.703213691711426
quad2d,fm_nonadapt,-,baseline,9,12000,479789,0.9094697716329232,0.12549058023422796,0.8664556282862969,0.001810735717385557,0.9981892642826145,0.13354437171370317,0.09297003474443974,0.03252054548978822,1.7741940021514893,1.5739279985427856,3.237551212310791,1.1531596183776855,0.8919302225112915,2.1269781589508057,4.007564067840576,3.5989866256713867,7.520262718200684,0.44029393792152405,0.2942032814025879,0.7628709673881531,0.1715756207704544,0.05347485840320587,0.14172783493995667,0.5701695680618286,0.14973531663417816,1.7539664506912231,1.654030680656433,1.4727706909179688,2.986344814300537,1.1096526384353638,0.8724868893623352,2.0318615436553955,3.598874568939209,3.2416019439697266,6.554786682128906
quad2d,fm_ranked,-,baseline,0,3000,479789,0.671112671112671,0.14160808188599572,0.5140179737307012,0.0005817043938740509,0.9994182956061259,0.4859820262692987,0.10696577036989177,0.03464231151610395,2.260718822479248,2.0175766944885254,4.06766414642334,1.6297765970230103,1.3321096897125244,3.0881686210632324,4.617404460906982,4.290842056274414,8.124238014221191,0.3706910014152527,0.21399249136447906,0.7335647344589233,0.23655734956264496,0.07675343006849289,0.24164682626724243,0.4823654890060425,0.17099635303020477,1.7432745695114136,2.1626927852630615,1.9248846769332886,3.8927435874938965,1.588035225868225,1.295215129852295,2.9857213497161865,4.281025409698486,3.9353787899017334,7.541593551635742
quad2d,fm_ranked,-,baseline,1,4000,479789,0.918342399608826,0.20253903278316093,0.8831481808029155,0.0018708971553610503,0.998129102844639,0.11685181919708458,0.1777760640614937,0.024762968721667233,2.1041646003723145,1.8647040128707886,3.8084888458251953,1.4401909112930298,1.1455459594726562,2.6907761096954346,4.518857955932617,4.13340950012207,8.225480079650879,0.4356498420238495,0.2893882691860199,0.7387364506721497,0.18644338846206665,0.0587654672563076,0.1558821201324463,0.5292962193489075,0.14887464046478271,1.6658202409744263,1.9462800025939941,1.7427453994750977,3.448428153991699,1.3758790493011475,1.1193500757217407,2.536107301712036,4.002377510070801,3.7109129428863525,6.948774814605713
quad2d,fm_ranked,-,baseline,2,5000,479789,0.9233856837947183,0.15376967792091942,0.8846905139787572,0.0013243333418884583,0.9986756666581116,0.11530948602124283,0.11888559345879127,0.034884084462128144,1.9824459552764893,1.7774860858917236,3.5215489864349365,1.2943408489227295,1.030813455581665,2.350046157836914,4.465236663818359,4.07681941986084,8.162389755249023,0.2867596745491028,0.21472324430942535,0.25267088413238525,0.10610634833574295,0.041142046451568604,0.07817614078521729,0.2978706955909729,0.1254541128873825,0.19325603544712067,1.8819221258163452,1.7001932859420776,3.283078670501709,1.2637351751327515,1.0330986976623535,2.2745931148529053,4.062831878662109,3.7273921966552734,7.093748569488525
quad2d,fm_ranked,-,baseline,3,6000,479789,0.9450068677824692,0.12462144817826169,0.9228476327686422,0.0015230025908549822,0.998476997409145,0.07715236723135774,0.0899895579098312,0.0346318902684305,1.890224814414978,1.7095484733581543,3.3138344287872314,1.21330988407135,0.9689152240753174,2.210106611251831,4.274548053741455,3.945162773132324,7.670388698577881,0.2671990394592285,0.1977158635854721,0.23210464417934418,0.09603400528430939,0.0343112014234066,0.06523746252059937,0.2835446298122406,0.11510319262742996,0.18271024525165558,1.808975338935852,1.649357795715332,3.1120975017547607,1.1988012790679932,0.9829201102256775,2.1615893840789795,3.8993406295776367,3.651785373687744,6.612804889678955
quad2d,fm_ranked,-,baseline,4,7000,479789,0.9487509787577983,0.10829552157302481,0.9337741759061303,0.001709519102710949,0.998290480897289,0.06622582409386964,0.07093118016461403,0.03736434140841078,1.864819884300232,1.6847684383392334,3.271822929382324,1.186881184577942,0.9455516934394836,2.155644416809082,4.234499454498291,3.9181084632873535,7.650252819061279,0.2760585844516754,0.2035028338432312,0.233585923910141,0.08970819413661957,0.031195413321256638,0.0575384683907032,0.3156777024269104,0.11404769122600555,0.1780332773923874,1.8073937892913818,1.6489052772521973,3.110639810562134,1.1864205598831177,0.9708079099655151,2.1330161094665527,3.9355320930480957,3.6929357051849365,6.738430976867676
quad2d,fm_ranked,-,baseline,5,8000,479789,0.9612526156288332,0.10938349983013367,0.951526117803914,0.0014594875303649702,0.998540512469635,0.0484738821960859,0.07178989097290683,0.037593608857226825,1.882178783416748,1.6872949600219727,3.357032537460327,1.245593786239624,0.9808646440505981,2.287994146347046,4.18364143371582,3.8428266048431396,7.707355499267578,0.2570345997810364,0.18981210887432098,0.22036154568195343,0.0842803493142128,0.03169593960046768,0.05767565965652466,0.2837752103805542,0.11004267632961273,0.17540252208709717,1.8219919204711914,1.6471887826919556,3.2002925872802734,1.2452821731567383,1.006558895111084,2.2627782821655273,3.870128631591797,3.595136880874634,6.803003311157227
quad2d,fm_ranked,-,baseline,6,9000,479789,0.961232880167478,0.11115928043369064,0.9481986464968153,0.0012205925780096466,0.9987794074219903,0.05180135350318471,0.07224008887240016,0.038919191561290485,1.8801422119140625,1.6713981628417969,3.4077565670013428,1.2748702764511108,0.9877060651779175,2.3725457191467285,4.118414402008057,3.7594776153564453,7.722152233123779,0.23918236792087555,0.16742469370365143,0.19826582074165344,0.08840098232030869,0.030945919454097748,0.05635983124375343,0.286607563495636,0.10854948312044144,0.17343556880950928,1.8178696632385254,1.6299138069152832,3.2410333156585693,1.2725939750671387,1.0119842290878296,2.338449478149414,3.8172781467437744,3.519007444381714,6.851081848144531
quad2d,fm_ranked,-,baseline,7,10000,479789,0.9774198813863649,0.22500307426806368,0.9748738264503175,0.0010384597971749366,0.998961540202825,0.02512617354968253,0.20827697175216606,0.016726102515897612,1.7086455821990967,1.544477939605713,3.016446590423584,1.0764970779418945,0.8514573574066162,1.9833511114120483,3.8335049152374268,3.5407023429870605,6.981960296630859,0.17754969000816345,0.13305220007896423,0.1566927134990692,0.06166057288646698,0.02621264010667801,0.04615817591547966,0.18312910199165344,0.08902943134307861,0.13670220971107483,1.5495491027832031,1.4157146215438843,2.6927144527435303,1.0310699939727783,0.8564068675041199,1.8871798515319824,3.2915940284729004,3.1025304794311523,5.708693504333496
quad2d,fm_ranked,-,baseline,8,11000,479789,0.9556229637119424,0.11662001421458183,0.9375068885704838,0.001099361581503118,0.9989006384184969,0.06249311142951615,0.07409090245920602,0.0425291117553758,1.7980422973632812,1.5905091762542725,3.2962920665740967,1.170264482498169,0.9007300734519958,2.1828973293304443,3.9976117610931396,3.5780086517333984,7.591794967651367,0.27106544375419617,0.1957186758518219,0.23213137686252594,0.10102076083421707,0.03483176231384277,0.06765192747116089,0.2824258804321289,0.11209994554519653,0.18330758810043335,1.725272297859192,1.539812684059143,3.115133285522461,1.1580880880355835,0.915857195854187,2.134277582168579,3.6658926010131836,3.318995475769043,6.69343376159668
quad2d,fm_ranked,-,baseline,9,12000,479789,0.9527512328879248,0.09153815531410682,0.9437710301212145,0.0022422015403584118,0.9977577984596416,0.05622896987878542,0.06319444589183995,0.028343709422266872,1.7606372833251953,1.5597232580184937,3.227729320526123,1.1278176307678223,0.8696100115776062,2.0884103775024414,3.9940171241760254,3.546712636947632,7.633628845214844,0.39042365550994873,0.25337085127830505,0.664818525314331,0.1315048187971115,0.03820246458053589,0.09324362874031067,0.5584112405776978,0.12873373925685883,1.6018187999725342,1.6957943439483643,1.513554334640503,3.0685927867889404,1.1222116947174072,0.8876182436943054,2.0603365898132324,3.6873059272766113,3.3022613525390625,6.784904956817627
quad2d,gated,greedy_diverse,0.5,0,2000,479789,0.5593495934959349,0.10621960903647228,0.3971815974894902,0.0009418915999291153,0.9990581084000709,0.6028184025105098,0.06846342871553954,0.037756180320932746,2.403888463973999,2.135768175125122,4.335024356842041,1.7741436958312988,1.445643424987793,3.3717620372772217,4.843128204345703,4.554539203643799,8.574385643005371,0.42918065190315247,0.3052692115306854,0.6986170411109924,0.2120411992073059,0.08429473638534546,0.21901088953018188,0.4715977907180786,0.1855989694595337,1.540818214416504,2.351135492324829,2.0823183059692383,4.257656574249268,1.7619283199310303,1.4386048316955566,3.3315258026123047,4.595456123352051,4.265419960021973,8.277827262878418
quad2d,gated,greedy_diverse,0.5,1,2500,479789,0.8166145092460881,0.26032901963154637,0.7181026718703092,0.0011771766895819864,0.998822823310418,0.28189732812969076,0.2299260716690045,0.03040294796254187,2.4671781063079834,2.181549549102783,4.500589370727539,1.8484553098678589,1.5002672672271729,3.526271343231201,4.948554992675781,4.640737533569336,8.772918701171875,0.4559106230735779,0.29103410243988037,0.8887915015220642,0.2367492914199829,0.07337561249732971,0.2598395049571991,0.5495478510856628,0.17084383964538574,2.283703565597534,2.2793304920196533,2.0200493335723877,4.136663913726807,1.7552454471588135,1.434377908706665,3.3391857147216797,4.349271774291992,4.062586307525635,7.718550205230713
quad2d,gated,greedy_diverse,0.5,2,3000,479789,0.7321474342543702,0.15865724307977047,0.598073701842546,0.0010874920544154474,0.9989125079455845,0.40192629815745395,0.11500055232612669,0.04365669075364379,2.3292734622955322,2.0684633255004883,4.2096171379089355,1.6961982250213623,1.3763313293457031,3.207486152648926,4.782659530639648,4.462433815002441,8.492528915405273,0.5399742722511292,0.3797832429409027,0.9386059045791626,0.23757021129131317,0.07287865877151489,0.2420114278793335,0.5509015321731567,0.19556044042110443,2.289839744567871,2.215843915939331,1.965499758720398,3.9980127811431885,1.646631121635437,1.3380392789840698,3.0851612091064453,4.3973212242126465,4.052202224731445,7.86614465713501
quad2d,gated,greedy_diverse,0.5,3,3500,479789,0.8298461669578557,0.18170695868392148,0.7342583515571978,0.0012363350705290935,0.9987636649294709,0.2657416484428022,0.14897381974159474,0.03273313894232673,2.159048080444336,1.9222266674041748,3.8620829582214355,1.5177435874938965,1.2229288816452026,2.835875988006592,4.543458938598633,4.198457717895508,8.047410011291504,0.4479130208492279,0.28593799471855164,0.8470481038093567,0.230454221367836,0.061868004500865936,0.22629472613334656,0.5034579038619995,0.17153112590312958,1.926855206489563,2.0211658477783203,1.8018394708633423,3.5867104530334473,1.4569587707519531,1.178025722503662,2.69218111038208,4.098759174346924,3.7792866230010986,7.193615913391113
quad2d,gated,greedy_diverse,0.5,4,4000,479789,0.8972353583121134,0.245289074989214,0.8381615835527992,0.0010133273960911252,0.9989866726039088,0.16183841644720076,0.2192526298018504,0.026036445187363613,2.145704746246338,1.8995811939239502,3.8802900314331055,1.4916402101516724,1.1871542930603027,2.7673685550689697,4.612115383148193,4.203794002532959,8.354351997375488,0.43012872338294983,0.259701669216156,0.8723807334899902,0.22989074885845184,0.05338417738676071,0.2216644585132599,0.46806421875953674,0.15897050499916077,1.9188722372055054,1.9393426179885864,1.722038984298706,3.4640350341796875,1.3861116170883179,1.118232250213623,2.5335404872894287,4.004328727722168,3.6459903717041016,7.026709079742432
quad2d,gated,greedy_diverse,0.5,5,4500,479789,0.8493399697035274,0.1858900475000469,0.761387444711725,0.0010748873486288568,0.9989251126513712,0.23861255528827502,0.14928228867272905,0.03660775882731784,2.1919901371002197,1.916263461112976,4.035109043121338,1.5738872289657593,1.240216851234436,2.9761836528778076,4.645113945007324,4.220064640045166,8.5778169631958,0.5049676895141602,0.3103400468826294,0.9918782114982605,0.25709956884384155,0.05813430994749069,0.26246777176856995,0.5570956468582153,0.15756872296333313,2.4190165996551514,2.0417098999023438,1.7901793718338013,3.7166049480438232,1.505201816558838,1.19277024269104,2.794290542602539,4.185352325439453,3.7884135246276855,7.61366605758667
quad2d,gated,greedy_diverse,0.5,6,5000,479789,0.9124204702627939,0.16479535795943634,0.8721311475409836,0.0019590793374749875,0.998040920662525,0.12786885245901639,0.14391743037043367,0.020877927589002667,1.9131642580032349,1.7297911643981934,3.3547780513763428,1.2523025274276733,1.011528730392456,2.2808592319488525,4.250054836273193,3.911891460418701,7.5129499435424805,0.4012400209903717,0.2695048451423645,0.6980802416801453,0.15845224261283875,0.045626770704984665,0.12054754793643951,0.4960682690143585,0.14056184887886047,1.7385084629058838,1.773445963859558,1.607447862625122,3.086054801940918,1.1900378465652466,0.9713644981384277,2.1429214477539062,3.7816030979156494,3.487346649169922,6.513426303863525
quad2d,gated,greedy_diverse,0.5,7,5500,479789,0.9263528849599809,0.18217383057969233,0.8913730674176676,0.0015360614424576983,0.9984639385575423,0.10862693258233232,0.16269026592939814,0.019483564650294192,1.9920483827590942,1.7769895792007446,3.5744667053222656,1.356787919998169,1.0802428722381592,2.514920473098755,4.340807914733887,3.959415912628174,7.886713027954102,0.3512430191040039,0.22398947179317474,0.6154974699020386,0.17630209028720856,0.06145002320408821,0.15914668142795563,0.4338483214378357,0.1430041491985321,1.5788763761520386,1.8497958183288574,1.655781865119934,3.2988548278808594,1.2905378341674805,1.042381763458252,2.361539840698242,3.8577563762664795,3.526463508605957,6.918299674987793
quad2d,gated,greedy_diverse,0.5,8,6000,479789,0.9274600311802648,0.18870795287094952,0.894615792887893,0.0015740332857004716,0.9984259667142995,0.1053842071121071,0.1658791677174758,0.022828785153473714,1.9764546155929565,1.7475205659866333,3.5866360664367676,1.3655180931091309,1.0753655433654785,2.5492329597473145,4.286381721496582,3.917351007461548,7.907164573669434,0.3899904489517212,0.23722505569458008,0.7555713057518005,0.19670836627483368,0.05482270196080208,0.1762731373310089,0.4818834364414215,0.14959834516048431,1.7962552309036255,1.8103253841400146,1.6058955192565918,3.263270378112793,1.2885878086090088,1.02830970287323,2.368755340576172,3.78208065032959,3.4583122730255127,6.865084648132324
quad2d,gated,greedy_diverse,0.5,9,6500,479789,0.925514261561101,0.17628374139465475,0.893861505896583,0.0016478510596157655,0.9983521489403843,0.106138494103417,0.15074543184608233,0.025538309548572394,1.9604263305664062,1.7392728328704834,3.566204071044922,1.3344688415527344,1.0556282997131348,2.5043129920959473,4.2695512771606445,3.869296073913574,7.929690361022949,0.40063437819480896,0.25242477655410767,0.730128824710846,0.19029833376407623,0.05001319572329521,0.15937989950180054,0.48942309617996216,0.14943303167819977,1.7260427474975586,1.8233630657196045,1.620326280593872,3.309006690979004,1.27940034866333,1.0264614820480347,2.3666892051696777,3.833127498626709,3.4584097862243652,7.050690650939941
quad2d,gated,greedy_diverse,0.5,10,7000,479789,0.977038882270118,0.3963533970141041,0.9715670436187399,0.0005707396071884653,0.9994292603928115,0.028432956381260095,0.3887021169722524,0.00765128004185173,1.8915870189666748,1.6851977109909058,3.402216672897339,1.2310478687286377,0.9715560078620911,2.2359859943389893,4.259510517120361,3.847257375717163,7.887527942657471,0.19255265593528748,0.1147792786359787,0.3477845788002014,0.0920139029622078,0.032277803868055344,0.06623117625713348,0.27481579780578613,0.0952160656452179,1.3762162923812866,1.6142510175704956,1.4497385025024414,2.8776676654815674,1.0992486476898193,0.9076140522956848,1.9941060543060303,3.4154176712036133,3.126725196838379,6.042908668518066
quad2d,gated,greedy_diverse,0.5,11,7500,479789,0.9349370659144735,0.15220857501943563,0.9101129416640763,0.0018324519497546837,0.9981675480502453,0.08988705833592374,0.1268224156868957,0.025386159332539928,1.8797074556350708,1.6745078563690186,3.3976800441741943,1.2384521961212158,0.9752421379089355,2.270376682281494,4.182356357574463,3.7885193824768066,7.816185474395752,0.389331579208374,0.23820297420024872,0.72309809923172,0.17321743071079254,0.046567704528570175,0.13520075380802155,0.5472314357757568,0.13980898261070251,1.7593685388565063,1.736810564994812,1.5553417205810547,3.107010841369629,1.1765742301940918,0.9456000328063965,2.131565809249878,3.734940528869629,3.3837080001831055,6.763010025024414
quad2d,gated,greedy_diverse,0.5,12,8000,479789,0.9336369700733789,0.12764569425309877,0.9113116888948762,0.00229637349631697,0.997703626503683,0.08868831110512372,0.10542342571422021,0.02222226853887855,1.8015297651290894,1.628422498703003,3.1842472553253174,1.135181188583374,0.9021763205528259,2.0597119331359863,4.084620952606201,3.7443580627441406,7.473114013671875,0.41282913088798523,0.2869434356689453,0.6678314805030823,0.1469953954219818,0.04317972809076309,0.11041323840618134,0.49849334359169006,0.13955368101596832,1.6404367685317993,1.6802387237548828,1.5253289937973022,2.9476006031036377,1.0924174785614014,0.8840926885604858,1.9726283550262451,3.6674866676330566,3.3891916275024414,6.522982120513916
quad2d,gated,greedy_diverse,0.5,13,8500,479789,0.925552945554341,0.12511124681891414,0.8997513000226091,0.002474556579076417,0.9975254434209235,0.10024869997739091,0.10142583510668231,0.023685411712231836,1.7792081832885742,1.6054365634918213,3.146547317504883,1.1200308799743652,0.890326738357544,2.0399374961853027,4.027380466461182,3.703089475631714,7.343841552734375,0.4055321514606476,0.2773173153400421,0.6648676991462708,0.14895805716514587,0.04180624336004257,0.10643379390239716,0.5000227093696594,0.14004924893379211,1.6567894220352173,1.6602150201797485,1.5038800239562988,2.912996292114258,1.0815134048461914,0.8749195337295532,1.9562723636627197,3.624997138977051,3.340033531188965,6.443766117095947
quad2d,gated,greedy_diverse,0.5,14,9000,479789,0.927599131978694,0.13556375823539096,0.8935280703659464,0.0015340790101153335,0.9984659209898846,0.10647192963405365,0.10102982769509097,0.034533930540300004,1.7647596597671509,1.5851994752883911,3.1431305408477783,1.1235045194625854,0.886265754699707,2.0620946884155273,3.982269287109375,3.6496529579162598,7.316673278808594,0.3145667016506195,0.24475957453250885,0.28033196926116943,0.10381469130516052,0.04076674208045006,0.0758412554860115,0.29923751950263977,0.13164593279361725,0.19199641048908234,1.6524662971496582,1.4898651838302612,2.9248969554901123,1.0850932598114014,0.8737520575523376,1.982911467552185,3.5969691276550293,3.3161563873291016,6.414143085479736
quad2d,gated,greedy_diverse,0.5,15,9500,479789,0.9461507589886448,0.12896293995902366,0.927302174919019,0.0017915539585772538,0.9982084460414228,0.07269782508098102,0.10242419063379944,0.026538749325224213,1.7923188209533691,1.5980311632156372,3.237799644470215,1.1545000076293945,0.9032036066055298,2.1394758224487305,4.037471294403076,3.659087657928467,7.561225891113281,0.36185628175735474,0.2282601296901703,0.6380535960197449,0.14743076264858246,0.04060359299182892,0.10589879751205444,0.4754648208618164,0.12540724873542786,1.6129862070083618,1.6666717529296875,1.4937078952789307,2.981142997741699,1.1063106060028076,0.8820207715034485,2.029907464981079,3.6154260635375977,3.2892653942108154,6.5868916511535645
quad2d,gated,greedy_diverse,0.5,16,10000,479789,0.9858781994704325,0.37712827930611165,0.9828420589529256,0.00034511915238736175,0.9996548808476127,0.01715794104707435,0.36724893651167495,0.00987934279443672,1.8147785663604736,1.6112240552902222,3.304583787918091,1.1775751113891602,0.9221810102462769,2.1780779361724854,4.086635589599609,3.661327838897705,7.690786361694336,0.1710864007472992,0.08033560961484909,0.3564625680446625,0.10329118371009827,0.03143066167831421,0.07468162477016449,0.2846147119998932,0.08898501843214035,1.4087696075439453,1.5416743755340576,1.385853886604309,2.7745330333709717,1.0435456037521362,0.8599345684051514,1.9139901399612427,3.2827529907226562,2.9925241470336914,5.897186279296875
quad2d,gated,greedy_diverse,0.5,17,10500,479789,0.9861520812848246,0.36073565671576463,0.985022098543133,0.0005263265125944841,0.9994736734874056,0.014977901456866918,0.3518609221970491,0.008874734518715519,1.7307320833206177,1.5546073913574219,3.0967087745666504,1.0746842622756958,0.8471701145172119,1.9660135507583618,3.9810543060302734,3.593169927597046,7.348202705383301,0.15663670003414154,0.09628487378358841,0.27178075909614563,0.07291415333747864,0.030192364007234573,0.0659087672829628,0.22324542701244354,0.08692093193531036,1.038766622543335,1.484798550605774,1.342246413230896,2.6467747688293457,0.9708902835845947,0.8048769235610962,1.7909636497497559,3.206249952316284,2.941516876220703,5.689622402191162
quad2d,gated,greedy_diverse,0.5,18,11000,479789,0.9831303110218091,0.34503292072140046,0.9814458838278312,0.0005987806048014927,0.9994012193951985,0.018554116172168827,0.3357517575434201,0.00928116317798032,1.7128560543060303,1.534828543663025,3.071075201034546,1.0706989765167236,0.836932361125946,1.9571900367736816,3.9061708450317383,3.5228660106658936,7.279364109039307,0.17306382954120636,0.10553756356239319,0.309590220451355,0.0835706889629364,0.03264289349317551,0.06841860711574554,0.25161319971084595,0.09347756952047348,1.2751530408859253,1.4567334651947021,1.314545750617981,2.5961015224456787,0.9529052376747131,0.784381628036499,1.744385004043579,3.148618698120117,2.884784698486328,5.613330841064453
quad2d,gated,greedy_diverse,0.5,19,11500,479789,0.9389809184315371,0.11919614663946027,0.914043363875533,0.0018074966171851986,0.9981925033828148,0.08595663612446702,0.09334728391021886,0.025848862729241397,1.7551099061965942,1.5538954734802246,3.208810806274414,1.1150181293487549,0.8656778335571289,2.0514109134674072,3.9851162433624268,3.5376358032226562,7.515402793884277,0.3763945400714874,0.2500510811805725,0.6242684125900269,0.14685900509357452,0.0453728511929512,0.1198030635714531,0.45974647998809814,0.1318873167037964,1.595691204071045,1.6475272178649902,1.4668668508529663,2.980459213256836,1.0792194604873657,0.856596827507019,1.9676371812820435,3.6010513305664062,3.2242517471313477,6.600578308105469
quad2d,gated,greedy_diverse,1.0,0,2000,479789,0.5606652806652807,0.1061216493083418,0.3983456425406204,0.0009297289949216892,0.9990702710050783,0.6016543574593796,0.06841132247717226,0.03771032683116954,2.4039437770843506,2.1358561515808105,4.334770679473877,1.774687647819519,1.4450478553771973,3.3707878589630127,4.844093322753906,4.554561614990234,8.57193374633789,0.4223180413246155,0.2976019084453583,0.689940333366394,0.21291425824165344,0.0845969170331955,0.221232071518898,0.4639637768268585,0.18512403964996338,1.5330697298049927,2.3510730266571045,2.082315683364868,4.257160186767578,1.7625048160552979,1.4382200241088867,3.331153154373169,4.595573902130127,4.266177177429199,8.274402618408203
quad2d,gated,greedy_diverse,1.0,1,2500,479789,0.7548393159180605,0.18249688925756946,0.6291017307541703,0.001270226110789016,0.998729773889211,0.37089826924582975,0.14152888040367745,0.04096800885389203,2.4254648685455322,2.146893262863159,4.4188408851623535,1.7833279371261597,1.444883108139038,3.3701436519622803,4.934419631958008,4.5856475830078125,8.895537376403809,0.5487790703773499,0.3888930082321167,0.9169872403144836,0.24088804423809052,0.07278509438037872,0.24109986424446106,0.5312991738319397,0.1841663122177124,2.012744903564453,2.2930526733398438,2.0275914669036865,4.176649570465088,1.7293200492858887,1.4020535945892334,3.253857374191284,4.4690937995910645,4.11759090423584,8.130480766296387
quad2d,gated,greedy_diverse,1.0,2,3000,479789,0.7871046802092662,0.16412006111019636,0.6721944936403156,0.00114506566758615,0.9988549343324139,0.3278055063596844,0.12095733749627441,0.043162723613921955,2.306508779525757,2.0410373210906982,4.180968284606934,1.681620478630066,1.3528742790222168,3.1671719551086426,4.721578598022461,4.386865139007568,8.509166717529297,0.4815651774406433,0.3194958567619324,0.8633140921592712,0.2441919445991516,0.0713229775428772,0.26271283626556396,0.5071080923080444,0.18545885384082794,1.8990105390548706,2.195777654647827,1.9422246217727661,3.9655938148498535,1.6310110092163086,1.3106348514556885,3.0467472076416016,4.341670036315918,3.9914984703063965,7.850090503692627
quad2d,gated,greedy_diverse,1.0,3,3500,479789,0.8746215680133625,0.18106292557770187,0.8151920083030617,0.0019973457023954905,0.9980026542976045,0.18480799169693823,0.15035984568216446,0.030703079895537413,2.1589345932006836,1.927652359008789,3.8603460788726807,1.526352047920227,1.2407081127166748,2.848928213119507,4.566433429718018,4.226980209350586,8.184504508972168,0.5082691311836243,0.33798936009407043,0.9094101190567017,0.23064403235912323,0.06286591291427612,0.21910360455513,0.6094170212745667,0.17293012142181396,2.0618438720703125,2.0096750259399414,1.7989500761032104,3.5647432804107666,1.4496456384658813,1.1825752258300781,2.661473274230957,4.100681304931641,3.7922282218933105,7.333045959472656
quad2d,gated,greedy_diverse,1.0,4,4000,479789,0.882457278823275,0.22206428242414894,0.8201849618013671,0.0013331116099886367,0.9986668883900114,0.1798150381986329,0.18897473681139002,0.03308954561275894,2.2215981483459473,1.9650957584381104,4.037611484527588,1.5833300352096558,1.2813196182250977,2.9866445064544678,4.648098945617676,4.257113933563232,8.409713745117188,0.5002099275588989,0.32933712005615234,0.8863463401794434,0.23551416397094727,0.06445048749446869,0.2298327386379242,0.534323513507843,0.16612085700035095,2.0009360313415527,2.027980327606201,1.8011964559555054,3.644718647003174,1.4859851598739624,1.209343671798706,2.7595057487487793,4.031176567077637,3.702962636947632,7.26597261428833
quad2d,gated,greedy_diverse,1.0,5,4500,479789,0.9008907697315854,0.17151080996021167,0.8581496307154536,0.0021934732978199562,0.9978065267021801,0.14185036928454642,0.1405346933756297,0.03097611658458197,2.0881943702697754,1.857226848602295,3.7594311237335205,1.4328428506851196,1.1485602855682373,2.657806158065796,4.497225284576416,4.115151882171631,8.262072563171387,0.48758429288864136,0.32740291953086853,0.8372772336006165,0.21096886694431305,0.057541780173778534,0.1995057314634323,0.5750987529754639,0.16403329372406006,1.8751195669174194,1.9353214502334595,1.7298316955566406,3.450160264968872,1.3631197214126587,1.1022565364837646,2.485593557357788,4.002187728881836,3.664278268814087,7.274402618408203
quad2d,gated,greedy_diverse,1.0,6,5000,479789,0.9296187683284457,0.25838024631661,0.890532821425227,0.0007851840691657346,0.9992148159308343,0.10946717857477292,0.2245883086106601,0.033791937705949904,2.0713560581207275,1.8494198322296143,3.717947006225586,1.4191263914108276,1.1449428796768188,2.6329259872436523,4.455717086791992,4.084000110626221,8.16147518157959,0.28458914160728455,0.20059245824813843,0.2445755898952484,0.13377131521701813,0.04999632388353348,0.09328103065490723,0.2828398644924164,0.12596404552459717,0.20326149463653564,1.869847059249878,1.6791013479232788,3.3251523971557617,1.3033565282821655,1.073203444480896,2.3760833740234375,3.8804187774658203,3.5278713703155518,6.999964714050293
quad2d,gated,greedy_diverse,1.0,7,5500,479789,0.905598910850169,0.1413704774390409,0.8625480479785116,0.0023439421264038036,0.9976560578735962,0.13745195202148844,0.11316224423652897,0.028208233202511937,2.034465789794922,1.8133243322372437,3.655524730682373,1.402977705001831,1.1200404167175293,2.6041970252990723,4.381755828857422,4.0406293869018555,8.052539825439453,0.4608049690723419,0.3194673955440521,0.7624689340591431,0.18037301301956177,0.0537898987531662,0.15162789821624756,0.5523860454559326,0.15471993386745453,1.710924506187439,1.9163613319396973,1.7088477611541748,3.4331724643707275,1.352532982826233,1.086230993270874,2.4722819328308105,3.9909071922302246,3.652212381362915,7.303206443786621
quad2d,gated,greedy_diverse,1.0,8,6000,479789,0.9338552915766738,0.18022922576382536,0.9118949699462195,0.002080934737719413,0.9979190652622806,0.08810503005378045,0.1575505065768494,0.02267871918697594,1.931587815284729,1.741449236869812,3.41784405708313,1.2621115446090698,1.0131909847259521,2.3211159706115723,4.26680326461792,3.9223780632019043,7.739192485809326,0.4191179871559143,0.2856714427471161,0.6992439031600952,0.16290578246116638,0.05055959150195122,0.13749462366104126,0.5196648836135864,0.1473710983991623,1.717332363128662,1.7651721239089966,1.5970470905303955,3.0971286296844482,1.1764616966247559,0.961578369140625,2.133378505706787,3.748779535293579,3.4553022384643555,6.681931972503662
quad2d,gated,greedy_diverse,1.0,9,6500,479789,0.9789489625927609,0.38273074205536184,0.9714457469191464,0.00046125138899566004,0.9995387486110043,0.02855425308085362,0.376734356144055,0.005996385911306845,1.8432077169418335,1.6759023666381836,3.2012083530426025,1.172653079032898,0.9435264468193054,2.124028444290161,4.1411333084106445,3.853700876235962,7.434482097625732,0.15951240062713623,0.0966118723154068,0.2636377215385437,0.07890654355287552,0.031931713223457336,0.06451310217380524,0.2336026430130005,0.09244713932275772,0.2656642496585846,1.596032738685608,1.459326148033142,2.7630183696746826,1.063791036605835,0.8930103778839111,1.9212080240249634,3.4196736812591553,3.2004475593566895,5.922082901000977
quad2d,gated,greedy_diverse,1.0,10,7000,479789,0.9672808132147395,0.3076373155699693,0.9539473684210527,0.000738839145952038,0.9992611608540479,0.046052631578947366,0.2949317304064912,0.012705585163478111,1.8119847774505615,1.6487677097320557,3.146744728088379,1.1379764080047607,0.9163148999214172,2.068854331970215,4.123785018920898,3.8496742248535156,7.367380142211914,0.1762632429599762,0.1310824304819107,0.15879487991333008,0.07837600260972977,0.034851424396038055,0.061648592352867126,0.19138500094413757,0.11523572355508804,0.16339927911758423,1.5779023170471191,1.442830204963684,2.7301669120788574,1.0274255275726318,0.8548280000686646,1.8576326370239258,3.4378437995910645,3.218193292617798,5.933479309082031
quad2d,gated,greedy_diverse,1.0,11,7500,479789,0.9388732194069825,0.14376944865347058,0.9206954258088509,0.0022424980349244022,0.9977575019650756,0.07930457419114913,0.12052798209212799,0.02324146656134259,1.829933762550354,1.652158260345459,3.2202959060668945,1.170569658279419,0.9298588037490845,2.136766195297241,4.148077011108398,3.847109079360962,7.475168228149414,0.4088822305202484,0.2753816545009613,0.6687893867492676,0.15195901691913605,0.04581937566399574,0.12389782816171646,0.5315448045730591,0.14387087523937225,1.617622971534729,1.6917903423309326,1.5350830554962158,2.95249342918396,1.108984112739563,0.8981447815895081,1.9973530769348145,3.7079949378967285,3.4447929859161377,6.512105941772461
quad2d,gated,greedy_diverse,1.0,12,8000,479789,0.9358897543439186,0.1515478679169385,0.9016913929457946,0.0011212171748919192,0.9988787828251081,0.0983086070542054,0.1203570736302833,0.031190794286655176,1.8512710332870483,1.672929048538208,3.2738442420959473,1.175032615661621,0.9359043836593628,2.1570496559143066,4.19336462020874,3.85514235496521,7.637795448303223,0.26891520619392395,0.2024441361427307,0.23735754191875458,0.10130483657121658,0.039635028690099716,0.07229910045862198,0.26768380403518677,0.12506486475467682,0.1873287707567215,1.7108080387115479,1.5547266006469727,2.994737148284912,1.1112797260284424,0.9035933017730713,2.019963264465332,3.7194571495056152,3.4390909671783447,6.6056928634643555
quad2d,gated,greedy_diverse,1.0,13,8500,479789,0.9425363862264821,0.12596578912813758,0.9276356013625644,0.0023533625590863,0.9976466374409138,0.07236439863743559,0.10377895283134878,0.022186836296788796,1.7939372062683105,1.623213529586792,3.153733968734741,1.126537799835205,0.9017922878265381,2.063192844390869,4.069220066070557,3.762544870376587,7.342019557952881,0.3924143314361572,0.28337863087654114,0.6042340397834778,0.12722176313400269,0.04656777158379555,0.10263726860284805,0.4803074598312378,0.1430351287126541,1.5106171369552612,1.6800044775009155,1.526463270187378,2.92914080619812,1.0860950946807861,0.8833744525909424,1.9699753522872925,3.667098045349121,3.4032347202301025,6.422018051147461
quad2d,gated,greedy_diverse,1.0,14,9000,479789,0.9693447293447293,0.2933560377582646,0.9599006921456515,0.0008411410047030219,0.999158858995297,0.04009930785434848,0.278668331287295,0.01468770647096953,1.7978272438049316,1.6228055953979492,3.1633520126342773,1.1379684209823608,0.8998633623123169,2.106708526611328,4.0752339363098145,3.7795865535736084,7.310964584350586,0.1763668656349182,0.12372840940952301,0.15239867568016052,0.0813225656747818,0.03346485644578934,0.06063026562333107,0.19901074469089508,0.09865421801805496,0.1483328640460968,1.5609480142593384,1.4202464818954468,2.728381872177124,1.0227656364440918,0.8409432172775269,1.8898429870605469,3.397101879119873,3.168924331665039,5.848451614379883
quad2d,gated,greedy_diverse,1.0,15,9500,479789,0.9756643356643356,0.3570069342982019,0.9691580994720755,0.0006348587859081504,0.9993651412140918,0.030841900527924425,0.34804257704949465,0.008964357248707245,1.7862433195114136,1.6082476377487183,3.1703927516937256,1.1245864629745483,0.8928226232528687,2.0713131427764893,4.101140022277832,3.767864942550659,7.450132369995117,0.19532302021980286,0.11943381279706955,0.3386355936527252,0.08684992790222168,0.03159341216087341,0.0645432323217392,0.27323323488235474,0.09399011731147766,1.303589940071106,1.5425779819488525,1.4013235569000244,2.717987537384033,1.005125641822815,0.8316227197647095,1.8477463722229004,3.410001754760742,3.15999698638916,5.9195427894592285
quad2d,gated,greedy_diverse,1.0,16,10000,479789,0.9358153790678807,0.11604059284393765,0.9117737473101752,0.0020904812093396423,0.9979095187906604,0.08822625268982477,0.0914485325841151,0.024592060259822548,1.7917702198028564,1.6037575006484985,3.2027175426483154,1.139461636543274,0.8928159475326538,2.098116874694824,4.062716960906982,3.7218494415283203,7.490149974822998,0.3896952271461487,0.26534366607666016,0.6164426207542419,0.12863212823867798,0.04098730534315109,0.09572532027959824,0.5245665907859802,0.13904201984405518,1.5921123027801514,1.683821439743042,1.5144526958465576,2.9841439723968506,1.1014162302017212,0.878956139087677,2.010383367538452,3.6957497596740723,3.3993048667907715,6.62454080581665
quad2d,gated,greedy_diverse,1.0,17,10500,479789,0.9374338654118918,0.1290734051843623,0.9141564942478265,0.0020856165857140326,0.997914383414286,0.08584350575217353,0.10330165968790447,0.025771745496457818,1.802985668182373,1.6028201580047607,3.261350154876709,1.1554994583129883,0.8998674154281616,2.137821674346924,4.1015143394470215,3.741055488586426,7.613708019256592,0.40200746059417725,0.2643832564353943,0.6813328862190247,0.15001697838306427,0.041788943111896515,0.1033656895160675,0.5252271294593811,0.1372760832309723,1.7359580993652344,1.6754822731018066,1.4984407424926758,2.9988315105438232,1.1099207401275635,0.8820905685424805,2.024020195007324,3.700683116912842,3.395801544189453,6.654275894165039
quad2d,gated,greedy_diverse,1.0,18,11000,479789,0.9326949137230102,0.11683886041572442,0.9106867198870904,0.0023812017214467733,0.9976187982785533,0.08931328011290963,0.09173199052083311,0.025106869894891297,1.762467861175537,1.5722880363464355,3.1832644939422607,1.1197922229766846,0.8695000410079956,2.076305627822876,4.009649276733398,3.643618583679199,7.459006309509277,0.4399571120738983,0.30264145135879517,0.7336894869804382,0.14757977426052094,0.04376159608364105,0.11111263185739517,0.5844602584838867,0.14059162139892578,1.7011706829071045,1.6577659845352173,1.4871628284454346,2.968801975250244,1.0849905014038086,0.8592764139175415,1.9931920766830444,3.6552367210388184,3.3353452682495117,6.5967607498168945
quad2d,gated,greedy_diverse,1.0,19,11500,479789,0.9805927486083948,0.3771157738089035,0.9763331336129418,0.0005193204518780358,0.9994806795481219,0.02366686638705812,0.3674156764744502,0.00970009733445327,1.7964107990264893,1.5949385166168213,3.2539384365081787,1.1446493864059448,0.8831120729446411,2.1246132850646973,4.085812568664551,3.711472272872925,7.618313312530518,0.19188697636127472,0.10928028076887131,0.3744243383407593,0.09292980283498764,0.03313100337982178,0.07054135203361511,0.27822843194007874,0.09554298967123032,1.383213996887207,1.5482921600341797,1.390592336654663,2.769578695297241,1.0101747512817383,0.8214815258979797,1.8661361932754517,3.387126922607422,3.1091928482055664,5.987827777862549
quad2d,mode_sep,greedy_diverse,0.5,0,2000,479789,0.5577622611531546,0.10607996431764796,0.39556399003676906,0.000934395712943929,0.999065604287056,0.6044360099632309,0.06831961549764584,0.03776034882000213,2.4040074348449707,2.1359872817993164,4.334889888763428,1.7739578485488892,1.4452440738677979,3.373206615447998,4.8466291427612305,4.562367916107178,8.57107925415039,0.42012014985084534,0.29771631956100464,0.6694176197052002,0.2119787037372589,0.08461727201938629,0.2156059592962265,0.45552903413772583,0.18489015102386475,1.4971336126327515,2.3503165245056152,2.081510543823242,4.256004333496094,1.7618727684020996,1.43861985206604,3.332674741744995,4.596393585205078,4.265200614929199,8.264860153198242
quad2d,mode_sep,greedy_diverse,0.5,1,2500,479789,0.7594017557169178,0.21122201634468485,0.6401425178147269,0.001363261596567084,0.9986367384034329,0.35985748218527314,0.1822488635629412,0.02897315278174364,2.2784249782562256,2.0406343936920166,4.058919429779053,1.6318546533584595,1.344269037246704,3.0660781860351562,4.704842567443848,4.416743278503418,8.345795631408691,0.5378643870353699,0.37942585349082947,0.8883388042449951,0.23861297965049744,0.07765743136405945,0.23308607935905457,0.5850366950035095,0.20202839374542236,2.1094510555267334,2.10884428024292,1.8874512910842896,3.745471239089966,1.5481772422790527,1.281955599784851,2.8888025283813477,4.207101821899414,3.9103357791900635,7.420363903045654
quad2d,mode_sep,greedy_diverse,0.5,2,3000,479789,0.7597260467415097,0.11691597764850799,0.631566590362153,0.0013008505939895293,0.9986991494060105,0.36843340963784704,0.08269885303748106,0.03421712461102693,2.119443893432617,1.9033437967300415,3.727952003479004,1.4709134101867676,1.2007989883422852,2.721367359161377,4.502623081207275,4.247926235198975,7.889224052429199,0.40168899297714233,0.2697574198246002,0.6991819739341736,0.20418986678123474,0.07166115939617157,0.2002105712890625,0.45839086174964905,0.18740949034690857,1.5861331224441528,2.046221971511841,1.8350046873092651,3.59224271774292,1.454952597618103,1.1876797676086426,2.669433832168579,4.221283912658691,3.9543395042419434,7.3908185958862305
quad2d,mode_sep,greedy_diverse,0.5,3,3500,479789,0.8343110213278427,0.19487733149363573,0.7402964495001724,0.0013394874443225099,0.9986605125556774,0.25970355049982763,0.17863477486978652,0.016242556623849234,2.005488872528076,1.8110545873641968,3.4954471588134766,1.3253545761108398,1.081050157546997,2.4086222648620605,4.429929256439209,4.1182451248168945,7.687711238861084,0.38424408435821533,0.2673121988773346,0.6455201506614685,0.1711476445198059,0.06380226463079453,0.162253737449646,0.4426027536392212,0.17154258489608765,1.5215139389038086,1.8330119848251343,1.65419602394104,3.17360782623291,1.2533317804336548,1.0292726755142212,2.2634005546569824,3.860895872116089,3.6060636043548584,6.556833744049072
quad2d,mode_sep,greedy_diverse,0.5,4,4000,479789,0.8850441144824619,0.2167848783527759,0.8227574617908298,0.001255226670263515,0.9987447733297364,0.17724253820917021,0.19679275681601704,0.019992121536758868,2.057119607925415,1.8345351219177246,3.6950371265411377,1.4167027473449707,1.1419954299926758,2.6233654022216797,4.424674987792969,4.069313049316406,8.042425155639648,0.37409618496894836,0.22352203726768494,0.7123012542724609,0.20207974314689636,0.05755936726927757,0.1867271065711975,0.5194687843322754,0.16199874877929688,1.6930880546569824,1.8750678300857544,1.6787081956863403,3.3283462524414062,1.3414006233215332,1.0955315828323364,2.4518399238586426,3.8574399948120117,3.557941198348999,6.78582239151001
quad2d,mode_sep,greedy_diverse,0.5,5,4500,479789,0.8658109684947491,0.16521220786637458,0.7885538849090766,0.0010804009086713131,0.9989195990913287,0.2114461150909234,0.13200594427967294,0.03320626358670165,2.130159854888916,1.8705440759658813,3.909285545349121,1.5136704444885254,1.2052531242370605,2.861220121383667,4.459175109863281,4.065242290496826,8.207408905029297,0.4285326600074768,0.2671515941619873,0.8175788521766663,0.22437122464179993,0.05937184765934944,0.20938508212566376,0.4880184531211853,0.15797077119350433,1.7798655033111572,1.995971918106079,1.7593615055084229,3.6247289180755615,1.4611105918884277,1.168954610824585,2.7335939407348633,4.0076799392700195,3.6506333351135254,7.234526634216309
quad2d,mode_sep,greedy_diverse,0.5,6,5000,479789,0.8787389754175268,0.18247187826315317,0.8071009996552913,0.0011463032382404642,0.9988536967617595,0.19289900034470872,0.1574275358543026,0.025044342408850558,1.9828922748565674,1.7538177967071533,3.603189706802368,1.352772831916809,1.0696676969528198,2.52116060256958,4.323774814605713,3.918400526046753,7.991415023803711,0.3721768260002136,0.22158753871917725,0.7616681456565857,0.19435125589370728,0.05897145718336105,0.181023508310318,0.5023298859596252,0.1522509753704071,1.7212269306182861,1.8261470794677734,1.6205570697784424,3.2817182540893555,1.2827929258346558,1.0281860828399658,2.364149332046509,3.813113212585449,3.4648079872131348,6.875673770904541
quad2d,mode_sep,greedy_diverse,0.5,7,5500,479789,0.8670569105691057,0.11802062990189438,0.7875118147448015,0.001208657036796345,0.9987913429632037,0.2124881852551985,0.08413281671734867,0.03388781318454571,1.9443880319595337,1.7242193222045898,3.527564764022827,1.326122760772705,1.0531392097473145,2.4694478511810303,4.265439987182617,3.881985902786255,7.822925090789795,0.4156823456287384,0.2549361288547516,0.8309147357940674,0.20133522152900696,0.05631174147129059,0.2002730369567871,0.5292028188705444,0.15574319660663605,1.8571299314498901,1.850618839263916,1.6472060680389404,3.3255615234375,1.2968735694885254,1.0373387336730957,2.381932258605957,3.9206278324127197,3.561558246612549,7.06749963760376
quad2d,mode_sep,greedy_diverse,0.5,8,6000,479789,0.9245025360905189,0.17908705701881453,0.8885625,0.0014264353671284717,0.9985735646328715,0.1114375,0.15332781701956485,0.02575923999924967,1.9367766380310059,1.716017484664917,3.5163767337799072,1.3151839971542358,1.0444753170013428,2.4317822456359863,4.232805252075195,3.842881679534912,7.846570014953613,0.399710476398468,0.24774578213691711,0.758645236492157,0.1915147453546524,0.05224793404340744,0.14963209629058838,0.5034002065658569,0.15302251279354095,1.8133299350738525,1.7686574459075928,1.5737541913986206,3.172628879547119,1.2434682846069336,1.005728840827942,2.2727913856506348,3.693695545196533,3.3590550422668457,6.659743785858154
quad2d,mode_sep,greedy_diverse,0.5,9,6500,479789,0.923847554995096,0.18254274274733268,0.8865210084033613,0.0012879904169272682,0.9987120095830727,0.11347899159663866,0.15460129348526122,0.02794144926207145,1.934578537940979,1.7104142904281616,3.522674798965454,1.3374050855636597,1.0669312477111816,2.48653507232666,4.202020168304443,3.8038182258605957,7.819629192352295,0.4371536076068878,0.2785358428955078,0.8181439638137817,0.20726709067821503,0.05690230801701546,0.17602017521858215,0.5166513323783875,0.15701669454574585,1.8703027963638306,1.772526502609253,1.5740052461624146,3.196169853210449,1.2723912000656128,1.0294018983840942,2.331103801727295,3.677983045578003,3.3305296897888184,6.678884506225586
quad2d,mode_sep,greedy_diverse,0.5,10,7000,479789,0.9298970566913151,0.16571868050330457,0.8938675958188154,0.0010649627263045794,0.9989350372736954,0.10613240418118466,0.13127645694253098,0.03444222356077359,1.9549362659454346,1.7013509273529053,3.630669116973877,1.3277428150177002,1.0304043292999268,2.4769062995910645,4.288528919219971,3.8045971393585205,8.146553039550781,0.3882947266101837,0.20539309084415436,0.8778273463249207,0.2157839834690094,0.053933147341012955,0.18105271458625793,0.5822023749351501,0.147416889667511,2.2308449745178223,1.8083642721176147,1.58388352394104,3.311156988143921,1.2593693733215332,0.9942662715911865,2.313830852508545,3.8214352130889893,3.403599262237549,7.086959362030029
quad2d,mode_sep,greedy_diverse,0.5,11,7500,479789,0.9169346884514774,0.16789463701752227,0.8660887880751782,0.0007340568790692985,0.9992659431209308,0.13391121192482178,0.12903797294227254,0.03885666407524974,1.8642892837524414,1.6425995826721191,3.4081900119781494,1.2573437690734863,0.9808975458145142,2.3379528522491455,4.085104465484619,3.6659486293792725,7.712331295013428,0.2470972239971161,0.16942588984966278,0.20866110920906067,0.11910197883844376,0.04390837997198105,0.07971873134374619,0.2865336239337921,0.13228806853294373,0.205099955201149,1.723000407218933,1.526755690574646,3.110773801803589,1.1990755796432495,0.9549710750579834,2.2028589248657227,3.6148853302001953,3.25872802734375,6.582884788513184
quad2d,mode_sep,greedy_diverse,0.5,12,8000,479789,0.9263243203418552,0.1438569871339276,0.8831214441244645,0.000847348631002368,0.9991526513689977,0.11687855587553557,0.1094231005712928,0.034433886562634825,1.8062994480133057,1.602560043334961,3.268162727355957,1.1772106885910034,0.9179701805114746,2.171886920928955,4.039389133453369,3.6332204341888428,7.526401519775391,0.2680256962776184,0.1932864487171173,0.2322547286748886,0.11589284241199493,0.04676046594977379,0.08265018463134766,0.2873978316783905,0.1285867691040039,0.19758494198322296,1.6883275508880615,1.5078197717666626,3.016619920730591,1.1351155042648315,0.9048659205436707,2.0701706409454346,3.6134376525878906,3.2801403999328613,6.514044284820557
quad2d,mode_sep,greedy_diverse,0.5,13,8500,479789,0.9790104138563643,0.3623321918593382,0.9709943273038638,0.0003978381877459095,0.9996021618122541,0.029005672696136145,0.35504565548605743,0.007286536373280755,1.7582882642745972,1.575574278831482,3.1442036628723145,1.1181124448776245,0.8852009773254395,2.050293445587158,3.9674296379089355,3.595425605773926,7.301596164703369,0.16562186181545258,0.08898203074932098,0.3129374384880066,0.09197265654802322,0.031092271208763123,0.07083491235971451,0.2594810128211975,0.08967690169811249,1.3290616273880005,1.5094820261001587,1.3647407293319702,2.6809937953948975,1.0191378593444824,0.8486018180847168,1.8635694980621338,3.1991934776306152,2.9354617595672607,5.66428804397583
quad2d,mode_sep,greedy_diverse,0.5,14,9000,479789,0.969443354692472,0.2837914166435662,0.9545064377682403,0.00051509282213634,0.9994849071778636,0.045493562231759654,0.2706856555694274,0.01310576107413884,1.7389198541641235,1.5571504831314087,3.1170990467071533,1.105299949645996,0.8724743127822876,2.041386365890503,3.9224770069122314,3.5491020679473877,7.231492519378662,0.16222572326660156,0.11584262549877167,0.14487358927726746,0.0767664983868599,0.036400772631168365,0.06478927284479141,0.19811825454235077,0.11040322482585907,0.15762874484062195,1.5128296613693237,1.363844394683838,2.6947875022888184,1.0163381099700928,0.8366515636444092,1.8724393844604492,3.2151639461517334,2.950324296951294,5.734484672546387
quad2d,mode_sep,greedy_diverse,0.5,15,9500,479789,0.9355490476514791,0.11294548228492109,0.908589822735691,0.0019011170924325116,0.9980988829075675,0.09141017726430903,0.08894743314248556,0.02399804914243553,1.7115299701690674,1.536175012588501,3.061514377593994,1.0838338136672974,0.8588974475860596,1.9862323999404907,3.867980480194092,3.5030319690704346,7.139352798461914,0.37866151332855225,0.25247058272361755,0.6446951031684875,0.1379101574420929,0.044544827193021774,0.10839361697435379,0.48625481128692627,0.13810941576957703,1.5897471904754639,1.614272117614746,1.455596685409546,2.859811544418335,1.060300588607788,0.85770583152771,1.9267969131469727,3.495175838470459,3.1870346069335938,6.2371368408203125
quad2d,mode_sep,greedy_diverse,0.5,16,10000,479789,0.9365194416516636,0.11390423707087907,0.910897844082598,0.0018752185894685145,0.9981247814105315,0.08910215591740198,0.08950184351871343,0.02440239355216564,1.755691647529602,1.5638872385025024,3.1824347972869873,1.1353449821472168,0.892776608467102,2.1015326976776123,3.928378105163574,3.534588098526001,7.357661247253418,0.39003539085388184,0.2546329200267792,0.6598719954490662,0.16139812767505646,0.04652896150946617,0.1257931888103485,0.4911056458950043,0.14333021640777588,1.581200122833252,1.6567256450653076,1.482409119606018,2.972888708114624,1.1086924076080322,0.8892019987106323,2.0360708236694336,3.545416831970215,3.2046756744384766,6.433284282684326
quad2d,mode_sep,greedy_diverse,0.5,17,10500,479789,0.9448718888156126,0.1250528878319428,0.9232017564794043,0.0016247157374278845,0.9983752842625722,0.07679824352059568,0.09973134023497829,0.0253215475969645,1.781056523323059,1.572352647781372,3.2688019275665283,1.164810061454773,0.903601884841919,2.1442644596099854,4.003493309020996,3.5494542121887207,7.614686489105225,0.3772116005420685,0.22873687744140625,0.7069500684738159,0.17049884796142578,0.050081752240657806,0.1413286030292511,0.5101734399795532,0.1402144581079483,1.667716383934021,1.6699562072753906,1.4813657999038696,3.031076192855835,1.1249680519104004,0.8915461301803589,2.0478832721710205,3.592883348464966,3.20568585395813,6.644022464752197
quad2d,mode_sep,greedy_diverse,0.5,18,11000,479789,0.9316302833255922,0.10725131255614447,0.9011996225906457,0.0018346409767677813,0.9981653590232322,0.09880037740935436,0.08327410590905586,0.023977206647088616,1.7236013412475586,1.5344167947769165,3.119673013687134,1.104742169380188,0.8625102043151855,2.027722120285034,3.878610372543335,3.471701145172119,7.289860248565674,0.38768330216407776,0.2505953311920166,0.6661116480827332,0.15402744710445404,0.043678395450115204,0.11691167205572128,0.505016565322876,0.1361125409603119,1.6008824110031128,1.6256877183914185,1.454271674156189,2.912559747695923,1.0783863067626953,0.858974039554596,1.9648271799087524,3.4999732971191406,3.1598129272460938,6.381647109985352
quad2d,mode_sep,greedy_diverse,0.5,19,11500,479789,0.9423993284448066,0.12421918801806628,0.9238551650692226,0.0019022256039566293,0.9980977743960434,0.07614483493077742,0.09443734641686241,0.02978184160120386,1.7682288885116577,1.5576304197311401,3.2488527297973633,1.1514586210250854,0.8964391946792603,2.1423919200897217,3.973555088043213,3.5255651473999023,7.5641326904296875,0.4105716645717621,0.26018327474594116,0.7634819149971008,0.16673512756824493,0.04443803429603577,0.1292753368616104,0.5652415752410889,0.14236366748809814,1.763163447380066,1.6631524562835693,1.4755730628967285,3.0170109272003174,1.117987871170044,0.8905752897262573,2.0585989952087402,3.595348596572876,3.219719171524048,6.581244468688965
quad2d,mode_sep,greedy_diverse,1.0,0,2000,479789,0.5577622611531546,0.10607996431764796,0.39556399003676906,0.000934395712943929,0.999065604287056,0.6044360099632309,0.06831961549764584,0.03776034882000213,2.4040074348449707,2.1359872817993164,4.334889888763428,1.7739578485488892,1.4452440738677979,3.373206615447998,4.8466291427612305,4.562367916107178,8.57107925415039,0.42012014985084534,0.29771631956100464,0.6694176197052002,0.2119787037372589,0.08461727201938629,0.2156059592962265,0.45552903413772583,0.18489015102386475,1.4971336126327515,2.3503165245056152,2.081510543823242,4.256004333496094,1.7618727684020996,1.43861985206604,3.332674741744995,4.596393585205078,4.265200614929199,8.264860153198242
quad2d,mode_sep,greedy_diverse,1.0,1,2500,479789,0.6666014765560063,0.1523648937345375,0.5204611391052069,0.0013669115928331148,0.9986330884071669,0.4795388608947931,0.11661376146597775,0.03575113226855972,2.336538314819336,2.0766050815582275,4.212440490722656,1.6859016418457031,1.364212989807129,3.1839547157287598,4.815185070037842,4.491828918457031,8.648497581481934,0.4508708119392395,0.31362152099609375,0.73736172914505,0.22191734611988068,0.07884007692337036,0.22669947147369385,0.551417887210846,0.20584771037101746,1.745261549949646,2.2354798316955566,1.9800870418548584,4.036306858062744,1.6475034952163696,1.3333680629730225,3.0966665744781494,4.4597063064575195,4.103664875030518,8.090190887451172
quad2d,mode_sep,greedy_diverse,1.0,2,3000,479789,0.7417840375586854,0.15012432548474433,0.6097871702637889,0.0011612075544411118,0.9988387924455588,0.390212829736211,0.11279541631842331,0.03732890916632103,2.3323721885681152,2.0554816722869873,4.247187614440918,1.7057818174362183,1.37168550491333,3.2361721992492676,4.793725967407227,4.400124549865723,8.544976234436035,0.47096991539001465,0.31160736083984375,0.8673454523086548,0.23960572481155396,0.07416929304599762,0.24874475598335266,0.5348200798034668,0.18436141312122345,2.153655529022217,2.249403953552246,1.976847529411316,4.099287033081055,1.6790192127227783,1.3511422872543335,3.1571497917175293,4.44230842590332,4.019482135772705,8.031110763549805
quad2d,mode_sep,greedy_diverse,1.0,3,3500,479789,0.8881282820705176,0.2605436973336196,0.8351115421920465,0.0015024370927259915,0.998497562907274,0.16488845780795344,0.23704795232904463,0.02349574500457493,2.1728272438049316,1.9302374124526978,3.9131646156311035,1.564684271812439,1.2556815147399902,2.944286823272705,4.496994495391846,4.134279251098633,8.055590629577637,0.4330672323703766,0.2792665660381317,0.8058522939682007,0.21334439516067505,0.060641586780548096,0.18452809751033783,0.5560187697410583,0.17127449810504913,2.1098968982696533,2.003882884979248,1.7833755016326904,3.585808038711548,1.486985445022583,1.202534556388855,2.7505929470062256,3.9421465396881104,3.6250205039978027,7.0464863777160645
quad2d,mode_sep,greedy_diverse,1.0,4,4000,479789,0.8822483588621445,0.27203833351744205,0.818135700697527,0.0008436272456449209,0.9991563727543551,0.18186429930247305,0.24197303397952016,0.030065299537921877,2.144022226333618,1.8954648971557617,3.8978092670440674,1.5224953889846802,1.2071599960327148,2.892179489135742,4.5129570960998535,4.13982629776001,8.195670127868652,0.37603631615638733,0.2956506311893463,0.3399488031864166,0.14288422465324402,0.060152940452098846,0.10403669625520706,0.31029120087623596,0.14813247323036194,0.2314518839120865,1.9437748193740845,1.7188942432403564,3.5127251148223877,1.4287267923355103,1.1443400382995605,2.673415184020996,3.9091832637786865,3.568161964416504,7.027097702026367
quad2d,mode_sep,greedy_diverse,1.0,5,4500,479789,0.8058314642742711,0.14526802406891362,0.704284514141697,0.0011718221834953353,0.9988281778165047,0.295715485858303,0.09421224746711575,0.05105577660179787,1.9942748546600342,1.7739262580871582,3.574650287628174,1.3559478521347046,1.0879021883010864,2.5004701614379883,4.311230182647705,3.9298388957977295,7.858041763305664,0.4870947301387787,0.3947490453720093,0.4425639510154724,0.16129930317401886,0.06761661171913147,0.12221743911504745,0.3887607753276825,0.17936673760414124,0.25389406085014343,1.8977384567260742,1.6936696767807007,3.3745715618133545,1.3216331005096436,1.066218376159668,2.4033474922180176,3.9494519233703613,3.577918529510498,7.142427444458008
quad2d,mode_sep,greedy_diverse,1.0,6,5000,479789,0.8864186552047824,0.2009862668798159,0.832420896353345,0.0013232022030108888,0.9986767977969891,0.1675791036466549,0.1631967385663281,0.0377895283134878,1.9627572298049927,1.742972731590271,3.5438544750213623,1.3338125944137573,1.0670652389526367,2.468928098678589,4.272250652313232,3.8517251014709473,7.8910322189331055,0.41691407561302185,0.33048784732818604,0.3754793703556061,0.1444474160671234,0.057904161512851715,0.10590332746505737,0.3698308765888214,0.16751983761787415,0.24160607159137726,1.7853260040283203,1.591491460800171,3.192903518676758,1.2586852312088013,1.024479866027832,2.295900344848633,3.692054033279419,3.3458938598632812,6.634437561035156
quad2d,mode_sep,greedy_diverse,1.0,7,5500,479789,0.9116724738675959,0.1542011175746005,0.8781183577581385,0.002224645358533951,0.997775354641466,0.1218816422418615,0.12757691401845395,0.026624203556146555,1.8885917663574219,1.6726146936416626,3.424614191055298,1.2672319412231445,0.9950076341629028,2.3364601135253906,4.155505657196045,3.757050037384033,7.778532028198242,0.4935218393802643,0.3315095901489258,0.9321935176849365,0.19328510761260986,0.054436150938272476,0.15794435143470764,0.6793118715286255,0.1592271327972412,2.4629054069519043,1.7491779327392578,1.5559918880462646,3.136390447616577,1.2117785215377808,0.9683750867843628,2.1927103996276855,3.674112558364868,3.3500685691833496,6.7559943199157715
quad2d,mode_sep,greedy_diverse,1.0,8,6000,479789,0.9096835528996333,0.17290517289892016,0.8721354166666667,0.0013547497995126015,0.9986452502004874,0.12786458333333334,0.1339046956057767,0.039000477293143446,1.905542016029358,1.669623613357544,3.4953577518463135,1.2941612005233765,0.9968596696853638,2.4142723083496094,4.15977668762207,3.7286386489868164,7.922408103942871,0.39722517132759094,0.3255878686904907,0.36762645840644836,0.12507504224777222,0.05189291760325432,0.09536519646644592,0.32977569103240967,0.16513322293758392,0.23520055413246155,1.778681993484497,1.5662904977798462,3.22849702835083,1.246358036994934,0.9794236421585083,2.293727397918701,3.732952117919922,3.341315984725952,6.926396369934082
quad2d,mode_sep,greedy_diverse,1.0,9,6500,479789,0.9674196674867667,0.4281715504107014,0.9630399287516699,0.0007024886032434048,0.9992975113967566,0.03696007124833012,0.4218708640673296,0.0063006863433717735,1.840519666671753,1.6231571435928345,3.3424251079559326,1.2062987089157104,0.9425408840179443,2.214754104614258,4.1031599044799805,3.6611363887786865,7.729086875915527,0.24275363981723785,0.15763044357299805,0.42736393213272095,0.1034775823354721,0.034684162586927414,0.0780474916100502,0.29862821102142334,0.1148022785782814,1.4177536964416504,1.6000028848648071,1.4283051490783691,2.869029998779297,1.1164796352386475,0.9175984859466553,2.0464649200439453,3.3538568019866943,3.0491557121276855,5.9212822914123535
quad2d,mode_sep,greedy_diverse,1.0,10,7000,479789,0.9156187351922727,0.16416799884949426,0.8876952434801046,0.0018765799717737558,0.9981234200282263,0.1123047565198954,0.12523213329192626,0.03893586555756801,1.8553792238235474,1.6294076442718506,3.396372079849243,1.247597336769104,0.9692144393920898,2.3186070919036865,4.075315952301025,3.6551454067230225,7.706840515136719,0.398506224155426,0.3240516781806946,0.3650285005569458,0.12610375881195068,0.052159301936626434,0.0943988487124443,0.35065174102783203,0.16087758541107178,0.2327134609222412,1.7422410249710083,1.535831093788147,3.163034200668335,1.2099781036376953,0.9566156268119812,2.230604887008667,3.6676087379455566,3.313889980316162,6.7570672035217285
quad2d,mode_sep,greedy_diverse,1.0,11,7500,479789,0.9114316590706197,0.1611416685251225,0.8649781503611879,0.0009482137289079951,0.999051786271092,0.13502184963881209,0.11826240284791856,0.04287926567720394,1.8473069667816162,1.6213935613632202,3.40463924407959,1.2452887296676636,0.9663552045822144,2.3396315574645996,4.047396659851074,3.6026787757873535,7.709958553314209,0.3289312422275543,0.24550415575504303,0.28865137696266174,0.13281047344207764,0.052381910383701324,0.09533323347568512,0.3221840262413025,0.14411723613739014,0.21909838914871216,1.7296942472457886,1.5266443490982056,3.1521377563476562,1.2004342079162598,0.9550954103469849,2.2157716751098633,3.6557092666625977,3.2675249576568604,6.758914947509766
quad2d,mode_sep,greedy_diverse,1.0,12,8000,479789,0.9306985294117647,0.20040476125963705,0.8996890270990671,0.0010177720727639896,0.998982227927236,0.10031097290093292,0.16096033881560437,0.03944442244403269,1.9325642585754395,1.6797795295715332,3.5964763164520264,1.3441963195800781,1.0351347923278809,2.5377490520477295,4.160134315490723,3.669494152069092,8.005672454833984,0.34609881043434143,0.26754364371299744,0.3103465735912323,0.12998689711093903,0.0487838014960289,0.09200742840766907,0.30416086316108704,0.14530669152736664,0.21910564601421356,1.7892372608184814,1.566493272781372,3.2896335124969482,1.2858219146728516,1.0167597532272339,2.376016139984131,3.6738762855529785,3.264542818069458,6.884682655334473
quad2d,mode_sep,greedy_diverse,1.0,13,8500,479789,0.8789135879774577,0.1068136201538593,0.8101147103383595,0.001114112086428089,0.9988858879135719,0.18988528966164056,0.05197701489613142,0.05483660525772788,1.8631898164749146,1.624206781387329,3.4616012573242188,1.2612932920455933,0.978278636932373,2.3694052696228027,4.079877853393555,3.6056876182556152,7.842573642730713,0.3871608376502991,0.2974914312362671,0.3409031629562378,0.14184071123600006,0.05329400300979614,0.09864197671413422,0.3485103249549866,0.14728686213493347,0.2183491289615631,1.81389319896698,1.5900648832321167,3.3398654460906982,1.26304030418396,0.9917581677436829,2.3387603759765625,3.8440089225769043,3.4067203998565674,7.275457382202148
quad2d,mode_sep,greedy_diverse,1.0,14,9000,479789,0.9228713249331806,0.173230315826332,0.8866471019809244,0.000985040347771087,0.9990149596522289,0.11335289801907557,0.12839185558651825,0.04483846023981375,1.8835774660110474,1.6387169361114502,3.500012159347534,1.2959213256835938,0.9998775720596313,2.438626527786255,4.0735554695129395,3.622589349746704,7.815484523773193,0.36676204204559326,0.2889867424964905,0.3371528685092926,0.12888365983963013,0.05029098317027092,0.10066943615674973,0.30923569202423096,0.14397789537906647,0.2207089066505432,1.7564723491668701,1.540786623954773,3.218533515930176,1.2473372220993042,0.9826498031616211,2.3155953884124756,3.646904468536377,3.263561487197876,6.782569885253906
quad2d,mode_sep,greedy_diverse,1.0,15,9500,479789,0.9639668710336667,0.2654979584775808,0.9569333712984055,0.001182179821372629,0.9988178201786274,0.043066628701594535,0.25072896627475827,0.014768992202822491,1.682408094406128,1.509293556213379,2.9937562942504883,1.0378172397613525,0.8226680159568787,1.8868952989578247,3.8235762119293213,3.4717893600463867,7.049410343170166,0.23600953817367554,0.1929226964712143,0.2215166985988617,0.0777590349316597,0.03330804035067558,0.06076135113835335,0.1906147599220276,0.11803346127271652,0.16695520281791687,1.4842764139175415,1.3399856090545654,2.625284194946289,0.9601378440856934,0.7928115129470825,1.754830002784729,3.1931865215301514,2.941559314727783,5.637394905090332
quad2d,mode_sep,greedy_diverse,1.0,16,10000,479789,0.935782381391708,0.12722259159755642,0.9063633901976713,0.0014189925153141269,0.9985810074846859,0.09363660980232873,0.09486044907240475,0.03236214252515168,1.7458274364471436,1.5467766523361206,3.1753880977630615,1.1159824132919312,0.8680385947227478,2.040480375289917,3.9309632778167725,3.5044405460357666,7.437487602233887,0.2824594974517822,0.2236357480287552,0.2578677535057068,0.09293349087238312,0.042306117713451385,0.07407808303833008,0.2661084830760956,0.13122877478599548,0.1929531842470169,1.6573460102081299,1.4753663539886475,2.987297534942627,1.0922648906707764,0.8682904243469238,1.981321930885315,3.5947725772857666,3.222841262817383,6.550150394439697
quad2d,mode_sep,greedy_diverse,1.0,17,10500,479789,0.9374335855739817,0.1422833787352357,0.9159901831225222,0.001536781655680026,0.99846321834432,0.08400981687747781,0.10564644041443218,0.03663693832080352,1.7607895135879517,1.5444084405899048,3.2434680461883545,1.158278226852417,0.898396909236908,2.1429474353790283,3.9317078590393066,3.484147548675537,7.4828009605407715,0.34035706520080566,0.27390554547309875,0.31070005893707275,0.11018070578575134,0.043847087770700455,0.07861056178808212,0.27986809611320496,0.14099140465259552,0.20825111865997314,1.6509572267532349,1.46000075340271,3.0028862953186035,1.1244027614593506,0.8946352005004883,2.0617477893829346,3.5437445640563965,3.1760499477386475,6.472843170166016
quad2d,mode_sep,greedy_diverse,1.0,18,11000,479789,0.9372153788727138,0.14693125519759728,0.9081964841206684,0.0010443270033125142,0.9989556729966875,0.09180351587933155,0.10714084733080584,0.039790407866791444,1.7929420471191406,1.5646051168441772,3.35060715675354,1.1799352169036865,0.9087847471237183,2.218010425567627,4.034200668334961,3.543631076812744,7.746181011199951,0.30399376153945923,0.2357131391763687,0.27511492371559143,0.1113622784614563,0.047388963401317596,0.08503138273954391,0.27993616461753845,0.12889494001865387,0.20002977550029755,1.6783899068832397,1.473698616027832,3.1005375385284424,1.1417430639266968,0.8998183012008667,2.1163644790649414,3.638270378112793,3.2108230590820312,6.742036819458008
quad2d,mode_sep,greedy_diverse,1.0,19,11500,479789,0.9402966314731022,0.13035105014912807,0.9133752518161284,0.0011998992184440226,0.998800100781556,0.08662474818387156,0.09125052887831943,0.039100521270808625,1.7560615539550781,1.5370664596557617,3.2355425357818604,1.147106647491455,0.8786698579788208,2.12137508392334,3.9550020694732666,3.479423761367798,7.544673919677734,0.29351168870925903,0.22647470235824585,0.26252833008766174,0.10637031495571136,0.04469059407711029,0.07897510379552841,0.27797284722328186,0.12916749715805054,0.1972643882036209,1.6531999111175537,1.4556632041931152,3.008150100708008,1.117712140083313,0.8759518265724182,2.049004316329956,3.5720579624176025,3.183412551879883,6.523246765136719
