system,arm,label,epoch,train_traj,full_mean,full_median,full_n,certain_mean,certain_median,certain_n,certain_success_mean,certain_success_median,certain_success_n,certain_failure_mean,certain_failure_median,certain_failure_n,uncertain_mean,uncertain_median,uncertain_n,invalid_mean,invalid_median,invalid_n
pendulum,fm_ranked,FM adaptive ranked (d2=1.0),0,100,0.30222731828689575,0.015621199272572994,48770,0.14979135990142822,0.008718224242329597,33732,0.08625571429729462,0.013067424297332764,8817,0.17227555811405182,0.007801653351634741,24915,0.9105262756347656,0.8195595145225525,61,0.6430742144584656,0.44162070751190186,14977
pendulum,fm_ranked,FM adaptive ranked (d2=1.0),1,150,0.291167676448822,0.01136329397559166,48770,0.09021078050136566,0.007475113496184349,35254,0.05402221158146858,0.008441725745797157,13803,0.11349689960479736,0.006893087178468704,21451,0.9166457653045654,0.9037981033325195,1574,0.8019727468490601,0.5694218873977661,11942
pendulum,fm_ranked,FM adaptive ranked (d2=1.0),2,200,0.26696160435676575,0.008855149149894714,48770,0.18443581461906433,0.007616746239364147,43771,0.057223133742809296,0.005273147020488977,16270,0.25969672203063965,0.009192130528390408,27501,0.9657244086265564,0.9440552592277527,1235,0.9973716139793396,0.8772614002227783,3764
pendulum,fm_ranked,FM adaptive ranked (d2=1.0),3,250,0.21068646013736725,0.008255901746451855,48770,0.18837006390094757,0.007959552109241486,47314,0.026460256427526474,0.005256302189081907,17434,0.2828390896320343,0.010187450796365738,29880,0.6497498750686646,0.7681060433387756,307,1.0123276710510254,0.8953886032104492,1149
pendulum,fm_ranked,FM adaptive ranked (d2=1.0),4,300,0.20051908493041992,0.00878818053752184,48770,0.16972464323043823,0.008304823189973831,46501,0.008691813796758652,0.005525016225874424,16830,0.2610657811164856,0.011548111215233803,29671,0.2714260220527649,0.07261379063129425,1025,1.2931979894638062,1.2929095029830933,1244
pendulum,fm_ranked,FM adaptive ranked (d2=1.0),5,350,0.1859326809644699,0.007620648946613073,48770,0.14614848792552948,0.007168241310864687,47257,0.012275236658751965,0.0032840436324477196,17902,0.22779043018817902,0.014148028567433357,29355,0.5607491731643677,0.5550854206085205,237,1.5897334814071655,1.7349741458892822,1276
pendulum,fm_ranked,FM adaptive ranked (d2=1.0),6,400,0.19532941281795502,0.009094552136957645,48770,0.14930343627929688,0.008405953645706177,46692,0.02085609920322895,0.003345753299072385,18269,0.23186348378658295,0.015760891139507294,28423,1.0495975017547607,1.138444423675537,156,1.2441219091415405,1.2281508445739746,1922
pendulum,fm_ranked,FM adaptive ranked (d2=1.0),7,450,0.16864895820617676,0.009134242311120033,48770,0.15583910048007965,0.008684439584612846,47485,0.004712635651230812,0.0032692383974790573,17718,0.24579304456710815,0.017692891880869865,29767,0.14740049839019775,0.15037378668785095,152,0.7083714604377747,0.5090165734291077,1133
pendulum,fm_ranked,FM adaptive ranked (d2=1.0),8,500,0.26080605387687683,0.016373462975025177,48770,0.15711256861686707,0.01284644566476345,42994,0.012931102886795998,0.00547116668894887,16763,0.24925217032432556,0.022947130724787712,26231,0.18257570266723633,0.1550935059785843,837,1.1767154932022095,0.7516012787818909,4939
pendulum,fm_ranked,FM adaptive ranked (d2=1.0),9,550,0.248406782746315,0.013787126168608665,48770,0.1604631394147873,0.009992748498916626,42746,0.006796092726290226,0.00363932061009109,17535,0.267343133687973,0.026892121881246567,25211,0.24944308400154114,0.06158219277858734,232,0.8974051475524902,0.2675999701023102,5792
pendulum,fm_ranked,FM adaptive ranked (d2=1.0),10,600,0.26627418398857117,0.016329539939761162,48770,0.2087392359972,0.012805717997252941,44232,0.005530038382858038,0.004465868696570396,17275,0.3389629125595093,0.0336834117770195,26957,0.1741461157798767,0.18635164201259613,279,0.8698405027389526,0.26740849018096924,4259
pendulum,fm_ranked,FM adaptive ranked (d2=1.0),11,650,0.2261480689048767,0.014261089265346527,48770,0.16609753668308258,0.011190525256097317,44050,0.005007823463529348,0.004266940988600254,17936,0.27673953771591187,0.032868050038814545,26114,0.16069437563419342,0.1383114904165268,211,0.8158656358718872,0.24153555929660797,4509
pendulum,fm_ranked,FM adaptive ranked (d2=1.0),12,700,0.27908855676651,0.011012529954314232,48770,0.1943129301071167,0.008908113464713097,43851,0.03126157447695732,0.002427914412692189,18579,0.31418201327323914,0.023018501698970795,25272,0.9530346989631653,0.47816091775894165,293,1.0400115251541138,0.9782801270484924,4626
pendulum,fm_ranked,FM adaptive ranked (d2=1.0),13,750,0.24994705617427826,0.009297560900449753,48770,0.21626554429531097,0.008774344809353352,47507,0.0037677909713238478,0.0029083131812512875,18205,0.348287969827652,0.026039492338895798,29302,0.18864327669143677,0.1900799572467804,181,1.7390446662902832,1.7216030359268188,1082
pendulum,fm_ranked,FM adaptive ranked (d2=1.0),14,800,0.17736132442951202,0.014095760881900787,48770,0.13513068854808807,0.012528262101113796,43442,0.016534779220819473,0.008700471371412277,18505,0.22313717007637024,0.018200332298874855,24937,0.7116879820823669,0.6213997006416321,186,0.5148173570632935,0.21544258296489716,5142
pendulum,fm_ranked,FM adaptive ranked (d2=1.0),15,850,0.3183504045009613,0.009130592457950115,48770,0.149318665266037,0.007249556016176939,43345,0.007309203967452049,0.0035050041042268276,18458,0.25464314222335815,0.018083898350596428,24887,0.5619678497314453,0.42754408717155457,201,1.711480736732483,1.6214491128921509,5224
pendulum,fm_ranked,FM adaptive ranked (d2=1.0),16,900,0.3057556450366974,0.019792020320892334,48770,0.14548172056674957,0.015778517350554466,40399,0.015443582087755203,0.009288838133215904,17594,0.24580581486225128,0.02672516740858555,22805,0.4411105215549469,0.0554821640253067,1518,1.2206013202667236,0.8312533497810364,6853
pendulum,fm_ranked,FM adaptive ranked (d2=1.0),17,950,0.18365532159805298,0.009927606210112572,48770,0.09551999717950821,0.008258802816271782,44002,0.04809097573161125,0.003673496190458536,18868,0.13112476468086243,0.013012902811169624,25134,1.0724962949752808,1.0677095651626587,120,0.9950730800628662,0.6052766442298889,4648
pendulum,fm_ranked,FM adaptive ranked (d2=1.0),18,1000,0.14015686511993408,0.007788375020027161,48770,0.08529098331928253,0.00661864597350359,44198,0.020465657114982605,0.0026217526756227016,18844,0.1334715038537979,0.012744840234518051,25354,1.0379525423049927,1.0390759706497192,109,0.6615780591964722,0.34621793031692505,4463
pendulum,fm_ranked,FM adaptive ranked (d2=1.0),19,1050,0.3382929861545563,0.00879334844648838,48770,0.13030368089675903,0.007057827431708574,42349,0.018909139558672905,0.003516864962875843,18799,0.21922536194324493,0.015102710574865341,23550,1.0129598379135132,1.036251425743103,93,1.720308542251587,0.9756282567977905,6328
pendulum,fm_direct,FM adaptive direct (d2=1.0),0,100,0.3023985028266907,0.015472384169697762,48770,0.1510515958070755,0.00886504352092743,33805,0.08556770533323288,0.013014541007578373,8861,0.17431382834911346,0.007903246209025383,24944,0.9535290598869324,0.8298888802528381,53,0.6431825757026672,0.43670207262039185,14912
pendulum,fm_direct,FM adaptive direct (d2=1.0),1,150,0.2623898386955261,0.012300677597522736,48770,0.14063644409179688,0.00929173082113266,38746,0.06819910556077957,0.009937395341694355,14525,0.18407614529132843,0.008983065374195576,24221,1.04866361618042,1.0325055122375488,703,0.7091986536979675,0.45341700315475464,9321
pendulum,fm_direct,FM adaptive direct (d2=1.0),2,200,0.24415530264377594,0.009687653742730618,48770,0.2072117030620575,0.008184636011719704,43044,0.04670269042253494,0.006021295208483934,14076,0.28520551323890686,0.009350075386464596,28968,0.6049529910087585,0.7490850687026978,1194,0.49998244643211365,0.11719592660665512,4532
pendulum,fm_direct,FM adaptive direct (d2=1.0),3,250,0.1749391108751297,0.008103922940790653,48770,0.09069688618183136,0.007166564464569092,44118,0.02635974995791912,0.004430195316672325,17201,0.13181079924106598,0.009319215081632137,26917,0.8926520347595215,0.8662334680557251,1427,1.0097988843917847,0.8723241686820984,3225
pendulum,fm_direct,FM adaptive direct (d2=1.0),4,300,0.1572895646095276,0.008107000961899757,48770,0.14462926983833313,0.00791278388351202,47907,0.014187033288180828,0.003832860616967082,17536,0.21994569897651672,0.011082950979471207,30371,0.5432426929473877,0.5438326597213745,308,1.0359251499176025,0.96823650598526,555
pendulum,fm_direct,FM adaptive direct (d2=1.0),5,350,0.17411750555038452,0.007349785417318344,48770,0.1251160204410553,0.006944237742573023,46857,0.02087775617837906,0.004022454842925072,17841,0.1892087161540985,0.00994165800511837,29016,0.654356062412262,0.5903623104095459,317,1.5173680782318115,1.4041686058044434,1596
pendulum,fm_direct,FM adaptive direct (d2=1.0),6,400,0.15134821832180023,0.007509469985961914,48770,0.14283046126365662,0.007241386454552412,47777,0.004855338949710131,0.003290154505521059,17206,0.22048574686050415,0.01316411979496479,30571,0.1293344348669052,0.07356316596269608,382,0.8311560153961182,0.7453272342681885,611
pendulum,fm_direct,FM adaptive direct (d2=1.0),7,450,0.1675635725259781,0.008190294727683067,48770,0.1377142071723938,0.00780400400981307,47275,0.008630316704511642,0.0038099107332527637,17915,0.2164791226387024,0.014624904841184616,29360,0.5822319388389587,0.42036792635917664,285,1.2361150979995728,1.148972988128662,1210
pendulum,fm_direct,FM adaptive direct (d2=1.0),8,500,0.2462477684020996,0.010477240197360516,48770,0.17756853997707367,0.009559717029333115,45870,0.005668016616255045,0.004501009359955788,17467,0.28328225016593933,0.020668867975473404,28403,0.14525337517261505,0.11508232355117798,248,1.4435944557189941,1.4090901613235474,2652
pendulum,fm_direct,FM adaptive direct (d2=1.0),9,550,0.2356339544057846,0.010941272601485252,48770,0.16310766339302063,0.009351050481200218,44398,0.005011879373341799,0.003536103293299675,17547,0.2664225101470947,0.020104773342609406,26851,0.15538372099399567,0.14953148365020752,249,1.0214709043502808,0.4301318824291229,4123
pendulum,fm_direct,FM adaptive direct (d2=1.0),10,600,0.2569931745529175,0.012645220384001732,48770,0.185313418507576,0.011160955764353275,46335,0.00476816575974226,0.0035289127845317125,17619,0.2960888147354126,0.0281931534409523,28716,0.14990702271461487,0.14700615406036377,199,1.7518905401229858,2.0869288444519043,2236
pendulum,fm_direct,FM adaptive direct (d2=1.0),11,646,0.2313529998064041,0.009638035669922829,48770,0.1792013943195343,0.008308317512273788,45478,0.01366049237549305,0.003270263783633709,18056,0.2882016897201538,0.01911144331097603,27422,0.6702284812927246,0.18720506131649017,392,0.9898740649223328,0.7871097326278687,2900
pendulum,fm_direct,FM adaptive direct (d2=1.0),12,696,0.2095300704240799,0.008850659243762493,48770,0.1870528608560562,0.00814827810972929,46563,0.004169422201812267,0.002877358812838793,18064,0.3029729127883911,0.017321515828371048,28499,0.22263474762439728,0.18678997457027435,226,0.7363580465316772,0.5458890199661255,1981
pendulum,fm_direct,FM adaptive direct (d2=1.0),13,736,0.17573657631874084,0.007923737168312073,48770,0.10825936496257782,0.006811188068240881,45467,0.007489215116947889,0.0025035757571458817,18270,0.1759532392024994,0.014911433681845665,27197,0.4556044340133667,0.4177601635456085,274,1.1632909774780273,1.1055184602737427,3029
pendulum,fm_direct,FM adaptive direct (d2=1.0),14,786,0.19988934695720673,0.01563001051545143,48770,0.1077844649553299,0.013377031311392784,42693,0.070265032351017,0.010068224743008614,18926,0.13766171038150787,0.015560419298708439,23767,1.0642404556274414,1.1188528537750244,330,0.834480881690979,0.6329941153526306,5747
pendulum,fm_direct,FM adaptive direct (d2=1.0),15,836,0.2198065221309662,0.008057706989347935,48770,0.12168562412261963,0.006598626263439655,45202,0.010574528947472572,0.001976934727281332,18446,0.19828733801841736,0.02097572200000286,26756,0.42904752492904663,0.47975537180900574,284,1.55227792263031,1.6186225414276123,3284
pendulum,fm_direct,FM adaptive direct (d2=1.0),16,886,0.14683859050273895,0.01496877521276474,48770,0.11757045984268188,0.014093980193138123,46765,0.009655788540840149,0.004698934033513069,18235,0.18654431402683258,0.02420249953866005,28530,0.42023852467536926,0.3739964962005615,277,0.8950979709625244,0.5707255601882935,1728
pendulum,fm_direct,FM adaptive direct (d2=1.0),17,927,0.1735500693321228,0.008539626374840736,48770,0.08045417815446854,0.007375828921794891,44825,0.01794646494090557,0.0032668975181877613,18730,0.12531983852386475,0.013749029487371445,26095,0.9766726493835449,0.8396240472793579,146,1.2411383390426636,0.9635138511657715,3799
pendulum,fm_direct,FM adaptive direct (d2=1.0),18,957,0.12690216302871704,0.007714081555604935,48770,0.08125710487365723,0.006882169283926487,45636,0.016031432896852493,0.002530960366129875,18708,0.12657208740711212,0.014748752117156982,26928,0.9581721425056458,0.87255859375,128,0.7844722270965576,0.5350298285484314,3006
pendulum,fm_direct,FM adaptive direct (d2=1.0),19,971,0.13712197542190552,0.009364480152726173,48770,0.10226421058177948,0.008825037628412247,47281,0.01218321081250906,0.003164075082167983,18587,0.16061563789844513,0.018054187297821045,28694,0.6964933276176453,0.6258872747421265,142,1.3016941547393799,1.001587152481079,1347
pendulum,fm_nonadapt,FM non-adaptive (d2=0),0,50,2.8960723876953125,2.454036235809326,48770,3.4002268314361572,3.7768402099609375,12798,3.3463997840881348,3.454521417617798,2571,3.4137587547302246,6.270476818084717,10227,,,0,2.7167062759399414,2.2273712158203125,35972
pendulum,fm_nonadapt,FM non-adaptive (d2=0),1,100,3.391688585281372,3.889657497406006,48770,3.3605775833129883,3.759124279022217,23593,3.3173162937164307,3.180861473083496,5140,3.3726277351379395,6.265929222106934,18453,6.704141616821289,6.929251670837402,32,3.416663408279419,4.06215238571167,25145
pendulum,fm_nonadapt,FM non-adaptive (d2=0),2,150,3.230154514312744,3.139310359954834,48770,3.0850210189819336,2.8275458812713623,39642,2.9871442317962646,2.829099178314209,14733,3.1429126262664795,1.7103415727615356,24909,1.2569527626037598,0.8603131175041199,266,3.938601016998291,4.05960750579834,8862
pendulum,fm_nonadapt,FM non-adaptive (d2=0),3,200,3.2243471145629883,2.828700304031372,48770,3.1395068168640137,2.5756754875183105,43125,3.0401859283447266,2.612419605255127,15876,3.197373628616333,2.503066301345825,27249,2.141467809677124,2.0919315814971924,179,3.9291701316833496,4.075745582580566,5466
pendulum,fm_nonadapt,FM non-adaptive (d2=0),4,250,3.1055378913879395,2.8278932571411133,48770,3.050673723220825,2.8266611099243164,43950,2.8362460136413574,2.826460361480713,17134,3.1876819133758545,4.188121318817139,26816,1.9560765027999878,2.0941779613494873,116,3.6464860439300537,3.9822397232055664,4704
pendulum,fm_nonadapt,FM non-adaptive (d2=0),5,300,3.2550158500671387,3.4400649070739746,48770,3.2300989627838135,3.143786907196045,45676,3.145674705505371,3.141808032989502,17320,3.281665563583374,5.496543884277344,28356,1.2720532417297363,0.9925565719604492,173,3.7620911598205566,4.356890678405762,2921
pendulum,fm_nonadapt,FM non-adaptive (d2=0),6,350,3.1693058013916016,3.141166925430298,48770,3.1602563858032227,3.1411314010620117,46068,3.0281496047973633,3.139359951019287,17459,3.2408761978149414,4.823490142822266,28609,2.164945363998413,1.8017067909240723,223,3.427823066711426,4.015383720397949,2479
pendulum,fm_nonadapt,FM non-adaptive (d2=0),7,400,3.113859176635742,2.827779769897461,48770,3.126046895980835,2.8280131816864014,45015,2.8842215538024902,2.8271117210388184,17070,3.2737643718719482,5.381064414978027,27945,2.2605507373809814,2.0229034423828125,754,3.145434617996216,2.826035737991333,3001
pendulum,fm_nonadapt,FM non-adaptive (d2=0),8,450,3.245439291000366,3.143571138381958,48770,3.1582391262054443,3.1415045261383057,45303,3.2670645713806152,3.142406940460205,18282,3.0846095085144043,0.8910639882087708,27021,2.3461649417877197,1.422362208366394,613,4.822766304016113,6.2645769119262695,2854
pendulum,fm_nonadapt,FM non-adaptive (d2=0),9,500,3.1623013019561768,2.8298723697662354,48770,3.129070997238159,2.8283755779266357,44865,2.9370858669281006,2.827716827392578,17031,3.24654221534729,5.356082916259766,27834,2.64445424079895,2.1839702129364014,2394,4.969466209411621,5.621416091918945,1511
pendulum,fm_nonadapt,FM non-adaptive (d2=0),10,550,3.1282999515533447,2.828101396560669,48770,3.12056303024292,2.8279592990875244,47047,3.0582845211029053,2.8279500007629395,18373,3.1604678630828857,2.9993348121643066,28674,2.359328031539917,2.092608690261841,1161,5.364565372467041,6.349712371826172,562
pendulum,fm_nonadapt,FM non-adaptive (d2=0),11,600,3.0066840648651123,2.516158103942871,48770,2.9487242698669434,2.5142672061920166,46497,2.6013829708099365,2.514248847961426,17973,3.167584180831909,2.840582847595215,28524,1.8995004892349243,1.282592535018921,824,5.496188163757324,6.112032890319824,1449
pendulum,fm_nonadapt,FM non-adaptive (d2=0),12,650,3.724583387374878,4.39894962310791,48770,3.638166666030884,4.704235076904297,20657,4.92470121383667,5.322555065155029,9382,2.5676333904266357,0.036139462143182755,11275,4.3554277420043945,4.465631484985352,2008,3.744440793991089,4.165033340454102,26105
pendulum,fm_nonadapt,FM non-adaptive (d2=0),13,700,3.0451879501342773,2.514786720275879,48770,2.9166390895843506,2.2035908699035645,37148,2.5314319133758545,2.2047581672668457,13058,3.1254403591156006,1.0991787910461426,24090,2.5807063579559326,2.511600971221924,2228,3.663689136505127,3.453824996948242,9394
pendulum,fm_nonadapt,FM non-adaptive (d2=0),14,750,3.2236759662628174,3.3950376510620117,48770,3.0169341564178467,2.5053305625915527,32356,2.3650503158569336,2.205179214477539,7811,3.224384307861328,4.1122941970825195,24545,3.540285110473633,3.767375946044922,5769,3.680492639541626,4.069863796234131,10645
pendulum,fm_nonadapt,FM non-adaptive (d2=0),15,800,3.216085910797119,3.1417531967163086,48770,3.219183921813965,3.1417758464813232,47682,3.193446397781372,3.1415042877197266,18045,3.2348546981811523,5.223581314086914,29637,3.202169418334961,3.2520217895507812,933,2.3467657566070557,0.7754606008529663,155
pendulum,fm_nonadapt,FM non-adaptive (d2=0),16,850,2.939032793045044,2.205063581466675,48770,3.063248872756958,2.5153729915618896,25281,2.4309439659118652,2.2066421508789062,7070,3.3087265491485596,5.7579803466796875,18211,2.2371726036071777,1.9048662185668945,2389,2.8696694374084473,2.0062074661254883,21100
pendulum,fm_nonadapt,FM non-adaptive (d2=0),17,900,3.5689611434936523,4.390680313110352,48770,3.7273166179656982,4.706136226654053,39295,4.601620197296143,4.705455780029297,12911,3.2994768619537354,5.016700744628906,26384,3.6366679668426514,3.720745086669922,4235,2.3267269134521484,1.466154932975769,5240
pendulum,fm_nonadapt,FM non-adaptive (d2=0),18,950,3.86358642578125,5.022861003875732,48770,3.8206262588500977,5.332778453826904,33136,5.275584697723389,6.238058090209961,11400,3.0575363636016846,0.6918557286262512,21736,3.8700156211853027,3.9157660007476807,1307,3.9623594284057617,4.830554008483887,14327
pendulum,fm_nonadapt,FM non-adaptive (d2=0),19,1000,3.2475426197052,3.452153205871582,48770,3.3207149505615234,3.4558470249176025,41190,3.454479217529297,3.45497989654541,15682,3.238478422164917,5.02793025970459,25508,2.8281943798065186,2.706505298614502,1712,2.8562588691711426,1.5292391777038574,5868
pendulum,fm_disp_greedy_d05,FM dispersion greedy (d2=0.5),0,100,0.32393696904182434,0.04136954993009567,48770,0.18449081480503082,0.018915195018053055,29375,0.048878297209739685,0.04262292757630348,2680,0.19810540974140167,0.015887344256043434,26695,,,0,0.5351372957229614,0.16252578794956207,19395
pendulum,fm_disp_greedy_d05,FM dispersion greedy (d2=0.5),1,200,0.24302184581756592,0.03559183329343796,48770,0.14979864656925201,0.020960340276360512,32879,0.03678308054804802,0.02008831314742565,6537,0.17784444987773895,0.021149514243006706,26342,0.5886729955673218,0.5886729955673218,2,0.4358845353126526,0.14099852740764618,15889
pendulum,fm_disp_greedy_d05,FM dispersion greedy (d2=0.5),2,300,0.17352412641048431,0.020599907264113426,48770,0.11879261583089828,0.012335456907749176,39766,0.05724182724952698,0.023524293676018715,12467,0.14690183103084564,0.00821362528949976,27299,0.37718841433525085,0.3905591368675232,24,0.41534653306007385,0.18263113498687744,8980
pendulum,fm_disp_greedy_d05,FM dispersion greedy (d2=0.5),3,400,0.17096127569675446,0.014060759916901588,48770,0.07134907692670822,0.010572263970971107,42169,0.03391198813915253,0.02059662900865078,15363,0.0928049311041832,0.006249548401683569,26806,0.5600385069847107,0.5516696572303772,67,0.8098469376564026,0.5683339834213257,6534
pendulum,fm_disp_greedy_d05,FM dispersion greedy (d2=0.5),4,500,0.1426037698984146,0.011849196627736092,48770,0.08321616798639297,0.009597704745829105,43575,0.03215964511036873,0.018138378858566284,16124,0.1132054328918457,0.0060469890013337135,27451,0.5925630331039429,0.6163888573646545,31,0.6410287618637085,0.4611769914627075,5164
pendulum,fm_disp_greedy_d05,FM dispersion greedy (d2=0.5),5,600,0.11716891080141068,0.014656933024525642,48770,0.07015442103147507,0.012753136456012726,43507,0.03411228209733963,0.01971043087542057,15053,0.0892217755317688,0.010731695219874382,28454,0.6736314296722412,0.632050096988678,45,0.5043706893920898,0.25542160868644714,5218
pendulum,fm_disp_greedy_d05,FM dispersion greedy (d2=0.5),6,700,0.11709195375442505,0.009681552648544312,48770,0.054596323519945145,0.00661684712395072,39801,0.032462287694215775,0.018469735980033875,11954,0.06409788876771927,0.004477173555642366,27847,,,0,0.3944237232208252,0.09589076787233353,8969
pendulum,fm_disp_greedy_d05,FM dispersion greedy (d2=0.5),7,800,0.12806060910224915,0.014807457104325294,48770,0.08172141760587692,0.013339973986148834,44796,0.053434260189533234,0.021879801526665688,16246,0.09781786054372787,0.011124758049845695,28550,0.8520572781562805,0.8183013796806335,223,0.638420045375824,0.24350988864898682,3751
pendulum,fm_disp_greedy_d05,FM dispersion greedy (d2=0.5),8,900,0.13224492967128754,0.017520049586892128,48770,0.09282263368368149,0.013132584281265736,39776,0.07714327424764633,0.024289969354867935,11738,0.09938673675060272,0.01043619029223919,28038,0.9780967235565186,0.9836198091506958,258,0.2867586314678192,0.04970467835664749,8736
pendulum,fm_disp_greedy_d05,FM dispersion greedy (d2=0.5),9,1000,0.2658555507659912,0.06287793815135956,48770,0.21213622391223907,0.05354509875178337,31853,0.05866551026701927,0.04667259752750397,7700,0.2610628604888916,0.05527206137776375,24153,1.0891165733337402,1.4110325574874878,116,0.3620179295539856,0.10352920740842819,16801
pendulum,fm_disp_greedy_d05,FM dispersion greedy (d2=0.5),10,1100,0.11984019726514816,0.022175075486302376,48770,0.08775164932012558,0.017568111419677734,42334,0.03985069319605827,0.032813847064971924,13833,0.11100045591592789,0.010717094875872135,28501,0.15798136591911316,0.03580203279852867,1905,0.4036136567592621,0.17762260138988495,4531
pendulum,fm_disp_greedy_d05,FM dispersion greedy (d2=0.5),11,1200,0.10075566172599792,0.020264536142349243,48770,0.07391199469566345,0.017901934683322906,44612,0.04488435015082359,0.032338276505470276,16056,0.09023318439722061,0.013786600902676582,28556,0.5767042636871338,0.5422174334526062,424,0.3674261271953583,0.1107751727104187,3734
pendulum,fm_disp_greedy_d05,FM dispersion greedy (d2=0.5),12,1300,0.13913366198539734,0.03407139331102371,48770,0.11057942360639572,0.03132089599967003,35523,0.044832564890384674,0.026023132726550102,8571,0.13148756325244904,0.03208383545279503,26952,0.7500929236412048,0.5990140438079834,136,0.21016119420528412,0.04944319650530815,13111
pendulum,fm_disp_greedy_d05,FM dispersion greedy (d2=0.5),13,1400,0.17907769978046417,0.05099797993898392,48770,0.1228012666106224,0.035782746970653534,34503,0.05568724870681763,0.032498978078365326,10787,0.15332745015621185,0.03729476034641266,23716,0.729911744594574,0.6998853087425232,145,0.3109169900417328,0.10826891660690308,14122
pendulum,fm_disp_greedy_d05,FM dispersion greedy (d2=0.5),14,1500,0.2077394723892212,0.07352695614099503,48770,0.15673309564590454,0.0517159029841423,30813,0.07948073744773865,0.057171523571014404,8972,0.1884673684835434,0.049010396003723145,21841,0.9844870567321777,1.0701204538345337,67,0.29268166422843933,0.10300065577030182,17890
pendulum,fm_disp_greedy_d05,FM dispersion greedy (d2=0.5),15,1600,0.04556609317660332,0.009621470235288143,48770,0.03867321461439133,0.009256226941943169,46686,0.03408212214708328,0.01022361684590578,16932,0.04128585383296013,0.008452890440821648,29754,0.14752697944641113,0.014729547314345837,1968,1.0898933410644531,1.1434617042541504,116
pendulum,fm_disp_greedy_d05,FM dispersion greedy (d2=0.5),16,1700,0.11045859754085541,0.03265685588121414,48770,0.08576668053865433,0.028520027175545692,42041,0.061947889626026154,0.03749450296163559,14628,0.09847676008939743,0.024281268939375877,27413,0.9587618708610535,0.9790783524513245,128,0.25126907229423523,0.09305062890052795,6601
pendulum,fm_disp_greedy_d05,FM dispersion greedy (d2=0.5),17,1800,0.06053275987505913,0.01051304116845131,48770,0.047559723258018494,0.01000317931175232,45363,0.028266414999961853,0.014463861472904682,15895,0.057966504245996475,0.008145971223711967,29468,0.1705409288406372,0.016078177839517593,2560,0.42284098267555237,0.21676218509674072,847
pendulum,fm_disp_greedy_d05,FM dispersion greedy (d2=0.5),18,1900,0.04077066853642464,0.005387086886912584,48770,0.03405893221497536,0.005326935555785894,48295,0.026720410212874413,0.007224978879094124,18538,0.038630686700344086,0.004810693673789501,29757,0.6330469250679016,0.3103027939796448,412,1.3126022815704346,1.293683409690857,63
pendulum,fm_disp_gdiv_d05,FM dispersion greedy-diverse (d2=0.5),0,100,0.32393696904182434,0.04136954993009567,48770,0.18449081480503082,0.018915195018053055,29375,0.048878297209739685,0.04262292757630348,2680,0.19810540974140167,0.015887344256043434,26695,,,0,0.5351372957229614,0.16252578794956207,19395
pendulum,fm_disp_gdiv_d05,FM dispersion greedy-diverse (d2=0.5),1,200,0.24256734549999237,0.037995170801877975,48770,0.15936224162578583,0.02414916642010212,33999,0.06162768229842186,0.035772547125816345,7756,0.18824726343154907,0.02015186846256256,26243,0.7033801078796387,0.7049735188484192,113,0.4320077896118164,0.12474682927131653,14658
pendulum,fm_disp_gdiv_d05,FM dispersion greedy-diverse (d2=0.5),2,300,0.17594283819198608,0.021993476897478104,48770,0.11858084797859192,0.013421127572655678,38669,0.042922623455524445,0.020867150276899338,11893,0.15218569338321686,0.01024456787854433,26776,1.039694905281067,1.3485056161880493,70,0.3910427987575531,0.14285412430763245,10031
pendulum,fm_disp_gdiv_d05,FM dispersion greedy-diverse (d2=0.5),3,400,0.14257600903511047,0.01636696048080921,48770,0.08071747422218323,0.013151507824659348,42404,0.03720278665423393,0.019484085962176323,15220,0.10508083552122116,0.010677906684577465,27184,1.0093742609024048,0.9403494596481323,50,0.5510164499282837,0.3010459542274475,6316
pendulum,fm_disp_gdiv_d05,FM dispersion greedy-diverse (d2=0.5),4,500,0.1359628438949585,0.016378745436668396,48770,0.0923573300242424,0.011609041132032871,43097,0.043564293533563614,0.026821741834282875,14941,0.11824938654899597,0.006671007722616196,28156,0.7253898978233337,0.6398274898529053,143,0.4605520963668823,0.20812460780143738,5530
pendulum,fm_disp_gdiv_d05,FM dispersion greedy-diverse (d2=0.5),5,600,0.125589981675148,0.015402521938085556,48770,0.07343610376119614,0.011420022696256638,42520,0.050234124064445496,0.02231849916279316,15542,0.08680274337530136,0.00693725049495697,26978,0.8487253189086914,0.8177433013916016,89,0.4750826060771942,0.14681054651737213,6161
pendulum,fm_disp_gdiv_d05,FM dispersion greedy-diverse (d2=0.5),6,700,0.22799791395664215,0.05831468850374222,48770,0.15722334384918213,0.029131446033716202,29325,0.05606595054268837,0.04607585072517395,5801,0.18216867744922638,0.022413957864046097,23524,0.6169557571411133,0.6345559358596802,15,0.33451512455940247,0.1266091763973236,19430
pendulum,fm_disp_gdiv_d05,FM dispersion greedy-diverse (d2=0.5),7,800,0.1733313947916031,0.036992527544498444,48770,0.13132064044475555,0.024508660659193993,34462,0.037680767476558685,0.028086142614483833,8259,0.16083525121212006,0.02212127111852169,26203,0.4810718894004822,0.4820554256439209,52,0.27376434206962585,0.08909076452255249,14256
pendulum,fm_disp_gdiv_d05,FM dispersion greedy-diverse (d2=0.5),8,900,0.19133658707141876,0.06548766046762466,48770,0.14424273371696472,0.0540834479033947,32346,0.06398417055606842,0.04347968474030495,8807,0.17427106201648712,0.055641598999500275,23539,0.8521782755851746,0.8610362410545349,89,0.2809896767139435,0.1139068752527237,16335
pendulum,fm_disp_gdiv_d05,FM dispersion greedy-diverse (d2=0.5),9,1000,0.12304989993572235,0.0272932518273592,48770,0.0928947702050209,0.023611128330230713,43388,0.06731187552213669,0.04136716574430466,16172,0.10809638351202011,0.020114153623580933,27216,0.9499987363815308,0.9412863254547119,108,0.35419508814811707,0.12472972273826599,5274
pendulum,fm_disp_gdiv_d05,FM dispersion greedy-diverse (d2=0.5),10,1100,0.0692548006772995,0.009189004078507423,48770,0.05063648149371147,0.008643587119877338,46171,0.035372085869312286,0.012549612671136856,17010,0.05954040214419365,0.0074767060577869415,29161,0.5974910259246826,0.7269392013549805,382,0.3659801781177521,0.040475036948919296,2217
pendulum,fm_disp_gdiv_d05,FM dispersion greedy-diverse (d2=0.5),11,1200,0.09339754283428192,0.012317754328250885,48770,0.068411685526371,0.01061879564076662,44708,0.03908978030085564,0.01695994660258293,16540,0.08562923967838287,0.007949382066726685,28168,0.8247998952865601,0.7928811311721802,101,0.35676440596580505,0.09457113593816757,3961
pendulum,fm_disp_gdiv_d05,FM dispersion greedy-diverse (d2=0.5),12,1300,0.18803159892559052,0.06376318633556366,48770,0.13634951412677765,0.04892970621585846,30419,0.0735468789935112,0.04992198571562767,9318,0.16408255696296692,0.04865157604217529,21101,1.0546455383300781,1.067461371421814,67,0.2708391845226288,0.10141321271657944,18284
pendulum,fm_disp_gdiv_d05,FM dispersion greedy-diverse (d2=0.5),13,1400,0.08003365993499756,0.02188749983906746,48770,0.05962403118610382,0.018527202308177948,42431,0.037335190922021866,0.024719083681702614,13789,0.07035444676876068,0.01691874861717224,28642,0.6484183669090271,0.6815991401672363,356,0.19095735251903534,0.05467565357685089,5983
pendulum,fm_disp_gdiv_d05,FM dispersion greedy-diverse (d2=0.5),14,1500,0.05437508970499039,0.007370433770120144,48770,0.03826683759689331,0.006664404179900885,44895,0.023681657388806343,0.009647483937442303,15933,0.046290650963783264,0.005802620202302933,28962,0.538496196269989,0.5516024827957153,511,0.1958121359348297,0.024946406483650208,3364
pendulum,fm_disp_gdiv_d05,FM dispersion greedy-diverse (d2=0.5),15,1600,0.03831548988819122,0.005338607355952263,48770,0.032250791788101196,0.005148675292730331,47622,0.021591566503047943,0.006896566599607468,17743,0.03858054429292679,0.004453578498214483,29879,0.323672890663147,0.023708214983344078,832,0.20095986127853394,0.028546197339892387,316
pendulum,fm_disp_gdiv_d05,FM dispersion greedy-diverse (d2=0.5),16,1700,0.05152381956577301,0.005892070941627026,48770,0.0382661372423172,0.005711760371923447,47525,0.02545326016843319,0.009373104199767113,17979,0.0460628867149353,0.0049115996807813644,29546,0.6745930910110474,0.6788149476051331,478,0.4846974313259125,0.45391497015953064,767
pendulum,fm_disp_gdiv_d05,FM dispersion greedy-diverse (d2=0.5),17,1800,0.05831703916192055,0.008661527186632156,48770,0.04522625356912613,0.008296096697449684,47021,0.028870735317468643,0.012734145857393742,17535,0.054952703416347504,0.006353476084768772,29486,0.6636356711387634,0.6850916743278503,583,0.28356650471687317,0.02214644104242325,1166
pendulum,fm_disp_gdiv_d05,FM dispersion greedy-diverse (d2=0.5),18,1900,0.04204702749848366,0.006467512808740139,48770,0.03591970354318619,0.006377412471920252,48102,0.02379949949681759,0.009997332468628883,18176,0.04328108951449394,0.005572536028921604,29926,0.5220639705657959,0.476500928401947,514,0.35378652811050415,0.03894222527742386,154
pendulum,fm_disp_prop_d05,FM dispersion proportional (d2=0.5),0,100,0.32393696904182434,0.04136954993009567,48770,0.18449081480503082,0.018915195018053055,29375,0.048878297209739685,0.04262292757630348,2680,0.19810540974140167,0.015887344256043434,26695,,,0,0.5351372957229614,0.16252578794956207,19395
pendulum,fm_disp_prop_d05,FM dispersion proportional (d2=0.5),1,200,0.20853519439697266,0.024212546646595,48770,0.13585059344768524,0.017283476889133453,39532,0.038174502551555634,0.01908024773001671,12572,0.18139897286891937,0.015617387369275093,26960,0.686298131942749,0.6818161010742188,52,0.5186293125152588,0.24155041575431824,9186
pendulum,fm_disp_prop_d05,FM dispersion proportional (d2=0.5),2,300,0.14668790996074677,0.01428811252117157,48770,0.08530978113412857,0.010201946832239628,41112,0.0326438769698143,0.01431800052523613,14740,0.1147461086511612,0.008051328361034393,26372,1.0896929502487183,1.335321307182312,48,0.4723270535469055,0.23401182889938354,7610
pendulum,fm_disp_prop_d05,FM dispersion proportional (d2=0.5),3,400,0.115037702023983,0.011079906485974789,48770,0.06600956618785858,0.008759470656514168,44039,0.03553792089223862,0.01947656087577343,16164,0.08367930352687836,0.005598597694188356,27875,0.5232231020927429,0.4561607241630554,44,0.5718735456466675,0.3720287084579468,4687
pendulum,fm_disp_prop_d05,FM dispersion proportional (d2=0.5),4,500,0.10784657299518585,0.012081753462553024,48770,0.07799479365348816,0.01074216514825821,45830,0.034538254141807556,0.019493579864501953,16386,0.10217896848917007,0.0066434359177947044,29444,0.6456420421600342,0.6331419944763184,74,0.5713183879852295,0.3662930130958557,2866
pendulum,fm_disp_prop_d05,FM dispersion proportional (d2=0.5),5,600,0.09720095992088318,0.0085335373878479,48770,0.06849277764558792,0.007804194465279579,46185,0.03973232954740524,0.014472725801169872,17189,0.08554214239120483,0.005864373408257961,28996,0.8896431922912598,0.7107491493225098,122,0.5962711572647095,0.4264005124568939,2463
pendulum,fm_disp_prop_d05,FM dispersion proportional (d2=0.5),6,700,0.14021845161914825,0.03057589754462242,48770,0.1125512421131134,0.024351762607693672,36959,0.050812046974897385,0.03381466865539551,9521,0.13397477567195892,0.022017890587449074,27438,0.587381899356842,0.5621984004974365,68,0.2247067391872406,0.055743053555488586,11743
pendulum,fm_disp_prop_d05,FM dispersion proportional (d2=0.5),7,800,0.1358044445514679,0.037816405296325684,48770,0.10841484367847443,0.029195662587881088,39762,0.059752870351076126,0.043798431754112244,12046,0.12956443428993225,0.021513089537620544,27716,0.8572726249694824,0.8277382850646973,76,0.2515941858291626,0.10484153032302856,8932
pendulum,fm_disp_prop_d05,FM dispersion proportional (d2=0.5),8,900,0.15826909244060516,0.04773484915494919,48770,0.12015394866466522,0.038444358855485916,33359,0.08473337441682816,0.05760948359966278,8603,0.1324630081653595,0.03144006058573723,24756,0.7197479605674744,0.723276674747467,126,0.2368256002664566,0.07330305129289627,15285
pendulum,fm_disp_prop_d05,FM dispersion proportional (d2=0.5),9,1000,0.15689414739608765,0.043007075786590576,48770,0.13510717451572418,0.03432072326540947,38484,0.08210879564285278,0.06774334609508514,10220,0.15427090227603912,0.02456505224108696,28264,0.4453156590461731,0.418315589427948,552,0.2266744077205658,0.0700569748878479,9734
pendulum,fm_disp_prop_d05,FM dispersion proportional (d2=0.5),10,1100,0.17749470472335815,0.03672170639038086,48770,0.16615819931030273,0.03280286490917206,38238,0.08827592432498932,0.04186706990003586,9140,0.19062188267707825,0.03146898001432419,29098,0.7740407586097717,0.7781042456626892,273,0.20387431979179382,0.04590073972940445,10259
pendulum,fm_disp_prop_d05,FM dispersion proportional (d2=0.5),11,1200,0.19914814829826355,0.0676397979259491,48770,0.15991976857185364,0.04485155642032623,34841,0.10430286824703217,0.0695095956325531,10073,0.18253882229328156,0.0369701161980629,24768,1.1046136617660522,1.1630821228027344,150,0.2884823977947235,0.17649634182453156,13779
pendulum,fm_disp_prop_d05,FM dispersion proportional (d2=0.5),12,1300,0.10808321088552475,0.02610713616013527,48770,0.09227988868951797,0.02492079883813858,46652,0.06112615764141083,0.038323692977428436,17186,0.11045027524232864,0.01977645419538021,29466,0.8711531162261963,0.9323340654373169,164,0.4213445782661438,0.24446965754032135,1954
pendulum,fm_disp_prop_d05,FM dispersion proportional (d2=0.5),13,1400,0.11849968880414963,0.03526129573583603,48770,0.09750176221132278,0.032951802015304565,43962,0.054396845400333405,0.02871529757976532,15456,0.12087332457304001,0.035239726305007935,28506,0.880259096622467,0.8844958543777466,123,0.2955358028411865,0.1227404847741127,4685
pendulum,fm_disp_prop_d05,FM dispersion proportional (d2=0.5),14,1500,0.19866091012954712,0.053232982754707336,48770,0.17912110686302185,0.04421747103333473,39779,0.09200301766395569,0.0669029951095581,13043,0.22162117063999176,0.03317052125930786,26736,0.9270627498626709,0.9519720077514648,141,0.2748834490776062,0.12734031677246094,8850
pendulum,fm_disp_prop_d05,FM dispersion proportional (d2=0.5),15,1600,0.11872908473014832,0.043189939111471176,48770,0.1018194630742073,0.03892119973897934,40106,0.07576751708984375,0.0745687186717987,11053,0.11173073947429657,0.03055906854569912,29053,0.1967180371284485,0.1248888298869133,4524,0.19731725752353668,0.04745069891214371,4140
pendulum,fm_disp_prop_d05,FM dispersion proportional (d2=0.5),16,1700,0.05910894274711609,0.008429713547229767,48770,0.05072374269366264,0.0081501305103302,47969,0.033734068274497986,0.016878720372915268,18080,0.061000872403383255,0.0051947846077382565,29889,0.4748905599117279,0.30803483724594116,579,0.7865518927574158,0.7483905553817749,222
pendulum,fm_disp_prop_d05,FM dispersion proportional (d2=0.5),17,1800,0.05189023166894913,0.008452370762825012,48770,0.04893210157752037,0.008211560547351837,47371,0.02514571137726307,0.012041151523590088,17148,0.06242808327078819,0.006909546442329884,30223,0.14164762198925018,0.017020411789417267,1372,0.6808643937110901,0.6773148775100708,27
pendulum,fm_disp_prop_d05,FM dispersion proportional (d2=0.5),18,1900,0.07030748575925827,0.011516137048602104,48770,0.0599830336868763,0.011150949634611607,46899,0.03130115941166878,0.016342001035809517,17263,0.07669025659561157,0.008857936598360538,29636,0.272411972284317,0.023037144914269447,1329,0.4681116044521332,0.3051075041294098,542
pendulum,fm_disp_greedy_d10,FM dispersion greedy (d2=1.0),0,100,0.32393696904182434,0.04136954993009567,48770,0.18449081480503082,0.018915195018053055,29375,0.048878297209739685,0.04262292757630348,2680,0.19810540974140167,0.015887344256043434,26695,,,0,0.5351372957229614,0.16252578794956207,19395
pendulum,fm_disp_greedy_d10,FM dispersion greedy (d2=1.0),1,200,0.31924402713775635,0.045392248779535294,48770,0.18678222596645355,0.023401733487844467,32030,0.04388837516307831,0.03182586282491684,3887,0.20651814341545105,0.022064847871661186,28143,1.320689082145691,1.320689082145691,1,0.572649359703064,0.2883266806602478,16739
pendulum,fm_disp_greedy_d10,FM dispersion greedy (d2=1.0),2,300,0.3152305483818054,0.02066783607006073,48770,0.18132555484771729,0.012151340022683144,35966,0.03907943516969681,0.029484104365110397,5814,0.20875388383865356,0.010530887171626091,30152,,,0,0.6913650631904602,0.4476897716522217,12804
pendulum,fm_disp_greedy_d10,FM dispersion greedy (d2=1.0),3,400,0.44891855120658875,0.03627048805356026,48770,0.2909269332885742,0.011359515599906445,34621,0.04082509130239487,0.035310517996549606,5516,0.33832642436027527,0.010162323713302612,29105,0.46907973289489746,0.45884549617767334,7,0.835687518119812,0.3318600654602051,14142
pendulum,fm_disp_greedy_d10,FM dispersion greedy (d2=1.0),4,500,0.6787058711051941,0.12121891975402832,48770,0.6517415046691895,0.07245489954948425,17217,0.7383666634559631,0.09739392250776291,1986,0.6404462456703186,0.04410139098763466,15231,,,0,0.6934190988540649,0.17013296484947205,31553
pendulum,fm_disp_greedy_d10,FM dispersion greedy (d2=1.0),5,600,0.5590211153030396,0.043614841997623444,48770,0.3823894262313843,0.008737795054912567,32458,0.04649137333035469,0.04040699079632759,3198,0.419101744890213,0.007768559269607067,29260,,,0,0.9104868173599243,0.4893859922885895,16312
pendulum,fm_disp_greedy_d10,FM dispersion greedy (d2=1.0),6,700,0.5490428805351257,0.036592260003089905,48770,0.3685486912727356,0.009569286368787289,33840,0.050806865096092224,0.03948686271905899,3929,0.4102860689163208,0.007513141725212336,29911,,,0,0.9581470489501953,0.6388477683067322,14930
pendulum,fm_disp_greedy_d10,FM dispersion greedy (d2=1.0),7,800,0.3725217282772064,0.017918631434440613,48770,0.2493298500776291,0.013357928022742271,38491,0.15067288279533386,0.033331625163555145,8949,0.27921542525291443,0.011179203167557716,29542,0.4716314673423767,0.40624889731407166,9,0.8341464996337891,0.5265302062034607,10270
pendulum,fm_disp_greedy_d10,FM dispersion greedy (d2=1.0),8,900,0.25478053092956543,0.011544913984835148,48770,0.150736466050148,0.006728846579790115,38954,0.03965103253722191,0.021962327882647514,8862,0.18345080316066742,0.004961896687746048,30092,0.9362289905548096,1.0314724445343018,13,0.6673147678375244,0.41480204463005066,9803
pendulum,fm_disp_greedy_d10,FM dispersion greedy (d2=1.0),9,1000,0.21513421833515167,0.0071633607149124146,48770,0.13909375667572021,0.005858179181814194,43790,0.03075561299920082,0.01881924457848072,12407,0.18192432820796967,0.004458088427782059,31383,0.8720170259475708,0.8820086121559143,119,0.8840588927268982,0.7132524251937866,4861
pendulum,fm_disp_greedy_d10,FM dispersion greedy (d2=1.0),10,1100,0.17267179489135742,0.006248947232961655,48770,0.12462954968214035,0.0051590981893241405,43817,0.03521929308772087,0.0203518308699131,12487,0.1602652370929718,0.0037538097240030766,31330,0.9324142932891846,0.9598274230957031,36,0.5952295660972595,0.14975307881832123,4917
pendulum,fm_disp_greedy_d10,FM dispersion greedy (d2=1.0),11,1200,0.14108318090438843,0.008367442525923252,48770,0.08188656717538834,0.007454969454556704,42655,0.08656460791826248,0.017931727692484856,13020,0.07983128726482391,0.0060994490049779415,29635,0.6011221408843994,0.6037015914916992,33,0.5537516474723816,0.16509109735488892,6082
pendulum,fm_disp_greedy_d10,FM dispersion greedy (d2=1.0),12,1300,0.1137736439704895,0.005968502722680569,48770,0.09549306333065033,0.00549285626038909,45730,0.027203507721424103,0.011042170226573944,14685,0.12779559195041656,0.004654751159250736,31045,0.9288530945777893,0.8644458055496216,34,0.3826552629470825,0.1407262086868286,3006
pendulum,fm_disp_greedy_d10,FM dispersion greedy (d2=1.0),13,1400,0.06242799386382103,0.006165404804050922,48770,0.038000788539648056,0.0056258635595440865,46037,0.029475191608071327,0.014974975027143955,16104,0.04258757084608078,0.004077460616827011,29933,0.8431389331817627,0.9058331847190857,37,0.4688335955142975,0.2059861123561859,2696
pendulum,fm_disp_greedy_d10,FM dispersion greedy (d2=1.0),14,1500,0.042171329259872437,0.005689643789082766,48770,0.024997780099511147,0.005502187181264162,47712,0.021274443715810776,0.009322641417384148,17952,0.02724379301071167,0.004284875467419624,29760,0.8131893873214722,0.8070078492164612,51,0.8168112635612488,0.677839994430542,1007
pendulum,fm_disp_greedy_d10,FM dispersion greedy (d2=1.0),15,1600,0.04269961640238762,0.006783865392208099,48770,0.03293977677822113,0.006539861671626568,47362,0.02889193966984749,0.012037553824484348,17971,0.03541480749845505,0.005253885872662067,29391,1.007729411125183,1.0261943340301514,50,0.3475553095340729,0.05343043804168701,1358
pendulum,fm_disp_greedy_d10,FM dispersion greedy (d2=1.0),16,1700,0.03408119082450867,0.005816055461764336,48770,0.03087843954563141,0.005777802783995867,48530,0.03035663813352585,0.013344699516892433,18691,0.03120528906583786,0.004565792623907328,29839,0.6083518862724304,0.7608762979507446,106,0.7397291660308838,0.7043452858924866,134
pendulum,fm_disp_greedy_d10,FM dispersion greedy (d2=1.0),17,1800,0.03850684314966202,0.006865999661386013,48770,0.03663838282227516,0.006797510199248791,48419,0.03041025437414646,0.013939287513494492,18492,0.04048676788806915,0.005708695854991674,29927,0.93940669298172,0.9684423804283142,73,0.12736710906028748,0.05188104510307312,278
pendulum,fm_disp_greedy_d10,FM dispersion greedy (d2=1.0),18,1900,0.03931402415037155,0.006981486454606056,48770,0.03798134997487068,0.006843237206339836,47922,0.03125219792127609,0.010506898164749146,18049,0.04204704612493515,0.006045234389603138,29873,0.9863461256027222,1.0253643989562988,72,0.03374470770359039,0.030820634216070175,776
pendulum,fm_disp_gdiv_d10,FM dispersion greedy-diverse (d2=1.0),0,100,0.34062716364860535,0.050264157354831696,48770,0.18823963403701782,0.02026614360511303,27993,0.04971432313323021,0.04459202289581299,2329,0.2008107602596283,0.01697874814271927,25664,,,0,0.5459398627281189,0.18015678226947784,20777
pendulum,fm_disp_gdiv_d10,FM dispersion greedy-diverse (d2=1.0),1,200,0.27493026852607727,0.027691541239619255,48770,0.1841457188129425,0.016074299812316895,37574,0.04211894050240517,0.03277591988444328,8505,0.22569988667964935,0.012180826626718044,29069,0.5036693811416626,0.5127944946289062,23,0.5797613859176636,0.26518258452415466,11173
pendulum,fm_disp_gdiv_d10,FM dispersion greedy-diverse (d2=1.0),2,300,0.2579779624938965,0.02540653757750988,48770,0.18517760932445526,0.014708241447806358,40076,0.048914432525634766,0.02512850984930992,9401,0.22693832218647003,0.011015736497938633,30675,0.8260893225669861,0.7944788336753845,93,0.5910454392433167,0.3570786714553833,8601
pendulum,fm_disp_gdiv_d10,FM dispersion greedy-diverse (d2=1.0),3,400,0.19600336253643036,0.020760521292686462,48770,0.1325516402721405,0.013501140289008617,40387,0.05318554863333702,0.02579038217663765,12081,0.16642510890960693,0.00930078886449337,28306,0.8826767206192017,0.818647027015686,80,0.4980255961418152,0.22308199107646942,8303
pendulum,fm_disp_gdiv_d10,FM dispersion greedy-diverse (d2=1.0),4,500,0.24635343253612518,0.08459774404764175,48770,0.20410142838954926,0.05403517186641693,29805,0.12459807097911835,0.09970736503601074,4311,0.21754533052444458,0.05022332817316055,25494,0.9201326966285706,0.9600818157196045,66,0.31063467264175415,0.12483929842710495,18899
pendulum,fm_disp_gdiv_d10,FM dispersion greedy-diverse (d2=1.0),5,600,0.14364102482795715,0.00915328599512577,48770,0.10474059730768204,0.008284859359264374,45786,0.07241533696651459,0.012437602505087852,17065,0.12394711375236511,0.007265784312039614,28721,1.0648549795150757,1.1046282052993774,138,0.7247961163520813,0.6837868094444275,2846
pendulum,fm_disp_gdiv_d10,FM dispersion greedy-diverse (d2=1.0),6,700,0.08536811918020248,0.008057177066802979,48770,0.05783311650156975,0.007100239861756563,45934,0.03239805996417999,0.013783907517790794,16226,0.07172530889511108,0.0056407256051898,29708,0.9060114622116089,0.8949253559112549,152,0.5101279020309448,0.26890748739242554,2684
pendulum,fm_disp_gdiv_d10,FM dispersion greedy-diverse (d2=1.0),7,800,0.058767255395650864,0.008351433090865612,48770,0.046773988753557205,0.007704798132181168,47064,0.037177328020334244,0.016753748059272766,17369,0.05238720402121544,0.005286883097141981,29695,0.6205662488937378,0.662051796913147,306,0.3391532599925995,0.03309355676174164,1400
pendulum,fm_disp_gdiv_d10,FM dispersion greedy-diverse (d2=1.0),8,900,0.07243415713310242,0.012192396447062492,48770,0.05599597841501236,0.01129823923110962,46783,0.03680485114455223,0.013820596039295197,17348,0.06730658560991287,0.01012573391199112,29435,0.6253650188446045,0.592416524887085,375,0.4208698272705078,0.1328388750553131,1612
pendulum,fm_disp_gdiv_d10,FM dispersion greedy-diverse (d2=1.0),9,1000,0.06985998898744583,0.011370321735739708,48770,0.058582305908203125,0.010908141732215881,47513,0.034379228949546814,0.013980837538838387,18089,0.0734616369009018,0.00948868878185749,29424,0.6984473466873169,0.6776860952377319,235,0.44962361454963684,0.2853439152240753,1022
pendulum,fm_disp_gdiv_d10,FM dispersion greedy-diverse (d2=1.0),10,1100,0.06780629605054855,0.009805967099964619,48770,0.060333408415317535,0.009591041132807732,48091,0.03751374036073685,0.014678084291517735,18491,0.07458876073360443,0.00824027694761753,29600,0.8373753428459167,0.7908121347427368,95,0.5579937100410461,0.5364384055137634,584
pendulum,fm_disp_gdiv_d10,FM dispersion greedy-diverse (d2=1.0),11,1200,0.046343788504600525,0.008643917739391327,48770,0.036878131330013275,0.008404125459492207,47915,0.026083817705512047,0.01147269643843174,18288,0.043541181832551956,0.007495870813727379,29627,0.7195078134536743,0.7175870537757874,279,0.5076882243156433,0.3335537314414978,576
pendulum,fm_disp_gdiv_d10,FM dispersion greedy-diverse (d2=1.0),12,1300,0.045467786490917206,0.008835731074213982,48770,0.03761150687932968,0.008503595367074013,47715,0.028118010610342026,0.010630465112626553,18410,0.04357551783323288,0.007757388520985842,29305,0.871350109577179,0.8353122472763062,160,0.31666457653045654,0.09582272917032242,895
pendulum,fm_disp_gdiv_d10,FM dispersion greedy-diverse (d2=1.0),13,1400,0.0344083197414875,0.007145359180867672,48770,0.030555473640561104,0.0070982263423502445,48518,0.026313424110412598,0.009528256952762604,18651,0.03320450335741043,0.006433849222958088,29867,0.8175346851348877,0.7817962169647217,178,0.6767846941947937,0.64525306224823,74
pendulum,fm_disp_gdiv_d10,FM dispersion greedy-diverse (d2=1.0),14,1500,0.03256571665406227,0.005796871613711119,48770,0.026502341032028198,0.00574449310079217,48368,0.024149451404809952,0.008185125887393951,18579,0.027969807386398315,0.005116486456245184,29789,0.7991333603858948,0.7750290632247925,342,0.5510193705558777,0.5103465914726257,60
pendulum,fm_disp_gdiv_d10,FM dispersion greedy-diverse (d2=1.0),15,1600,0.04037581756711006,0.005928528495132923,48770,0.035872429609298706,0.005833652336150408,48206,0.03123783878982067,0.009196384809911251,18443,0.03874431177973747,0.005034036003053188,29763,0.989311158657074,0.9801822900772095,187,0.1455201953649521,0.01923440583050251,377
pendulum,fm_disp_gdiv_d10,FM dispersion greedy-diverse (d2=1.0),16,1700,0.036356329917907715,0.006100919563323259,48770,0.0295097753405571,0.006039953790605068,48342,0.024832848459482193,0.00872624572366476,18598,0.03243411332368851,0.005277044139802456,29744,0.9149520397186279,0.8974084258079529,235,0.681465744972229,0.592740535736084,193
pendulum,fm_disp_gdiv_d10,FM dispersion greedy-diverse (d2=1.0),17,1800,0.032134223729372025,0.005314996466040611,48770,0.02687651664018631,0.005266356281936169,48461,0.024466441944241524,0.008300045505166054,18694,0.028390072286128998,0.00448528490960598,29767,0.9255448579788208,0.9185248017311096,193,0.7421817183494568,0.7736401557922363,116
pendulum,fm_disp_gdiv_d10,FM dispersion greedy-diverse (d2=1.0),18,1900,0.032066769897937775,0.006093115080147982,48770,0.0273276437073946,0.006054226774722338,48431,0.021937139332294464,0.008052770048379898,18628,0.030696913599967957,0.005268524866551161,29803,0.9440132975578308,0.9538460373878479,187,0.420137494802475,0.28670281171798706,152
pendulum,fm_disp_prop_d10,FM dispersion proportional (d2=1.0),0,100,0.34062716364860535,0.050264157354831696,48770,0.18823963403701782,0.02026614360511303,27993,0.04971432313323021,0.04459202289581299,2329,0.2008107602596283,0.01697874814271927,25664,,,0,0.5459398627281189,0.18015678226947784,20777
pendulum,fm_disp_prop_d10,FM dispersion proportional (d2=1.0),1,200,0.3041340112686157,0.052431102842092514,48770,0.22123880684375763,0.03617512807250023,32216,0.05898180603981018,0.04762078449130058,4655,0.24864371120929718,0.033864956349134445,27561,,,0,0.4654576778411865,0.1631271243095398,16554
pendulum,fm_disp_prop_d10,FM dispersion proportional (d2=1.0),2,300,0.20810355246067047,0.015711121261119843,48770,0.1507934182882309,0.011046843603253365,41452,0.050510473549366,0.016306577250361443,12019,0.19174407422542572,0.009166765958070755,29433,0.81337970495224,0.6221109628677368,30,0.5315752029418945,0.32800737023353577,7288
pendulum,fm_disp_prop_d10,FM dispersion proportional (d2=1.0),3,400,0.20093220472335815,0.019195014610886574,48770,0.1282537579536438,0.014797813259065151,43227,0.059181906282901764,0.02819821424782276,14615,0.16353563964366913,0.009407850913703442,28612,0.9929006099700928,0.939126193523407,143,0.7617507576942444,0.4354724586009979,5400
pendulum,fm_disp_prop_d10,FM dispersion proportional (d2=1.0),4,500,0.11895227432250977,0.009672589600086212,48770,0.09881343692541122,0.008945957757532597,46604,0.053397055715322495,0.022563613951206207,16126,0.12284337729215622,0.006766926497220993,30478,0.8476322293281555,0.8777171969413757,157,0.5291800498962402,0.3906612694263458,2009
pendulum,fm_disp_prop_d10,FM dispersion proportional (d2=1.0),5,600,0.07383664697408676,0.008174801245331764,48770,0.06511018425226212,0.008016268722712994,48071,0.04019749164581299,0.01645631343126297,17646,0.07955912500619888,0.00659323763102293,30425,0.964292585849762,1.0076453685760498,107,0.6214906573295593,0.5057593584060669,592
pendulum,fm_disp_prop_d10,FM dispersion proportional (d2=1.0),6,700,0.10044625401496887,0.01618088036775589,48770,0.0848565474152565,0.014859098009765148,47157,0.05777648463845253,0.028509173542261124,17092,0.10025161504745483,0.009913780726492405,30065,0.8164013028144836,0.8288402557373047,182,0.5231294631958008,0.3520415127277374,1431
pendulum,fm_disp_prop_d10,FM dispersion proportional (d2=1.0),7,800,0.07038408517837524,0.009575124830007553,48770,0.057108622044324875,0.008874177932739258,46182,0.040700942277908325,0.021561255678534508,16516,0.06624329835176468,0.006768391467630863,29666,0.2728680968284607,0.04492774233222008,1851,0.3937074840068817,0.14288762211799622,737
pendulum,fm_disp_prop_d10,FM dispersion proportional (d2=1.0),8,900,0.06335251778364182,0.009460540488362312,48770,0.05311126634478569,0.008506355807185173,45700,0.042101770639419556,0.017965042963624,16323,0.05922856554389,0.006918900180608034,29377,0.9443436861038208,0.9553347826004028,212,0.16176238656044006,0.041343189775943756,2858
pendulum,fm_disp_prop_d10,FM dispersion proportional (d2=1.0),9,1000,0.06182768940925598,0.008692124858498573,48770,0.052039261907339096,0.008511831983923912,48051,0.04248262196779251,0.017260000109672546,18599,0.05807429552078247,0.006958134938031435,29452,0.9760956764221191,0.9820200204849243,233,0.591291606426239,0.5719630718231201,486
pendulum,fm_disp_prop_d10,FM dispersion proportional (d2=1.0),10,1100,0.04088006541132927,0.00782848708331585,48770,0.03912372514605522,0.007798396050930023,48644,0.04122725874185562,0.014162846840918064,18775,0.03780148923397064,0.0065785860642790794,29869,0.9153496623039246,0.9626229405403137,73,0.4484077990055084,0.20929579436779022,53
pendulum,fm_disp_prop_d10,FM dispersion proportional (d2=1.0),11,1200,0.038469843566417694,0.006750236265361309,48770,0.03404122218489647,0.0065618944354355335,47744,0.03779720142483711,0.011744928546249866,18007,0.03176682069897652,0.005211085546761751,29737,0.9655560851097107,0.9743736982345581,187,0.08385122567415237,0.02759380266070366,839
pendulum,fm_disp_prop_d10,FM dispersion proportional (d2=1.0),12,1300,0.05311911180615425,0.008210746571421623,48770,0.05091175064444542,0.008151371031999588,48515,0.037564899772405624,0.016054723411798477,18722,0.059298962354660034,0.006646405439823866,29793,0.9563524127006531,0.9863856434822083,100,0.1612890213727951,0.0828811302781105,155
pendulum,fm_disp_prop_d10,FM dispersion proportional (d2=1.0),13,1400,0.040814146399497986,0.007107830606400967,48770,0.03879659250378609,0.007064526434987783,48556,0.035409994423389435,0.011217460036277771,18828,0.04094146564602852,0.006120912730693817,29728,0.9453105330467224,0.9408251643180847,77,0.24751710891723633,0.11324083060026169,137
pendulum,fm_disp_prop_d10,FM dispersion proportional (d2=1.0),14,1500,0.032362163066864014,0.006727302446961403,48770,0.030874386429786682,0.006710966117680073,48686,0.03325300291180611,0.01113149430602789,18866,0.029369527474045753,0.005560433026403189,29820,0.9566647410392761,0.9392533302307129,65,0.6825915575027466,0.7612201571464539,19
pendulum,fm_disp_prop_d10,FM dispersion proportional (d2=1.0),15,1600,0.03479486331343651,0.007143555209040642,48770,0.031900953501462936,0.00702222716063261,48224,0.024420859292149544,0.008450046181678772,18344,0.036493152379989624,0.006498567759990692,29880,0.7096762657165527,0.7612370252609253,198,0.05183352530002594,0.029593702405691147,348
pendulum,fm_disp_prop_d10,FM dispersion proportional (d2=1.0),16,1700,0.026989871636033058,0.005784057080745697,48770,0.025910940021276474,0.005777779500931501,48715,0.02368852123618126,0.007806943729519844,18822,0.02731027640402317,0.005218290723860264,29893,0.999036967754364,0.9988135695457458,51,0.7734130024909973,0.7354711890220642,4
pendulum,fm_disp_prop_d10,FM dispersion proportional (d2=1.0),17,1800,0.03137955442070961,0.006009176839143038,48770,0.029886305332183838,0.005984989460557699,48644,0.027393879368901253,0.007966614328324795,18771,0.031452447175979614,0.005228480789810419,29873,1.0154969692230225,1.0031440258026123,71,0.08165373653173447,0.025609061121940613,55
pendulum,fm_disp_prop_d10,FM dispersion proportional (d2=1.0),18,1900,0.03548438474535942,0.005478494334965944,48770,0.03205442801117897,0.005373622756451368,47977,0.02479368820786476,0.007037927862256765,18160,0.03647656738758087,0.004875489976257086,29817,0.9675696492195129,0.9750338196754456,146,0.07949473708868027,0.022068604826927185,647
cartpole,fm_ranked,FM adaptive ranked (d2=1.0),0,300,2.187865734100342,1.4502320289611816,115242,1.527841329574585,0.9773688316345215,72807,0.47033771872520447,0.0975552350282669,11662,1.7295360565185547,1.177741527557373,61145,2.8666694164276123,2.418566942214966,94,3.321295738220215,2.6185765266418457,42341
cartpole,fm_ranked,FM adaptive ranked (d2=1.0),1,350,2.065932273864746,1.3801169395446777,115242,1.676820158958435,1.060593605041504,74870,0.30707550048828125,0.07708007842302322,10098,1.890364408493042,1.2595573663711548,64772,3.3398633003234863,3.249223232269287,100,2.786170482635498,2.0388693809509277,40272
cartpole,fm_ranked,FM adaptive ranked (d2=1.0),2,400,1.6777087450027466,0.9199342727661133,115242,1.3134790658950806,0.7004392147064209,89685,0.3063774108886719,0.06767184287309647,12605,1.4781718254089355,0.8488978147506714,77080,2.778895139694214,2.5713610649108887,344,2.9582831859588623,2.1026716232299805,25213
cartpole,fm_ranked,FM adaptive ranked (d2=1.0),3,450,1.3759739398956299,0.6598771810531616,115242,1.3273383378982544,0.6290866136550903,101510,0.13502484560012817,0.047283582389354706,10066,1.45858633518219,0.7257652282714844,91444,1.2628711462020874,0.5627782940864563,8056,2.4063050746917725,2.205970287322998,5676
cartpole,fm_ranked,FM adaptive ranked (d2=1.0),4,500,1.3741462230682373,0.6364017128944397,115242,1.307206153869629,0.5949143171310425,103632,0.11486689746379852,0.04028657451272011,12605,1.472315788269043,0.7165064215660095,91027,1.489565372467041,0.8265964984893799,7516,2.856722354888916,2.6490893363952637,4094
cartpole,fm_ranked,FM adaptive ranked (d2=1.0),5,550,1.1696765422821045,0.48439115285873413,115242,1.0974183082580566,0.4505581259727478,107330,0.09203241020441055,0.02746877260506153,16108,1.274949550628662,0.5774407386779785,91222,1.7839442491531372,1.0064760446548462,4683,2.6806280612945557,2.144883394241333,3229
cartpole,fm_ranked,FM adaptive ranked (d2=1.0),6,600,1.1792118549346924,0.499085009098053,115242,1.1240686178207397,0.4728192090988159,110618,0.13003364205360413,0.027376702055335045,17952,1.3166409730911255,0.6022186279296875,92666,2.3971095085144043,2.097020149230957,3434,2.7906246185302734,2.478684425354004,1190
cartpole,fm_ranked,FM adaptive ranked (d2=1.0),7,650,1.1828190088272095,0.49958673119544983,115242,1.0778107643127441,0.4606779217720032,108807,0.1433144360780716,0.022177215665578842,18814,1.2731772661209106,0.5930868983268738,89993,2.4465219974517822,2.022865056991577,2595,3.3042585849761963,2.4949522018432617,3840
cartpole,fm_ranked,FM adaptive ranked (d2=1.0),8,700,1.2172025442123413,0.5168174505233765,115242,1.1751868724822998,0.4942953586578369,111757,0.11281558126211166,0.02585521899163723,18508,1.3860455751419067,0.6350147724151611,93249,2.493842840194702,2.2199935913085938,2817,2.8627774715423584,1.852848768234253,668
cartpole,fm_ranked,FM adaptive ranked (d2=1.0),9,750,1.1745625734329224,0.46649476885795593,115242,1.1419475078582764,0.4495871663093567,112442,0.10131445527076721,0.02376589924097061,19004,1.35359787940979,0.5860656499862671,93438,2.491908550262451,2.2218644618988037,2005,2.465139389038086,1.5626927614212036,795
cartpole,fm_ranked,FM adaptive ranked (d2=1.0),10,800,1.1529574394226074,0.4712848663330078,115242,1.1093236207962036,0.45314550399780273,112582,0.1472904235124588,0.02064632810652256,19803,1.3146624565124512,0.5857065916061401,92779,2.8600399494171143,2.6609110832214355,1416,3.158714771270752,2.1735153198242188,1244
cartpole,fm_ranked,FM adaptive ranked (d2=1.0),11,850,1.1158599853515625,0.42672866582870483,115242,0.9613375067710876,0.3925985097885132,109217,0.09649043530225754,0.018637098371982574,19616,1.1506750583648682,0.5176870822906494,89601,2.665043830871582,2.349212408065796,1777,4.4406208992004395,3.7282707691192627,4248
cartpole,fm_ranked,FM adaptive ranked (d2=1.0),12,900,1.1093027591705322,0.43251705169677734,115242,1.0285054445266724,0.4116879403591156,111476,0.13719314336776733,0.022271577268838882,19995,1.22331964969635,0.537356436252594,91481,2.7678744792938232,2.587231397628784,1379,3.9244606494903564,2.7179501056671143,2387
cartpole,fm_ranked,FM adaptive ranked (d2=1.0),13,950,1.0429112911224365,0.40651383996009827,115242,0.9545666575431824,0.3845997750759125,110598,0.09831580519676208,0.015832997858524323,20058,1.1442581415176392,0.5118046998977661,90540,2.6484298706054688,2.4492263793945312,1062,3.294640302658081,1.9582865238189697,3582
cartpole,fm_ranked,FM adaptive ranked (d2=1.0),14,1000,1.0615493059158325,0.4114159941673279,115242,1.0363675355911255,0.4007335901260376,113349,0.10187046974897385,0.01729663275182247,20084,1.237605094909668,0.5347480773925781,93265,2.932497501373291,2.788877487182617,1026,2.13968563079834,1.4239451885223389,867
cartpole,fm_ranked,FM adaptive ranked (d2=1.0),15,1050,1.0744481086730957,0.4292600750923157,115242,1.0462393760681152,0.4145662486553192,112715,0.08871383965015411,0.019291270524263382,19905,1.2516003847122192,0.5565395355224609,92810,2.650949001312256,2.5267016887664795,1255,2.018669366836548,1.4403700828552246,1272
cartpole,fm_ranked,FM adaptive ranked (d2=1.0),16,1100,1.0550353527069092,0.39095956087112427,115242,1.0363695621490479,0.3825567960739136,113424,0.135992169380188,0.017544027417898178,20411,1.2339507341384888,0.510421097278595,93013,2.8438355922698975,2.8657877445220947,551,1.9480911493301392,1.1281253099441528,1267
cartpole,fm_ranked,FM adaptive ranked (d2=1.0),17,1150,1.0117202997207642,0.38861948251724243,115242,0.995323896408081,0.38168731331825256,113763,0.12793409824371338,0.018749389797449112,20483,1.185790777206421,0.5032365322113037,93280,2.894171714782715,2.9015774726867676,462,1.9906960725784302,1.3294475078582764,1017
cartpole,fm_ranked,FM adaptive ranked (d2=1.0),18,1200,0.9866338968276978,0.3837652802467346,115242,0.9652895927429199,0.3754076361656189,113695,0.07891860604286194,0.020225733518600464,19936,1.1537588834762573,0.49648991227149963,93759,2.689138412475586,2.5515499114990234,1018,2.297752857208252,1.6429474353790283,529
cartpole,fm_ranked,FM adaptive ranked (d2=1.0),19,1250,1.0705161094665527,0.44784653186798096,115242,1.0440443754196167,0.43509525060653687,113286,0.09454519301652908,0.02298106998205185,19818,1.2453664541244507,0.5692090392112732,93468,2.616716146469116,2.4813151359558105,1391,2.571592330932617,2.069342851638794,565
cartpole,fm_direct,FM adaptive direct (d2=1.0),0,300,2.1748123168945312,1.444915533065796,115242,1.5448840856552124,0.9881399273872375,74143,0.5579874515533447,0.09998133778572083,11845,1.7325271368026733,1.1846630573272705,62298,3.2735722064971924,2.666780471801758,116,3.3113155364990234,2.6443724632263184,40983
cartpole,fm_direct,FM adaptive direct (d2=1.0),1,350,1.760676622390747,1.0484675168991089,115242,1.56865394115448,0.8701642751693726,91202,0.2354927659034729,0.06138581037521362,10345,1.7392213344573975,1.0160399675369263,80857,1.4561917781829834,0.7978399395942688,2227,2.594625234603882,1.992834448814392,21813
cartpole,fm_direct,FM adaptive direct (d2=1.0),2,400,1.38642418384552,0.645417332649231,115242,1.2402275800704956,0.5703189969062805,100137,0.2448921650648117,0.05276228487491608,13835,1.3997888565063477,0.6776843070983887,86302,1.645341157913208,1.1343134641647339,2649,2.5066723823547363,1.9001057147979736,12456
cartpole,fm_direct,FM adaptive direct (d2=1.0),3,450,1.7000970840454102,0.9450130462646484,115242,1.6548670530319214,0.8982068300247192,102846,0.12584112584590912,0.045306045562028885,11807,1.8531688451766968,1.0578975677490234,91039,1.7373496294021606,1.140297770500183,9253,3.070453643798828,2.765984058380127,3143
cartpole,fm_direct,FM adaptive direct (d2=1.0),4,500,1.4499887228012085,0.681476354598999,115242,1.4407083988189697,0.6723155379295349,104907,0.07183694839477539,0.03079511784017086,11614,1.6111185550689697,0.8017725348472595,93293,1.40754234790802,0.7107851505279541,9493,3.0847995281219482,2.8725008964538574,842
cartpole,fm_direct,FM adaptive direct (d2=1.0),5,550,1.3573962450027466,0.6130901575088501,115242,1.2761332988739014,0.5642525553703308,103439,0.08914181590080261,0.02864479087293148,14490,1.4694969654083252,0.6952604055404663,88949,1.4651446342468262,0.7939927577972412,6245,2.748701810836792,2.13700008392334,5558
cartpole,fm_direct,FM adaptive direct (d2=1.0),6,600,1.2982171773910522,0.5699456930160522,115242,1.2333942651748657,0.5321530103683472,107266,0.08342261612415314,0.02444680780172348,16040,1.435590386390686,0.6662999987602234,91226,1.9396275281906128,1.3275387287139893,5577,2.7055399417877197,2.211210012435913,2399
cartpole,fm_direct,FM adaptive direct (d2=1.0),7,650,1.4428719282150269,0.6704103946685791,115242,1.3977925777435303,0.6272547841072083,105879,0.06479813158512115,0.024951422587037086,15429,1.62517511844635,0.8026647567749023,90450,1.607762336730957,1.0819562673568726,5816,2.518131971359253,1.9683843851089478,3547
cartpole,fm_direct,FM adaptive direct (d2=1.0),8,700,1.1941092014312744,0.5053513050079346,115242,1.1441154479980469,0.47513675689697266,109633,0.05509199947118759,0.020775850862264633,17845,1.3558382987976074,0.6213637590408325,91788,2.079902172088623,1.5113353729248047,3203,2.292938232421875,1.7410292625427246,2406
cartpole,fm_direct,FM adaptive direct (d2=1.0),9,750,1.3527843952178955,0.5861413478851318,115242,1.316562533378601,0.5575819611549377,111226,0.08549094200134277,0.025673499330878258,18018,1.5545402765274048,0.7216504216194153,93208,2.261044979095459,1.9814071655273438,3258,2.7640209197998047,2.1058425903320312,758
cartpole,fm_direct,FM adaptive direct (d2=1.0),10,800,1.2593456506729126,0.5223560333251953,115242,1.2242852449417114,0.501997709274292,112206,0.07790889590978622,0.022798944264650345,18748,1.4542524814605713,0.6519157886505127,93458,2.4927802085876465,2.1797473430633545,2527,2.864630699157715,2.382183790206909,509
cartpole,fm_direct,FM adaptive direct (d2=1.0),11,850,1.1556239128112793,0.4465842843055725,115242,1.128663420677185,0.4344465434551239,113386,0.11212536692619324,0.01656515896320343,19842,1.3442853689193726,0.5775753259658813,93544,2.887392997741699,2.760169506072998,1194,2.6499147415161133,1.9143025875091553,662
cartpole,fm_direct,FM adaptive direct (d2=1.0),12,900,1.21535325050354,0.4672357439994812,115242,1.194535732269287,0.456260621547699,113660,0.07027692347764969,0.01630970649421215,19395,1.425851821899414,0.6110792756080627,94265,2.5755603313446045,2.187854766845703,1355,3.519432306289673,2.965548515319824,227
cartpole,fm_direct,FM adaptive direct (d2=1.0),13,950,1.1898577213287354,0.43111008405685425,115242,1.1706517934799194,0.42132097482681274,113789,0.06284907460212708,0.014332504011690617,19688,1.4024285078048706,0.5723832845687866,94101,2.5461935997009277,2.121250867843628,1003,3.0232157707214355,2.42332124710083,450
cartpole,fm_direct,FM adaptive direct (d2=1.0),14,1000,1.1468344926834106,0.42022818326950073,115242,1.1325396299362183,0.41312000155448914,114105,0.06312193721532822,0.012791622430086136,19866,1.3579775094985962,0.5593119859695435,94239,2.6032211780548096,2.149057388305664,874,2.508981704711914,1.8508292436599731,263
cartpole,fm_direct,FM adaptive direct (d2=1.0),15,1050,1.1499903202056885,0.4395506978034973,115242,1.1380199193954468,0.4335203766822815,114282,0.06404844671487808,0.012147740460932255,19956,1.3652335405349731,0.5868895053863525,94326,2.6415483951568604,2.207192897796631,804,2.2321834564208984,1.4438692331314087,156
cartpole,fm_direct,FM adaptive direct (d2=1.0),16,1100,1.2798956632614136,0.48071640729904175,115242,1.2545990943908691,0.46512138843536377,113066,0.06477797776460648,0.015379464253783226,19720,1.5059571266174316,0.6317141056060791,93346,2.662937879562378,2.415226697921753,1530,2.43180775642395,1.643465280532837,646
cartpole,fm_direct,FM adaptive direct (d2=1.0),17,1150,1.1768471002578735,0.46785515546798706,115242,1.1476905345916748,0.4542071223258972,112802,0.12272070348262787,0.016050763428211212,20452,1.3746823072433472,0.6028184294700623,92350,2.765777349472046,2.7169289588928223,793,2.408731460571289,1.2130624055862427,1647
cartpole,fm_direct,FM adaptive direct (d2=1.0),18,1200,1.0100799798965454,0.3943380117416382,115242,0.9591048359870911,0.38290151953697205,112853,0.08283036202192307,0.01316826045513153,20307,1.1513822078704834,0.5118969678878784,92546,2.724684953689575,2.5361781120300293,801,3.7678332328796387,2.7481229305267334,1588
cartpole,fm_direct,FM adaptive direct (d2=1.0),19,1250,1.021190881729126,0.4161513149738312,115242,0.9681823253631592,0.40275171399116516,112503,0.14122222363948822,0.02011156640946865,20593,1.1534677743911743,0.5337610840797424,91910,2.5890910625457764,2.513096332550049,578,3.3614864349365234,2.3776071071624756,2161
cartpole,fm_nonadapt,FM non-adaptive (d2=0),0,300,2.1760988235473633,1.4445744752883911,115242,1.5430036783218384,0.9895055890083313,74090,0.5562814474105835,0.1012977808713913,11778,1.7295106649398804,1.181060791015625,62312,3.0833537578582764,2.491337776184082,124,3.316624402999878,2.6541099548339844,41028
cartpole,fm_nonadapt,FM non-adaptive (d2=0),1,350,1.7370189428329468,0.9759513139724731,115242,1.4877827167510986,0.7972897887229919,91386,0.2675434947013855,0.0556192584335804,10576,1.6474815607070923,0.9325227737426758,80810,1.65055513381958,0.8907482624053955,2006,2.787367820739746,2.1724305152893066,21850
cartpole,fm_nonadapt,FM non-adaptive (d2=0),2,400,1.428096055984497,0.6586371660232544,115242,1.228464126586914,0.5645799040794373,95864,0.30320486426353455,0.05929362028837204,12266,1.364223599433899,0.6574956774711609,83598,1.5098812580108643,0.6301454901695251,2239,2.5340187549591064,1.899780511856079,17139
cartpole,fm_nonadapt,FM non-adaptive (d2=0),3,450,1.5505949258804321,0.8116337060928345,115242,1.4181760549545288,0.7284224033355713,97929,0.23865057528018951,0.049357250332832336,10997,1.5673874616622925,0.8526152968406677,86932,1.4616456031799316,0.5786947011947632,4871,2.627664804458618,2.1223740577697754,12442
cartpole,fm_nonadapt,FM non-adaptive (d2=0),4,500,1.6730215549468994,0.9484553337097168,115242,1.5562599897384644,0.8918859958648682,98189,0.20654650032520294,0.04735814034938812,10371,1.7156563997268677,1.0281522274017334,87818,1.477294683456421,0.5394363403320312,7695,3.0590884685516357,2.7783539295196533,9358
cartpole,fm_nonadapt,FM non-adaptive (d2=0),5,550,1.5927095413208008,0.9055753946304321,115242,1.368820071220398,0.7768787145614624,95552,0.19909358024597168,0.053087543696165085,10749,1.5170859098434448,0.9048799276351929,84803,1.6491183042526245,0.7852737903594971,4596,2.992856979370117,2.4712162017822266,15094
cartpole,fm_nonadapt,FM non-adaptive (d2=0),6,600,1.5093412399291992,0.8085494041442871,115242,1.2924559116363525,0.6870592832565308,96630,0.24401754140853882,0.06483779847621918,12482,1.4479748010635376,0.8015921711921692,84148,1.7895634174346924,1.337682843208313,3039,2.8004233837127686,2.2566440105438232,15573
cartpole,fm_nonadapt,FM non-adaptive (d2=0),7,650,1.296525001525879,0.6124649047851562,115242,1.147613763809204,0.5337653756141663,99511,0.29371652007102966,0.0519828125834465,12889,1.274670124053955,0.6236188411712646,86622,1.889811635017395,1.257009506225586,2638,2.3087620735168457,1.8347413539886475,13093
cartpole,fm_nonadapt,FM non-adaptive (d2=0),8,700,1.3223876953125,0.6342244744300842,115242,1.2098510265350342,0.5721616744995117,99716,0.1679101139307022,0.04765455797314644,11345,1.3436145782470703,0.6621402502059937,88371,1.493741512298584,0.8104605674743652,4926,2.3014090061187744,1.9457120895385742,10600
cartpole,fm_nonadapt,FM non-adaptive (d2=0),9,750,1.1417992115020752,0.46304330229759216,115242,1.0319733619689941,0.41939520835876465,105529,0.2743094265460968,0.04483624920248985,16615,1.17355477809906,0.5169185996055603,88914,1.8918460607528687,1.395031452178955,1791,2.43522047996521,1.9493961334228516,7922
cartpole,fm_nonadapt,FM non-adaptive (d2=0),10,800,1.2741682529449463,0.5800486207008362,115242,1.1301710605621338,0.49999353289604187,100113,0.29721295833587646,0.050683312118053436,13477,1.2597451210021973,0.5923343300819397,86636,2.001373052597046,1.4688388109207153,2345,2.268432855606079,1.886156678199768,12784
cartpole,fm_nonadapt,FM non-adaptive (d2=0),11,850,1.2028394937515259,0.5165376663208008,115242,1.1117736101150513,0.4763781428337097,101272,0.11279630661010742,0.03882960230112076,11560,1.2404985427856445,0.5603535175323486,89712,1.381790041923523,0.6172982454299927,6915,2.334660053253174,2.0582778453826904,7055
cartpole,fm_nonadapt,FM non-adaptive (d2=0),12,900,1.1045117378234863,0.4411364495754242,115242,1.0110113620758057,0.4041040241718292,104167,0.09247409552335739,0.02908683381974697,14330,1.157528042793274,0.5004284977912903,89837,1.3814990520477295,0.6044906377792358,5605,2.6012516021728516,2.164799213409424,5470
cartpole,fm_nonadapt,FM non-adaptive (d2=0),13,950,1.1083462238311768,0.43807196617126465,115242,1.0173109769821167,0.40150749683380127,105584,0.10680165141820908,0.02695487067103386,15057,1.1687523126602173,0.5045560002326965,90527,1.6779865026474,0.8683024048805237,5763,2.733254909515381,2.397395133972168,3895
cartpole,fm_nonadapt,FM non-adaptive (d2=0),14,1000,1.0907255411148071,0.4498642086982727,115242,1.0128318071365356,0.4215965270996094,106499,0.10054366290569305,0.038262948393821716,14663,1.1584923267364502,0.5206307172775269,91836,1.667937159538269,0.9061098694801331,6346,3.023406505584717,2.6941816806793213,2397
cartpole,fm_nonadapt,FM non-adaptive (d2=0),15,1050,1.094114899635315,0.4423564672470093,115242,1.0036756992340088,0.40456464886665344,104338,0.09492742270231247,0.028022097423672676,14159,1.1463584899902344,0.49804529547691345,90179,1.3415194749832153,0.6391247510910034,5428,2.5720744132995605,2.2562575340270996,5476
cartpole,fm_nonadapt,FM non-adaptive (d2=0),16,1100,1.0873191356658936,0.43203312158584595,115242,0.9987806677818298,0.3939124345779419,105374,0.07373720407485962,0.02828962542116642,15051,1.152925729751587,0.4913821518421173,90323,1.428966999053955,0.72165846824646,4754,2.594053268432617,2.213832139968872,5114
cartpole,fm_nonadapt,FM non-adaptive (d2=0),17,1150,1.0789239406585693,0.41738075017929077,115242,0.9899308085441589,0.3827146887779236,105640,0.08533957600593567,0.02849731594324112,14949,1.1390386819839478,0.47726374864578247,90691,1.3977515697479248,0.7175657749176025,4742,2.7022483348846436,2.3259713649749756,4860
cartpole,fm_nonadapt,FM non-adaptive (d2=0),18,1200,1.054731845855713,0.4062209725379944,115242,0.9643429517745972,0.36988452076911926,106285,0.0988398864865303,0.028170689940452576,16420,1.1224864721298218,0.4730829894542694,89865,1.766489863395691,0.9065235257148743,3875,2.402414083480835,2.0126705169677734,5082
cartpole,fm_nonadapt,FM non-adaptive (d2=0),19,1250,1.0620229244232178,0.41334766149520874,115242,0.9687981605529785,0.371313214302063,105122,0.09272225946187973,0.027285095304250717,15648,1.1220139265060425,0.47316259145736694,89474,1.4523812532424927,0.7206882238388062,4087,2.421973466873169,1.9724615812301636,6033
cartpole,fm_disp_greedy_d05,FM dispersion greedy (d2=0.5),0,300,2.135183811187744,1.454014539718628,115242,1.6961588859558105,1.1018770933151245,81995,0.49284180998802185,0.10289667546749115,11373,1.8899413347244263,1.295417070388794,70622,2.010249614715576,1.0897023677825928,2413,3.312434196472168,2.787618637084961,30834
cartpole,fm_disp_greedy_d05,FM dispersion greedy (d2=0.5),1,400,1.8383136987686157,1.2138793468475342,115242,1.6910548210144043,1.0127229690551758,88181,0.2924250364303589,0.09265823662281036,10869,1.8876827955245972,1.1906853914260864,77312,1.368027925491333,0.7957494258880615,1697,2.381742477416992,2.054753303527832,25364
cartpole,fm_disp_greedy_d05,FM dispersion greedy (d2=0.5),2,500,2.323824644088745,1.673201560974121,115242,2.1015772819519043,1.4642572402954102,90616,0.6985596418380737,0.0895775854587555,13635,2.3500821590423584,1.6870790719985962,76981,3.1529412269592285,2.592587947845459,10203,3.1336214542388916,2.7406673431396484,14423
cartpole,fm_disp_greedy_d05,FM dispersion greedy (d2=0.5),3,600,1.4085066318511963,0.7403431534767151,115242,1.2818032503128052,0.6440768241882324,96420,0.331609845161438,0.06150568276643753,11698,1.4130011796951294,0.7450069189071655,84722,1.4948819875717163,0.5971931219100952,1551,2.108104944229126,1.7372148036956787,17271
cartpole,fm_disp_greedy_d05,FM dispersion greedy (d2=0.5),4,700,1.507574200630188,0.8478724956512451,115242,1.3624053001403809,0.7116608023643494,96096,0.3350382149219513,0.06533167511224747,12217,1.5120415687561035,0.8370806574821472,83879,1.5710468292236328,0.8316544890403748,1532,2.2940452098846436,1.957892894744873,17614
cartpole,fm_disp_greedy_d05,FM dispersion greedy (d2=0.5),5,800,1.2528810501098633,0.6532690525054932,115242,1.1003389358520508,0.5539390444755554,96393,0.2749844193458557,0.06351646780967712,12409,1.2222884893417358,0.6474759578704834,83984,1.4944170713424683,0.7626073360443115,1653,2.084744691848755,1.764630913734436,17196
cartpole,fm_disp_greedy_d05,FM dispersion greedy (d2=0.5),6,900,1.6445728540420532,1.010573387145996,115242,1.5015009641647339,0.8230465054512024,86207,0.24106183648109436,0.07873176783323288,11075,1.6872987747192383,0.9651663303375244,75132,3.2470145225524902,3.0461130142211914,150,2.063248634338379,1.7354830503463745,28885
cartpole,fm_disp_greedy_d05,FM dispersion greedy (d2=0.5),7,1000,1.3847413063049316,0.7399370670318604,115242,1.2497367858886719,0.6304624676704407,97373,0.2329166978597641,0.06499389559030533,12092,1.3939117193222046,0.7370014786720276,85281,1.9074734449386597,1.436341643333435,1877,2.1454105377197266,1.797349452972412,15992
cartpole,fm_disp_greedy_d05,FM dispersion greedy (d2=0.5),8,1100,1.2889606952667236,0.6837918162345886,115242,1.121622920036316,0.5696676969528198,93494,0.23105798661708832,0.06750421971082687,11061,1.2411202192306519,0.6518868803977966,82433,3.1272847652435303,3.101262092590332,152,2.0004653930664062,1.5721027851104736,21596
cartpole,fm_disp_greedy_d05,FM dispersion greedy (d2=0.5),9,1200,1.2196663618087769,0.599986732006073,115242,1.059963345527649,0.5104753971099854,95843,0.22313016653060913,0.061349354684352875,12283,1.1829745769500732,0.5950614213943481,83560,2.6258726119995117,2.100526809692383,82,2.0060765743255615,1.472594976425171,19317
cartpole,fm_disp_greedy_d05,FM dispersion greedy (d2=0.5),10,1300,1.102568507194519,0.5025189518928528,115242,0.977938711643219,0.4530080258846283,103248,0.21684229373931885,0.05269947275519371,13825,1.0956060886383057,0.5485889315605164,89423,1.675486445426941,0.9100551605224609,4085,2.433634042739868,2.0387561321258545,7909
cartpole,fm_disp_greedy_d05,FM dispersion greedy (d2=0.5),11,1400,1.0833520889282227,0.48609548807144165,115242,0.967779815196991,0.44613271951675415,102585,0.13938282430171967,0.04692020267248154,12407,1.0817536115646362,0.5313184261322021,90178,1.576343059539795,0.7559164762496948,7075,2.582470655441284,2.2678871154785156,5582
cartpole,fm_disp_greedy_d05,FM dispersion greedy (d2=0.5),12,1500,0.9815973043441772,0.4363265335559845,115242,0.8675981760025024,0.4023846983909607,104226,0.13482919335365295,0.03524849936366081,14401,0.9850777387619019,0.49715039134025574,89825,1.5454399585723877,0.5944833755493164,6100,2.698894500732422,2.3232040405273438,4916
cartpole,fm_disp_greedy_d05,FM dispersion greedy (d2=0.5),13,1600,1.1119384765625,0.4998185634613037,115242,0.9833783507347107,0.44584763050079346,102384,0.18353171646595,0.053585074841976166,13011,1.0998207330703735,0.5350236296653748,89373,1.531054973602295,0.7488849759101868,4347,2.444401502609253,2.0465924739837646,8511
cartpole,fm_disp_greedy_d05,FM dispersion greedy (d2=0.5),14,1700,1.0711647272109985,0.47289150953292847,115242,0.9594258666038513,0.4325339198112488,105045,0.2549384832382202,0.039349135011434555,14864,1.0755423307418823,0.5314551591873169,90181,1.7757714986801147,0.9255958795547485,5569,2.759507656097412,2.4517576694488525,4628
cartpole,fm_disp_gdiv_d05,FM dispersion greedy-diverse (d2=0.5),0,300,2.135183811187744,1.454014539718628,115242,1.6961588859558105,1.1018770933151245,81995,0.49284180998802185,0.10289667546749115,11373,1.8899413347244263,1.295417070388794,70622,2.010249614715576,1.0897023677825928,2413,3.312434196472168,2.787618637084961,30834
cartpole,fm_disp_gdiv_d05,FM dispersion greedy-diverse (d2=0.5),1,400,1.7729825973510742,1.1538594961166382,115242,1.551316738128662,0.933015763759613,87628,0.2883729338645935,0.08398537337779999,11145,1.735351324081421,1.10044527053833,76483,1.4656513929367065,0.8388750553131104,1533,2.535808563232422,2.1272671222686768,26081
cartpole,fm_disp_gdiv_d05,FM dispersion greedy-diverse (d2=0.5),2,500,2.3872430324554443,1.7627922296524048,115242,2.138207197189331,1.4459211826324463,83767,1.2241986989974976,0.11619789153337479,15425,2.3445019721984863,1.6582026481628418,68342,2.5977654457092285,1.0908164978027344,4182,3.119319200515747,2.724154472351074,27293
cartpole,fm_disp_gdiv_d05,FM dispersion greedy-diverse (d2=0.5),3,600,1.6175960302352905,0.9893916845321655,115242,1.488871455192566,0.8462560772895813,92215,0.23016297817230225,0.06866434216499329,9958,1.6412501335144043,0.9718611240386963,82257,1.107256293296814,0.398046612739563,1023,2.1807861328125,1.8281736373901367,22004
cartpole,fm_disp_gdiv_d05,FM dispersion greedy-diverse (d2=0.5),4,700,1.7340412139892578,1.0859172344207764,115242,1.5681003332138062,0.918637752532959,91626,0.272293359041214,0.07336243242025375,12037,1.7640774250030518,1.0741132497787476,79589,1.5240764617919922,0.8014478087425232,1685,2.4434611797332764,2.0865843296051025,21931
cartpole,fm_disp_gdiv_d05,FM dispersion greedy-diverse (d2=0.5),5,800,1.839422583580017,1.1229596138000488,115242,1.5869873762130737,0.9140521883964539,90638,0.5724345445632935,0.09424752742052078,15421,1.7949910163879395,1.1034159660339355,75217,2.4318506717681885,1.7777893543243408,2881,2.814124584197998,2.4514882564544678,21723
cartpole,fm_disp_gdiv_d05,FM dispersion greedy-diverse (d2=0.5),6,900,1.2821241617202759,0.6468983888626099,115242,1.1268380880355835,0.5365113019943237,94577,0.2681683301925659,0.06359762698411942,12427,1.2567307949066162,0.6285796165466309,82150,3.414179563522339,3.4860873222351074,204,1.9786475896835327,1.552262783050537,20461
cartpole,fm_disp_gdiv_d05,FM dispersion greedy-diverse (d2=0.5),7,1000,1.1305607557296753,0.5496659874916077,115242,0.9981487989425659,0.48237916827201843,99994,0.24034036695957184,0.05603426694869995,13240,1.1138020753860474,0.5638705492019653,86754,1.713098168373108,1.2132530212402344,1654,2.0336709022521973,1.6612544059753418,13594
cartpole,fm_disp_gdiv_d05,FM dispersion greedy-diverse (d2=0.5),8,1100,1.1862736940383911,0.5725298523902893,115242,1.0496920347213745,0.49846798181533813,98775,0.23833951354026794,0.05300621688365936,12164,1.1636415719985962,0.5814345479011536,86611,1.3407535552978516,0.7708125114440918,1526,2.0734376907348633,1.6570513248443604,14941
cartpole,fm_disp_gdiv_d05,FM dispersion greedy-diverse (d2=0.5),9,1200,1.1087702512741089,0.5024294257164001,115242,0.9655438661575317,0.44979187846183777,101592,0.18276050686836243,0.05228221416473389,12868,1.0790739059448242,0.5343891978263855,88724,1.4360921382904053,0.6018208265304565,3736,2.453110933303833,2.049644947052002,9914
cartpole,fm_disp_gdiv_d05,FM dispersion greedy-diverse (d2=0.5),10,1300,1.1689473390579224,0.5602216720581055,115242,1.041253685951233,0.487027108669281,100718,0.2924153208732605,0.0567602775990963,13713,1.159279465675354,0.5789140462875366,87005,1.7681868076324463,1.0665892362594604,1637,2.0908141136169434,1.6512317657470703,12887
cartpole,fm_disp_gdiv_d05,FM dispersion greedy-diverse (d2=0.5),11,1400,1.1516817808151245,0.5397316217422485,115242,1.0307629108428955,0.4866052269935608,99796,0.15124818682670593,0.04974835738539696,10965,1.1393272876739502,0.5712729692459106,88831,1.3104877471923828,0.47823286056518555,5600,2.286954641342163,1.9113787412643433,9846
cartpole,fm_disp_gdiv_d05,FM dispersion greedy-diverse (d2=0.5),12,1500,1.0996342897415161,0.5073199272155762,115242,0.964508056640625,0.45191434025764465,101323,0.138286754488945,0.046238698065280914,12480,1.0805693864822388,0.5466216206550598,88843,1.458416223526001,0.5982032418251038,5664,2.5120208263397217,2.133812665939331,8255
cartpole,fm_disp_gdiv_d05,FM dispersion greedy-diverse (d2=0.5),13,1600,1.0527269840240479,0.4710496664047241,115242,0.9304720163345337,0.4139205813407898,105167,0.30422747135162354,0.05233313888311386,17014,1.0513405799865723,0.5096919536590576,88153,2.2362983226776123,1.7304199934005737,1651,2.3470184803009033,1.9261966943740845,8424
cartpole,fm_disp_gdiv_d05,FM dispersion greedy-diverse (d2=0.5),14,1700,1.0239919424057007,0.4633517861366272,115242,0.8919598460197449,0.40773436427116394,102955,0.18005910515785217,0.03981602564454079,15141,1.0147066116333008,0.5071223974227905,87814,1.507397174835205,0.6543656587600708,3460,2.374480962753296,1.9408844709396362,8827
cartpole,fm_disp_prop_d05,FM dispersion proportional (d2=0.5),0,300,2.135183811187744,1.454014539718628,115242,1.6961588859558105,1.1018770933151245,81995,0.49284180998802185,0.10289667546749115,11373,1.8899413347244263,1.295417070388794,70622,2.010249614715576,1.0897023677825928,2413,3.312434196472168,2.787618637084961,30834
cartpole,fm_disp_prop_d05,FM dispersion proportional (d2=0.5),1,400,2.731294870376587,2.223641872406006,115242,2.19325852394104,1.687414288520813,72342,1.626795768737793,0.2365463823080063,18565,2.3888139724731445,1.990004301071167,53777,2.7292284965515137,2.502403736114502,210,3.6430561542510986,3.0947093963623047,42690
cartpole,fm_disp_prop_d05,FM dispersion proportional (d2=0.5),2,500,1.9206008911132812,1.1947033405303955,115242,1.7093405723571777,1.080601453781128,93548,0.14543397724628448,0.06836044043302536,9619,1.8885780572891235,1.2176340818405151,83929,1.8964040279388428,0.8426011800765991,10304,3.6776084899902344,3.6920225620269775,11390
cartpole,fm_disp_prop_d05,FM dispersion proportional (d2=0.5),3,600,1.3901954889297485,0.7157993316650391,115242,1.2669583559036255,0.638713538646698,98143,0.20618955790996552,0.05713362246751785,10669,1.396337866783142,0.7293476462364197,87474,1.385567307472229,0.5471748113632202,3864,2.305401563644409,1.9972563982009888,13235
cartpole,fm_disp_prop_d05,FM dispersion proportional (d2=0.5),4,700,1.313206672668457,0.6565650701522827,115242,1.1636557579040527,0.5618516206741333,98266,0.2687453031539917,0.05767335370182991,12927,1.2992154359817505,0.652285635471344,85339,1.8552494049072266,1.3573683500289917,1814,2.2176055908203125,1.8259385824203491,15162
cartpole,fm_disp_prop_d05,FM dispersion proportional (d2=0.5),5,800,1.4429975748062134,0.8106832504272461,115242,1.2943426370620728,0.6824750900268555,96392,0.2592523694038391,0.0658855140209198,12022,1.4418343305587769,0.7936511039733887,84370,1.4704241752624512,0.8288987874984741,1499,2.266467332839966,1.9453340768814087,17351
cartpole,fm_disp_prop_d05,FM dispersion proportional (d2=0.5),6,900,1.4222359657287598,0.7742705345153809,115242,1.2883353233337402,0.666317343711853,97937,0.21937498450279236,0.06639997661113739,12820,1.4493383169174194,0.781054675579071,85117,1.7484235763549805,1.2105090618133545,1972,2.235553503036499,1.9165194034576416,15333
cartpole,fm_disp_prop_d05,FM dispersion proportional (d2=0.5),7,1000,1.1355265378952026,0.5371286273002625,115242,1.0159832239151,0.47821858525276184,101185,0.1521579623222351,0.05251714214682579,12473,1.1374377012252808,0.5641111135482788,88712,1.3601351976394653,0.6950489282608032,4090,2.2569632530212402,1.8724371194839478,9967
cartpole,fm_disp_prop_d05,FM dispersion proportional (d2=0.5),8,1100,1.067059874534607,0.47716447710990906,115242,0.9376060962677002,0.4174734354019165,104344,0.23722706735134125,0.04720035195350647,16273,1.0670161247253418,0.5152038931846619,88071,1.9278680086135864,1.3988112211227417,1429,2.3636722564697266,1.9256019592285156,9469
cartpole,fm_disp_prop_d05,FM dispersion proportional (d2=0.5),9,1200,1.1532368659973145,0.5304113626480103,115242,1.0062541961669922,0.46708741784095764,99352,0.14789722859859467,0.04565129056572914,11576,1.1194552183151245,0.549971342086792,87776,1.3092213869094849,0.5322772264480591,4243,2.350212812423706,1.9374419450759888,11647
cartpole,fm_disp_prop_d05,FM dispersion proportional (d2=0.5),10,1300,1.0851092338562012,0.4921627342700958,115242,0.9583421349525452,0.435548335313797,101570,0.12025123834609985,0.045507218688726425,13162,1.083115577697754,0.5255719423294067,88408,1.4076472520828247,0.7076212167739868,4362,2.3169898986816406,1.9083399772644043,9310
cartpole,fm_disp_prop_d05,FM dispersion proportional (d2=0.5),11,1400,1.051437258720398,0.4599582552909851,115242,0.9269848465919495,0.40970414876937866,100092,0.10784958302974701,0.03535815328359604,12103,1.0396578311920166,0.49407532811164856,87989,1.2504684925079346,0.46804913878440857,6795,2.3804965019226074,1.9905219078063965,8355
cartpole,fm_disp_prop_d05,FM dispersion proportional (d2=0.5),12,1500,1.0921827554702759,0.4847016930580139,115242,0.9678524136543274,0.43588754534721375,102584,0.14114651083946228,0.04317830130457878,13118,1.0890684127807617,0.5251818895339966,89466,1.598509669303894,0.8122173547744751,5471,2.481384515762329,2.1100406646728516,7187
cartpole,fm_disp_prop_d05,FM dispersion proportional (d2=0.5),13,1600,1.0148104429244995,0.4383600354194641,115242,0.8896928429603577,0.38897985219955444,104554,0.1461620330810547,0.043587975203990936,15557,1.0196647644042969,0.48594385385513306,88997,1.617836356163025,0.8880442380905151,3343,2.5213615894317627,2.0380961894989014,7345
cartpole,fm_disp_prop_d05,FM dispersion proportional (d2=0.5),14,1700,1.0031126737594604,0.4424787759780884,115242,0.8953366875648499,0.40727877616882324,104275,0.14424899220466614,0.04201665148139,14225,1.0139843225479126,0.5025553703308105,90050,1.4466819763183594,0.5531156659126282,5306,2.5725817680358887,2.163820743560791,5661
cartpole,fm_disp_greedy_d10,FM dispersion greedy (d2=1.0),0,300,2.135183811187744,1.454014539718628,115242,1.6961588859558105,1.1018770933151245,81995,0.49284180998802185,0.10289667546749115,11373,1.8899413347244263,1.295417070388794,70622,2.010249614715576,1.0897023677825928,2413,3.312434196472168,2.787618637084961,30834
cartpole,fm_disp_greedy_d10,FM dispersion greedy (d2=1.0),1,400,2.566084623336792,1.8883533477783203,115242,2.304286003112793,1.5382041931152344,78589,1.3256440162658691,0.1501651108264923,12651,2.4920504093170166,1.7238346338272095,65938,2.364678144454956,1.2503764629364014,2908,3.193145990371704,2.839905023574829,33745
cartpole,fm_disp_greedy_d10,FM dispersion greedy (d2=1.0),2,500,2.0376486778259277,1.2781717777252197,115242,1.795678973197937,1.0865942239761353,86839,0.3069021999835968,0.06300167739391327,9455,1.977582335472107,1.2338838577270508,77384,2.0601861476898193,0.510997474193573,6980,3.0111372470855713,2.677443027496338,21423
cartpole,fm_disp_greedy_d10,FM dispersion greedy (d2=1.0),3,600,2.6851131916046143,2.0800893306732178,115242,2.3060126304626465,1.5855920314788818,63329,0.4756588041782379,0.129032164812088,6965,2.5321924686431885,1.7775115966796875,56364,1.7695919275283813,1.709084153175354,5,3.1477131843566895,2.8090367317199707,51908
cartpole,fm_disp_greedy_d10,FM dispersion greedy (d2=1.0),4,700,2.4852097034454346,1.7922773361206055,115242,2.12213397026062,1.3937902450561523,63530,0.3958909213542938,0.12392522394657135,5290,2.2789306640625,1.528435230255127,58240,4.200083255767822,4.200083255767822,2,2.931210994720459,2.4883804321289062,51710
cartpole,fm_disp_greedy_d10,FM dispersion greedy (d2=1.0),5,800,2.788480520248413,2.1445279121398926,115242,2.4319777488708496,1.7158339023590088,59049,0.18816691637039185,0.09584803134202957,2679,2.5386157035827637,1.80071222782135,56370,,,0,3.1631019115448,2.8618507385253906,56193
cartpole,fm_disp_greedy_d10,FM dispersion greedy (d2=1.0),6,900,2.6454098224639893,1.9662257432937622,115242,2.2171313762664795,1.489019513130188,61341,0.25432413816452026,0.09304500371217728,3675,2.342219591140747,1.5975279808044434,57666,,,0,3.132803440093994,2.7885587215423584,53901
cartpole,fm_disp_greedy_d10,FM dispersion greedy (d2=1.0),7,1000,2.625673532485962,1.8546546697616577,115242,2.0438547134399414,1.3018689155578613,60921,0.3918285667896271,0.10034015774726868,3653,2.149233818054199,1.3833885192871094,57268,,,0,3.2781832218170166,2.992048978805542,54321
cartpole,fm_disp_greedy_d10,FM dispersion greedy (d2=1.0),8,1100,2.9964723587036133,2.489518880844116,115242,2.7069971561431885,1.948289394378662,50097,,,0,2.7069971561431885,1.948289394378662,50097,,,0,3.219080686569214,3.0702297687530518,65145
cartpole,fm_disp_greedy_d10,FM dispersion greedy (d2=1.0),9,1200,2.948880434036255,2.4176716804504395,115242,2.642364740371704,1.8966885805130005,55213,,,0,2.642364740371704,1.8966885805130005,55213,,,0,3.230804681777954,2.9987940788269043,60029
cartpole,fm_disp_greedy_d10,FM dispersion greedy (d2=1.0),10,1300,3.3198184967041016,2.89064359664917,115242,3.213146448135376,2.5753793716430664,51452,,,0,3.213146448135376,2.5753793716430664,51452,,,0,3.405858039855957,3.1708412170410156,63790
cartpole,fm_disp_greedy_d10,FM dispersion greedy (d2=1.0),11,1400,3.108842372894287,2.63228178024292,115242,2.722761392593384,2.003803253173828,53796,,,0,2.722761392593384,2.003803253173828,53796,,,0,3.446856737136841,3.1817893981933594,61446
cartpole,fm_disp_greedy_d10,FM dispersion greedy (d2=1.0),12,1500,5.51656436920166,4.831851005554199,115242,12.430684089660645,12.28221321105957,5784,,,0,12.430684089660645,12.28221321105957,5784,,,0,5.151206970214844,4.634856224060059,109458
cartpole,fm_disp_greedy_d10,FM dispersion greedy (d2=1.0),13,1600,3.1561920642852783,2.7733678817749023,115242,3.907399892807007,3.875586986541748,3162,,,0,3.907399892807007,3.875586986541748,3162,,,0,3.1349995136260986,2.731783866882324,112080
cartpole,fm_disp_greedy_d10,FM dispersion greedy (d2=1.0),14,1700,3.0874035358428955,2.7182655334472656,115242,2.796119213104248,2.011901378631592,36327,,,0,2.796119213104248,2.011901378631592,36327,,,0,3.2214908599853516,3.008131265640259,78915
cartpole,fm_disp_gdiv_d10,FM dispersion greedy-diverse (d2=1.0),0,300,1.9129042625427246,1.1953654289245605,115242,1.2936766147613525,0.8498612642288208,77801,0.347177118062973,0.08035141229629517,10196,1.4364250898361206,0.9988465905189514,67605,2.940392255783081,2.185732841491699,22,3.19978928565979,2.4803802967071533,37419
cartpole,fm_disp_gdiv_d10,FM dispersion greedy-diverse (d2=1.0),1,400,2.0588016510009766,1.4355006217956543,115242,1.7677606344223022,1.150338888168335,80844,0.7382680177688599,0.1116076409816742,13035,1.9656614065170288,1.3469429016113281,67809,2.7265522480010986,2.5256030559539795,115,2.742875576019287,2.2438576221466064,34283
cartpole,fm_disp_gdiv_d10,FM dispersion greedy-diverse (d2=1.0),2,500,2.3812150955200195,1.8029506206512451,115242,2.171654462814331,1.4298605918884277,69424,0.5762191414833069,0.14349961280822754,9208,2.4156222343444824,1.6533161401748657,60216,2.523040294647217,1.7925533056259155,33,2.698870897293091,2.3652310371398926,45785
cartpole,fm_disp_gdiv_d10,FM dispersion greedy-diverse (d2=1.0),3,600,2.403304100036621,1.7380787134170532,115242,2.135895252227783,1.400521993637085,66495,0.2591892182826996,0.1302434504032135,5460,2.3037796020507812,1.5273748636245728,61035,1.5214104652404785,1.3071670532226562,11,2.7683522701263428,2.365692138671875,48736
cartpole,fm_disp_gdiv_d10,FM dispersion greedy-diverse (d2=1.0),4,700,1.967984914779663,1.2237451076507568,115242,1.68686842918396,0.978507936000824,71288,0.15197475254535675,0.10916070640087128,4251,1.7842003107070923,1.0456678867340088,67037,1.5697271823883057,1.0543441772460938,8,2.424076557159424,1.935977816581726,43946
cartpole,fm_disp_gdiv_d10,FM dispersion greedy-diverse (d2=1.0),5,800,2.6552469730377197,2.0408756732940674,115242,2.304652452468872,1.6189740896224976,62143,0.14265652000904083,0.11462929844856262,2743,2.4044902324676514,1.6936583518981934,59400,1.549516201019287,1.2993981838226318,12,3.0658984184265137,2.816776990890503,53087
cartpole,fm_disp_gdiv_d10,FM dispersion greedy-diverse (d2=1.0),6,900,2.5534515380859375,1.8763154745101929,115242,2.349017381668091,1.6452128887176514,63029,0.11321830004453659,0.10691261291503906,1400,2.3998072147369385,1.6811342239379883,61629,6.367277145385742,6.367277145385742,1,2.800165891647339,2.342247724533081,52212
cartpole,fm_disp_gdiv_d10,FM dispersion greedy-diverse (d2=1.0),7,1000,1.6449674367904663,0.9992117881774902,115242,1.5077933073043823,0.8602731227874756,78240,0.10620039701461792,0.08580167591571808,4432,1.5919557809829712,0.927259624004364,73808,1.3017863035202026,1.3074902296066284,3,1.935071349143982,1.4380676746368408,36999
cartpole,fm_disp_gdiv_d10,FM dispersion greedy-diverse (d2=1.0),8,1100,1.6389970779418945,1.0290610790252686,115242,1.4966886043548584,0.885675847530365,74989,0.11877840757369995,0.10631555318832397,1726,1.5291506052017212,0.9097660183906555,73263,2.053084373474121,2.0184218883514404,5,1.9040911197662354,1.4066517353057861,40248
cartpole,fm_disp_gdiv_d10,FM dispersion greedy-diverse (d2=1.0),9,1200,1.726035714149475,1.2203314304351807,115242,1.7009804248809814,1.1358351707458496,73260,0.13166482746601105,0.10572250187397003,1808,1.7406901121139526,1.1660149097442627,71452,1.4825173616409302,1.277710199356079,9,1.7698194980621338,1.4025037288665771,41973
cartpole,fm_disp_gdiv_d10,FM dispersion greedy-diverse (d2=1.0),10,1300,1.4309961795806885,0.9139582514762878,115242,1.315068006515503,0.7863693833351135,85934,0.1437193751335144,0.09306377917528152,6920,1.417654037475586,0.8755453824996948,79014,2.270493745803833,2.1466917991638184,106,1.7690956592559814,1.3665013313293457,29202
cartpole,fm_disp_gdiv_d10,FM dispersion greedy-diverse (d2=1.0),11,1400,1.467726707458496,0.9626882076263428,115242,1.3562290668487549,0.8483907580375671,85761,0.16697388887405396,0.0941941887140274,7096,1.4635063409805298,0.9442167282104492,78665,2.8198482990264893,2.725548505783081,249,1.7833212614059448,1.3803179264068604,29232
cartpole,fm_disp_gdiv_d10,FM dispersion greedy-diverse (d2=1.0),12,1500,1.4049935340881348,0.8515390157699585,115242,1.2011945247650146,0.6590356826782227,82312,0.17176279425621033,0.08891694247722626,9117,1.3294180631637573,0.7568386793136597,73195,2.638744831085205,2.5324249267578125,271,1.908400535583496,1.6270304918289185,32659
cartpole,fm_disp_gdiv_d10,FM dispersion greedy-diverse (d2=1.0),13,1600,1.3475133180618286,0.7938932180404663,115242,1.1764763593673706,0.6577156186103821,89455,0.16085390746593475,0.0934838131070137,9693,1.2998988628387451,0.7551037073135376,79762,1.3311491012573242,0.9793592691421509,1508,1.9787085056304932,1.7191524505615234,24279
cartpole,fm_disp_gdiv_d10,FM dispersion greedy-diverse (d2=1.0),14,1700,1.1786409616470337,0.6679577827453613,115242,1.0665558576583862,0.5906128287315369,95161,0.11686905473470688,0.055438458919525146,11920,1.202549934387207,0.693949818611145,83241,1.0776339769363403,0.22180035710334778,2500,1.7996876239776611,1.4927175045013428,17581
cartpole,fm_disp_prop_d10,FM dispersion proportional (d2=1.0),0,300,2.345799684524536,1.6041609048843384,115242,1.8031715154647827,1.1862900257110596,78372,0.7155314683914185,0.10859684646129608,11479,1.989813208580017,1.3709330558776855,66893,2.234858751296997,1.1419512033462524,2586,3.5945968627929688,3.205554723739624,34284
cartpole,fm_disp_prop_d10,FM dispersion proportional (d2=1.0),1,400,1.8322774171829224,1.1543688774108887,115242,1.6217002868652344,0.9264587163925171,85400,0.27733251452445984,0.07806432247161865,10902,1.8184341192245483,1.0849106311798096,74498,1.4274482727050781,0.8373113870620728,1728,2.496816635131836,2.1262688636779785,28114
cartpole,fm_disp_prop_d10,FM dispersion proportional (d2=1.0),2,500,1.8830561637878418,1.130273699760437,115242,1.6401885747909546,0.9057340621948242,85103,0.3095490336418152,0.09267160296440125,11322,1.8443808555603027,1.0819469690322876,73781,1.379583477973938,0.5526793599128723,2229,2.663815498352051,2.1907429695129395,27910
cartpole,fm_disp_prop_d10,FM dispersion proportional (d2=1.0),3,600,2.0705811977386475,1.4217585325241089,115242,1.959835171699524,1.160555362701416,67759,0.23613247275352478,0.10013549029827118,6760,2.150858163833618,1.33549165725708,60999,1.5958037376403809,1.5958037376403809,2,2.228644371032715,1.7946292161941528,47481
cartpole,fm_disp_prop_d10,FM dispersion proportional (d2=1.0),4,700,2.443697929382324,1.7620141506195068,115242,2.0834460258483887,1.3553657531738281,69949,0.2637737989425659,0.1146775335073471,4812,2.217874526977539,1.4647400379180908,65137,1.3396892547607422,0.7064571976661682,2119,3.0815515518188477,2.792151689529419,43174
cartpole,fm_disp_prop_d10,FM dispersion proportional (d2=1.0),5,800,1.7450286149978638,1.017242670059204,115242,1.4857736825942993,0.8345847129821777,84158,0.2890218496322632,0.0870852991938591,8551,1.621124029159546,0.9422411918640137,75607,1.043287992477417,0.28588518500328064,1877,2.53715181350708,2.102572202682495,29207
cartpole,fm_disp_prop_d10,FM dispersion proportional (d2=1.0),6,900,1.5173403024673462,0.8827824592590332,115242,1.3205270767211914,0.7303898334503174,84938,0.21271902322769165,0.06751677393913269,7906,1.4342244863510132,0.8182761669158936,77032,0.656955361366272,0.2539137601852417,1206,2.1275031566619873,1.7400672435760498,29098
cartpole,fm_disp_prop_d10,FM dispersion proportional (d2=1.0),7,1000,2.1484827995300293,1.473546028137207,115242,1.8869091272354126,1.1640723943710327,66034,0.2403424084186554,0.11786549538373947,6472,2.0658247470855713,1.3140347003936768,59562,1.6940456628799438,1.7459969520568848,11,2.499678373336792,2.00820255279541,49197
cartpole,fm_disp_prop_d10,FM dispersion proportional (d2=1.0),8,1100,1.653364658355713,0.9894312620162964,115242,1.4458894729614258,0.7981985211372375,74937,0.15229679644107819,0.094758540391922,5138,1.5411126613616943,0.874094545841217,69799,2.177417039871216,1.876204013824463,12,2.039071559906006,1.5860744714736938,40293
cartpole,fm_disp_prop_d10,FM dispersion proportional (d2=1.0),9,1200,1.6923599243164062,1.0807082653045654,115242,1.5804460048675537,0.9325685501098633,73492,0.13524584472179413,0.1061350405216217,3415,1.6508735418319702,0.9894322156906128,70077,1.9732972383499146,1.3808584213256836,22,1.8893159627914429,1.4484128952026367,41728
cartpole,fm_disp_prop_d10,FM dispersion proportional (d2=1.0),10,1300,1.5636292695999146,0.9490211009979248,115242,1.4209117889404297,0.8301626443862915,78215,0.11516425013542175,0.0978984534740448,4588,1.5022783279418945,0.8955596685409546,73627,1.6158336400985718,1.648402214050293,17,1.8652164936065674,1.3571178913116455,37010
cartpole,fm_disp_prop_d10,FM dispersion proportional (d2=1.0),11,1400,1.5106147527694702,0.8704608678817749,115242,1.3640438318252563,0.7305904626846313,82665,0.12619246542453766,0.09267154335975647,6083,1.4623680114746094,0.809102475643158,76582,1.2064399719238281,0.8112147450447083,10,1.8827499151229858,1.3967535495758057,32567
cartpole,fm_disp_prop_d10,FM dispersion proportional (d2=1.0),12,1500,1.4239208698272705,0.792349100112915,115242,1.245485544204712,0.6606119871139526,91948,0.17226332426071167,0.08152158558368683,10652,1.386107087135315,0.7759681344032288,81296,1.0017718076705933,0.37126457691192627,1697,2.216768741607666,1.8214112520217896,21597
cartpole,fm_disp_prop_d10,FM dispersion proportional (d2=1.0),13,1600,1.3957868814468384,0.786669135093689,115242,1.2214505672454834,0.6505590081214905,87853,0.164231076836586,0.08600208908319473,8537,1.3352420330047607,0.7435324192047119,79316,2.8718974590301514,2.5836384296417236,42,1.9535797834396362,1.4868108034133911,27347
cartpole,fm_disp_prop_d10,FM dispersion proportional (d2=1.0),14,1700,1.381339192390442,0.8046343922615051,115242,1.2014245986938477,0.6627699136734009,93344,0.18178308010101318,0.07816262543201447,10918,1.3364843130111694,0.7741659879684448,82426,1.2743096351623535,0.783433735370636,1749,2.22411847114563,1.9154987335205078,20149
quad2d,fm_ranked,FM adaptive ranked (d2=1.0),0,3000,1.7951933145523071,1.0482934713363647,479789,1.650537133216858,0.9649986624717712,411847,0.29920974373817444,0.1598898470401764,6924,1.6736440658569336,0.9878107905387878,404923,1.371249794960022,0.8170538544654846,16621,3.093348503112793,2.1864514350891113,51321
quad2d,fm_ranked,FM adaptive ranked (d2=1.0),1,4000,1.6968806982040405,0.9427371025085449,479789,1.4872843027114868,0.82830411195755,382613,0.37160632014274597,0.12789800763130188,15709,1.535051941871643,0.8775402903556824,366904,1.4934825897216797,0.8843379616737366,11881,2.665411949157715,1.6605089902877808,85295
quad2d,fm_ranked,FM adaptive ranked (d2=1.0),2,5000,1.6342695951461792,0.87053382396698,479789,1.480421781539917,0.7927313446998596,406012,0.2493329793214798,0.0721178948879242,15009,1.52767813205719,0.8372400403022766,391003,1.4201202392578125,0.6252021193504333,16737,2.7922017574310303,1.7783195972442627,57040
quad2d,fm_ranked,FM adaptive ranked (d2=1.0),3,6000,1.584298849105835,0.8214941620826721,479789,1.440530776977539,0.7526194453239441,419997,0.2345682978630066,0.06697705388069153,19185,1.4982547760009766,0.8066147565841675,400812,1.5858345031738281,0.756610631942749,16616,2.9822194576263428,1.9525073766708374,43176
quad2d,fm_ranked,FM adaptive ranked (d2=1.0),4,7000,1.565532922744751,0.8025266528129578,479789,1.4466261863708496,0.747006893157959,427830,0.24490398168563843,0.06405957788228989,19478,1.5039472579956055,0.8008340001106262,408352,1.6608749628067017,0.7527124285697937,17927,3.0101301670074463,1.9336390495300293,34032
quad2d,fm_ranked,FM adaptive ranked (d2=1.0),5,8000,1.5446438789367676,0.8055405616760254,479789,1.4149243831634521,0.7422803640365601,427308,0.2270420491695404,0.05942399799823761,20576,1.4750179052352905,0.7997882962226868,406732,1.6954941749572754,0.8186885118484497,18037,3.074929714202881,2.0412521362304688,34444
quad2d,fm_ranked,FM adaptive ranked (d2=1.0),6,9000,1.5217421054840088,0.7930650115013123,479789,1.3944470882415771,0.7311773896217346,426456,0.20725156366825104,0.06346522271633148,19551,1.451489806175232,0.7844921946525574,406905,1.6714506149291992,0.8233685493469238,18673,3.0073208808898926,1.9864319562911987,34660
quad2d,fm_ranked,FM adaptive ranked (d2=1.0),7,10000,1.4095566272735596,0.6869584321975708,479789,1.1973942518234253,0.5989102721214294,371835,0.15753883123397827,0.043931733816862106,18331,1.2513160705566406,0.6482375264167786,353504,1.2503650188446045,0.5892081260681152,8025,2.2117936611175537,1.1683119535446167,99929
quad2d,fm_ranked,FM adaptive ranked (d2=1.0),8,11000,1.4358681440353394,0.7078664302825928,479789,1.3071682453155518,0.6466935276985168,423836,0.23544713854789734,0.07018246501684189,17458,1.353209376335144,0.6901583075523376,406378,1.554086446762085,0.7269091606140137,20405,2.9024922847747803,1.9368658065795898,35548
quad2d,fm_ranked,FM adaptive ranked (d2=1.0),9,12000,1.4080963134765625,0.6882945895195007,479789,1.279175877571106,0.6228216886520386,435870,0.34273824095726013,0.09642469882965088,24202,1.3342292308807373,0.6754522323608398,411668,2.076399564743042,1.2031683921813965,13599,2.9616687297821045,1.930081844329834,30320
quad2d,fm_direct,FM adaptive direct (d2=1.0),0,3000,1.795418381690979,1.0472668409347534,479789,1.6514824628829956,0.9656701683998108,411728,0.3040716052055359,0.15803031623363495,6845,1.6742620468139648,0.9875518083572388,404883,1.3628894090652466,0.8124123215675354,16691,3.0895919799804688,2.1829962730407715,51370
quad2d,fm_direct,FM adaptive direct (d2=1.0),1,4000,1.7332450151443481,0.9872204065322876,479789,1.512246012687683,0.868273913860321,368048,0.3904803693294525,0.14898589253425598,15245,1.5607187747955322,0.9166273474693298,352803,1.4258317947387695,0.8357027173042297,12045,2.5862483978271484,1.644711971282959,99696
quad2d,fm_direct,FM adaptive direct (d2=1.0),2,5000,1.6348062753677368,0.8811013102531433,479789,1.4677824974060059,0.7996037602424622,398475,0.25206875801086426,0.08201269805431366,12639,1.5076059103012085,0.835800051689148,385836,1.393053650856018,0.6364058256149292,20183,2.8033511638641357,1.8324363231658936,61131
quad2d,fm_direct,FM adaptive direct (d2=1.0),3,6000,1.5977091789245605,0.8324365019798279,479789,1.440980076789856,0.7587162256240845,408671,0.22461289167404175,0.07444891333580017,16259,1.4913783073425293,0.8045543432235718,392412,1.4793134927749634,0.6476818919181824,18785,2.8641180992126465,1.8545533418655396,52333
quad2d,fm_direct,FM adaptive direct (d2=1.0),4,6833,1.5613681077957153,0.8000229597091675,479789,1.4916231632232666,0.7654848098754883,448483,0.2341592013835907,0.057091619819402695,22065,1.5566905736923218,0.8262317180633545,426418,1.9905704259872437,0.9956690073013306,18330,3.365628242492676,2.3561606407165527,12976
quad2d,fm_direct,FM adaptive direct (d2=1.0),5,6970,1.5263878107070923,0.7794458270072937,479789,1.39454984664917,0.7189645767211914,427566,0.23194777965545654,0.056594107300043106,20694,1.4536808729171753,0.7755349278450012,406872,1.7266260385513306,0.801294207572937,17469,3.0476932525634766,2.0037782192230225,34754
quad2d,fm_direct,FM adaptive direct (d2=1.0),6,7204,1.5149626731872559,0.7772821187973022,479789,1.3800798654556274,0.7150945067405701,429080,0.21602502465248108,0.057951852679252625,21725,1.4421613216400146,0.7717159986495972,407355,1.7885226011276245,0.8694326281547546,16213,3.0641329288482666,2.05889630317688,34496
quad2d,fm_direct,FM adaptive direct (d2=1.0),7,7350,1.514855980873108,0.7774199843406677,479789,1.3817965984344482,0.7137253880500793,427910,0.2202877402305603,0.054758138954639435,21620,1.443603754043579,0.771559476852417,406290,1.8143153190612793,0.8814960718154907,16871,2.9969544410705566,1.9670543670654297,35008
quad2d,fm_direct,FM adaptive direct (d2=1.0),8,7473,1.5165764093399048,0.7762054204940796,479789,1.3825451135635376,0.7118102312088013,428797,0.22659312188625336,0.05431652441620827,21941,1.4448837041854858,0.7714067697525024,406856,1.7751588821411133,0.8573563098907471,16554,3.061134099960327,2.0308799743652344,34438
quad2d,fm_direct,FM adaptive direct (d2=1.0),9,7608,1.5206769704818726,0.7889719009399414,479789,1.3909789323806763,0.7257012724876404,423525,0.20092211663722992,0.06228310242295265,18811,1.4462922811508179,0.77911376953125,404714,1.5976213216781616,0.7330371141433716,18722,2.9454782009124756,1.9345022439956665,37542
quad2d,fm_nonadapt,FM non-adaptive (d2=0),0,3000,1.7726621627807617,1.0210742950439453,479789,1.6360079050064087,0.9433701038360596,416524,0.3164534866809845,0.14750942587852478,6849,1.6580681800842285,0.9652647376060486,409675,1.3789199590682983,0.8296409249305725,15714,3.0998051166534424,2.184532880783081,47551
quad2d,fm_nonadapt,FM non-adaptive (d2=0),1,4000,1.718897819519043,0.9663511514663696,479789,1.4784446954727173,0.8335123062133789,366630,0.24853673577308655,0.132688507437706,9138,1.509882926940918,0.8639606237411499,357492,1.1563615798950195,0.783302903175354,10229,2.6312804222106934,1.6656053066253662,102930
quad2d,fm_nonadapt,FM non-adaptive (d2=0),2,5000,1.6615527868270874,0.9015212655067444,479789,1.4378488063812256,0.7763108611106873,378206,0.3678690195083618,0.13679707050323486,9581,1.4656589031219482,0.8037264943122864,368625,1.3324962854385376,0.8590953350067139,13292,2.6693553924560547,1.682228446006775,88291
quad2d,fm_nonadapt,FM non-adaptive (d2=0),3,6000,1.6231921911239624,0.8795490860939026,479789,1.3884365558624268,0.7465559244155884,372542,0.4146351218223572,0.15159261226654053,8056,1.409960150718689,0.768295168876648,364486,1.3488562107086182,0.879629373550415,16352,2.6347126960754395,1.705219030380249,90895
quad2d,fm_nonadapt,FM non-adaptive (d2=0),4,7000,1.5620542764663696,0.8212148547172546,479789,1.34083890914917,0.7090926170349121,388754,0.3856978714466095,0.13256600499153137,10607,1.3676304817199707,0.7351242303848267,378147,1.3900665044784546,0.8377101421356201,14611,2.72021484375,1.747957706451416,76424
quad2d,fm_nonadapt,FM non-adaptive (d2=0),5,8000,1.4993178844451904,0.7632222771644592,479789,1.2045814990997314,0.6303120851516724,289625,0.18031972646713257,0.06213941052556038,4412,1.2204254865646362,0.6449057459831238,285213,1.4099230766296387,0.9945783615112305,3598,1.9585908651351929,1.0254158973693848,186566
quad2d,fm_nonadapt,FM non-adaptive (d2=0),6,9000,1.4647786617279053,0.7322502136230469,479789,1.1723662614822388,0.5981302261352539,300601,0.1547396332025528,0.06791838258504868,5397,1.190970540046692,0.6158849596977234,295204,1.310850739479065,0.8873677253723145,3914,1.9697120189666748,1.0310307741165161,175274
quad2d,fm_nonadapt,FM non-adaptive (d2=0),7,10000,1.4350320100784302,0.7070537805557251,479789,1.1536928415298462,0.5854467749595642,309186,0.18025106191635132,0.07320314645767212,7654,1.1784024238586426,0.6085973978042603,301532,1.3103827238082886,0.8669497966766357,4243,1.961090087890625,1.0076007843017578,166360
quad2d,fm_nonadapt,FM non-adaptive (d2=0),8,11000,1.4737958908081055,0.7439857125282288,479789,1.2728089094161987,0.6396020650863647,407607,0.36393600702285767,0.13473820686340332,15635,1.3090623617172241,0.6757007837295532,391972,1.5351433753967285,0.9634926915168762,14966,2.8895795345306396,1.851040005683899,57216
quad2d,fm_nonadapt,FM non-adaptive (d2=0),9,12000,1.416731357574463,0.6953327655792236,479789,1.2548497915267944,0.6095325350761414,419580,0.38558313250541687,0.12192849814891815,16875,1.2912757396697998,0.6464191675186157,402705,1.63847017288208,0.9554284811019897,15603,2.8618812561035156,1.8139441013336182,44606
quad2d,fm_disp_greedy_d05,FM dispersion greedy (d2=0.5),0,2000,1.9467167854309082,1.2089765071868896,479789,1.8422467708587646,1.1635668277740479,428893,0.3519027531147003,0.13453763723373413,7055,1.8671720027923584,1.1881849765777588,421838,1.424497365951538,0.7537651658058167,18117,3.602271556854248,2.780367851257324,32779
quad2d,fm_disp_greedy_d05,FM dispersion greedy (d2=0.5),1,2500,1.9764206409454346,1.221375823020935,479789,1.7701315879821777,1.1037085056304932,366324,0.4031961262226105,0.1606309562921524,5607,1.7913790941238403,1.1252802610397339,360717,1.3711955547332764,0.8678573369979858,13192,2.8096723556518555,1.8929883241653442,100273
quad2d,fm_disp_greedy_d05,FM dispersion greedy (d2=0.5),2,3000,1.8558349609375,1.1165004968643188,479789,1.6857595443725586,1.0088341236114502,384558,0.46502718329429626,0.15020883083343506,6886,1.708017110824585,1.0320353507995605,377672,1.3581452369689941,0.8770548105239868,11869,2.7112693786621094,1.8492352962493896,83362
quad2d,fm_disp_greedy_d05,FM dispersion greedy (d2=0.5),3,3500,1.8101985454559326,1.0971345901489258,479789,1.6646326780319214,1.0062692165374756,385327,0.36388668417930603,0.1593189835548401,5760,1.6843724250793457,1.026010513305664,379567,1.4336849451065063,0.8649153113365173,10991,2.5317509174346924,1.6754059791564941,83471
quad2d,fm_disp_greedy_d05,FM dispersion greedy (d2=0.5),4,4000,1.7650355100631714,1.0619564056396484,479789,1.6193633079528809,0.9645993113517761,398359,0.5463573336601257,0.2397228330373764,8911,1.6439144611358643,0.992760419845581,389448,1.764421820640564,1.1043814420700073,12737,2.609922409057617,1.7432206869125366,68693
quad2d,fm_disp_greedy_d05,FM dispersion greedy (d2=0.5),5,4500,1.7091351747512817,1.0118427276611328,479789,1.5161670446395874,0.8948453068733215,366101,0.36556077003479004,0.15213845670223236,5586,1.5339949131011963,0.9131655693054199,360515,1.5063261985778809,1.009115219116211,11932,2.427184820175171,1.536553978919983,101756
quad2d,fm_disp_greedy_d05,FM dispersion greedy (d2=0.5),6,5000,1.6598786115646362,0.9599609971046448,479789,1.493141770362854,0.8500312566757202,374258,0.35324496030807495,0.14104774594306946,7877,1.5176488161087036,0.8754137754440308,366381,1.5087631940841675,0.9877592325210571,13116,2.356571912765503,1.4812344312667847,92415
quad2d,fm_disp_greedy_d05,FM dispersion greedy (d2=0.5),7,5500,1.597281575202942,0.9149821400642395,479789,1.4443175792694092,0.810745120048523,386990,0.3900575339794159,0.13613995909690857,8166,1.4670432806015015,0.8348363637924194,378824,1.5330263376235962,0.9787192940711975,13556,2.3552865982055664,1.4906426668167114,79243
quad2d,fm_disp_greedy_d05,FM dispersion greedy (d2=0.5),8,6000,1.547231674194336,0.8710335493087769,479789,1.3966701030731201,0.7755470275878906,387529,0.29578766226768494,0.0930350124835968,6870,1.4165384769439697,0.79554682970047,380659,1.3750821352005005,0.8520501852035522,17655,2.370048999786377,1.4981087446212769,74605
quad2d,fm_disp_greedy_d05,FM dispersion greedy (d2=0.5),9,6500,1.5841476917266846,0.9132246971130371,479789,1.4206956624984741,0.7989184856414795,383004,0.44733044505119324,0.16336947679519653,8620,1.4431068897247314,0.8241729736328125,374384,1.5922242403030396,1.0442330837249756,15598,2.3536884784698486,1.4994605779647827,81187
quad2d,fm_disp_greedy_d05,FM dispersion greedy (d2=0.5),10,7000,1.5202168226242065,0.8595551252365112,479789,1.375587821006775,0.7715708613395691,394479,0.3069411814212799,0.0953478068113327,6553,1.3936395645141602,0.7893103361129761,387926,1.3393423557281494,0.8056078553199768,19205,2.4358325004577637,1.5423318147659302,66105
quad2d,fm_disp_greedy_d05,FM dispersion greedy (d2=0.5),11,7500,1.4837596416473389,0.8159843683242798,479789,1.3328392505645752,0.7279286980628967,397777,0.2836001217365265,0.08896803855895996,8015,1.3544156551361084,0.7488617897033691,389762,1.4841794967651367,0.8883007168769836,19897,2.450101852416992,1.5274889469146729,62115
quad2d,fm_disp_greedy_d05,FM dispersion greedy (d2=0.5),12,8000,1.5018681287765503,0.8366988897323608,479789,1.3467538356781006,0.7477849721908569,393230,0.2872811555862427,0.08493673801422119,7135,1.3663328886032104,0.7670459151268005,386095,1.4480234384536743,0.8682936429977417,22300,2.4697670936584473,1.5413135290145874,64259
quad2d,fm_disp_greedy_d05,FM dispersion greedy (d2=0.5),13,8500,1.5010284185409546,0.8324033617973328,479789,1.3615684509277344,0.7473027110099792,393675,0.25450751185417175,0.08080966770648956,7415,1.3828204870224,0.76860511302948,386260,1.3531265258789062,0.8227169513702393,20068,2.3772358894348145,1.4836652278900146,66046
quad2d,fm_disp_greedy_d05,FM dispersion greedy (d2=0.5),14,9000,1.4615373611450195,0.7996106147766113,479789,1.3200067281723022,0.7171752452850342,400098,0.3203187882900238,0.08914884924888611,8287,1.3411508798599243,0.7378431558609009,391811,1.4271026849746704,0.8395056128501892,22498,2.4651732444763184,1.5375930070877075,57193
quad2d,fm_disp_greedy_d05,FM dispersion greedy (d2=0.5),15,9500,1.4201091527938843,0.7551003694534302,479789,1.2918713092803955,0.6814302206039429,407161,0.32337453961372375,0.08488712459802628,9166,1.3141762018203735,0.7038742303848267,397995,1.4089542627334595,0.8280586004257202,20362,2.4234511852264404,1.4720752239227295,52266
quad2d,fm_disp_greedy_d05,FM dispersion greedy (d2=0.5),16,10000,1.4069660902023315,0.74439537525177,479789,1.279309868812561,0.6693011522293091,418541,0.4409073293209076,0.13869307935237885,14269,1.3089016675949097,0.699817419052124,404272,1.5539718866348267,0.949711799621582,16692,2.5510432720184326,1.5622735023498535,44556
quad2d,fm_disp_greedy_d05,FM dispersion greedy (d2=0.5),17,10500,1.3744797706604004,0.7033312320709229,479789,1.1457020044326782,0.5961637496948242,349004,0.2384348064661026,0.06575281918048859,8859,1.1693313121795654,0.6192214488983154,340145,1.314716100692749,0.7979503870010376,8768,2.033144950866699,1.1047662496566772,122017
quad2d,fm_disp_greedy_d05,FM dispersion greedy (d2=0.5),18,11000,1.389620304107666,0.7284954786300659,479789,1.1514097452163696,0.6160169839859009,305888,0.15955588221549988,0.06448948383331299,5354,1.1690795421600342,0.63214111328125,300534,1.4643083810806274,0.9932462573051453,5540,1.819957971572876,0.971653163433075,168361
quad2d,fm_disp_greedy_d05,FM dispersion greedy (d2=0.5),19,11500,1.3758106231689453,0.7091601490974426,479789,1.150200605392456,0.6037963032722473,342831,0.21769313514232635,0.058177415281534195,7740,1.171739935874939,0.6245138049125671,335091,1.301519513130188,0.8217695951461792,8482,1.9827427864074707,1.0674290657043457,128476
quad2d,fm_disp_gdiv_d05,FM dispersion greedy-diverse (d2=0.5),0,2000,1.9467167854309082,1.2089765071868896,479789,1.8422467708587646,1.1635668277740479,428893,0.3519027531147003,0.13453763723373413,7055,1.8671720027923584,1.1881849765777588,421838,1.424497365951538,0.7537651658058167,18117,3.602271556854248,2.780367851257324,32779
quad2d,fm_disp_gdiv_d05,FM dispersion greedy-diverse (d2=0.5),1,2500,1.973138689994812,1.2311872243881226,479789,1.7265580892562866,1.0832228660583496,348876,0.3732283413410187,0.16449759900569916,6401,1.75185227394104,1.1096751689910889,342475,1.386555790901184,0.8697071671485901,13971,2.778848171234131,1.9021086692810059,116942
quad2d,fm_disp_gdiv_d05,FM dispersion greedy-diverse (d2=0.5),2,3000,1.8296903371810913,1.107231616973877,479789,1.645263433456421,0.9993493556976318,380750,0.4806828200817108,0.1864662617444992,6939,1.6668816804885864,1.0227233171463013,373811,1.4831817150115967,0.9201211929321289,16998,2.75740122795105,1.8536229133605957,82041
quad2d,fm_disp_gdiv_d05,FM dispersion greedy-diverse (d2=0.5),3,3500,1.7825497388839722,1.0748058557510376,479789,1.5601797103881836,0.9461523294448853,347805,0.33487609028816223,0.15878835320472717,7007,1.5853724479675293,0.9713240265846252,340798,1.5217746496200562,0.996985912322998,10394,2.4409255981445312,1.5373029708862305,121590
quad2d,fm_disp_gdiv_d05,FM dispersion greedy-diverse (d2=0.5),4,4000,1.7062289714813232,0.9988687038421631,479789,1.5643621683120728,0.905411958694458,400878,0.4264715611934662,0.15924836695194244,8529,1.5890984535217285,0.9308446645736694,392349,1.5675939321517944,0.9885683059692383,16670,2.6570851802825928,1.7868170738220215,62241
quad2d,fm_disp_gdiv_d05,FM dispersion greedy-diverse (d2=0.5),5,4500,1.649741530418396,0.945853590965271,479789,1.4659086465835571,0.8310403823852539,379910,0.31934329867362976,0.15173733234405518,7832,1.49004328250885,0.8546445369720459,372078,1.4858161211013794,1.0277485847473145,12124,2.4682397842407227,1.5555791854858398,87755
quad2d,fm_disp_gdiv_d05,FM dispersion greedy-diverse (d2=0.5),6,5000,1.6677075624465942,0.9758146405220032,479789,1.4681745767593384,0.8562592267990112,361741,0.1961292177438736,0.10105101764202118,4272,1.483376383781433,0.8701884150505066,357469,1.3332769870758057,0.8318527936935425,13745,2.403794527053833,1.5315074920654297,104303
quad2d,fm_disp_gdiv_d05,FM dispersion greedy-diverse (d2=0.5),7,5500,1.5772310495376587,0.8921453952789307,479789,1.3558852672576904,0.7964808940887451,245155,0.14679208397865295,0.07101389765739441,2956,1.370642066001892,0.8096118569374084,242199,1.442652940750122,0.9249933362007141,3145,1.8134722709655762,1.007141351699829,231489
quad2d,fm_disp_gdiv_d05,FM dispersion greedy-diverse (d2=0.5),8,6000,1.5792880058288574,0.9010341167449951,479789,1.4033278226852417,0.799289882183075,374831,0.24040213227272034,0.09250534325838089,5741,1.4214166402816772,0.8166452050209045,369090,1.3327580690383911,0.843693733215332,18810,2.3987221717834473,1.5005488395690918,86148
quad2d,fm_disp_gdiv_d05,FM dispersion greedy-diverse (d2=0.5),9,6500,1.5052852630615234,0.8301618695259094,479789,1.3541325330734253,0.7387037873268127,397479,0.2634093761444092,0.08134471625089645,8372,1.3776006698608398,0.7619836926460266,389107,1.4055588245391846,0.8485894799232483,18608,2.477555274963379,1.5569194555282593,63702
quad2d,fm_disp_gdiv_d05,FM dispersion greedy-diverse (d2=0.5),10,7000,1.5494933128356934,0.8698137998580933,479789,1.373252511024475,0.7717791199684143,386327,0.23319409787654877,0.08145050704479218,6987,1.3942508697509766,0.7915409803390503,379340,1.335080623626709,0.7870433926582336,18802,2.5154478549957275,1.6179258823394775,74660
quad2d,fm_disp_gdiv_d05,FM dispersion greedy-diverse (d2=0.5),11,7500,1.455967903137207,0.7857908606529236,479789,1.3034809827804565,0.7002284526824951,405843,0.3049587309360504,0.08002763986587524,9008,1.3261468410491943,0.7225273847579956,396835,1.3962823152542114,0.836656928062439,19006,2.603041648864746,1.622766375541687,54940
quad2d,fm_disp_gdiv_d05,FM dispersion greedy-diverse (d2=0.5),12,8000,1.451164722442627,0.7768689393997192,479789,1.2982966899871826,0.6927505731582642,405988,0.34707286953926086,0.09251363575458527,9558,1.3212307691574097,0.717013955116272,396430,1.454646110534668,0.8497738242149353,20879,2.622509241104126,1.6173880100250244,52922
quad2d,fm_disp_gdiv_d05,FM dispersion greedy-diverse (d2=0.5),13,8500,1.43220853805542,0.7513152360916138,479789,1.2868034839630127,0.6793563961982727,408677,0.2809351086616516,0.08283238112926483,11126,1.3149538040161133,0.7067643404006958,397551,1.2957130670547485,0.7221719622612,18671,2.6139566898345947,1.5909714698791504,52441
quad2d,fm_disp_gdiv_d05,FM dispersion greedy-diverse (d2=0.5),14,9000,1.4299428462982178,0.7582560181617737,479789,1.2858376502990723,0.6818090081214905,407219,0.3267352879047394,0.08772331476211548,10256,1.310617446899414,0.707501232624054,396963,1.3566902875900269,0.7580903172492981,19349,2.5591931343078613,1.5644103288650513,53221
quad2d,fm_disp_gdiv_d05,FM dispersion greedy-diverse (d2=0.5),15,9500,1.451491117477417,0.7783582806587219,479789,1.199342131614685,0.6578922271728516,323766,0.17043143510818481,0.06351442635059357,5732,1.2178864479064941,0.6751158833503723,318034,1.250398874282837,0.809217095375061,8448,2.0161945819854736,1.1109458208084106,147575
quad2d,fm_disp_gdiv_d05,FM dispersion greedy-diverse (d2=0.5),16,10000,1.4579335451126099,0.7765193581581116,479789,1.3185718059539795,0.701360821723938,403538,0.2905128002166748,0.08803434669971466,7736,1.3386651277542114,0.721142053604126,395802,1.3202364444732666,0.7470169067382812,22337,2.5580856800079346,1.5628165006637573,53914
quad2d,fm_disp_gdiv_d05,FM dispersion greedy-diverse (d2=0.5),17,10500,1.4006469249725342,0.721161425113678,479789,1.1695343255996704,0.6231294274330139,293619,0.171956405043602,0.06607666611671448,5840,1.1897788047790527,0.6426026225090027,287779,1.362973690032959,0.8613637685775757,4509,1.7751299142837524,0.9167882800102234,181661
quad2d,fm_disp_gdiv_d05,FM dispersion greedy-diverse (d2=0.5),18,11000,1.4078730344772339,0.7444711327552795,479789,1.1873390674591064,0.6527895331382751,281653,0.18516650795936584,0.06769169867038727,5611,1.2077101469039917,0.6724385023117065,276042,1.4522197246551514,0.9762465953826904,5219,1.7286458015441895,0.9000338315963745,192917
quad2d,fm_disp_gdiv_d05,FM dispersion greedy-diverse (d2=0.5),19,11500,1.391758918762207,0.7110499739646912,479789,1.139013648033142,0.5972315073013306,306578,0.1808612048625946,0.06095712631940842,6180,1.158725619316101,0.6160266399383545,300398,1.4683101177215576,0.9156479835510254,5063,1.8502758741378784,0.976414680480957,168148
quad2d,fm_disp_prop_d05,FM dispersion proportional (d2=0.5),0,2000,1.9467167854309082,1.2089765071868896,479789,1.8422467708587646,1.1635668277740479,428893,0.3519027531147003,0.13453763723373413,7055,1.8671720027923584,1.1881849765777588,421838,1.424497365951538,0.7537651658058167,18117,3.602271556854248,2.780367851257324,32779
quad2d,fm_disp_prop_d05,FM dispersion proportional (d2=0.5),1,2500,1.9503920078277588,1.2113620042800903,479789,1.6911314725875854,1.057480812072754,316278,0.3623087406158447,0.16781459748744965,4774,1.7114967107772827,1.0786983966827393,311504,1.2985689640045166,0.9220759868621826,7810,2.5097274780273438,1.6225687265396118,155701
quad2d,fm_disp_prop_d05,FM dispersion proportional (d2=0.5),2,3000,1.8227466344833374,1.0904731750488281,479789,1.656213402748108,0.9939505457878113,389720,0.4093753695487976,0.17065951228141785,6622,1.6777657270431519,1.015982747077942,383098,1.450838327407837,0.908390462398529,15065,2.762749433517456,1.8355604410171509,75004
quad2d,fm_disp_prop_d05,FM dispersion proportional (d2=0.5),3,3500,1.7710845470428467,1.055734634399414,479789,1.6295756101608276,0.9599465131759644,397995,0.39091894030570984,0.18275228142738342,5942,1.6483489274978638,0.9798067808151245,392053,1.6218774318695068,0.9664900898933411,15717,2.6589105129241943,1.7846527099609375,66077
quad2d,fm_disp_prop_d05,FM dispersion proportional (d2=0.5),4,4000,1.689699411392212,0.9791504144668579,479789,1.4975658655166626,0.8616445064544678,371765,0.3200785517692566,0.12391816079616547,7666,1.5223579406738281,0.8855103850364685,364099,1.4415555000305176,0.9431861639022827,10009,2.443789482116699,1.5289802551269531,98015
quad2d,fm_disp_prop_d05,FM dispersion proportional (d2=0.5),5,4500,1.637459635734558,0.9277810454368591,479789,1.5249329805374146,0.8511595129966736,414207,0.45316654443740845,0.147446870803833,8614,1.5476951599121094,0.8749126195907593,405593,1.561087965965271,0.95467609167099,17607,2.6370248794555664,1.7819169759750366,47975
quad2d,fm_disp_prop_d05,FM dispersion proportional (d2=0.5),6,5000,1.6280112266540527,0.9305964112281799,479789,1.453783392906189,0.8203720450401306,383474,0.4163376986980438,0.1688278615474701,8161,1.4763420820236206,0.8443684577941895,375313,1.510728359222412,1.0138094425201416,14568,2.4662117958068848,1.556596040725708,81747
quad2d,fm_disp_prop_d05,FM dispersion proportional (d2=0.5),7,5500,1.6117863655090332,0.920879065990448,479789,1.4412243366241455,0.8113927841186523,381845,0.42213428020477295,0.14846967160701752,8135,1.46340811252594,0.835127592086792,373710,1.4311553239822388,0.9494653940200806,13498,2.411898374557495,1.521073341369629,84446
quad2d,fm_disp_prop_d05,FM dispersion proportional (d2=0.5),8,6000,1.5313472747802734,0.8355816006660461,479789,1.3877370357513428,0.7448124885559082,406521,0.4902135729789734,0.14528170228004456,10181,1.4107924699783325,0.769557535648346,396340,1.4466160535812378,0.9436682462692261,14503,2.545717477798462,1.585295557975769,58765
quad2d,fm_disp_prop_d05,FM dispersion proportional (d2=0.5),9,6500,1.5840295553207397,0.8996749520301819,479789,1.4113951921463013,0.7875962853431702,386567,0.36819177865982056,0.16097792983055115,7691,1.4325716495513916,0.8096365928649902,378876,1.4283215999603271,0.9429470300674438,14368,2.4587090015411377,1.5672471523284912,78854
quad2d,fm_disp_prop_d05,FM dispersion proportional (d2=0.5),10,7000,1.5819666385650635,0.8904913067817688,479789,1.3983186483383179,0.7782832384109497,381878,0.47262343764305115,0.16634181141853333,9019,1.4207099676132202,0.8036462068557739,372859,1.5777286291122437,0.9604267477989197,18964,2.471315860748291,1.594192624092102,78947
quad2d,fm_disp_prop_d05,FM dispersion proportional (d2=0.5),11,7500,1.5457371473312378,0.8612579703330994,479789,1.446289300918579,0.7968509197235107,422362,0.5361729264259338,0.15740886330604553,10628,1.4697816371917725,0.8231728076934814,411734,1.6761530637741089,0.977350115776062,23084,2.6811258792877197,1.7998740673065186,34343
quad2d,fm_disp_prop_d05,FM dispersion proportional (d2=0.5),12,8000,1.4630037546157837,0.7842229604721069,479789,1.3255267143249512,0.7001434564590454,412014,0.4673925042152405,0.14858166873455048,12459,1.352285385131836,0.7294074296951294,399555,1.5375508069992065,0.9650980234146118,16130,2.536485433578491,1.591213345527649,51645
quad2d,fm_disp_prop_d05,FM dispersion proportional (d2=0.5),13,8500,1.4542485475540161,0.779866099357605,479789,1.3066658973693848,0.6932719349861145,409835,0.46851983666419983,0.14296124875545502,12449,1.3329225778579712,0.7224264144897461,397386,1.5977264642715454,0.9709920883178711,17970,2.568173408508301,1.6430957317352295,51984
quad2d,fm_disp_prop_d05,FM dispersion proportional (d2=0.5),14,9000,1.4378528594970703,0.7647097110748291,479789,1.2965129613876343,0.6861655116081238,406990,0.2972582280635834,0.08834201097488403,8588,1.318053126335144,0.7077207565307617,398402,1.341394066810608,0.7888158559799194,21595,2.601959228515625,1.6371128559112549,51204
quad2d,fm_disp_prop_d05,FM dispersion proportional (d2=0.5),15,9500,1.4510637521743774,0.769903302192688,479789,1.3055440187454224,0.6901015639305115,402254,0.29634416103363037,0.08792051672935486,7056,1.3235628604888916,0.7078348398208618,395198,1.3028568029403687,0.7800450921058655,20507,2.530795097351074,1.550232172012329,57028
quad2d,fm_disp_prop_d05,FM dispersion proportional (d2=0.5),16,10000,1.4126437902450562,0.7374073266983032,479789,1.2782856225967407,0.6604748368263245,416851,0.4347882568836212,0.1455249935388565,13281,1.306044340133667,0.6896181106567383,403570,1.4723855257034302,0.8777514696121216,18379,2.6449265480041504,1.6692627668380737,44559
quad2d,fm_disp_prop_d05,FM dispersion proportional (d2=0.5),17,10500,1.4905437231063843,0.8103347420692444,479789,1.3217350244522095,0.7136136293411255,399662,0.3535628914833069,0.1525842249393463,10914,1.3489160537719727,0.7408508062362671,388748,1.3957782983779907,0.8895402550697327,18600,2.6157286167144775,1.7242413759231567,61527
quad2d,fm_disp_prop_d05,FM dispersion proportional (d2=0.5),18,11000,1.372840166091919,0.7008986473083496,479789,1.1221463680267334,0.5888857841491699,298463,0.20302586257457733,0.07444416731595993,5802,1.1403679847717285,0.6067231297492981,292661,1.4938690662384033,0.9957813024520874,4184,1.7923704385757446,0.9363470077514648,177142
quad2d,fm_disp_prop_d05,FM dispersion proportional (d2=0.5),19,11500,1.3730052709579468,0.6952252984046936,479789,1.1285477876663208,0.5926697254180908,305471,0.22064459323883057,0.06745918840169907,6659,1.1487804651260376,0.6126583218574524,298812,1.383117914199829,0.8930436372756958,4308,1.8119853734970093,0.9298120737075806,170010
quad2d,fm_disp_greedy_d10,FM dispersion greedy (d2=1.0),0,2000,1.9467167854309082,1.2089765071868896,479789,1.8422467708587646,1.1635668277740479,428893,0.3519027531147003,0.13453763723373413,7055,1.8671720027923584,1.1881849765777588,421838,1.424497365951538,0.7537651658058167,18117,3.602271556854248,2.780367851257324,32779
quad2d,fm_disp_greedy_d10,FM dispersion greedy (d2=1.0),1,2500,1.8859312534332275,1.1313488483428955,479789,1.7241315841674805,1.028098702430725,389147,0.5317563414573669,0.16056664288043976,6223,1.7435095310211182,1.0497997999191284,382924,1.609311580657959,0.9854786992073059,12201,2.7316489219665527,1.8067573308944702,78441
quad2d,fm_disp_greedy_d10,FM dispersion greedy (d2=1.0),2,3000,1.9061923027038574,1.1772406101226807,479789,1.821593165397644,1.131900429725647,421287,0.4658651649951935,0.1338532567024231,6071,1.8414156436920166,1.1515226364135742,415216,1.6580060720443726,0.8841397762298584,19110,2.931358814239502,2.1051950454711914,39392
quad2d,fm_disp_greedy_d10,FM dispersion greedy (d2=1.0),3,3500,1.7978577613830566,1.079403281211853,479789,1.6577095985412598,0.9863036870956421,389345,0.36725321412086487,0.12759806215763092,6814,1.6806961297988892,1.0106765031814575,382531,1.7394487857818604,1.0552870035171509,12624,2.5085160732269287,1.6248091459274292,77820
quad2d,fm_disp_greedy_d10,FM dispersion greedy (d2=1.0),4,4000,1.7476487159729004,1.0518255233764648,479789,1.6174802780151367,0.9706906080245972,400075,0.544046938419342,0.12823128700256348,9679,1.644093632698059,0.9999411106109619,390396,1.8437265157699585,1.0981268882751465,11470,2.4946038722991943,1.5868408679962158,68244
quad2d,fm_disp_greedy_d10,FM dispersion greedy (d2=1.0),5,4500,1.7294838428497314,1.0508339405059814,479789,1.5493531227111816,0.9469866752624512,367202,0.25798898935317993,0.0870731845498085,5100,1.567541241645813,0.9638822674751282,362102,1.5484987497329712,0.9357147812843323,10815,2.398644208908081,1.5252680778503418,101772
quad2d,fm_disp_greedy_d10,FM dispersion greedy (d2=1.0),6,5000,1.6688196659088135,1.0290955305099487,479789,1.4755662679672241,0.9412597417831421,264266,0.1435382068157196,0.06064409017562866,3091,1.4913309812545776,0.9551340341567993,261175,1.65326988697052,1.2423923015594482,2370,1.9085865020751953,1.1511847972869873,213153
quad2d,fm_disp_greedy_d10,FM dispersion greedy (d2=1.0),7,5500,1.6527081727981567,1.0056285858154297,479789,1.5018789768218994,0.8984050750732422,378225,0.40325480699539185,0.12499450892210007,8483,1.5270847082138062,0.9250324368476868,369742,1.8638843297958374,1.2664233446121216,8831,2.247776508331299,1.4552768468856812,92733
quad2d,fm_disp_greedy_d10,FM dispersion greedy (d2=1.0),8,6000,1.6377533674240112,1.0018095970153809,479789,1.4837573766708374,0.903111457824707,372891,0.39116448163986206,0.0883791446685791,7536,1.5062936544418335,0.9272385239601135,365355,1.6496838331222534,1.0253400802612305,13157,2.248657464981079,1.427410364151001,93741
quad2d,fm_disp_greedy_d10,FM dispersion greedy (d2=1.0),9,6500,1.5575071573257446,0.929111897945404,479789,1.4256212711334229,0.8537412285804749,386174,0.30772751569747925,0.08071912825107574,7220,1.4469197988510132,0.8749277591705322,378954,1.5326128005981445,0.9445620775222778,14610,2.2067651748657227,1.3378409147262573,79005
quad2d,fm_disp_greedy_d10,FM dispersion greedy (d2=1.0),10,7000,1.533768653869629,0.9036020040512085,479789,1.3301862478256226,0.8056401014328003,293837,0.1653614640235901,0.05771766975522041,5455,1.3522204160690308,0.8263875842094421,288382,1.6749218702316284,1.2228606939315796,3765,1.8591954708099365,1.080782175064087,182187
quad2d,fm_disp_greedy_d10,FM dispersion greedy (d2=1.0),11,7500,1.5463972091674805,0.917879581451416,479789,1.4104018211364746,0.8380017280578613,388949,0.2902248799800873,0.08891432732343674,9011,1.4369691610336304,0.8631347417831421,379938,1.5249441862106323,0.9292078018188477,15060,2.248671054840088,1.3874315023422241,75780
quad2d,fm_disp_greedy_d10,FM dispersion greedy (d2=1.0),12,8000,1.494694471359253,0.8624212741851807,479789,1.3697338104248047,0.7949784994125366,400324,0.3204635679721832,0.07604861259460449,10541,1.3981093168258667,0.8235335946083069,389783,1.4350570440292358,0.8184842467308044,13686,2.2676005363464355,1.3493099212646484,65779
quad2d,fm_disp_greedy_d10,FM dispersion greedy (d2=1.0),13,8500,1.4986743927001953,0.8766639828681946,479789,1.3704588413238525,0.8036571741104126,395647,0.3026002049446106,0.08459163457155228,10817,1.4004749059677124,0.8322921991348267,384830,1.4842164516448975,0.8643852472305298,14094,2.225773334503174,1.3493071794509888,70048
quad2d,fm_disp_greedy_d10,FM dispersion greedy (d2=1.0),14,9000,1.4740654230117798,0.8508057594299316,479789,1.343475580215454,0.7866246700286865,405468,0.30795004963874817,0.07930751144886017,11638,1.3740758895874023,0.8161852359771729,393830,1.481197476387024,0.8940237760543823,13797,2.3472986221313477,1.394744873046875,60524
quad2d,fm_disp_greedy_d10,FM dispersion greedy (d2=1.0),15,9500,1.5029981136322021,0.8826920986175537,479789,1.370136022567749,0.8149496912956238,394003,0.28340139985084534,0.07704897224903107,10498,1.3998843431472778,0.8430148959159851,383505,1.5319252014160156,0.9377134442329407,15013,2.2365238666534424,1.318508267402649,70773
quad2d,fm_disp_greedy_d10,FM dispersion greedy (d2=1.0),16,10000,1.4778410196304321,0.8542758226394653,479789,1.3412812948226929,0.7774549722671509,401515,0.30626484751701355,0.07953274250030518,9942,1.3675607442855835,0.8026084303855896,391573,1.5902776718139648,1.0196516513824463,16870,2.339899778366089,1.4254026412963867,61404
quad2d,fm_disp_greedy_d10,FM dispersion greedy (d2=1.0),17,10500,1.4615709781646729,0.8371098041534424,479789,1.3339811563491821,0.7704252600669861,405122,0.33653417229652405,0.07709161937236786,10812,1.3613313436508179,0.7966164350509644,394310,1.5663890838623047,0.9757096767425537,16703,2.323115348815918,1.3763236999511719,57964
quad2d,fm_disp_greedy_d10,FM dispersion greedy (d2=1.0),18,11000,1.4375818967819214,0.8001098036766052,479789,1.2326116561889648,0.7142974734306335,321907,0.19773918390274048,0.056720249354839325,7262,1.2564963102340698,0.7343255877494812,314645,1.4567477703094482,1.0662647485733032,5223,1.8691399097442627,1.031578540802002,152659
quad2d,fm_disp_greedy_d10,FM dispersion greedy (d2=1.0),19,11500,1.4023149013519287,0.7542233467102051,479789,1.2649734020233154,0.6892015933990479,412286,0.3233647048473358,0.07362156361341476,11933,1.2930394411087036,0.7157690525054932,400353,1.5565139055252075,0.9357828497886658,18177,2.4934444427490234,1.4582862854003906,49326
quad2d,fm_disp_gdiv_d10,FM dispersion greedy-diverse (d2=1.0),0,2000,1.9467167854309082,1.2089765071868896,479789,1.8422467708587646,1.1635668277740479,428893,0.3519027531147003,0.13453763723373413,7055,1.8671720027923584,1.1881849765777588,421838,1.424497365951538,0.7537651658058167,18117,3.602271556854248,2.780367851257324,32779
quad2d,fm_disp_gdiv_d10,FM dispersion greedy-diverse (d2=1.0),1,2500,1.9613680839538574,1.251824140548706,479789,1.7366480827331543,1.127028226852417,356686,0.2704715132713318,0.13964571058750153,6175,1.762478232383728,1.1524803638458252,350511,1.2604382038116455,0.7871405482292175,9963,2.731544256210327,1.8584909439086914,113140
quad2d,fm_disp_gdiv_d10,FM dispersion greedy-diverse (d2=1.0),2,3000,1.7586051225662231,1.0520145893096924,479789,1.5902929306030273,0.9504213333129883,388561,0.4169125258922577,0.14881037175655365,9553,1.619868516921997,0.9812015891075134,379008,1.4394208192825317,0.9350895881652832,15510,2.687709093093872,1.8049192428588867,75718
quad2d,fm_disp_gdiv_d10,FM dispersion greedy-diverse (d2=1.0),3,3500,1.7581027746200562,1.0702545642852783,479789,1.6665406227111816,1.0150779485702515,416214,0.38911595940589905,0.1488507091999054,7436,1.6897774934768677,1.0384399890899658,408778,1.6462290287017822,0.9751150012016296,19815,2.679638147354126,1.8116095066070557,43760
quad2d,fm_disp_gdiv_d10,FM dispersion greedy-diverse (d2=1.0),4,4000,1.6914501190185547,1.0166794061660767,479789,1.5113615989685059,0.9092259407043457,355673,0.37952545285224915,0.14212921261787415,7426,1.5354969501495361,0.9337512254714966,348247,1.5373302698135376,1.0610584020614624,9816,2.265076160430908,1.3957124948501587,114300
quad2d,fm_disp_gdiv_d10,FM dispersion greedy-diverse (d2=1.0),5,4500,1.6291728019714355,0.9616096615791321,479789,1.4566253423690796,0.8535524606704712,374412,0.38081151247024536,0.14472052454948425,8365,1.4812097549438477,0.8771423101425171,366047,1.6337499618530273,1.0712873935699463,9996,2.3060169219970703,1.446040153503418,95381
quad2d,fm_disp_gdiv_d10,FM dispersion greedy-diverse (d2=1.0),6,5000,1.6204931735992432,0.9581487774848938,479789,1.449185848236084,0.8608934283256531,372129,0.23112644255161285,0.08736540377140045,6148,1.4696472883224487,0.8800598978996277,365981,1.3049982786178589,0.8377405405044556,11917,2.325590133666992,1.4439070224761963,95743
quad2d,fm_disp_gdiv_d10,FM dispersion greedy-diverse (d2=1.0),7,5500,1.6276921033859253,0.9727457761764526,479789,1.4693421125411987,0.8837004899978638,361183,0.23141495883464813,0.0817660391330719,5582,1.488774299621582,0.9017363786697388,355601,1.3469860553741455,0.8442376852035522,13120,2.2047955989837646,1.3628513813018799,105486
quad2d,fm_disp_gdiv_d10,FM dispersion greedy-diverse (d2=1.0),8,6000,1.5465375185012817,0.8869310617446899,479789,1.3470882177352905,0.804833710193634,286284,0.12777039408683777,0.06020908057689667,4296,1.3656638860702515,0.8203253746032715,281988,1.3539881706237793,0.9171808362007141,4763,1.85392165184021,1.0436362028121948,188742
quad2d,fm_disp_gdiv_d10,FM dispersion greedy-diverse (d2=1.0),9,6500,1.5694763660430908,0.9325183629989624,479789,1.4068677425384521,0.8417434692382812,371461,0.23020178079605103,0.08047950267791748,6301,1.4271715879440308,0.8606971502304077,365160,1.389719843864441,0.852535605430603,11682,2.2161948680877686,1.3676478862762451,96646
quad2d,fm_disp_gdiv_d10,FM dispersion greedy-diverse (d2=1.0),10,7000,1.52239990234375,0.8524109721183777,479789,1.3643620014190674,0.7640988230705261,386263,0.263995498418808,0.08433686196804047,8875,1.3902392387390137,0.7883889675140381,377388,1.425076961517334,0.8827968239784241,15257,2.321300506591797,1.420235276222229,78269
quad2d,fm_disp_gdiv_d10,FM dispersion greedy-diverse (d2=1.0),11,7500,1.477891206741333,0.8281466960906982,479789,1.345137357711792,0.7612439393997192,399333,0.297673761844635,0.07717926800251007,9994,1.3720247745513916,0.7862291932106018,389339,1.4991916418075562,0.9034448862075806,14728,2.2796688079833984,1.3424041271209717,65728
quad2d,fm_disp_gdiv_d10,FM dispersion greedy-diverse (d2=1.0),12,8000,1.4636168479919434,0.8129101395606995,479789,1.3233562707901,0.7444702386856079,401748,0.29039546847343445,0.07962019741535187,10398,1.3508013486862183,0.7692701816558838,391350,1.4515780210494995,0.8409422039985657,14557,2.353994369506836,1.387544870376587,63484
quad2d,fm_disp_gdiv_d10,FM dispersion greedy-diverse (d2=1.0),13,8500,1.4792520999908447,0.8312210440635681,479789,1.2815217971801758,0.7523097991943359,304198,0.14978881180286407,0.059061139822006226,5783,1.3034535646438599,0.7708437442779541,298415,1.3364089727401733,0.9305249452590942,5337,1.8370221853256226,1.000558614730835,170254
quad2d,fm_disp_gdiv_d10,FM dispersion greedy-diverse (d2=1.0),14,9000,1.4613693952560425,0.8074443340301514,479789,1.3198095560073853,0.7334068417549133,404421,0.2877919375896454,0.08422331511974335,10852,1.3482656478881836,0.7606143355369568,393569,1.4259957075119019,0.8386491537094116,15445,2.4258768558502197,1.4701879024505615,59923
quad2d,fm_disp_gdiv_d10,FM dispersion greedy-diverse (d2=1.0),15,9500,1.4356838464736938,0.7783374190330505,479789,1.2965261936187744,0.7072022557258606,401825,0.256893128156662,0.07817807048559189,11122,1.32612144947052,0.7332985997200012,390703,1.4271297454833984,0.8462539315223694,17649,2.3652684688568115,1.3933709859848022,60315
quad2d,fm_disp_gdiv_d10,FM dispersion greedy-diverse (d2=1.0),16,10000,1.4245978593826294,0.7766163945198059,479789,1.2905163764953613,0.7122311592102051,406615,0.2701919674873352,0.08461137115955353,11134,1.3192417621612549,0.7389267086982727,395481,1.4086940288543701,0.8239951729774475,18905,2.434755802154541,1.432961344718933,54269
quad2d,fm_disp_gdiv_d10,FM dispersion greedy-diverse (d2=1.0),17,10500,1.4267003536224365,0.783515214920044,479789,1.3027740716934204,0.7263354063034058,407819,0.29025161266326904,0.08080671727657318,11019,1.330891489982605,0.7523671388626099,396800,1.4505960941314697,0.8372712135314941,18929,2.3710110187530518,1.3645309209823608,53041
quad2d,fm_disp_gdiv_d10,FM dispersion greedy-diverse (d2=1.0),18,11000,1.383175253868103,0.7310009002685547,479789,1.1870718002319336,0.6517619490623474,334941,0.21362212300300598,0.05459126830101013,8365,1.2120057344436646,0.6744309067726135,326576,1.3564175367355347,0.9222564697265625,4882,1.8533869981765747,0.9649653434753418,139966
quad2d,fm_disp_gdiv_d10,FM dispersion greedy-diverse (d2=1.0),19,11500,1.4284697771072388,0.7565110325813293,479789,1.2679308652877808,0.6819948554039001,397679,0.2589471936225891,0.07980987429618835,10061,1.2941198348999023,0.7061840295791626,387618,1.3330321311950684,0.7374629974365234,19349,2.47513484954834,1.4751187562942505,62761
quad2d,fm_disp_prop_d10,FM dispersion proportional (d2=1.0),0,2000,1.9467167854309082,1.2089765071868896,479789,1.8422467708587646,1.1635668277740479,428893,0.3519027531147003,0.13453763723373413,7055,1.8671720027923584,1.1881849765777588,421838,1.424497365951538,0.7537651658058167,18117,3.602271556854248,2.780367851257324,32779
quad2d,fm_disp_prop_d10,FM dispersion proportional (d2=1.0),1,2500,1.926817774772644,1.1697520017623901,479789,1.71836519241333,1.0492775440216064,361299,0.4193432927131653,0.1554054468870163,6250,1.74123215675354,1.0729167461395264,355049,1.340013027191162,0.8643463850021362,12927,2.712128162384033,1.773468255996704,105563
quad2d,fm_disp_prop_d10,FM dispersion proportional (d2=1.0),2,3000,1.8322217464447021,1.110901117324829,479789,1.6594343185424805,0.9938898682594299,383574,0.4828866422176361,0.15134093165397644,6752,1.6805164813995361,1.0166207551956177,376822,1.6734427213668823,1.0247122049331665,14311,2.6691644191741943,1.8267481327056885,81904
quad2d,fm_disp_prop_d10,FM dispersion proportional (d2=1.0),3,3500,1.80802321434021,1.1207342147827148,479789,1.6381125450134277,1.0111846923828125,376213,0.3414894640445709,0.1420411765575409,5206,1.6563069820404053,1.0297963619232178,371007,1.627610445022583,1.0298407077789307,12857,2.5382134914398193,1.6840232610702515,90719
quad2d,fm_disp_prop_d10,FM dispersion proportional (d2=1.0),4,4000,1.7126997709274292,1.0303587913513184,479789,1.5287033319473267,0.911160945892334,361191,0.30804553627967834,0.12074031680822372,6265,1.5502500534057617,0.9337239265441895,354926,1.5811947584152222,1.1269861459732056,7248,2.318096160888672,1.4647337198257446,111350
quad2d,fm_disp_prop_d10,FM dispersion proportional (d2=1.0),5,4500,1.658900260925293,0.9949521422386169,479789,1.4782072305679321,0.8883129954338074,377539,0.3259245753288269,0.12969134747982025,6443,1.498213291168213,0.9085860252380371,371096,1.5860930681228638,1.1320031881332397,8246,2.3909873962402344,1.5057966709136963,94004
quad2d,fm_disp_prop_d10,FM dispersion proportional (d2=1.0),6,5000,1.6492842435836792,1.0050643682479858,479789,1.4740228652954102,0.8948570489883423,371403,0.2204390913248062,0.08594764024019241,4074,1.4879263639450073,0.9080657362937927,367329,1.5026031732559204,0.9779872298240662,12360,2.3460276126861572,1.5215461254119873,96026
quad2d,fm_disp_prop_d10,FM dispersion proportional (d2=1.0),7,5500,1.6083539724349976,0.9423123002052307,479789,1.4387397766113281,0.8280770778656006,384796,0.3874273896217346,0.12150739878416061,6787,1.4576159715652466,0.8479808568954468,378009,1.6742806434631348,1.1600528955459595,10285,2.3708419799804688,1.537640929222107,84708
quad2d,fm_disp_prop_d10,FM dispersion proportional (d2=1.0),8,6000,1.578330397605896,0.9269523620605469,479789,1.4201925992965698,0.8274394273757935,384341,0.26778125762939453,0.08892005681991577,5336,1.4364172220230103,0.8429260849952698,379005,1.5496525764465332,0.9966763854026794,16225,2.3513906002044678,1.5124496221542358,79223
quad2d,fm_disp_prop_d10,FM dispersion proportional (d2=1.0),9,6500,1.5527724027633667,0.8933647871017456,479789,1.3284944295883179,0.7669700384140015,297689,0.14698302745819092,0.06255235522985458,3721,1.3434498310089111,0.7804445028305054,293968,1.4442718029022217,1.065476894378662,4028,1.930160641670227,1.1416075229644775,178072
quad2d,fm_disp_prop_d10,FM dispersion proportional (d2=1.0),10,7000,1.5195577144622803,0.880054771900177,479789,1.369812250137329,0.7898070216178894,393407,0.2316267341375351,0.08630071580410004,6504,1.3889458179473877,0.8068024516105652,386903,1.519871473312378,0.96480393409729,16073,2.3573713302612305,1.4852532148361206,70309
quad2d,fm_disp_prop_d10,FM dispersion proportional (d2=1.0),11,7500,1.509320616722107,0.8604161739349365,479789,1.3577804565429688,0.7655391097068787,391388,0.3175524175167084,0.10383777320384979,6860,1.3763381242752075,0.7849522829055786,384528,1.3826254606246948,0.8915035128593445,17723,2.380260467529297,1.4934866428375244,70678
quad2d,fm_disp_prop_d10,FM dispersion proportional (d2=1.0),12,8000,1.5326272249221802,0.8900575637817383,479789,1.3746795654296875,0.7904624938964844,382704,0.30768781900405884,0.09663335978984833,6300,1.3925384283065796,0.8078423738479614,376404,1.4041229486465454,0.9469479918479919,17227,2.3172833919525146,1.4328744411468506,79858
quad2d,fm_disp_prop_d10,FM dispersion proportional (d2=1.0),13,8500,1.4973067045211792,0.8450616002082825,479789,1.3592926263809204,0.7650841474533081,399449,0.360676109790802,0.09131965786218643,7778,1.3791236877441406,0.7851267457008362,391671,1.34707772731781,0.839012861251831,17687,2.419633150100708,1.493314504623413,62653
quad2d,fm_disp_prop_d10,FM dispersion proportional (d2=1.0),14,9000,1.448874831199646,0.8014997839927673,479789,1.241431713104248,0.7064359188079834,318016,0.2011328786611557,0.06272273510694504,5975,1.2613513469696045,0.7254245281219482,312041,1.3222925662994385,0.8765803575515747,5882,1.876832365989685,1.0337883234024048,155891
quad2d,fm_disp_prop_d10,FM dispersion proportional (d2=1.0),15,9500,1.4526495933532715,0.8017709851264954,479789,1.3153561353683472,0.7227823138237,402993,0.3158850371837616,0.09008056670427322,8191,1.3360923528671265,0.7431564331054688,394802,1.423744797706604,0.8522295951843262,20279,2.4419920444488525,1.4976856708526611,56517
quad2d,fm_disp_prop_d10,FM dispersion proportional (d2=1.0),16,10000,1.4783844947814941,0.8235284686088562,479789,1.32774817943573,0.7386138439178467,393887,0.2812635600566864,0.09036323428153992,7599,1.348334550857544,0.7587058544158936,386288,1.366511344909668,0.8261736631393433,19300,2.401672840118408,1.4656871557235718,66602
quad2d,fm_disp_prop_d10,FM dispersion proportional (d2=1.0),17,10500,1.4211347103118896,0.7680755853652954,479789,1.2864123582839966,0.6961803436279297,410288,0.3497895300388336,0.08780672401189804,10242,1.310391902923584,0.7203088998794556,400046,1.4071557521820068,0.8219545483589172,20729,2.560405969619751,1.5812556743621826,48772
quad2d,fm_disp_prop_d10,FM dispersion proportional (d2=1.0),18,11000,1.4116789102554321,0.7527157068252563,479789,1.2815077304840088,0.6819496154785156,409641,0.31326574087142944,0.08244055509567261,9869,1.3054102659225464,0.7054924964904785,399772,1.3971678018569946,0.8551185727119446,21247,2.508420944213867,1.488869547843933,48901
quad2d,fm_disp_prop_d10,FM dispersion proportional (d2=1.0),19,11500,1.4014972448349,0.7432295680046082,479789,1.2646352052688599,0.6772611737251282,409383,0.32060137391090393,0.08771461993455887,10514,1.2895196676254272,0.7013530731201172,398869,1.286339521408081,0.7631447315216064,21406,2.5952506065368652,1.5498557090759277,49000
quad3d,fm_ranked,FM adaptive ranked (d2=1.0),0,10000,4.761588096618652,3.130685806274414,990000,4.235139846801758,2.2272872924804688,598061,0.34254929423332214,0.15723267197608948,115250,5.164323806762695,3.190948009490967,482811,2.7583601474761963,1.9660325050354004,30523,5.801921844482422,4.487970352172852,361416
quad3d,fm_ranked,FM adaptive ranked (d2=1.0),1,11000,4.629301071166992,2.9682586193084717,990000,4.08057165145874,2.086367130279541,633224,0.2526778280735016,0.10702624917030334,120814,4.983097076416016,3.018040180206299,512410,2.7604289054870605,1.8452954292297363,65294,6.240015029907227,4.842272758483887,291482
quad3d,fm_ranked,FM adaptive ranked (d2=1.0),2,12000,4.537633419036865,2.846543312072754,990000,4.035697937011719,2.043715715408325,669922,0.25025299191474915,0.08264204114675522,128323,4.932596683502197,2.9706802368164062,541599,3.197780132293701,2.241100311279297,77370,6.350187301635742,4.893754959106445,242708
quad3d,fm_ranked,FM adaptive ranked (d2=1.0),3,13000,4.456484794616699,2.765864849090576,990000,4.001203536987305,2.011120557785034,676668,0.3241562843322754,0.15401625633239746,128603,4.86401891708374,2.8957114219665527,548065,2.921339273452759,2.0748603343963623,50427,5.92274284362793,4.5346808433532715,262905
quad3d,fm_ranked,FM adaptive ranked (d2=1.0),4,14000,4.319568157196045,2.6060991287231445,990000,3.6153714656829834,1.6012701988220215,651220,0.22346507012844086,0.05111663043498993,135313,4.505007266998291,2.5101563930511475,515907,3.230574131011963,2.2188007831573486,63804,6.239984035491943,4.707626819610596,274976
quad3d,fm_ranked,FM adaptive ranked (d2=1.0),5,15000,4.216623783111572,2.4675283432006836,990000,3.524592638015747,1.5092066526412964,665097,0.21879088878631592,0.049105241894721985,137856,4.388950824737549,2.384107828140259,527241,3.173534870147705,2.1669812202453613,61996,6.213278293609619,4.6467108726501465,262907
quad3d,fm_ranked,FM adaptive ranked (d2=1.0),6,16000,4.170871257781982,2.4270966053009033,990000,3.5159127712249756,1.525558590888977,673297,0.190146341919899,0.04942731931805611,134157,4.343480110168457,2.3602614402770996,539140,3.104444742202759,2.1144630908966064,65720,6.20713472366333,4.623322010040283,250983
quad3d,fm_ranked,FM adaptive ranked (d2=1.0),7,17000,4.0765910148620605,2.3279809951782227,990000,3.4671108722686768,1.4716386795043945,689231,0.18890780210494995,0.05064016580581665,136708,4.278221130371094,2.2899186611175537,552523,3.1376514434814453,2.155160903930664,62893,6.0907697677612305,4.514314651489258,237876
quad3d,fm_ranked,FM adaptive ranked (d2=1.0),8,18000,4.044615268707275,2.252755641937256,990000,3.420865774154663,1.400864601135254,699166,0.1939471811056137,0.047327835112810135,138362,4.217013359069824,2.1931843757629395,560804,3.1247029304504395,2.1037673950195312,58338,6.151193618774414,4.572193622589111,232496
quad3d,fm_ranked,FM adaptive ranked (d2=1.0),9,19000,4.01273250579834,2.215243101119995,990000,3.444638967514038,1.4287760257720947,711846,0.20860075950622559,0.07722193747758865,136525,4.212560176849365,2.1906545162200928,575321,3.0916826725006104,2.0872507095336914,58939,6.105110168457031,4.528194427490234,219215
quad3d,fm_ranked,FM adaptive ranked (d2=1.0),10,20000,3.963235855102539,2.166611671447754,990000,3.177602767944336,1.1862307786941528,674059,0.2530584931373596,0.037640951573848724,144878,3.978278160095215,1.9643285274505615,529181,3.261889934539795,2.3034045696258545,35893,5.944095611572266,4.335427284240723,280048
quad3d,fm_ranked,FM adaptive ranked (d2=1.0),11,21000,3.908280611038208,2.1321921348571777,990000,3.1619887351989746,1.2120375633239746,678535,0.2315637618303299,0.03739180415868759,139359,3.9194047451019287,1.9502472877502441,539176,3.1443731784820557,2.1921257972717285,38044,5.866607666015625,4.2468180656433105,273421
quad3d,fm_ranked,FM adaptive ranked (d2=1.0),12,22000,3.8456814289093018,2.07448673248291,990000,3.3456778526306152,1.3775056600570679,751375,0.2388625144958496,0.038552723824977875,145024,4.088751316070557,2.1128036975860596,606351,3.4477379322052,2.4511616230010986,55181,6.01336669921875,4.391639232635498,183444
quad3d,fm_ranked,FM adaptive ranked (d2=1.0),13,23000,3.809176206588745,2.025419235229492,990000,3.079516887664795,1.153832197189331,694541,0.2194238007068634,0.034837596118450165,141893,3.8138489723205566,1.8485403060913086,552648,3.1861250400543213,2.2581801414489746,38978,5.879749774932861,4.23578405380249,256481
quad3d,fm_ranked,FM adaptive ranked (d2=1.0),14,24000,3.7774453163146973,1.9996237754821777,990000,3.0825796127319336,1.1498382091522217,694367,0.20352892577648163,0.03606821596622467,136820,3.789088726043701,1.8251116275787354,557547,3.130802869796753,2.211376667022705,39949,5.7655415534973145,4.141465187072754,255684
quad3d,fm_ranked,FM adaptive ranked (d2=1.0),15,25000,3.7486836910247803,1.97494375705719,990000,3.0679354667663574,1.1415400505065918,706594,0.20794960856437683,0.03372786194086075,141546,3.784369707107544,1.8212800025939941,565048,3.283621311187744,2.359772205352783,39399,5.79508638381958,4.157918453216553,244007
quad3d,fm_ranked,FM adaptive ranked (d2=1.0),16,26000,3.7369017601013184,1.9692511558532715,990000,3.0898971557617188,1.187140941619873,719003,0.30592799186706543,0.03918161615729332,145946,3.798917531967163,1.844642996788025,573057,3.5248095989227295,2.586050271987915,39085,5.778575420379639,4.130598068237305,231912
quad3d,fm_ranked,FM adaptive ranked (d2=1.0),17,27000,3.654600143432617,1.8610029220581055,990000,3.0037648677825928,1.0899271965026855,713377,0.146670863032341,0.028180893510580063,139907,3.700798749923706,1.7425439357757568,573470,2.9620752334594727,1.9935730695724487,52136,5.883664608001709,4.246247291564941,224487
quad3d,fm_ranked,FM adaptive ranked (d2=1.0),18,28000,3.646605968475342,1.8502209186553955,990000,2.9982569217681885,1.0788860321044922,721888,0.20919467508792877,0.02957761473953724,144008,3.6932930946350098,1.7112126350402832,577880,3.2661523818969727,2.346896171569824,41740,5.784308910369873,4.15097713470459,226372
quad3d,fm_ranked,FM adaptive ranked (d2=1.0),19,29000,3.6164159774780273,1.8240079879760742,990000,2.9719927310943604,1.061259388923645,724395,0.2125418335199356,0.02913760207593441,143945,3.6563055515289307,1.6906054019927979,580450,3.243715763092041,2.3043642044067383,40444,5.756621360778809,4.097712516784668,225161
quad3d,fm_direct,FM adaptive direct (d2=1.0),0,10000,4.761580944061279,3.1308369636535645,990000,4.234884262084961,2.2287960052490234,598116,0.34358346462249756,0.15703873336315155,115207,5.163227558135986,3.191417932510376,482909,2.7427425384521484,1.9621388912200928,30647,5.804933547973633,4.489920616149902,361237
quad3d,fm_direct,FM adaptive direct (d2=1.0),1,11000,4.624488830566406,2.979243755340576,990000,4.137200832366943,2.171483039855957,650374,0.249268040060997,0.09162431955337524,124106,5.05406379699707,3.1258015632629395,526268,3.0670273303985596,2.143261432647705,74540,6.257967472076416,4.844799041748047,265086
quad3d,fm_direct,FM adaptive direct (d2=1.0),2,12000,4.4478864669799805,2.738874912261963,990000,3.8867154121398926,1.8766758441925049,677032,0.2562757432460785,0.06054428964853287,136374,4.802448749542236,2.8157081604003906,540658,3.337902545928955,2.3478705883026123,78045,6.433896064758301,4.960495948791504,234923
quad3d,fm_direct,FM adaptive direct (d2=1.0),3,13000,4.384840965270996,2.6765716075897217,990000,3.647806406021118,1.6488337516784668,630177,0.24076469242572784,0.08709557354450226,132419,4.554185390472412,2.5709080696105957,497758,2.901684284210205,1.9644218683242798,57810,6.206628322601318,4.707159519195557,302013
quad3d,fm_direct,FM adaptive direct (d2=1.0),4,14000,4.376354694366455,2.6676950454711914,990000,3.7136306762695312,1.6966012716293335,637544,0.21624861657619476,0.08566629886627197,129417,4.604393482208252,2.6029577255249023,508127,2.800232410430908,1.923945665359497,59564,6.1394500732421875,4.658078193664551,292892
quad3d,fm_direct,FM adaptive direct (d2=1.0),5,15000,4.246844291687012,2.5054874420166016,990000,3.599172592163086,1.5875170230865479,663097,0.21658429503440857,0.06708633154630661,134517,4.459999084472656,2.449575424194336,528580,3.1164262294769287,2.1327672004699707,63812,6.1534223556518555,4.639581680297852,263091
quad3d,fm_direct,FM adaptive direct (d2=1.0),6,16000,4.173469066619873,2.436723232269287,990000,3.49672794342041,1.5094388723373413,669827,0.21043454110622406,0.05220380052924156,137631,4.346595287322998,2.3584094047546387,532196,3.1598198413848877,2.1665890216827393,62966,6.184007167816162,4.639394283294678,257207
quad3d,fm_direct,FM adaptive direct (d2=1.0),7,17000,4.133066177368164,2.387312889099121,990000,3.4993960857391357,1.4842532873153687,671800,0.21454943716526031,0.07220328599214554,136673,4.338355541229248,2.3186264038085938,535127,2.9352304935455322,2.0094571113586426,57880,6.0346856117248535,4.553935527801514,260320
quad3d,fm_direct,FM adaptive direct (d2=1.0),8,18000,4.05692195892334,2.302114486694336,990000,3.4182381629943848,1.4194326400756836,687117,0.18990971148014069,0.04633988440036774,139032,4.237165451049805,2.240546703338623,548085,3.2104251384735107,2.183896064758301,63426,6.113821983337402,4.566999435424805,239457
quad3d,fm_direct,FM adaptive direct (d2=1.0),9,19000,3.9876885414123535,2.1865439414978027,990000,3.318032741546631,1.3071446418762207,698780,0.23854538798332214,0.04715844616293907,146108,4.132145881652832,2.0937094688415527,552672,3.279240846633911,2.2630205154418945,59770,6.192424774169922,4.617476463317871,231450
quad3d,fm_direct,FM adaptive direct (d2=1.0),10,20000,3.929497480392456,2.145326614379883,990000,3.329164981842041,1.3329083919525146,712224,0.2154761254787445,0.04570351541042328,144322,4.120452404022217,2.1054182052612305,567902,3.370844602584839,2.3543498516082764,66749,6.132347583770752,4.579000473022461,211027
quad3d,fm_direct,FM adaptive direct (d2=1.0),11,21000,3.8804476261138916,2.0953145027160645,990000,3.288522481918335,1.3048655986785889,719443,0.19181667268276215,0.03618936985731125,141271,4.045173645019531,2.0401196479797363,578172,3.263145685195923,2.2605531215667725,58798,6.062897682189941,4.461043834686279,211759
quad3d,fm_direct,FM adaptive direct (d2=1.0),12,22000,3.83266282081604,2.0122900009155273,990000,3.24642014503479,1.254309892654419,730976,0.1963784545660019,0.03371913358569145,144509,3.9979686737060547,1.9710532426834106,586467,3.2656476497650146,2.221026659011841,55864,6.097897529602051,4.508525371551514,203160
quad3d,fm_direct,FM adaptive direct (d2=1.0),13,23000,3.8210997581481934,2.0388855934143066,990000,3.2793636322021484,1.301005244255066,729923,0.1801757514476776,0.03828037902712822,140766,4.019845962524414,2.026409387588501,589157,3.220064640045166,2.2180466651916504,62422,6.011496543884277,4.431050777435303,197655
quad3d,fm_direct,FM adaptive direct (d2=1.0),14,24000,3.7853970527648926,2.013932228088379,990000,3.2773473262786865,1.318189024925232,755164,0.24678774178028107,0.0439203679561615,147151,4.010801315307617,2.038362741470337,608013,3.5842862129211426,2.524271249771118,57127,6.008974075317383,4.417999744415283,177709
quad3d,fm_direct,FM adaptive direct (d2=1.0),15,25000,3.7439029216766357,1.9715499877929688,990000,3.220088243484497,1.2659821510314941,734600,0.15977957844734192,0.03581508994102478,139074,3.9347665309906006,1.9595212936401367,595526,3.207318067550659,2.1734097003936768,65713,5.95836877822876,4.369015216827393,189687
quad3d,fm_direct,FM adaptive direct (d2=1.0),16,26000,3.7449324131011963,1.9643595218658447,990000,3.0093026161193848,1.1013829708099365,696144,0.2354128062725067,0.054712336510419846,143159,3.7274186611175537,1.7750617265701294,552985,3.216015338897705,2.273888349533081,37288,5.817777156829834,4.205682754516602,256568
quad3d,fm_direct,FM adaptive direct (d2=1.0),17,27000,3.6979689598083496,1.936431884765625,990000,2.9783506393432617,1.0820038318634033,697556,0.20232921838760376,0.040793515741825104,140147,3.6763134002685547,1.7304251194000244,557409,3.1561615467071533,2.2459607124328613,36600,5.7375102043151855,4.1363091468811035,255844
quad3d,fm_direct,FM adaptive direct (d2=1.0),18,28000,3.635662078857422,1.8535525798797607,990000,2.9432878494262695,1.0653352737426758,724849,0.26789894700050354,0.03330988436937332,146805,3.622753143310547,1.6749920845031738,578044,3.583909511566162,2.613449811935425,29281,5.769807815551758,4.1715497970581055,235870
quad3d,fm_direct,FM adaptive direct (d2=1.0),19,29000,3.592741012573242,1.7954976558685303,990000,2.925703763961792,1.0358363389968872,722621,0.18635126948356628,0.027917012572288513,138791,3.5769166946411133,1.6283286809921265,583830,3.14388108253479,2.255754232406616,34049,5.724050045013428,4.0933732986450195,233330
quad3d,fm_nonadapt,FM non-adaptive (d2=0),0,10000,4.7623372077941895,3.132624387741089,990000,4.236947536468506,2.2308788299560547,598057,0.3455357849597931,0.15712592005729675,115240,5.165759086608887,3.191960573196411,482817,2.7443301677703857,1.951176404953003,30664,5.803343296051025,4.489378929138184,361279
quad3d,fm_nonadapt,FM non-adaptive (d2=0),1,11000,4.660423278808594,3.0042455196380615,990000,4.351045608520508,2.376596450805664,665846,0.2426258623600006,0.15376955270767212,110550,5.168961048126221,3.2234654426574707,555296,2.528573989868164,1.7078204154968262,65664,5.998907566070557,4.715660095214844,258490
quad3d,fm_nonadapt,FM non-adaptive (d2=0),2,12000,4.6052470207214355,2.9654040336608887,990000,4.071615219116211,2.1274991035461426,643007,0.3093169331550598,0.1375083178281784,121989,4.9525041580200195,3.033463478088379,521018,2.853325366973877,2.0031301975250244,46561,6.018874168395996,4.664010047912598,300432
quad3d,fm_nonadapt,FM non-adaptive (d2=0),3,13000,4.568050861358643,2.897122859954834,990000,4.1338982582092285,2.157315969467163,641215,0.2916342616081238,0.16522058844566345,112031,4.947325229644775,2.966531276702881,529184,2.449474334716797,1.7497656345367432,44524,5.793027400970459,4.4831624031066895,304261
quad3d,fm_nonadapt,FM non-adaptive (d2=0),4,14000,4.354044437408447,2.657586097717285,990000,3.8250927925109863,1.8178800344467163,682435,0.23680998384952545,0.0598851814866066,133724,4.699577808380127,2.713468313217163,548711,3.2656896114349365,2.296505928039551,76733,6.279633045196533,4.818706512451172,230832
quad3d,fm_nonadapt,FM non-adaptive (d2=0),5,15000,4.30560302734375,2.588838577270508,990000,3.5504257678985596,1.5592830181121826,638291,0.21685533225536346,0.05385421961545944,132782,4.426054000854492,2.445218801498413,505509,2.992794990539551,2.016327381134033,59915,6.227093696594238,4.717859268188477,291794
quad3d,fm_nonadapt,FM non-adaptive (d2=0),6,16000,4.247013092041016,2.5335116386413574,990000,3.569230079650879,1.5882550477981567,638985,0.14575719833374023,0.05239008367061615,124947,4.401371955871582,2.4230504035949707,514038,2.7691690921783447,1.7716107368469238,74598,6.212656021118164,4.7314558029174805,276417
quad3d,fm_nonadapt,FM non-adaptive (d2=0),7,17000,4.185009479522705,2.4437150955200195,990000,3.4504663944244385,1.4618051052093506,663580,0.24645672738552094,0.06085412576794624,140717,4.312756061553955,2.3278324604034424,522863,3.2188451290130615,2.2266879081726074,60998,6.24347448348999,4.7170844078063965,265422
quad3d,fm_nonadapt,FM non-adaptive (d2=0),8,18000,4.21133279800415,2.498755931854248,990000,3.8081984519958496,1.8305033445358276,704529,0.21912074089050293,0.11059737205505371,128464,4.608572006225586,2.64943790435791,576065,2.7453243732452393,1.926464319229126,64567,5.925540447235107,4.521727561950684,220904
quad3d,fm_nonadapt,FM non-adaptive (d2=0),9,19000,4.10727596282959,2.3925108909606934,990000,3.4191205501556396,1.4542652368545532,656572,0.21218262612819672,0.07524372637271881,133445,4.237181186676025,2.2754409313201904,523127,2.84798264503479,1.886914849281311,55565,5.985170364379883,4.506952285766602,277863
quad3d,fm_nonadapt,FM non-adaptive (d2=0),10,20000,4.079338550567627,2.3779358863830566,990000,3.6415157318115234,1.6827266216278076,723628,0.20306214690208435,0.05211269110441208,136304,4.439499378204346,2.502002716064453,587324,3.323428153991699,2.3404648303985596,80574,6.11233377456665,4.6226725578308105,185798
quad3d,fm_nonadapt,FM non-adaptive (d2=0),11,21000,4.038933277130127,2.2937111854553223,990000,3.3725974559783936,1.4020432233810425,685051,0.22779393196105957,0.06441459059715271,141062,4.1880784034729,2.212063789367676,543989,3.1131017208099365,2.118262767791748,60200,6.1317243576049805,4.6308488845825195,244749
quad3d,fm_nonadapt,FM non-adaptive (d2=0),12,22000,3.9848196506500244,2.254946231842041,990000,3.324240207672119,1.3542206287384033,692418,0.20719100534915924,0.04417383670806885,140331,4.116540431976318,2.1473186016082764,552087,3.13816499710083,2.167881488800049,56595,6.081671237945557,4.579517841339111,240987
quad3d,fm_nonadapt,FM non-adaptive (d2=0),13,23000,3.9678893089294434,2.266005039215088,990000,3.3278286457061768,1.4178082942962646,691542,0.2057950347661972,0.048627763986587524,141030,4.127630710601807,2.216655731201172,550512,3.2649669647216797,2.274907112121582,70220,6.123486042022705,4.590705871582031,228238
quad3d,fm_nonadapt,FM non-adaptive (d2=0),14,24000,3.9625673294067383,2.2769477367401123,990000,3.3356363773345947,1.4274574518203735,702491,0.24812817573547363,0.04996016249060631,142447,4.12094259262085,2.220723867416382,560044,3.3773341178894043,2.3723156452178955,52175,5.963759422302246,4.424165725708008,235334
quad3d,fm_disp_greedy_d05,FM dispersion greedy (d2=0.5),0,2000,6.627297878265381,5.391806602478027,990000,8.210147857666016,6.480684757232666,240881,0.3017103970050812,0.18159477412700653,5845,8.406818389892578,6.62343692779541,235036,5.018317699432373,3.914360284805298,1090,6.119934558868408,5.02354621887207,748029
quad3d,fm_disp_greedy_d05,FM dispersion greedy (d2=0.5),1,2500,6.3388214111328125,5.031945705413818,990000,7.2858195304870605,5.511721611022949,286252,0.3033464550971985,0.18300770223140717,19291,7.790382385253906,5.904046058654785,266961,4.129810333251953,3.1573703289031982,2311,5.959637641906738,4.8370513916015625,701437
quad3d,fm_disp_greedy_d05,FM dispersion greedy (d2=0.5),2,3000,6.058558940887451,4.681889057159424,990000,6.058985233306885,4.242963790893555,370300,0.43097245693206787,0.20110957324504852,64707,7.250674247741699,5.3558349609375,305593,3.5969531536102295,2.780998706817627,6715,6.085267066955566,4.937814235687256,612985
quad3d,fm_disp_greedy_d05,FM dispersion greedy (d2=0.5),3,3500,5.913112640380859,4.469027519226074,990000,6.433104991912842,4.4737396240234375,327670,0.33387964963912964,0.19269342720508575,21309,6.8573384284973145,4.847876071929932,306361,3.28743839263916,2.451421022415161,2641,5.665343284606934,4.479973793029785,659689
quad3d,fm_disp_greedy_d05,FM dispersion greedy (d2=0.5),4,4000,5.824136257171631,4.392057418823242,990000,5.85707426071167,3.9094271659851074,345054,0.3748106062412262,0.19363662600517273,45921,6.698675632476807,4.6994123458862305,299133,3.4084324836730957,2.638604164123535,3108,5.818125247955322,4.631532669067383,641838
quad3d,fm_disp_greedy_d05,FM dispersion greedy (d2=0.5),5,4500,5.735438823699951,4.276976585388184,990000,6.141497611999512,4.143235206604004,329358,0.24360765516757965,0.17916789650917053,21764,6.5588059425354,4.522143363952637,307594,3.6130950450897217,2.5753636360168457,2642,5.540708541870117,4.350022315979004,658000
quad3d,fm_disp_greedy_d05,FM dispersion greedy (d2=0.5),6,5000,5.678079605102539,4.194614410400391,990000,5.7181806564331055,3.73578143119812,369581,0.29086264967918396,0.1861695796251297,40593,6.387844085693359,4.354166030883789,328988,3.259382486343384,2.403578042984009,3633,5.668301105499268,4.468977928161621,616786
quad3d,fm_disp_greedy_d05,FM dispersion greedy (d2=0.5),7,5500,5.564877986907959,4.035343170166016,990000,5.440479278564453,3.3575119972229004,364417,0.20186839997768402,0.16081392765045166,47855,6.2324042320251465,4.113947868347168,316562,3.119555950164795,2.211887836456299,2706,5.648280143737793,4.391608238220215,622877
quad3d,fm_disp_greedy_d05,FM dispersion greedy (d2=0.5),8,6000,5.477082252502441,3.93068265914917,990000,5.4342041015625,3.3697049617767334,366717,0.21596427261829376,0.15651434659957886,41155,6.0938520431518555,3.9874606132507324,325562,2.938530206680298,2.1333131790161133,2854,5.514105796813965,4.251834392547607,620429
quad3d,fm_disp_greedy_d05,FM dispersion greedy (d2=0.5),9,6500,5.332772731781006,3.7569103240966797,990000,4.882058143615723,2.8714816570281982,511984,0.3324602246284485,0.1710587441921234,93116,5.893450736999512,3.8886125087738037,418868,2.2431604862213135,1.6343188285827637,21280,5.9819560050964355,4.713234901428223,456736
quad3d,fm_disp_greedy_d05,FM dispersion greedy (d2=0.5),10,7000,5.302525520324707,3.688636064529419,990000,5.091372489929199,2.9969065189361572,415289,0.22172604501247406,0.16366492211818695,52386,5.794318199157715,3.6826462745666504,362903,3.381565570831299,2.347517490386963,3764,5.468771934509277,4.152706146240234,570947
quad3d,fm_disp_greedy_d05,FM dispersion greedy (d2=0.5),11,7500,5.322484016418457,3.75632905960083,990000,5.133138179779053,3.043700695037842,387709,0.19774878025054932,0.14316454529762268,46670,5.808529376983643,3.687227487564087,341039,3.0083515644073486,2.0762078762054443,3735,5.459570407867432,4.198680877685547,598556
quad3d,fm_disp_greedy_d05,FM dispersion greedy (d2=0.5),12,8000,5.328117370605469,3.749819278717041,990000,4.927621841430664,2.8097143173217773,422782,0.33530569076538086,0.197861447930336,70413,5.845293045043945,3.7193384170532227,352369,3.2120096683502197,2.2174458503723145,7700,5.659858226776123,4.384761810302734,559518
quad3d,fm_disp_greedy_d05,FM dispersion greedy (d2=0.5),13,8500,5.120060443878174,3.51200008392334,990000,4.873798847198486,2.8544318675994873,438342,0.2570326626300812,0.18675869703292847,50087,5.469386100769043,3.41336989402771,388255,2.839992046356201,1.9739331007003784,4678,5.336911678314209,4.041200160980225,546980
quad3d,fm_disp_greedy_d05,FM dispersion greedy (d2=0.5),14,9000,5.093146800994873,3.4812488555908203,990000,4.698724746704102,2.6671197414398193,454477,0.24878093600273132,0.16892404854297638,62049,5.402329444885254,3.366483688354492,392428,2.7406857013702393,1.9022165536880493,6732,5.462088584899902,4.157192707061768,528791
quad3d,fm_disp_greedy_d05,FM dispersion greedy (d2=0.5),15,9500,4.928994655609131,3.297346591949463,990000,4.327203750610352,2.2805333137512207,600057,0.41006404161453247,0.14353831112384796,123683,5.344226837158203,3.351691961288452,476374,3.184535026550293,2.2327511310577393,31218,6.087449073791504,4.77116060256958,358725
quad3d,fm_disp_greedy_d05,FM dispersion greedy (d2=0.5),16,10000,4.9954047203063965,3.361058473587036,990000,4.570507049560547,2.4986019134521484,461299,0.2616717219352722,0.18018154799938202,62381,5.244302749633789,3.1529150009155273,398918,2.8022570610046387,2.0219545364379883,6479,5.397940635681152,4.121696472167969,522222
quad3d,fm_disp_greedy_d05,FM dispersion greedy (d2=0.5),17,10500,4.909365177154541,3.2823081016540527,990000,4.582925796508789,2.589285135269165,569755,0.28613677620887756,0.181267648935318,83525,5.3210320472717285,3.3405280113220215,486230,2.192833185195923,1.4956481456756592,20359,5.512781620025635,4.269657135009766,399886
quad3d,fm_disp_greedy_d05,FM dispersion greedy (d2=0.5),18,11000,4.8943400382995605,3.2386746406555176,990000,4.683356285095215,2.6778998374938965,528194,0.2585102319717407,0.1805313229560852,60582,5.256622314453125,3.244579315185547,467612,1.827480673789978,1.0632860660552979,18957,5.277266502380371,4.008657455444336,442849
quad3d,fm_disp_greedy_d05,FM dispersion greedy (d2=0.5),19,11500,4.737003326416016,3.0888962745666504,990000,4.247254371643066,2.2715413570404053,604775,0.35392120480537415,0.16748136281967163,106472,5.079140663146973,3.1148757934570312,498303,2.549952745437622,1.8372756242752075,26769,5.7266130447387695,4.4461774826049805,358456
quad3d,fm_disp_greedy_d05,FM dispersion greedy (d2=0.5),20,12000,4.701146602630615,3.0599236488342285,990000,4.113951206207275,2.1179146766662598,616715,0.3113946318626404,0.11524749547243118,119407,5.026971817016602,3.0748586654663086,497308,2.8888776302337646,1.9499367475509644,47412,6.076080799102783,4.713751316070557,325873
quad3d,fm_disp_greedy_d05,FM dispersion greedy (d2=0.5),21,12500,4.676942825317383,3.0364699363708496,990000,4.174393653869629,2.203371524810791,608700,0.31840530037879944,0.1409883201122284,112556,5.049168109893799,3.0875511169433594,496144,2.7985496520996094,1.957334041595459,32367,5.727863788604736,4.426795959472656,348933
quad3d,fm_disp_greedy_d05,FM dispersion greedy (d2=0.5),22,13000,4.597720623016357,2.937168598175049,990000,4.075078964233398,2.0811538696289062,629955,0.3049507737159729,0.13211029767990112,117684,4.941190719604492,2.9852182865142822,512271,2.7829458713531494,1.8745152950286865,48234,5.93434476852417,4.605290412902832,311811
quad3d,fm_disp_greedy_d05,FM dispersion greedy (d2=0.5),23,13500,4.503232479095459,2.841482162475586,990000,3.9954707622528076,1.9787166118621826,647289,0.24638809263706207,0.08818897604942322,121184,4.859041690826416,2.881118059158325,526105,2.8768999576568604,1.9013605117797852,63674,6.052215099334717,4.713033199310303,279037
quad3d,fm_disp_gdiv_d05,FM dispersion greedy-diverse (d2=0.5),0,2000,6.627297878265381,5.391806602478027,990000,8.210147857666016,6.480684757232666,240881,0.3017103970050812,0.18159477412700653,5845,8.406818389892578,6.62343692779541,235036,5.018317699432373,3.914360284805298,1090,6.119934558868408,5.02354621887207,748029
quad3d,fm_disp_gdiv_d05,FM dispersion greedy-diverse (d2=0.5),1,2500,6.382354736328125,5.084652900695801,990000,7.576969146728516,5.785368919372559,305840,0.3000727593898773,0.162667915225029,13061,7.901596546173096,6.036335468292236,292779,3.5370590686798096,2.5782432556152344,3495,5.860191822052002,4.774297714233398,680665
quad3d,fm_disp_gdiv_d05,FM dispersion greedy-diverse (d2=0.5),2,3000,6.273951530456543,4.939484596252441,990000,7.4862141609191895,5.722729682922363,309901,0.32068517804145813,0.1965869516134262,4434,7.59022331237793,5.801759719848633,305467,4.159548282623291,3.1370418071746826,1675,5.725414752960205,4.573273658752441,678424
quad3d,fm_disp_gdiv_d05,FM dispersion greedy-diverse (d2=0.5),3,3500,5.957268714904785,4.552422523498535,990000,6.455840587615967,4.570669651031494,326832,0.3223222494125366,0.18622131645679474,30739,7.092592716217041,5.1613850593566895,296093,3.7089412212371826,2.727811336517334,3662,5.722675323486328,4.55734395980835,659506
quad3d,fm_disp_gdiv_d05,FM dispersion greedy-diverse (d2=0.5),4,4000,5.86316442489624,4.435256004333496,990000,6.442071437835693,4.485207557678223,318338,0.34040993452072144,0.20668652653694153,18936,6.827977180480957,4.836963176727295,299402,3.7313625812530518,2.75666880607605,2159,5.594778537750244,4.4198174476623535,669503
quad3d,fm_disp_gdiv_d05,FM dispersion greedy-diverse (d2=0.5),5,4500,5.690280437469482,4.2519917488098145,990000,5.488405704498291,3.724595785140991,552921,0.3555316925048828,0.14036625623703003,103784,6.67448091506958,4.892918586730957,449137,3.034010171890259,2.1242642402648926,59707,6.406334400177002,5.232594013214111,377372
quad3d,fm_disp_gdiv_d05,FM dispersion greedy-diverse (d2=0.5),6,5000,5.734785556793213,4.305492877960205,990000,5.800789833068848,3.881434917449951,354222,0.30667856335639954,0.186118483543396,42247,6.544789791107178,4.578904151916504,311975,3.2200536727905273,2.3194003105163574,3830,5.7130303382873535,4.535525798797607,631948
quad3d,fm_disp_gdiv_d05,FM dispersion greedy-diverse (d2=0.5),7,5500,5.639402866363525,4.148094177246094,990000,6.057459354400635,4.048632621765137,342246,0.25113174319267273,0.19660329818725586,19913,6.416161060333252,4.37009859085083,322333,3.2118782997131348,2.173957109451294,2866,5.428326606750488,4.2152814865112305,644888
quad3d,fm_disp_gdiv_d05,FM dispersion greedy-diverse (d2=0.5),8,6000,5.455051898956299,3.923233985900879,990000,5.126531600952148,3.076693534851074,396438,0.2858642041683197,0.17220242321491241,62559,6.033527851104736,3.9736716747283936,333879,3.261897325515747,2.331455707550049,5121,5.695467472076416,4.452350616455078,588441
quad3d,fm_disp_gdiv_d05,FM dispersion greedy-diverse (d2=0.5),9,6500,5.387057304382324,3.8369979858398438,990000,5.314453125,3.3507132530212402,465017,0.29826077818870544,0.21083049476146698,54923,5.986262321472168,4.014336109161377,410094,1.7817047834396362,1.105269193649292,15601,5.563761234283447,4.339031219482422,509382
quad3d,fm_disp_gdiv_d05,FM dispersion greedy-diverse (d2=0.5),10,7000,5.347890853881836,3.7922840118408203,990000,4.992800712585449,2.9178621768951416,418524,0.24698445200920105,0.17539915442466736,61098,5.804046154022217,3.7104597091674805,357426,2.978732109069824,2.113842010498047,3770,5.625401020050049,4.380866050720215,567706
quad3d,fm_disp_gdiv_d05,FM dispersion greedy-diverse (d2=0.5),11,7500,5.237083911895752,3.671085834503174,990000,5.151977062225342,3.2556543350219727,553316,0.2617729902267456,0.17172901332378387,73684,5.9032416343688965,3.9951047897338867,479632,1.9704033136367798,1.125115156173706,42302,5.706870079040527,4.516108512878418,394382
quad3d,fm_disp_gdiv_d05,FM dispersion greedy-diverse (d2=0.5),12,8000,5.152770042419434,3.6162028312683105,990000,4.823611736297607,2.9333999156951904,592118,0.22508496046066284,0.0963025838136673,102845,5.790218353271484,3.9259207248687744,489273,2.7977688312530518,1.8951075077056885,71336,6.264090061187744,5.020130157470703,326546
quad3d,fm_disp_gdiv_d05,FM dispersion greedy-diverse (d2=0.5),13,8500,5.253659725189209,3.706637382507324,990000,5.083981037139893,3.0529801845550537,407163,0.20097357034683228,0.14962483942508698,48503,5.74432897567749,3.7009902000427246,358660,2.92806339263916,2.0153584480285645,3888,5.388608932495117,4.1381425857543945,578949
quad3d,fm_disp_gdiv_d05,FM dispersion greedy-diverse (d2=0.5),14,9000,5.131546497344971,3.546475648880005,990000,4.808128833770752,2.7764196395874023,429515,0.2073984146118164,0.16246095299720764,56799,5.509243488311768,3.4552454948425293,372716,2.923354148864746,1.9200860261917114,4061,5.39731502532959,4.115753173828125,556424
quad3d,fm_disp_gdiv_d05,FM dispersion greedy-diverse (d2=0.5),15,9500,4.89787483215332,3.2902114391326904,990000,4.471557140350342,2.506708860397339,637599,0.321565717458725,0.08820469677448273,121058,5.444159984588623,3.526346206665039,516541,3.2160489559173584,2.235321521759033,62200,6.195008277893066,4.923616409301758,290201
quad3d,fm_disp_gdiv_d05,FM dispersion greedy-diverse (d2=0.5),16,10000,4.999358177185059,3.4111547470092773,990000,4.497626304626465,2.4941091537475586,531782,0.2931436598300934,0.15255439281463623,97167,5.437623500823975,3.445250988006592,434615,2.3583669662475586,1.688879132270813,25782,5.773810386657715,4.526608943939209,432436
quad3d,fm_disp_gdiv_d05,FM dispersion greedy-diverse (d2=0.5),17,10500,4.8696417808532715,3.2597079277038574,990000,4.524967670440674,2.5761258602142334,618591,0.29175350069999695,0.15266764163970947,104178,5.382270336151123,3.4513354301452637,514413,2.5641305446624756,1.6770678758621216,51965,5.912140369415283,4.690603256225586,319444
quad3d,fm_disp_gdiv_d05,FM dispersion greedy-diverse (d2=0.5),18,11000,4.8226728439331055,3.2070701122283936,990000,4.206881999969482,2.212254762649536,575191,0.308052122592926,0.15334203839302063,109860,5.12735652923584,3.1601223945617676,465331,2.499302864074707,1.7211532592773438,38525,6.001851558685303,4.728253364562988,376284
quad3d,fm_disp_gdiv_d05,FM dispersion greedy-diverse (d2=0.5),19,11500,4.776484966278076,3.1643176078796387,990000,4.3922834396362305,2.4739151000976562,665459,0.3357836604118347,0.11831486225128174,118735,5.273252964019775,3.3968288898468018,546724,3.0350208282470703,2.107835054397583,57649,6.110599517822266,4.838274955749512,266892
quad3d,fm_disp_gdiv_d05,FM dispersion greedy-diverse (d2=0.5),20,12000,4.816412925720215,3.2130184173583984,990000,4.36278772354126,2.4164693355560303,484829,0.2610628306865692,0.18242546916007996,66744,5.017596244812012,3.041438579559326,418085,2.9751992225646973,2.0130536556243896,6569,5.281764507293701,4.016626358032227,498602
quad3d,fm_disp_gdiv_d05,FM dispersion greedy-diverse (d2=0.5),21,12500,4.600598335266113,2.9707093238830566,990000,4.1805195808410645,2.2493762969970703,672684,0.24881744384765625,0.07413434237241745,121698,5.04892635345459,3.153054714202881,550986,3.256272077560425,2.220641613006592,84229,6.298733234405518,4.973879814147949,233087
quad3d,fm_disp_gdiv_d05,FM dispersion greedy-diverse (d2=0.5),22,13000,4.620118618011475,3.0207252502441406,990000,4.0362935066223145,2.123722553253174,614232,0.4305233657360077,0.1794385015964508,122476,4.934341907501221,3.044738292694092,491756,2.996953010559082,2.1276655197143555,30627,5.803164005279541,4.526190280914307,345141
quad3d,fm_disp_prop_d05,FM dispersion proportional (d2=0.5),0,2000,6.627297878265381,5.391806602478027,990000,8.210147857666016,6.480684757232666,240881,0.3017103970050812,0.18159477412700653,5845,8.406818389892578,6.62343692779541,235036,5.018317699432373,3.914360284805298,1090,6.119934558868408,5.02354621887207,748029
quad3d,fm_disp_prop_d05,FM dispersion proportional (d2=0.5),1,2500,6.327704906463623,4.998199462890625,990000,7.454392433166504,5.6494975090026855,302692,0.1563841849565506,0.13155660033226013,9746,7.697188377380371,5.831568717956543,292946,3.9140465259552,2.9317381381988525,1871,5.83674430847168,4.708395004272461,685437
quad3d,fm_disp_prop_d05,FM dispersion proportional (d2=0.5),2,3000,6.101465225219727,4.735105514526367,990000,6.25760555267334,4.434166431427002,332761,0.2491232305765152,0.16168822348117828,52103,7.373054027557373,5.417091369628906,280658,3.78944730758667,2.8033607006073,4064,6.036306381225586,4.885828018188477,653175
quad3d,fm_disp_prop_d05,FM dispersion proportional (d2=0.5),3,3500,5.840893268585205,4.370658874511719,990000,6.277806282043457,4.252525806427002,329709,0.3260062038898468,0.21872547268867493,24827,6.762470722198486,4.6868791580200195,304882,3.9145002365112305,2.5270400047302246,1928,5.627727031707764,4.429152011871338,658363
quad3d,fm_disp_prop_d05,FM dispersion proportional (d2=0.5),4,4000,5.726378917694092,4.274452209472656,990000,5.533664226531982,3.6641154289245605,469552,0.3218306303024292,0.14705140888690948,86961,6.71828556060791,4.8046650886535645,382591,2.538341760635376,1.7310912609100342,26472,6.080410480499268,4.898195266723633,493976
quad3d,fm_disp_prop_d05,FM dispersion proportional (d2=0.5),5,4500,5.630699634552002,4.122039794921875,990000,5.717619895935059,3.6656832695007324,362059,0.2970011532306671,0.198955699801445,36740,6.329799652099609,4.232569694519043,325319,3.0998170375823975,2.2744505405426025,3009,5.592525482177734,4.375049591064453,624932
quad3d,fm_disp_prop_d05,FM dispersion proportional (d2=0.5),6,5000,5.593142509460449,4.10277795791626,990000,5.537043571472168,3.521237373352051,356022,0.2834819555282593,0.19455531239509583,43704,6.272196292877197,4.223330497741699,312318,2.833846092224121,2.1017346382141113,3759,5.64129114151001,4.417627811431885,630219
quad3d,fm_disp_prop_d05,FM dispersion proportional (d2=0.5),7,5500,5.530172824859619,4.01278018951416,990000,5.32501220703125,3.2707104682922363,379618,0.28461432456970215,0.1909617930650711,53833,6.157891273498535,4.066976547241211,325785,2.79375958442688,2.032383441925049,4992,5.681385040283203,4.450748443603516,605390
quad3d,fm_disp_prop_d05,FM dispersion proportional (d2=0.5),8,6000,5.3220038414001465,3.7414846420288086,990000,5.048771858215332,2.957808017730713,411114,0.23944395780563354,0.17246970534324646,59533,5.863133430480957,3.750239849090576,351581,3.115817070007324,2.245530605316162,4040,5.532916069030762,4.240569114685059,574846
quad3d,fm_disp_prop_d05,FM dispersion proportional (d2=0.5),9,6500,5.257457256317139,3.6916487216949463,990000,4.754202842712402,2.739290475845337,547575,0.3589751422405243,0.1315261423587799,111214,5.874398708343506,3.896965980529785,436361,2.734187126159668,1.9453109502792358,28348,6.095706939697266,4.817599773406982,414077
quad3d,fm_disp_prop_d05,FM dispersion proportional (d2=0.5),10,7000,5.180184364318848,3.6144180297851562,990000,4.699609279632568,2.71691632270813,559945,0.340289443731308,0.1341945379972458,110793,5.774930477142334,3.8390371799468994,449152,2.6076533794403076,1.828220009803772,26524,6.016125202178955,4.716818332672119,403531
quad3d,fm_disp_prop_d05,FM dispersion proportional (d2=0.5),11,7500,5.240696430206299,3.6698532104492188,990000,5.013649940490723,2.9296648502349854,414675,0.22861620783805847,0.1730891317129135,55401,5.751513957977295,3.6440112590789795,359274,2.7224838733673096,1.9243733882904053,4044,5.423328399658203,4.156089782714844,571281
quad3d,fm_disp_prop_d05,FM dispersion proportional (d2=0.5),12,8000,5.062733173370361,3.4672114849090576,990000,4.445003986358643,2.375091791152954,484163,0.3284676969051361,0.16059070825576782,96455,5.469127655029297,3.444032907485962,387708,2.9133217334747314,2.1254334449768066,9530,5.706620216369629,4.37293815612793,496307
quad3d,fm_disp_prop_d05,FM dispersion proportional (d2=0.5),13,8500,4.900717258453369,3.248166084289551,990000,4.4688215255737305,2.4296071529388428,568859,0.29342785477638245,0.16595640778541565,98163,5.339594841003418,3.3184285163879395,470696,2.24985933303833,1.5841145515441895,21853,5.661112308502197,4.349183082580566,399288
quad3d,fm_disp_prop_d05,FM dispersion proportional (d2=0.5),14,9000,4.888085842132568,3.2262673377990723,990000,4.532519817352295,2.4820268154144287,474468,0.33686184883117676,0.22710761427879333,60508,5.145793437957764,3.104259967803955,413960,3.021491050720215,2.0715930461883545,6149,5.241812705993652,3.884944438934326,509383
quad3d,fm_disp_prop_d05,FM dispersion proportional (d2=0.5),15,9500,4.8285040855407715,3.17256236076355,990000,4.176609992980957,2.106020212173462,520536,0.2879636287689209,0.16939222812652588,96037,5.056363105773926,2.993492841720581,424499,2.711052894592285,1.9884182214736938,9611,5.610682010650635,4.275452613830566,459853
quad3d,fm_disp_prop_d05,FM dispersion proportional (d2=0.5),16,10000,4.865988254547119,3.2438206672668457,990000,4.216270446777344,2.1834235191345215,489881,0.32152867317199707,0.18184806406497955,88425,5.074130058288574,3.049436569213867,401456,2.753309965133667,1.9902873039245605,8428,5.549529075622559,4.232048988342285,491691
quad3d,fm_disp_prop_d05,FM dispersion proportional (d2=0.5),17,10500,4.682943820953369,3.0429928302764893,990000,4.127138137817383,2.187130928039551,618189,0.367477148771286,0.18234051764011383,113147,4.969433784484863,3.0554518699645996,505042,2.7082793712615967,1.889652132987976,28248,5.845391750335693,4.522119522094727,343563
quad3d,fm_disp_prop_d05,FM dispersion proportional (d2=0.5),18,11000,4.705202579498291,3.0816802978515625,990000,4.195205211639404,2.246145725250244,620565,0.2822842597961426,0.12807810306549072,113652,5.072497844696045,3.1401681900024414,506913,2.425285577774048,1.709764003753662,40342,5.946380615234375,4.632122039794922,329093
quad3d,fm_disp_prop_d05,FM dispersion proportional (d2=0.5),19,11500,4.602853298187256,2.9129467010498047,990000,4.121848106384277,2.084714412689209,619527,0.30861496925354004,0.15459804236888885,108911,4.935184955596924,2.9199085235595703,510616,2.461988925933838,1.7460072040557861,26041,5.629893779754639,4.324592590332031,344432
quad3d,fm_disp_prop_d05,FM dispersion proportional (d2=0.5),20,12000,4.623961448669434,2.9596946239471436,990000,4.145961284637451,2.169999122619629,637547,0.2870163917541504,0.15238523483276367,113520,4.981924533843994,3.029850482940674,524027,2.7714498043060303,1.8777178525924683,47354,5.9103312492370605,4.548079490661621,305099
quad3d,fm_disp_prop_d05,FM dispersion proportional (d2=0.5),21,12500,4.512487411499023,2.837771415710449,990000,3.991933822631836,1.9924640655517578,619848,0.32882192730903625,0.16462484002113342,112250,4.801992893218994,2.8145394325256348,507598,2.446558952331543,1.7196801900863647,30331,5.646396636962891,4.355318546295166,339821
quad3d,fm_disp_prop_d05,FM dispersion proportional (d2=0.5),22,13000,4.410480976104736,2.7321643829345703,990000,3.852224826812744,1.8804473876953125,659106,0.21756035089492798,0.07310658693313599,122954,4.68574857711792,2.7450170516967773,536152,2.899723768234253,1.9164373874664307,66987,6.188192844390869,4.755660057067871,263907
quad3d,fm_disp_greedy_d10,FM dispersion greedy (d2=1.0),0,2000,6.627297878265381,5.391806602478027,990000,8.210147857666016,6.480684757232666,240881,0.3017103970050812,0.18159477412700653,5845,8.406818389892578,6.62343692779541,235036,5.018317699432373,3.914360284805298,1090,6.119934558868408,5.02354621887207,748029
quad3d,fm_disp_greedy_d10,FM dispersion greedy (d2=1.0),1,2500,6.364197254180908,5.1054606437683105,990000,7.8600172996521,6.01059627532959,262319,0.4552654027938843,0.13505344092845917,550,7.875576972961426,6.022394180297852,261769,4.381258487701416,3.3418030738830566,1835,5.828624248504639,4.772027015686035,725846
quad3d,fm_disp_greedy_d10,FM dispersion greedy (d2=1.0),2,3000,6.058156490325928,4.652990818023682,990000,6.1632981300354,3.9255223274230957,40029,0.16978588700294495,0.15759651362895966,1528,6.4011640548706055,4.101176738739014,38501,4.685501575469971,2.9385180473327637,94,6.053860664367676,4.686189651489258,949877
quad3d,fm_disp_greedy_d10,FM dispersion greedy (d2=1.0),3,3500,5.994628429412842,4.550096035003662,990000,7.0020246505737305,4.9207353591918945,278881,0.2500486373901367,0.15759724378585815,7663,7.19279670715332,5.086203575134277,271218,3.7978668212890625,2.6340572834014893,1557,5.603507041931152,4.4176435470581055,709562
quad3d,fm_disp_greedy_d10,FM dispersion greedy (d2=1.0),4,4000,5.808258056640625,4.307680130004883,990000,6.210456848144531,4.100460529327393,329915,0.2846699655056,0.17203372716903687,26412,6.726141452789307,4.569494247436523,303503,3.4776461124420166,2.5025978088378906,2382,5.614948749542236,4.415595531463623,657703
quad3d,fm_disp_greedy_d10,FM dispersion greedy (d2=1.0),5,4500,5.721430778503418,4.240623950958252,990000,5.793742656707764,3.726274013519287,344569,0.19288864731788635,0.13299620151519775,34639,6.419715881347656,4.311792373657227,309930,3.1724588871002197,2.2593178749084473,3807,5.697721481323242,4.512887954711914,641624
quad3d,fm_disp_greedy_d10,FM dispersion greedy (d2=1.0),6,5000,5.743046760559082,4.277844429016113,990000,5.776823043823242,3.710312843322754,346342,0.24724440276622772,0.16169360280036926,43223,6.565308570861816,4.463840484619141,303119,3.4784915447235107,2.4846067428588867,3163,5.735963821411133,4.567419052124023,640495
quad3d,fm_disp_greedy_d10,FM dispersion greedy (d2=1.0),7,5500,5.635613441467285,4.110838890075684,990000,5.627318859100342,3.488452911376953,343866,0.299997478723526,0.19352871179580688,36667,6.26318359375,4.089890956878662,307199,3.1874969005584717,2.279597759246826,2589,5.649891376495361,4.4360432624816895,643545
quad3d,fm_disp_greedy_d10,FM dispersion greedy (d2=1.0),8,6000,5.551078796386719,3.981626510620117,990000,5.537013530731201,3.4177017211914062,353668,0.23224420845508575,0.1761544793844223,34061,6.102350234985352,3.951127052307129,319607,3.2365877628326416,2.266665458679199,2686,5.568739891052246,4.293979167938232,633646
quad3d,fm_disp_greedy_d10,FM dispersion greedy (d2=1.0),9,6500,5.504301071166992,3.945295810699463,990000,4.962001323699951,2.820082664489746,406750,0.3333843946456909,0.1709226667881012,73708,5.986394882202148,3.802126884460449,333042,3.0311596393585205,2.2334136962890625,5732,5.910789966583252,4.692235469818115,577518
quad3d,fm_disp_greedy_d10,FM dispersion greedy (d2=1.0),10,7000,5.504706859588623,3.9431731700897217,990000,5.4051008224487305,3.2602367401123047,361143,0.2928175926208496,0.1874062865972519,38245,6.010614395141602,3.8260498046875,322898,3.39493989944458,2.5218982696533203,2746,5.571410655975342,4.336695194244385,626111
quad3d,fm_disp_greedy_d10,FM dispersion greedy (d2=1.0),11,7500,5.4159417152404785,3.825686454772949,990000,4.828850746154785,2.650867223739624,410184,0.29326099157333374,0.15410193800926208,72510,5.802795886993408,3.6232707500457764,337674,2.9945948123931885,2.1415905952453613,5858,5.860226154327393,4.5894622802734375,573958
quad3d,fm_disp_greedy_d10,FM dispersion greedy (d2=1.0),12,8000,5.3089213371276855,3.697528123855591,990000,4.82337760925293,2.7036683559417725,507333,0.2708209156990051,0.13693922758102417,90189,5.807669639587402,3.71299409866333,417144,2.168727397918701,1.5356156826019287,21633,5.990568161010742,4.7512922286987305,461034
quad3d,fm_disp_greedy_d10,FM dispersion greedy (d2=1.0),13,8500,5.409027576446533,3.8198108673095703,990000,5.365639686584473,3.19465708732605,375889,0.24425818026065826,0.19178755581378937,32707,5.853732585906982,3.660618782043457,343182,3.2940359115600586,2.3924622535705566,2219,5.443353176116943,4.1900177001953125,611892
quad3d,fm_disp_greedy_d10,FM dispersion greedy (d2=1.0),14,9000,5.172342300415039,3.560474395751953,990000,4.497311592102051,2.3612096309661865,523560,0.3670136332511902,0.11368593573570251,111048,5.609185218811035,3.493290901184082,412512,2.657604217529297,1.9207286834716797,24001,6.107558250427246,4.852707862854004,442439
quad3d,fm_disp_greedy_d10,FM dispersion greedy (d2=1.0),15,9500,5.301875114440918,3.6695640087127686,990000,5.502268314361572,3.28765869140625,364470,0.19431880116462708,0.16702821850776672,15420,5.736758708953857,3.5040578842163086,349050,3.160090684890747,2.0541419982910156,1402,5.189664363861084,3.8942694664001465,624128
quad3d,fm_disp_greedy_d10,FM dispersion greedy (d2=1.0),16,10000,5.148932933807373,3.5086307525634766,990000,4.752654075622559,2.6139347553253174,508056,0.26694387197494507,0.15110276639461517,85860,5.664891242980957,3.5449676513671875,422196,1.9627324342727661,1.295163631439209,18279,5.7087578773498535,4.457030296325684,463665
quad3d,fm_disp_greedy_d10,FM dispersion greedy (d2=1.0),17,10500,5.078305721282959,3.4455149173736572,990000,4.50401496887207,2.3883020877838135,552948,0.37200817465782166,0.1500997245311737,107128,5.496912956237793,3.4267032146453857,445820,2.677818775177002,1.9141441583633423,24031,5.986828804016113,4.733283996582031,413021
quad3d,fm_disp_greedy_d10,FM dispersion greedy (d2=1.0),18,11000,4.9347147941589355,3.273364305496216,990000,4.536114692687988,2.467546224594116,617757,0.2785150408744812,0.10071461647748947,109647,5.454879283905029,3.4416301250457764,508110,2.6306939125061035,1.8264589309692383,44908,6.003061294555664,4.7467265129089355,327335
quad3d,fm_disp_greedy_d10,FM dispersion greedy (d2=1.0),19,11500,4.948287487030029,3.3011088371276855,990000,4.269435405731201,2.173238515853882,491726,0.3055402636528015,0.1751459687948227,88151,5.135250091552734,3.0448522567749023,403575,2.9570558071136475,2.0889828205108643,7019,5.656239032745361,4.358684062957764,491255
quad3d,fm_disp_greedy_d10,FM dispersion greedy (d2=1.0),20,12000,4.892603397369385,3.219775676727295,990000,4.443934917449951,2.295447587966919,464323,0.21783332526683807,0.1686166375875473,56899,5.034133434295654,2.8715739250183105,407424,2.8780922889709473,2.0311992168426514,3442,5.3047943115234375,4.009354114532471,522235
quad3d,fm_disp_greedy_d10,FM dispersion greedy (d2=1.0),21,12500,4.76389741897583,3.1051340103149414,990000,4.190350532531738,2.0897607803344727,593461,0.32712653279304504,0.11944067478179932,114424,5.11313009262085,3.0467185974121094,479037,2.569610357284546,1.8802416324615479,22552,5.806350231170654,4.547567367553711,373987
quad3d,fm_disp_greedy_d10,FM dispersion greedy (d2=1.0),22,13000,4.7572021484375,3.104971408843994,990000,4.201513290405273,2.112837076187134,580294,0.2786622643470764,0.12480134516954422,108135,5.0999345779418945,3.0499439239501953,472159,2.393986463546753,1.6797065734863281,33487,5.8246684074401855,4.553121089935303,376219
quad3d,fm_disp_greedy_d10,FM dispersion greedy (d2=1.0),23,13500,4.673076629638672,3.001819610595703,990000,4.053495407104492,1.9766408205032349,587476,0.27080395817756653,0.11023605614900589,112357,4.948032379150391,2.8935329914093018,475119,2.4021859169006348,1.7006170749664307,35319,5.882741451263428,4.594006538391113,367205
quad3d,fm_disp_gdiv_d10,FM dispersion greedy-diverse (d2=1.0),0,2000,6.627297878265381,5.391806602478027,990000,8.210147857666016,6.480684757232666,240881,0.3017103970050812,0.18159477412700653,5845,8.406818389892578,6.62343692779541,235036,5.018317699432373,3.914360284805298,1090,6.119934558868408,5.02354621887207,748029
quad3d,fm_disp_gdiv_d10,FM dispersion greedy-diverse (d2=1.0),1,2500,6.22068452835083,4.857610702514648,990000,6.920298099517822,5.099398612976074,320509,0.2938363552093506,0.16412273049354553,28836,7.575416564941406,5.6429619789123535,291673,4.007880687713623,2.905510902404785,2894,5.893906593322754,4.757810115814209,666597
quad3d,fm_disp_gdiv_d10,FM dispersion greedy-diverse (d2=1.0),2,3000,6.221935749053955,4.897987365722656,990000,7.273468494415283,5.423445701599121,275149,0.34786173701286316,0.19408199191093445,7648,7.471476078033447,5.592828750610352,267501,4.062342643737793,3.069920301437378,1017,5.819695472717285,4.709458351135254,713834
quad3d,fm_disp_gdiv_d10,FM dispersion greedy-diverse (d2=1.0),3,3500,5.932930946350098,4.528835773468018,990000,5.6659159660339355,3.7156689167022705,339635,0.3476976454257965,0.17091740667819977,63813,6.896316051483154,4.9224748611450195,275822,3.8804078102111816,2.9530954360961914,3352,6.083728313446045,4.889734745025635,647013
quad3d,fm_disp_gdiv_d10,FM dispersion greedy-diverse (d2=1.0),4,4000,6.0199198722839355,4.641247749328613,990000,6.641242980957031,4.718205451965332,296398,0.365835577249527,0.1840822696685791,16836,7.019165992736816,5.068241119384766,279562,3.9745304584503174,3.0203351974487305,2858,5.761772632598877,4.620508670806885,690744
quad3d,fm_disp_gdiv_d10,FM dispersion greedy-diverse (d2=1.0),5,4500,5.890867710113525,4.518502712249756,990000,5.819864273071289,4.123345375061035,521808,0.3253381848335266,0.09742315858602524,92884,7.009710311889648,5.290467262268066,428924,2.7040679454803467,1.9423214197158813,64005,6.487182140350342,5.390482425689697,404187
quad3d,fm_disp_gdiv_d10,FM dispersion greedy-diverse (d2=1.0),6,5000,5.953600883483887,4.49372673034668,990000,6.8016533851623535,4.758090019226074,283914,0.18525250256061554,0.14834533631801605,3341,6.8804402351379395,4.828497886657715,280573,3.9508864879608154,3.050747871398926,438,5.6136345863342285,4.400216102600098,705648
quad3d,fm_disp_gdiv_d10,FM dispersion greedy-diverse (d2=1.0),7,5500,5.8406548500061035,4.452340126037598,990000,6.334173202514648,4.42181396484375,313751,0.2018304169178009,0.15635156631469727,13651,6.613121509552002,4.682004451751709,300100,3.6015241146087646,2.635439872741699,1773,5.616967678070068,4.470768928527832,674476
quad3d,fm_disp_gdiv_d10,FM dispersion greedy-diverse (d2=1.0),8,6000,5.706579208374023,4.289399147033691,990000,5.760289192199707,3.743323802947998,338020,0.23979350924491882,0.16344350576400757,38649,6.472989559173584,4.436572074890137,299371,3.2245473861694336,2.2548575401306152,3119,5.6905293464660645,4.552031517028809,648861
quad3d,fm_disp_gdiv_d10,FM dispersion greedy-diverse (d2=1.0),9,6500,5.681841850280762,4.237155437469482,990000,5.94209098815918,3.941040277481079,320921,0.15527519583702087,0.1407199501991272,19376,6.31392765045166,4.292026042938232,301545,3.360351085662842,2.4745333194732666,855,5.559820175170898,4.373396396636963,668224
quad3d,fm_disp_gdiv_d10,FM dispersion greedy-diverse (d2=1.0),10,7000,5.593425750732422,4.11602783203125,990000,5.373232841491699,3.3387837409973145,362385,0.2493847757577896,0.1724306046962738,46232,6.122508525848389,4.06314754486084,316153,3.595611095428467,2.6512417793273926,2142,5.727843284606934,4.532799243927002,625473
quad3d,fm_disp_gdiv_d10,FM dispersion greedy-diverse (d2=1.0),11,7500,5.702805995941162,4.2236552238464355,990000,6.293680191040039,4.299318313598633,318406,0.20088505744934082,0.16318199038505554,1403,6.320645809173584,4.3220038414001465,317003,3.6351897716522217,2.764528274536133,551,5.424138069152832,4.188077926635742,671043
quad3d,fm_disp_gdiv_d10,FM dispersion greedy-diverse (d2=1.0),12,8000,5.378441333770752,3.853665351867676,990000,4.835206508636475,2.7033777236938477,402229,0.25579720735549927,0.15540608763694763,72715,5.845760345458984,3.727844715118408,329514,3.0461881160736084,2.1282389163970947,3830,5.767930030822754,4.528578281402588,583941
quad3d,fm_disp_gdiv_d10,FM dispersion greedy-diverse (d2=1.0),13,8500,5.4471001625061035,3.904439926147461,990000,5.742345809936523,3.705387592315674,364104,0.2326584905385971,0.18453280627727509,14247,5.9667134284973145,3.914083242416382,349857,3.654832124710083,2.580394744873047,1352,5.278852462768555,4.023463249206543,624544
quad3d,fm_disp_gdiv_d10,FM dispersion greedy-diverse (d2=1.0),14,9000,5.421553611755371,3.8710594177246094,990000,5.435037136077881,3.339228391647339,368431,0.2151675820350647,0.16339536011219025,25927,5.830173492431641,3.7115941047668457,342504,3.2717137336730957,2.2378549575805664,1478,5.418665409088135,4.182944297790527,620091
quad3d,fm_disp_gdiv_d10,FM dispersion greedy-diverse (d2=1.0),15,9500,5.387331008911133,3.8409743309020996,990000,5.585948944091797,3.498223304748535,348601,0.2010107934474945,0.17816966772079468,13529,5.803375720977783,3.700237512588501,335072,3.185724973678589,2.127288341522217,954,5.282498836517334,4.031074523925781,640445
quad3d,fm_disp_gdiv_d10,FM dispersion greedy-diverse (d2=1.0),16,10000,5.303484916687012,3.7389822006225586,990000,4.836836814880371,2.7411208152770996,416646,0.2270720899105072,0.14753489196300507,65199,5.69202184677124,3.58491587638855,351447,3.1416006088256836,2.130807399749756,3039,5.655914783477783,4.407744884490967,570315
quad3d,fm_disp_gdiv_d10,FM dispersion greedy-diverse (d2=1.0),17,10500,5.298271656036377,3.7337100505828857,990000,5.297621726989746,3.1926817893981934,386255,0.17323866486549377,0.13773736357688904,34502,5.800251483917236,3.6637067794799805,351753,3.190415143966675,2.1715872287750244,2039,5.305832386016846,4.080544471740723,601706
quad3d,fm_disp_gdiv_d10,FM dispersion greedy-diverse (d2=1.0),18,11000,5.1626152992248535,3.579395294189453,990000,4.713311672210693,2.670238733291626,492067,0.3074347972869873,0.1559445708990097,83816,5.617862701416016,3.5858356952667236,408251,2.142346143722534,1.2152199745178223,20218,5.753237247467041,4.513251781463623,477715
quad3d,fm_disp_gdiv_d10,FM dispersion greedy-diverse (d2=1.0),19,11500,5.11315393447876,3.5267276763916016,990000,4.62103796005249,2.562373161315918,443295,0.30811160802841187,0.17934750020503998,70212,5.432704448699951,3.3781092166900635,373083,3.3391921520233154,2.3217098712921143,3875,5.527697563171387,4.265236854553223,542830
quad3d,fm_disp_gdiv_d10,FM dispersion greedy-diverse (d2=1.0),20,12000,5.014418601989746,3.423452377319336,990000,4.733850479125977,2.728790044784546,487655,0.23026143014431,0.17864815890789032,58486,5.347588539123535,3.3353970050811768,429169,1.201756477355957,0.286922812461853,13816,5.402308940887451,4.187741756439209,488529
quad3d,fm_disp_gdiv_d10,FM dispersion greedy-diverse (d2=1.0),21,12500,4.8965559005737305,3.3015520572662354,990000,4.557333946228027,2.617098331451416,606535,0.24775166809558868,0.10624681413173676,99810,5.406195163726807,3.479926109313965,506725,2.5699992179870605,1.6572763919830322,56305,5.925862789154053,4.70028018951416,327160
quad3d,fm_disp_gdiv_d10,FM dispersion greedy-diverse (d2=1.0),22,13000,4.91031551361084,3.2792105674743652,990000,4.88998556137085,2.835693120956421,431553,0.19881148636341095,0.16585686802864075,28407,5.220542907714844,3.154571533203125,403146,3.477461814880371,2.386139392852783,1778,4.9306559562683105,3.6288607120513916,556669
quad3d,fm_disp_gdiv_d10,FM dispersion greedy-diverse (d2=1.0),23,13500,4.78656530380249,3.17000675201416,990000,4.354161739349365,2.3507909774780273,544007,0.3142036199569702,0.17111584544181824,86992,5.123161315917969,3.136413097381592,457015,2.085318088531494,1.3763880729675293,18898,5.456856727600098,4.215669631958008,427095
quad3d,fm_disp_prop_d10,FM dispersion proportional (d2=1.0),0,2000,6.627297878265381,5.391806602478027,990000,8.210147857666016,6.480684757232666,240881,0.3017103970050812,0.18159477412700653,5845,8.406818389892578,6.62343692779541,235036,5.018317699432373,3.914360284805298,1090,6.119934558868408,5.02354621887207,748029
quad3d,fm_disp_prop_d10,FM dispersion proportional (d2=1.0),1,2500,6.356644630432129,5.042142391204834,990000,7.663455009460449,5.832791328430176,273522,0.28115081787109375,0.15709814429283142,8260,7.893331527709961,6.016092300415039,265262,4.122098445892334,2.9822778701782227,1627,5.861711502075195,4.743762969970703,714851
quad3d,fm_disp_prop_d10,FM dispersion proportional (d2=1.0),2,3000,5.933155536651611,4.556290626525879,990000,5.647886753082275,3.784619092941284,382132,0.3820575773715973,0.15976816415786743,75278,6.9397101402282715,5.004927635192871,306854,3.3147950172424316,2.430389881134033,5577,6.138393878936768,4.991552352905273,602291
quad3d,fm_disp_prop_d10,FM dispersion proportional (d2=1.0),3,3500,5.8178935050964355,4.365808963775635,990000,5.945396900177002,4.014673709869385,356587,0.2945277988910675,0.17344360053539276,45048,6.762503147125244,4.775289535522461,311539,3.5790467262268066,2.6501667499542236,4995,5.763338565826416,4.567060470581055,628418
quad3d,fm_disp_prop_d10,FM dispersion proportional (d2=1.0),4,4000,5.92143440246582,4.4677205085754395,990000,6.399474620819092,4.450803279876709,343526,0.3167622685432434,0.2000887542963028,22410,6.823974609375,4.82097053527832,321116,2.9945805072784424,2.3468234539031982,3468,5.681829452514648,4.49605655670166,643006
quad3d,fm_disp_prop_d10,FM dispersion proportional (d2=1.0),5,4500,5.6407928466796875,4.131363868713379,990000,5.637744903564453,3.6527209281921387,379588,0.30894118547439575,0.18003326654434204,47731,6.4041876792907715,4.369961738586426,331857,3.227935314178467,2.2698466777801514,4601,5.661029815673828,4.429590702056885,605811
quad3d,fm_disp_prop_d10,FM dispersion proportional (d2=1.0),6,5000,5.451274394989014,3.9206440448760986,990000,5.554888725280762,3.697614908218384,547229,0.3044516146183014,0.19038471579551697,71020,6.337917327880859,4.443244457244873,476209,2.086954116821289,1.1145548820495605,40408,5.648225784301758,4.506718158721924,402363
quad3d,fm_disp_prop_d10,FM dispersion proportional (d2=1.0),7,5500,5.439590930938721,3.8771252632141113,990000,5.299008369445801,3.3045899868011475,469888,0.302986741065979,0.1800011396408081,72962,6.217364311218262,4.194012641906738,396926,2.1465370655059814,1.4203308820724487,18796,5.694827556610107,4.460061550140381,501316
quad3d,fm_disp_prop_d10,FM dispersion proportional (d2=1.0),8,6000,5.35827112197876,3.7834668159484863,990000,5.522046089172363,3.4373342990875244,359234,0.2434702217578888,0.20930491387844086,20864,5.847525119781494,3.734999179840088,338370,3.126507043838501,2.09896183013916,1924,5.271543979644775,3.9864399433135986,628842
quad3d,fm_disp_prop_d10,FM dispersion proportional (d2=1.0),9,6500,5.254017353057861,3.6715493202209473,990000,4.926668643951416,2.90417218208313,512415,0.30487531423568726,0.17116321623325348,85502,5.852321147918701,3.8425564765930176,426913,2.0663421154022217,1.515430212020874,20948,5.767582416534424,4.511350631713867,456637
quad3d,fm_disp_prop_d10,FM dispersion proportional (d2=1.0),10,7000,5.109058380126953,3.4970922470092773,990000,4.634581089019775,2.6344854831695557,543351,0.31702324748039246,0.16101045906543732,100245,5.611354351043701,3.622504949569702,443106,2.165430784225464,1.5155141353607178,32636,5.9637980461120605,4.646836280822754,414013
quad3d,fm_disp_prop_d10,FM dispersion proportional (d2=1.0),11,7500,5.099053382873535,3.5032639503479004,990000,4.591640472412109,2.5316076278686523,460005,0.2954772412776947,0.1761990636587143,75399,5.433869361877441,3.3732728958129883,384606,2.988654136657715,2.12640643119812,5637,5.566882133483887,4.27884578704834,524358
quad3d,fm_disp_prop_d10,FM dispersion proportional (d2=1.0),12,8000,4.995689868927002,3.377408027648926,990000,4.493265628814697,2.471219539642334,554756,0.3296923041343689,0.1494370400905609,103425,5.4473724365234375,3.4419944286346436,451331,2.3795652389526367,1.6780198812484741,22284,5.811795234680176,4.511655807495117,412960
quad3d,fm_disp_prop_d10,FM dispersion proportional (d2=1.0),13,8500,4.8532538414001465,3.2353944778442383,990000,4.292186260223389,2.2762045860290527,579757,0.2951118052005768,0.10816434025764465,113324,5.26331090927124,3.278346300125122,466433,2.4332990646362305,1.6652268171310425,33067,5.927832126617432,4.596315383911133,377176
quad3d,fm_disp_prop_d10,FM dispersion proportional (d2=1.0),14,9000,4.883747100830078,3.258800506591797,990000,4.302259922027588,2.2752418518066406,584700,0.3774658441543579,0.1088862419128418,120924,5.325602054595947,3.3303699493408203,463776,2.788804292678833,1.9767074584960938,25320,5.918116092681885,4.5829081535339355,379980
quad3d,fm_disp_prop_d10,FM dispersion proportional (d2=1.0),15,9500,4.842411518096924,3.2149152755737305,990000,4.296548366546631,2.2768983840942383,587940,0.30322182178497314,0.094044528901577,116290,5.281144618988037,3.29295015335083,471650,2.740795135498047,1.8485772609710693,39118,5.9531779289245605,4.600113868713379,362942
quad3d,fm_disp_prop_d10,FM dispersion proportional (d2=1.0),16,10000,4.741679668426514,3.0743298530578613,990000,4.267759799957275,2.2278497219085693,577287,0.32685500383377075,0.160697340965271,103103,5.124640464782715,3.098550796508789,474184,2.4006378650665283,1.6634197235107422,23667,5.587319374084473,4.290955543518066,389046
quad3d,fm_disp_prop_d10,FM dispersion proportional (d2=1.0),17,10500,4.7272419929504395,3.077219009399414,990000,4.359045028686523,2.400660753250122,667833,0.3282538056373596,0.11088670045137405,120024,5.242184638977051,3.3277366161346436,547809,3.0428385734558105,2.0596866607666016,55811,6.003366470336914,4.629201889038086,266356
quad3d,fm_disp_prop_d10,FM dispersion proportional (d2=1.0),18,11000,4.676482677459717,3.0172946453094482,990000,4.064108848571777,2.04710054397583,517457,0.2640901505947113,0.15192005038261414,85369,4.8148908615112305,2.800403118133545,432088,2.715085744857788,1.99337637424469,6589,5.384280204772949,4.0340142250061035,465954
quad3d,fm_disp_prop_d10,FM dispersion proportional (d2=1.0),19,11500,4.611780166625977,2.9203763008117676,990000,4.059847831726074,2.00213623046875,617817,0.3516333997249603,0.13787737488746643,119189,4.9462385177612305,2.9133687019348145,498628,2.6956071853637695,1.9118638038635254,24900,5.731052398681641,4.360466957092285,347283
quad3d,fm_disp_prop_d10,FM dispersion proportional (d2=1.0),20,12000,4.5790934562683105,2.9188649654388428,990000,4.214607238769531,2.2422068119049072,678299,0.30834197998046875,0.09806761145591736,120891,5.061801433563232,3.121358633041382,557408,2.905712127685547,1.9519946575164795,53563,5.884066581726074,4.550562858581543,258138
quad3d,fm_disp_prop_d10,FM dispersion proportional (d2=1.0),21,12500,4.5944929122924805,2.936938524246216,990000,4.25398588180542,2.291591167449951,609440,0.274739533662796,0.15198171138763428,93975,4.979447364807129,3.0367517471313477,515465,2.112497568130493,1.3157236576080322,24948,5.352169513702393,4.038944244384766,355612
quad3d,fm_disp_prop_d10,FM dispersion proportional (d2=1.0),22,13000,4.453055381774902,2.7697272300720215,990000,3.897418737411499,1.884979486465454,647282,0.38612809777259827,0.13681292533874512,127572,4.7593278884887695,2.7661819458007812,519710,2.82814621925354,1.9652494192123413,26627,5.727753639221191,4.400574207305908,316091
humanoid,fm_adapt_mfF,FM adaptive direct Euclid (d2=0.5),0,1000,7.827514171600342,8.072577476501465,50000,8.359932899475098,8.582764625549316,38726,9.41401481628418,9.147039413452148,32084,3.268217086791992,2.2989559173583984,6642,5.998666763305664,4.504244327545166,11274,,,0
humanoid,fm_adapt_mfF,FM adaptive direct Euclid (d2=0.5),1,2000,7.767113208770752,8.085050582885742,50000,8.262638092041016,8.557748794555664,38778,9.45784854888916,9.171468734741211,31506,3.084381341934204,2.250788927078247,7272,6.054810523986816,4.460903644561768,11222,,,0
humanoid,fm_adapt_mfF,FM adaptive direct Euclid (d2=0.5),2,3000,7.776284217834473,8.042495727539062,50000,8.08158016204834,8.40358829498291,40478,9.429268836975098,9.148336410522461,31495,3.356489658355713,2.324589967727661,8983,6.478476524353027,4.937265396118164,9522,,,0
humanoid,fm_adapt_mfF,FM adaptive direct Euclid (d2=0.5),3,4000,7.773078918457031,8.060149192810059,50000,8.266436576843262,8.526617050170898,39204,9.402189254760742,9.131863594055176,32188,3.0558345317840576,2.2915780544281006,7016,5.981523036956787,4.4208478927612305,10796,,,0
humanoid,fm_adapt_mfF,FM adaptive direct Euclid (d2=0.5),4,5000,7.828601360321045,8.087247848510742,50000,8.30927848815918,8.551151275634766,39378,9.378029823303223,9.101762771606445,32797,2.9830667972564697,2.2930619716644287,6581,6.046621799468994,4.5740742683410645,10622,,,0
humanoid,fm_adapt_mfF,FM adaptive direct Euclid (d2=0.5),5,6000,7.721911430358887,8.041818618774414,50000,8.167352676391602,8.497042655944824,38523,9.445262908935547,9.177107810974121,30859,3.0218636989593506,2.1767053604125977,7664,6.226766109466553,4.677064418792725,11477,,,0
humanoid,fm_adapt_mfF,FM adaptive direct Euclid (d2=0.5),6,7000,7.756597518920898,8.04438304901123,50000,8.17501449584961,8.49575138092041,38417,9.442899703979492,9.157380104064941,30704,3.1278066635131836,2.2058756351470947,7713,6.3688435554504395,4.924190521240234,11583,,,0
humanoid,fm_adapt_mfF,FM adaptive direct Euclid (d2=0.5),7,8000,7.786553859710693,8.052507400512695,50000,8.218673706054688,8.455480575561523,41760,9.276232719421387,9.06201171875,34638,3.0752112865448,2.2874159812927246,7122,5.596582889556885,3.964078426361084,8240,,,0
humanoid,fm_adapt_mfF,FM adaptive direct Euclid (d2=0.5),8,9000,7.859485626220703,8.074320793151855,50000,8.373887062072754,8.57102108001709,38217,9.396265983581543,9.113675117492676,31958,3.153693675994873,2.3182244300842285,6259,6.191074848175049,4.732391834259033,11783,,,0
humanoid,fm_adapt_mfF,FM adaptive direct Euclid (d2=0.5),9,10000,7.754552364349365,8.052667617797852,50000,8.182022094726562,8.468997955322266,39454,9.427299499511719,9.122605323791504,31667,3.117919921875,2.211791753768921,7787,6.155329704284668,4.689325332641602,10546,,,0
humanoid,fm_adapt_mfF,FM adaptive direct Euclid (d2=0.5),10,11000,7.799073696136475,8.077219009399414,50000,8.245633125305176,8.492976188659668,39219,9.423091888427734,9.090587615966797,31922,3.0946309566497803,2.2302634716033936,7297,6.17458963394165,4.704177379608154,10781,,,0
humanoid,fm_adapt_mfF,FM adaptive direct Euclid (d2=0.5),11,12000,7.680706024169922,8.049409866333008,50000,8.017939567565918,8.37723445892334,42403,9.396032333374023,9.103706359863281,32919,3.234572172164917,2.3383374214172363,9484,5.798421859741211,4.020796298980713,7597,,,0
humanoid,fm_adapt_mfF,FM adaptive direct Euclid (d2=0.5),12,13000,7.670633316040039,8.030038833618164,50000,7.988513469696045,8.357155799865723,40784,9.448372840881348,9.128636360168457,31233,3.2145848274230957,2.2194793224334717,9551,6.2639031410217285,4.677700042724609,9216,,,0
humanoid,fm_adapt_mfF,FM adaptive direct Euclid (d2=0.5),13,14000,7.734797954559326,8.051965713500977,50000,7.996053695678711,8.322576522827148,43547,9.35973072052002,9.082342147827148,33630,3.371626615524292,2.314502716064453,9917,5.9717535972595215,4.290946006774902,6453,,,0
humanoid,fm_adapt_mfF,FM adaptive direct Euclid (d2=0.5),14,15000,7.608285427093506,8.002766609191895,50000,7.947770118713379,8.370931625366211,41954,9.420411109924316,9.202390670776367,32207,3.08172345161438,2.1863789558410645,9747,5.838120460510254,4.045555591583252,8046,,,0
humanoid,fm_adapt_mfF,FM adaptive direct Euclid (d2=0.5),15,16000,7.658098220825195,8.021249771118164,50000,8.050789833068848,8.455382347106934,36933,9.513694763183594,9.181830406188965,28561,3.060106039047241,2.1713199615478516,8372,6.548179626464844,5.072143077850342,13067,,,0
humanoid,fm_adapt_mfF,FM adaptive direct Euclid (d2=0.5),16,17000,7.6267924308776855,8.019153594970703,50000,7.881682872772217,8.291092872619629,42847,9.411206245422363,9.148032188415527,32399,3.138667345046997,2.1808881759643555,10448,6.099982261657715,4.294047832489014,7153,,,0
humanoid,fm_adapt_mfF,FM adaptive direct Euclid (d2=0.5),17,18000,7.651655197143555,8.01713752746582,50000,8.01749324798584,8.413867950439453,38372,9.49821662902832,9.147611618041992,29571,3.0423285961151123,2.128664016723633,8801,6.444400310516357,4.954305648803711,11628,,,0
humanoid,fm_adapt_mfF,FM adaptive direct Euclid (d2=0.5),18,19000,7.648269176483154,8.027767181396484,50000,7.98591947555542,8.350225448608398,42113,9.401308059692383,9.108434677124023,32674,3.0864145755767822,2.1466519832611084,9439,5.845369815826416,4.007512092590332,7887,,,0
humanoid,fm_adapt_mfF,FM adaptive direct Euclid (d2=0.5),19,20000,7.662309169769287,8.006041526794434,50000,8.091840744018555,8.447219848632812,41566,9.374185562133789,9.170343399047852,33164,3.0302257537841797,2.11806321144104,8402,5.545413970947266,3.8315675258636475,8434,,,0
humanoid,fm_adapt_mfF,FM adaptive direct Euclid (d2=0.5),20,21000,7.634327411651611,7.9911346435546875,50000,8.060197830200195,8.442306518554688,40536,9.389641761779785,9.179561614990234,32284,2.859065294265747,2.1241860389709473,8252,5.810250282287598,4.070090293884277,9464,,,0
humanoid,fm_adapt_mfF,FM adaptive direct Euclid (d2=0.5),21,22000,7.6278886795043945,8.012598037719727,50000,8.019659042358398,8.426609992980957,38795,9.487407684326172,9.181466102600098,30213,2.8524386882781982,2.1375930309295654,8582,6.271466255187988,4.595777988433838,11205,,,0
humanoid,fm_adapt_mfF,FM adaptive direct Euclid (d2=0.5),22,23000,7.6587042808532715,8.030437469482422,50000,8.008004188537598,8.390766143798828,41708,9.406264305114746,9.149271011352539,32545,3.041684627532959,2.176513195037842,9163,5.901756286621094,4.16248893737793,8292,,,0
humanoid,fm_adapt_mfF,FM adaptive direct Euclid (d2=0.5),23,24000,7.659109592437744,8.02357292175293,50000,8.10220718383789,8.475624084472656,38257,9.479400634765625,9.165834426879883,30240,2.907453775405884,2.11364483833313,8017,6.215561866760254,4.638185024261475,11743,,,0
humanoid,fm_adapt_mfF,FM adaptive direct Euclid (d2=0.5),24,25000,7.656586170196533,8.018438339233398,50000,8.099493026733398,8.45785140991211,38688,9.475667953491211,9.174266815185547,30606,2.888014554977417,2.0858142375946045,8082,6.14180326461792,4.599455833435059,11312,,,0
humanoid,fm_adapt_mfF,FM adaptive direct Euclid (d2=0.5),25,26000,7.643125534057617,8.017007827758789,50000,7.978377342224121,8.357681274414062,42523,9.37647819519043,9.130175590515137,33365,2.8847291469573975,2.0653631687164307,9158,5.736487865447998,4.057851791381836,7477,,,0
humanoid,fm_adapt_mfF,FM adaptive direct Euclid (d2=0.5),26,27000,7.6069512367248535,7.980566501617432,50000,7.975569248199463,8.38355827331543,41600,9.413786888122559,9.177003860473633,32493,2.8441309928894043,2.0792040824890137,9107,5.781418800354004,3.9906396865844727,8400,,,0
humanoid,fm_adapt_mfF,FM adaptive direct Euclid (d2=0.5),27,28000,7.627617359161377,8.002059936523438,50000,7.981100082397461,8.427474975585938,41594,9.395308494567871,9.230965614318848,32694,2.7860286235809326,2.0612497329711914,8900,5.8785400390625,4.095822334289551,8406,,,0
humanoid,fm_adapt_mfF,FM adaptive direct Euclid (d2=0.5),28,29000,7.589008331298828,7.989501953125,50000,7.8773274421691895,8.31537914276123,42549,9.395824432373047,9.212133407592773,32525,2.950239896774292,2.112755298614502,10024,5.942562103271484,3.958301544189453,7451,,,0
humanoid,fm_adapt_mfF,FM adaptive direct Euclid (d2=0.5),29,30000,7.625736236572266,8.017005920410156,50000,8.021824836730957,8.45003890991211,39373,9.4808931350708,9.193008422851562,30892,2.7071759700775146,2.00333571434021,8481,6.158227443695068,4.4958109855651855,10627,,,0
humanoid,fm_adapt_mfT,FM adaptive direct manifold (d2=0.5),0,1000,7.827514171600342,8.072577476501465,50000,8.359932899475098,8.582764625549316,38726,9.41401481628418,9.147039413452148,32084,3.268217086791992,2.2989559173583984,6642,5.998666763305664,4.504244327545166,11274,,,0
humanoid,fm_adapt_mfT,FM adaptive direct manifold (d2=0.5),1,2000,7.767113208770752,8.085050582885742,50000,8.262638092041016,8.557748794555664,38778,9.45784854888916,9.171468734741211,31506,3.084381341934204,2.250788927078247,7272,6.054810523986816,4.460903644561768,11222,,,0
humanoid,fm_adapt_mfT,FM adaptive direct manifold (d2=0.5),2,3000,7.776284217834473,8.042495727539062,50000,8.08158016204834,8.40358829498291,40478,9.429268836975098,9.148336410522461,31495,3.356489658355713,2.324589967727661,8983,6.478476524353027,4.937265396118164,9522,,,0
humanoid,fm_adapt_mfT,FM adaptive direct manifold (d2=0.5),3,4000,7.773078918457031,8.060149192810059,50000,8.266436576843262,8.526617050170898,39204,9.402189254760742,9.131863594055176,32188,3.0558345317840576,2.2915780544281006,7016,5.981523036956787,4.4208478927612305,10796,,,0
humanoid,fm_adapt_mfT,FM adaptive direct manifold (d2=0.5),4,5000,7.828601360321045,8.087247848510742,50000,8.30927848815918,8.551151275634766,39378,9.378029823303223,9.101762771606445,32797,2.9830667972564697,2.2930619716644287,6581,6.046621799468994,4.5740742683410645,10622,,,0
humanoid,fm_adapt_mfT,FM adaptive direct manifold (d2=0.5),5,6000,7.721911430358887,8.041818618774414,50000,8.167352676391602,8.497042655944824,38523,9.445262908935547,9.177107810974121,30859,3.0218636989593506,2.1767053604125977,7664,6.226766109466553,4.677064418792725,11477,,,0
humanoid,fm_adapt_mfT,FM adaptive direct manifold (d2=0.5),6,7000,7.756597518920898,8.04438304901123,50000,8.17501449584961,8.49575138092041,38417,9.442899703979492,9.157380104064941,30704,3.1278066635131836,2.2058756351470947,7713,6.3688435554504395,4.924190521240234,11583,,,0
humanoid,fm_adapt_mfT,FM adaptive direct manifold (d2=0.5),7,8000,7.786553859710693,8.052507400512695,50000,8.218673706054688,8.455480575561523,41760,9.276232719421387,9.06201171875,34638,3.0752112865448,2.2874159812927246,7122,5.596582889556885,3.964078426361084,8240,,,0
humanoid,fm_adapt_mfT,FM adaptive direct manifold (d2=0.5),8,9000,7.859485626220703,8.074320793151855,50000,8.373887062072754,8.57102108001709,38217,9.396265983581543,9.113675117492676,31958,3.153693675994873,2.3182244300842285,6259,6.191074848175049,4.732391834259033,11783,,,0
humanoid,fm_adapt_mfT,FM adaptive direct manifold (d2=0.5),9,10000,7.754552364349365,8.052667617797852,50000,8.182022094726562,8.468997955322266,39454,9.427299499511719,9.122605323791504,31667,3.117919921875,2.211791753768921,7787,6.155329704284668,4.689325332641602,10546,,,0
humanoid,fm_adapt_mfT,FM adaptive direct manifold (d2=0.5),10,11000,7.799073696136475,8.077219009399414,50000,8.245633125305176,8.492976188659668,39219,9.423091888427734,9.090587615966797,31922,3.0946309566497803,2.2302634716033936,7297,6.17458963394165,4.704177379608154,10781,,,0
humanoid,fm_adapt_mfT,FM adaptive direct manifold (d2=0.5),11,12000,7.680706024169922,8.049409866333008,50000,8.017939567565918,8.37723445892334,42403,9.396032333374023,9.103706359863281,32919,3.234572172164917,2.3383374214172363,9484,5.798421859741211,4.020796298980713,7597,,,0
humanoid,fm_adapt_mfT,FM adaptive direct manifold (d2=0.5),12,13000,7.670633316040039,8.030038833618164,50000,7.988513469696045,8.357155799865723,40784,9.448372840881348,9.128636360168457,31233,3.2145848274230957,2.2194793224334717,9551,6.2639031410217285,4.677700042724609,9216,,,0
humanoid,fm_adapt_mfT,FM adaptive direct manifold (d2=0.5),13,14000,7.734797954559326,8.051965713500977,50000,7.996053695678711,8.322576522827148,43547,9.35973072052002,9.082342147827148,33630,3.371626615524292,2.314502716064453,9917,5.9717535972595215,4.290946006774902,6453,,,0
humanoid,fm_adapt_mfT,FM adaptive direct manifold (d2=0.5),14,15000,7.608285427093506,8.002766609191895,50000,7.947770118713379,8.370931625366211,41954,9.420411109924316,9.202390670776367,32207,3.08172345161438,2.1863789558410645,9747,5.838120460510254,4.045555591583252,8046,,,0
humanoid,fm_adapt_mfT,FM adaptive direct manifold (d2=0.5),15,16000,7.658098220825195,8.021249771118164,50000,8.050789833068848,8.455382347106934,36933,9.513694763183594,9.181830406188965,28561,3.060106039047241,2.1713199615478516,8372,6.548179626464844,5.072143077850342,13067,,,0
humanoid,fm_adapt_mfT,FM adaptive direct manifold (d2=0.5),16,17000,7.6267924308776855,8.019153594970703,50000,7.881682872772217,8.291092872619629,42847,9.411206245422363,9.148032188415527,32399,3.138667345046997,2.1808881759643555,10448,6.099982261657715,4.294047832489014,7153,,,0
humanoid,fm_adapt_mfT,FM adaptive direct manifold (d2=0.5),17,18000,7.651655197143555,8.01713752746582,50000,8.01749324798584,8.413867950439453,38372,9.49821662902832,9.147611618041992,29571,3.0423285961151123,2.128664016723633,8801,6.444400310516357,4.954305648803711,11628,,,0
humanoid,fm_adapt_mfT,FM adaptive direct manifold (d2=0.5),18,19000,7.648269176483154,8.027767181396484,50000,7.98591947555542,8.350225448608398,42113,9.401308059692383,9.108434677124023,32674,3.0864145755767822,2.1466519832611084,9439,5.845369815826416,4.007512092590332,7887,,,0
humanoid,fm_adapt_mfT,FM adaptive direct manifold (d2=0.5),19,20000,7.662309169769287,8.006041526794434,50000,8.091840744018555,8.447219848632812,41566,9.374185562133789,9.170343399047852,33164,3.0302257537841797,2.11806321144104,8402,5.545413970947266,3.8315675258636475,8434,,,0
humanoid,fm_adapt_mfT,FM adaptive direct manifold (d2=0.5),20,21000,7.634327411651611,7.9911346435546875,50000,8.060197830200195,8.442306518554688,40536,9.389641761779785,9.179561614990234,32284,2.859065294265747,2.1241860389709473,8252,5.810250282287598,4.070090293884277,9464,,,0
humanoid,fm_adapt_mfT,FM adaptive direct manifold (d2=0.5),21,22000,7.6278886795043945,8.012598037719727,50000,8.019659042358398,8.426609992980957,38795,9.487407684326172,9.181466102600098,30213,2.8524386882781982,2.1375930309295654,8582,6.271466255187988,4.595777988433838,11205,,,0
humanoid,fm_adapt_mfT,FM adaptive direct manifold (d2=0.5),22,23000,7.6587042808532715,8.030437469482422,50000,8.008004188537598,8.390766143798828,41708,9.406264305114746,9.149271011352539,32545,3.041684627532959,2.176513195037842,9163,5.901756286621094,4.16248893737793,8292,,,0
humanoid,fm_adapt_mfT,FM adaptive direct manifold (d2=0.5),23,24000,7.659109592437744,8.02357292175293,50000,8.10220718383789,8.475624084472656,38257,9.479400634765625,9.165834426879883,30240,2.907453775405884,2.11364483833313,8017,6.215561866760254,4.638185024261475,11743,,,0
humanoid,fm_adapt_mfT,FM adaptive direct manifold (d2=0.5),24,25000,7.656586170196533,8.018438339233398,50000,8.099493026733398,8.45785140991211,38688,9.475667953491211,9.174266815185547,30606,2.888014554977417,2.0858142375946045,8082,6.14180326461792,4.599455833435059,11312,,,0
humanoid,fm_adapt_mfT,FM adaptive direct manifold (d2=0.5),25,26000,7.643125534057617,8.017007827758789,50000,7.978377342224121,8.357681274414062,42523,9.37647819519043,9.130175590515137,33365,2.8847291469573975,2.0653631687164307,9158,5.736487865447998,4.057851791381836,7477,,,0
humanoid,fm_adapt_mfT,FM adaptive direct manifold (d2=0.5),26,27000,7.6069512367248535,7.980566501617432,50000,7.975569248199463,8.38355827331543,41600,9.413786888122559,9.177003860473633,32493,2.8441309928894043,2.0792040824890137,9107,5.781418800354004,3.9906396865844727,8400,,,0
humanoid,fm_adapt_mfT,FM adaptive direct manifold (d2=0.5),27,28000,7.627617359161377,8.002059936523438,50000,7.981100082397461,8.427474975585938,41594,9.395308494567871,9.230965614318848,32694,2.7860286235809326,2.0612497329711914,8900,5.8785400390625,4.095822334289551,8406,,,0
humanoid,fm_adapt_mfT,FM adaptive direct manifold (d2=0.5),28,29000,7.589008331298828,7.989501953125,50000,7.8773274421691895,8.31537914276123,42549,9.395824432373047,9.212133407592773,32525,2.950239896774292,2.112755298614502,10024,5.942562103271484,3.958301544189453,7451,,,0
humanoid,fm_adapt_mfT,FM adaptive direct manifold (d2=0.5),29,30000,7.625736236572266,8.017005920410156,50000,8.021824836730957,8.45003890991211,39373,9.4808931350708,9.193008422851562,30892,2.7071759700775146,2.00333571434021,8481,6.158227443695068,4.4958109855651855,10627,,,0
humanoid,fm_ranked_mfF,FM adaptive ranked Euclid (d2=0.5),0,1000,7.8013176918029785,8.076556205749512,50000,8.295223236083984,8.56629467010498,38833,9.419883728027344,9.14581298828125,31796,3.2135555744171143,2.2971222400665283,7037,6.08376932144165,4.547628879547119,11167,,,0
humanoid,fm_ranked_mfF,FM adaptive ranked Euclid (d2=0.5),1,2000,7.804917335510254,8.079139709472656,50000,8.34582233428955,8.585827827453613,37811,9.4285249710083,9.142563819885254,31332,3.10994291305542,2.2519609928131104,6479,6.127002239227295,4.52049446105957,12189,,,0
humanoid,fm_ranked_mfF,FM adaptive ranked Euclid (d2=0.5),2,3000,7.774926662445068,8.060846328735352,50000,8.249848365783691,8.526946067810059,39070,9.431514739990234,9.154192924499512,31572,3.2741732597351074,2.2758612632751465,7498,6.07729434967041,4.467121601104736,10930,,,0
humanoid,fm_ranked_mfF,FM adaptive ranked Euclid (d2=0.5),3,4000,7.833568096160889,8.077760696411133,50000,8.349557876586914,8.550821304321289,38474,9.412708282470703,9.10250473022461,31939,3.153538942337036,2.2686614990234375,6535,6.1111860275268555,4.594253063201904,11526,,,0
humanoid,fm_ranked_mfF,FM adaptive ranked Euclid (d2=0.5),4,5000,7.748386383056641,8.050987243652344,50000,8.217790603637695,8.509778022766113,38288,9.4508056640625,9.149158477783203,30788,3.156177043914795,2.2418711185455322,7500,6.2138471603393555,4.656777858734131,11712,,,0
humanoid,fm_ranked_mfF,FM adaptive ranked Euclid (d2=0.5),5,6000,7.6767473220825195,8.045923233032227,50000,8.033956527709961,8.433004379272461,38685,9.51175308227539,9.190957069396973,29541,3.259722948074341,2.25284743309021,9144,6.455480098724365,4.898262023925781,11315,,,0
humanoid,fm_ranked_mfF,FM adaptive ranked Euclid (d2=0.5),6,7000,7.788863658905029,8.077178955078125,50000,8.073205947875977,8.41187858581543,40052,9.456395149230957,9.144448280334473,30918,3.3912034034729004,2.274508476257324,9134,6.6440629959106445,5.144085884094238,9948,,,0
humanoid,fm_ranked_mfF,FM adaptive ranked Euclid (d2=0.5),7,8000,7.631415843963623,8.003273010253906,50000,7.961661338806152,8.36378002166748,41731,9.437714576721191,9.170096397399902,31838,3.2113754749298096,2.2239458560943604,9893,5.964768886566162,4.152214527130127,8269,,,0
humanoid,fm_ranked_mfF,FM adaptive ranked Euclid (d2=0.5),8,9000,7.682881832122803,8.044801712036133,50000,8.03884506225586,8.422900199890137,39601,9.47008228302002,9.16861343383789,30562,3.199650764465332,2.201418161392212,9039,6.3273186683654785,4.726160526275635,10399,,,0
humanoid,fm_ranked_mfF,FM adaptive ranked Euclid (d2=0.5),9,10000,7.732387542724609,8.055143356323242,50000,8.12299633026123,8.471221923828125,38241,9.475016593933105,9.151738166809082,30019,3.1866915225982666,2.2447102069854736,8222,6.462100982666016,4.943323135375977,11759,,,0
humanoid,fm_ranked_mfF,FM adaptive ranked Euclid (d2=0.5),10,11000,7.628907680511475,8.023425102233887,50000,7.936087608337402,8.371320724487305,40020,9.511563301086426,9.191045761108398,29990,3.2253668308258057,2.1780571937561035,10030,6.397112846374512,4.893304824829102,9980,,,0
humanoid,fm_ranked_mfF,FM adaptive ranked Euclid (d2=0.5),11,12000,7.597627639770508,7.9893598556518555,50000,7.867532730102539,8.298296928405762,42133,9.426634788513184,9.163012504577637,31640,3.166306972503662,2.1530585289001465,10493,6.152105808258057,4.24515962600708,7867,,,0
humanoid,fm_ranked_mfF,FM adaptive ranked Euclid (d2=0.5),12,13000,7.661782264709473,8.021320343017578,50000,8.01435375213623,8.41686725616455,38742,9.494213104248047,9.183984756469727,29730,3.1323893070220947,2.143026351928711,9012,6.448486804962158,4.904383182525635,11258,,,0
humanoid,fm_ranked_mfF,FM adaptive ranked Euclid (d2=0.5),13,14000,7.613321781158447,8.005838394165039,50000,7.880363464355469,8.327672958374023,39929,9.5035400390625,9.203299522399902,29767,3.125678062438965,2.1522202491760254,10162,6.554570198059082,4.9245123863220215,10071,,,0
humanoid,fm_ranked_mfF,FM adaptive ranked Euclid (d2=0.5),14,15000,7.645687103271484,8.008508682250977,50000,8.01406192779541,8.42151927947998,38567,9.488755226135254,9.198963165283203,29759,3.0316102504730225,2.12644362449646,8808,6.403045177459717,4.826225757598877,11433,,,0
humanoid,fm_ranked_mfF,FM adaptive ranked Euclid (d2=0.5),15,16000,7.679257392883301,8.037408828735352,50000,8.03193187713623,8.390748977661133,41820,9.376801490783691,9.109248161315918,32835,3.1172101497650146,2.1656837463378906,8985,5.876213073730469,4.128852844238281,8180,,,0
humanoid,fm_ranked_mfF,FM adaptive ranked Euclid (d2=0.5),16,17000,7.622926235198975,8.001317977905273,50000,8.022079467773438,8.419153213500977,39643,9.474843978881836,9.179912567138672,30830,2.9399585723876953,2.135950803756714,8813,6.095107078552246,4.442482948303223,10357,,,0
humanoid,fm_ranked_mfF,FM adaptive ranked Euclid (d2=0.5),17,18000,7.6508708000183105,8.022241592407227,50000,7.981803894042969,8.394283294677734,38672,9.475347518920898,9.183050155639648,29704,3.034860610961914,2.147810459136963,8968,6.521117687225342,4.903564453125,11328,,,0
humanoid,fm_ranked_mfF,FM adaptive ranked Euclid (d2=0.5),18,19000,7.651908874511719,8.038825988769531,50000,7.994892120361328,8.421607971191406,38781,9.502799034118652,9.19415283203125,29900,2.9181644916534424,2.0828473567962646,8881,6.466311931610107,4.934347152709961,11219,,,0
humanoid,fm_ranked_mfF,FM adaptive ranked Euclid (d2=0.5),19,20000,7.641153812408447,8.019750595092773,50000,8.011842727661133,8.412375450134277,39453,9.477367401123047,9.148874282836914,30640,2.9166815280914307,2.079202890396118,8813,6.254521369934082,4.685042858123779,10547,,,0
humanoid,fm_ranked_mfF,FM adaptive ranked Euclid (d2=0.5),20,21000,7.634715557098389,7.9992995262146,50000,8.076773643493652,8.44668197631836,40872,9.398114204406738,9.18613052368164,32668,2.8152482509613037,2.060847759246826,8204,5.655332565307617,3.8579111099243164,9128,,,0
humanoid,fm_ranked_mfF,FM adaptive ranked Euclid (d2=0.5),21,22000,7.6053361892700195,7.974976539611816,50000,8.020827293395996,8.43780517578125,40634,9.40613079071045,9.221029281616211,32086,2.8209097385406494,2.0995659828186035,8548,5.802749156951904,3.962634563446045,9366,,,0
humanoid,fm_ranked_mfF,FM adaptive ranked Euclid (d2=0.5),22,23000,7.5962605476379395,7.987646102905273,50000,8.003966331481934,8.406923294067383,38500,9.495494842529297,9.184722900390625,29949,2.7800424098968506,2.0784175395965576,8551,6.231334209442139,4.628417491912842,11500,,,0
humanoid,fm_ranked_mfF,FM adaptive ranked Euclid (d2=0.5),23,24000,7.650319576263428,8.031599998474121,50000,8.019121170043945,8.390219688415527,40001,9.469772338867188,9.157798767089844,31117,2.9380884170532227,2.157442808151245,8884,6.174926280975342,4.606265068054199,9999,,,0
humanoid,fm_ranked_mfF,FM adaptive ranked Euclid (d2=0.5),24,25000,7.602023124694824,7.991436958312988,50000,7.944883823394775,8.358344078063965,42222,9.433158874511719,9.192710876464844,32595,2.9058988094329834,2.091409921646118,9627,5.740844249725342,3.99151611328125,7778,,,0
humanoid,fm_ranked_mfF,FM adaptive ranked Euclid (d2=0.5),25,26000,7.5853705406188965,7.990166187286377,50000,7.892764091491699,8.370278358459473,39961,9.503366470336914,9.250060081481934,30316,2.830343246459961,2.0638654232025146,9645,6.361769199371338,4.699019432067871,10039,,,0
humanoid,fm_ranked_mfF,FM adaptive ranked Euclid (d2=0.5),26,27000,7.579970836639404,7.986778259277344,50000,7.89436674118042,8.331720352172852,42670,9.408685684204102,9.200167655944824,32866,2.817902088165283,2.061896800994873,9804,5.749779224395752,3.8621973991394043,7330,,,0
humanoid,fm_ranked_mfF,FM adaptive ranked Euclid (d2=0.5),27,28000,7.602757453918457,8.009909629821777,50000,7.909199237823486,8.354503631591797,40390,9.49314022064209,9.160304069519043,30673,2.90928053855896,2.059535026550293,9717,6.314812183380127,4.746838092803955,9610,,,0
humanoid,fm_ranked_mfF,FM adaptive ranked Euclid (d2=0.5),28,29000,7.55633020401001,7.964083194732666,50000,7.811020851135254,8.330126762390137,39444,9.493425369262695,9.25594711303711,29574,2.769941568374634,2.0151164531707764,9870,6.604641914367676,4.962635040283203,10556,,,0
humanoid,fm_ranked_mfF,FM adaptive ranked Euclid (d2=0.5),29,30000,7.528416156768799,7.935870170593262,50000,7.802318572998047,8.29403305053711,41814,9.410562515258789,9.272287368774414,31639,2.8015100955963135,2.0250110626220703,10175,6.129321098327637,4.082553386688232,8186,,,0
humanoid,fm_ranked_mfT,FM adaptive ranked manifold (d2=0.5),0,1000,7.827243328094482,8.081974029541016,50000,8.363497734069824,8.593219757080078,38752,9.41264533996582,9.134570121765137,32150,3.2544186115264893,2.289884090423584,6602,5.979720115661621,4.461845397949219,11248,,,0
humanoid,fm_ranked_mfT,FM adaptive ranked manifold (d2=0.5),1,2000,7.822310447692871,8.08798885345459,50000,8.399620056152344,8.603241920471191,37246,9.421060562133789,9.13015365600586,31316,3.0054450035095215,2.194953441619873,5930,6.136372089385986,4.566973686218262,12754,,,0
humanoid,fm_ranked_mfT,FM adaptive ranked manifold (d2=0.5),2,3000,7.752211093902588,8.060422897338867,50000,8.008968353271484,8.359071731567383,41216,9.422093391418457,9.150790214538574,31701,3.3008809089660645,2.302422046661377,9515,6.547460079193115,4.910086631774902,8784,,,0
humanoid,fm_ranked_mfT,FM adaptive ranked manifold (d2=0.5),3,4000,7.928190231323242,8.114352226257324,50000,8.524741172790527,8.654770851135254,37553,9.396682739257812,9.0797700881958,32474,2.9497294425964355,2.215822458267212,5079,6.128377914428711,4.745082855224609,12447,,,0
humanoid,fm_ranked_mfT,FM adaptive ranked manifold (d2=0.5),4,5000,7.901069164276123,8.102340698242188,50000,8.289471626281738,8.51089859008789,39902,9.39323616027832,9.093376159667969,32780,3.209242820739746,2.293962001800537,7122,6.366305351257324,4.951035499572754,10098,,,0
humanoid,fm_ranked_mfT,FM adaptive ranked manifold (d2=0.5),5,6000,7.691783905029297,8.036056518554688,50000,8.08232593536377,8.44980525970459,39387,9.478307723999023,9.202842712402344,30666,3.1735804080963135,2.201826572418213,8721,6.242403030395508,4.623436450958252,10613,,,0
humanoid,fm_ranked_mfT,FM adaptive ranked manifold (d2=0.5),6,7000,7.766932487487793,8.060286521911621,50000,8.028186798095703,8.38365364074707,40804,9.458392143249512,9.150019645690918,31426,3.235517740249634,2.249321937561035,9378,6.6077094078063965,5.169525146484375,9196,,,0
humanoid,fm_ranked_mfT,FM adaptive ranked manifold (d2=0.5),7,8000,7.680243968963623,8.039924621582031,50000,8.005834579467773,8.409116744995117,40046,9.48151683807373,9.217251777648926,30741,3.130613327026367,2.1846537590026855,9305,6.370357513427734,4.828908920288086,9954,,,0
humanoid,fm_ranked_mfT,FM adaptive ranked manifold (d2=0.5),8,9000,7.685174465179443,8.05822467803955,50000,8.064804077148438,8.44453239440918,38729,9.497121810913086,9.176583290100098,30151,3.030316114425659,2.1513493061065674,8578,6.380707263946533,4.875519752502441,11271,,,0
humanoid,fm_ranked_mfT,FM adaptive ranked manifold (d2=0.5),9,10000,7.665126323699951,8.026741981506348,50000,7.9288763999938965,8.331430435180664,40557,9.465190887451172,9.147257804870605,30805,3.0759074687957764,2.173542022705078,9752,6.532337665557861,5.014230728149414,9443,,,0
humanoid,fm_ranked_mfT,FM adaptive ranked manifold (d2=0.5),10,11000,7.674572467803955,8.035636901855469,50000,8.032309532165527,8.41757583618164,39295,9.4918212890625,9.160277366638184,30306,3.11163330078125,2.190201759338379,8989,6.361424922943115,4.814592361450195,10705,,,0
humanoid,fm_ranked_mfT,FM adaptive ranked manifold (d2=0.5),11,12000,7.689301013946533,8.016799926757812,50000,7.972865104675293,8.33119010925293,42627,9.374496459960938,9.130134582519531,32867,3.252847671508789,2.260413646697998,9760,6.049872398376465,4.270576000213623,7373,,,0
humanoid,fm_ranked_mfT,FM adaptive ranked manifold (d2=0.5),12,13000,7.65549898147583,8.02015495300293,50000,8.032018661499023,8.43410873413086,38078,9.480789184570312,9.189095497131348,29455,3.083218574523926,2.1580770015716553,8623,6.452915191650391,4.8635358810424805,11922,,,0
humanoid,fm_ranked_mfT,FM adaptive ranked manifold (d2=0.5),13,14000,7.644336700439453,8.023091316223145,50000,8.025676727294922,8.4384126663208,38707,9.485355377197266,9.183515548706055,30097,2.9232397079467773,2.1641042232513428,8610,6.337287902832031,4.731379985809326,11293,,,0
humanoid,fm_ranked_mfT,FM adaptive ranked manifold (d2=0.5),14,15000,7.676584243774414,8.043112754821777,50000,8.056509017944336,8.415610313415527,41850,9.369366645812988,9.11737060546875,33250,2.9806406497955322,2.158379554748535,8600,5.725678443908691,4.060715675354004,8150,,,0
humanoid,fm_ranked_mfT,FM adaptive ranked manifold (d2=0.5),15,16000,7.612042427062988,8.015892028808594,50000,7.977103233337402,8.413583755493164,39009,9.489797592163086,9.196617126464844,29987,2.9492623805999756,2.0939059257507324,9022,6.316376209259033,4.607473850250244,10991,,,0
humanoid,fm_ranked_mfT,FM adaptive ranked manifold (d2=0.5),16,17000,7.61181116104126,7.988144874572754,50000,7.998403072357178,8.399310111999512,41355,9.39345932006836,9.189229965209961,32547,2.84344482421875,2.0761210918426514,8808,5.762476921081543,3.9609317779541016,8645,,,0
humanoid,fm_ranked_mfT,FM adaptive ranked manifold (d2=0.5),17,18000,7.674164772033691,8.052681922912598,50000,8.016393661499023,8.41486930847168,40134,9.476044654846191,9.167909622192383,31052,3.025749683380127,2.1218676567077637,9082,6.282009601593018,4.734622955322266,9866,,,0
humanoid,fm_ranked_mfT,FM adaptive ranked manifold (d2=0.5),18,19000,7.653221130371094,8.01913070678711,50000,8.067464828491211,8.449755668640137,40521,9.399189949035645,9.15381145477295,32286,2.846327543258667,2.0875391960144043,8235,5.882407188415527,4.148290634155273,9479,,,0
humanoid,fm_ranked_mfT,FM adaptive ranked manifold (d2=0.5),19,20000,7.5810322761535645,7.982027530670166,50000,7.753393173217773,8.240262985229492,43974,9.406338691711426,9.269461631774902,32446,3.1011159420013428,2.113813877105713,11528,6.323247909545898,4.25998067855835,6026,,,0
humanoid,fm_ranked_mfT,FM adaptive ranked manifold (d2=0.5),20,21000,7.626201152801514,8.008419036865234,50000,7.9433465003967285,8.393430709838867,39400,9.496025085449219,9.215520858764648,30214,2.836373805999756,2.071335792541504,9186,6.447379112243652,4.771358966827393,10600,,,0
humanoid,fm_ranked_mfT,FM adaptive ranked manifold (d2=0.5),21,22000,7.570489406585693,7.965803146362305,50000,7.859740257263184,8.332879066467285,40130,9.46351146697998,9.231258392333984,30338,2.890867233276367,2.102184534072876,9792,6.394436836242676,4.577279090881348,9870,,,0
humanoid,fm_ranked_mfT,FM adaptive ranked manifold (d2=0.5),22,23000,7.66521692276001,8.041211128234863,50000,8.05674934387207,8.449161529541016,39084,9.47298812866211,9.166748046875,30653,2.907663106918335,2.1243722438812256,8431,6.2633562088012695,4.716403961181641,10916,,,0
humanoid,fm_ranked_mfT,FM adaptive ranked manifold (d2=0.5),23,24000,7.584496021270752,7.97776985168457,50000,7.916198253631592,8.37175178527832,41094,9.429171562194824,9.232439994812012,31637,2.8547747135162354,2.06913161277771,9457,6.053956985473633,4.099214553833008,8906,,,0
humanoid,fm_ranked_mfT,FM adaptive ranked manifold (d2=0.5),24,25000,7.590006351470947,7.996582984924316,50000,7.9925537109375,8.438596725463867,38106,9.502816200256348,9.212818145751953,29560,2.7686660289764404,2.0409140586853027,8546,6.300323963165283,4.631691932678223,11894,,,0
humanoid,fm_ranked_mfT,FM adaptive ranked manifold (d2=0.5),25,26000,7.590280055999756,7.991267681121826,50000,7.915910720825195,8.37421989440918,41447,9.407236099243164,9.223223686218262,32095,2.7978453636169434,2.0475900173187256,9352,6.012310981750488,4.058521270751953,8553,,,0
humanoid,fm_ranked_mfT,FM adaptive ranked manifold (d2=0.5),26,27000,7.636608123779297,7.997612476348877,50000,8.046048164367676,8.428403854370117,40612,9.392029762268066,9.199830055236816,32178,2.9107601642608643,2.069763422012329,8434,5.86539363861084,4.035219192504883,9388,,,0
humanoid,fm_ranked_mfT,FM adaptive ranked manifold (d2=0.5),27,28000,7.592737674713135,7.99141788482666,50000,7.929127216339111,8.356409072875977,42268,9.388988494873047,9.177322387695312,32855,2.833644390106201,2.0210187435150146,9413,5.753823280334473,3.8699731826782227,7732,,,0
humanoid,fm_ranked_mfT,FM adaptive ranked manifold (d2=0.5),28,29000,7.5844035148620605,7.9915313720703125,50000,7.847475051879883,8.34908676147461,40052,9.515579223632812,9.273022651672363,30036,2.8451578617095947,2.0697402954101562,10016,6.525247097015381,4.936543941497803,9948,,,0
humanoid,fm_ranked_mfT,FM adaptive ranked manifold (d2=0.5),29,30000,7.64157772064209,8.01682186126709,50000,7.991831302642822,8.378986358642578,41625,9.388932228088379,9.139755249023438,32684,2.8846988677978516,2.0522072315216064,8941,5.9007649421691895,4.048863410949707,8375,,,0
humanoid,fm_nonadapt_mfF,FM non-adapt Euclid (d2=0),0,1000,7.826904773712158,8.064210891723633,50000,8.356622695922852,8.578933715820312,38758,9.407570838928223,9.139123916625977,32143,3.249952554702759,2.292100667953491,6615,6.000646114349365,4.485357761383057,11242,,,0
humanoid,fm_nonadapt_mfF,FM non-adapt Euclid (d2=0),1,2000,7.926175594329834,8.144535064697266,50000,8.306463241577148,8.530659675598145,39891,9.377660751342773,9.10494613647461,32674,3.456758975982666,2.3863775730133057,7217,6.425527572631836,4.835325717926025,10109,,,0
humanoid,fm_nonadapt_mfF,FM non-adapt Euclid (d2=0),2,3000,7.864236354827881,8.107430458068848,50000,8.451353073120117,8.642389297485352,37678,9.410731315612793,9.139951705932617,31933,3.11875057220459,2.2768261432647705,5745,6.068959712982178,4.496067523956299,12322,,,0
humanoid,fm_nonadapt_mfF,FM non-adapt Euclid (d2=0),3,4000,7.839211463928223,8.07446575164795,50000,8.338608741760254,8.559684753417969,38300,9.404888153076172,9.116838455200195,31879,3.0447397232055664,2.2359330654144287,6421,6.204432964324951,4.677360534667969,11700,,,0
humanoid,fm_nonadapt_mfF,FM non-adapt Euclid (d2=0),4,5000,7.946106433868408,8.117687225341797,50000,8.327223777770996,8.509361267089844,39811,9.384194374084473,9.108555793762207,32749,3.425671100616455,2.443171977996826,7062,6.456984996795654,4.9827351570129395,10189,,,0
humanoid,fm_nonadapt_mfF,FM non-adapt Euclid (d2=0),5,6000,7.771583080291748,8.058483123779297,50000,8.054342269897461,8.381555557250977,41444,9.413873672485352,9.142398834228516,31890,3.5164027214050293,2.376718044281006,9554,6.401941299438477,4.788177013397217,8556,,,0
humanoid,fm_nonadapt_mfF,FM non-adapt Euclid (d2=0),6,7000,7.7524847984313965,8.048168182373047,50000,8.184597969055176,8.483512878417969,39618,9.461332321166992,9.174040794372559,31488,3.239729166030884,2.288170576095581,8130,6.103527069091797,4.583127498626709,10382,,,0
humanoid,fm_nonadapt_mfF,FM non-adapt Euclid (d2=0),7,8000,7.809617042541504,8.07563591003418,50000,8.152985572814941,8.456478118896484,40213,9.404973983764648,9.158371925354004,31886,3.35882830619812,2.352240800857544,8327,6.398777484893799,4.761411190032959,9787,,,0
humanoid,fm_nonadapt_mfF,FM non-adapt Euclid (d2=0),8,9000,7.796233177185059,8.075469970703125,50000,8.282390594482422,8.551141738891602,38667,9.44568920135498,9.161287307739258,31453,3.210413694381714,2.2924623489379883,7214,6.137514591217041,4.586188316345215,11333,,,0
humanoid,fm_nonadapt_mfF,FM non-adapt Euclid (d2=0),9,10000,7.882113933563232,8.107431411743164,50000,8.481163024902344,8.64627742767334,36953,9.40971565246582,9.124107360839844,31592,3.0092601776123047,2.299715280532837,5361,6.185430526733398,4.699725151062012,13047,,,0
humanoid,fm_nonadapt_mfF,FM non-adapt Euclid (d2=0),10,11000,7.82044792175293,8.079581260681152,50000,8.318032264709473,8.558903694152832,38261,9.414019584655762,9.132265090942383,31518,3.1951937675476074,2.301250696182251,6743,6.198664665222168,4.645300388336182,11739,,,0
humanoid,fm_nonadapt_mfF,FM non-adapt Euclid (d2=0),11,12000,7.77791690826416,8.05688190460205,50000,8.288437843322754,8.529894828796387,38837,9.410242080688477,9.11883544921875,31948,3.086026906967163,2.24896502494812,6889,6.001772880554199,4.4583563804626465,11163,,,0
humanoid,fm_nonadapt_mfF,FM non-adapt Euclid (d2=0),12,13000,7.773041725158691,8.055091857910156,50000,8.318520545959473,8.576303482055664,38459,9.422993659973145,9.156944274902344,31724,3.1161000728607178,2.237873077392578,6735,5.955297946929932,4.333192825317383,11541,,,0
humanoid,fm_nonadapt_mfF,FM non-adapt Euclid (d2=0),13,14000,7.758230686187744,8.040536880493164,50000,8.251830101013184,8.538915634155273,38854,9.436582565307617,9.16855239868164,31543,3.1402671337127686,2.2469587326049805,7311,6.037583351135254,4.448977947235107,11146,,,0
humanoid,fm_nonadapt_mfF,FM non-adapt Euclid (d2=0),14,15000,7.775933265686035,8.073776245117188,50000,8.068344116210938,8.405725479125977,40690,9.440483093261719,9.132633209228516,31742,3.2008378505706787,2.304117202758789,8948,6.497933387756348,5.046565055847168,9310,,,0
humanoid,fm_nonadapt_mfF,FM non-adapt Euclid (d2=0),15,16000,7.922702312469482,8.103963851928711,50000,8.513484001159668,8.659706115722656,37637,9.3715181350708,9.106416702270508,32591,2.9716246128082275,2.237710952758789,5046,6.124173641204834,4.715511322021484,12363,,,0
humanoid,fm_nonadapt_mfF,FM non-adapt Euclid (d2=0),16,17000,7.826333045959473,8.08441162109375,50000,8.444047927856445,8.653182983398438,38309,9.419438362121582,9.14688777923584,32507,2.9792063236236572,2.253329277038574,5802,5.8022074699401855,4.382564067840576,11691,,,0
humanoid,fm_nonadapt_mfF,FM non-adapt Euclid (d2=0),17,18000,7.776776313781738,8.069149017333984,50000,8.293768882751465,8.574411392211914,38308,9.43883228302002,9.167587280273438,31511,2.985234260559082,2.1937403678894043,6797,6.082886695861816,4.561275959014893,11692,,,0
humanoid,fm_nonadapt_mfF,FM non-adapt Euclid (d2=0),18,19000,7.800622940063477,8.081193923950195,50000,8.334452629089355,8.57960033416748,39251,9.386964797973633,9.12424087524414,32716,3.0652921199798584,2.2041900157928467,6535,5.851291179656982,4.352670192718506,10749,,,0
humanoid,fm_nonadapt_mfF,FM non-adapt Euclid (d2=0),19,20000,7.739346027374268,8.051413536071777,50000,8.245404243469238,8.539015769958496,39235,9.420761108398438,9.151576042175293,32048,3.004300832748413,2.236926555633545,7187,5.894922733306885,4.298440456390381,10765,,,0
humanoid,fm_nonadapt_mfF,FM non-adapt Euclid (d2=0),20,21000,7.874056339263916,8.102266311645508,50000,8.270761489868164,8.487997055053711,40978,9.340312957763672,9.081925392150879,33789,3.243767023086548,2.3588204383850098,7189,6.072218418121338,4.612774848937988,9022,,,0
humanoid,fm_nonadapt_mfF,FM non-adapt Euclid (d2=0),21,22000,7.919548988342285,8.104339599609375,50000,8.63144302368164,8.723648071289062,37945,9.346528053283691,9.082086563110352,33734,2.9029464721679688,2.220590114593506,4211,5.678750991821289,4.30536413192749,12055,,,0
humanoid,fm_nonadapt_mfF,FM non-adapt Euclid (d2=0),22,23000,7.8295817375183105,8.07181453704834,50000,8.203923225402832,8.483176231384277,40258,9.38410472869873,9.115498542785645,32641,3.146514892578125,2.3055717945098877,7617,6.2826457023620605,4.801080703735352,9742,,,0
humanoid,fm_nonadapt_mfF,FM non-adapt Euclid (d2=0),23,24000,7.855220794677734,8.076287269592285,50000,8.26618766784668,8.506311416625977,40694,9.34433364868164,9.080872535705566,33545,3.2072441577911377,2.34132981300354,7149,6.058112144470215,4.52553129196167,9306,,,0
humanoid,fm_nonadapt_mfF,FM non-adapt Euclid (d2=0),24,25000,7.735749244689941,8.039148330688477,50000,8.23825740814209,8.550497055053711,37982,9.444742202758789,9.196407318115234,30917,2.9585845470428467,2.174778699874878,7065,6.14761209487915,4.553245544433594,12018,,,0
humanoid,fm_nonadapt_mfF,FM non-adapt Euclid (d2=0),25,26000,7.77078914642334,8.055213928222656,50000,8.257768630981445,8.50472640991211,41275,9.281341552734375,9.064886093139648,34577,2.9737958908081055,2.1686718463897705,6698,5.467055320739746,3.836914539337158,8725,,,0
humanoid,fm_nonadapt_mfF,FM non-adapt Euclid (d2=0),26,27000,7.737768650054932,8.041729927062988,50000,8.191729545593262,8.496135711669922,39882,9.427783012390137,9.158209800720215,32140,3.06040620803833,2.250922679901123,7742,5.94839334487915,4.391634941101074,10118,,,0
humanoid,fm_nonadapt_mfF,FM non-adapt Euclid (d2=0),27,28000,7.709352016448975,8.017675399780273,50000,8.021440505981445,8.408381462097168,39505,9.439574241638184,9.171642303466797,30650,3.112823724746704,2.1923298835754395,8855,6.534598350524902,4.929846286773682,10495,,,0
humanoid,fm_nonadapt_mfF,FM non-adapt Euclid (d2=0),28,29000,7.721656799316406,8.015362739562988,50000,8.027090072631836,8.36904239654541,40821,9.418231010437012,9.149979591369629,31690,3.1990020275115967,2.2734696865081787,9131,6.363328456878662,4.784969329833984,9179,,,0
humanoid,fm_nonadapt_mfF,FM non-adapt Euclid (d2=0),29,30000,7.6765456199646,8.030948638916016,50000,8.069317817687988,8.426435470581055,39603,9.448901176452637,9.139175415039062,31110,3.015880823135376,2.1690802574157715,8493,6.180442810058594,4.575809478759766,10397,,,0
humanoid,fm_nonadapt_mfT,FM non-adapt manifold (d2=0),0,1000,7.801124572753906,8.072925567626953,50000,8.288924217224121,8.555500030517578,38890,9.416939735412598,9.153706550598145,31837,3.197103261947632,2.285452365875244,7053,6.093603610992432,4.560887336730957,11110,,,0
humanoid,fm_nonadapt_mfT,FM non-adapt manifold (d2=0),1,2000,7.922061443328857,8.14363956451416,50000,8.296048164367676,8.531173706054688,39952,9.382393836975098,9.117012977600098,32613,3.468550443649292,2.3913910388946533,7339,6.435047626495361,4.84844970703125,10048,,,0
humanoid,fm_nonadapt_mfT,FM non-adapt manifold (d2=0),2,3000,7.848409175872803,8.112833976745605,50000,8.42115592956543,8.626444816589355,37863,9.435622215270996,9.138022422790527,31744,3.1583282947540283,2.289792060852051,6119,6.061651706695557,4.531389236450195,12137,,,0
humanoid,fm_nonadapt_mfT,FM non-adapt manifold (d2=0),3,4000,7.840390205383301,8.071643829345703,50000,8.3458833694458,8.56153678894043,38273,9.399091720581055,9.112781524658203,31942,3.032102584838867,2.24173903465271,6331,6.190628528594971,4.642899513244629,11727,,,0
humanoid,fm_nonadapt_mfT,FM non-adapt manifold (d2=0),4,5000,7.945870399475098,8.118934631347656,50000,8.327423095703125,8.509124755859375,39806,9.38322639465332,9.107824325561523,32752,3.4252865314483643,2.440463066101074,7054,6.455965995788574,4.983760833740234,10194,,,0
humanoid,fm_nonadapt_mfT,FM non-adapt manifold (d2=0),5,6000,7.74683141708374,8.049802780151367,50000,8.169123649597168,8.475272178649902,39978,9.416839599609375,9.143513679504395,31769,3.3404381275177,2.3093204498291016,8209,6.06229829788208,4.407993793487549,10022,,,0
humanoid,fm_nonadapt_mfT,FM non-adapt manifold (d2=0),6,7000,7.756887435913086,8.04762077331543,50000,8.191869735717773,8.489067077636719,39436,9.461812973022461,9.167142868041992,31436,3.2016234397888184,2.2789299488067627,8000,6.13307523727417,4.613846302032471,10564,,,0
humanoid,fm_nonadapt_mfT,FM non-adapt manifold (d2=0),7,8000,7.811601638793945,8.087048530578613,50000,8.344629287719727,8.58722972869873,38565,9.403514862060547,9.15141773223877,32040,3.1451330184936523,2.263685703277588,6525,6.013947010040283,4.413227081298828,11435,,,0
humanoid,fm_nonadapt_mfT,FM non-adapt manifold (d2=0),8,9000,7.797486782073975,8.06479263305664,50000,8.281730651855469,8.547016143798828,38623,9.437079429626465,9.156207084655762,31448,3.2178380489349365,2.2999629974365234,7175,6.153563499450684,4.613712310791016,11377,,,0
humanoid,fm_nonadapt_mfT,FM non-adapt manifold (d2=0),9,10000,7.888397693634033,8.112515449523926,50000,8.493428230285645,8.654191017150879,36876,9.407416343688965,9.121623992919922,31614,3.0022096633911133,2.280111312866211,5262,6.188372611999512,4.688215255737305,13124,,,0
humanoid,fm_nonadapt_mfT,FM non-adapt manifold (d2=0),10,11000,7.813477039337158,8.084173202514648,50000,8.31425666809082,8.556944847106934,38210,9.419853210449219,9.138158798217773,31406,3.2110230922698975,2.3047332763671875,6804,6.1905131340026855,4.617234706878662,11790,,,0
humanoid,fm_nonadapt_mfT,FM non-adapt manifold (d2=0),11,12000,7.7860870361328125,8.070849418640137,50000,8.278514862060547,8.523457527160645,38913,9.412385940551758,9.104493141174316,31840,3.174243927001953,2.288696765899658,7073,6.057770252227783,4.491103172302246,11087,,,0
humanoid,fm_nonadapt_mfT,FM non-adapt manifold (d2=0),12,13000,7.758478164672852,8.053150177001953,50000,8.273707389831543,8.547710418701172,38805,9.424485206604004,9.158350944519043,31713,3.127821207046509,2.230179786682129,7092,5.972550392150879,4.345223903656006,11195,,,0
humanoid,fm_nonadapt_mfT,FM non-adapt manifold (d2=0),13,14000,7.758049488067627,8.040399551391602,50000,8.251145362854004,8.538581848144531,38854,9.436626434326172,9.168824195861816,31539,3.1398839950561523,2.2469658851623535,7315,6.039156436920166,4.449481010437012,11146,,,0
humanoid,fm_nonadapt_mfT,FM non-adapt manifold (d2=0),14,15000,7.77690315246582,8.07330322265625,50000,8.068220138549805,8.41533088684082,40731,9.431207656860352,9.147537231445312,31803,3.213038444519043,2.3083701133728027,8928,6.496759414672852,5.015093803405762,9269,,,0
humanoid,fm_nonadapt_mfT,FM non-adapt manifold (d2=0),15,16000,7.9026594161987305,8.105144500732422,50000,8.54080867767334,8.689255714416504,37989,9.372053146362305,9.151264190673828,33082,2.9367311000823975,2.2419583797454834,4907,5.884288787841797,4.434654235839844,12011,,,0
humanoid,fm_nonadapt_mfT,FM non-adapt manifold (d2=0),16,17000,7.8582868576049805,8.090476989746094,50000,8.440376281738281,8.635374069213867,37865,9.388083457946777,9.117752075195312,32213,3.0390102863311768,2.2861227989196777,5652,6.041985988616943,4.544747352600098,12135,,,0
humanoid,fm_nonadapt_mfT,FM non-adapt manifold (d2=0),17,18000,7.855080604553223,8.084684371948242,50000,8.210965156555176,8.462461471557617,40787,9.37147331237793,9.09843635559082,33158,3.1670327186584473,2.3298277854919434,7629,6.279541492462158,4.817069053649902,9213,,,0
humanoid,fm_nonadapt_mfT,FM non-adapt manifold (d2=0),18,19000,7.849239349365234,8.091840744018555,50000,8.396904945373535,8.60114860534668,38834,9.394662857055664,9.11300277709961,32810,2.9625673294067383,2.1538338661193848,6024,5.944526195526123,4.514372825622559,11166,,,0
humanoid,fm_nonadapt_mfT,FM non-adapt manifold (d2=0),19,20000,7.905210494995117,8.123302459716797,50000,8.545083999633789,8.677202224731445,38198,9.36072063446045,9.100720405578613,33371,2.9062697887420654,2.255492925643921,4827,5.8342132568359375,4.427372455596924,11802,,,0
humanoid,fm_nonadapt_mfT,FM non-adapt manifold (d2=0),20,21000,7.768827438354492,8.073015213012695,50000,8.282007217407227,8.551715850830078,39246,9.433769226074219,9.164985656738281,32048,3.153961181640625,2.2876505851745605,7198,5.896014213562012,4.349387168884277,10754,,,0
humanoid,fm_nonadapt_mfT,FM non-adapt manifold (d2=0),21,22000,7.806396961212158,8.066205978393555,50000,8.315290451049805,8.53515338897705,41518,9.263261795043945,9.068643569946289,35256,2.978067398071289,2.196615695953369,6262,5.315453052520752,3.7831602096557617,8482,,,0
humanoid,fm_nonadapt_mfT,FM non-adapt manifold (d2=0),22,23000,7.855379581451416,8.096248626708984,50000,8.391080856323242,8.588709831237793,38715,9.410155296325684,9.125419616699219,32600,2.9582369327545166,2.207610845565796,6115,6.017569541931152,4.590388298034668,11285,,,0
humanoid,fm_nonadapt_mfT,FM non-adapt manifold (d2=0),23,24000,7.949439525604248,8.097185134887695,50000,8.62111759185791,8.682973861694336,38130,9.341486930847168,9.069955825805664,33739,3.0860447883605957,2.3052425384521484,4391,5.79180383682251,4.450669288635254,11870,,,0
humanoid,fm_nonadapt_mfT,FM non-adapt manifold (d2=0),24,25000,7.73849630355835,8.031861305236816,50000,8.62738037109375,8.759056091308594,35890,9.440445899963379,9.165994644165039,31526,2.7537097930908203,2.1122164726257324,4364,5.477542400360107,3.9358224868774414,14110,,,0
humanoid,fm_nonadapt_mfT,FM non-adapt manifold (d2=0),25,26000,7.755563735961914,8.03210163116455,50000,8.271078109741211,8.532936096191406,37730,9.418964385986328,9.156067848205566,31037,2.948061227798462,2.17962384223938,6693,6.170368671417236,4.575908184051514,12270,,,0
humanoid,fm_nonadapt_mfT,FM non-adapt manifold (d2=0),26,27000,7.653974533081055,8.004779815673828,50000,8.02797794342041,8.386411666870117,42350,9.346915245056152,9.131096839904785,33483,3.047497034072876,2.167947292327881,8867,5.583507537841797,3.8317017555236816,7650,,,0
humanoid,fm_nonadapt_mfT,FM non-adapt manifold (d2=0),27,28000,7.805164337158203,8.053080558776855,50000,8.270818710327148,8.525385856628418,38337,9.401081085205078,9.123316764831543,31637,2.9337902069091797,2.1462559700012207,6700,6.274531364440918,4.854065895080566,11663,,,0
humanoid,fm_nonadapt_mfT,FM non-adapt manifold (d2=0),28,29000,7.743561744689941,8.057172775268555,50000,8.020739555358887,8.378562927246094,41376,9.416682243347168,9.137771606445312,32037,3.232023000717163,2.267467975616455,9339,6.413727760314941,4.754403114318848,8624,,,0
humanoid,fm_nonadapt_mfT,FM non-adapt manifold (d2=0),29,30000,7.803297519683838,8.072883605957031,50000,8.098231315612793,8.408186912536621,40929,9.405506134033203,9.099166870117188,32351,3.1679844856262207,2.227579116821289,8578,6.472541332244873,5.032822608947754,9071,,,0
