predictor,level,arm,epoch,train_trajectories,AURC,K,KL,M,MAE,REL,REL_debiased,RES,SHARP,SHARP_star,UNC,UNC_debiased,VAR_debiased,acc@0.25,acc@0.5,acc@0.75,bias,brier_debiased,brier_debiased_se,brier_raw,decomp_gap,f1@0.25,f1@0.5,f1@0.75,log_score,log_score_climatology,log_score_oracle,mean_p_invalid,n_bins_used,n_points,prec@0.25,prec@0.5,prec@0.75,rec@0.25,rec@0.5,rec@0.75,risk@0.2,risk@0.5,risk@0.8,risk@1,roa_frac_pred@0.25,roa_frac_pred@0.5,roa_frac_pred@0.75,roa_frac_true@0.25,roa_frac_true@0.5,roa_frac_true@0.75,run_dir,sAUROC,skill_score
fm,low,dir00_s42,0,100,0.08201753468615487,100.0,0.6978642688655725,100.0,0.2561207709657577,0.14494659573079702,0.14431243343943972,0.18789155163711171,0.06341622913572884,0.012496117624885311,0.22469172851242478,0.22456676733617592,0.22456676733617595,0.8230469550953455,0.7498872257535371,0.6344679106007791,-0.25558601599343855,0.18098764913850418,0.0013263574280580836,0.18174677260611033,2.498001805406602e-16,0.7170677332633926,0.5202548572327539,0.03150975172488727,0.7371995680562874,0.6670450403115974,0.040223727873842215,0.0,86,48770,1.0,1.0,1.0,0.5589287539609527,0.3515840952583457,0.016007065187393057,0.044494897716140284,0.04404747909689443,0.166831943279426,0.18098764913852172,0.22423621078531886,0.13561615747385689,0.005946278449866721,0.4011892556899733,0.38572893172031986,0.37147836784908755,/common/users/shared/pracsys/adaptive_roa_experiments/gaussian_torque/pen_low_dir00_s42,0.949901518542775,0.19405862547967268
fm,low,dir00_s42,1,200,0.0233848131880391,100.0,0.2850389925645443,100.0,0.17379680131228215,0.07806282805809614,0.07726398906326781,0.2168784175506316,0.07988389948283327,0.012496117624885311,0.22469172851242478,0.22456676733617592,0.22456676733617595,0.9369079352060693,0.8792905474677055,0.6912036087758868,-0.17324728316588064,0.08495233884881209,0.0007053593651654059,0.08587613901988927,-2.7755575615628914e-17,0.9146581611426986,0.8145067271638781,0.2887503542079909,0.3243742917548098,0.6670450403115974,0.040223727873842215,0.0,93,48770,1.0,1.0,1.0,0.8427374016150465,0.6870614501382096,0.1687365457857261,0.0034828912458602823,0.0033930198022878028,0.05324558709920144,0.0849523388488067,0.3380971908960427,0.26501947918802543,0.06268197662497436,0.4011892556899733,0.38572893172031986,0.37147836784908755,/common/users/shared/pracsys/adaptive_roa_experiments/gaussian_torque/pen_low_dir00_s42,0.99155573614942,0.6217056519247186
fm,low,dir00_s42,2,300,0.010672726425377779,100.0,0.1467406181446976,100.0,0.09187635841705966,0.017697480871750437,0.017113842519807798,0.2133792093841753,0.05836383519426374,0.012496117624885311,0.22469172851242478,0.22456676733617592,0.22456676733617595,0.9648759483288907,0.9664342833709247,0.9102522042239082,-0.08671498872257535,0.028301400471808506,0.0003873496881445906,0.02901,7.632783294297951e-17,0.9546429422511717,0.9546750837555721,0.8626565000470676,0.1860759173345984,0.6670450403115974,0.040223727873842215,0.0,101,48770,0.9904400857095764,0.9962438601560243,0.9995636998254799,0.921343146274149,0.9164363172443122,0.7587348898824309,0.007080835005788868,0.0071415239124896415,0.015510273122862519,0.028301400471806133,0.37320073815870414,0.35482878818946073,0.2819766249743695,0.4011892556899733,0.38572893172031986,0.37147836784908755,/common/users/shared/pracsys/adaptive_roa_experiments/gaussian_torque/pen_low_dir00_s42,0.9874218343591012,0.8739733362708946
fm,low,dir00_s42,3,400,0.007531464996361618,100.0,0.11616274233188904,100.0,0.07646360467500513,0.010792309341870447,0.010272812134819415,0.21261173725966742,0.051949720705103127,0.012496117624885311,0.22469172851242478,0.22456676733617592,0.22456676733617595,0.9686897683001845,0.9698380151732623,0.9421160549518146,-0.0665521837194997,0.02222784221132796,0.00035895358621154064,0.022872300594627845,4.163336342344337e-17,0.9601711051409791,0.9598734280804169,0.9160146371939427,0.15549804152166322,0.6670450403115974,0.040223727873842215,0.0,101,48770,0.9804506472060939,0.9858239480024654,0.9934821889519876,0.9407134825718082,0.9352540931320433,0.8497543743445383,0.005185150665979039,0.005311718787216036,0.010091889419103061,0.022227842211326256,0.384929259790855,0.36594217756817715,0.3177363133073611,0.4011892556899733,0.38572893172031986,0.37147836784908755,/common/users/shared/pracsys/adaptive_roa_experiments/gaussian_torque/pen_low_dir00_s42,0.9893113555930416,0.9010190043923422
fm,low,dir00_s42,4,500,0.004518399999394586,100.0,0.09183074304035631,100.0,0.06605331146196432,0.007689415782668237,0.007216824812478333,0.21337652670231064,0.0472590970189904,0.012496117624885311,0.22469172851242478,0.22456676733617592,0.22456676733617595,0.9730777117080173,0.9738363748205864,0.9408652860364979,-0.052590116875128164,0.01840706544634369,0.00030605194325370615,0.019004617592782446,6.591949208711867e-17,0.9661047577251723,0.965548895728711,0.9144264435345083,0.13116604223002568,0.6670450403115974,0.040223727873842215,0.0,101,48770,0.9760575869803348,0.981070997476133,0.9887070901507861,0.9563528569968313,0.9505103125664469,0.8505271292156538,0.002486190591583252,0.00251859584154027,0.006223765178957626,0.018407065446343598,0.39309001435308594,0.3737133483698995,0.31956120565921675,0.4011892556899733,0.38572893172031986,0.37147836784908755,/common/users/shared/pracsys/adaptive_roa_experiments/gaussian_torque/pen_low_dir00_s42,0.9918706929364882,0.9180329945312506
fm,low,dir00_s42,5,600,0.0029287781597954927,100.0,0.060255438699408595,100.0,0.043009432027886,0.0026152885122747043,0.002264918169519699,0.21556361534333823,0.03503703427550055,0.012496117624885311,0.22469172851242478,0.22456676733617592,0.22456676733617595,0.9773631330736108,0.9788804592987492,0.9743079762148862,-0.028042444125486985,0.011268070162357634,0.0002687503296460383,0.011743401681361492,2.3245294578089215e-16,0.9717430253391349,0.9724422089041096,0.9644367496381233,0.0995907378887233,0.6670450403115974,0.040223727873842215,0.0,101,48770,0.9732875307629204,0.9789377289377289,0.992638466931526,0.9702034140856588,0.966032319795875,0.9377932328752001,0.0020018930332647775,0.002046008578713107,0.0038224373113955133,0.01126807016235772,0.39991798236620874,0.38064383842526145,0.35095345499282343,0.4011892556899733,0.38572893172031986,0.37147836784908755,/common/users/shared/pracsys/adaptive_roa_experiments/gaussian_torque/pen_low_dir00_s42,0.9939061315822413,0.9498230735739748
fm,low,dir00_s42,6,700,0.0008265683125370114,100.0,0.03632547605773123,100.0,0.032185974984621696,0.001929058603083782,0.0016214567696997053,0.21953382176795885,0.030760183338407656,0.012496117624885311,0.22469172851242478,0.22456676733617592,0.22456676733617595,0.9843961451712118,0.9861185154808284,0.9792290342423621,-0.01986938691818741,0.006654402337916795,0.00017056736497517242,0.007086965347549723,1.1275702593849246e-17,0.9806149221794839,0.9819538851126216,0.9714559440953534,0.07566077524675814,0.6670450403115974,0.040223727873842215,0.0,101,48770,0.9775024122695648,0.9848152702774956,0.9922864379461201,0.9837473167739957,0.979109079311078,0.9514820334492465,0.00028770377550365234,0.0003391056349842487,0.0009005337877441904,0.006654402337916765,0.40375230674595036,0.3834939511995079,0.3562025835554644,0.4011892556899733,0.38572893172031986,0.37147836784908755,/common/users/shared/pracsys/adaptive_roa_experiments/gaussian_torque/pen_low_dir00_s42,0.9966770005021828,0.970367822377052
fm,low,dir00_s42,7,800,0.0007066908941668556,100.0,0.04301046496391785,100.0,0.041629280295263485,0.004337430760449934,0.003955215062357672,0.220450623287638,0.03822156980922616,0.012496117624885311,0.22469172851242478,0.22456676733617592,0.22456676733617595,0.9845601804387943,0.984826737748616,0.967192946483494,-0.033034652450276814,0.008071359110895713,0.00014998253079110348,0.008578535985236826,1.3010426069826053e-16,0.9807244336362473,0.9800871858349928,0.953850591289299,0.0823457641532695,0.6670450403115974,0.040223727873842215,0.0,101,48770,0.9824093543258628,0.9924250681198911,0.9989125838216637,0.9790452826331392,0.9680523070380608,0.9126786995639454,5.614894070912117e-05,6.760241330673958e-05,0.0005951175171854193,0.008071359110895647,0.39981546032396964,0.37625589501742873,0.3394094730367029,0.4011892556899733,0.38572893172031986,0.37147836784908755,/common/users/shared/pracsys/adaptive_roa_experiments/gaussian_torque/pen_low_dir00_s42,0.9975183965977771,0.9640580874604081
fm,low,dir00_s42,8,900,0.0005635186499726051,100.0,0.03557442166465072,100.0,0.034371539881074435,0.0025537162321662937,0.002225478741408811,0.2200800479842875,0.03282374907574826,0.012496117624885311,0.22469172851242478,0.22456676733617592,0.22456676733617595,0.9844781628050031,0.9860364978470371,0.9763584170596679,-0.021863850727906503,0.006712198093297129,0.00014015096070745238,0.007165396760303466,-9.454242944073599e-17,0.9807217256220236,0.9818472610955619,0.9673250772239068,0.07490972085375375,0.6670450403115974,0.040223727873842215,0.0,101,48770,0.9773615552510024,0.9847083355611399,0.9940011648223646,0.9841050802412348,0.9790027641930683,0.9420433846663355,6.58005107461741e-05,7.90434589901473e-05,0.00038671241842249814,0.006712198093297095,0.40395735083042855,0.3834939511995079,0.35206069304900556,0.4011892556899733,0.38572893172031986,0.37147836784908755,/common/users/shared/pracsys/adaptive_roa_experiments/gaussian_torque/pen_low_dir00_s42,0.9972880974900057,0.9701104568012551
fm,low,dir00_s42,9,1000,0.0005092496043032311,100.0,0.029627505298253757,100.0,0.027297724010662296,0.0008071528257034959,0.0005561438638271975,0.21906828671028322,0.02510089618762984,0.012496117624885311,0.22469172851242478,0.22456676733617592,0.22456676733617595,0.9845191716218987,0.9846832068894812,0.9812589706786959,-0.010319663727701458,0.006054624489719835,0.00016306914192220132,0.0064305946278449865,-5.117434254131581e-17,0.9808068739354805,0.9802051037443358,0.9746068789242652,0.068962804487029,0.6670450403115974,0.040223727873842215,0.0,101,48770,0.9757220170957462,0.9772787318361955,0.9811489623538625,0.9859450066441787,0.9831490537954497,0.9681514599547386,0.00012789365875279343,0.0001250478953985206,0.0003145217812738573,0.006054624489719745,0.40539265942177566,0.3880459298749231,0.36655730982161167,0.4011892556899733,0.38572893172031986,0.37147836784908755,/common/users/shared/pracsys/adaptive_roa_experiments/gaussian_torque/pen_low_dir00_s42,0.9968466219670036,0.9730386443126018
fm,low,dir00_s42,10,1100,0.00039091575381883784,100.0,0.027955183648382013,100.0,0.02704880049210581,0.0009677499511085372,0.0007069086075934187,0.21989251721686523,0.02608413435151184,0.012496117624885311,0.22469172851242478,0.22456676733617592,0.22456676733617595,0.986057002255485,0.9852368259175722,0.9810334221857699,-0.013624564281320486,0.005381158726904063,0.00013964109864246334,0.0057669612466680325,-5.724587470723463e-17,0.9826689774696707,0.980806142034549,0.9741410639903832,0.067290482837261,0.6670450403115974,0.040223727873842215,0.0,101,48770,0.9800711743772242,0.9837433155080214,0.9869151467089612,0.985280588776449,0.9778864554539656,0.9616934371032732,7.992576989911419e-05,9.137924249673266e-05,0.00026842968334150484,0.0053811587269040504,0.40332171416854623,0.38343243797416443,0.3619848267377486,0.4011892556899733,0.38572893172031986,0.37147836784908755,/common/users/shared/pracsys/adaptive_roa_experiments/gaussian_torque/pen_low_dir00_s42,0.9971905498384293,0.9760375999052056
fm,low,dir00_s42,11,1200,0.00060397865809074,100.0,0.04044157451072018,100.0,0.039543981956120564,0.003362670686739919,0.002992812974907633,0.2198126276182748,0.03698577118322864,0.012496117624885311,0.22469172851242478,0.22456676733617592,0.22456676733617595,0.9870617182694279,0.9836989952839861,0.9691203608775887,-0.027110928849702693,0.007746952692808752,0.00013260077887608046,0.00824177158088989,-1.0408340855860843e-17,0.9839460628418776,0.9787745294353224,0.9570279061804485,0.07977687369999298,0.6670450403115974,0.040223727873842215,0.0,101,48770,0.9796342266578854,0.9832108566217883,0.9906078327130958,0.988296023714607,0.9743780565596428,0.9256499420433847,6.613189512512868e-05,0.00012141923644896761,0.00038320663058720184,0.0077469526928087284,0.4047365183514456,0.38226368669263894,0.3471191306130818,0.4011892556899733,0.38572893172031986,0.37147836784908755,/common/users/shared/pracsys/adaptive_roa_experiments/gaussian_torque/pen_low_dir00_s42,0.9971289645621072,0.9655026752858246
fm,low,dir00_s42,12,1300,0.00031153203158894863,100.0,0.027109691926182643,100.0,0.02820319868771786,0.001966879291422079,0.0016777863111788016,0.22152070130394927,0.028909298024327762,0.012496117624885311,0.22469172851242478,0.22456676733617592,0.22456676733617595,0.9896452737338528,0.9886610621283576,0.978572893172032,-0.016335657166290752,0.004723852343405346,8.493831610858068e-05,0.005137906499897478,-1.1535911115245767e-16,0.9871602552693803,0.985298418184235,0.970628741673459,0.06644499111506873,0.6670450403115974,0.040223727873842215,0.0,101,48770,0.9821907412092082,0.9855342232622454,0.9888328942847325,0.9921803127874885,0.9850627259196257,0.9530827399679859,2.5889404605828644e-05,2.6303635079521915e-05,0.00012033503996288096,0.004723852343405382,0.4052696329710888,0.38554439204428953,0.3580479803157679,0.4011892556899733,0.38572893172031986,0.37147836784908755,/common/users/shared/pracsys/adaptive_roa_experiments/gaussian_torque/pen_low_dir00_s42,0.9975457824029796,0.9789645974805624
fm,low,dir00_s42,13,1400,0.0001756111318611977,100.0,0.02025831180716044,100.0,0.02264773426286652,0.0008638148107391829,0.0006141669687763933,0.22210644551713557,0.024964784196278966,0.012496117624885311,0.22469172851242478,0.22456676733617592,0.22456676733617595,0.9891531679311052,0.9900758663112569,0.9867746565511585,-0.008662907525117901,0.003074488787816653,6.449176990741728e-05,0.003449097806028296,-9.8879238130678e-17,0.9865841596713245,0.9871862755480251,0.9821166162974464,0.05959361099597513,0.6670450403115974,0.040223727873842215,0.0,101,48770,0.9791593254467656,0.9833333333333333,0.9866852367688023,0.9941224573239292,0.9910695300871784,0.9775901087376497,1.1412049550249266e-05,1.51276968992778e-05,5.0153368832881065e-05,0.003074488787816645,0.40732007381587043,0.3887635841705967,0.36805413163830225,0.4011892556899733,0.38572893172031986,0.37147836784908755,/common/users/shared/pracsys/adaptive_roa_experiments/gaussian_torque/pen_low_dir00_s42,0.997856090800117,0.9863092441313271
fm,low,dir00_s42,14,1500,0.0001684543829683918,100.0,0.019504862923675523,100.0,0.02146134919007587,0.0007996359706571183,0.0005678608066736295,0.22198681045396554,0.02317751639834888,0.012496117624885311,0.22469172851242478,0.22456676733617592,0.22456676733617595,0.9903014148041829,0.9891941767480008,0.9850317818330941,-0.010632150912446178,0.003147817688883918,7.20892262156731e-05,0.00350455402911626,-1.0885389811754465e-16,0.9879345968420784,0.9859642581298107,0.9796646052704885,0.05884016211241457,0.6670450403115974,0.040223727873842215,0.0,101,48770,0.9861485970362072,0.9879903923138511,0.9889207581125921,0.9897270775835634,0.9839464171805231,0.9705801181211017,1.0977107552871345e-05,2.0653531418345872e-05,4.836228804344106e-05,0.003147817688883921,0.4026450686897683,0.38415009226983804,0.3645888866106213,0.4011892556899733,0.38572893172031986,0.37147836784908755,/common/users/shared/pracsys/adaptive_roa_experiments/gaussian_torque/pen_low_dir00_s42,0.997798812186722,0.9859827091683088
fm,low,dir00_s42,15,1600,0.0001644779991227002,100.0,0.019499436187443164,100.0,0.021770760713553418,0.0009107666627669242,0.0006646002829548605,0.22209010641160748,0.02461663798120637,0.012496117624885311,0.22469172851242478,0.22456676733617592,0.22456676733617595,0.9897683001845397,0.9889071150297314,0.9858519581710068,-0.011298339142915729,0.0031412612075232536,7.25651064564168e-05,0.0035123887635841703,-5.854691731421724e-17,0.9872869481032329,0.9855767949025567,0.9807090136434802,0.05883473537624445,0.6670450403115974,0.040223727873842215,0.0,101,48770,0.9843027686055372,0.9886077980424667,0.9936547504390686,0.9902892773177961,0.9825643206463959,0.9680962631782304,9.672281560737582e-06,2.1092615720460725e-05,5.462369232616783e-05,0.003141261207523242,0.40362928029526346,0.383370924748821,0.36192331351240514,0.4011892556899733,0.38572893172031986,0.37147836784908755,/common/users/shared/pracsys/adaptive_roa_experiments/gaussian_torque/pen_low_dir00_s42,0.9980538687183098,0.9860119053019951
fm,low,dir00_s42,16,1700,0.00012412229900354206,100.0,0.016405146803569155,100.0,0.018858724625794545,0.00071995260999949,0.0004932050648328347,0.22245710658889953,0.02267475451666553,0.012496117624885311,0.22469172851242478,0.22456676733617592,0.22456676733617595,0.9918597498462169,0.9898298134098831,0.9855033832273938,-0.009197047365183517,0.0026028658121091995,6.559602764850755e-05,0.002954574533524708,-3.165870343657673e-17,0.9898886992843134,0.9867902418237988,0.9802541544477028,0.05574044599224711,0.6670450403115974,0.040223727873842215,0.0,101,48770,0.9865969436970097,0.9887916310845432,0.992141564902759,0.9932024941224573,0.9847969381246013,0.9686482309433129,8.24318642649584e-06,1.3255375158184272e-05,2.719345391582373e-05,0.0026028658121091852,0.40387533319663727,0.38417059667828585,0.36268197662497437,0.4011892556899733,0.38572893172031986,0.37147836784908755,/common/users/shared/pracsys/adaptive_roa_experiments/gaussian_torque/pen_low_dir00_s42,0.9981612548389588,0.9884093900313722
fm,low,dir00_s42,17,1800,0.00021246086974776942,100.0,0.023273213669396997,100.0,0.025481853598523684,0.0015547899793866137,0.0012718867622656398,0.22253297122914997,0.028290321712097395,0.012496117624885311,0.22469172851242478,0.22456676733617592,0.22456676733617595,0.9925979085503384,0.9899118310436744,0.9841295878613902,-0.017217346729546855,0.003305682869291645,6.731203886431309e-05,0.0037135472626614718,6.765421556309548e-17,0.9907863505270412,0.9868751000373472,0.9783229709292556,0.06260851285838934,0.6670450403115974,0.040223727873842215,0.0,101,48770,0.9895488146826409,0.9905215808075399,0.993006993006993,0.9920269855872432,0.9832553689134595,0.964066898493128,9.713704608106909e-06,1.8151579357238592e-05,0.0001130322602692794,0.003305682869291645,0.40219397170391635,0.3828993233545212,0.36065204018864055,0.4011892556899733,0.38572893172031986,0.37147836784908755,/common/users/shared/pracsys/adaptive_roa_experiments/gaussian_torque/pen_low_dir00_s42,0.9980150724306615,0.9852797325779595
fm,low,dir00_s42,18,1900,0.00010945286145222772,100.0,0.014188155446933099,100.0,0.01654029116259996,0.0006724920179188727,0.0004652454700120828,0.22295475774584483,0.02072465479067899,0.012496117624885311,0.22469172851242478,0.22456676733617592,0.22456676733617595,0.9912036087758869,0.9916547057617388,0.9876768505228625,-0.008388148451917163,0.002077255060343024,5.698787729108462e-05,0.0024094627844986672,-1.6089560239684886e-16,0.9890474610023233,0.9891336270190896,0.9832127594201279,0.05352345463553542,0.6670450403115974,0.040223727873842215,0.0,101,48770,0.988114064173851,0.9936169071501367,0.9952499434517078,0.9899826229173055,0.9846906230065915,0.9714632665452337,7.22832176594736e-06,1.8772925067778475e-05,3.478666095028565e-05,0.0020772550603430128,0.40194791880254255,0.38226368669263894,0.3625999589911831,0.4011892556899733,0.38572893172031986,0.37147836784908755,/common/users/shared/pracsys/adaptive_roa_experiments/gaussian_torque/pen_low_dir00_s42,0.9982340381855391,0.9907499445043292
fm,low,dir00_s42,19,2000,0.00021069718167489315,100.0,0.02278965796069436,100.0,0.025016608570842733,0.0016118237483777305,0.001329997012700267,0.22245592462085997,0.028182673567746366,0.012496117624885311,0.22469172851242478,0.22456676733617592,0.22456676733617595,0.9902399015788395,0.9910600779167521,0.9825097395940127,-0.014470781217961862,0.003440839728016271,6.787602753089109e-05,0.0038476276399425874,5.160802341031001e-17,0.9878948171507045,0.9883974666027995,0.9760574844920987,0.062124957149644375,0.6670450403115974,0.040223727873842215,0.0,101,48770,0.983144361206722,0.9896088671000746,0.9929754426042262,0.9926914034549729,0.9871890282798214,0.9597063531489761,1.1391338026564601e-05,1.019006965285416e-05,6.676696222010468e-05,0.0034408397280162747,0.40508509329505843,0.3847857289317203,0.35903219192126307,0.4011892556899733,0.38572893172031986,0.37147836784908755,/common/users/shared/pracsys/adaptive_roa_experiments/gaussian_torque/pen_low_dir00_s42,0.9980305352205536,0.9846778765672601
fm,low,dir00_s43,0,100,0.07324471169968036,100.0,0.6329075354032464,100.0,0.24325548492925975,0.13367001106722567,0.13300422724996758,0.1926279790711413,0.06657838172580842,0.012496117624885311,0.22469172851242478,0.22456676733617592,0.22456676733617595,0.8441049825712528,0.7671519376665983,0.6426901783883535,-0.24280028706171827,0.16494301551500237,0.0012404572124090061,0.16573376050850933,1.6653345369377348e-16,0.758856925370294,0.5676869194457134,0.07347937048064652,0.6722428345938634,0.6670450403115974,0.040223727873842215,0.0,89,48770,1.0,1.0,1.0,0.6114177655116018,0.39634275994046353,0.03814097256720207,0.037916151467514966,0.039303612296845425,0.14826236011956268,0.16494301551501792,0.24529423826122618,0.1528808693869182,0.01416854623744105,0.4011892556899733,0.38572893172031986,0.37147836784908755,/common/users/shared/pracsys/adaptive_roa_experiments/gaussian_torque/pen_low_dir00_s43,0.9544552427858131,0.265505678014757
fm,low,dir00_s43,1,200,0.020934092495352427,100.0,0.2660691924053236,100.0,0.16853126922288292,0.07257653309057718,0.07176891071136161,0.21712443342994472,0.08076223792155718,0.012496117624885311,0.22469172851242478,0.22456676733617592,0.22456676733617595,0.9413163830223498,0.8964117285216322,0.691408652860365,-0.16768771785933975,0.0792112446175928,0.0006577374521344847,0.08014382817305721,-2.7755575615628914e-17,0.9210961623290692,0.8448974579393345,0.28955815709969784,0.30540449159557115,0.6670450403115974,0.040223727873842215,0.0,93,48770,0.9999401412666108,1.0,1.0,0.8537769600327098,0.7314480119072932,0.16928851355080862,0.002081073188311242,0.0023433680665585445,0.04904454272061914,0.07921124461758629,0.34254664752921876,0.282140660241952,0.06288702070945253,0.4011892556899733,0.38572893172031986,0.37147836784908755,/common/users/shared/pracsys/adaptive_roa_experiments/gaussian_torque/pen_low_dir00_s43,0.992744257676309,0.647270851528028
fm,low,dir00_s43,2,300,0.01110560749496765,100.0,0.15315252882335523,100.0,0.09841439409473036,0.02019388112306175,0.019567310764980216,0.21308799429818892,0.06265703580815331,0.012496117624885311,0.22469172851242478,0.22456676733617592,0.22456676733617595,0.9647529218782038,0.9657986467090425,0.8857289317203199,-0.09288927619438177,0.031046083802967132,0.000396026543779122,0.03179761533729752,-9.020562075079397e-17,0.954532229481313,0.9538180408660502,0.8182737144161476,0.19248782801331243,0.6670450403115974,0.040223727873842215,0.0,101,48770,0.9892001535003564,0.9953195423552526,0.9997609561752988,0.9222120004088725,0.9156389538592388,0.6925539548490368,0.006811875159219836,0.006873525080619583,0.016647883126942115,0.03104608380296438,0.3740209144966168,0.35484929259790854,0.2573303260200943,0.4011892556899733,0.38572893172031986,0.37147836784908755,/common/users/shared/pracsys/adaptive_roa_experiments/gaussian_torque/pen_low_dir00_s43,0.9879293618265946,0.8617512102470122
fm,low,dir00_s43,3,400,0.006508467339832878,100.0,0.1010982389464598,100.0,0.0647219602214476,0.006749043959401365,0.006305162702708954,0.21249289262765947,0.04438812566924111,0.012496117624885311,0.22469172851242478,0.22456676733617592,0.22456676733617595,0.9695099446380971,0.9711297929054746,0.9613081812589707,-0.05251363543161779,0.018379037411225232,0.000347546720452494,0.018947879844166494,-1.8735013540549517e-16,0.9613475085129057,0.9618366129994037,0.9457150254595668,0.14043353813612675,0.6670450403115974,0.040223727873842215,0.0,101,48770,0.9781539275323988,0.9812520738856321,0.9875630857966835,0.9451088623121742,0.9431745694237721,0.9072694154661368,0.00503809884781793,0.00491880461369903,0.0080203042315709,0.018379037411223556,0.38763584170596677,0.370760713553414,0.3412753742054542,0.4011892556899733,0.38572893172031986,0.37147836784908755,/common/users/shared/pracsys/adaptive_roa_experiments/gaussian_torque/pen_low_dir00_s43,0.9894076411061705,0.9181578038939668
fm,low,dir00_s43,4,500,0.0035602908658217153,100.0,0.07870841077003286,100.0,0.05608037728111544,0.005202009932297777,0.004798806957294515,0.21397529267888304,0.04032029750032621,0.012496117624885311,0.22469172851242478,0.22456676733617592,0.22456676733617595,0.9738568792290342,0.9747590732007382,0.9590937051466065,-0.04191101086733648,0.01539028161458754,0.0002967623037986621,0.015918445765839655,1.491862189340054e-16,0.9670857319875055,0.9668934728236022,0.9424790243058558,0.11804370995958768,0.6670450403115974,0.040223727873842215,0.0,101,48770,0.9770486672578373,0.9784987208099722,0.9865990583122057,0.9573239292650516,0.9555602806719116,0.9021361152508693,0.0018631051130538494,0.002028702029522199,0.004820202848662772,0.015390281614587059,0.39309001435308594,0.37668648759483286,0.3396760303465245,0.4011892556899733,0.38572893172031986,0.37147836784908755,/common/users/shared/pracsys/adaptive_roa_experiments/gaussian_torque/pen_low_dir00_s43,0.9925075344786681,0.93146678915519
fm,low,dir00_s43,5,600,0.002454699331530895,100.0,0.05897970754567845,100.0,0.04349190075866312,0.0025763337847570598,0.002223642156562048,0.2153979741282257,0.03526916281950115,0.012496117624885311,0.22469172851242478,0.22456676733617592,0.22456676733617595,0.9766864875948329,0.978470371129793,0.9741234365388558,-0.028757432848062335,0.011392435364512461,0.00027032022199362737,0.011870088168956324,1.960237527853792e-16,0.9708946627415844,0.9718905605825346,0.9642310526614137,0.0983150067350027,0.6670450403115974,0.040223727873842215,0.0,101,48770,0.9725626955228474,0.9789666702621076,0.9909699970870959,0.9692323418174384,0.9649160110567723,0.9388971684053651,0.0013068971445022288,0.0014480834591558377,0.003309912069226323,0.01139243536451278,0.39981546032396964,0.38019274143940945,0.35195817100676646,0.4011892556899733,0.38572893172031986,0.37147836784908755,/common/users/shared/pracsys/adaptive_roa_experiments/gaussian_torque/pen_low_dir00_s43,0.9944715759904037,0.9492692730110951
fm,low,dir00_s43,6,700,0.0006742948750400298,100.0,0.03231657562767312,100.0,0.02902645068689769,0.001511498882970162,0.0012277064994258818,0.2199795201983476,0.02837923835442802,0.012496117624885311,0.22469172851242478,0.22456676733617592,0.22456676733617595,0.9849497641993028,0.9864875948328891,0.981915111749026,-0.017331146196432234,0.0058149536372542315,0.00015752721711703404,0.006223707197047365,1.9081958235744878e-17,0.9812898292123374,0.9824355659799034,0.9752149721800709,0.07165187481661886,0.6670450403115974,0.040223727873842215,0.0,101,48770,0.9788445890968267,0.9851927086117496,0.9933024214322514,0.9837473167739957,0.9796938124601319,0.9577744659711873,0.00017818123825915483,0.0002885115249273543,0.0007110844450243677,0.005814953637254155,0.4031986877178593,0.38357596883329914,0.3581915111749026,0.4011892556899733,0.38572893172031986,0.37147836784908755,/common/users/shared/pracsys/adaptive_roa_experiments/gaussian_torque/pen_low_dir00_s43,0.9969017982459507,0.9741059030851646
fm,low,dir00_s43,7,800,0.0007066884851973918,100.0,0.04339311202044136,100.0,0.0422751691613697,0.004707066037358921,0.004320090002662976,0.2205868691858305,0.03869760346959445,0.012496117624885311,0.22469172851242478,0.22456676733617592,0.22456676733617595,0.9852983391429158,0.9842731187205249,0.9644453557514866,-0.03426573713348371,0.008299988153008453,0.00014808236895140392,0.00881192536395325,5.0306980803327406e-17,0.9816412751248239,0.9793222440891813,0.9497827975673329,0.08272841120978698,0.6670450403115974,0.040223727873842215,0.0,101,48770,0.9835804812971419,0.9935452108746786,0.999086090294279,0.9797097005008688,0.9655007442058261,0.905116741182315,5.258655863535916e-05,6.187774816029872e-05,0.0005826226691769102,0.008299988153008331,0.3996104162394915,0.37484109083452943,0.3365388558540086,0.4011892556899733,0.38572893172031986,0.37147836784908755,/common/users/shared/pracsys/adaptive_roa_experiments/gaussian_torque/pen_low_dir00_s43,0.9976204966928897,0.9630399980751231
fm,low,dir00_s43,8,900,0.0003321625509215917,100.0,0.027207774568111024,100.0,0.027117285216321514,0.001137303890021624,0.0008689524651723521,0.22029144987220237,0.026835142484927195,0.012496117624885311,0.22469172851242478,0.22456676733617592,0.22456676733617595,0.9839245437769121,0.9855443920442896,0.985831453762559,-0.012225343448841502,0.005144269929145877,0.00013602639578791205,0.0055375825302440024,-2.6020852139652106e-17,0.9800802886325525,0.9812813636725699,0.9807622706645508,0.06654307375700973,0.6670450403115974,0.040223727873842215,0.0,101,48770,0.9744846402586904,0.9802662988700864,0.9894393888327154,0.9857405703771849,0.9822985328513715,0.9722360214163492,2.4584578613694877e-05,2.6378196564786706e-05,0.00020843140239799402,0.00514426992914592,0.40582325199917985,0.3865286036497847,0.3650194791880254,0.4011892556899733,0.38572893172031986,0.37147836784908755,/common/users/shared/pracsys/adaptive_roa_experiments/gaussian_torque/pen_low_dir00_s43,0.997529671513825,0.9770924701363095
fm,low,dir00_s43,9,1000,0.0006154900828619625,100.0,0.033809799886890944,100.0,0.031597088374000416,0.0015208040162220087,0.0012311039397964864,0.2192412571544413,0.028970007642552247,0.012496117624885311,0.22469172851242478,0.22456676733617592,0.22456676733617595,0.9844166495796596,0.9844371539881075,0.978572893172032,-0.015499897477957762,0.00655661412153108,0.00015070047534937163,0.006971275374205455,-4.423544863740858e-17,0.980669447553159,0.979829386909033,0.9707389466020777,0.07314509907584067,0.6670450403115974,0.040223727873842215,0.0,101,48770,0.9761012658227848,0.9796992081628315,0.985110252330075,0.985280588776449,0.9799596002551563,0.9567809239940388,0.00018449825298297719,0.0001559660579549855,0.0004051108273632108,0.006556614121531002,0.4049620668443715,0.38583145376255895,0.36079557104777527,0.4011892556899733,0.38572893172031986,0.37147836784908755,/common/users/shared/pracsys/adaptive_roa_experiments/gaussian_torque/pen_low_dir00_s43,0.9966439122800573,0.97080327512701
fm,low,dir00_s43,10,1100,0.00040303088956335025,100.0,0.028903545322683587,100.0,0.02804285421365594,0.0011376425650460975,0.0008693860818213961,0.219873240259345,0.026825648322470145,0.012496117624885311,0.22469172851242478,0.22456676733617592,0.22456676733617595,0.9855443920442896,0.9852573303260201,0.982468730777117,-0.013174287471806437,0.005562913158652344,0.00013727304539470035,0.005956130818125897,2.0816681711721685e-17,0.9820551327411103,0.980893412346204,0.9761911392052575,0.06823884451154015,0.6670450403115974,0.040223727873842215,0.0,101,48770,0.9781958318543684,0.9807109835804241,0.985051140833989,0.9859450066441787,0.981075908994259,0.9674890986366396,5.9628476688144536e-05,6.00634186855223e-05,0.00028834448648884146,0.005562913158652325,0.4043674389993849,0.38587246257945457,0.3648554439204429,0.4011892556899733,0.38572893172031986,0.37147836784908755,/common/users/shared/pracsys/adaptive_roa_experiments/gaussian_torque/pen_low_dir00_s43,0.9970654855416322,0.975228244033434
fm,low,dir00_s43,11,1200,0.0006233359339550316,100.0,0.03976649174563065,100.0,0.038615337297518974,0.0034694039481021825,0.003105808676128809,0.22032275025835357,0.03635952719733733,0.012496117624885311,0.22469172851242478,0.22456676733617592,0.22456676733617595,0.9869797006356367,0.9850112774246463,0.9703916342013533,-0.027803362722985447,0.007349825753951241,0.00012793656293100776,0.007838382202173467,7.28583859910259e-17,0.9838080424305786,0.9804592477745997,0.9588158119901887,0.07910179093488794,0.6670450403115974,0.040223727873842215,0.0,101,48770,0.9816803216121317,0.9861267946442974,0.9919740336382413,0.9859450066441787,0.9748564745906868,0.9278026163272065,4.682875505102285e-05,0.00013023406092916033,0.00046090969154329687,0.007349825753951225,0.4029321304080377,0.3813204839040394,0.3474472011482469,0.4011892556899733,0.38572893172031986,0.37147836784908755,/common/users/shared/pracsys/adaptive_roa_experiments/gaussian_torque/pen_low_dir00_s43,0.9971697058214776,0.9672710889454602
fm,low,dir00_s43,12,1300,0.0003086687951869898,100.0,0.026938012850532475,100.0,0.027794545827352884,0.0016445592489214783,0.001362706416724172,0.2210946269042619,0.028185283219730628,0.012496117624885311,0.22469172851242478,0.22456676733617592,0.22456676733617595,0.9883740004100882,0.9876153372975189,0.9797006356366619,-0.014476112364158295,0.004834846848638114,9.494423026723741e-05,0.005241660857084274,-8.326672684688674e-17,0.9855934141321747,0.9839702760084924,0.972231571861326,0.06627331203940491,0.6670450403115974,0.040223727873842215,0.0,101,48770,0.9799909049567985,0.9825100699597201,0.988366124893071,0.9912603495860166,0.98543482883266,0.956615333664514,1.87646404583046e-05,3.386748352916081e-05,0.0001494358180948398,0.00483484684863815,0.405802747590732,0.3868771785933976,0.3595448021324585,0.4011892556899733,0.38572893172031986,0.37147836784908755,/common/users/shared/pracsys/adaptive_roa_experiments/gaussian_torque/pen_low_dir00_s43,0.9974865786899391,0.9784703368802546
fm,low,dir00_s43,13,1400,0.0001910456442378707,100.0,0.0217030471240262,100.0,0.024011277424646302,0.0011591631172997955,0.0008957246729837624,0.22214100235353018,0.026343844431603303,0.012496117624885311,0.22469172851242478,0.22456676733617592,0.22456676733617595,0.9904859544802133,0.9905679721140045,0.9834939511995079,-0.01284703711297929,0.0033214896556294955,6.663863482934748e-05,0.0037098892761943817,-1.3010426069826053e-17,0.9882041895464715,0.9877620517186334,0.9775221288358975,0.06103834631289964,0.6670450403115974,0.040223727873842215,0.0,101,48770,0.9831057157309054,0.9887089902002556,0.9891500904159132,0.9933558213227026,0.9868169253667871,0.9661643760004416,6.876225863308088e-06,9.154493468621016e-06,6.935398686474696e-05,0.0033214896556294916,0.40537215501332785,0.3849907730161985,0.3628460118925569,0.4011892556899733,0.38572893172031986,0.37147836784908755,/common/users/shared/pracsys/adaptive_roa_experiments/gaussian_torque/pen_low_dir00_s43,0.9979079600587275,0.98520934466382
fm,low,dir00_s43,14,1500,0.00016082003883691843,100.0,0.019013259303783864,100.0,0.020941562435923728,0.00067273798667528,0.0004479213354386984,0.2217823217379763,0.02248166512365815,0.012496117624885311,0.22469172851242478,0.22456676733617592,0.22456676733617595,0.9903424236210785,0.9886815665368054,0.9847447201148247,-0.00980151732622514,0.003232366933638207,8.042059068872218e-05,0.0035821447611236418,-1.1492543028346347e-16,0.9879850003826434,0.9852980344111223,0.9792838447402128,0.05834855849249498,0.6670450403115974,0.040223727873842215,0.0,101,48770,0.9862490450725745,0.9873492046546386,0.9880878799797719,0.9897270775835634,0.9832553689134595,0.97063531489761,1.1950549166050497e-05,1.574075800034383e-05,4.075768967095334e-05,0.003232366933638192,0.4026040598728727,0.3841295878613902,0.36491695714578637,0.4011892556899733,0.38572893172031986,0.37147836784908755,/common/users/shared/pracsys/adaptive_roa_experiments/gaussian_torque/pen_low_dir00_s43,0.9978352586922219,0.9856062098057485
fm,low,dir00_s43,15,1600,0.00017074892916780934,100.0,0.019949956470693208,100.0,0.022108058232519993,0.000828192938530422,0.0005806627255952469,0.22194562372694454,0.024753021293517502,0.012496117624885311,0.22469172851242478,0.22456676733617592,0.22456676733617595,0.9887840885790445,0.9882919827762969,0.9858519581710068,-0.010984006561410704,0.003201806334826634,7.593323566999363e-05,0.0035742977240106623,1.3010426069826053e-18,0.9860768193040955,0.9847923935334381,0.9807359428220447,0.059285255659519795,0.6670450403115974,0.040223727873842215,0.0,101,48770,0.982201713909031,0.9868161195623165,0.9922603242754646,0.9899826229173055,0.9827769508824155,0.9694761825909367,1.6154988474037074e-05,2.3072637384714492e-05,6.799748562102077e-05,0.0032018063348266297,0.4043674389993849,0.38415009226983804,0.362948533934796,0.4011892556899733,0.38572893172031986,0.37147836784908755,/common/users/shared/pracsys/adaptive_roa_experiments/gaussian_torque/pen_low_dir00_s43,0.9980063250813502,0.9857422967217873
fm,low,dir00_s43,16,1700,0.00010949503563686692,100.0,0.014850634346777091,100.0,0.01737297518966578,0.0005740948585721188,0.00036091936776078625,0.2225154358376771,0.021317549081133258,0.012496117624885311,0.22469172851242478,0.22456676733617592,0.22456676733617595,0.9917572278039779,0.9903629280295263,0.9854623744104982,-0.007712118105392662,0.0024122508662594785,6.415239760270959e-05,0.002750387533319664,-1.3400738851920835e-16,0.9897636993277654,0.987480021310602,0.9802027196827967,0.0541859335353857,0.6670450403115974,0.040223727873842215,0.0,101,48770,0.986247843296458,0.9896945749679624,0.9918625678119349,0.9933047122559542,0.9852753561556453,0.9688138212728377,7.124764147524043e-06,1.0132077386537105e-05,1.8660461494170828e-05,0.002412250866259467,0.40405987287266765,0.38400656141070333,0.3628460118925569,0.4011892556899733,0.38572893172031986,0.37147836784908755,/common/users/shared/pracsys/adaptive_roa_experiments/gaussian_torque/pen_low_dir00_s43,0.998218045987924,0.989258201937563
fm,low,dir00_s43,17,1800,0.00022422694333160711,100.0,0.02367807241767731,100.0,0.02572811154398196,0.0016455736696838385,0.0013597692030366407,0.2225279439700931,0.02858044666471979,0.012496117624885311,0.22469172851242478,0.22456676733617592,0.22456676733617595,0.9931720319868772,0.9903629280295263,0.9833914291572688,-0.017587041213860982,0.003398592569119533,6.881178837404469e-05,0.003809358212015583,5.421010862427522e-17,0.991501416430595,0.9874646610124287,0.9772931150482173,0.06301337160667472,0.6670450403115974,0.040223727873842215,0.0,101,48770,0.9902125707294693,0.9909003318702494,0.9929364853318143,0.9927936215884698,0.9840527322985329,0.9621350113153392,1.7977602558287416e-05,1.756337208459417e-05,0.0001183830306344035,0.003398592569119537,0.40223498052081197,0.3830633586221038,0.3599548903014148,0.4011892556899733,0.38572893172031986,0.37147836784908755,/common/users/shared/pracsys/adaptive_roa_experiments/gaussian_torque/pen_low_dir00_s43,0.9980204352753869,0.9848660039531502
fm,low,dir00_s43,18,1900,0.00011632891366635572,100.0,0.014841379319299882,100.0,0.017004716013943,0.0007458574029916826,0.0005369498530199538,0.22290007925148358,0.02089075499717288,0.012496117624885311,0.22469172851242478,0.22456676733617592,0.22456676733617595,0.9915726881279475,0.9917572278039779,0.9870412138609801,-0.009192946483493952,0.002203637937712164,6.058633862119701e-05,0.0025375066639327453,-1.3053794156725473e-16,0.9894935964620772,0.9892530610062557,0.982329586758374,0.0541766785079288,0.6670450403115974,0.040223727873842215,0.0,101,48770,0.9898225336265535,0.9950521673658169,0.9953538444104482,0.9891648778493305,0.983521156708484,0.9696417729204615,7.808244429117922e-06,2.4282190367898815e-05,4.418244366983239e-05,0.0022036379377121562,0.4009226983801517,0.3812589706786959,0.3618823046955095,0.4011892556899733,0.38572893172031986,0.37147836784908755,/common/users/shared/pracsys/adaptive_roa_experiments/gaussian_torque/pen_low_dir00_s43,0.9981717195489012,0.9901871591961187
fm,low,dir00_s43,19,2000,0.00016410059961844458,100.0,0.019910254423609462,100.0,0.022314537625589506,0.0012510092746890748,0.0009903476450649684,0.22265180073564775,0.026066162962410662,0.012496117624885311,0.22469172851242478,0.22456676733617592,0.22456676733617595,0.9914496616772606,0.9909165470576173,0.9858929669879024,-0.01334303875333197,0.0029053142455931057,6.371950533069662e-05,0.0032909370514660643,-3.859759734048396e-17,0.9893755254910953,0.9881989397693065,0.9807455502070973,0.059245553612498884,0.6670450403115974,0.040223727873842215,0.0,101,48770,0.9864349946654474,0.9904416083729375,0.994720408742549,0.9923336399877338,0.9859664044227089,0.9671579179775901,8.139628808072526e-06,8.176909550704926e-06,4.3341866481089106e-05,0.0029053142455930975,0.40358827147836784,0.38398605700225547,0.3611851548082838,0.4011892556899733,0.38572893172031986,0.37147836784908755,/common/users/shared/pracsys/adaptive_roa_experiments/gaussian_torque/pen_low_dir00_s43,0.9981752583037194,0.9870625815206047
fm,low,dir00_s44,0,100,0.07236445794933888,100.0,0.6196859179956009,100.0,0.24218453967603032,0.13110938410736192,0.13042448104764853,0.19300426209692448,0.0684903059713394,0.012496117624885311,0.22469172851242478,0.22456676733617592,0.22456676733617595,0.8518146401476318,0.766967397990568,0.63906089809309,-0.24172031986877177,0.16198698628690014,0.0012102596333482824,0.1627968505228624,1.942890293094024e-16,0.7734837799717912,0.5671960089873948,0.055176855778004394,0.6590212171862067,0.6670450403115974,0.040223727873842215,0.0,88,48770,1.0,1.0,1.0,0.6306347746090156,0.3958643419094195,0.028371143125241485,0.037853064166371464,0.03912048928903512,0.144301503863747,0.16198698628691044,0.2530038958376051,0.15269632971088784,0.010539265942177568,0.4011892556899733,0.38572893172031986,0.37147836784908755,/common/users/shared/pracsys/adaptive_roa_experiments/gaussian_torque/pen_low_dir00_s44,0.9543399875889156,0.2786689312563956
fm,low,dir00_s44,1,200,0.02174491009510975,100.0,0.27378842610227655,100.0,0.1728398605700226,0.07518351235477579,0.07436188826064605,0.21682283570008973,0.0821624094129733,0.012496117624885311,0.22469172851242478,0.22456676733617592,0.22456676733617595,0.9419520196842321,0.8896657781423006,0.6746565511584991,-0.17198031576789008,0.08210581989673235,0.0006650412245581978,0.08305240516711093,8.326672684688674e-17,0.9220174641214224,0.8331110628663586,0.2209456473707468,0.313123725292545,0.6670450403115974,0.040223727873842215,0.0,92,48770,0.9999402521359861,1.0,1.0,0.8553613411019115,0.7139591749946842,0.12419274714356682,0.0018650727078038923,0.002542604639795526,0.05162023552108516,0.08210581989672579,0.3431822841911011,0.2753947098626205,0.04613491900758663,0.4011892556899733,0.38572893172031986,0.37147836784908755,/common/users/shared/pracsys/adaptive_roa_experiments/gaussian_torque/pen_low_dir00_s44,0.9926048128330133,0.634381253866383
fm,low,dir00_s44,2,300,0.010990875477501506,100.0,0.1483474398330686,100.0,0.0926618823046955,0.017632393854298448,0.017042729173866903,0.21266265015019667,0.05896646804315453,0.012496117624885311,0.22469172851242478,0.22456676733617592,0.22456676733617595,0.9640147631740824,0.9663727701455813,0.9068689768300184,-0.08688989132663523,0.028946846359846155,0.0003977120479855228,0.029661472216526555,-1.3877787807814457e-17,0.9535357814196077,0.9546836142580823,0.8567282821273107,0.18768273902297153,0.6670450403115974,0.040223727873842215,0.0,101,48770,0.989178797033782,0.9940729658188514,0.9996319470003681,0.9203720740059287,0.9182968318094833,0.749572224982061,0.007360295594866027,0.007375787814582121,0.015894879023989564,0.02894684635984369,0.37328275579249537,0.3563256100061513,0.2785523887635842,0.4011892556899733,0.38572893172031986,0.37147836784908755,/common/users/shared/pracsys/adaptive_roa_experiments/gaussian_torque/pen_low_dir00_s44,0.9873209094476931,0.8710991537028594
fm,low,dir00_s44,3,400,0.006377641818468882,100.0,0.09790740641514138,100.0,0.06144617592782448,0.005940599234331445,0.005521830782952783,0.2124626353128829,0.04187684513786626,0.012496117624885311,0.22469172851242478,0.22456676733617592,0.22456676733617595,0.9695099446380971,0.9725651014968218,0.9633381176953045,-0.04879085503383228,0.017625962806245767,0.000349298854806288,0.018169692433873282,-3.122502256758253e-17,0.9613515269655619,0.9638202368719919,0.9487708440777033,0.13724270560475735,0.6670450403115974,0.040223727873842215,0.0,101,48770,0.9780527790998995,0.9808475509080903,0.9864164432529043,0.945211080445671,0.9473740165851584,0.913893028647127,0.005026438259983466,0.005103758520203071,0.00761467069712845,0.017625962806244126,0.38771785933975805,0.3725651014968218,0.34416649579659625,0.4011892556899733,0.38572893172031986,0.37147836784908755,/common/users/shared/pracsys/adaptive_roa_experiments/gaussian_torque/pen_low_dir00_s44,0.9891816575642988,0.9215112591443251
fm,low,dir00_s44,4,500,0.003719013120962765,100.0,0.08263113045661044,100.0,0.05991531679311051,0.005237989581018595,0.00480638835241101,0.212803462198426,0.0431601228607585,0.012496117624885311,0.22469172851242478,0.22456676733617592,0.22456676733617595,0.9731802337502563,0.9736723395530039,0.952122206274349,-0.04370248103342218,0.01656969349016099,0.0003044342312028318,0.017126255895017428,5.551115123125783e-17,0.966312970021634,0.9655098313097669,0.9322028977091258,0.12196642964623462,0.6670450403115974,0.040223727873842215,0.0,101,48770,0.9739383241615617,0.9758905299739357,0.9833986767949032,0.9588060922007564,0.955347650435892,0.8860738532869681,0.0018060241537789185,0.0019432048597519099,0.0049788997727943,0.016569693490160634,0.3949559155218372,0.3776091859749846,0.334713963502153,0.4011892556899733,0.38572893172031986,0.37147836784908755,/common/users/shared/pracsys/adaptive_roa_experiments/gaussian_torque/pen_low_dir00_s44,0.9921352008883365,0.9262148460936066
fm,low,dir00_s44,5,600,0.002388875582994172,100.0,0.05814964494867385,100.0,0.04411872052491287,0.0029853970798353773,0.0026180979246584286,0.2163132564103862,0.036729915517694896,0.012496117624885311,0.22469172851242478,0.22456676733617592,0.22456676733617595,0.9779782653270453,0.9789829813409883,0.975230674595038,-0.028985646914086532,0.0108716088504483,0.00024767026777888014,0.011363869181874103,1.43982048506075e-16,0.9725824568569387,0.9726294427087505,0.9657207718501704,0.09748494413802661,0.6670450403115974,0.040223727873842215,0.0,101,48770,0.9715903294909721,0.9771959006277834,0.9937510950183963,0.9735766124910559,0.9681054645970657,0.9392283490644147,0.0012285868734505183,0.0013842919662070768,0.003337309583429189,0.010871608850448643,0.40200943202788597,0.38214066024195203,0.3510969858519582,0.4011892556899733,0.38572893172031986,0.37147836784908755,/common/users/shared/pracsys/adaptive_roa_experiments/gaussian_torque/pen_low_dir00_s44,0.9946935314065147,0.9515885231844055
fm,low,dir00_s44,6,700,0.0009168161591648223,100.0,0.0386131735073143,100.0,0.03474472011482469,0.002452603700818682,0.002120336741705301,0.22003945626491467,0.03322669591133812,0.012496117624885311,0.22469172851242478,0.22456676733617592,0.22456676733617595,0.9848882509739594,0.9867131433258151,0.9780397785523888,-0.02372442075046135,0.006647647812966656,0.0001521556655512849,0.00710487594832889,1.0321604682062002e-16,0.981194662039754,0.9826923076923076,0.969664353491007,0.07794847269651331,0.6670450403115974,0.040223727873842215,0.0,101,48770,0.9797197452229299,0.9875456302340563,0.9958692110774959,0.9826740263722784,0.9778864554539656,0.9448032234917481,0.00035758445641570496,0.0004579649271057913,0.0009217985162264955,0.006647647812966631,0.4023990157883945,0.38195612056592165,0.3524297724010662,0.4011892556899733,0.38572893172031986,0.37147836784908755,/common/users/shared/pracsys/adaptive_roa_experiments/gaussian_torque/pen_low_dir00_s44,0.9967126176743719,0.9703979004025332
fm,low,dir00_s44,7,800,0.0008563896032294541,100.0,0.04821998106079458,100.0,0.04572360057412344,0.005759789751437882,0.005357298962888041,0.22027316271742028,0.040249078854984126,0.012496117624885311,0.22469172851242478,0.22456676733617592,0.22456676733617595,0.984150092269838,0.9837605085093295,0.9571662907525118,-0.03803116670084068,0.009650903581643791,0.00016665230460295282,0.010178355546442485,1.214306433183765e-16,0.9801586283015478,0.9786177105831533,0.9388412331293732,0.08755528025016926,0.6670450403115974,0.040223727873842215,0.0,101,48770,0.9845305006961275,0.9942944919903445,0.9996259351620947,0.9758254114279873,0.9634275994046353,0.8850251145333112,5.310434672747575e-05,5.413992291170877e-05,0.0006753641085863999,0.009650903581643708,0.3976419930285011,0.37375435718679517,0.32889071150297317,0.4011892556899733,0.38572893172031986,0.37147836784908755,/common/users/shared/pracsys/adaptive_roa_experiments/gaussian_torque/pen_low_dir00_s44,0.9974176312571027,0.9570243464955952
fm,low,dir00_s44,8,900,0.0002766815500490699,100.0,0.025144702439592104,100.0,0.02550522862415419,0.0008082193300450917,0.0005549803169906183,0.22032795891485027,0.025323901305447344,0.012496117624885311,0.22469172851242478,0.22456676733617592,0.22456676733617595,0.9845601804387943,0.985482878818946,0.9852163215091244,-0.009686897683001846,0.004793788738316112,0.00012741778279933593,0.005171988927619438,-1.708702623837155e-16,0.9808868695585958,0.9812121855429359,0.9799727785339296,0.06448000162843284,0.6670450403115974,0.040223727873842215,0.0,101,48770,0.974333114820231,0.9796523950826621,0.9863565197942294,0.9875293877133804,0.9827769508824155,0.9736711376055638,2.2492714721543926e-05,3.22768385101787e-05,0.00011943983613042831,0.004793788738316126,0.4066229239286447,0.38695919622718883,0.3667008406807464,0.4011892556899733,0.38572893172031986,0.37147836784908755,/common/users/shared/pracsys/adaptive_roa_experiments/gaussian_torque/pen_low_dir00_s44,0.997512301651924,0.9786531694106821
fm,low,dir00_s44,9,1000,0.0004796883398972477,100.0,0.03252149790646862,100.0,0.0313906089809309,0.0013360969032070616,0.0010524323926100105,0.21919244710929592,0.028366451059705117,0.012496117624885311,0.22469172851242478,0.22456676733617592,0.22456676733617595,0.9844986672134509,0.9836989952839861,0.9791470166085708,-0.01413860980110724,0.006426752619489958,0.00014109493659967507,0.0068353783063358625,-6.938893903907228e-17,0.9807936588587978,0.9788872659673351,0.9716135875177939,0.07185679709540414,0.6670450403115974,0.040223727873842215,0.0,101,48770,0.9750959789856537,0.9780820463832723,0.9827780914737436,0.9865583154451599,0.9796938124601319,0.9606998951261246,6.062262982500836e-05,8.01784504880668e-05,0.0002815442719174724,0.006426752619489917,0.4059052696329711,0.3863645683822022,0.3631330736108263,0.4011892556899733,0.38572893172031986,0.37147836784908755,/common/users/shared/pracsys/adaptive_roa_experiments/gaussian_torque/pen_low_dir00_s44,0.9966677827406503,0.971381550815713
fm,low,dir00_s44,10,1100,0.00043211434316303097,100.0,0.031061690881405424,100.0,0.030332581505023583,0.0016105294829411062,0.0013239198350991435,0.21998069966032388,0.028660964784196285,0.012496117624885311,0.22469172851242478,0.22456676733617592,0.22456676733617595,0.9857699405372154,0.9861185154808284,0.9800697149887225,-0.016298954275169163,0.005909987510951219,0.00013014644248246864,0.006321558335042034,3.469446951953614e-17,0.9823247758761205,0.9819836602176863,0.9728187919463088,0.07039699007030682,0.6670450403115974,0.040223727873842215,0.0,101,48770,0.9790334044065387,0.9832134292565947,0.9858867539534093,0.985638352243688,0.9807569636402297,0.9600927305845338,2.528877041897342e-05,3.510189034076673e-05,0.0002637048152221556,0.005909987510951191,0.4038958376050851,0.3847652245232725,0.3617592782448226,0.4011892556899733,0.38572893172031986,0.37147836784908755,/common/users/shared/pracsys/adaptive_roa_experiments/gaussian_torque/pen_low_dir00_s44,0.997029151218924,0.9736827154745298
fm,low,dir00_s44,11,1200,0.0005206285372882297,100.0,0.035332867620173236,100.0,0.034747385687922905,0.0027449015586439333,0.002412004741383778,0.22051068584305972,0.03328968172601554,0.012496117624885311,0.22469172851242478,0.22456676733617592,0.22456676733617595,0.9866926389173672,0.9852983391429158,0.975005126102112,-0.023809924133688744,0.006468086234500014,0.00012409434657889107,0.006925944228009022,3.209238430557093e-17,0.9834426104038574,0.9808498704628615,0.9654840445111419,0.07466816680930521,0.6670450403115974,0.040223727873842215,0.0,101,48770,0.9818144771025419,0.985667507649364,0.9912209302325582,0.9850761525094551,0.9760790984477993,0.9410498426891869,3.94347410955982e-05,6.513359968352774e-05,0.0003467002918253931,0.006468086234500005,0.4025220422390814,0.3819766249743695,0.35267582530244,0.4011892556899733,0.38572893172031986,0.37147836784908755,/common/users/shared/pracsys/adaptive_roa_experiments/gaussian_torque/pen_low_dir00_s44,0.9972780488078802,0.9711974914577752
fm,low,dir00_s44,12,1300,0.0003208350649762391,100.0,0.027483501713196412,100.0,0.02832786549108058,0.0017510630545894972,0.0014650962303081351,0.22126559862053072,0.028596682428136195,0.012496117624885311,0.22469172851242478,0.22456676733617592,0.22456676733617595,0.9886405577199098,0.9881074431002665,0.9797211400451097,-0.015991183104367437,0.004766264945953279,8.924117547458896e-05,0.005177192946483495,-6.071532165918825e-17,0.9859090446637502,0.9845654372239077,0.9722557297949336,0.06681880090211356,0.6670450403115974,0.040223727873842215,0.0,101,48770,0.9813164556962025,0.985772141106256,0.9885339418140331,0.9905448226515384,0.9833616840314693,0.9565049401114974,2.5661577845297345e-05,5.037871021057402e-05,0.0001715723981666224,0.004766264945953318,0.4049620668443715,0.3847857289317203,0.3594422800902194,0.4011892556899733,0.38572893172031986,0.37147836784908755,/common/users/shared/pracsys/adaptive_roa_experiments/gaussian_torque/pen_low_dir00_s44,0.9974264813098453,0.9787757333710103
fm,low,dir00_s44,13,1400,0.0002183228159213312,100.0,0.023133522395662333,100.0,0.025008816895632568,0.0013801600637590734,0.0011080687797895856,0.22220435115563844,0.02720912839694878,0.012496117624885311,0.22469172851242478,0.22456676733617592,0.22456676733617595,0.9909780602829609,0.9902193971703916,0.9838425261431207,-0.014936231289727292,0.0034704849603270763,7.00780912594123e-05,0.0038675374205454174,9.107298248878237e-18,0.9887898089171975,0.9872891518106964,0.9779691344218295,0.06246882158459048,0.6670450403115974,0.040223727873842215,0.0,101,48770,0.9858260516155253,0.9898477157360406,0.9908787037561612,0.991771440253501,0.9847437805655964,0.9653916211293261,1.781191036881011e-05,1.9974193441488927e-05,9.118118855148853e-05,0.003470484960327079,0.40360877588681565,0.3837400041008817,0.36192331351240514,0.4011892556899733,0.38572893172031986,0.37147836784908755,/common/users/shared/pracsys/adaptive_roa_experiments/gaussian_torque/pen_low_dir00_s44,0.9978544772158858,0.9845458657953081
fm,low,dir00_s44,14,1500,0.00017263956521492932,100.0,0.020247965123722438,100.0,0.022199712938281733,0.000935388054618561,0.0007014490541981171,0.22186903577967393,0.023393900042044394,0.012496117624885311,0.22469172851242478,0.22456676733617592,0.22456676733617595,0.9900553619028091,0.9884355136354316,0.9849497641993028,-0.011917572278039782,0.0033991806106999875,7.66255741678545e-05,0.003758080787369285,-1.3183898417423734e-16,0.9876139642975713,0.9849519743863393,0.9795383586083853,0.059583264312475535,0.6670450403115974,0.040223727873842215,0.0,101,48770,0.9869838191006074,0.9887508035140347,0.9895240777245846,0.9882449146478586,0.9811822241122687,0.969752166473478,1.0749280792340054e-05,1.544251205928468e-05,4.342155406846468e-05,0.0033991806106999875,0.40170186590116874,0.3827762969038343,0.36405577199097805,0.4011892556899733,0.38572893172031986,0.37147836784908755,/common/users/shared/pracsys/adaptive_roa_experiments/gaussian_torque/pen_low_dir00_s44,0.9978009174563144,0.9848633853930336
fm,low,dir00_s44,15,1600,0.00016312271374894054,100.0,0.018122183120181868,100.0,0.02027701455813,0.0007080746197815342,0.0004789605552071456,0.2220575537985995,0.022911406457438856,0.012496117624885311,0.22469172851242478,0.22456676733617592,0.22456676733617595,0.9894812384662702,0.9882919827762969,0.9859134713963502,-0.01019991798236621,0.0029881740927834837,7.566609134221954e-05,0.003342249333606726,-7.45931094670027e-17,0.9869142667652986,0.9847550393805901,0.9807912763875297,0.05745748230892488,0.6670450403115974,0.040223727873842215,0.0,101,48770,0.9851301115241635,0.9892184734216596,0.9938236627379873,0.9887048962485945,0.9803317031681905,0.9680962631782304,2.3818252237362363e-05,2.6651588677424254e-05,5.33929618100193e-05,0.0029881740927834716,0.4026450686897683,0.38226368669263894,0.3618618002870617,0.4011892556899733,0.38572893172031986,0.37147836784908755,/common/users/shared/pracsys/adaptive_roa_experiments/gaussian_torque/pen_low_dir00_s44,0.9980182965132322,0.9866936050768803
fm,low,dir00_s44,16,1700,0.0001344177739717546,100.0,0.015628443707778557,100.0,0.017749641172852167,0.000498833721482863,0.00028683483162053245,0.22227333237948882,0.021199888986233054,0.012496117624885311,0.22469172851242478,0.22456676733617592,0.22456676733617595,0.9911625999589911,0.9892556899733442,0.9857699405372154,-0.007431412753742056,0.0025802697883075165,7.14496843647927e-05,0.0029172298544187,-1.0668549377257364e-16,0.9890249802653356,0.9860504738579491,0.9806415620641562,0.054963742896388695,0.6670450403115974,0.040223727873842215,0.0,101,48770,0.9855366658208576,0.9876279863481229,0.9912592341961315,0.9925380762547276,0.984477992770572,0.9702489374620522,2.974174801117594e-05,2.9426932851169096e-05,5.531835683055767e-05,0.002580269788307521,0.4040393684642198,0.3844986672134509,0.3636046750051261,0.4011892556899733,0.38572893172031986,0.37147836784908755,/common/users/shared/pracsys/adaptive_roa_experiments/gaussian_torque/pen_low_dir00_s44,0.9980728107886683,0.9885100105464631
fm,low,dir00_s44,17,1800,0.00024967677193002115,100.0,0.02514780617284713,100.0,0.02707750666393275,0.0018977635495204268,0.0016000557766927032,0.22252612318763731,0.029770777282772366,0.012496117624885311,0.22469172851242478,0.22456676733617592,0.22456676733617595,0.9923518556489646,0.9900348574943613,0.9827147836784909,-0.018227803977855245,0.0036406999252313996,6.825929829052348e-05,0.004063368874307975,8.760353553682876e-17,0.990488818624576,0.987030315969257,0.9763248799393378,0.0644831053618732,0.6670450403115974,0.040223727873842215,0.0,101,48770,0.9883466490254948,0.9910503751339764,0.9938250428816466,0.9926402943882244,0.98304273867744,0.9594303692664349,1.1329203455510615e-05,1.6569218947730345e-05,0.00014491019483329486,0.003640699925231422,0.4029321304080377,0.3826122616362518,0.35862210375230674,0.4011892556899733,0.38572893172031986,0.37147836784908755,/common/users/shared/pracsys/adaptive_roa_experiments/gaussian_torque/pen_low_dir00_s44,0.9979546355404437,0.9837878953844436
fm,low,dir00_s44,18,1900,0.00012519088669895565,100.0,0.015311633425601249,100.0,0.017389378716424028,0.0007174620673873407,0.0005070892599610168,0.22273886045883598,0.0210372807426324,0.012496117624885311,0.22469172851242478,0.22456676733617592,0.22456676733617595,0.9907935206069305,0.9912036087758869,0.987164240311667,-0.00919663727701456,0.002334996137300833,6.4859699789728e-05,0.00267033012097601,-1.3444106938820255e-16,0.9885286528192944,0.9885327844751542,0.9824924488197786,0.05464693261423305,0.6670450403115974,0.040223727873842215,0.0,101,48770,0.988301404853129,0.9941932361954944,0.9958047508362152,0.9887560053153429,0.9829364235594301,0.9695313793674449,2.3549002429461733e-05,2.7405488139545992e-05,4.1266054019794844e-05,0.002334996137300822,0.4013737953660037,0.381361492720935,0.3616772606110314,0.4011892556899733,0.38572893172031986,0.37147836784908755,/common/users/shared/pracsys/adaptive_roa_experiments/gaussian_torque/pen_low_dir00_s44,0.9981238246523734,0.9896022186853438
fm,low,dir00_s44,19,2000,0.00017546438917980157,100.0,0.020733751919911707,100.0,0.023085913471396352,0.0014261671646757321,0.00115717668576317,0.2226949430422839,0.026899047891256224,0.012496117624885311,0.22469172851242478,0.22456676733617592,0.22456676733617595,0.9915726881279475,0.9909575558745131,0.9845396760303465,-0.013823251999179826,0.0030290009796550706,6.375684909872707e-05,0.0034229526348164853,-1.0972125985553305e-16,0.9895347948972577,0.9882484611080022,0.978868897483325,0.06006905110882712,0.6670450403115974,0.040223727873842215,0.0,101,48770,0.9859948241741513,0.990809511087363,0.9942499288357529,0.9931002759889604,0.9857006166276845,0.9639565049401115,5.3021500632737065e-06,6.5945491411966755e-06,4.8631693187769123e-05,0.003029000979655076,0.40408037728111545,0.3837400041008817,0.36015993438589294,0.4011892556899733,0.38572893172031986,0.37147836784908755,/common/users/shared/pracsys/adaptive_roa_experiments/gaussian_torque/pen_low_dir00_s44,0.9981751365262863,0.9865118021887866
fm,low,epi_var,0,100,0.0828013552185561,100.0,0.698461422144157,100.0,0.25613881484519174,0.1451040384864816,0.1444695299812944,0.18807866017093863,0.0634508505187201,0.012496117624885311,0.22469172851242478,0.22456676733617592,0.22456676733617595,0.822985441870002,0.7490875538240722,0.6343243797416445,-0.2556344063973754,0.18095763714653193,0.00132491393394281,0.18171710682796802,2.7755575615628914e-16,0.7169415390668546,0.5179816441485801,0.030760869565217393,0.7377967213348678,0.6670450403115974,0.040223727873842215,0.0,86,48770,1.0,1.0,1.0,0.5587754267607073,0.349510950457155,0.015620687751835293,0.045918587142700334,0.045562576762084375,0.16657905324518973,0.18095763714654983,0.2241746975599754,0.13481648554439205,0.005802747590732007,0.4011892556899733,0.38572893172031986,0.37147836784908755,/common/users/shared/pracsys/adaptive_roa_experiments/gaussian_torque/pen_low_epi_var,0.9488759581339319,0.19419226943923207
fm,low,epi_var,1,200,0.0337207825592171,100.0,0.34863857721841596,100.0,0.16159134713963502,0.06449668783918316,0.06385257022258246,0.20138400585335084,0.06441176166007005,0.012496117624885311,0.22469172851242478,0.22456676733617592,0.22456676733617595,0.9157063768710273,0.8820381381997129,0.7713553413984007,-0.1599399220832479,0.08703533170540757,0.0008741833951724274,0.08780441049825714,4.163336342344337e-17,0.8826132891693556,0.8194910733896019,0.5554359526372443,0.38797387640862047,0.6670450403115974,0.040223727873842215,0.0,101,48770,1.0,1.0,1.0,0.7898906265971584,0.694184563044865,0.38450074515648286,0.015350035106032625,0.016125868071736448,0.06137501946882869,0.08703533170539611,0.3168956325610006,0.2677670699200328,0.1428337092474882,0.4011892556899733,0.38572893172031986,0.37147836784908755,/common/users/shared/pracsys/adaptive_roa_experiments/gaussian_torque/pen_low_epi_var,0.9764426984310652,0.6124300459154053
fm,low,epi_var,2,300,0.025771058772419673,100.0,0.2478929312698557,100.0,0.12526143120770966,0.02713512130089103,0.026464909132042403,0.1966247665654175,0.06702121688486258,0.012496117624885311,0.22469172851242478,0.22456676733617592,0.22456676733617595,0.9442895222472831,0.9328275579249539,0.8455197867541522,-0.11616116465039984,0.05440690990280082,0.0006752421869351677,0.05520208324789829,-6.938893903907228e-18,0.9265139426067671,0.9046676754743336,0.7374912891986063,0.28722823046000323,0.6670450403115974,0.040223727873842215,0.0,101,48770,0.9839719653013156,0.9994855967078189,1.0,0.8753960952673004,0.8262810971720178,0.5841474857868301,0.016529659937492603,0.016537198932113854,0.03853437615855036,0.054406909902796265,0.35692023785113797,0.3188845601804388,0.2169981546032397,0.4011892556899733,0.38572893172031986,0.37147836784908755,/common/users/shared/pracsys/adaptive_roa_experiments/gaussian_torque/pen_low_epi_var,0.9757104831236523,0.7577250162694207
fm,low,epi_var,3,400,0.010022083065184744,100.0,0.11996257035409356,100.0,0.07277404141890506,0.011593777533867394,0.011118709279041092,0.21251049476886744,0.047506825482630285,0.012496117624885311,0.22469172851242478,0.22456676733617592,0.22456676733617595,0.9675005126102112,0.9626819766249743,0.9425671519376666,-0.06607443100266557,0.023174981846349488,0.0004113385395000756,0.023775011277424644,-9.020562075079397e-17,0.9580987125598117,0.9492357469597233,0.9162205007028984,0.15929786954391592,0.6670450403115974,0.040223727873842215,0.0,101,48770,0.992333388094847,0.9985915492957746,1.0,0.9261473985485025,0.9045290240272167,0.8453938290003864,0.008066123610515659,0.0078548370727989,0.011977994316758604,0.023174981846348378,0.3744310026655731,0.3493951199507894,0.31404551978675416,0.4011892556899733,0.38572893172031986,0.37147836784908755,/common/users/shared/pracsys/adaptive_roa_experiments/gaussian_torque/pen_low_epi_var,0.9879969846494256,0.8968013739465885
fm,low,epi_var,4,500,0.008938140853766893,100.0,0.11314002393382794,100.0,0.07877875743284807,0.011182690702513745,0.010586142837146933,0.2139661231312806,0.05965478653668115,0.012496117624885311,0.22469172851242478,0.22456676733617592,0.22456676733617595,0.9728931720319869,0.9762353906089809,0.9191101086733647,-0.06015952429772402,0.02118678704204232,0.00033575524371857454,0.021908296083657984,7.632783294297951e-17,0.9659032291344268,0.9684600103409802,0.8779129143069352,0.15247532312382295,0.6670450403115974,0.040223727873842215,0.0,101,48770,0.9749557429969801,0.9921382771117926,0.9991546914623838,0.957017274864561,0.9458856049330214,0.7829110779930452,0.007685072997765225,0.006933021417786628,0.010472655921526564,0.021186787042040897,0.3938076686487595,0.36774656551158497,0.2910805823251999,0.4011892556899733,0.38572893172031986,0.37147836784908755,/common/users/shared/pracsys/adaptive_roa_experiments/gaussian_torque/pen_low_epi_var,0.9893319102810842,0.9056548424623945
fm,low,epi_var,5,600,0.003773523046000847,100.0,0.06559532722074193,100.0,0.04636456838220218,0.0029906610211133666,0.002619040261538947,0.21530875820280218,0.03716207595744197,0.012496117624885311,0.22469172851242478,0.22456676733617592,0.22456676733617595,0.9742054541726471,0.9784088579044494,0.9711502973139224,-0.027890096370719705,0.011877049394912836,0.0002945976444716926,0.012373631330736108,1.457167719820518e-16,0.9676390389463394,0.9714703730797367,0.959690588740868,0.10493062641016787,0.6670450403115974,0.040223727873842215,0.0,101,48770,0.9741039983426559,0.9906614355970603,0.9976769120800572,0.9612593274046816,0.9530087178396768,0.9244908097367114,0.00247401221565667,0.002263090200756797,0.005637129962739574,0.011877049394912223,0.3958991183104367,0.37106827968013123,0.34422800902193973,0.4011892556899733,0.38572893172031986,0.37147836784908755,/common/users/shared/pracsys/adaptive_roa_experiments/gaussian_torque/pen_low_epi_var,0.9929396946621316,0.9471112777023997
fm,low,epi_var,6,700,0.0004601002564602325,100.0,0.037474340496403115,100.0,0.03983022349805209,0.0030137120406503017,0.0026366512751109634,0.22115670567507642,0.03770607655393385,0.012496117624885311,0.22469172851242478,0.22456676733617592,0.22456676733617595,0.9844986672134509,0.9847447201148247,0.9769120360877589,-0.0243370924748821,0.006046712936210578,9.551573292753967e-05,0.00654873487799877,1.231653667943533e-16,0.9806481339272002,0.9799720038763863,0.968058549869511,0.07680963968595377,0.6670450403115974,0.040223727873842215,0.0,101,48770,0.9823076923076923,0.9926919720767888,0.9957980741173038,0.9789941735663906,0.9675738890070168,0.9418225975603025,8.015359665964548e-06,7.027585678395605e-06,0.0005157953328652499,0.00604671293621059,0.39983596473241745,0.3759688332991593,0.35134303875333195,0.4011892556899733,0.38572893172031986,0.37147836784908755,/common/users/shared/pracsys/adaptive_roa_experiments/gaussian_torque/pen_low_epi_var,0.9978219634838777,0.9730738746078191
fm,low,epi_var,7,800,0.0007637292526465828,100.0,0.04639129322519012,100.0,0.047716013942997744,0.004485971913661054,0.004034683180522823,0.22186916854173094,0.04512887331382308,0.012496117624885311,0.22469172851242478,0.22456676733617592,0.22456676733617595,0.9859749846216936,0.9862210375230674,0.9757432848062333,-0.03279003485749436,0.006732281974968052,9.393305809884531e-05,0.007308531884355136,2.6194324487249787e-16,0.9824417291303008,0.981867242309768,0.9662780422450898,0.08572659241509652,0.6670450403115974,0.040223727873842215,0.0,101,48770,0.9869004641567819,0.9970407715914072,0.9991157745814666,0.9780231012981703,0.9671486285349776,0.9355301650383617,2.102219653993286e-05,5.058524552475647e-05,0.0012752045780751755,0.006732281974967883,0.3975804798031577,0.3741644453557515,0.34783678490875536,0.4011892556899733,0.38572893172031986,0.37147836784908755,/common/users/shared/pracsys/adaptive_roa_experiments/gaussian_torque/pen_low_epi_var,0.9977673940348315,0.970021022901889
fm,low,epi_var,8,900,0.00046417707283589847,100.0,0.03646371096429967,100.0,0.03883104367439,0.0031326239202994484,0.0027317453788877925,0.2223875490700015,0.040087854141165606,0.012496117624885311,0.22469172851242478,0.22456676733617592,0.22456676733617595,0.985052286241542,0.9912241131843347,0.9828788189460734,-0.01667315972934181,0.0049109636450624765,6.810096604444502e-05,0.005436803362722987,2.5587171270657905e-16,0.9814593453546632,0.9885389888603257,0.9764423755113557,0.07579901015402352,0.6670450403115974,0.040223727873842215,0.0,101,48770,0.9768136485597124,0.9960069069717246,0.9986726685133888,0.9861494429111725,0.9811822241122687,0.9551802174752995,7.249033289632018e-06,7.840305867781757e-06,0.0005370141853225585,0.004910963645062452,0.405023580069715,0.3799876973549313,0.35530038958376053,0.4011892556899733,0.38572893172031986,0.37147836784908755,/common/users/shared/pracsys/adaptive_roa_experiments/gaussian_torque/pen_low_epi_var,0.9978928055121491,0.9781313873672556
fm,low,epi_var,9,1000,0.0002023269162535128,100.0,0.022288584479209863,100.0,0.025152347754767282,0.00157508918254736,0.0013010799700616251,0.22295222675792067,0.027400921248573497,0.012496117624885311,0.22469172851242478,0.22456676733617592,0.22456676733617595,0.9891941767480008,0.9907730161984827,0.9859134713963502,-0.014571252819356164,0.0029156205483168783,5.7729562433696305e-05,0.003314590937051466,-4.336808689942018e-18,0.9864646205213818,0.9879330687546928,0.9807201189908232,0.06162388366835476,0.6670450403115974,0.040223727873842215,0.0,101,48770,0.9914812328979297,0.9968073593073593,0.9975451016213748,0.9814985178370643,0.9792153944290878,0.9644532759286858,1.4933008576641963e-05,1.2791437027647827e-05,0.00015342055991531738,0.002915620548316893,0.39714988722575356,0.37892146811564487,0.35915521837194997,0.4011892556899733,0.38572893172031986,0.37147836784908755,/common/users/shared/pracsys/adaptive_roa_experiments/gaussian_torque/pen_low_epi_var,0.9981446683944364,0.9870166873625064
fm,low,epi_var,10,1100,0.00014797552426850245,100.0,0.017409631001500978,100.0,0.01986323559565307,0.0008392867566821909,0.0006126929945788943,0.22294186825249823,0.02265937621032967,0.012496117624885311,0.22469172851242478,0.22456676733617592,0.22456676733617595,0.9887020709452532,0.9911215911420955,0.988620053311462,-0.007804592987492312,0.0022375920782564214,5.1264837290837916e-05,0.002589147016608571,-1.5742615544489524e-16,0.985853295334925,0.9884010607805844,0.9844855058284181,0.05674493019041298,0.6670450403115974,0.040223727873842215,0.0,101,48770,0.9905071454367229,0.9962200982774447,0.9973380154055279,0.981242972503322,0.9807038060812248,0.971960037533808,2.3859675284731677e-05,2.3486867858407763e-05,9.210911659138479e-05,0.0022375920782564153,0.397436948944023,0.3797211400451097,0.36202583555464424,0.4011892556899733,0.38572893172031986,0.37147836784908755,/common/users/shared/pracsys/adaptive_roa_experiments/gaussian_torque/pen_low_epi_var,0.9979493222118615,0.9900359607755018
fm,low,epi_var,11,1200,0.00016696663894247434,100.0,0.019130310385546526,100.0,0.021711913061308184,0.0013880223616243746,0.0011461164872149118,0.2231003270479266,0.024190587440946272,0.012496117624885311,0.22469172851242478,0.22456676733617592,0.22456676733617595,0.9897683001845397,0.9905884765224523,0.9858929669879024,-0.01408181258970679,0.0026125567754643002,5.626991969377305e-05,0.0029794238261226158,4.7704895589362195e-17,0.9871798165609023,0.9876768598813327,0.9806665542629124,0.0584656095744704,0.6670450403115974,0.040223727873842215,0.0,101,48770,0.9925091698093713,0.9977759696229997,0.9988551147747439,0.9819073903710518,0.9777801403359557,0.9631285532924877,1.2820433160806344e-05,1.60555731603507e-05,0.00011602217582841366,0.0026125567754642994,0.39690383432437976,0.3779987697354931,0.3581915111749026,0.4011892556899733,0.38572893172031986,0.37147836784908755,/common/users/shared/pracsys/adaptive_roa_experiments/gaussian_torque/pen_low_epi_var,0.9981736161040538,0.9883662359909501
fm,low,epi_var,12,1300,8.145110029636842e-05,100.0,0.011521369178937714,100.0,0.01431043674389994,0.0003472876990974908,0.00015559809441834333,0.223337154411235,0.019168960467914747,0.012496117624885311,0.22469172851242478,0.22456676733617592,0.22456676733617595,0.9904654500717655,0.9934385892966988,0.9911625999589911,-0.0043432437974164455,0.0013852110193590611,3.6479231760619553e-05,0.0017018618002870615,-2.183583175385806e-16,0.9881174456341196,0.9914698512555312,0.9880107930679575,0.05085666836753147,0.6670450403115974,0.040223727873842215,0.0,101,48770,0.9880921960443604,0.9943856272056465,0.9959062359802602,0.9881426965143616,0.9885711248139486,0.9802395540100458,1.3814586297670164e-05,1.2716875542383038e-05,2.046956130921694e-05,0.0013852110193590512,0.4012097600984212,0.3834734467910601,0.3656346114414599,0.4011892556899733,0.38572893172031986,0.37147836784908755,/common/users/shared/pracsys/adaptive_roa_experiments/gaussian_torque/pen_low_epi_var,0.9983357125340502,0.9938316295158428
fm,low,epi_var,13,1400,5.772615671298411e-05,100.0,0.010531772444484748,100.0,0.013646709042444126,0.0006879269008819666,0.0004961972194044893,0.22370748194601117,0.019172968147747722,0.012496117624885311,0.22469172851242478,0.22456676733617592,0.22456676733617595,0.9921468115644864,0.9936231289727291,0.9896862825507484,-0.0073001845396760325,0.0013554826095691383,3.7499693654300667e-05,0.0016721734672954687,-9.367506770274758e-17,0.9901721793128224,0.9916771482859208,0.9859391160931429,0.04986707163307439,0.6670450403115974,0.040223727873842215,0.0,101,48770,0.9942798247874259,0.9985448666127729,0.9988106026280018,0.986098333844424,0.9849032532426111,0.9733951537230225,2.6717865553215164e-06,1.6486372852991685e-06,5.3460584934851665e-06,0.0013554826095691327,0.3978880459298749,0.38045929874923107,0.36202583555464424,0.4011892556899733,0.38572893172031986,0.37147836784908755,/common/users/shared/pracsys/adaptive_roa_experiments/gaussian_torque/pen_low_epi_var,0.9986191637356364,0.9939640106786594
fm,low,epi_var,14,1500,2.8210441049937104e-05,100.0,0.007135541866936634,100.0,0.010255484929259791,0.00017970470090197766,4.77345280484889e-06,0.22384743895456075,0.017493124809712875,0.012496117624885311,0.22469172851242478,0.22456676733617592,0.22456676733617595,0.992741439409473,0.9947303670289113,0.9928849702686078,-0.0007291367644043476,0.0007241018344196527,2.397904669977576e-05,0.0010239942587656346,-3.7426658994199613e-16,0.9909680053069347,0.9931607100087819,0.9903710075755473,0.046470841055408,0.6670450403115974,0.040223727873842215,0.0,101,48770,0.9894028938251478,0.9944044764188649,0.9958147321428571,0.9925380762547276,0.9919200510312567,0.9849864767897555,5.592111394858989e-07,6.793379768569439e-07,6.23209747671511e-07,0.0007241018344196539,0.40246052901373797,0.3847652245232725,0.36743899938486774,0.4011892556899733,0.38572893172031986,0.37147836784908755,/common/users/shared/pracsys/adaptive_roa_experiments/gaussian_torque/pen_low_epi_var,0.9987105182071475,0.9967755610368845
fm,low,epi_var,15,1600,4.949124774016729e-05,100.0,0.010282795775434233,100.0,0.01384519171621899,0.00025594408409383067,6.0418560247617846e-05,0.2234009943106868,0.019552552384621287,0.012496117624885311,0.22469172851242478,0.22456676733617592,0.22456676733617595,0.9913471396350215,0.9928234570432644,0.9913061308181259,-0.0026104162394914926,0.001226191585736388,3.455233592188937e-05,0.0015466782858314537,-3.447762908503904e-16,0.9892401835798063,0.9906929745253417,0.9882248389246835,0.04961809496410716,0.6670450403115974,0.040223727873842215,0.0,101,48770,0.9870255418744276,0.9911673938491008,0.9944664915320552,0.9914647858530103,0.9902190091431001,0.9820610476348182,1.035576184233146e-06,1.8723217410935277e-06,4.467941668064706e-06,0.0012261915857363814,0.4029936436333812,0.38535985236825915,0.3668443715398811,0.4011892556899733,0.38572893172031986,0.37147836784908755,/common/users/shared/pracsys/adaptive_roa_experiments/gaussian_torque/pen_low_epi_var,0.9985738064615944,0.994539746017269
fm,low,epi_var,16,1700,3.7243238319765705e-05,100.0,0.008406965568349824,100.0,0.011708017223703095,0.00023162772140462637,4.5582296890881113e-05,0.2237372992315736,0.018604542451374523,0.012496117624885311,0.22469172851242478,0.22456676733617592,0.22456676733617595,0.9912651220012303,0.9942792700430593,0.9933360672544597,-0.0008685667418494987,0.0008750504014928866,2.5587406307720793e-05,0.001186057002255485,-3.120333852413282e-16,0.989155338322896,0.992583534915867,0.9909834928561521,0.04774226475689791,0.6670450403115974,0.040223727873842215,0.0,101,48770,0.985392574558734,0.992715478279364,0.9962070504239179,0.9929469487887151,0.9924516266213056,0.9858144284373792,1.2841144684491008e-06,1.085283841076337e-06,8.858318679930355e-07,0.0008750504014928828,0.4042649169571458,0.38562640967808076,0.36760303465245026,0.4011892556899733,0.38572893172031986,0.37147836784908755,/common/users/shared/pracsys/adaptive_roa_experiments/gaussian_torque/pen_low_epi_var,0.9986651174912032,0.9961033842546126
fm,low,epi_var,17,1800,2.9237263718805255e-05,100.0,0.007001687673246561,100.0,0.010274348985031783,0.0001287244641584446,-4.0137934691651645e-05,0.22376261824211485,0.016886239885009622,0.012496117624885311,0.22469172851242478,0.22456676733617592,0.22456676733617595,0.9923518556489646,0.9940332171416855,0.9930490055361902,-0.0005527988517531274,0.0007640111593689613,2.3510512702885806e-05,0.0010578347344679107,-4.718447854656915e-16,0.9904815372444944,0.9922567254729784,0.9906070765564823,0.04633698686168214,0.6670450403115974,0.040223727873842215,0.0,101,48770,0.9890933183833648,0.9933933613937876,0.9945476799821965,0.9918736583869978,0.9911226876461833,0.9866975768615113,4.556535210625846e-07,1.3255375158184277e-06,1.2587946307446012e-06,0.0007640111593689615,0.40231699815460326,0.3848472421570638,0.3685462374410498,0.4011892556899733,0.38572893172031986,0.37147836784908755,/common/users/shared/pracsys/adaptive_roa_experiments/gaussian_torque/pen_low_epi_var,0.9986793637748235,0.9965978440691305
fm,low,epi_var,18,1900,5.129472333340265e-05,100.0,0.010045750734942708,100.0,0.012976624974369492,0.00048531808033126057,0.0002919885164952378,0.22368484441928826,0.019332956383602277,0.012496117624885311,0.22469172851242478,0.22456676733617592,0.22456676733617595,0.9930490055361902,0.9941767480008202,0.9912651220012303,-0.005916136969448433,0.0011739114333824197,3.336476849719491e-05,0.0014922021734672954,-4.705437428587089e-16,0.991329257999335,0.9924258587582676,0.9881403118040089,0.04938104992350913,0.6670450403115974,0.040223727873842215,0.0,101,48770,0.9922175003840049,0.99582530507386,0.9968544627310004,0.9904426045180414,0.9890495428449926,0.9795771926919468,8.491724710711799e-07,2.1042908063617528e-06,2.022428508998107e-06,0.0011739114333824139,0.40047160139429977,0.3831043674389994,0.3650399835964732,0.4011892556899733,0.38572893172031986,0.37147836784908755,/common/users/shared/pracsys/adaptive_roa_experiments/gaussian_torque/pen_low_epi_var,0.998613057191088,0.9947725505100001
fm,low,epi_var,19,2000,2.4018492024296644e-05,100.0,0.005953488466525467,100.0,0.008845806848472422,7.762007058274262e-05,-8.086778107304016e-05,0.22391054399001942,0.015848785165578277,0.012496117624885311,0.22469172851242478,0.22456676733617592,0.22456676733617595,0.9927004305925774,0.9950994463809719,0.9942382612261637,0.00017203198687717832,0.0005753555650828564,2.0022548115886506e-05,0.0008588045929874922,-6.016237855122064e-16,0.9909128037574025,0.9936451381318301,0.9922266176104457,0.04528878765488395,0.6670450403115974,0.040223727873842215,0.0,101,48770,0.9898011218765935,0.994041602383359,0.9945652173913043,0.9920269855872432,0.9932489900063789,0.98989898989899,1.3462490395030902e-06,2.087721587414022e-06,2.8915876004249995e-06,0.0005753555650828568,0.40209144966167726,0.3854213655936026,0.36973549313102316,0.4011892556899733,0.38572893172031986,0.37147836784908755,/common/users/shared/pracsys/adaptive_roa_experiments/gaussian_torque/pen_low_epi_var,0.9986858500613632,0.9974379309462938
fm,low,epi_bald,0,100,0.0828013552185561,100.0,0.698461422144157,100.0,0.25613881484519174,0.1451040384864816,0.1444695299812944,0.18807866017093863,0.0634508505187201,0.012496117624885311,0.22469172851242478,0.22456676733617592,0.22456676733617595,0.822985441870002,0.7490875538240722,0.6343243797416445,-0.2556344063973754,0.18095763714653193,0.00132491393394281,0.18171710682796802,2.7755575615628914e-16,0.7169415390668546,0.5179816441485801,0.030760869565217393,0.7377967213348678,0.6670450403115974,0.040223727873842215,0.0,86,48770,1.0,1.0,1.0,0.5587754267607073,0.349510950457155,0.015620687751835293,0.045918587142700334,0.045562576762084375,0.16657905324518973,0.18095763714654983,0.2241746975599754,0.13481648554439205,0.005802747590732007,0.4011892556899733,0.38572893172031986,0.37147836784908755,/common/users/shared/pracsys/adaptive_roa_experiments/gaussian_torque/pen_low_epi_bald,0.9488759581339319,0.19419226943923207
fm,low,epi_bald,1,200,0.05381219871284944,100.0,0.44506432573312216,100.0,0.17429075251179002,0.047511293432417605,0.04685100171060651,0.17266009801619783,0.06602917218110986,0.012496117624885311,0.22469172851242478,0.22456676733617592,0.22456676733617595,0.8895017428747181,0.8719499692433873,0.7814230059462784,-0.15426696739799056,0.09875767103058469,0.0009934452417972518,0.09954292392864467,1.1102230246251565e-16,0.848081639556846,0.8051178030894056,0.5834961319059154,0.48439962492351757,0.6670450403115974,0.040223727873842215,0.0,100,48770,0.9456214245300811,0.974835638177284,0.9986625651999465,0.7687825820300521,0.6857325111630874,0.41215433018711706,0.03607270159043784,0.03692518376299357,0.07938661766319158,0.0987576710305698,0.32616362517941355,0.27133483698995287,0.15331146196432233,0.4011892556899733,0.38572893172031986,0.37147836784908755,/common/users/shared/pracsys/adaptive_roa_experiments/gaussian_torque/pen_low_epi_bald,0.94825550471455,0.5602302504415326
fm,low,epi_bald,2,300,0.04400748300088167,100.0,0.39280263591713704,100.0,0.16742977240106624,0.056134618634985034,0.055417656394163864,0.1931777168418942,0.07169622408211704,0.012496117624885311,0.22469172851242478,0.22456676733617592,0.22456676733617595,0.9220217346729547,0.9027270863235596,0.7293213040803773,-0.165366208734878,0.08680670688844568,0.0008625658207783585,0.08764863030551569,6.938893903907228e-17,0.8927856558879085,0.8557353120058387,0.4268658012416967,0.4321379351073907,0.6670450403115974,0.040223727873842215,0.0,96,48770,0.9955359949701352,0.9998578737919273,1.0,0.8092609628948175,0.7479268551988093,0.27134735331456644,0.02802855290655163,0.030049131876484517,0.06708911257333218,0.0868067068884284,0.32612261636251794,0.2885380356776707,0.10079967192946483,0.4011892556899733,0.38572893172031986,0.37147836784908755,/common/users/shared/pracsys/adaptive_roa_experiments/gaussian_torque/pen_low_epi_bald,0.9624881020344445,0.6134481164860149
fm,low,epi_bald,3,400,0.02303414579035037,100.0,0.2359701542854503,100.0,0.11622124256715193,0.023965039113086447,0.02336873313760475,0.19708545534337057,0.059630597548169836,0.012496117624885311,0.22469172851242478,0.22456676733617592,0.22456676733617595,0.9387738363748206,0.9358622103752307,0.8656141070330121,-0.1055314742669674,0.05085004513041011,0.0006599224777894549,0.05157131228214066,6.938893903907228e-18,0.9193452541731943,0.9098403182106417,0.7791778975741239,0.27530545347547664,0.6670450403115974,0.040223727873842215,0.0,101,48770,0.9749083409715857,0.9937665281450699,1.0,0.8697740979249718,0.8389857537741867,0.6382403267649169,0.013761047008945293,0.014694577515984108,0.035377487039762984,0.05085004513040508,0.357924953865081,0.3256510149682182,0.23709247488209964,0.4011892556899733,0.38572893172031986,0.37147836784908755,/common/users/shared/pracsys/adaptive_roa_experiments/gaussian_torque/pen_low_epi_bald,0.976622812192636,0.773563801387016
fm,low,epi_bald,4,500,0.012585172007827787,100.0,0.1541055846138341,100.0,0.10373528808693867,0.018106330090872327,0.017370029997463357,0.20946102149031778,0.07363000934089718,0.012496117624885311,0.22469172851242478,0.22456676733617592,0.22456676733617595,0.9663727701455813,0.9645478777937256,0.8794750871437359,-0.08070186590116873,0.03247577584332147,0.0004219793838685575,0.033337037112979286,-4.85722573273506e-17,0.9579400902749281,0.9521251557524574,0.8064792256535196,0.1934408838041129,0.6670450403115974,0.040223727873842215,0.0,100,48770,0.9613919489344178,0.9936427209154481,0.9992657257077588,0.9545129305938873,0.9139379119710823,0.6760501186730695,0.008066123610515657,0.010822005165454094,0.016867936438404382,0.03247577584332116,0.39831863850727905,0.3547877793725651,0.25132253434488416,0.4011892556899733,0.38572893172031986,0.37147836784908755,/common/users/shared/pracsys/adaptive_roa_experiments/gaussian_torque/pen_low_epi_bald,0.9861464960132531,0.8553847649474096
fm,low,epi_bald,5,600,0.003260105253023849,100.0,0.06378317059707843,100.0,0.047158704121386105,0.00431955250428565,0.003956846419447106,0.21611339502122145,0.036270608483854334,0.012496117624885311,0.22469172851242478,0.22456676733617592,0.22456676733617595,0.9783063358622104,0.9733237646093911,0.9659831863850727,-0.034906089809308996,0.012410218734401634,0.000281768162792733,0.01289788599548903,6.245004513516506e-17,0.9725721988904444,0.9644739357199421,0.9522548709241085,0.10311846978655233,0.6670450403115974,0.040223727873842215,0.0,101,48770,0.9868476430976431,0.9916334437643888,0.9948286229705352,0.9587038740672595,0.9387624920263662,0.9131754705525197,0.002239454209927861,0.002288830482392095,0.003882202121688075,0.01241021873440143,0.38974779577609187,0.3651630100471601,0.34098831248718475,0.4011892556899733,0.38572893172031986,0.37147836784908755,/common/users/shared/pracsys/adaptive_roa_experiments/gaussian_torque/pen_low_epi_bald,0.9937487974629995,0.9447370646974511
fm,low,epi_bald,6,700,0.00024116529616340324,100.0,0.025825449651457125,100.0,0.028007176542956737,0.0005322931568017887,0.0002740245573357317,0.21964764479819923,0.025826859946605697,0.012496117624885311,0.22469172851242478,0.22456676733617592,0.22456676733617595,0.9801517326225139,0.9827762969038343,0.9815665368054132,-0.007916136969448434,0.005193147095312362,0.00011137924074151452,0.005576376871027271,-5.637851296924623e-17,0.9753789805677078,0.9776011946029544,0.9748510364506112,0.06516074884046438,0.6670450403115974,0.040223727873842215,0.0,101,48770,0.9708354430379746,0.9807918673087213,0.9883153715258083,0.9799652458346111,0.9744312141186476,0.9617486338797814,1.2530471829221068e-05,9.57700855178814e-06,9.500753899461212e-05,0.005193147095312347,0.4049620668443715,0.3832273938896863,0.361492720935001,0.4011892556899733,0.38572893172031986,0.37147836784908755,/common/users/shared/pracsys/adaptive_roa_experiments/gaussian_torque/pen_low_epi_bald,0.9975590847585379,0.9768748192044897
fm,low,epi_bald,7,800,0.000681060984445228,100.0,0.04132396125739621,100.0,0.041126512200123026,0.003219877699385741,0.00283551657740108,0.22076950245950386,0.038436112198466106,0.012496117624885311,0.22469172851242478,0.22456676733617592,0.22456676733617595,0.9808488825097396,0.9868771785933976,0.9780602829608366,-0.02331351240516711,0.006632781454073231,0.00010308912755176546,0.007142103752306748,7.546047120499111e-17,0.9762123064384678,0.9828261686255568,0.96960745327501,0.0806592604468897,0.6670450403115974,0.040223727873842215,0.0,101,48770,0.972941415372119,0.9923593800801994,0.9987711393293932,0.9795052642338751,0.9734743780565597,0.9420985814428438,0.00011097234390242392,0.00011349086518247864,0.0007561009417529872,0.00663278145407321,0.4038958376050851,0.37838835349600164,0.3503998359647324,0.4011892556899733,0.38572893172031986,0.37147836784908755,/common/users/shared/pracsys/adaptive_roa_experiments/gaussian_torque/pen_low_epi_bald,0.9970635751975137,0.9704641005757367
fm,low,epi_bald,8,900,0.0004962364727411785,100.0,0.03474054950132992,100.0,0.035137994668853804,0.00231764550313978,0.0019825721739901744,0.22089333956815846,0.033507332914960566,0.012496117624885311,0.22469172851242478,0.22456676733617592,0.22456676733617595,0.9844371539881075,0.985277834734468,0.9791470166085708,-0.019620258355546445,0.005655999942007733,0.00010723336575654744,0.006116034447406192,8.760353553682876e-17,0.980590717299578,0.980754797898574,0.9711857203569911,0.07407584869068141,0.6670450403115974,0.040223727873842215,0.0,101,48770,0.9812682327652388,0.989132785467128,0.9977296542088718,0.9799141367678627,0.9725175419944716,0.9460175525749296,0.00010322623404436001,0.00010829641504236528,0.0004975879877305094,0.005655999942007729,0.4006356366618823,0.3792495386508099,0.3522247283165881,0.4011892556899733,0.38572893172031986,0.37147836784908755,/common/users/shared/pracsys/adaptive_roa_experiments/gaussian_torque/pen_low_epi_bald,0.9971894321693603,0.9748137268523765
fm,low,epi_bald,9,1000,0.00023269006525319637,100.0,0.0185722197890439,100.0,0.02010539265942178,0.00031437143825226307,0.00010688192346112842,0.22163613890905284,0.020748951479113466,0.012496117624885311,0.22469172851242478,0.22456676733617592,0.22456676733617595,0.984150092269838,0.9869591962271889,0.9880664342833709,-0.00290752511790035,0.003037510350583961,6.930844501567793e-05,0.0033699610416239494,-2.5934115965853266e-16,0.9803252818855149,0.9831093642109736,0.9838297399422093,0.05790751897775193,0.6670450403115974,0.040223727873842215,0.0,101,48770,0.9764234649901131,0.9823267169090331,0.9904895104895105,0.9842584074414801,0.9838932596215182,0.9772589280786003,8.475155491764069e-05,9.017797412302214e-05,0.00016738556365376248,0.0030375103505839635,0.4044084478162805,0.38634406397375437,0.366516301004716,0.4011892556899733,0.38572893172031986,0.37147836784908755,/common/users/shared/pracsys/adaptive_roa_experiments/gaussian_torque/pen_low_epi_bald,0.9974602153345524,0.9864739098014587
fm,low,epi_bald,10,1100,0.00013996497992361948,100.0,0.019119275491714178,100.0,0.02331433258150503,0.0007371452144014453,0.000475126275784188,0.22218629017136154,0.02620189386172573,0.012496117624885311,0.22469172851242478,0.22456676733617592,0.22456676733617595,0.9838630305515685,0.9881074431002665,0.989071150297314,0.0008386303055156845,0.0028556034405983147,5.7016348000723945e-05,0.003242583555464425,-2.424276057677588e-16,0.9800653511993717,0.9846284321000742,0.9851858028294282,0.058454574680739405,0.6670450403115974,0.040223727873842215,0.0,101,48770,0.9715261387033596,0.9818181818181818,0.9922181166722651,0.9887560053153429,0.9874548160748459,0.9782524700557488,9.113070421251698e-07,5.550688347489671e-07,4.431323694189955e-05,0.0028556034405982844,0.4083042854213656,0.38794340783268405,0.3662497436948944,0.4011892556899733,0.38572893172031986,0.37147836784908755,/common/users/shared/pracsys/adaptive_roa_experiments/gaussian_torque/pen_low_epi_bald,0.9982950991352245,0.9872839446616628
fm,low,epi_bald,11,1200,8.085520050263972e-05,100.0,0.013224607258021385,100.0,0.017229034242362114,0.0004071825274967523,0.00019018049983858355,0.22276251981580797,0.021700202765816873,0.012496117624885311,0.22469172851242478,0.22456676733617592,0.22456676733617595,0.9876973549313103,0.9907730161984827,0.989173672339553,0.001864260816075455,0.0019944280202061626,4.6445080786013045e-05,0.0023363912241131843,-3.699297812520541e-16,0.9847800720409924,0.9880649267982178,0.9853487984904823,0.052559906446728484,0.6670450403115974,0.040223727873842215,0.0,101,48770,0.9775886381950041,0.9859728985814101,0.9907371240444172,0.9920780946539917,0.9901658515840953,0.9800187669040128,1.4498066579264056e-06,9.941531368638211e-07,6.487056333273302e-06,0.001994428020206159,0.40713553413984005,0.38736928439614515,0.36745950379331555,0.4011892556899733,0.38572893172031986,0.37147836784908755,/common/users/shared/pracsys/adaptive_roa_experiments/gaussian_torque/pen_low_epi_bald,0.9984876213636098,0.9911187748576329
fm,low,epi_bald,12,1300,0.00011187474057041401,100.0,0.0163881747997105,100.0,0.02001476317408243,0.0007805302164944248,0.0005337531781180425,0.22289811068709003,0.024677703837638232,0.012496117624885311,0.22469172851242478,0.22456676733617592,0.22456676733617595,0.990403936846422,0.9910190690998565,0.989173672339553,-0.00651014968218167,0.002202409827203758,4.743494352618024e-05,0.0025741480418289935,-1.8388068845354155e-16,0.988080684596577,0.9883572567783094,0.9852932984234861,0.05572347398858728,0.6670450403115974,0.040223727873842215,0.0,101,48770,0.9847700274139507,0.9884623564440663,0.9944897385437166,0.9914136767862619,0.9882521794599192,0.9762653861014516,4.556535210625843e-07,3.9766125474552814e-07,2.297777860623883e-05,0.0022024098272037476,0.4038958376050851,0.3856469140865286,0.36467090424441256,0.4011892556899733,0.38572893172031986,0.37147836784908755,/common/users/shared/pracsys/adaptive_roa_experiments/gaussian_torque/pen_low_epi_bald,0.9984618179910979,0.9901926279950998
fm,low,epi_bald,13,1400,8.38625610867946e-05,100.0,0.014246925080971695,100.0,0.017888250973959404,0.000536051304945714,0.0003033216711047413,0.2232236399773047,0.023272963384097282,0.012496117624885311,0.22469172851242478,0.22456676733617592,0.22456676733617595,0.9886405577199098,0.9929259790855034,0.9917572278039779,-5.126102111955627e-06,0.001646449029975788,3.721720116200065e-05,0.0020041398400656137,-1.691355389077387e-16,0.9859547713213671,0.9908602008106604,0.9888796680497925,0.053582224269851805,0.6670450403115974,0.040223727873842215,0.0,101,48770,0.9782171244592012,0.9876419329284394,0.991182831475628,0.9938158029234386,0.9940995109504571,0.9865871833084948,3.72807426323933e-07,6.047764915921576e-07,2.351379283919791e-05,0.0016464490299757774,0.40758663112569204,0.3882509739594013,0.36975599753947097,0.4011892556899733,0.38572893172031986,0.37147836784908755,/common/users/shared/pracsys/adaptive_roa_experiments/gaussian_torque/pen_low_epi_bald,0.998496180269594,0.992668331786105
fm,low,epi_bald,14,1500,5.0491220242712226e-05,100.0,0.010135217634060471,100.0,0.013726061103137175,0.0002831651350544008,9.070564161684706e-05,0.2232273398234067,0.019245949343755373,0.012496117624885311,0.22469172851242478,0.22456676733617592,0.22456676733617595,0.9903424236210785,0.9920032807053516,0.9912856264096781,0.003097395940127127,0.0014301331543857686,4.132030910967191e-05,0.0017475538240721755,-3.142017895862992e-16,0.9880526596149456,0.9896787169851268,0.9882541525025565,0.04947051682264831,0.6670450403115974,0.040223727873842215,0.0,101,48770,0.9808128116029612,0.9854537788552756,0.989649064541127,0.9954001839926403,0.9939400382734425,0.9868631671910361,4.970765684319109e-07,6.627687579092147e-07,6.614742876789276e-07,0.0014301331543857682,0.40715603854828786,0.3890506458888661,0.3704326430182489,0.4011892556899733,0.38572893172031986,0.37147836784908755,/common/users/shared/pracsys/adaptive_roa_experiments/gaussian_torque/pen_low_epi_bald,0.9986134442665057,0.9936315904113948
fm,low,epi_bald,15,1600,8.101169792692472e-05,100.0,0.014075795906041404,100.0,0.01781546032396966,0.0005675064782007655,0.0003438655787407149,0.22309805393669865,0.022364089946005066,0.012496117624885311,0.22469172851242478,0.22456676733617592,0.22456676733617595,0.9882099651425056,0.9911010867336477,0.9911010867336477,0.0006881279475087116,0.0018125789782176905,4.5561607482081714e-05,0.0021611810539265944,-2.8059152223924855e-16,0.985447090683607,0.9885403464300802,0.988045394446893,0.05341109509493983,0.6670450403115974,0.040223727873842215,0.0,101,48770,0.9760842316370018,0.982109129066107,0.9861439489745423,0.9949913114586527,0.9950563470125452,0.9899541866754982,5.177880921165734e-07,5.136457873796412e-07,2.1801881849042106e-05,0.0018125789782176868,0.4089604264916957,0.3908140250153783,0.3729136764404347,0.4011892556899733,0.38572893172031986,0.37147836784908755,/common/users/shared/pracsys/adaptive_roa_experiments/gaussian_torque/pen_low_epi_bald,0.998490862533861,0.9919285520305671
fm,low,epi_bald,16,1700,4.239931271663853e-05,100.0,0.008648113954973606,100.0,0.012391224113184333,0.00018582975738647592,3.5950461154718558e-06,0.2233141340336,0.018223471127100408,0.012496117624885311,0.22469172851242478,0.22456676733617592,0.22456676733617595,0.9905064588886611,0.9918187410293213,0.9907525117900349,0.00016690588476522418,0.0012562283486909282,3.525527154635697e-05,0.0015634242362107852,-4.675079767757495e-16,0.9882149311477079,0.9893976031674329,0.9874830007493547,0.047983413143440665,0.6670450403115974,0.040223727873842215,0.0,101,48770,0.9843314233558136,0.9891610435152224,0.9930780395221614,0.9921292037207401,0.9896342759940464,0.9819506540818016,1.1184222789717978e-06,5.633534442228317e-07,3.2392823042813085e-07,0.0012562283486909278,0.4043674389993849,0.38591347139635024,0.36731597293418083,0.4011892556899733,0.38572893172031986,0.37147836784908755,/common/users/shared/pracsys/adaptive_roa_experiments/gaussian_torque/pen_low_epi_bald,0.9986470231010218,0.9944059917520638
fm,low,epi_bald,17,1800,3.834055576255149e-05,100.0,0.007898957940008241,100.0,0.011519786754152144,0.0002117038192726307,3.643004399680501e-05,0.22351939706411442,0.017527377527582575,0.012496117624885311,0.22469172851242478,0.22456676733617592,0.22456676733617595,0.9895427516916137,0.9929259790855034,0.9928849702686078,0.0026163625179413575,0.0010838003160578515,3.0049424275589067e-05,0.0013840352675825302,-4.590511998303626e-16,0.9870459740919482,0.9908524459764021,0.9904024339648734,0.047234257128434674,0.6670450403115974,0.040223727873842215,0.0,101,48770,0.9811149262775197,0.9884674390308417,0.9925712384965074,0.993049166922212,0.9932489900063789,0.9882430866037424,4.970765684319107e-07,7.207610242262704e-07,1.6092853902983097e-06,0.0010838003160578507,0.4060693049005536,0.38759483288907115,0.36985851958171007,0.4011892556899733,0.38572893172031986,0.37147836784908755,/common/users/shared/pracsys/adaptive_roa_experiments/gaussian_torque/pen_low_epi_bald,0.9986540367202903,0.9951738169947675
fm,low,epi_bald,18,1900,3.476526673926387e-05,100.0,0.0074989040608098015,100.0,0.011069099856469141,0.0002149853542456014,3.7060131130712463e-05,0.22361898780556674,0.017792522311488892,0.012496117624885311,0.22469172851242478,0.22456676733617592,0.22456676733617595,0.9912241131843347,0.9935821201558335,0.992638917367234,0.002281730572072995,0.0009848396617393952,2.9132806312876115e-05,0.0012877260611031372,-5.017687654262915e-16,0.9891370558375635,0.9917035544835263,0.9900705296639469,0.046834203249231376,0.6670450403115974,0.040223727873842215,0.0,101,48770,0.9824543712816376,0.9890034364261169,0.9922386073844107,0.9959112746601247,0.9944184563044866,0.9879119059446928,1.159845326341124e-06,1.0438607937070115e-06,8.981552245854083e-07,0.0009848396617393946,0.4066844371539881,0.38784088579044496,0.36985851958171007,0.4011892556899733,0.38572893172031986,0.37147836784908755,/common/users/shared/pracsys/adaptive_roa_experiments/gaussian_torque/pen_low_epi_bald,0.9987105959042193,0.9956144906326897
fm,low,epi_bald,19,2000,3.601998297761409e-05,100.0,0.00785144446150833,100.0,0.011387123231494772,0.00035564361276656394,0.0001628500217404529,0.22387754846310381,0.019279359102611106,0.012496117624885311,0.22469172851242478,0.22456676733617592,0.22456676733617595,0.9924338732827558,0.9943407832684027,0.9922288291982776,-0.0005435718679516105,0.0008520688948123847,2.4559194574191543e-05,0.0011698236620873489,-1.8908485888147197e-16,0.9906290474134647,0.9926634768740031,0.989460804760713,0.047186743650004345,0.6670450403115974,0.040223727873842215,0.0,101,48770,0.9845035586290445,0.9927690344534241,0.9970298139430621,0.9968312378615967,0.9925579417393153,0.9820058508583098,3.728074263239327e-07,4.556535210625845e-07,2.3404021763669314e-08,0.0008520688948123838,0.4062128357596883,0.3856469140865286,0.36588066434283373,0.4011892556899733,0.38572893172031986,0.37147836784908755,/common/users/shared/pracsys/adaptive_roa_experiments/gaussian_torque/pen_low_epi_bald,0.9987718878612446,0.9962057213321469
fm,low,yield_a1,0,100,0.0828013552185561,100.0,0.698461422144157,100.0,0.25613881484519174,0.1451040384864816,0.1444695299812944,0.18807866017093863,0.0634508505187201,0.012496117624885311,0.22469172851242478,0.22456676733617592,0.22456676733617595,0.822985441870002,0.7490875538240722,0.6343243797416445,-0.2556344063973754,0.18095763714653193,0.00132491393394281,0.18171710682796802,2.7755575615628914e-16,0.7169415390668546,0.5179816441485801,0.030760869565217393,0.7377967213348678,0.6670450403115974,0.040223727873842215,0.0,86,48770,1.0,1.0,1.0,0.5587754267607073,0.349510950457155,0.015620687751835293,0.045918587142700334,0.045562576762084375,0.16657905324518973,0.18095763714654983,0.2241746975599754,0.13481648554439205,0.005802747590732007,0.4011892556899733,0.38572893172031986,0.37147836784908755,/common/users/shared/pracsys/adaptive_roa_experiments/gaussian_torque/pen_low_yield_a1,0.9488759581339319,0.19419226943923207
fm,low,yield_a1,1,200,0.05392474399333133,100.0,0.48255017034348685,100.0,0.20766290752511793,0.09708590207742236,0.09636648351202676,0.1959934271861155,0.07194185653956005,0.012496117624885311,0.22469172851242478,0.22456676733617592,0.22456676733617595,0.896760303465245,0.8126307156038548,0.6834939511995078,-0.20695263481648554,0.12493982366208735,0.0010201303372635165,0.1257842034037318,1.6653345369377348e-16,0.8523330498284306,0.6792108404128344,0.257813251274161,0.5218854695339098,0.6670450403115974,0.040223727873842215,0.0,97,48770,1.0,1.0,1.0,0.7426658489215987,0.5142462258133107,0.1479825578186234,0.02967052108122434,0.02978399951949244,0.09512618019438993,0.12493982366208012,0.29794955915521837,0.1983596473241747,0.054972319048595446,0.4011892556899733,0.38572893172031986,0.37147836784908755,/common/users/shared/pracsys/adaptive_roa_experiments/gaussian_torque/pen_low_yield_a1,0.9645451652237121,0.4436406368398548
fm,low,yield_a1,2,300,0.049562657605650255,100.0,0.43103203239474047,100.0,0.17131884355136354,0.06294932354585761,0.06234023191186337,0.18599665181222955,0.06090916339942381,0.012496117624885311,0.22469172851242478,0.22456676733617592,0.22456676733617595,0.898769735493131,0.8646709042444125,0.7704736518351446,-0.16802870617182694,0.1009103474358098,0.001009247740353987,0.1016444002460529,5.551115123125783e-17,0.8561438270345872,0.7872614749871067,0.5529552715654952,0.470367331585037,0.6670450403115974,0.040223727873842215,0.0,101,48770,0.9957974649223886,1.0,1.0,0.7508432996013493,0.6491601105677227,0.382127283766628,0.0304100881689563,0.03243338449079666,0.07973154831065961,0.10091034743579869,0.3025015378306336,0.2503998359647324,0.1419520196842321,0.4011892556899733,0.38572893172031986,0.37147836784908755,/common/users/shared/pracsys/adaptive_roa_experiments/gaussian_torque/pen_low_yield_a1,0.9597847105368653,0.5506443422915411
fm,low,yield_a1,3,400,0.02670184122619651,100.0,0.2540077253886005,100.0,0.1227221652655321,0.032086102299508125,0.03147254708362156,0.1997979169304484,0.06135552158865672,0.012496117624885311,0.22469172851242478,0.22456676733617592,0.22456676733617595,0.9433668238671314,0.9287676850522862,0.8464424851343039,-0.11881320483904038,0.05624139748934909,0.0007007006805319118,0.056979913881484524,3.469446951953614e-17,0.9244322845417237,0.8983199672188725,0.7394677335188727,0.2933430245786739,0.6670450403115974,0.040223727873842215,0.0,101,48770,0.9947008949599623,0.9994789631366419,1.0,0.8634365736481652,0.8157559004890496,0.5866313407297014,0.01833806591649524,0.018546150452650394,0.037417258602014655,0.05624139748934643,0.3482468730777117,0.3148246873077712,0.21792085298339142,0.4011892556899733,0.38572893172031986,0.37147836784908755,/common/users/shared/pracsys/adaptive_roa_experiments/gaussian_torque/pen_low_yield_a1,0.9760035608077605,0.7495560088588004
fm,low,yield_a1,4,500,0.03737868372928458,100.0,0.28856542833814897,100.0,0.13065019479188025,0.023722946648434724,0.023027063892228,0.18923872068064623,0.06958827562067259,0.012496117624885311,0.22469172851242478,0.22456676733617592,0.22456676733617595,0.9388148451917162,0.928337092474882,0.8211400451096986,-0.11307832684027065,0.05835511054775767,0.0007169038546180195,0.05917595448021325,-1.3877787807814457e-17,0.9200171544976949,0.8981316855635547,0.6829268292682926,0.32790072752843546,0.6670450403115974,0.040223727873842215,0.0,101,48770,0.9673092097846917,0.9941924243401948,1.0,0.8771338035367474,0.8189985115883479,0.5185185185185185,0.033710283064394185,0.035148913784140194,0.04056061460411098,0.058355110547755225,0.36378921468115644,0.3177568177158089,0.19261841295878615,0.4011892556899733,0.38572893172031986,0.37147836784908755,/common/users/shared/pracsys/adaptive_roa_experiments/gaussian_torque/pen_low_yield_a1,0.960666732365995,0.7401436052183081
fm,low,yield_a1,5,600,0.025360998008071744,100.0,0.23431742270477246,100.0,0.11401599343858929,0.026474346335805646,0.025876261136881816,0.2018850742330982,0.05980851989238293,0.012496117624885311,0.22469172851242478,0.22456676733617592,0.22456676733617595,0.9490465450071766,0.9357801927414394,0.8782243182284191,-0.1096358417059668,0.048557954239959567,0.0006459382389236643,0.04928100061513225,3.469446951953614e-17,0.9323201786638341,0.9091963353821176,0.8039610496781648,0.2736527218948657,0.6670450403115974,0.040223727873842215,0.0,101,48770,0.9979593026645677,1.0,1.0,0.8747827864663191,0.833510525196683,0.6721863443174919,0.018885678602717736,0.018986427738529495,0.03304025289805981,0.04855795423995629,0.35167110928849704,0.3215091244617593,0.24970268607750667,0.4011892556899733,0.38572893172031986,0.37147836784908755,/common/users/shared/pracsys/adaptive_roa_experiments/gaussian_torque/pen_low_yield_a1,0.9751604555096359,0.7837705248378607
fm,low,yield_a1,6,700,0.017764492911962516,100.0,0.1724886779405189,100.0,0.08799282345704326,0.004153915417025704,0.0036485830695608982,0.19305003392329906,0.05053323474648061,0.012496117624885311,0.22469172851242478,0.22456676733617592,0.22456676733617595,0.9421160549518146,0.9465860159934386,0.9400451096985852,-0.051102932130408035,0.03516531648243766,0.0005811386492166448,0.03579561000615133,-9.020562075079397e-17,0.9270862928429373,0.9286203589532813,0.9144278606965175,0.2118239771305511,0.6670450403115974,0.040223727873842215,0.0,101,48770,0.937131220301812,0.9582650002827574,0.9732137295209619,0.9172544209342738,0.9007548373378694,0.8623392393884197,0.014467164985926515,0.016167518780174063,0.02053095124921109,0.03516531648243192,0.3926799261841296,0.36257945458273527,0.3291572688127947,0.4011892556899733,0.38572893172031986,0.37147836784908755,/common/users/shared/pracsys/adaptive_roa_experiments/gaussian_torque/pen_low_yield_a1,0.975375182597608,0.8434081903588376
fm,low,yield_a1,7,800,0.013704750287168893,100.0,0.10937845053311657,100.0,0.04357637892146812,0.0013940616516048769,0.0011385161825613558,0.20799288468935265,0.025554546904352122,0.012496117624885311,0.22469172851242478,0.22456676733617592,0.22456676733617595,0.9668238671314333,0.9689973344269018,0.9668238671314333,-0.027995078941972527,0.017712398829384683,0.00045156954615285273,0.018092905474677054,4.163336342344337e-17,0.9578536077103413,0.9588235294117646,0.9538083818659358,0.1487137497223458,0.6670450403115974,0.040223727873842215,0.0,101,48770,0.9767318317042074,0.9830243466607103,0.9878185796227308,0.9396913012368394,0.9357856687220922,0.9220621515703483,0.013645766668116463,0.01480453085292126,0.012542069971813199,0.017712398829384343,0.38597498462169366,0.36719294648349393,0.3467500512610211,0.4011892556899733,0.38572893172031986,0.37147836784908755,/common/users/shared/pracsys/adaptive_roa_experiments/gaussian_torque/pen_low_yield_a1,0.9803696473007709,0.9211263579224558
fm,low,yield_a1,8,900,0.0026078044934090432,100.0,0.05189020940402589,100.0,0.0361427106827968,0.0017620766764712898,0.0014667444532756259,0.2164608341001119,0.029533222319566392,0.012496117624885311,0.22469172851242478,0.22456676733617592,0.22456676733617595,0.9786959196227188,0.9807668648759483,0.9766454787779373,-0.020645478777937258,0.009572677689339571,0.000266827764173289,0.00999297108878409,-7.45931094670027e-17,0.9732292391332353,0.9748309541697971,0.9677254824176136,0.09122550859315948,0.6670450403115974,0.040223727873842215,0.0,101,48770,0.9813458041049623,0.9842327698309493,0.9942936997787353,0.96524583461106,0.9656070593238358,0.9425401556549098,0.0018491455460903888,0.001637825869935772,0.0038267631720114016,0.009572677689339566,0.39460734057822433,0.37842936231289726,0.3521427106827968,0.4011892556899733,0.38572893172031986,0.37147836784908755,/common/users/shared/pracsys/adaptive_roa_experiments/gaussian_torque/pen_low_yield_a1,0.9939352075957774,0.9573726878518526
fm,low,yield_a1,9,1000,0.00020169258090609545,100.0,0.023350809084071122,100.0,0.026042649169571462,0.0012167263671454508,0.000932397803676022,0.2224120718572205,0.02843285634694288,0.012496117624885311,0.22469172851242478,0.22456676733617592,0.22456676733617595,0.9907730161984827,0.9909575558745131,0.9862415419315153,-0.011060898093090018,0.0030870932826315236,5.723613220248547e-05,0.003496383022349805,8.023096076392733e-17,0.9885163068442812,0.9882628483219335,0.9813076301640806,0.06268610827318875,0.6670450403115974,0.040223727873842215,0.0,101,48770,0.9871559633027523,0.9896060977559832,0.990607424071991,0.9898804047838087,0.986923240484797,0.972180824639841,3.5416705500773583e-06,3.860628014821169e-06,0.00011801011965046237,0.0030870932826315392,0.40229649374615545,0.38468320688948127,0.36456838220217347,0.4011892556899733,0.38572893172031986,0.37147836784908755,/common/users/shared/pracsys/adaptive_roa_experiments/gaussian_torque/pen_low_yield_a1,0.9978859823579947,0.9862531160810176
fm,low,yield_a1,10,1100,0.00023025798845853935,100.0,0.026513030231643975,100.0,0.027447406192331353,0.0014266019411664544,0.0011346589724180725,0.22126952381016293,0.029194296874838196,0.012496117624885311,0.22469172851242478,0.22456676733617592,0.22456676733617595,0.9845396760303465,0.9909780602829609,0.9848062333401681,-0.01048123846627025,0.004431902498431102,9.880408813166163e-05,0.004848806643428336,4.2500725161431774e-17,0.9808842916539905,0.9882797932981726,0.9792163352312568,0.06584832942074148,0.6670450403115974,0.040223727873842215,0.0,101,48770,0.9731864372673307,0.9904431393486386,0.9954379562043796,0.9887048962485945,0.9861258770997235,0.9635149307280455,9.589435465998929e-06,1.0422038718122386e-05,0.00010026904269265163,0.0044319024984311,0.40758663112569204,0.38404757022759894,0.3595653065409063,0.4011892556899733,0.38572893172031986,0.37147836784908755,/common/users/shared/pracsys/adaptive_roa_experiments/gaussian_torque/pen_low_yield_a1,0.9977184893158161,0.9802646555810435
fm,low,yield_a1,11,1200,0.00010804003703271561,100.0,0.015717020682196103,100.0,0.018113389378716427,0.000680098948985304,0.0004495213253012624,0.22318730623934696,0.02305776236840416,0.012496117624885311,0.22469172851242478,0.22456676733617592,0.22456676733617595,0.9896657781423006,0.9945868361697765,0.9914291572688128,0.0006223087963912228,0.001828982422129849,3.966322246095555e-05,0.0021845212220627432,-3.694961003830599e-16,0.9871944712637838,0.9929846938775511,0.988426182301473,0.05505231987102594,0.6670450403115974,0.040223727873842215,0.0,101,48770,0.9815582053354891,0.9927736450584485,0.9916662036779821,0.9928958397219667,0.993195832447374,0.9852072638957885,2.319690652682247e-06,5.136457873796404e-06,2.7918098350740633e-05,0.0018289824221298396,0.40582325199917985,0.3858929669879024,0.3690588476522452,0.4011892556899733,0.38572893172031986,0.37147836784908755,/common/users/shared/pracsys/adaptive_roa_experiments/gaussian_torque/pen_low_yield_a1,0.9981823188232197,0.9918555071891297
fm,low,yield_a1,12,1300,4.921979853718353e-05,100.0,0.010327414321825924,100.0,0.012945663317613288,0.00034207676884918405,0.00014525890805961933,0.22372904005675023,0.019681786078956476,0.012496117624885311,0.22469172851242478,0.22456676733617592,0.22456676733617595,0.9945048185359853,0.9951609596063153,0.9920647939306951,-0.003950789419725242,0.0009829861874848548,2.951243610436117e-05,0.0013047652245232726,-4.458239333260394e-16,0.9931520850367948,0.9937193953587395,0.9892610372672532,0.04966271351048247,0.6670450403115974,0.040223727873842215,0.0,101,48770,0.9930505876341339,0.9949904071626519,0.9946986607142857,0.9932536031892057,0.9924516266213056,0.9838825412595904,3.1895746474380892e-06,2.7670595642709667e-06,5.0357998686889335e-06,0.0009829861874848488,0.4012712733237646,0.3847447201148247,0.36743899938486774,0.4011892556899733,0.38572893172031986,0.37147836784908755,/common/users/shared/pracsys/adaptive_roa_experiments/gaussian_torque/pen_low_yield_a1,0.9985536550587752,0.9956227441880867
fm,low,yield_a1,13,1400,3.397216766833352e-05,100.0,0.00750253443042166,100.0,0.00993869181874103,8.146624970318606e-05,-7.655588263102338e-05,0.2236630225250961,0.01580221323342094,0.012496117624885311,0.22469172851242478,0.22456676733617592,0.22456676733617595,0.9940332171416855,0.9945253229444331,0.9924953865080992,0.00015111749026040542,0.0008271889284478993,3.158097098775725e-05,0.0011101722370309617,-8.972857179490035e-16,0.9925664801900529,0.9929013904766969,0.9898827952233524,0.046837833618840356,0.6670450403115974,0.040223727873842215,0.0,101,48770,0.9921863030488739,0.9931918514972607,0.9914723960352179,0.9929469487887151,0.9926110992983203,0.9882982833802506,6.192745581714212e-06,6.486849218036427e-06,7.229253784513169e-06,0.0008271889284478958,0.4014968218166906,0.3855033832273939,0.3702891121591142,0.4011892556899733,0.38572893172031986,0.37147836784908755,/common/users/shared/pracsys/adaptive_roa_experiments/gaussian_torque/pen_low_yield_a1,0.9985270984450049,0.9963165122860338
fm,low,yield_a1,14,1500,4.019076886446743e-05,100.0,0.008798796784603193,100.0,0.011509534549928235,0.0001450448126681392,-2.956553108101939e-05,0.2234740872475856,0.01746103437491586,0.012496117624885311,0.22469172851242478,0.22456676733617592,0.22456676733617595,0.9933770760713554,0.9936231289727291,0.9918392454377691,-0.0011584990773016207,0.0010631145575086523,3.809436032884216e-05,0.001362686077506664,-6.440160904563896e-16,0.9917616752110593,0.9917421204960039,0.9889903181189488,0.048134095973094426,0.6670450403115974,0.040223727873842215,0.0,101,48770,0.9898681329871187,0.9907687410472704,0.9912937392558088,0.9936624757231933,0.99271741441633,0.9866975768615113,1.6776334184576976e-06,2.5268058895288765e-06,3.6431570161321876e-06,0.0010631145575086506,0.4027270863235596,0.3864875948328891,0.36975599753947097,0.4011892556899733,0.38572893172031986,0.37147836784908755,/common/users/shared/pracsys/adaptive_roa_experiments/gaussian_torque/pen_low_yield_a1,0.9985339311228564,0.9952659310630892
fm,low,yield_a1,15,1600,7.425477321376681e-05,100.0,0.01260119166315229,100.0,0.015413984006561412,0.0007082036989341947,0.0004850262819511595,0.2237241356150904,0.022317741698303525,0.012496117624885311,0.22469172851242478,0.22456676733617592,0.22456676733617595,0.9932130408037728,0.9949969243387329,0.9913266352265737,-0.006050030756612673,0.0013276580030363093,3.220689521963775e-05,0.0016757965962681976,-3.71881345162528e-16,0.9915670938320043,0.993503727369542,0.9882254697286013,0.05193649085191461,0.6670450403115974,0.040223727873842215,0.0,101,48770,0.9885699771399543,0.9951994879453808,0.9967991913746631,0.9945824389246652,0.9918137359132468,0.9797979797979798,1.2634029447644385e-06,1.20126837371045e-06,6.9362892819936395e-06,0.001327658003036299,0.40362928029526346,0.38441664957965965,0.3651425056387123,0.4011892556899733,0.38572893172031986,0.37147836784908755,/common/users/shared/pracsys/adaptive_roa_experiments/gaussian_torque/pen_low_yield_a1,0.9985680456078208,0.9940879141700927
fm,low,yield_a1,16,1700,5.609959084093507e-05,100.0,0.011301323367203213,100.0,0.014064588886610623,0.00042670842251958804,0.00021437678131773974,0.22382183451542384,0.021233164120184833,0.012496117624885311,0.22469172851242478,0.22456676733617592,0.22456676733617595,0.993971703916342,0.9954685257330326,0.9938076686487595,-0.0035876563461144165,0.0009593096020694955,2.529281313018498e-05,0.0012966024195201968,-3.404394821604484e-16,0.9925198453083656,0.9941405732163217,0.9916528468767275,0.050636622555983446,0.6670450403115974,0.040223727873842215,0.0,101,48770,0.9881953592055933,0.9916953186987569,0.9931351381276643,0.9968823469283451,0.996597916223687,0.9901749737815312,7.66326376332529e-07,1.0272915747592816e-06,8.192650308705305e-06,0.0009593096020694855,0.4047160139429977,0.38763584170596677,0.3703711297929055,0.4011892556899733,0.38572893172031986,0.37147836784908755,/common/users/shared/pracsys/adaptive_roa_experiments/gaussian_torque/pen_low_yield_a1,0.9985724886529592,0.9957281764641809
fm,low,yield_a1,17,1800,2.6039959347674522e-05,100.0,0.006912844762302456,100.0,0.009615952429772402,0.00010656944674454976,-5.918976522339709e-05,0.2239312341904584,0.01657592119679469,0.012496117624885311,0.22469172851242478,0.22456676733617592,0.22456676733617595,0.9938486774656551,0.9949969243387329,0.9941357391839245,0.0018579044494566328,0.0005763433804934728,2.0805780899693746e-05,0.0008670637687102728,-6.5670125587447e-16,0.9923543503746368,0.9935237286336129,0.9921051178711423,0.04624814395079256,0.6670450403115974,0.040223727873842215,0.0,101,48770,0.9896807645384302,0.9921543681085666,0.992324258655917,0.9950424205254013,0.9948968743355305,0.991886073853287,4.929342636949777e-06,3.313843789546069e-06,3.2700906957622014e-06,0.0005763433804934714,0.40336272298544185,0.3867951609596063,0.37131433258150504,0.4011892556899733,0.38572893172031986,0.37147836784908755,/common/users/shared/pracsys/adaptive_roa_experiments/gaussian_torque/pen_low_yield_a1,0.9986519979747109,0.9974335321858613
fm,low,yield_a1,18,1900,5.267748434201608e-05,100.0,0.011677110226307406,100.0,0.014603854828788192,0.0003824857781367634,0.0001613894757650868,0.22391313780911784,0.022109630237167662,0.012496117624885311,0.22469172851242478,0.22456676733617592,0.22456676733617595,0.9941357391839245,0.9956940742259586,0.9935821201558335,-0.004099446380971912,0.0008150190028229807,2.194780145749883e-05,0.0011610764814435105,-1.9081958235744878e-16,0.9927159739201304,0.9944258639910813,0.9913480940929319,0.051012409415245416,0.6670450403115974,0.040223727873842215,0.0,101,48770,0.9893897857650523,0.9931078358604601,0.9929125138427464,0.99606460186037,0.9957473952796088,0.9897885963459734,9.941531368638211e-07,7.373302431740003e-07,2.2196954163327067e-05,0.0008150190028229698,0.4038958376050851,0.3867541521427107,0.370309616567562,0.4011892556899733,0.38572893172031986,0.37147836784908755,/common/users/shared/pracsys/adaptive_roa_experiments/gaussian_torque/pen_low_yield_a1,0.9986238571104159,0.9963707051916417
fm,low,yield_a1,19,2000,7.296775310880269e-05,100.0,0.01307405083813214,100.0,0.01626491695714579,0.0006243540498532508,0.0003921783871362717,0.22378457138737526,0.023217566271697913,0.012496117624885311,0.22469172851242478,0.22456676733617592,0.22456676733617595,0.9936846421980726,0.9942997744515071,0.9920442895222473,-0.005824892351855651,0.0011743743359367716,2.7089673299040898e-05,0.001531511174902604,-1.6805133673525319e-16,0.9921384450456888,0.9925918030165752,0.9892096334612603,0.05240935002701116,0.6670450403115974,0.040223727873842215,0.0,101,48770,0.9909749133183765,0.9951907662712408,0.9968611624908917,0.9933047122559542,0.9900063789070805,0.9816746701992604,3.7280742632393266e-07,1.6403526758253031e-06,2.1921594455939435e-05,0.0011743743359367614,0.4021324584785729,0.38371949969243385,0.36581915111749025,0.4011892556899733,0.38572893172031986,0.37147836784908755,/common/users/shared/pracsys/adaptive_roa_experiments/gaussian_torque/pen_low_yield_a1,0.99861173470041,0.9947704891962988
fm,low,yield_mlp,0,100,0.0828013552185561,100.0,0.698461422144157,100.0,0.25613881484519174,0.1451040384864816,0.1444695299812944,0.18807866017093863,0.0634508505187201,0.012496117624885311,0.22469172851242478,0.22456676733617592,0.22456676733617595,0.822985441870002,0.7490875538240722,0.6343243797416445,-0.2556344063973754,0.18095763714653193,0.00132491393394281,0.18171710682796802,2.7755575615628914e-16,0.7169415390668546,0.5179816441485801,0.030760869565217393,0.7377967213348678,0.6670450403115974,0.040223727873842215,0.0,86,48770,1.0,1.0,1.0,0.5587754267607073,0.349510950457155,0.015620687751835293,0.045918587142700334,0.045562576762084375,0.16657905324518973,0.18095763714654983,0.2241746975599754,0.13481648554439205,0.005802747590732007,0.4011892556899733,0.38572893172031986,0.37147836784908755,/common/users/shared/pracsys/adaptive_roa_experiments/gaussian_torque/pen_low_yield_mlp,0.9488759581339319,0.19419226943923207
fm,low,yield_mlp,1,200,0.04652620109144142,100.0,0.42978856035957086,100.0,0.1860580274759073,0.0720412621149689,0.07133416469003265,0.19058647227594816,0.07070974249362605,0.012496117624885311,0.22469172851242478,0.22456676733617592,0.22456676733617595,0.9044084478162805,0.8525527988517532,0.7265942177568178,-0.18040250153783063,0.10531445975026045,0.0009535345952851674,0.10614651835144556,4.163336342344337e-17,0.8666094420600858,0.7637570222412038,0.41772925764192137,0.46912385954992725,0.6670450403115974,0.040223727873842215,0.0,100,48770,0.984399375975039,0.9997419798744303,1.0,0.7739957068383931,0.6179034658728472,0.2640061820389689,0.025921238217731894,0.026350965053445998,0.07872696397022345,0.1053144597502499,0.31543981956120565,0.2384047570227599,0.09807258560590527,0.4011892556899733,0.38572893172031986,0.37147836784908755,/common/users/shared/pracsys/adaptive_roa_experiments/gaussian_torque/pen_low_yield_mlp,0.9642939051986789,0.5310327480797506
fm,low,yield_mlp,2,300,0.061978199231188726,100.0,0.5110320739312897,100.0,0.19007074020914497,0.08060591995212069,0.07997617331618992,0.18705316004953637,0.06297466359307656,0.012496117624885311,0.22469172851242478,0.22456676733617592,0.22456676733617595,0.8872462579454583,0.8440639737543572,0.740291162599959,-0.18955156858724626,0.11748978060282961,0.001096389853124492,0.11824448841500923,1.3877787807814457e-16,0.8365095882265497,0.7466604483826911,0.4625763747454176,0.5503673731216692,0.6670450403115974,0.040223727873842215,0.0,98,48770,0.9999289217428389,1.0,1.0,0.7190023510170704,0.5957367637678078,0.3008776287464812,0.0423032457028766,0.04249543207345107,0.0960919914751312,0.11748978060282662,0.28847652245232724,0.22979290547467707,0.11176953044904654,0.4011892556899733,0.38572893172031986,0.37147836784908755,/common/users/shared/pracsys/adaptive_roa_experiments/gaussian_torque/pen_low_yield_mlp,0.9513982688775019,0.4768158174225856
fm,low,yield_mlp,3,400,0.0761656923549036,100.0,0.5333912324379054,100.0,0.14761349190075865,0.04041045358604601,0.040032232954468804,0.16180866354198117,0.03782206315772033,0.012496117624885311,0.22469172851242478,0.22456676733617592,0.22456676733617595,0.8878203813819971,0.8661677260611031,0.8377486159524298,-0.13892044289522248,0.10279033674866359,0.0011702137585993667,0.10329351855648965,4.163336342344337e-17,0.8392064658339455,0.7926027136093547,0.7243145315820645,0.5727265316280354,0.6670450403115974,0.040223727873842215,0.0,101,48770,0.9874126841413653,0.985227901098033,0.9819573020971094,0.7296841459674946,0.6629810759089942,0.5737704918032787,0.07128566783272537,0.07133369371384578,0.08244954548560553,0.10279033674865505,0.2964732417469756,0.2595653065409063,0.21705966782858316,0.4011892556899733,0.38572893172031986,0.37147836784908755,/common/users/shared/pracsys/adaptive_roa_experiments/gaussian_torque/pen_low_yield_mlp,0.9216710858836444,0.5422727148457069
fm,low,yield_mlp,4,500,0.08624822837275342,100.0,0.5898625507156032,100.0,0.19221652655320892,0.06441264324888465,0.06379965884259084,0.16221861822429906,0.061298440629381785,0.012496117624885311,0.22469172851242478,0.22456676733617592,0.22456676733617595,0.8759483288907115,0.8467295468525733,0.7399425876563461,-0.1895538240721755,0.12614780795446778,0.0012152157483029682,0.12688575353701045,8.326672684688674e-17,0.8176282630976066,0.7522455337907261,0.46151233388527996,0.6291978499061982,0.6670450403115974,0.040223727873842215,0.0,98,48770,0.9966196355085244,0.999031604894797,0.9998160412067697,0.6931411632423592,0.6032319795874973,0.29999448032234916,0.07109298852788695,0.07192082398725858,0.11423654537999461,0.12614780795448563,0.2790239901578839,0.23290957555874514,0.1114619643223293,0.4011892556899733,0.38572893172031986,0.37147836784908755,/common/users/shared/pracsys/adaptive_roa_experiments/gaussian_torque/pen_low_yield_mlp,0.9258341944388442,0.438261460273751
fm,low,yield_mlp,5,600,0.08543610487076542,100.0,0.6045943757298342,100.0,0.2081759278244823,0.06740473940703201,0.06674725562933294,0.15233680829263718,0.06574837776990738,0.012496117624885311,0.22469172851242478,0.22456676733617592,0.22456676733617595,0.8588271478367849,0.8339553003895838,0.7214681156448637,-0.19716629075251177,0.13897721467287183,0.0012733828287852932,0.13975965962681977,1.6653345369377348e-16,0.7915468224893275,0.7268802698145025,0.4002649006622516,0.6439296749205912,0.6670450403115974,0.040223727873842215,0.0,98,48770,0.970957438906633,0.9942793873408378,1.0,0.668097720535623,0.5728258558367,0.25020698791190593,0.058711266861769154,0.05702956155775521,0.13312464143175723,0.13897721467288737,0.27605085093295056,0.22222677875743285,0.0929464834939512,0.4011892556899733,0.38572893172031986,0.37147836784908755,/common/users/shared/pracsys/adaptive_roa_experiments/gaussian_torque/pen_low_yield_mlp,0.9277556988708968,0.38113187306640417
fm,low,yield_mlp,6,700,0.0230845898413722,100.0,0.24885282190287333,100.0,0.13493766659831863,0.04306858195789402,0.04241367372029971,0.1977652007717336,0.06549082375943151,0.012496117624885311,0.22469172851242478,0.22456676733617592,0.22456676733617595,0.9389173672339552,0.8948533934795981,0.8141480418289933,-0.12478019274143938,0.06921524028474203,0.0007755209628250636,0.06999510969858518,-4.163336342344337e-17,0.9182289808130437,0.8429883649724433,0.6665194996320823,0.2881881210931592,0.6670450403115974,0.040223727873842215,0.0,101,48770,0.9917580788615475,0.9940785673021375,0.9994483063003421,0.8548502504344271,0.7317669572613226,0.4999724016117459,0.012083144340679726,0.012456376850315705,0.04034932247428148,0.06921524028473905,0.34580684847242155,0.28394504818535987,0.18583145376255894,0.4011892556899733,0.38572893172031986,0.37147836784908755,/common/users/shared/pracsys/adaptive_roa_experiments/gaussian_torque/pen_low_yield_mlp,0.9792087682933223,0.6917832451088946
fm,low,yield_mlp,7,800,0.03311226269212822,100.0,0.26434059579067276,100.0,0.12135903219192126,0.013508718902377741,0.012844958704541267,0.18308839492351683,0.06637601978364743,0.012496117624885311,0.22469172851242478,0.22456676733617592,0.22456676733617595,0.9366003690793521,0.9343243797416445,0.8603239696534755,-0.09095345499282344,0.05432333111720029,0.0007099040224296376,0.05511205249128563,-4.163336342344337e-17,0.9190024624089694,0.9102423987669889,0.7711790393013102,0.3036758949810208,0.6670450403115974,0.040223727873842215,0.0,101,48770,0.9426590713671539,0.9625437088840159,0.985068222775251,0.8965041398344066,0.8633319157984265,0.6336037975382238,0.02890146078376545,0.031346581252342985,0.036558951986547905,0.0543233311171981,0.38154603239696533,0.3459708837400041,0.23893787164240313,0.4011892556899733,0.38572893172031986,0.37147836784908755,/common/users/shared/pracsys/adaptive_roa_experiments/gaussian_torque/pen_low_yield_mlp,0.9604086410198408,0.7580971941592837
fm,low,yield_mlp,8,900,0.012044185112946425,100.0,0.12561007099687252,100.0,0.0648554439204429,0.008467404072206412,0.008048931650635775,0.20694365995801658,0.04184724215706377,0.012496117624885311,0.22469172851242478,0.22456676733617592,0.22456676733617595,0.967972114004511,0.9624359237236005,0.9394914906704942,-0.05662087348779987,0.025672039028795234,0.0005121303893832009,0.026215472626614725,1.1449174941446927e-16,0.9589250026296413,0.9491873301159373,0.9116863683974263,0.16494537018653646,0.6670450403115974,0.040223727873842215,0.0,101,48770,0.9875961434297476,0.9924022735181534,0.9956857105503988,0.9318716140243279,0.9095789921326812,0.8407572997736932,0.01043784161069378,0.010212653498279866,0.013595049738725341,0.02567203902879469,0.37855238876358416,0.35353701045724834,0.31367644043469345,0.4011892556899733,0.38572893172031986,0.37147836784908755,/common/users/shared/pracsys/adaptive_roa_experiments/gaussian_torque/pen_low_yield_mlp,0.9852005732744133,0.8856819317777138
fm,low,yield_mlp,9,1000,0.0026014183222329013,100.0,0.05493117353726259,100.0,0.04015562846011893,0.003839374191519472,0.0034972975713087532,0.2163416112132737,0.03420766202107191,0.012496117624885311,0.22469172851242478,0.22456676733617592,0.22456676733617595,0.9823867131433258,0.9799671929464835,0.9599753947098626,-0.02686713143325815,0.011722453694210922,0.000288641387254455,0.012189491490670494,-6.245004513516506e-17,0.9779963626117472,0.9735022104092648,0.9432887855897735,0.09426647272648604,0.6670450403115974,0.040223727873842215,0.0,101,48770,0.9803317413855082,0.9937981062074311,0.9957676501257438,0.975672084227742,0.9540187114607698,0.8960644698349617,0.0016443292883727577,0.0016369725551599644,0.0032277832663318096,0.011722453694211248,0.3992823457043264,0.3702891121591142,0.3342833709247488,0.4011892556899733,0.38572893172031986,0.37147836784908755,/common/users/shared/pracsys/adaptive_roa_experiments/gaussian_torque/pen_low_yield_mlp,0.9946549105535699,0.9477996952386885
fm,low,yield_mlp,10,1100,0.00017622017847913134,100.0,0.020527839740440822,100.0,0.021617182694279268,0.0005772129406960441,0.00032003082633943715,0.22136172185090636,0.025718211435660696,0.012496117624885311,0.22469172851242478,0.22456676733617592,0.22456676733617595,0.9881894607340578,0.9902193971703916,0.9884765224523272,-6.048800492105967e-05,0.003525076311609016,0.00012184462770639575,0.003907219602214476,1.3877787807814457e-17,0.9854236258730641,0.9873739379020091,0.984420912568609,0.05986313892943119,0.6670450403115974,0.040223727873842215,0.0,101,48770,0.9759398496240601,0.9833394843675858,0.9888065935289859,0.9950935295921497,0.9914416330002126,0.980073963680521,3.520959026392695e-07,8.118917284387868e-07,4.247503743607701e-05,0.0035250763116090296,0.4090629485339348,0.3889071150297314,0.36819766249743696,0.4011892556899733,0.38572893172031986,0.37147836784908755,/common/users/shared/pracsys/adaptive_roa_experiments/gaussian_torque/pen_low_yield_mlp,0.9981091725563059,0.984302769490679
fm,low,yield_mlp,11,1200,0.0004570247485662029,100.0,0.03651538296637092,100.0,0.03808714373590322,0.0026813380876065953,0.002274330882067505,0.22141384371711167,0.040700720553909,0.012496117624885311,0.22469172851242478,0.22456676733617592,0.22456676733617595,0.98816895632561,0.9888661062128358,0.9840270658191511,-0.01775907320073816,0.0054272545011318845,0.0001099746526443259,0.005959222882919828,1.3183898417423734e-16,0.9853838944195354,0.9855219304092788,0.9780939793594107,0.07585068215599423,0.6670450403115974,0.040223727873842215,0.0,101,48770,0.9768469690121039,0.9886588562563526,0.9969617060307269,0.9940713482571808,0.9824048479693812,0.9599271402550091,5.17788092116573e-07,4.991477208003763e-07,0.0005428798959452982,0.005427254501131872,0.40826327660447,0.3832889071150297,0.3576789009637072,0.4011892556899733,0.38572893172031986,0.37147836784908755,/common/users/shared/pracsys/adaptive_roa_experiments/gaussian_torque/pen_low_yield_mlp,0.9981257953842024,0.9758323345635229
fm,low,yield_mlp,12,1300,0.00016637327040998085,100.0,0.020789498353178844,100.0,0.02392187820381382,0.0013429208114257409,0.0010450624243977824,0.2230448666705801,0.029785838702795855,0.012496117624885311,0.22469172851242478,0.22456676733617592,0.22456676733617595,0.9917572278039779,0.9927004305925774,0.9874307976214887,-0.009403116670084071,0.0025669630899936417,6.180209684973405e-05,0.002989782653270453,4.683753385137379e-17,0.9897876232090235,0.9905208222387901,0.9828430686557138,0.06012479754234875,0.6670450403115974,0.040223727873842215,0.0,101,48770,0.9839882816446106,0.9923175416133163,0.9969339086986145,0.9956557293263825,0.9887305974909633,0.9691450019318871,7.663263763325278e-07,7.041918052785394e-07,9.245070139573996e-05,0.002566963089993642,0.40594627844986675,0.38433463194586837,0.36112364158294036,0.4011892556899733,0.38572893172031986,0.37147836784908755,/common/users/shared/pracsys/adaptive_roa_experiments/gaussian_torque/pen_low_yield_mlp,0.998511735494345,0.98856926552204
fm,low,yield_mlp,13,1400,5.3229245505252434e-05,100.0,0.010138598238419758,100.0,0.013190485954480212,0.0003575286720452377,0.0001602556133881314,0.22339272653037875,0.019727305865710625,0.012496117624885311,0.22469172851242478,0.22456676733617592,0.22456676733617595,0.9920237851137995,0.9936846421980726,0.9910190690998565,0.002246052901373795,0.0013342964191846703,4.205776885428221e-05,0.0016565306540906296,-6.409803243734302e-16,0.9901241463352712,0.9918276374442794,0.9878643466696221,0.049473897426944205,0.6670450403115974,0.040223727873842215,0.0,101,48770,0.9837057962972305,0.9901462174189447,0.9917663421418637,0.9966268015946029,0.9935147778014034,0.983992934812607,1.097710755287135e-06,1.1101376694979325e-06,1.9923450208461425e-06,0.0013342964191846668,0.4064588886610621,0.3870412138609801,0.3685667418494976,0.4011892556899733,0.38572893172031986,0.37147836784908755,/common/users/shared/pracsys/adaptive_roa_experiments/gaussian_torque/pen_low_yield_mlp,0.9986078215063702,0.9940583531792697
fm,low,yield_mlp,14,1500,3.215910823396109e-05,100.0,0.007253407716486817,100.0,0.010459093705146609,0.00027096469195403135,9.14411812679207e-05,0.2238784754475606,0.01795235106861107,0.012496117624885311,0.22469172851242478,0.22456676733617592,0.22456676733617595,0.9923723600574124,0.9949149067049415,0.9931105187615338,0.002318433463194587,0.000779733069882752,2.5079548381151756e-05,0.0010842177568177159,-5.017687654262915e-16,0.9905636446654152,0.9934266327396098,0.9907028223574986,0.04658870690490836,0.6670450403115974,0.040223727873842215,0.0,101,48770,0.9833299758259468,0.9906957073377035,0.9932863563224769,0.9979045282633139,0.9961726557516479,0.9881326930507258,1.0562877079178095e-06,1.0355761842331468e-06,7.82740258852626e-07,0.0007797330698827529,0.40713553413984005,0.38786139019889276,0.36955095345499284,0.4011892556899733,0.38572893172031986,0.37147836784908755,/common/users/shared/pracsys/adaptive_roa_experiments/gaussian_torque/pen_low_yield_mlp,0.9987287887148285,0.9965278341086172
fm,low,yield_mlp,15,1600,2.9128172429237314e-05,100.0,0.006821461681164904,100.0,0.010050440844781629,0.00035804664560144545,0.00018183791072344668,0.22405707472743297,0.01762087348779988,0.012496117624885311,0.22469172851242478,0.22456676733617592,0.22456676733617595,0.9920237851137995,0.9944228009021939,0.9942792700430593,0.0042579454582735285,0.0006915305194657255,2.0637078010538986e-05,0.0009927004305925774,-6.633148891266316e-16,0.9901436643271593,0.9928076577291237,0.9922977113988349,0.04615676086955997,0.6670450403115974,0.040223727873842215,0.0,101,48770,0.9818099592985277,0.9877407134589077,0.9925991384071579,0.9986200551977921,0.9979268551988093,0.9919964674063034,8.077494237018551e-07,9.030224326513045e-07,7.221590520749877e-07,0.0006915305194657247,0.4080582325199918,0.38970678695919625,0.37125281935616156,0.4011892556899733,0.38572893172031986,0.37147836784908755,/common/users/shared/pracsys/adaptive_roa_experiments/gaussian_torque/pen_low_yield_mlp,0.9987668314774574,0.9969206017093771
fm,low,yield_mlp,16,1700,2.6232094994318962e-05,100.0,0.006745508628188933,100.0,0.00970084068074636,0.0002243319842583975,4.74084739865173e-05,0.2240161363629939,0.01769235102718802,0.012496117624885311,0.22469172851242478,0.22456676733617592,0.22456676733617595,0.9937666598318639,0.9950584375640763,0.9940127127332377,0.002107238056182079,0.0005980394471680097,2.027114743773762e-05,0.0008999241336887431,-5.35162192338845e-16,0.992272496187087,0.9936042037100926,0.9919229918123479,0.04608080781662127,0.6670450403115974,0.040223727873842215,0.0,101,48770,0.9870537068878326,0.9921034501033441,0.9941779872470197,0.9975467647960748,0.9951095045715501,0.9896782027929569,7.45614852647866e-07,1.0935684505502035e-06,9.802246371858874e-07,0.0005980394471680075,0.40545417264711914,0.3868976830018454,0.36979700635636664,0.4011892556899733,0.38572893172031986,0.37147836784908755,/common/users/shared/pracsys/adaptive_roa_experiments/gaussian_torque/pen_low_yield_mlp,0.9987510807685792,0.9973369191966291
fm,low,yield_mlp,17,1800,2.0610157124905454e-05,100.0,0.005882726938094482,100.0,0.008810744310026656,0.0001800383918213096,1.1395203737891909e-05,0.22409022497273,0.016864318808341775,0.012496117624885311,0.22469172851242478,0.22456676733617592,0.22456676733617595,0.9935411113389379,0.995530038958376,0.9945253229444331,0.0028903014148041824,0.00048793756718300496,1.7220792061631426e-05,0.0007815419315152758,-8.074053578499552e-16,0.9919955276598987,0.9942153584885635,0.99261962020068,0.04521802612647197,0.6670450403115974,0.040223727873842215,0.0,101,48770,0.9864557537777329,0.9925823884709124,0.9941860465116279,0.9975978738628233,0.9958537103976185,0.9910581222056631,9.320185658098312e-07,7.953225094910568e-07,6.371382473494452e-07,0.00048793756718300345,0.40572072995694075,0.3870002050440845,0.370309616567562,0.4011892556899733,0.38572893172031986,0.37147836784908755,/common/users/shared/pracsys/adaptive_roa_experiments/gaussian_torque/pen_low_yield_mlp,0.9987792162503033,0.9978272049200737
fm,low,yield_mlp,18,1900,2.6884820902256905e-05,100.0,0.006511387120260386,100.0,0.009808898913266353,0.00027838575191293076,0.0001045659255997684,0.22397601953397,0.017381982631316243,0.012496117624885311,0.22469172851242478,0.22456676733617592,0.22456676733617595,0.9916136969448431,0.9942587656346115,0.9941562435923723,0.0036161574738568783,0.0006953137278050134,2.2457351059726345e-05,0.0009940947303670288,-6.828305282313707e-16,0.9896426853047683,0.9925819954432258,0.9921259842519684,0.045846686308642845,0.6670450403115974,0.040223727873842215,0.0,101,48770,0.9807759875520755,0.9893841766134995,0.9931961500165948,0.9986711642645405,0.9958005528386137,0.9910581222056631,9.320185658098314e-07,9.610146989683596e-07,8.240597486035282e-07,0.0006953137278050142,0.40850932950584373,0.38823046955095347,0.3706786959196227,0.4011892556899733,0.38572893172031986,0.37147836784908755,/common/users/shared/pracsys/adaptive_roa_experiments/gaussian_torque/pen_low_yield_mlp,0.9987660765070349,0.996903755012138
fm,low,yield_mlp,19,2000,2.0827630364592615e-05,100.0,0.005689448401167972,100.0,0.008755382407217552,0.00021958643740324066,5.1335442732315716e-05,0.22409471458074792,0.0168250994670925,0.012496117624885311,0.22469172851242478,0.22456676733617592,0.22456676733617595,0.992966987902399,0.9948944022964937,0.9943817920852983,0.0030633586221037526,0.0005233881981595739,1.845030817282567e-05,0.0008166003690793519,-7.485331798839923e-16,0.9912955208729857,0.9933999522888118,0.9924301027737871,0.045024747589511596,0.6670450403115974,0.040223727873842215,0.0,101,48770,0.984475023942739,0.9906952154374835,0.9934730903257923,0.9982111826638046,0.996119498192643,0.9913893028647127,7.249033289632033e-07,1.192983764236586e-06,9.6189493872496e-07,0.0005233881981595733,0.4067869591962272,0.38784088579044496,0.3706992003280705,0.4011892556899733,0.38572893172031986,0.37147836784908755,/common/users/shared/pracsys/adaptive_roa_experiments/gaussian_torque/pen_low_yield_mlp,0.9987877249130092,0.997669342599673
fm,low,partx,0,100,0.002413471852092814,1.0,0.08161501761343766,100.0,0.06477601808689017,0.0013471594978842485,0.0013471594978842485,0.20120159184002298,0.042766926522478085,0.012496117624885311,0.22469172851242478,0.22456676733617592,0.22456676733617595,0.948328890711503,0.9529628870207094,0.9471806438384253,-0.01874650031367328,0.023582912067542088,0.00037896688780022857,0.023707873243790936,-0.0011294229264951078,0.9366005836771661,0.9376630434782608,0.9238320520402129,0.12095031680306065,0.6670450403115974,0.040223727873842215,0.0,20,48770,0.922307006243187,0.9591394262841895,0.9948417499840795,0.951344168455484,0.9171273655113757,0.8622840426119115,8.409357662862836e-09,5.659203236922443e-06,0.0036614466827330073,0.023582912067542147,0.4138199712938282,0.36883329915931923,0.3219807258560591,0.4011892556899733,0.38572893172031986,0.37147836784908755,/common/users/shared/pracsys/adaptive_roa_experiments/gaussian_torque/pen_low_partx,0.9917755170052753,0.8949848530693835
fm,low,partx,1,200,0.0009427017933033782,1.0,0.054597720102888186,100.0,0.04854517019284867,0.0011634836239639342,0.0011634836239639342,0.20893000510063475,0.03663070572397908,0.012496117624885311,0.22469172851242478,0.22456676733617592,0.22456676733617595,0.9610826327660447,0.967069920032807,0.9611441459913882,-0.007679873501987516,0.015482274197830565,0.0002769253524732276,0.015607235374079416,-0.0013179716616745375,0.9521166557343963,0.9567069225792537,0.9453811788442138,0.09393301929222171,0.6670450403115974,0.040223727873842215,0.0,20,48770,0.9401155838979673,0.97052067381317,0.9892628785136929,0.9644280895430849,0.9432808845417818,0.9052271347353315,5.734207664452552e-12,3.833708252802004e-07,0.0002293461199008341,0.015482274197830635,0.4115644863645684,0.37490260405987286,0.3399220832478983,0.4011892556899733,0.38572893172031986,0.37147836784908755,/common/users/shared/pracsys/adaptive_roa_experiments/gaussian_torque/pen_low_partx,0.9951449295246069,0.9310571444676244
fm,low,partx,2,300,0.004929771968168348,1.0,0.11373796793333092,100.0,0.06047192792567016,0.004756396029915816,0.004756396029915816,0.1957079083009378,0.031930872684677376,0.012496117624885311,0.22469172851242478,0.22456676733617592,0.22456676733617595,0.9574533524707812,0.9478572893172031,0.9353496001640352,-0.03605009999365821,0.032597152089972985,0.0006265349145302958,0.03272211326622184,-0.0010181029751809637,0.9456279642585751,0.9285252536608674,0.9054657751926365,0.15307326712259672,0.6670450403115974,0.040223727873842215,0.0,20,48770,0.9702640210786686,0.9851494006083378,0.9910737726437385,0.9222120004088725,0.8780565596427812,0.833471325274604,-1.1136346036981698e-12,7.027713123290896e-07,0.00981680686698347,0.03259715208997341,0.3813204839040394,0.3437974164445356,0.31240516711092886,0.4011892556899733,0.38572893172031986,0.37147836784908755,/common/users/shared/pracsys/adaptive_roa_experiments/gaussian_torque/pen_low_partx,0.9882033983105304,0.8548442742590887
fm,low,partx,3,400,0.001400197840210708,1.0,0.06006068274274398,100.0,0.03916969333949979,0.0017645627597913489,0.0017645627597913489,0.20772945786120114,0.023186729715795357,0.012496117624885311,0.22469172851242478,0.22456676733617592,0.22456676733617595,0.967746565511585,0.9671724420750462,0.9627024810334222,-0.016702217217119862,0.017554420734575592,0.00041545034578432835,0.017679381910824445,-0.0010474515001905257,0.9593108978504359,0.9564341886854063,0.9478811495372627,0.09939598193167856,0.6670450403115974,0.040223727873842215,0.0,20,48770,0.9711936311737286,0.9797625020906506,0.98552192564347,0.9477154247163447,0.9341909419519455,0.913009880222995,-3.620156765411481e-12,2.7285813391797654e-07,0.00048763002732438615,0.017554420734575665,0.39149067049415626,0.36778757432848064,0.34414599138814844,0.4011892556899733,0.38572893172031986,0.37147836784908755,/common/users/shared/pracsys/adaptive_roa_experiments/gaussian_torque/pen_low_partx,0.994559296168611,0.9218298373227386
fm,low,partx,4,500,0.0002533089743616012,1.0,0.02101011198826087,100.0,0.018826451990436942,0.0007547834886092243,0.0007547834886092243,0.21777235668988965,0.017765537440731755,0.012496117624885311,0.22469172851242478,0.22456676733617592,0.22456676733617595,0.9866926389173672,0.9853598523682592,0.9809103957350831,-0.008433204774582571,0.0057793838346426474,0.00020334662106280126,0.0059043450108915,-0.0017698103002528488,0.9832985923466894,0.980796126949973,0.9738225783776185,0.0603454111767948,0.6670450403115974,0.040223727873842215,0.0,19,48770,0.9902555330949049,0.9926502613240418,0.9924919761577258,0.9764387202289686,0.9692217733361684,0.9558425787933985,3.5422400584718346e-15,2.5869218115669653e-08,9.743134758199193e-06,0.005779383834642637,0.3955915521837195,0.37662497436948944,0.3577609185974985,0.4011892556899733,0.38572893172031986,0.37147836784908755,/common/users/shared/pracsys/adaptive_roa_experiments/gaussian_torque/pen_low_partx,0.9978770301338754,0.9742642960790769
fm,low,partx,5,600,9.196702976458207e-05,1.0,0.011348382365490241,100.0,0.013663918875005862,2.9406801738343652e-05,2.9406801738343652e-05,0.21988314301037892,0.016462288975721488,0.012496117624885311,0.22469172851242478,0.22456676733617592,0.22456676733617595,0.9886610621283576,0.989624769325405,0.9874923108468321,0.0008814110104083281,0.002713678946655735,8.105180005087653e-05,0.0028386401229045875,-0.001999352180879618,0.9859462756359755,0.9865668471912499,0.983081872642556,0.05068368155379141,0.6670450403115974,0.040223727873842215,0.0,17,48770,0.9805388464843553,0.9854157827747136,0.9879591950498913,0.9914136767862619,0.9877206038698703,0.9782524700557488,1.0738980887994508e-22,2.7032371238000375e-11,3.7622352332022757e-07,0.0027136789466557297,0.40563871232314946,0.3866311256920238,0.36782858314537625,0.4011892556899733,0.38572893172031986,0.37147836784908755,/common/users/shared/pracsys/adaptive_roa_experiments/gaussian_torque/pen_low_partx,0.9984075883448053,0.9879159370781102
fm,low,partx,6,700,5.134021004323006e-05,1.0,0.007981351349016315,100.0,0.011404096052030247,6.316728359202248e-05,6.316728359202248e-05,0.22083929905324945,0.01655876486479936,0.012496117624885311,0.22469172851242478,0.22456676733617592,0.22456676733617595,0.9905884765224523,0.9918597498462169,0.9902809103957351,0.00022394424821112977,0.001605204942846836,4.479433035462245e-05,0.0017301661190956895,-0.0021854306236716516,0.9883304095797422,0.9894569114327447,0.9868508655126499,0.047316650537333686,0.6670450403115974,0.040223727873842215,0.0,18,48770,0.9833055091819699,0.9886429973995648,0.991969215325414,0.993406930389451,0.990272166702105,0.9817850637522769,1.2869811229460009e-19,9.737998646368587e-11,7.533409139892048e-07,0.0016052049428468375,0.4053106417879844,0.3863645683822022,0.36766454787779373,0.4011892556899733,0.38572893172031986,0.37147836784908755,/common/users/shared/pracsys/adaptive_roa_experiments/gaussian_torque/pen_low_partx,0.9986433250503637,0.9928519924747198
fm,low,partx,7,800,4.556602443822266e-05,1.0,0.007101317903873454,100.0,0.010606523769181555,4.3311530998644204e-05,4.3311530998644204e-05,0.22098033183853283,0.015556377338769752,0.012496117624885311,0.22469172851242478,0.22456676733617592,0.22456676733617595,0.9908960426491695,0.9923723600574124,0.9906704941562436,0.0010816833754301958,0.001382377260466151,3.7338317956130975e-05,0.001507338436715004,-0.002247369768175596,0.988711481745144,0.9901331494350432,0.9874027520141753,0.046436617092113164,0.6670450403115974,0.040223727873842215,0.0,17,48770,0.9837093999797633,0.9880889359449444,0.9905566048216865,0.9937646938566902,0.9921858388262811,0.9842689186951482,2.230906736440339e-21,1.2551937469534339e-11,9.156768038120456e-08,0.0013823772604661516,0.4052901373795366,0.38732827557924954,0.3691203608775887,0.4011892556899733,0.38572893172031986,0.37147836784908755,/common/users/shared/pracsys/adaptive_roa_experiments/gaussian_torque/pen_low_partx,0.99868049596,0.9938442482970032
fm,low,partx,8,900,5.051288812676386e-05,1.0,0.007448228327160574,100.0,0.010861989224743119,7.072694494763796e-05,7.072694494763796e-05,0.22085977078852082,0.016460435703351657,0.012496117624885311,0.22469172851242478,0.22456676733617592,0.22456676733617595,0.9898708222267788,0.9923108468320689,0.9912651220012303,0.0003716342021634155,0.0014424689628581785,3.996025541205819e-05,0.0015674301391070313,-0.0023352545297445713,0.9874453593575278,0.9900411631921392,0.9881732370905053,0.04678352751541138,0.6670450403115974,0.040223727873842215,0.0,16,48770,0.9820543928824184,0.9892267685612695,0.9940792046025806,0.9928958397219667,0.9908568998511589,0.9823370315173594,1.6598304109116741e-25,1.9383489732073299e-13,2.923166308322857e-07,0.0014424689628581811,0.40561820791470166,0.3863645683822022,0.3670904244412549,0.4011892556899733,0.38572893172031986,0.37147836784908755,/common/users/shared/pracsys/adaptive_roa_experiments/gaussian_torque/pen_low_partx,0.9986774644618808,0.9935766588263757
fm,low,partx,9,1000,4.914737936186862e-05,1.0,0.0075626674605716775,100.0,0.011013620173588808,0.00013222736515371383,0.00013222736515371383,0.22092876168220066,0.01660657418328167,0.012496117624885311,0.22469172851242478,0.22456676733617592,0.22456676733617595,0.990178388353496,0.9923928644658602,0.9913266352265737,0.002751581723330857,0.0015121280931572262,4.048969702377041e-05,0.0016370892694060795,-0.002258104925971764,0.9878620479943238,0.9901760889712697,0.9882951935582057,0.04689796664883778,0.6670450403115974,0.040223727873842215,0.0,17,48770,0.9796451726390913,0.9864929034981269,0.9909000110975474,0.9962179290606153,0.9938868807144376,0.9857040348843628,1.8525716816043206e-25,2.638813174627517e-13,4.6206832229666225e-08,0.0015121280931572252,0.4079762148862005,0.388620053311462,0.36953044904654503,0.4011892556899733,0.38572893172031986,0.37147836784908755,/common/users/shared/pracsys/adaptive_roa_experiments/gaussian_torque/pen_low_partx,0.9986909300770528,0.9932664654209784
fm,low,partx,10,1100,4.1796107892307086e-05,1.0,0.006678445450172808,100.0,0.00987403087787675,4.589135808443585e-05,4.589135808443585e-05,0.2210173217048752,0.01563388831909386,0.012496117624885311,0.22469172851242478,0.22456676733617592,0.22456676733617595,0.9925568997334427,0.9933155628460119,0.9909780602829609,-7.46762194504296e-05,0.0012443423758356845,3.551929899030448e-05,0.0013693035520845377,-0.00235099461354948,0.9907584205300541,0.9913399213686113,0.9877960836522993,0.0460137446384044,0.6670450403115974,0.040223727873842215,0.0,17,48770,0.9870643737635063,0.9908135089209855,0.9927524112170374,0.9944802207911684,0.9918668934722518,0.9828889992824419,1.4933216993630561e-24,-3.9565330779622364e-13,3.7759108248535236e-07,0.0012443423758356847,0.40420340373180236,0.3861390198892762,0.36778757432848064,0.4011892556899733,0.38572893172031986,0.37147836784908755,/common/users/shared/pracsys/adaptive_roa_experiments/gaussian_torque/pen_low_partx,0.9987063189030924,0.9944589202106966
fm,low,partx,11,1200,5.985490918186918e-05,1.0,0.008640256786333216,100.0,0.01198266203446386,0.0001740422748214635,0.0001740422748214635,0.22095256356608692,0.017774198868360964,0.012496117624885311,0.22469172851242478,0.22456676733617592,0.22456676733617595,0.9904244412548698,0.9932335452122206,0.9899323354521222,0.0014908421511956869,0.0016000783118519729,4.144829220466932e-05,0.001725039488100826,-0.002188167733058489,0.9881637308325941,0.991249933711619,0.9863713326116523,0.04797555597468164,0.6670450403115974,0.040223727873842215,0.0,17,48770,0.9801397757554428,0.9888900645434345,0.992071468453378,0.9963201471941122,0.9936210929194131,0.9807363249986201,5.0617594739133e-25,-9.389088429418892e-13,6.606518715036126e-07,0.001600078311851971,0.407812179618618,0.38757432848062334,0.3672339553003896,0.4011892556899733,0.38572893172031986,0.37147836784908755,/common/users/shared/pracsys/adaptive_roa_experiments/gaussian_torque/pen_low_partx,0.9986498153804868,0.9928748214580804
fm,low,partx,12,1300,4.3308155920034865e-05,1.0,0.007104295021453205,100.0,0.010139573119172643,7.009732379256316e-05,7.009732379256316e-05,0.2210309701977982,0.016060590168784045,0.012496117624885311,0.22469172851242478,0.22456676733617592,0.22456676733617595,0.9922698380151732,0.9939306950994464,0.9912856264096781,0.0012874960372744402,0.00126733798853595,3.6889053530677245e-05,0.001392299164784803,-0.002338556473634353,0.990424910471643,0.99215353621037,0.9882326882077691,0.04643959420972033,0.6670450403115974,0.040223727873842215,0.0,17,48770,0.9843994547382239,0.9895304568527918,0.9914444444444445,0.996524583461106,0.9947905592175207,0.9850416735662637,6.139761305656487e-25,2.383604491307927e-12,8.530306996422003e-08,0.0012673379885359513,0.4061308181258971,0.3877793725651015,0.36907935206069303,0.4011892556899733,0.38572893172031986,0.37147836784908755,/common/users/shared/pracsys/adaptive_roa_experiments/gaussian_torque/pen_low_partx,0.9986974593355185,0.9943565203187934
fm,low,partx,13,1400,3.3000453461769005e-05,1.0,0.005669445837046366,100.0,0.008498732448928622,6.5740427906251e-05,6.5740427906251e-05,0.22130940211646472,0.01605579590678459,0.012496117624885311,0.22469172851242478,0.22456676733617592,0.22456676733617595,0.9926799261841296,0.9955710477752717,0.9935616157473857,0.0003477890826020035,0.0008430212361088569,2.514665326606349e-05,0.0009679824123577099,-0.0024800844115085985,0.990923651895355,0.9942681244029296,0.991293256433008,0.045004745025312466,0.6670450403115974,0.040223727873842215,0.0,17,48770,0.9858855668538473,0.9926875794828317,0.9959881874407979,0.9960134927936216,0.9958537103976185,0.986642380085003,5.470553884844672e-21,-4.1704389197412695e-12,8.867739856510316e-07,0.0008430212361088604,0.4053106417879844,0.38695919622718883,0.36799261841295877,0.4011892556899733,0.38572893172031986,0.37147836784908755,/common/users/shared/pracsys/adaptive_roa_experiments/gaussian_torque/pen_low_partx,0.9987839066988033,0.9962460107249669
fm,low,partx,14,1500,3.482586765144409e-05,1.0,0.006124397610145077,100.0,0.009015312415397037,8.865127890808717e-05,8.865127890808717e-05,0.22129577753740473,0.016352841918954746,0.012496117624885311,0.22469172851242478,0.22456676733617592,0.22456676733617595,0.9931310231699816,0.9957350830428542,0.9932130408037728,0.0014370493033692817,0.0008804513799402743,2.525810742941087e-05,0.0010054125561891275,-0.0024791896977390043,0.9914838447263391,0.9944801231357147,0.9908292466683291,0.04545969679846761,0.6670450403115974,0.040223727873842215,0.0,17,48770,0.9863436346163573,0.9929517753047165,0.9947151757899422,0.9966779106613514,0.9960131830746333,0.9869735607440525,3.081285510908677e-22,3.356142358648985e-11,2.604222564783568e-07,0.000880451379940273,0.40539265942177566,0.3869181874102932,0.3685872462579455,0.4011892556899733,0.38572893172031986,0.37147836784908755,/common/users/shared/pracsys/adaptive_roa_experiments/gaussian_torque/pen_low_partx,0.998764000517941,0.9960793335969331
fm,low,partx,15,1600,8.61531287695005e-05,1.0,0.010927142851209345,100.0,0.014259703150611688,0.0004058957331297178,0.0004058957331297178,0.22071947521449423,0.020271458059058542,0.012496117624885311,0.22469172851242478,0.22456676733617592,0.22456676733617595,0.9887840885790445,0.9936641377896248,0.9882304695509535,0.00031103669623593126,0.002067764884948289,5.057767683017459e-05,0.0021927260611971423,-0.002185422969863121,0.9861648582340592,0.9917904301389516,0.9839709578330076,0.05026244203963643,0.6670450403115974,0.040223727873842215,0.0,18,48770,0.9761654398878373,0.9913953364848356,0.9957610354377437,0.9963712562608606,0.9921858388262811,0.9724568085223823,2.5223193616723048e-21,9.916805707478711e-11,8.684149903563209e-07,0.002067764884948291,0.40949354111133895,0.3860364978470371,0.36278449866721346,0.4011892556899733,0.38572893172031986,0.37147836784908755,/common/users/shared/pracsys/adaptive_roa_experiments/gaussian_torque/pen_low_partx,0.9986127885855253,0.9907922044322219
fm,low,partx,16,1700,3.522608298598486e-05,1.0,0.005884638877044764,100.0,0.009119073819210871,4.984971166156963e-05,4.984971166156963e-05,0.2211421536267834,0.015663852635487287,0.012496117624885311,0.22469172851242478,0.22456676733617592,0.22456676733617595,0.9929874923108468,0.9941562435923723,0.991634201353291,-0.00018880782277229334,0.0009963167776531239,2.740296323373553e-05,0.0011212779539019769,-0.00247814664340097,0.9912897310513447,0.9924260543729571,0.9886811296676469,0.045219938065284404,0.6670450403115974,0.040223727873842215,0.0,17,48770,0.987968321657021,0.9922942020513366,0.9938646884935022,0.9946335479914137,0.9925579417393153,0.9835513606005409,5.808331685739603e-24,2.9852697414255246e-12,7.447921810989351e-08,0.0009963167776531267,0.4038958376050851,0.38583145376255895,0.3676235390608981,0.4011892556899733,0.38572893172031986,0.37147836784908755,/common/users/shared/pracsys/adaptive_roa_experiments/gaussian_torque/pen_low_partx,0.9987596442501954,0.995563382821637
fm,low,partx,17,1800,3.365865982536577e-05,1.0,0.005952910748234701,100.0,0.009032165446317396,2.806570686001631e-05,2.806570686001631e-05,0.22098995875881033,0.015449625655209088,0.012496117624885311,0.22469172851242478,0.22456676733617592,0.22456676733617595,0.9922903424236211,0.9935001025220422,0.9922083247898298,-0.00020990495689076385,0.0010886822315768403,3.3720160462690846e-05,0.0012136434078256935,-0.0025161920526487573,0.9904213583329088,0.991574302952981,0.9894596693664707,0.0452882099364675,0.6670450403115974,0.040223727873842215,0.0,17,48770,0.987352702153596,0.9916006591887725,0.99448006690828,0.9935091485229479,0.9915479481182224,0.9844897058011812,1.3060880592662098e-24,7.672359559398534e-13,3.103658416166649e-08,0.0010886822315768403,0.40369079352060694,0.38570842731187205,0.36774656551158497,0.4011892556899733,0.38572893172031986,0.37147836784908755,/common/users/shared/pracsys/adaptive_roa_experiments/gaussian_torque/pen_low_partx,0.9987484428723601,0.9951520777339815
fm,low,partx,18,1900,3.517066798247715e-05,1.0,0.0057769755496083364,100.0,0.008915070844808842,8.092624636551031e-05,8.092624636551031e-05,0.22131981676718862,0.0158227768064258,0.012496117624885311,0.22469172851242478,0.22456676733617592,0.22456676733617595,0.9923723600574124,0.9948738978880459,0.9923928644658602,0.0016525830512994877,0.0009383335874692452,2.5659911969316602e-05,0.0010632947637180983,-0.0023895432278835775,0.990555499136793,0.9933736217133163,0.9897335141267953,0.04511227473784838,0.6670450403115974,0.040223727873842215,0.0,16,48770,0.9841590152355968,0.990642842038486,0.9923973362930077,0.9970356741285904,0.996119498192643,0.9870839542970691,1.7992602663063545e-25,2.5187851196308454e-13,6.484293351748243e-08,0.0009383335874692457,0.4064383842526143,0.38786139019889276,0.36948944022964936,0.4011892556899733,0.38572893172031986,0.37147836784908755,/common/users/shared/pracsys/adaptive_roa_experiments/gaussian_torque/pen_low_partx,0.9987792495389126,0.9958215830481072
fm,low,partx,19,2000,4.197643797921107e-05,1.0,0.006596474146025583,100.0,0.009679138015746585,0.00016387870506290187,0.00016387870506290187,0.22129546732936256,0.01721356611798632,0.012496117624885311,0.22469172851242478,0.22456676733617592,0.22456676733617595,0.9921673159729342,0.9952634816485545,0.9925979085503384,0.001709449262069943,0.0010764539235909858,2.995300725364816e-05,0.001201415099839839,-0.00235872478828528,0.9903168567807351,0.9938790111025729,0.9899886297456946,0.04593177333431338,0.6670450403115974,0.040223727873842215,0.0,17,48770,0.9823979078656206,0.9908596185343689,0.9948166313677405,0.9983645098640499,0.9969168615777163,0.9852072638957885,1.3084346351755163e-23,7.717304332973357e-13,1.0745347583555195e-07,0.001076453923590989,0.40770965757637895,0.38808693869181876,0.36789009637071973,0.4011892556899733,0.38572893172031986,0.37147836784908755,/common/users/shared/pracsys/adaptive_roa_experiments/gaussian_torque/pen_low_partx,0.998777749795698,0.9952065306173307
clf,low,clf_dir00,0,100,0.04311825888864449,1.0,0.3305257877023079,100.0,0.06461576667195124,0.006492111083774719,0.006492111083774719,0.18031383469767778,0.005975108539654314,0.012496117624885311,0.22469172851242478,0.22456676733617592,0.22456676733617595,0.9317203198687718,0.9370514660652041,0.9395324994873898,0.010184702926563184,0.050026672330628005,0.0008943006802854762,0.05015163350687686,-0.0007183713916448647,0.9151376146788991,0.919477521901065,0.9205485357113992,0.36986108689084385,0.6670450403115974,0.040223727873842215,0.0,14,48770,0.9126258005489478,0.9075282178730455,0.8991578947368422,0.9176632934682613,0.9317456942377206,0.9429817298669758,0.051195593416220854,0.04253605151369966,0.03329898291310442,0.05002667233062798,0.4034037318023375,0.39602214476112363,0.38958376050850935,0.4011892556899733,0.38572893172031986,0.37147836784908755,/common/users/shared/pracsys/adaptive_roa_experiments/gaussian_torque/pen_low_clf_dir00,0.9601600052971445,0.7772302958089156
clf,low,clf_dir00,1,200,0.002067499470513743,1.0,0.07203240028262071,100.0,0.027532170345523188,0.0005389117965462767,0.0005389117965462767,0.21009867417859612,0.012430191980885607,0.012496117624885311,0.22469172851242478,0.22456676733617592,0.22456676733617595,0.9699200328070535,0.9738363748205864,0.9745130202993644,-0.003039698831426079,0.013539923593190485,0.00039595171155143915,0.013664884769439337,-0.0014670813609355925,0.9622306325789758,0.9658932962685769,0.9655554631861889,0.11136769947084457,0.6670450403115974,0.040223727873842215,0.0,18,48770,0.9694941634241245,0.9713978494623656,0.9695047301057318,0.9550751303281202,0.9604507761003614,0.9616382403267649,1.9634524453060443e-05,0.00034888971675984913,0.004579701744175865,0.013539923593190352,0.3952224728316588,0.3813819971293828,0.3684642198072586,0.4011892556899733,0.38572893172031986,0.37147836784908755,/common/users/shared/pracsys/adaptive_roa_experiments/gaussian_torque/pen_low_clf_dir00,0.9936859164581281,0.9397064679079552
clf,low,clf_dir00,2,300,0.0006126920561490399,1.0,0.052783677560829564,100.0,0.02315543335097254,0.001132996096432866,0.001132996096432866,0.2151763919960593,0.009461382013950963,0.012496117624885311,0.22469172851242478,0.22456676733617592,0.22456676733617595,0.9760098421160549,0.9792495386508099,0.9781423005946278,-0.006558021791017586,0.010142591469446297,0.00030219071688343264,0.01026755264569515,-0.0003807799671031731,0.9696781215985073,0.9728292971057294,0.9704299583911234,0.09211897674896924,0.6670450403115974,0.040223727873842215,0.0,18,48770,0.983596214511041,0.9828035152435717,0.9754084648413539,0.9561484207298375,0.9630554964916012,0.9655020146823425,1.9161699999051992e-35,-2.9396027875035327e-15,0.00013511145559540224,0.010142591469446316,0.38999384867746567,0.3779782653270453,0.36770555669468935,0.4011892556899733,0.38572893172031986,0.37147836784908755,/common/users/shared/pracsys/adaptive_roa_experiments/gaussian_torque/pen_low_clf_dir00,0.9970443568334706,0.9548348511680588
clf,low,clf_dir00,3,400,0.0010653559714305083,1.0,0.06676606930277049,100.0,0.02364763618863382,0.0009957864357809543,0.0009957864357809543,0.21254222275461382,0.010080728639798841,0.012496117624885311,0.22469172851242478,0.22456676733617592,0.22456676733617595,0.9768300184539676,0.9772811154398195,0.9774656551158499,-0.0031625855551452036,0.011741516953911544,0.0003676107239599321,0.011866478130160398,-0.0012788140634315253,0.9708972906150201,0.9704280986441765,0.9696366901505733,0.10610136849092922,0.6670450403115974,0.040223727873842215,0.0,19,48770,0.9785588204755478,0.9744854202401372,0.9706825976324814,0.9633547991413677,0.9664044227089092,0.9685930341668046,2.9845657956722373e-29,1.389327196543323e-05,0.0006387970657260631,0.011741516953911488,0.3949559155218372,0.38253024400246055,0.3706786959196227,0.4011892556899733,0.38572893172031986,0.37147836784908755,/common/users/shared/pracsys/adaptive_roa_experiments/gaussian_torque/pen_low_clf_dir00,0.9959502871528981,0.9477148061879765
clf,low,clf_dir00,4,500,0.000532164283492836,1.0,0.040964769659995535,100.0,0.024778022117016418,0.0027846691470603544,0.0027846691470603544,0.21542243802791047,0.012161986863274655,0.012496117624885311,0.22469172851242478,0.22456676733617592,0.22456676733617595,0.9739388968628255,0.9752511790034858,0.9752921878203814,0.012395283234783285,0.01033482079756359,0.00027118438652739326,0.010459781973812442,-0.001594177657762215,0.9678463912570516,0.9683093969070811,0.9672901001655854,0.08030006884816888,0.6670450403115974,0.040223727873842215,0.0,16,48770,0.9582227120172319,0.9566796368352789,0.9516611473133212,0.9776653378309312,0.9802253880501808,0.9834409670475244,1.1282259175605175e-35,3.9351073735786115e-21,5.122324652994584e-05,0.010334820797563591,0.4093295058437564,0.3952224728316588,0.3838835349600164,0.4011892556899733,0.38572893172031986,0.37147836784908755,/common/users/shared/pracsys/adaptive_roa_experiments/gaussian_torque/pen_low_clf_dir00,0.9974261185757333,0.9539788503875447
clf,low,clf_dir00,5,600,0.0006436250717106758,1.0,0.055289895545767916,100.0,0.024056203424740234,0.003977367202644215,0.003977367202644215,0.21593689390963497,0.006777982253448693,0.012496117624885311,0.22469172851242478,0.22456676733617592,0.22456676733617595,0.9784088579044494,0.9761943817920853,0.972544597088374,0.008490022354659371,0.01116369888846318,0.0003101396495955573,0.011288660064712035,-0.0014435417407219885,0.973119240293059,0.9695411496182804,0.9639404303449762,0.0946251947338681,0.6670450403115974,0.040223727873842215,0.0,18,48770,0.9721018003774162,0.9571613571613572,0.9411548169962137,0.9741388122252888,0.9822453752923666,0.9878567091681846,1.2376875344910193e-35,1.3835297801589498e-06,0.0003453865605683024,0.011163698888463157,0.40202993643633383,0.3958376050850933,0.3899118310436744,0.4011892556899733,0.38572893172031986,0.37147836784908755,/common/users/shared/pracsys/adaptive_roa_experiments/gaussian_torque/pen_low_clf_dir00,0.9973086097204328,0.9502878408017018
clf,low,clf_dir00,6,700,0.00043808641388966784,1.0,0.03975786844697425,100.0,0.0236805118808025,0.0039731941937214705,0.0039731941937214705,0.217927890833084,0.009186806389259032,0.012496117624885311,0.22469172851242478,0.22456676733617592,0.22456676733617595,0.9789214681156448,0.975333196637277,0.9724830838630305,0.015436990337058006,0.009568825116993472,0.00024275491025165817,0.009693786293242327,-0.0010432455798199142,0.9740927419354839,0.9687183087604337,0.9640330188679245,0.07909316763508965,0.6670450403115974,0.040223727873842215,0.0,17,48770,0.9608233071492492,0.9481801985237974,0.9369627507163324,0.9877338239803741,0.9901658515840953,0.9927140255009107,1.2314177410592593e-35,9.941531295137037e-07,0.0001409808643692975,0.009568825116993461,0.41242567151937665,0.4028091039573508,0.3935821201558335,0.4011892556899733,0.38572893172031986,0.37147836784908755,/common/users/shared/pracsys/adaptive_roa_experiments/gaussian_torque/pen_low_clf_dir00,0.9978601491374686,0.9573898434283067
clf,low,clf_dir00,7,800,0.00033530822866121733,1.0,0.029500400550605398,100.0,0.02155890841762583,0.0029016281644309895,0.0029016281644309895,0.21827966566690263,0.010940040519275739,0.012496117624885311,0.22469172851242478,0.22456676733617592,0.22456676733617595,0.9800697149887225,0.9776706992003281,0.9763584170596679,0.013313875285784309,0.007862640706776178,0.00020313552109045427,0.007987601883025029,-0.001326089126928106,0.9754916792738275,0.9716058717701352,0.968904231505704,0.06883569973875518,0.6670450403115974,0.040223727873842215,0.0,20,48770,0.9626754255001493,0.9534824215751497,0.9473156839995781,0.988653787181846,0.9904316393791197,0.9914996964177292,2.927124285316638e-25,9.941401780115035e-07,3.039862506214198e-05,0.007862640706776192,0.4120155833504203,0.40067664547877796,0.3888045929874923,0.4011892556899733,0.38572893172031986,0.37147836784908755,/common/users/shared/pracsys/adaptive_roa_experiments/gaussian_torque/pen_low_clf_dir00,0.9980270362985681,0.9649875144036525
clf,low,clf_dir00,8,900,0.0003907711227526358,1.0,0.04273961549681031,100.0,0.022476324526085698,0.00390930883347254,0.00390930883347254,0.2181025378603985,0.007315705409908449,0.012496117624885311,0.22469172851242478,0.22456676733617592,0.22456676733617595,0.9832684027065819,0.9770555669468936,0.97164240311667,0.014175522477199201,0.009263477723074549,0.0002459823321567369,0.009388438899323405,-0.0011100605861754254,0.9793396799675917,0.9708692369770652,0.962974861456911,0.08207491468489712,0.6670450403115974,0.040223727873842215,0.0,16,48770,0.9703963873557451,0.9513290138258252,0.9349656893325016,0.9884493509148523,0.9912290027641931,0.9927140255009107,9.418167902032437e-36,-4.283899086435408e-21,6.87411650351967e-05,0.009263477723074549,0.40865286036497844,0.40190690998564693,0.39442280090219395,0.4011892556899733,0.38572893172031986,0.37147836784908755,/common/users/shared/pracsys/adaptive_roa_experiments/gaussian_torque/pen_low_clf_dir00,0.9979862884772448,0.9587495610639167
clf,low,clf_dir00,9,1000,0.0005088173759149235,1.0,0.04586982853419857,100.0,0.02211427340189293,0.00323204038019056,0.00323204038019056,0.21771626260669147,0.007849998901552935,0.012496117624885311,0.22469172851242478,0.22456676733617592,0.22456676733617595,0.9827557924953865,0.9772606110313717,0.9736108263276605,0.013838272163648338,0.008957122209197718,0.00024717970241529394,0.00908208338544657,-0.001125422900477303,0.9787330888860791,0.9711280622738279,0.965470984358651,0.08520512772229745,0.6670450403115974,0.040223727873842215,0.0,16,48770,0.9686170479002953,0.9516301852135313,0.9392879515556484,0.9890626597158336,0.9914416330002126,0.9931555997129767,-8.336596569236343e-24,7.456148526476415e-07,0.00036336179813622197,0.008957122209197704,0.4096575763789215,0.40186590116875126,0.39278244822636865,0.4011892556899733,0.38572893172031986,0.37147836784908755,/common/users/shared/pracsys/adaptive_roa_experiments/gaussian_torque/pen_low_clf_dir00,0.9976343403208947,0.9601137678764867
clf,low,clf_dir00,10,1100,0.0004239956570532349,1.0,0.034886779974006216,100.0,0.02084731545832203,0.0028976759403931194,0.0028976759403931194,0.21813761602398948,0.009642572213666739,0.012496117624885311,0.22469172851242478,0.22456676733617592,0.22456676733617595,0.9819766249743694,0.9789214681156448,0.9754972319048596,0.013028339949599855,0.00797889638488928,0.00022428131765838704,0.008103857561138132,-0.0013479308676902745,0.9777979843903917,0.9731760776536896,0.9678426307149969,0.07422207916214388,0.6670450403115974,0.040223727873842215,0.0,20,48770,0.9665917602996255,0.955719557195572,0.9442869145137576,0.9892670959828274,0.9912821603231979,0.9926036319478942,2.4803878768970556e-25,2.6676353712246295e-06,0.00022301872557236902,0.007978896384889297,0.410600779167521,0.40008201763379125,0.3904859544802132,0.4011892556899733,0.38572893172031986,0.37147836784908755,/common/users/shared/pracsys/adaptive_roa_experiments/gaussian_torque/pen_low_clf_dir00,0.9978359645810158,0.9644698257024608
clf,low,clf_dir00,11,1200,0.00036104487526387313,1.0,0.03182540250877983,100.0,0.02124929737004117,0.002411064618291612,0.002411064618291612,0.2180556815847596,0.010719026260964595,0.012496117624885311,0.22469172851242478,0.22456676733617592,0.22456676733617595,0.9812999794955916,0.9785113799466886,0.9764814435103547,0.012975654585781954,0.0074521529220797425,0.0001970403729984488,0.007577114098328596,-0.00146999744762818,0.9769987389659521,0.9726656233698487,0.9690593725553668,0.07116070169693099,0.6670450403115974,0.040223727873842215,0.0,19,48770,0.9643995220075682,0.9548340843916427,0.9476627624775773,0.9899315138505571,0.9911758452051882,0.9914444996412209,6.508745840813746e-28,1.4912068113973617e-07,0.0001004474014667714,0.007452152922079751,0.4118105392659422,0.40041008816895635,0.3886405577199098,0.4011892556899733,0.38572893172031986,0.37147836784908755,/common/users/shared/pracsys/adaptive_roa_experiments/gaussian_torque/pen_low_clf_dir00,0.9979202061970216,0.9668154241588032
clf,low,clf_dir00,12,1300,0.00020809709834182104,1.0,0.02452001877174138,100.0,0.01899252960606894,0.0028708316002059703,0.0028708316002059703,0.21951749860871925,0.00927552508832507,0.012496117624885311,0.22469172851242478,0.22456676733617592,0.22456676733617595,0.9844371539881075,0.9801927414394095,0.9770965757637892,0.012750915551033852,0.006319788845370823,0.00016383682234792526,0.0064447500216196765,-0.0016003114822918116,0.9808309129940649,0.9748201438848921,0.9699529253530598,0.06385531795985756,0.6670450403115974,0.040223727873842215,0.0,18,48770,0.9694942333616257,0.9563727495908347,0.9460069262252072,0.9924358581212307,0.9939931958324474,0.9951426836672739,3.598773818328631e-33,-4.038278743925062e-15,1.2537292271249522e-05,0.006319788845370814,0.41068279680131226,0.4009021939717039,0.39077301619848265,0.4011892556899733,0.38572893172031986,0.37147836784908755,/common/users/shared/pracsys/adaptive_roa_experiments/gaussian_torque/pen_low_clf_dir00,0.9984358981261863,0.9718578624952546
clf,low,clf_dir00,13,1400,0.00020169383708612583,1.0,0.028103517003815554,100.0,0.018169375911821647,0.0029688280502488417,0.0029688280502488417,0.22006116086498376,0.007308024630465236,0.012496117624885311,0.22469172851242478,0.22456676733617592,0.22456676733617595,0.9885380356776707,0.9820586426081608,0.9766044699610417,0.012553873122211455,0.006058990152954398,0.00015961392680325563,0.00618395132920325,-0.0014154443684866094,0.9858276500266206,0.977183238154841,0.96940116388211,0.06743881619190627,0.6670450403115974,0.040223727873842215,0.0,16,48770,0.978115409770086,0.9590520550749859,0.9427289797621531,0.9936624757231933,0.9960131830746333,0.9976265386101452,1.268898370200749e-35,2.7471371156194634e-25,5.353306248652749e-06,0.006058990152954395,0.4075661267172442,0.4005946278449867,0.39311051876153374,0.4011892556899733,0.38572893172031986,0.37147836784908755,/common/users/shared/pracsys/adaptive_roa_experiments/gaussian_torque/pen_low_clf_dir00,0.9984770457832649,0.9730192039328593
clf,low,clf_dir00,14,1500,0.00022194064826850415,1.0,0.024601143665124187,100.0,0.020097283121080955,0.0032359873600830897,0.0032359873600830897,0.21971605563965968,0.01051222112278797,0.012496117624885311,0.22469172851242478,0.22456676733617592,0.22456676733617595,0.9835349600164035,0.9797621488620053,0.9774451507074021,0.015628894248907926,0.006513497186218796,0.0001626501076355128,0.006638458362467648,-0.001573201870380547,0.9797850112025779,0.9743216171917684,0.9704316972205795,0.06393644285327342,0.6670450403115974,0.040223727873842215,0.0,19,48770,0.9654214416827901,0.954140127388535,0.945821325648415,0.9945824389246652,0.9953752923665745,0.9963570127504554,9.844990012079169e-25,-4.181852753215244e-14,2.753413465323629e-06,0.006513497186218799,0.4133073610826328,0.4023990157883945,0.39132663522657374,0.4011892556899733,0.38572893172031986,0.37147836784908755,/common/users/shared/pracsys/adaptive_roa_experiments/gaussian_torque/pen_low_clf_dir00,0.9984546094463561,0.9709952756434878
clf,low,clf_dir00,15,1600,0.000232166130831443,1.0,0.027061968298522546,100.0,0.020447872304160133,0.003626055714242706,0.003626055714242706,0.2202245242531818,0.00933716489320955,0.012496117624885311,0.22469172851242478,0.22456676733617592,0.22456676733617595,0.9836784908755383,0.9784908755382408,0.9756817715808899,0.017004146771935943,0.007174500270092095,0.00017885958217119628,0.007299461446340948,-0.0007937985271447246,0.9800050238633509,0.9728160874860713,0.9682582164650466,0.06639726748662812,0.6670450403115974,0.040223727873842215,0.0,16,48770,0.9635941513534875,0.949082267280174,0.9398347794461475,0.996984565061842,0.9977673825217946,0.998454490257769,6.832366207535269e-36,4.966899649757504e-25,5.434741459223903e-07,0.007174500270092085,0.4150912446175928,0.40551568587246256,0.39464834939511995,0.4011892556899733,0.38572893172031986,0.37147836784908755,/common/users/shared/pracsys/adaptive_roa_experiments/gaussian_torque/pen_low_clf_dir00,0.9985327403412168,0.9680518165924707
clf,low,clf_dir00,16,1700,0.0001711963819166784,1.0,0.019627984765544455,100.0,0.01651875984619027,0.002507292784413448,0.002507292784413448,0.2204416335705768,0.009552064184180828,0.012496117624885311,0.22469172851242478,0.22456676733617592,0.22456676733617595,0.987943407832684,0.9830018453967603,0.9788599548903014,0.013120324132942757,0.005175377914833637,0.0001432473693142163,0.00530033909108249,-0.0014570486351789258,0.9851455133387227,0.978391763325948,0.9722886708775703,0.05896328395364702,0.6670450403115974,0.040223727873842215,0.0,17,48770,0.974023378958937,0.9598527080243441,0.9475586756077117,0.996524583461106,0.9976610674037848,0.9983440967047524,1.2015101638123448e-35,-1.44397425564703e-17,9.36800239514253e-07,0.005175377914833628,0.4104572483083863,0.4009226983801517,0.39138814845191716,0.4011892556899733,0.38572893172031986,0.37147836784908755,/common/users/shared/pracsys/adaptive_roa_experiments/gaussian_torque/pen_low_clf_dir00,0.9985882315850368,0.97695394569631
clf,low,clf_dir00,17,1800,0.0001698404723924587,1.0,0.022461046619403287,100.0,0.017617058546735617,0.003154447438609178,0.003154447438609178,0.2206134557395371,0.008260420423918738,0.012496117624885311,0.22469172851242478,0.22456676733617592,0.22456676733617595,0.9876563461144146,0.9809924133688743,0.9767890096370719,0.01468373530834626,0.0058609327517879575,0.00015341542234514034,0.0059858939280368105,-0.0012468262834600353,0.9848087211062885,0.975923953977612,0.9696985920017132,0.06179634580748259,0.6670450403115974,0.040223727873842215,0.0,16,48770,0.9726348320207358,0.9541414859580519,0.9413751883997713,0.9972912194623326,0.9987242185838826,0.999779212893967,1.2834440119803728e-35,1.8281178277911135e-29,7.610980521841114e-07,0.0058609327517879645,0.4113594422800902,0.40375230674595036,0.39452532294443304,0.4011892556899733,0.38572893172031986,0.37147836784908755,/common/users/shared/pracsys/adaptive_roa_experiments/gaussian_torque/pen_low_clf_dir00,0.9986709737061176,0.9739011572312739
clf,low,clf_dir00,18,1900,0.00016436000249352484,1.0,0.021514588449575857,100.0,0.017894048864113506,0.0029887861440244744,0.0029887861440244744,0.22064491325034172,0.009099786355456581,0.012496117624885311,0.22469172851242478,0.22456676733617592,0.22456676733617595,0.9864465860159934,0.9803977855238877,0.9775271683411934,0.014884531012923388,0.00571428282085474,0.0001483939352726605,0.005839243997103593,-0.0011963574090039456,0.9833379546772202,0.9751958901977064,0.9706166219839143,0.060849887637662116,0.6670450403115974,0.040223727873842215,0.0,16,48770,0.970156677443422,0.9525088697415104,0.9436480216858677,0.9968823469283451,0.9989900063789071,0.9991720483523763,1.0845560447322417e-35,2.3376855548890674e-26,1.2062334815719764e-06,0.005714282820854746,0.4122411318433463,0.4045519786754152,0.3933360672544597,0.4011892556899733,0.38572893172031986,0.37147836784908755,/common/users/shared/pracsys/adaptive_roa_experiments/gaussian_torque/pen_low_clf_dir00,0.9986621777983543,0.9745541921067045
clf,low,clf_dir00,19,2000,0.00017302389195380927,1.0,0.019402973846748314,100.0,0.01795782891149129,0.002756183692504561,0.002756183692504561,0.2206970872004514,0.01085296849598034,0.012496117624885311,0.22469172851242478,0.22456676733617592,0.22456676733617595,0.9849497641993028,0.9806233340168136,0.9789419725240927,0.015378856850253026,0.005518666838761381,0.00014119924697576417,0.005643628015010235,-0.0011071969894676991,0.9815345911949687,0.9754717470864589,0.9724228672699445,0.05873827303486359,0.6670450403115974,0.040223727873842215,0.0,17,48770,0.966508125247721,0.9531321328937358,0.9468207487973227,0.9970356741285904,0.9988836912608973,0.9994480322349175,1.203730239168258e-35,-1.4770631388064297e-18,1.3042732300743304e-06,0.00551866683876138,0.4138609801107238,0.404244412548698,0.3921263071560385,0.4011892556899733,0.38572893172031986,0.37147836784908755,/common/users/shared/pracsys/adaptive_roa_experiments/gaussian_torque/pen_low_clf_dir00,0.9986190212437168,0.975425273720488
clf,low,clf_yield,0,100,0.04311825888864449,1.0,0.3305257877023079,100.0,0.06461576667195124,0.006492111083774719,0.006492111083774719,0.18031383469767778,0.005975108539654314,0.012496117624885311,0.22469172851242478,0.22456676733617592,0.22456676733617595,0.9317203198687718,0.9370514660652041,0.9395324994873898,0.010184702926563184,0.050026672330628005,0.0008943006802854762,0.05015163350687686,-0.0007183713916448647,0.9151376146788991,0.919477521901065,0.9205485357113992,0.36986108689084385,0.6670450403115974,0.040223727873842215,0.0,14,48770,0.9126258005489478,0.9075282178730455,0.8991578947368422,0.9176632934682613,0.9317456942377206,0.9429817298669758,0.051195593416220854,0.04253605151369966,0.03329898291310442,0.05002667233062798,0.4034037318023375,0.39602214476112363,0.38958376050850935,0.4011892556899733,0.38572893172031986,0.37147836784908755,/common/users/shared/pracsys/adaptive_roa_experiments/gaussian_torque/pen_low_clf_yield,0.9601600052971445,0.7772302958089156
clf,low,clf_yield,1,200,0.011435519318057143,1.0,0.21406296251676396,100.0,0.05181016700590196,0.0053640669234727495,0.0053640669234727495,0.19293889267606557,0.010232321728377068,0.012496117624885311,0.22469172851242478,0.22456676733617592,0.22456676733617595,0.9447406192331351,0.9482468730777117,0.9516095960631535,0.01659360189708016,0.036015520645034195,0.0007290996232874464,0.03614048182128305,-0.0009764209385489039,0.9322677121817589,0.9342811019111597,0.9365113526310126,0.25339826170519625,0.6670450403115974,0.040223727873842215,0.0,17,48770,0.9171240666567769,0.915637440032663,0.9134610338493834,0.9479198609833385,0.9536997661067403,0.9607550919026329,0.006262605551102579,0.007256472621490972,0.01792076409439697,0.036015520645032675,0.41466065204018865,0.4017633791265122,0.3907115029731392,0.4011892556899733,0.38572893172031986,0.37147836784908755,/common/users/shared/pracsys/adaptive_roa_experiments/gaussian_torque/pen_low_clf_yield,0.9802549884346501,0.8396222153782931
clf,low,clf_yield,2,300,0.0032631077417785994,1.0,0.11215951894845078,100.0,0.04385344918667669,0.006619289871067662,0.006619289871067662,0.20526628049408244,0.012553580206176465,0.012496117624885311,0.22469172851242478,0.22456676733617592,0.22456676733617595,0.953024400246053,0.9549518146401477,0.9586836169776501,0.011420924135701543,0.025110055710148127,0.0005127878781901119,0.025235016886396983,-0.0008097210030130197,0.9422383581675617,0.9424914273748135,0.9452490286117979,0.15149481813675894,0.6670450403115974,0.040223727873842215,0.0,17,48770,0.9297905159974126,0.9284204012170595,0.9308573263405758,0.9550240212613718,0.9569955347650436,0.9600927305845338,7.886668109547999e-32,0.002655159240644495,0.004170562482011339,0.025110055710148047,0.4120770965757638,0.3976009842116055,0.383145376255895,0.4011892556899733,0.38572893172031986,0.37147836784908755,/common/users/shared/pracsys/adaptive_roa_experiments/gaussian_torque/pen_low_clf_yield,0.9903526383790964,0.8881844539688348
clf,low,clf_yield,3,400,0.0010223187359599017,1.0,0.05376883041541308,100.0,0.027227429717256106,0.002506208414229362,0.002506208414229362,0.21376442015820812,0.011794920616402842,0.012496117624885311,0.22469172851242478,0.22456676733617592,0.22456676733617595,0.9721550133278655,0.9736723395530039,0.9728316588066435,0.009494148463283504,0.011699913134163978,0.00031410265098049355,0.011824874310412832,-0.001608642458033176,0.9656741317425812,0.9661998525850268,0.9639661689918686,0.09310412960360401,0.6670450403115974,0.040223727873842215,0.0,17,48770,0.9552910582116423,0.9570296203587818,0.950091133269004,0.9762853930287233,0.9755475228577504,0.9782524700557488,5.86917806627874e-36,0.00016744852436420687,0.0011369594445093767,0.011699913134163933,0.4100061513225343,0.393192536395325,0.3824892351855649,0.4011892556899733,0.38572893172031986,0.37147836784908755,/common/users/shared/pracsys/adaptive_roa_experiments/gaussian_torque/pen_low_clf_yield,0.9959730179352763,0.947900068772646
clf,low,clf_yield,4,500,0.0006962735451020918,1.0,0.04037447204406546,100.0,0.027081679738812967,0.0017587687297317758,0.0017587687297317758,0.21483262325092115,0.015692973965923163,0.012496117624885311,0.22469172851242478,0.22456676733617592,0.22456676733617595,0.9731392249333607,0.9747180643838426,0.9755792495386508,0.010393185957387011,0.010000053279109966,0.0002523462154374679,0.010125014455358818,-0.0014928595358765819,0.9670324139319508,0.9676776679686476,0.9674670163074655,0.07970977123236565,0.6670450403115974,0.040223727873842215,0.0,20,48770,0.9525532969757065,0.9545901215412465,0.9576573653471772,0.9819584994378002,0.9811290665532639,0.9774797151846332,1.0488535117722707e-21,2.6676193880536016e-06,0.0005727835505005384,0.010000053279109964,0.4135739183924544,0.39645273733852776,0.37916752101701867,0.4011892556899733,0.38572893172031986,0.37147836784908755,/common/users/shared/pracsys/adaptive_roa_experiments/gaussian_torque/pen_low_clf_yield,0.9966564643206368,0.9554695763859845
clf,low,clf_yield,5,600,0.0011827222254866354,1.0,0.04732481434977266,100.0,0.027425698968853635,0.0016931897355967915,0.0016931897355967915,0.21402350735481243,0.014766214094476598,0.012496117624885311,0.22469172851242478,0.22456676733617592,0.22456676733617595,0.972093500102522,0.9733442690178389,0.9746155423416034,0.00778019830514587,0.01085477389964936,0.0002767284729256558,0.010979735075898216,-0.0013816758173109192,0.9656789812129618,0.965872099128426,0.9661452636184642,0.08666011353805164,0.6670450403115974,0.040223727873842215,0.0,20,48770,0.9531086664343671,0.954149377593361,0.9574006828898163,0.9785853010324032,0.9778864554539656,0.9750510570182701,-4.863606922015415e-17,0.00033709211118984785,0.002266715057914646,0.01085477389964923,0.4119130613081813,0.3953249948738979,0.3783268402706582,0.4011892556899733,0.38572893172031986,0.37147836784908755,/common/users/shared/pracsys/adaptive_roa_experiments/gaussian_torque/pen_low_clf_yield,0.9957899237346769,0.9516634895340512
clf,low,clf_yield,6,700,0.0013276899536059752,1.0,0.04441469340258988,100.0,0.0245217390268889,0.0034844103718994057,0.0034844103718994057,0.21671311984317398,0.01260210462373428,0.012496117624885311,0.22469172851242478,0.22456676733617592,0.22456676733617595,0.974225958581095,0.9758458068484724,0.9774861595242977,0.013721915003002433,0.009443648799831596,0.00026261834777076753,0.00956860997608045,-0.0018944090650697357,0.968362236037351,0.9692331801086502,0.9702809505765171,0.08374999259081296,0.6670450403115974,0.040223727873842215,0.0,18,48770,0.9539796677411356,0.9527110289587184,0.9519358436454406,0.9831851170397629,0.9863385073357431,0.9893470221339074,-2.084149142310292e-23,0.0006646742010430943,0.0023957708395442386,0.009443648799831532,0.4134713963502153,0.3993438589296699,0.38607750666393276,0.4011892556899733,0.38572893172031986,0.37147836784908755,/common/users/shared/pracsys/adaptive_roa_experiments/gaussian_torque/pen_low_clf_yield,0.9955965416510307,0.9579472559014287
clf,low,clf_yield,7,800,0.00036629394429477536,1.0,0.027637841788647127,100.0,0.022383260398440893,0.0010624871149117973,0.0010624871149117973,0.21615312909445275,0.014179525346430185,0.012496117624885311,0.22469172851242478,0.22456676733617592,0.22456676733617595,0.9787574328480624,0.978019274143941,0.9788189460734058,0.0062436262054175,0.007581247518537122,0.0002125882946722317,0.007706208694785976,-0.001894877838097853,0.973765510255761,0.9717642100827057,0.9717102560591538,0.06697314097690767,0.6670450403115974,0.040223727873842215,0.0,20,48770,0.9650170648464164,0.9630886498903624,0.964289596695293,0.9826740263722784,0.980597490963215,0.9792460120328973,3.733992520459012e-17,9.938755499347164e-07,2.908689037646044e-05,0.0075812475185371275,0.4085298339142916,0.39274143940947304,0.37724010662292395,0.4011892556899733,0.38572893172031986,0.37147836784908755,/common/users/shared/pracsys/adaptive_roa_experiments/gaussian_torque/pen_low_clf_yield,0.9975262206359784,0.9662405635149567
clf,low,clf_yield,8,900,0.00014176947781300182,1.0,0.018411728778839717,100.0,0.016023286270021662,0.0013364966895738283,0.0013364966895738283,0.2193227156535299,0.010069308171862254,0.012496117624885311,0.22469172851242478,0.22456676733617592,0.22456676733617595,0.9841295878613902,0.9838425261431207,0.9841295878613902,0.005692822016291236,0.004246283822316571,0.00011065237203323768,0.004371244998565424,-0.0023342645499032895,0.9802892940816951,0.9792860522580307,0.9789318961293484,0.057747027966955244,0.6670450403115974,0.040223727873842215,0.0,19,48770,0.976905897878388,0.9686427457098284,0.9656839052682455,0.9836962077072473,0.9901658515840953,0.992548435171386,8.456430088713777e-30,-4.133459073096769e-14,3.313306391120818e-06,0.004246283822316571,0.40397785523887636,0.3942997744515071,0.38181258970678694,0.4011892556899733,0.38572893172031986,0.37147836784908755,/common/users/shared/pracsys/adaptive_roa_experiments/gaussian_torque/pen_low_clf_yield,0.9984207631413159,0.9810912190049924
clf,low,clf_yield,9,1000,0.00017219619813534063,1.0,0.01939571761108456,100.0,0.01910246026622799,0.0028978652172576692,0.0028978652172576692,0.2199683067754322,0.012034444770631135,0.012496117624885311,0.22469172851242478,0.22456676733617592,0.22456676733617595,0.9817100676645478,0.9805208119745745,0.9805003075661267,0.015577182225486107,0.005800687002068357,0.00014754959320140214,0.005925648178317211,-0.001695638775933028,0.9775980712240695,0.9753067165730921,0.9743865980769749,0.058731016799266664,0.6670450403115974,0.040223727873842215,0.0,20,48770,0.9610408848508789,0.9542726347914547,0.9514517147065011,0.9947357661249105,0.9972889644907506,0.998454490257769,3.578029891193221e-15,-4.872540463135924e-12,1.5027304822684583e-07,0.005800687002068358,0.4152552798851753,0.4031166700840681,0.38982981340988315,0.4011892556899733,0.38572893172031986,0.37147836784908755,/common/users/shared/pracsys/adaptive_roa_experiments/gaussian_torque/pen_low_clf_yield,0.9985678149108366,0.974169432677522
clf,low,clf_yield,10,1100,0.00015150316041372323,1.0,0.018092317341299503,100.0,0.01842620333498574,0.0030679982928826614,0.0030679982928826614,0.22116121272540576,0.010991271101849534,0.012496117624885311,0.22469172851242478,0.22456676733617592,0.22456676733617595,0.9832273938896863,0.9793725651014968,0.9790649989747796,0.01671945436371405,0.005477042540180669,0.00013147583642301812,0.005602003716429524,-0.0009965103634721447,0.979495663508297,0.9739486223327118,0.9725942826466246,0.05742761652940299,0.6670450403115974,0.040223727873842215,0.0,17,48770,0.9611373475009839,0.9495556453241769,0.9466506427003867,0.9985689461310436,0.9996278970869658,1.0,1.379986155733012e-35,1.2154762682021453e-21,3.1495905989936284e-07,0.005477042540180679,0.41681361492720936,0.4060693049005536,0.392413368874308,0.4011892556899733,0.38572893172031986,0.37147836784908755,/common/users/shared/pracsys/adaptive_roa_experiments/gaussian_torque/pen_low_clf_yield,0.9987780038408196,0.9756106274977832
clf,low,clf_yield,11,1200,0.0002524298782647894,1.0,0.02339155764816633,100.0,0.022919612530032718,0.004506286233216815,0.004506286233216815,0.22081872753273948,0.013886309874748865,0.012496117624885311,0.22469172851242478,0.22456676733617592,0.22456676733617595,0.9746975599753948,0.9760303465245028,0.9783268402706582,0.021766399653344978,0.007313535551117267,0.0001612473868416832,0.007438496727366119,-0.000940790485535979,0.9693978771947228,0.9698548183295082,0.9716492771504439,0.06272685683635117,0.6670450403115974,0.040223727873842215,0.0,17,48770,0.9415646979477792,0.9418039765613262,0.9450589585724721,0.9989267095982828,0.9996278970869658,0.999779212893967,5.3138706731320406e-36,7.46261890721479e-16,3.343265482042911e-07,0.007313535551117258,0.42563051055977036,0.40941152347754767,0.39298749231084684,0.4011892556899733,0.38572893172031986,0.37147836784908755,/common/users/shared/pracsys/adaptive_roa_experiments/gaussian_torque/pen_low_clf_yield,0.9986846928166258,0.9674326898949882
clf,low,clf_yield,12,1300,0.00021231442289188794,1.0,0.020920102480458665,100.0,0.022967502745060046,0.004680020517754832,0.004680020517754832,0.22153990723177144,0.015135096791705351,0.012496117624885311,0.22469172851242478,0.22456676733617592,0.22456676733617595,0.974102932130408,0.9758868156653681,0.9798646709042445,0.022451836706741675,0.00655125706735971,0.00013080041218885426,0.006676218243608564,-0.001155623554799587,0.9687337541774973,0.9696907216494846,0.9736120814747138,0.0602554016686771,0.6670450403115974,0.040223727873842215,0.0,20,48770,0.9393633875846176,0.9411646988192915,0.948630674975127,1.0,1.0,0.9999448032234918,3.522630873497436e-20,2.3379146711872556e-13,2.647454769370416e-08,0.006551257067359708,0.42708632355956533,0.4098421160549518,0.3915726881279475,0.4011892556899733,0.38572893172031986,0.37147836784908755,/common/users/shared/pracsys/adaptive_roa_experiments/gaussian_torque/pen_low_clf_yield,0.9988413788986774,0.9708271301890699
clf,low,clf_yield,13,1400,0.0002480466281700778,1.0,0.02358203387618779,100.0,0.025088976767155376,0.005435667910237739,0.005435667910237739,0.22146029080019897,0.01633177915206352,0.012496117624885311,0.22469172851242478,0.22456676733617592,0.22456676733617595,0.9708222267787574,0.974000410088169,0.9793315562846012,0.02441897507754673,0.00747304391311226,0.0001467451540037293,0.007598005089361114,-0.0010691005331024475,0.9649118481075084,0.9673968939627686,0.972933784436926,0.06291733306448494,0.6670450403115974,0.040223727873842215,0.0,20,48770,0.932202582305017,0.9368525896414343,0.9472941176470588,1.0,1.0,1.0,2.281000101709525e-15,7.10270787410064e-12,1.9432297896960824e-07,0.007473043913112276,0.4303670289112159,0.4117285216321509,0.3921468115644864,0.4011892556899733,0.38572893172031986,0.37147836784908755,/common/users/shared/pracsys/adaptive_roa_experiments/gaussian_torque/pen_low_clf_yield,0.9988110105085096,0.9667223961864084
clf,low,clf_yield,14,1500,0.0002947828087908379,1.0,0.026959602754317382,100.0,0.026001735950796162,0.006155225074315316,0.006155225074315316,0.2214124230749672,0.014322580817227752,0.012496117624885311,0.22469172851242478,0.22456676733617592,0.22456676733617595,0.9711708017223704,0.9719089604264917,0.9751281525527988,0.025519740824989263,0.00867726030871658,0.0001725829032941769,0.008802221484965431,-0.000632309026807467,0.9653164931669052,0.9648663897009797,0.9676075520068363,0.06629490194249864,0.6670450403115974,0.040223727873842215,0.0,17,48770,0.9329582300209803,0.9321177286691111,0.9372478013450595,1.0,1.0,1.0,1.5451380118622915e-35,1.4472251500644679e-18,2.4593151953539213e-08,0.008677260308716569,0.430018453967603,0.4138199712938282,0.3963502152962887,0.4011892556899733,0.38572893172031986,0.37147836784908755,/common/users/shared/pracsys/adaptive_roa_experiments/gaussian_torque/pen_low_clf_yield,0.998808234722603,0.9613599981348676
clf,low,clf_yield,15,1600,0.000360572029009175,1.0,0.03229094489907717,100.0,0.028374341166086225,0.007579721765806108,0.007579721765806108,0.22154993066852924,0.013172354919816451,0.012496117624885311,0.22469172851242478,0.22456676733617592,0.22456676733617595,0.9695919622718885,0.9684437153988107,0.9706786959196227,0.028088375217064088,0.01049102529263396,0.0002043131576152992,0.010615986468882817,-0.00010553314081881808,0.9634863966514834,0.9607027040829355,0.9620327102803738,0.07162624408722748,0.6670450403115974,0.040223727873842215,0.0,17,48770,0.9295453465722837,0.9243771804825316,0.9268429938097917,1.0,1.0,1.0,1.5402762323332038e-35,1.8397833418673207e-18,-3.7120521935080985e-10,0.010491025292633968,0.4315972934180849,0.4172852163215091,0.40079967192946486,0.4011892556899733,0.38572893172031986,0.37147836784908755,/common/users/shared/pracsys/adaptive_roa_experiments/gaussian_torque/pen_low_clf_yield,0.9988535912517755,0.9532832688599515
clf,low,clf_yield,16,1700,0.0004158610860456288,1.0,0.034870780011750487,100.0,0.029945808771852864,0.008215665450859038,0.008215665450859038,0.2214210119865646,0.014233266210869594,0.012496117624885311,0.22469172851242478,0.22456676733617592,0.22456676733617595,0.9668033627229854,0.9685872462579455,0.9711092884970268,0.029645551511700653,0.010939746019606315,0.00020665922502906059,0.011064707195855169,-0.00042167478086402657,0.9602709135972123,0.9608744509142916,0.9625694020136546,0.07420607919994798,0.6670450403115974,0.040223727873842215,0.0,18,48770,0.9235780033042247,0.924695241840346,0.9278398033391375,1.0,1.0,1.0,6.0992738958562196e-33,1.9577272956323005e-15,1.4955368707602204e-08,0.010939746019606315,0.43438589296698793,0.4171416854623744,0.4003690793520607,0.4011892556899733,0.38572893172031986,0.37147836784908755,/common/users/shared/pracsys/adaptive_roa_experiments/gaussian_torque/pen_low_clf_yield,0.9988060694998163,0.9512851071003328
clf,low,clf_yield,17,1800,0.0005115738802175019,1.0,0.04135577372860395,100.0,0.03287942219317277,0.010039695321035401,0.010039695321035401,0.22135629831129383,0.013900395170894284,0.012496117624885311,0.22469172851242478,0.22456676733617592,0.22456676733617595,0.9646298954275169,0.96450686897683,0.9675005126102112,0.032610071602046146,0.013184270487603664,0.0002461240683778488,0.01330923166385252,-6.58938583138341e-05,0.9577795726558485,0.9560157540337949,0.9580898490176895,0.08069107291680645,0.6670450403115974,0.040223727873842215,0.0,19,48770,0.918979850641116,0.915737720878158,0.9195513145873515,1.0,1.0,1.0,5.533514482569431e-29,5.9588550820117626e-15,1.4636511516270403e-08,0.0131842704876037,0.43655936026245645,0.42122206274348983,0.40397785523887636,0.4011892556899733,0.38572893172031986,0.37147836784908755,/common/users/shared/pracsys/adaptive_roa_experiments/gaussian_torque/pen_low_clf_yield,0.9988064582689263,0.9412901978151254
clf,low,clf_yield,18,1900,0.0005371348149380801,1.0,0.04348099287668672,100.0,0.0337279307590347,0.010892424227238325,0.010892424227238325,0.22152475682225112,0.013422459472845271,0.012496117624885311,0.22469172851242478,0.22456676733617592,0.22456676733617595,0.9624359237236005,0.9639122411318434,0.9661267172442075,0.03351951103727048,0.013938361181261058,0.00025555413083746934,0.01406332235750991,3.926440097928169e-06,0.9552778049018651,0.9553118017469022,0.9563955022963628,0.08281629206484414,0.6670450403115974,0.040223727873842215,0.0,16,48770,0.9143845219179363,0.9144468209216411,0.9164348221963681,1.0,1.0,1.0,8.827519540279467e-36,2.3858592202721494e-35,2.582161263070378e-08,0.013938361181261067,0.4387533319663728,0.42181669058847654,0.40535165060488004,0.4011892556899733,0.38572893172031986,0.37147836784908755,/common/users/shared/pracsys/adaptive_roa_experiments/gaussian_torque/pen_low_clf_yield,0.998853399004289,0.9379322179029483
clf,low,clf_yield,19,2000,0.0006387377587206423,1.0,0.04944175533931816,100.0,0.03650918811212356,0.012606190996846116,0.012606190996846116,0.22157375944495522,0.013896115649418212,0.012496117624885311,0.22469172851242478,0.22456676733617592,0.22456676733617595,0.9604469961041624,0.961041623949149,0.9640352675825302,0.03629942657791996,0.01568010502719195,0.00028055887145257637,0.0158050662034408,8.090613912511979e-05,0.9530211149265726,0.9519279425159397,0.9538275244814153,0.08877705452752098,0.6670450403115974,0.040223727873842215,0.0,18,48770,0.9102581995812979,0.9082657396678254,0.9117306627748981,1.0,1.0,1.0,7.471440488224005e-33,4.7160126922010884e-17,1.9796802384234293e-08,0.015680105027191943,0.4407422595858109,0.4246873077711708,0.40744310026655733,0.4011892556899733,0.38572893172031986,0.37147836784908755,/common/users/shared/pracsys/adaptive_roa_experiments/gaussian_torque/pen_low_clf_yield,0.9988368706064438,0.9301762000976802
fm,med,dir00_s42,0,100,0.13445678276283657,100.0,1.5101349381944662,100.0,0.38769735493131025,0.25919044547046705,0.25902204106554017,0.12853279059104836,0.016840440492685727,0.05095843818542199,0.1907240100785663,0.19021442569671207,0.19021442569671204,0.5537625589501742,0.6096575763789215,0.6570227598933771,-0.3876596268197662,0.3207036761711849,0.0018081067363864948,0.32138166495796594,-1.9040324872321435e-14,0.0010098691760385583,nan,nan,1.6794621305290924,0.6753875215380968,0.16968107033873528,0.0,30,48770,1.0,nan,nan,0.0005051896757600808,0.0,0.0,0.0937880341243031,0.0949883580525362,0.19149987055296314,0.32070367617114987,0.0002255484929259791,0.0,0.0,0.4464629895427517,0.3903424236210785,0.34297724010662295,/common/users/shared/pracsys/adaptive_roa_experiments/gaussian_torque/pen_dir00_s42,0.8562936965653118,-0.6860113264097636
fm,med,dir00_s42,1,200,0.06487377637768268,100.0,0.7530731822870227,100.0,0.32535923723600574,0.20630834930323136,0.20571410066553183,0.17689261158602634,0.059424863769952964,0.05095843818542199,0.1907240100785663,0.19021442569671207,0.19021442569671204,0.7156858724625794,0.6099036292802953,0.6570227598933771,-0.3253342218576994,0.21903591477622233,0.0012338398897115224,0.2201397477957761,4.801714581503802e-15,0.5328481908227207,0.0012599086566223948,nan,0.9224003746211747,0.6753875215380968,0.16968107033873528,0.0,54,48770,1.0,1.0,nan,0.3631854505373381,0.0006303514209171613,0.0,0.015192586102981643,0.015951054527228795,0.15371119064337102,0.21903591477623469,0.16214886200533116,0.00024605290137379534,0.0,0.4464629895427517,0.3903424236210785,0.34297724010662295,/common/users/shared/pracsys/adaptive_roa_experiments/gaussian_torque/pen_dir00_s42,0.9447167747104483,-0.15152104775410047
fm,med,dir00_s42,2,300,0.023596094889946875,100.0,0.27511092233199275,100.0,0.20525610006151324,0.07745059853975274,0.07641518336690471,0.17797257048011988,0.1035415172848021,0.05095843818542199,0.1907240100785663,0.19021442569671207,0.19021442569671204,0.907586631125692,0.8098421160549518,0.6674184949764199,-0.20000205044084476,0.08865703858349745,0.000578502495469982,0.0902020381381997,5.551115123125783e-16,0.88496975574896,0.6779861111111112,0.05883718231403041,0.4444381146658715,0.6753875215380968,0.16968107033873528,0.0,87,48770,0.9959786292870684,1.0,1.0,0.7962248553320473,0.5128434102011872,0.03031027679799127,0.0014280388465337543,0.004773324137416672,0.056349989126448743,0.08865703858349461,0.35692023785113797,0.20018453967603034,0.010395735083042854,0.4464629895427517,0.3903424236210785,0.34297724010662295,/common/users/shared/pracsys/adaptive_roa_experiments/gaussian_torque/pen_dir00_s42,0.9647276385546656,0.5339100162421071
fm,med,dir00_s42,3,400,0.019232976617870285,100.0,0.24093121233417553,100.0,0.18634406397375436,0.06135342996384951,0.06031759911072113,0.17581005435449337,0.1035830853128372,0.05095843818542199,0.1907240100785663,0.19021442569671207,0.19021442569671204,0.9172442075046134,0.8381381997129382,0.6957760918597499,-0.17927701455813,0.0747219704529403,0.0005308046971343629,0.0762673856879229,4.718447854656915e-16,0.899120175964807,0.7385573292707159,0.20304023204597946,0.4102584046680152,0.6753875215380968,0.16968107033873528,0.0,90,48770,0.9863990347702095,0.9993725911983508,1.0,0.8260310462018922,0.5857015286021957,0.11299097267890237,0.001447507678797352,0.004377643815642459,0.0429673974209978,0.07472197045293956,0.3738773836374821,0.22876768505228623,0.03875333196637277,0.4464629895427517,0.3903424236210785,0.34297724010662295,/common/users/shared/pracsys/adaptive_roa_experiments/gaussian_torque/pen_dir00_s42,0.9634912447296776,0.6071698022941701
fm,med,dir00_s42,4,500,0.021965813054313242,100.0,0.26057619253103254,100.0,0.19781997129382817,0.07189146203676522,0.07086946917395628,0.17623108007104202,0.10219928628089385,0.05095843818542199,0.1907240100785663,0.19021442569671207,0.19021442569671204,0.9045109698585195,0.8143325815050236,0.6958786139019889,-0.1913914291572688,0.08485281479962636,0.000583878724378668,0.08638439204428952,2.7755575615628914e-17,0.881534430566508,0.6879630586856886,0.20352271506819894,0.4299033848649106,0.6753875215380968,0.16968107033873528,0.0,92,48770,0.9880253178992986,1.0,1.0,0.7957655919904473,0.5243473236329254,0.11328989059604233,0.0013476367115899076,0.00422015554354263,0.051280044343369136,0.08485281479962441,0.3595858109493541,0.20467500512610212,0.03885585400861185,0.4464629895427517,0.3903424236210785,0.34297724010662295,/common/users/shared/pracsys/adaptive_roa_experiments/gaussian_torque/pen_dir00_s42,0.9636901118981455,0.5539096759416124
fm,med,dir00_s42,5,600,0.013807879439154477,100.0,0.19235107361056442,100.0,0.1598738978880459,0.045263361404590766,0.044270440541251614,0.1771011278907847,0.09929208633391533,0.05095843818542199,0.1907240100785663,0.19021442569671207,0.19021442569671204,0.9198277629690383,0.8912651220012303,0.7520606930490056,-0.15277076071355342,0.057383738347178984,0.00045252352700317404,0.05888624359237236,6.938893903907228e-18,0.9025180752929445,0.838406923241003,0.43400112338513386,0.36167826594432856,0.6753875215380968,0.16968107033873528,0.0,99,48770,0.9871291448516579,0.9983309143686502,0.9997843433254259,0.831266648296133,0.722645374796449,0.27715669277216476,0.0005554830652226615,0.002490090157262621,0.030660982130095348,0.057383738347178644,0.3759688332991593,0.2825507484109083,0.09507894197252409,0.4464629895427517,0.3903424236210785,0.34297724010662295,/common/users/shared/pracsys/adaptive_roa_experiments/gaussian_torque/pen_dir00_s42,0.9658683075821906,0.6983207864650883
fm,med,dir00_s42,6,700,0.018049367901551996,100.0,0.22648551633514455,100.0,0.17889850317818334,0.06013248219433554,0.05913680062986989,0.17839126774962932,0.0995681564465653,0.05095843818542199,0.1907240100785663,0.19021442569671207,0.19021442569671204,0.9088784088579045,0.8626614722165266,0.7231699815460324,-0.1745847857289317,0.07095995857695263,0.0005244040879310663,0.0724652245232725,0.0,0.8863950099698348,0.7865383389636051,0.32349551535801974,0.3958127086689537,0.6753875215380968,0.16968107033873528,0.0,94,48770,0.9995964022140221,0.9999189692893606,0.9993808049535604,0.7962248553320473,0.6482113778431475,0.19298140730555388,0.000749384349958483,0.003052322776669693,0.040726116506458444,0.07095995857694795,0.35562846011892557,0.2530449046545007,0.06622923928644658,0.4464629895427517,0.3903424236210785,0.34297724010662295,/common/users/shared/pracsys/adaptive_roa_experiments/gaussian_torque/pen_dir00_s42,0.966278143267178,0.6269475445038277
fm,med,dir00_s42,7,800,0.011678355765558387,100.0,0.17576574132482783,100.0,0.15147242157063767,0.04431815815757911,0.043317337546299205,0.18140413460891547,0.100082061127991,0.05095843818542199,0.1907240100785663,0.19021442569671207,0.19021442569671204,0.9323969653475497,0.896309206479393,0.7534139840065615,-0.14638527783473446,0.05212762863409572,0.0004147757135130516,0.05363803362722985,-8.326672684688674e-17,0.9182149678763674,0.846845755474121,0.43877170057868214,0.34509293365858523,0.6753875215380968,0.16968107033873528,0.0,100,48770,0.9983278493985652,0.999928479473609,1.0,0.850004592633416,0.7344119346535694,0.28104262569498417,0.0009956236550454163,0.0020744974452335087,0.025807537027027046,0.05212762863409744,0.38013122821406603,0.28669263891736724,0.09639122411318433,0.4464629895427517,0.3903424236210785,0.34297724010662295,/common/users/shared/pracsys/adaptive_roa_experiments/gaussian_torque/pen_dir00_s42,0.9685635055953207,0.7259533369082596
fm,med,dir00_s42,8,900,0.016768897581331457,100.0,0.22360255516000277,100.0,0.18029505843756402,0.06307261444398704,0.06206625184319959,0.18034365548421005,0.10063626007874522,0.05095843818542199,0.1907240100785663,0.19021442569671207,0.19021442569671204,0.918638507279065,0.8396145171211811,0.723887635841706,-0.17644063973754356,0.07193702205570157,0.0005253870622834066,0.07345296903834325,-2.7755575615628914e-17,0.899888989807246,0.7414556752826073,0.3263631815907954,0.3929297474938442,0.6753875215380968,0.16968107033873528,0.0,96,48770,0.9984324263800246,0.9999108496032807,0.9996935335580754,0.819050243409571,0.5891684614172401,0.19501404914210557,0.0004194704891854711,0.0015542201593544641,0.03818606254258522,0.07193702205570146,0.3662497436948944,0.22999794955915523,0.06690588476522452,0.4464629895427517,0.3903424236210785,0.34297724010662295,/common/users/shared/pracsys/adaptive_roa_experiments/gaussian_torque/pen_dir00_s42,0.9681272819566217,0.6218109021320929
fm,med,dir00_s42,9,1000,0.007391873853947457,100.0,0.1385058867326081,100.0,0.12725179413573917,0.030264374188015006,0.029322588088347014,0.18160674596434626,0.09417860996679944,0.05095843818542199,0.1907240100785663,0.19021442569671207,0.19021442569671204,0.9447201148246873,0.9277424646298954,0.8102316998154603,-0.12048000820176338,0.037930267820712765,0.0003277266188758861,0.03938163830223498,-6.245004513516506e-17,0.9341314439286587,0.8984730625180064,0.6186493056986279,0.30783307906627044,0.6753875215380968,0.16968107033873528,0.0,100,48770,0.9979640843599916,0.9948956804695974,0.9953593211349775,0.8779737301368605,0.8190891421967748,0.448795360793926,0.00037094338919230397,0.0012366923696675502,0.01616443375729915,0.03793026782071522,0.39278244822636865,0.32136559360262457,0.1546442485134304,0.4464629895427517,0.3903424236210785,0.34297724010662295,/common/users/shared/pracsys/adaptive_roa_experiments/gaussian_torque/pen_dir00_s42,0.9688118145290328,0.8005920545627239
fm,med,dir00_s42,10,1100,0.012774548167449176,100.0,0.19128658810876006,100.0,0.1649089604264917,0.05207162055430774,0.05102135391415182,0.1826888580267637,0.10502666401559164,0.05095843818542199,0.1907240100785663,0.19021442569671207,0.19021442569671204,0.9415624359237236,0.8787574328480623,0.7147631740824277,-0.15965409062948535,0.05854692158410019,0.00041998690269501635,0.06010677260611031,-2.0816681711721685e-17,0.9301847043260987,0.816155209402108,0.288185027887223,0.3606137804425825,0.6753875215380968,0.16968107033873528,0.0,96,48770,0.996745065098698,0.999923815328356,1.0,0.8719573803618995,0.6894468666281451,0.16835057093322173,0.0006135581776344567,0.0016099681249650958,0.029000073370573524,0.05854692158410263,0.3905679721140045,0.2691408652860365,0.05774041418905065,0.4464629895427517,0.3903424236210785,0.34297724010662295,/common/users/shared/pracsys/adaptive_roa_experiments/gaussian_torque/pen_dir00_s42,0.9693421266412764,0.6922056706810948
fm,med,dir00_s42,11,1200,0.0031703897209245974,100.0,0.08010649955850324,100.0,0.08317223703096166,0.010908677379637334,0.010136693298514438,0.18379878341883518,0.0771984081122896,0.05095843818542199,0.1907240100785663,0.19021442569671207,0.19021442569671204,0.9618002870617183,0.9568997334426902,0.9241952019684232,-0.07491101086733648,0.016552335576391346,0.00019263268892667039,0.017833904039368464,2.7755575615628914e-17,0.955610093164002,0.9419849856480459,0.8768282525403965,0.24943369189191553,0.6753875215380968,0.16968107033873528,0.0,101,48770,0.9929685565734092,0.9924396626926432,0.9902919927754364,0.9209607789106273,0.8964122498292798,0.7866921743289292,0.00032790484297557385,0.0008623886600264905,0.005928762610728958,0.016552335576391224,0.4140865286036498,0.3525733032602009,0.27246257945458274,0.4464629895427517,0.3903424236210785,0.34297724010662295,/common/users/shared/pracsys/adaptive_roa_experiments/gaussian_torque/pen_dir00_s42,0.9712547859109811,0.912980650569672
fm,med,dir00_s42,12,1300,0.00348044221021449,100.0,0.0848900594670125,100.0,0.08654295673569817,0.011590226940556114,0.010767372022708372,0.1836353032483616,0.08228549178477414,0.05095843818542199,0.1907240100785663,0.19021442569671207,0.19021442569671204,0.966967397990568,0.9603239696534756,0.8999589911831044,-0.07570842731187205,0.01734649447105875,0.000176900813185499,0.018678933770760714,-8.326672684688674e-17,0.9619229951074239,0.9469237732122775,0.8307606923583891,0.2542172518005322,0.6753875215380968,0.16968107033873528,0.0,101,48770,0.9909422936449963,0.9908725602755454,0.9895058667988762,0.9345549738219895,0.9067079897042601,0.7159084115501884,0.0005337773884011349,0.0012002595568147913,0.006171973994610742,0.01734649447105854,0.4210580274759073,0.3571867951609596,0.24814435103547264,0.4464629895427517,0.3903424236210785,0.34297724010662295,/common/users/shared/pracsys/adaptive_roa_experiments/gaussian_torque/pen_dir00_s42,0.9695867736258745,0.9088055787171635
fm,med,dir00_s42,13,1400,0.00983773331756708,100.0,0.17036664422867495,100.0,0.15208222267787572,0.04512777876878791,0.04413183953225609,0.18449001111514168,0.0995939236531814,0.05095843818542199,0.1907240100785663,0.19021442569671207,0.19021442569671204,0.9435513635431618,0.8914496616772606,0.7661062128357596,-0.147995283986057,0.049856254113826395,0.00037068121654405323,0.05136177773221243,-8.326672684688674e-17,0.9325889468400304,0.8385089378317369,0.4826053431305846,0.33969383656244273,0.6753875215380968,0.16968107033873528,0.0,99,48770,0.9988460529766588,0.9999272462713714,1.0,0.8745751814090199,0.7219624940904554,0.3180486638369104,0.00039167562440065127,0.0014579640157987347,0.020470962236680327,0.049856254113828866,0.3909165470576174,0.2818330941152348,0.10908345294238261,0.4464629895427517,0.3903424236210785,0.34297724010662295,/common/users/shared/pracsys/adaptive_roa_experiments/gaussian_torque/pen_dir00_s42,0.9707822127894791,0.7378944634129914
fm,med,dir00_s42,14,1500,0.0022198493550974765,100.0,0.06502553275489575,100.0,0.07334980520811975,0.008679990283629365,0.0078961582996518,0.18619361487931677,0.07838319839775652,0.05095843818542199,0.1907240100785663,0.19021442569671207,0.19021442569671204,0.9709657576378922,0.9686282550748411,0.927680951404552,-0.06422698380151731,0.011916969117047035,0.00012775813205798212,0.013210385482878818,-7.632783294297951e-17,0.9665911664779162,0.9583537481626654,0.8826172330016309,0.2343527250883206,0.6753875215380968,0.16968107033873528,0.0,101,48770,0.993886462882096,0.9945200836110955,0.9954954954954955,0.9407550289335905,0.9247255344854757,0.7927303162551563,0.00025887333453458993,0.0005127308351093855,0.003960554385354517,0.011916969117046941,0.4225958581094935,0.362948533934796,0.2731187205249129,0.4464629895427517,0.3903424236210785,0.34297724010662295,/common/users/shared/pracsys/adaptive_roa_experiments/gaussian_torque/pen_dir00_s42,0.9729761154103419,0.9373498141720961
fm,med,dir00_s42,15,1600,0.0018648531233022606,100.0,0.05899705631169763,100.0,0.0675409062948534,0.007300390326489649,0.0065775223396704625,0.18606229460230841,0.07228679868191866,0.05095843818542199,0.1907240100785663,0.19021442569671207,0.19021442569671204,0.9679516095960632,0.967069920032807,0.9401271273323765,-0.05799323354521223,0.010729653434074185,0.00012676250772796502,0.01196210580274759,5.377642775528102e-17,0.9629102299423363,0.956115422450541,0.9049417279770817,0.22832424864503584,0.6753875215380968,0.16968107033873528,0.0,101,48770,0.9961702754455737,0.9963551455094254,0.9934243442212851,0.9317993937723891,0.9189998424121447,0.8309320260656424,0.0002508372633449428,0.0005283801310211165,0.0030093918993088597,0.01072965343407396,0.4176132868566742,0.3600369079352061,0.28687717859339756,0.4464629895427517,0.3903424236210785,0.34297724010662295,/common/users/shared/pracsys/adaptive_roa_experiments/gaussian_torque/pen_dir00_s42,0.972661298161945,0.9435917996504528
fm,med,dir00_s42,16,1700,0.0024531474683723267,100.0,0.07225024187111438,100.0,0.07962620463399632,0.011640162769415187,0.01089165499327362,0.18691071580471727,0.07485077761415676,0.05095843818542199,0.1907240100785663,0.19021442569671207,0.19021442569671204,0.964055771990978,0.9556489645273734,0.9219192126307156,-0.07360775066639327,0.014195364885268515,0.0001411763822626253,0.015453457043264302,1.0061396160665481e-16,0.9581572980069221,0.9398280802292264,0.8717154022368953,0.24157743420449884,0.6753875215380968,0.16968107033873528,0.0,101,48770,0.9975150340440336,0.9989355410999409,0.9985336111754264,0.9217874529255075,0.8873246835110574,0.7734800023913433,0.00034176085232061137,0.0005843805286823297,0.004159263436083219,0.01419536488526848,0.41256920237851136,0.3467295468525733,0.26567562025835556,0.4464629895427517,0.3903424236210785,0.34297724010662295,/common/users/shared/pracsys/adaptive_roa_experiments/gaussian_torque/pen_dir00_s42,0.9729654953996546,0.925371775388359
fm,med,dir00_s42,17,1800,0.004689245048772654,100.0,0.10261288305590384,100.0,0.10663625179413573,0.020624924538549482,0.01968493421083104,0.18724181343606186,0.09399903277184393,0.05095843818542199,0.1907240100785663,0.19021442569671207,0.19021442569671204,0.965737133483699,0.9517531269222883,0.8662702481033422,-0.10094668853803568,0.022657546471481264,0.00017576747004554544,0.024107121181053928,2.42861286636753e-17,0.9601848983773738,0.934146819288573,0.7578525284027624,0.2719400753895526,0.6753875215380968,0.16968107033873528,0.0,100,48770,0.9977222084674424,0.9997004911944412,0.9999020280199863,0.9253697069899881,0.8766612386405421,0.6101512524660728,0.0003349881840757281,0.0009046319665798974,0.009850430489019586,0.022657546471481285,0.4140865286036498,0.342300594627845,0.20928849702686078,0.4464629895427517,0.3903424236210785,0.34297724010662295,/common/users/shared/pracsys/adaptive_roa_experiments/gaussian_torque/pen_dir00_s42,0.9731302698959989,0.8808841843172943
fm,med,dir00_s42,18,1900,0.0017165147960911207,100.0,0.05419088958216722,100.0,0.06448103342218578,0.006456847911977053,0.005720822991871755,0.18707540791877802,0.07360249201052974,0.05095843818542199,0.1907240100785663,0.19021442569671207,0.19021442569671204,0.9719499692433873,0.9696329710887841,0.947098626204634,-0.053204428952224735,0.008859840769805912,9.770701306281602e-05,0.01010545007176543,9.8879238130678e-17,0.967819336626676,0.9596292762709554,0.9167150881270579,0.22351808191551148,0.6753875215380968,0.16968107033873528,0.0,101,48770,0.9920428240740741,0.9973934723481415,0.9963511332538068,0.9447506200055111,0.9246204759153228,0.8488671010940396,0.0002713016985520466,0.0005093159190842667,0.0029426855700743484,0.008859840769805779,0.4251794135739184,0.3618618002870617,0.29220832478982983,0.4464629895427517,0.3903424236210785,0.34297724010662295,/common/users/shared/pracsys/adaptive_roa_experiments/gaussian_torque/pen_dir00_s42,0.9729226066005804,0.9534218251988285
fm,med,dir00_s42,19,2000,0.0022605873441736164,100.0,0.06624560004910428,100.0,0.0741119540701251,0.010158924363028345,0.009394180761335798,0.18671718500546594,0.07647436016925459,0.05095843818542199,0.1907240100785663,0.19021442569671207,0.19021442569671204,0.968300184539676,0.9658601599343859,0.9147221652655321,-0.06532007381587043,0.012891421452582002,0.0001338573926651091,0.014165749436128769,7.45931094670027e-17,0.9634030868288987,0.9543372734004334,0.8582819368248885,0.2355727923824619,0.6753875215380968,0.16968107033873528,0.0,101,48770,0.9940889106008793,0.9984505910708137,0.9979397781299525,0.9345549738219895,0.9139570310448075,0.7529144496921145,0.00029182536871688976,0.0006153916445570967,0.0036807231117821264,0.012891421452581894,0.41972524092679925,0.3573098216116465,0.2587656346114415,0.4464629895427517,0.3903424236210785,0.34297724010662295,/common/users/shared/pracsys/adaptive_roa_experiments/gaussian_torque/pen_dir00_s42,0.9726446125808762,0.9322268991672757
fm,med,dir00_s43,0,100,0.1405930713728961,100.0,1.5606229420312714,100.0,0.3894711913061308,0.258320470118035,0.25816750886722467,0.12441615335630977,0.015296125081033838,0.05095843818542199,0.1907240100785663,0.19021442569671207,0.19021442569671204,0.5537010457248308,0.6096575763789215,0.6570227598933771,-0.3894523272503588,0.32396578120760605,0.0018276954439552272,0.3246283268402706,-2.09277040141842e-14,0.0007345514645119824,nan,nan,1.7299501343659403,0.6753875215380968,0.16968107033873528,0.0,28,48770,1.0,nan,nan,0.0003674106732800588,0.0,0.0,0.10225612698649048,0.10414411906640404,0.1927552521834922,0.32396578120755465,0.00016403526758253025,0.0,0.0,0.4464629895427517,0.3903424236210785,0.34297724010662295,/common/users/shared/pracsys/adaptive_roa_experiments/gaussian_torque/pen_dir00_s43,0.8479287000555312,-0.7031609459744881
fm,med,dir00_s43,1,200,0.06265506821592265,100.0,0.7219476793107628,100.0,0.31913409883124866,0.19829918815548647,0.19767621412566602,0.1776573524272089,0.06229740298204518,0.05095843818542199,0.1907240100785663,0.19021442569671207,0.19021442569671204,0.7374000410088168,0.6106212835759688,0.6570227598933771,-0.31911031371744925,0.21023328739517377,0.0011895423253758667,0.2113658458068485,4.6351811278100286e-15,0.5833902605640675,0.004925592119052609,nan,0.8912748716448917,0.6753875215380968,0.16968107033873528,0.0,57,48770,1.0,1.0,nan,0.4118214384127859,0.0024688763985922153,0.0,0.013980444179336934,0.01473286069636306,0.15035553049461436,0.21023328739516617,0.18386303055156858,0.0009637071970473651,0.0,0.4464629895427517,0.3903424236210785,0.34297724010662295,/common/users/shared/pracsys/adaptive_roa_experiments/gaussian_torque/pen_dir00_s43,0.9462673699080829,-0.10524365660037205
fm,med,dir00_s43,2,300,0.0186853322572991,100.0,0.24180580798827173,100.0,0.1871279475087144,0.06385312441103182,0.06281396333129867,0.17960318944141343,0.1039161079733153,0.05095843818542199,0.1907240100785663,0.19021442569671207,0.19021442569671204,0.9201763379126512,0.8476317408242772,0.681135944228009,-0.18186733647734263,0.07342519958659799,0.0004909984627975674,0.07497394504818536,6.800116025829084e-16,0.9021195283232345,0.757545107507586,0.13137462995028767,0.4111330003220958,0.6753875215380968,0.16968107033873528,0.0,92,48770,0.9967220401133396,0.9997416465725112,1.0,0.8239184348305318,0.6098124704522772,0.07030549411131704,0.001704019899631894,0.004664430981953949,0.041502875587946755,0.07342519958659786,0.3690588476522452,0.23809719089604264,0.024113184334631946,0.4464629895427517,0.3903424236210785,0.34297724010662295,/common/users/shared/pracsys/adaptive_roa_experiments/gaussian_torque/pen_dir00_s43,0.9654034517569053,0.6139872182792749
fm,med,dir00_s43,3,400,0.024885430613155225,100.0,0.2856963608913478,100.0,0.20939758047980314,0.08034098167103941,0.07930549893720112,0.1768089573022001,0.10354827338382802,0.05095843818542199,0.1907240100785663,0.19021442569671207,0.19021442569671204,0.9093500102522042,0.7898298134098831,0.6658601599343859,-0.20339799056797214,0.0927109673317137,0.0006091965073178106,0.09425603444740618,5.689893001203927e-16,0.888186347656744,0.6316394738733558,0.050238955589229514,0.45502355322525334,0.6753875215380968,0.16968107033873528,0.0,87,48770,0.9884041654939488,0.99988622141313,1.0,0.806420501515569,0.4616273572516678,0.02576672445746398,0.0022583224080045504,0.005140832478982877,0.0591978715802649,0.09271096733170811,0.36426081607545624,0.18021324584785728,0.008837400041008817,0.4464629895427517,0.3903424236210785,0.34297724010662295,/common/users/shared/pracsys/adaptive_roa_experiments/gaussian_torque/pen_dir00_s43,0.9629014795349484,0.512597601406231
fm,med,dir00_s43,4,500,0.019444304231748314,100.0,0.23996375840112324,100.0,0.1877145786344064,0.06435477079203022,0.06331655935636954,0.17565659099977432,0.10382114356606872,0.05095843818542199,0.1907240100785663,0.19021442569671207,0.19021442569671204,0.9129997949559155,0.8325199917982367,0.7109493541111339,-0.17966905884765227,0.07787439405330732,0.0005607180537624159,0.07942218987082222,2.7755575615628914e-17,0.8936351557995538,0.7270965586368192,0.2717363227772899,0.40929095073499216,0.6753875215380968,0.16968107033873528,0.0,94,48770,0.9838273444830822,0.9988983751032773,1.0,0.8185909800679709,0.571571150916636,0.15723082441561548,0.0010547136321177454,0.003521754348902042,0.04634120412656175,0.07787439405330751,0.37147836784908755,0.22335452122206273,0.05392659421775682,0.4464629895427517,0.3903424236210785,0.34297724010662295,/common/users/shared/pracsys/adaptive_roa_experiments/gaussian_torque/pen_dir00_s43,0.9630262313203013,0.5905968026974233
fm,med,dir00_s43,5,600,0.014765470919020331,100.0,0.20134921069225323,100.0,0.16469345909370514,0.048258624004364065,0.04726212835274846,0.17640420882149913,0.09964956516156025,0.05095843818542199,0.1907240100785663,0.19021442569671207,0.19021442569671204,0.917531269222883,0.8833914291572688,0.7451302029936436,-0.15735370104572483,0.06107234522796138,0.0004765064642138471,0.06257842526143119,-4.163336342344337e-17,0.8994147951783125,0.8246214574274525,0.40899581589958156,0.37067640302603067,0.6753875215380968,0.16968107033873528,0.0,98,48770,0.9873709641994289,0.9985063480209111,0.9990708478513357,0.8258473408652521,0.7023165414718706,0.2571291923237879,0.0005688419979992728,0.0027443019077384684,0.03307275456015691,0.06107234522795978,0.3734262866516301,0.27455402911626,0.08827147836784908,0.4464629895427517,0.3903424236210785,0.34297724010662295,/common/users/shared/pracsys/adaptive_roa_experiments/gaussian_torque/pen_dir00_s43,0.9649846943326997,0.6789289508181764
fm,med,dir00_s43,6,700,0.010795571174348878,100.0,0.1662058185511567,100.0,0.14272872667623537,0.03834892534448666,0.03741050526093637,0.17937607259754534,0.09384200835502868,0.05095843818542199,0.1907240100785663,0.19021442569671207,0.19021442569671204,0.9243592372360058,0.9067459503793316,0.7904859544802132,-0.13673118720524913,0.04824885836010298,0.0004159648124521803,0.04969686282550748,-1.3183898417423734e-16,0.9075090886298106,0.8644734489540497,0.5608938547486033,0.3355330108848407,0.6753875215380968,0.16968107033873528,0.0,101,48770,0.9992822041853018,0.998898147510502,0.997401803454073,0.8311747956278129,0.7619372800336187,0.39014766545106716,0.0005395559035091598,0.0020846948881888643,0.023990533539205695,0.04824885836010314,0.37135534139840065,0.29774451507074023,0.13416034447406192,0.4464629895427517,0.3903424236210785,0.34297724010662295,/common/users/shared/pracsys/adaptive_roa_experiments/gaussian_torque/pen_dir00_s43,0.9676165330628038,0.7463449042659177
fm,med,dir00_s43,7,800,0.011501220819400013,100.0,0.16785385740715364,100.0,0.14619807258560588,0.03955919821341465,0.03856869784371395,0.18036112914496427,0.09905003697006978,0.05095843818542199,0.1907240100785663,0.19021442569671207,0.19021442569671204,0.9327660446996104,0.9094730367028911,0.7649374615542341,-0.14016895632561,0.048421994395461694,0.0003986071713303941,0.04992207914701661,-4.85722573273506e-17,0.9188506941866508,0.868839309586762,0.47867212369258755,0.33718104974089574,0.6753875215380968,0.16968107033873528,0.0,100,48770,0.9962968926098856,0.9999316192560175,1.0,0.8525764673463764,0.7681357356726375,0.3146409995815149,0.0010190069652853903,0.0022367108443466705,0.025245689569470122,0.04842199439546216,0.38205864260816075,0.2998564691408653,0.10791470166085708,0.4464629895427517,0.3903424236210785,0.34297724010662295,/common/users/shared/pracsys/adaptive_roa_experiments/gaussian_torque/pen_dir00_s43,0.9683156763869462,0.7454346892034978
fm,med,dir00_s43,8,900,0.022025510647225792,100.0,0.26119798216988693,100.0,0.19727721960221445,0.0738352602759679,0.07285479449451175,0.17747900174678344,0.09804657814561445,0.05095843818542199,0.1907240100785663,0.19021442569671207,0.19021442569671204,0.8993028501127742,0.8119950789419725,0.7090834529423826,-0.19279290547467706,0.0855902184444403,0.0006165379005380403,0.08708026860775067,-8.326672684688674e-17,0.8733723538663847,0.6827884449057257,0.26357313401847815,0.4305251745037571,0.6753875215380968,0.16968107033873528,0.0,94,48770,0.9957081545064378,1.0,1.0,0.7778083953338845,0.5183589851342123,0.15179051832366833,0.0006686301191119777,0.002794044774171949,0.05104820726228439,0.08559021844443732,0.3487594832889071,0.20233750256305105,0.052060693049005534,0.4464629895427517,0.3903424236210785,0.34297724010662295,/common/users/shared/pracsys/adaptive_roa_experiments/gaussian_torque/pen_dir00_s43,0.9661647436016698,0.5500329791973303
fm,med,dir00_s43,9,1000,0.0066415936752711995,100.0,0.13009862789036494,100.0,0.12295899118310437,0.028073674008334555,0.02711037845282042,0.18276609294480525,0.09632955555141325,0.05095843818542199,0.1907240100785663,0.19021442569671207,0.19021442569671204,0.9535165060488004,0.9351445560795572,0.8180848882509739,-0.11613184334631946,0.03455871120472719,0.00029389857339095224,0.03603159114209555,-3.469446951953614e-17,0.9452031616349618,0.9097858018881378,0.63958401039974,0.2994258202240196,0.6753875215380968,0.16968107033873528,0.0,100,48770,0.99770373016278,0.9953195207189216,0.9978451007732285,0.8979516854964636,0.8377895676839838,0.47061636874514257,0.00029151469586161983,0.0011828179684894888,0.014035268618106592,0.03455871120472817,0.40182489235185564,0.3285626409678081,0.16175927824482264,0.4464629895427517,0.3903424236210785,0.34297724010662295,/common/users/shared/pracsys/adaptive_roa_experiments/gaussian_torque/pen_dir00_s43,0.9701512632558068,0.8183170856881832
fm,med,dir00_s43,10,1100,0.007096498547586835,100.0,0.1324060666936722,100.0,0.1260190690998565,0.02884683344518005,0.027834049940665975,0.18366629769639342,0.10127835045140768,0.05095843818542199,0.1907240100785663,0.19021442569671207,0.19021442569671204,0.9599138814845192,0.9401271273323765,0.7987082222677876,-0.11825199917982367,0.03438217794098458,0.00027231973005315696,0.03590454582735288,-4.163336342344337e-17,0.953219592735278,0.9170737248665228,0.5847819650636552,0.30173325902739584,0.6753875215380968,0.16968107033873528,0.0,100,48770,0.9950542039266623,0.9982071097372488,0.9995662232504338,0.9147607237990264,0.8481378368440405,0.4132839122376995,0.0005185751300165897,0.0013726857254107762,0.015249681922774856,0.03438217794098515,0.4104367438999385,0.33165880664342834,0.1418084888250974,0.4464629895427517,0.3903424236210785,0.34297724010662295,/common/users/shared/pracsys/adaptive_roa_experiments/gaussian_torque/pen_dir00_s43,0.9701335182206109,0.819245160743984
fm,med,dir00_s43,11,1200,0.004825249124806047,100.0,0.10179437814277954,100.0,0.10126860775066639,0.01681112514015806,0.015943748337478816,0.18327037614552358,0.08673768026792429,0.05095843818542199,0.1907240100785663,0.19021442569671207,0.19021442569671204,0.9571047775271684,0.9530654090629486,0.8755792495386509,-0.09378736928439615,0.02288779788866728,0.00021975294117993762,0.024264759073200737,-3.8163916471489756e-17,0.9498826122370753,0.9364643184278457,0.7792651873408513,0.27112157047633173,0.6753875215380968,0.16968107033873528,0.0,101,48770,0.9928385416666666,0.9928781636256622,0.9951686332806838,0.9104895747221456,0.8861165099542995,0.6403419620972081,0.000393684642198065,0.0010436798578360679,0.010259382838017528,0.02288779788866792,0.4094320278859955,0.3483698995283986,0.22068894812384662,0.4464629895427517,0.3903424236210785,0.34297724010662295,/common/users/shared/pracsys/adaptive_roa_experiments/gaussian_torque/pen_dir00_s43,0.9706788077144153,0.8796737008518964
fm,med,dir00_s43,12,1300,0.0028233416725675932,100.0,0.07170416054267369,100.0,0.07398482673774862,0.007625962551541271,0.006876357913816887,0.18397169089953555,0.07496046377243834,0.05095843818542199,0.1907240100785663,0.19021442569671207,0.19021442569671204,0.9683206889481238,0.9661677260611031,0.9258355546442485,-0.061820381381997136,0.01311909271099347,0.0001507067427063384,0.014378281730572075,6.245004513516506e-17,0.9635535844872734,0.955148417962379,0.8803229328656984,0.2410313528760725,0.6753875215380968,0.16968107033873528,0.0,101,48770,0.9905902895668623,0.989747056503859,0.9856994665085952,0.9379535225498301,0.9228870095078006,0.79530101034256,0.0007779869641670053,0.0012149915807656568,0.004526294263115142,0.013119092710993492,0.4227393889686283,0.3639737543571868,0.2767274964117285,0.4464629895427517,0.3903424236210785,0.34297724010662295,/common/users/shared/pracsys/adaptive_roa_experiments/gaussian_torque/pen_dir00_s43,0.9696319206825463,0.9310299801766284
fm,med,dir00_s43,13,1400,0.010227877678627782,100.0,0.17440512469475233,100.0,0.15436333811769531,0.04636776775105453,0.04535089875351299,0.18360859144454797,0.10168689975415422,0.05095843818542199,0.1907240100785663,0.19021442569671207,0.19021442569671204,0.9453557514865696,0.8827968013122821,0.7621488620053312,-0.1488599548903014,0.05195673300567703,0.00039045641712140904,0.05348318638507278,-6.938893903907228e-17,0.9349984145954781,0.8233512578033252,0.46920472224764337,0.3437323170285424,0.6753875215380968,0.16968107033873528,0.0,98,48770,0.9969830949284786,1.0,1.0,0.8802700468448609,0.6997426065031255,0.30651043223530816,0.00037866878752668186,0.0017782794937274836,0.02098124524929556,0.05195673300567927,0.394197252409268,0.2731392249333607,0.10512610211195407,0.4464629895427517,0.3903424236210785,0.34297724010662295,/common/users/shared/pracsys/adaptive_roa_experiments/gaussian_torque/pen_dir00_s43,0.9697618026100249,0.7268517736477065
fm,med,dir00_s43,14,1500,0.0024977529728300737,100.0,0.06991658901426513,100.0,0.07748677465655116,0.010045802417058996,0.009255892056533504,0.18584567265555962,0.0789910360525493,0.05095843818542199,0.1907240100785663,0.19021442569671207,0.19021442569671204,0.9669468935821202,0.9668853803567767,0.9172442075046134,-0.06880438794340783,0.013624645097685902,0.00014384815669183813,0.014924139840065614,-4.5102810375396984e-17,0.9617120326825329,0.9558923938276662,0.8631957155447089,0.2392437813477042,0.6753875215380968,0.16968107033873528,0.0,101,48770,0.9959169618260527,0.9955626351120719,0.9967123287671232,0.9297786350693488,0.9192624888375269,0.7612243677886052,0.0002487039764054203,0.0006219166858248658,0.004426826445716208,0.01362464509768582,0.41681361492720936,0.36042649169571456,0.261943817920853,0.4464629895427517,0.3903424236210785,0.34297724010662295,/common/users/shared/pracsys/adaptive_roa_experiments/gaussian_torque/pen_dir00_s43,0.9726153494129767,0.9283721776212192
fm,med,dir00_s43,15,1600,0.001791636066318931,100.0,0.05747372722726609,100.0,0.06611543981956121,0.007141216995498763,0.006439295980965487,0.18647711347964244,0.07019210145332763,0.05095843818542199,0.1907240100785663,0.19021442569671207,0.19021442569671204,0.9670494156243592,0.9668853803567767,0.9419315152757843,-0.05806417879844166,0.010176608198035304,0.00011948795945176167,0.0113881135944228,1.717376241217039e-16,0.9618153736485684,0.9558417411751837,0.9080459770114941,0.22680091956057588,0.6753875215380968,0.16968107033873528,0.0,101,48770,0.9964551228398405,0.9967495437956204,0.9937460024163173,0.9295030770643887,0.9181593738509218,0.8359538470735935,0.000283354355529863,0.0005420846977049565,0.002835447928122761,0.010176608198035115,0.41646503998359646,0.3595653065409063,0.28851753126922286,0.4464629895427517,0.3903424236210785,0.34297724010662295,/common/users/shared/pracsys/adaptive_roa_experiments/gaussian_torque/pen_dir00_s43,0.9729877833346372,0.946499282792245
fm,med,dir00_s43,16,1700,0.0021284886701216236,100.0,0.062292761690177716,100.0,0.0699981546032397,0.007888020610560681,0.007160091845775242,0.1861585736458628,0.07279287647854392,0.05095843818542199,0.1907240100785663,0.19021442569671207,0.19021442569671204,0.9686897683001845,0.9653475497231905,0.9402501537830633,-0.06124687307771171,0.011215943896624642,0.00013146958215956797,0.012453457043264301,1.3010426069826053e-16,0.9638245954845892,0.9537113119693233,0.9050443169968717,0.23161995402352178,0.6753875215380968,0.16968107033873528,0.0,101,48770,0.9953515682340852,0.9963944371315744,0.9946995200916839,0.9342334894828694,0.9145348531806482,0.8302146230645064,0.00030924376013569474,0.0006402404193669206,0.003570595539152015,0.011215943896624607,0.4190485954480213,0.35827352880869384,0.2862620463399631,0.4464629895427517,0.3903424236210785,0.34297724010662295,/common/users/shared/pracsys/adaptive_roa_experiments/gaussian_torque/pen_dir00_s43,0.9725296234421632,0.9410352613607343
fm,med,dir00_s43,17,1800,0.004677469204869073,100.0,0.10292986401667066,100.0,0.10679454582735289,0.020883782925208295,0.019937456735279482,0.18711293755985411,0.09463261899288146,0.05095843818542199,0.1907240100785663,0.19021442569671207,0.19021442569671204,0.9676030346524502,0.9510559770350625,0.865737133483699,-0.1008392454377691,0.02303894487213741,0.00018390871723897377,0.024494855443920438,-2.7755575615628914e-17,0.9624238964992389,0.9331278890600924,0.7566884661117718,0.27225705635032166,0.6753875215380968,0.16968107033873528,0.0,100,48770,0.9980270296932031,0.9997598751350703,0.9997054491899853,0.9292734453935887,0.874822713662867,0.6087164464638011,0.000333517665894118,0.0008605372155013413,0.009714142553274996,0.023038944872137528,0.4157063768710273,0.3415624359237236,0.2088374000410088,0.4464629895427517,0.3903424236210785,0.34297724010662295,/common/users/shared/pracsys/adaptive_roa_experiments/gaussian_torque/pen_dir00_s43,0.9730826386871033,0.8788790871788457
fm,med,dir00_s43,18,1900,0.0018033232546715587,100.0,0.056928655911018956,100.0,0.06790116875128153,0.007740317141546667,0.0069940636697775095,0.18744640636712964,0.07462534717691577,0.05095843818542199,0.1907240100785663,0.19021442569671207,0.19021442569671204,0.9698380151732623,0.9657166290752511,0.9414394094730367,-0.05860529013737954,0.009762082999360013,0.00010188498645739938,0.011017920852983393,8.326672684688674e-17,0.9652910502347749,0.954139009270942,0.9068189233278956,0.2262558482443736,0.6753875215380968,0.16968107033873528,0.0,101,48770,0.9926238656767118,0.9983927443889559,0.9981325863678805,0.9394231652429503,0.9136418553343489,0.8308124588987864,0.0002499880908738695,0.0004309797172049144,0.003160691806314123,0.009762082999359843,0.4225343448841501,0.35720729956940744,0.2854828788189461,0.4464629895427517,0.3903424236210785,0.34297724010662295,/common/users/shared/pracsys/adaptive_roa_experiments/gaussian_torque/pen_dir00_s43,0.9735756628200847,0.9486785349554655
fm,med,dir00_s43,19,2000,0.0023245568082029973,100.0,0.06776438891733956,100.0,0.07560139429977446,0.010521897580420174,0.009757865336720102,0.18694871676294392,0.07640322437000722,0.05095843818542199,0.1907240100785663,0.19021442569671207,0.19021442569671204,0.967295468525733,0.9653065409062949,0.9128562640967808,-0.06793561615747386,0.013023574270488357,0.0001311529503824643,0.01429719089604265,8.847089727481716e-17,0.9621993127147765,0.953559861667673,0.8547802911228047,0.23709158125070862,0.6753875215380968,0.16968107033873528,0.0,101,48770,0.9940747269967191,0.9985054894522044,0.9975277135337747,0.9323045834481491,0.9124862110626675,0.7477730615173074,0.0002855704885641231,0.0006201794032181312,0.003914401861551727,0.013023574270488229,0.4187205249128563,0.35671519376665983,0.2571047775271683,0.4464629895427517,0.3903424236210785,0.34297724010662295,/common/users/shared/pracsys/adaptive_roa_experiments/gaussian_torque/pen_dir00_s43,0.9728902406851814,0.9315321420928724
fm,med,dir00_s44,0,100,0.16133570369143943,100.0,1.6724543404620853,100.0,0.39227455402911626,0.2481757846567176,0.24804729257991098,0.10910518944512182,0.012849207680661445,0.05095843818542199,0.1907240100785663,0.19021442569671207,0.19021442569671204,0.5535575148656962,0.6096575763789215,0.6570227598933771,-0.39223969653475493,0.32915652883147656,0.001858380805877583,0.3297946052901373,-2.475797344914099e-14,9.184845005740528e-05,nan,nan,1.8417815327968257,0.6753875215380968,0.16968107033873528,0.0,25,48770,1.0,nan,nan,4.592633416000735e-05,0.0,0.0,0.1300508467906455,0.13157541376445628,0.19601586181683484,0.32915652883140933,2.0504408447816282e-05,0.0,0.0,0.4464629895427517,0.3903424236210785,0.34297724010662295,/common/users/shared/pracsys/adaptive_roa_experiments/gaussian_torque/pen_dir00_s44,0.8180356675722242,-0.7304498732199269
fm,med,dir00_s44,1,200,0.06248429717878878,100.0,0.7165605345489978,100.0,0.31682468730777114,0.19494680078712398,0.1943174661033993,0.17713895521673034,0.06293346837246776,0.05095843818542199,0.1907240100785663,0.19021442569671207,0.19021442569671204,0.7384662702481033,0.6114004510969858,0.6570227598933771,-0.31679926184129586,0.20739293658338562,0.0011803313610706677,0.20853185564896456,4.6351811278100286e-15,0.5857824830318579,0.008890283443154482,nan,0.885887726883118,0.6753875215380968,0.16968107033873528,0.0,60,48770,1.0,1.0,nan,0.41420960778910626,0.00446498923149656,0.0,0.013851825617255176,0.015221810062901115,0.1506638953612432,0.20739293658337615,0.18492925979085503,0.001742874718064384,0.0,0.4464629895427517,0.3903424236210785,0.34297724010662295,/common/users/shared/pracsys/adaptive_roa_experiments/gaussian_torque/pen_dir00_s44,0.9456989901942707,-0.09031129381356129
fm,med,dir00_s44,2,300,0.023289019914480097,100.0,0.27526427419455707,100.0,0.20419458683616978,0.07851778616864395,0.07748860323825331,0.17953711509076226,0.10291829303906401,0.05095843818542199,0.1907240100785663,0.19021442569671207,0.19021442569671204,0.9084478162805003,0.8077711708017223,0.6689358212015584,-0.2001035472626615,0.08816591384420379,0.0005791705702148561,0.08970468115644865,6.661338147750939e-16,0.8858785942492012,0.6733335656294644,0.06713658423850243,0.44459146652843284,0.6753875215380968,0.16968107033873528,0.0,89,48770,0.998789695118437,1.0,1.0,0.7959033709929273,0.5075379524084678,0.03473426197166258,0.0019774327237931455,0.004772006553126036,0.055216370284760605,0.0881659138442012,0.3557719909780603,0.1981135944228009,0.011913061308181259,0.4464629895427517,0.3903424236210785,0.34297724010662295,/common/users/shared/pracsys/adaptive_roa_experiments/gaussian_torque/pen_dir00_s44,0.9649783007549134,0.5364919694115093
fm,med,dir00_s44,3,400,0.02147075451214258,100.0,0.26496771326781055,100.0,0.2005501332786549,0.07570358990518959,0.0746597913910343,0.17997353190912038,0.1043798514155291,0.05095843818542199,0.1907240100785663,0.19021442569671207,0.19021442569671204,0.9176542956735698,0.8039163420135329,0.6685872462579454,-0.19622862415419315,0.08490068517862653,0.0005573306258416894,0.08645406807463606,5.551115123125783e-16,0.898882062644778,0.664585598540914,0.06523625007229195,0.4342949056016927,0.6753875215380968,0.16968107033873528,0.0,85,48770,0.994872366514324,1.0,1.0,0.8197850647561312,0.4976624468140989,0.03371794105338674,0.0015447275709731451,0.004290520294186357,0.050288592040975515,0.08490068517862677,0.36789009637071973,0.19425876563461145,0.011564486364568383,0.4464629895427517,0.3903424236210785,0.34297724010662295,/common/users/shared/pracsys/adaptive_roa_experiments/gaussian_torque/pen_dir00_s44,0.9653755590535555,0.5536580105969634
fm,med,dir00_s44,4,500,0.016550261505466245,100.0,0.21628042746365922,100.0,0.17572114004510966,0.05473280116182764,0.05368758413612671,0.17613886168123868,0.10452170257009297,0.05095843818542199,0.1907240100785663,0.19021442569671207,0.19021442569671204,0.9199917982366209,0.8606930490055362,0.7165675620258356,-0.16677260611031372,0.06776314815160006,0.0004983418081218716,0.06931794955915523,-1.3877787807814457e-17,0.9032625942086474,0.783326954968746,0.29585859100402423,0.38560761979750047,0.6753875215380968,0.16968107033873528,0.0,94,48770,0.9814136407714686,0.9969153340368536,1.0,0.8366400293928539,0.6451121500236382,0.1736115262748849,0.0010095210874378232,0.0031214390366655397,0.03830920378689213,0.06776314815159977,0.3806028296083658,0.25259380766864875,0.059544802132458476,0.4464629895427517,0.3903424236210785,0.34297724010662295,/common/users/shared/pracsys/adaptive_roa_experiments/gaussian_torque/pen_dir00_s44,0.9640204640387586,0.6437538956185941
fm,med,dir00_s44,5,600,0.011745845477387197,100.0,0.1778484826617148,100.0,0.15077055566946893,0.04020011875325332,0.03922030979634779,0.17689877308033308,0.09798089569055328,0.05095843818542199,0.1907240100785663,0.19021442569671207,0.19021442569671204,0.9245027680951404,0.8940947303670289,0.7780807873692844,-0.14153537010457248,0.052535962412726823,0.00043555568631702693,0.05402535575148657,3.469446951953614e-17,0.9087846207204082,0.8434895912245083,0.5218466975922245,0.34717567499544566,0.6753875215380968,0.16968107033873528,0.0,100,48770,0.9865533562822719,0.9967058149527356,0.9996614759647935,0.8423808211628547,0.7311025896937543,0.35308184372571294,0.0005882072726444319,0.0024847813795117546,0.025897832642604188,0.052535962412727386,0.3812179618618003,0.28632355956530653,0.12114004510969859,0.4464629895427517,0.3903424236210785,0.34297724010662295,/common/users/shared/pracsys/adaptive_roa_experiments/gaussian_torque/pen_dir00_s44,0.9654658701115948,0.7238066344321701
fm,med,dir00_s44,6,700,0.0074189732787389865,100.0,0.13292362513140893,100.0,0.11886015993438588,0.026035883822174512,0.025168844700177426,0.17933029168626474,0.0867039121997088,0.05095843818542199,0.1907240100785663,0.19021442569671207,0.19021442569671204,0.9317408242772196,0.9263686692638917,0.848554439204429,-0.11129690383432438,0.0360529787106248,0.0003609032027806099,0.03742960221447611,5.551115123125783e-17,0.9173842908549449,0.8961628545817308,0.7182206622920799,0.3022508174649957,0.6753875215380968,0.16968107033873528,0.0,101,48770,0.9979482749311592,0.996783738582272,0.9924090669478124,0.8488564342794158,0.813993801544361,0.5627428708076763,0.0004873421523001183,0.0016605701054009784,0.015940059555985625,0.03605297871062508,0.3797621488620053,0.3187615337297519,0.19448431412753742,0.4464629895427517,0.3903424236210785,0.34297724010662295,/common/users/shared/pracsys/adaptive_roa_experiments/gaussian_torque/pen_dir00_s44,0.9674999812887263,0.8104613854676324
fm,med,dir00_s44,7,800,0.01060826567310813,100.0,0.16123279260234194,100.0,0.14329895427516917,0.03777872095836506,0.03675861087661668,0.1813449188573127,0.10201100817483841,0.05095843818542199,0.1907240100785663,0.19021442569671207,0.19021442569671204,0.9383022349805208,0.9195612056592167,0.7630100471601394,-0.13628562640967806,0.045628117716016006,0.00036244557112074155,0.04715781217961861,-6.245004513516506e-17,0.926048809260488,0.8851681643883735,0.4721410303251735,0.33055998493609673,0.6753875215380968,0.16968107033873528,0.0,98,48770,0.9960348929421095,0.9996033320111067,1.0,0.8652521355745384,0.7942427903556233,0.3090213427392838,0.0009917091770690121,0.0023566403423200535,0.022599153416470452,0.045628117716018754,0.38784088579044496,0.31014968218166905,0.10598728726676235,0.4464629895427517,0.3903424236210785,0.34297724010662295,/common/users/shared/pracsys/adaptive_roa_experiments/gaussian_torque/pen_dir00_s44,0.968406520593261,0.7601227270282439
fm,med,dir00_s44,8,900,0.019384448756388204,100.0,0.241697544752737,100.0,0.18978921468115645,0.06805128698954203,0.06705176712408409,0.17910857162213736,0.09995198654579422,0.05095843818542199,0.1907240100785663,0.19021442569671207,0.19021442569671204,0.907361082632766,0.8299774451507074,0.7075251179003486,-0.18491449661677262,0.07815762119865872,0.0005608415236885428,0.07966672544597089,-6.938893903907228e-17,0.8846566249680877,0.72157679135048,0.256696195935383,0.4110247370865842,0.6753875215380968,0.16968107033873528,0.0,96,48770,0.9959760864566567,1.0,1.0,0.7957196656562873,0.5644271681462415,0.14724696598314102,0.0005814138928758629,0.0021897319721720233,0.045497903424231205,0.07815762119865644,0.356694689358212,0.22031986877178594,0.0505023580069715,0.4464629895427517,0.3903424236210785,0.34297724010662295,/common/users/shared/pracsys/adaptive_roa_experiments/gaussian_torque/pen_dir00_s44,0.9675506662937416,0.5891078139190276
fm,med,dir00_s44,9,1000,0.004284479185025674,100.0,0.10065244625600468,100.0,0.10186774656551159,0.018131209097059134,0.017210660179546918,0.1833735767725087,0.09205489175122147,0.05095843818542199,0.1907240100785663,0.19021442569671207,0.19021442569671204,0.9673774861595243,0.9515070740209145,0.8634406397375436,-0.0912337502563051,0.024051509103750236,0.00022485894817123015,0.025481642403116667,-3.8163916471489756e-17,0.9622260737434413,0.9342708651788443,0.7527656099190735,0.26997963858957863,0.6753875215380968,0.16968107033873528,0.0,101,48770,0.9960186778078152,0.9919735599622285,0.9929487807266674,0.9306512354183889,0.8829122235646373,0.6061457523763975,0.0002591840073898601,0.0006953962010923337,0.008319852823912717,0.024051509103750025,0.4171621898708222,0.34742669673979903,0.20937051466065204,0.4464629895427517,0.3903424236210785,0.34297724010662295,/common/users/shared/pracsys/adaptive_roa_experiments/gaussian_torque/pen_dir00_s44,0.9707120144588043,0.8735558093680065
fm,med,dir00_s44,10,1100,0.006971337400698406,100.0,0.13316734621496923,100.0,0.12506520401886406,0.02892036641849155,0.027922836371248566,0.18279853889197267,0.09975300472429857,0.05095843818542199,0.1907240100785663,0.19021442569671207,0.19021442569671204,0.9583965552593807,0.9360877588681566,0.8140455197867541,-0.11796493746155425,0.035338723175987886,0.0002962775491932996,0.03684583760508509,-7.632783294297951e-17,0.9512669628917977,0.9110927293990131,0.6286088701421025,0.30249453854868835,0.6753875215380968,0.16968107033873528,0.0,100,48770,0.9970797039423996,0.9968168767944077,0.9977899115964639,0.9094791953706255,0.8389452119556653,0.4588390028098284,0.000582180219252195,0.0011745272284046343,0.014526869318570215,0.03533872317598854,0.40723805618207914,0.32852163215091246,0.15771990978060282,0.4464629895427517,0.3903424236210785,0.34297724010662295,/common/users/shared/pracsys/adaptive_roa_experiments/gaussian_torque/pen_dir00_s44,0.969424816876392,0.8142163873925429
fm,med,dir00_s44,11,1200,0.005339880295096971,100.0,0.11081157409390774,100.0,0.10907832684027066,0.020562142122683078,0.019662379248917745,0.1838103412518952,0.08997628737653343,0.05095843818542199,0.1907240100785663,0.19021442569671207,0.19021442569671204,0.9563871232314948,0.9507484109083453,0.8489440229649374,-0.10220483904039368,0.026066463693734557,0.00022451670648176994,0.02747581094935411,-5.898059818321144e-17,0.9489793470699704,0.9329424902289224,0.7179879799410481,0.28013876642749613,0.6753875215380968,0.16968107033873528,0.0,101,48770,0.9932714034647251,0.9955907763808616,0.9980842911877394,0.9084688160191053,0.8777118243420707,0.5606504453876965,0.0004188905665222996,0.0011675759439794527,0.011083625624711463,0.02606646369373464,0.4083452942382612,0.34412548697970063,0.19265942177568177,0.4464629895427517,0.3903424236210785,0.34297724010662295,/common/users/shared/pracsys/adaptive_roa_experiments/gaussian_torque/pen_dir00_s44,0.9706990625803978,0.8629627400852535
fm,med,dir00_s44,12,1300,0.0029201295331873598,100.0,0.07369559362296335,100.0,0.07665655115849909,0.008069421668935433,0.007293994234865391,0.18355959127179952,0.07754274340700423,0.05095843818542199,0.1907240100785663,0.19021442569671207,0.19021442569671204,0.9692843961451713,0.9674800082017634,0.9148862005331146,-0.061997129382817304,0.013948828659778013,0.00015391116621720822,0.015233840475702275,7.632783294297951e-17,0.964749623493976,0.957100351636462,0.8604752781419113,0.243022785956402,0.6753875215380968,0.16968107033873528,0.0,101,48770,0.9892384904931957,0.9865610884960687,0.9828009828009828,0.9414439239459906,0.9293481115722015,0.7652298678782806,0.0006804158045494983,0.0011239679137074864,0.004880615826089477,0.013948828659777967,0.42489235185564894,0.36770555669468935,0.26704941562435924,0.4464629895427517,0.3903424236210785,0.34297724010662295,/common/users/shared/pracsys/adaptive_roa_experiments/gaussian_torque/pen_dir00_s44,0.9690620966151378,0.9266678717521731
fm,med,dir00_s44,13,1400,0.007345817869396579,100.0,0.14037854012170337,100.0,0.13197888045929873,0.03290549926953455,0.03189545863352508,0.18400082573112314,0.10100406360094692,0.05095843818542199,0.1907240100785663,0.19021442569671207,0.19021442569671204,0.9575148656961247,0.9264916957145787,0.7967192946483493,-0.12434672954685257,0.03810905859911396,0.0003006584393367271,0.039628683616977654,-6.245004513516506e-17,0.9503450920245398,0.8961020142008403,0.5789518389535377,0.30970573245544164,0.6753875215380968,0.16968107033873528,0.0,99,48770,0.9936854765961712,0.9994828032066201,0.9995600527936648,0.9106273537246257,0.8121027472816095,0.40748490464518444,0.0003686651215869927,0.0015971511713401992,0.015044680193363011,0.03810905859911408,0.40914496616772605,0.31716218987082223,0.13981956120565922,0.4464629895427517,0.3903424236210785,0.34297724010662295,/common/users/shared/pracsys/adaptive_roa_experiments/gaussian_torque/pen_dir00_s44,0.9700117576997922,0.7996521112448272
fm,med,dir00_s44,14,1500,0.0018382179859828887,100.0,0.05939099157288961,100.0,0.06814373590321919,0.006271467769524862,0.005545741343898908,0.18455653382512638,0.07257264256259541,0.05095843818542199,0.1907240100785663,0.19021442569671207,0.19021442569671204,0.970863235595653,0.9661882304695509,0.9331146196432233,-0.05199446380971909,0.011203633215484765,0.0001300965690366956,0.01243894402296494,1.6306400674181987e-16,0.9664850586098729,0.9553298117296491,0.8944678097703008,0.22871818390620333,0.6753875215380968,0.16968107033873528,0.0,101,48770,0.9934060606060606,0.9862960062646828,0.9746880067686667,0.9409846606043906,0.9262488837526921,0.8264482573085431,0.0002478962269817196,0.00043757534334531924,0.0028636971001795753,0.011203633215484614,0.4229034242362108,0.3665778142300595,0.2908140250153783,0.4464629895427517,0.3903424236210785,0.34297724010662295,/common/users/shared/pracsys/adaptive_roa_experiments/gaussian_torque/pen_dir00_s44,0.97099922345536,0.9410999813791808
fm,med,dir00_s44,15,1600,0.0013341978759476303,100.0,0.04925196363442053,100.0,0.05813020299364364,0.005275747566116132,0.004628363390134458,0.18630434037997076,0.06473841759816744,0.05095843818542199,0.1907240100785663,0.19021442569671207,0.19021442569671204,0.9698790239901579,0.9664752921878204,0.9549518146401477,-0.04899794955915522,0.00853844870687602,0.00011421995285676449,0.009695417264711913,2.6020852139652106e-16,0.9651920479586759,0.9553827261563651,0.9304768836429227,0.21857915596757202,0.6753875215380968,0.16968107033873528,0.0,101,48770,0.9969650986342944,0.9941503861880964,0.9884361973914213,0.9353816478368696,0.919525135262909,0.8789382435583188,0.00025048516744230167,0.00031421179189890686,0.001969849302953689,0.008538448706875944,0.4188845601804388,0.36104162394914907,0.30498257125281936,0.4464629895427517,0.3903424236210785,0.34297724010662295,/common/users/shared/pracsys/adaptive_roa_experiments/gaussian_torque/pen_dir00_s44,0.9732259180935837,0.9551114555291922
fm,med,dir00_s44,16,1700,0.002576894237122961,100.0,0.07108188279058601,100.0,0.07722718884560183,0.009896792721041223,0.009118731547484868,0.18551648662162928,0.07780611735563552,0.05095843818542199,0.1907240100785663,0.19021442569671207,0.19021442569671204,0.9662702481033422,0.9649374615542342,0.9226983801517327,-0.06827455402911627,0.013816670622567693,0.0001561428823870807,0.015104316177978267,4.5102810375396984e-17,0.9609235812528207,0.9531558185404341,0.8736256368999732,0.24040907512400672,0.6753875215380968,0.16968107033873528,0.0,101,48770,0.9952270826157555,0.9959924428923113,0.9943533002670736,0.9289060347203086,0.9138519724746547,0.7790398756501464,0.0002926538296642765,0.000570426098176791,0.004641009179347354,0.013816670622567667,0.41671109288497027,0.358150502358007,0.26871027270863235,0.4464629895427517,0.3903424236210785,0.34297724010662295,/common/users/shared/pracsys/adaptive_roa_experiments/gaussian_torque/pen_dir00_s44,0.9720877652511047,0.9273626562656309
fm,med,dir00_s44,17,1800,0.004464472881119496,100.0,0.09970254603864259,100.0,0.1047680951404552,0.020045268048964962,0.019098350234362096,0.18731032795324376,0.0946917814602867,0.05095843818542199,0.1907240100785663,0.19021442569671207,0.19021442569671204,0.9683822021734673,0.9519786754152143,0.8708017223703096,-0.09834857494361288,0.022002447977830384,0.00017430758253405648,0.02345895017428747,-1.0408340855860843e-17,0.9633937897635552,0.934482179824316,0.7679787899988954,0.26902973837228644,0.6753875215380968,0.16968107033873528,0.0,99,48770,0.9971007371007371,0.9995810640971932,0.9998082454458294,0.9318912464407091,0.8773441193465357,0.6234232079870867,0.0002979974027749198,0.0007355940375665588,0.009365044902583055,0.02200244797783042,0.4172647119130613,0.34260816075456224,0.2138609801107238,0.4464629895427517,0.3903424236210785,0.34297724010662295,/common/users/shared/pracsys/adaptive_roa_experiments/gaussian_torque/pen_dir00_s44,0.9734163587634378,0.8843281843780226
fm,med,dir00_s44,18,1900,0.002436283157189343,100.0,0.07320512000790486,100.0,0.08070412138609802,0.012574671827505428,0.011802046745436015,0.1863970989657396,0.07726250820694128,0.05095843818542199,0.1907240100785663,0.19021442569671207,0.19021442569671204,0.9653885585400861,0.9552183719499693,0.9091039573508304,-0.07254623744104982,0.01561937347640854,0.0001629704652835918,0.01690158294033217,5.551115123125783e-17,0.959914509617668,0.9392421966282757,0.847448294848412,0.24253231234129086,0.6753875215380968,0.16968107033873528,0.0,101,48770,0.9938532651455547,0.9983440771186942,0.9984592928965293,0.9282171397079085,0.8867468613752166,0.7361152627488492,0.00028488700828252777,0.0006077087462693515,0.00385298183806491,0.015619373476408412,0.4169776501947919,0.3467090424441255,0.25286036497847036,0.4464629895427517,0.3903424236210785,0.34297724010662295,/common/users/shared/pracsys/adaptive_roa_experiments/gaussian_torque/pen_dir00_s44,0.972550274922471,0.9178854420783369
fm,med,dir00_s44,19,2000,0.0021960458928281493,100.0,0.06647689392666234,100.0,0.07380418289932336,0.010087029915549186,0.009338236610342101,0.1865402485239494,0.07487933052070843,0.05095843818542199,0.1907240100785663,0.19021442569671207,0.19021442569671204,0.9686897683001845,0.9647734262866516,0.9171006766454788,-0.06549620668443715,0.013012413783104783,0.0001383244068735953,0.014270791470166085,6.938893903907228e-18,0.9638588435776668,0.9528902051113305,0.8630095212279334,0.2358040862599732,0.6753875215380968,0.16968107033873528,0.0,101,48770,0.9943839429603946,0.9967873329126269,0.9960112623181605,0.9351520161660696,0.9126963282029732,0.7613439349554613,0.00027782437870605813,0.00056271486652456,0.003592078359978666,0.013012413783104682,0.41986877178593396,0.3574123436538856,0.26216936641377897,0.4464629895427517,0.3903424236210785,0.34297724010662295,/common/users/shared/pracsys/adaptive_roa_experiments/gaussian_torque/pen_dir00_s44,0.9724965025893177,0.9315908152841548
fm,med,epi_var,0,100,0.13461368359622014,100.0,1.5132598893879672,100.0,0.38778142300594626,0.25905847712568986,0.2588908815471859,0.12823116466989198,0.016759557850392376,0.05095843818542199,0.1907240100785663,0.19021442569671207,0.19021442569671204,0.5537010457248308,0.6096575763789215,0.6570227598933771,-0.3877518966577814,0.3208741425739867,0.0018091447880656361,0.3215513225343448,-1.9317880628477724e-14,0.0007345514645119824,nan,nan,1.6825870817225959,0.6753875215380968,0.16968107033873528,0.0,28,48770,1.0,nan,nan,0.0003674106732800588,0.0,0.0,0.09399632991799985,0.09633358808507342,0.19160599997305994,0.3208741425739499,0.00016403526758253025,0.0,0.0,0.4464629895427517,0.3903424236210785,0.34297724010662295,/common/users/shared/pracsys/adaptive_roa_experiments/gaussian_torque/pen_epi_var,0.8557690401863265,-0.6869075066136439
fm,med,epi_var,1,200,0.09987857498759771,100.0,0.9661130267599088,100.0,0.33332150912446173,0.1844932804250516,0.18395515239469679,0.1405822915288292,0.053812803035480916,0.05095843818542199,0.1907240100785663,0.19021442569671207,0.19021442569671204,0.7053311461964322,0.6100676645478778,0.6570227598933771,-0.3321584990773016,0.23358728656257058,0.0013589537040578886,0.23463499897477957,-9.103828801926284e-15,0.507454501833636,0.002098966259117385,nan,1.1354402190941364,0.6753875215380968,0.16968107033873528,0.0,56,48770,1.0,1.0,nan,0.3399926517865344,0.0010505857015286023,0.0,0.058638279452304036,0.059374362861753696,0.17355127401760562,0.2335872865625599,0.15179413573918393,0.0004100881689563256,0.0,0.4464629895427517,0.3903424236210785,0.34297724010662295,/common/users/shared/pracsys/adaptive_roa_experiments/gaussian_torque/pen_epi_var,0.8902442891001607,-0.22802088068238602
fm,med,epi_var,2,300,0.07799664216083667,100.0,0.772149363922686,100.0,0.30037482058642606,0.15472306993360055,0.154058562443278,0.15685509723586522,0.06645074903225405,0.05095843818542199,0.1907240100785663,0.19021442569671207,0.19021442569671204,0.781135944228009,0.643305310641788,0.6570227598933771,-0.30015214271068275,0.18741789090412012,0.001111178349364392,0.18859198277629688,-4.746203430272544e-15,0.6753057127212996,0.15871941193539027,nan,0.941476556256728,0.6753875215380968,0.16968107033873528,0.0,70,48770,1.0,1.0,nan,0.5097823091760816,0.08620055681042181,0.0,0.04032483953747056,0.04233668238670903,0.14869175753848474,0.18741789090412522,0.2275989337707607,0.03364773426286652,0.0,0.4464629895427517,0.3903424236210785,0.34297724010662295,/common/users/shared/pracsys/adaptive_roa_experiments/gaussian_torque/pen_epi_var,0.9124929068658396,0.014702012123154473
fm,med,epi_var,3,400,0.08891264187418027,100.0,0.7676146554016233,100.0,0.28034508919417667,0.12273973929906831,0.12203723181703038,0.14702428044180404,0.07025074820379314,0.05095843818542199,0.1907240100785663,0.19021442569671207,0.19021442569671204,0.8045519786754152,0.705474677055567,0.6570432643018249,-0.2802011482468731,0.16522737707192905,0.0010502886918874502,0.1664394689358212,-9.353628982466944e-15,0.7197789275634995,0.39417967102488405,0.00011956001912960307,0.9369418477356071,0.6753875215380968,0.16968107033873528,0.0,76,48770,1.0,1.0,1.0,0.5622301827868099,0.2454693491621579,5.978358342799067e-05,0.06238259155011185,0.06537708435596723,0.14111523477548235,0.16522737707193144,0.2510149682181669,0.09581710067664548,2.0504408447816282e-05,0.4464629895427517,0.3903424236210785,0.34297724010662295,/common/users/shared/pracsys/adaptive_roa_experiments/gaussian_torque/pen_epi_var,0.8927895852272212,0.13136253222257532
fm,med,epi_var,4,500,0.0751687987788624,100.0,0.6674056705504853,100.0,0.28931494771375843,0.13715064830801932,0.136396402487087,0.15136052059696511,0.07542458209323084,0.05095843818542199,0.1907240100785663,0.19021442569671207,0.19021442569671204,0.8051466065204019,0.6398605700225548,0.6570227598933771,-0.28802727086323554,0.1752503075868382,0.0010545291500664202,0.17651413778962474,4.246603069191224e-15,0.7208694375091791,0.14363725012189177,nan,0.8367328628845343,0.6753875215380968,0.16968107033873528,0.0,67,48770,1.0,1.0,nan,0.5635620464774501,0.07737563691758155,0.0,0.038632293821959894,0.04207843553434318,0.13552922685953384,0.17525030758684776,0.2516095960631536,0.03020299364363338,0.0,0.4464629895427517,0.3903424236210785,0.34297724010662295,/common/users/shared/pracsys/adaptive_roa_experiments/gaussian_torque/pen_epi_var,0.9169539756441207,0.07866973314491621
fm,med,epi_var,5,600,0.06435050460120033,100.0,0.6107634090726541,100.0,0.2899768300184539,0.14876563707552393,0.14799911371188965,0.16307591945263836,0.07665233636342926,0.05095843818542199,0.1907240100785663,0.19021442569671207,0.19021442569671204,0.8010457248308386,0.6387328275579249,0.6570227598933771,-0.2889417674800082,0.17513761995596727,0.0010237529770913123,0.17641372770145583,3.969047313034935e-15,0.7133106810459449,0.13864580787093622,nan,0.7800906014066976,0.6753875215380968,0.16968107033873528,0.0,64,48770,1.0,1.0,nan,0.5543767796454487,0.0744865262383779,0.0,0.026010546307859383,0.02845602226902936,0.1313519805912423,0.1751376199559796,0.24750871437359032,0.029075251179003486,0.0,0.4464629895427517,0.3903424236210785,0.34297724010662295,/common/users/shared/pracsys/adaptive_roa_experiments/gaussian_torque/pen_epi_var,0.9336032738600804,0.07926215735490028
fm,med,epi_var,6,700,0.05241465814155393,100.0,0.475972741133492,100.0,0.221042444125487,0.07381800148892179,0.07299456325172099,0.15711406405877787,0.08234382372007962,0.05095843818542199,0.1907240100785663,0.19021442569671207,0.19021442569671204,0.8615337297518967,0.8241746975599754,0.6794955915521838,-0.21903834324379742,0.10609492488965937,0.0007852383488399904,0.10742794750871439,4.1772141301521515e-15,0.8164895785211556,0.7093121800739007,0.12298715143354094,0.6452999334673106,0.6753875215380968,0.16968107033873528,0.0,89,48770,0.9998668885191347,1.0,1.0,0.6899513180857904,0.5495613804696118,0.06552280743707778,0.03165402228145702,0.03583899739655934,0.08121461995388553,0.10609492488965047,0.3080787369284396,0.21451712118105393,0.022472831658806643,0.4464629895427517,0.3903424236210785,0.34297724010662295,/common/users/shared/pracsys/adaptive_roa_experiments/gaussian_torque/pen_epi_var,0.9246906113084227,0.4422351275353703
fm,med,epi_var,7,800,0.05482103752587006,100.0,0.4870124782884156,100.0,0.24313532909575558,0.0984487472084849,0.09759722731403082,0.16326419669652786,0.08515198944540754,0.05095843818542199,0.1907240100785663,0.19021442569671207,0.19021442569671204,0.8427311872052491,0.7783063358622104,0.6574943612876768,-0.24133586221037526,0.12454745631421867,0.0008146245625891131,0.12590856059052696,3.635980405647388e-15,0.786219967668209,0.6034040055755263,0.002746268656716418,0.6563396706223117,0.6753875215380968,0.16968107033873528,0.0,79,48770,1.0,1.0,1.0,0.6477450169927437,0.4320533697536377,0.0013750224188437854,0.029262193391780808,0.033394297951836495,0.09816203846958149,0.12454745631422037,0.2891941767480008,0.16864875948328892,0.00047160139429977446,0.4464629895427517,0.3903424236210785,0.34297724010662295,/common/users/shared/pracsys/adaptive_roa_experiments/gaussian_torque/pen_epi_var,0.931494523146903,0.34522602132814195
fm,med,epi_var,8,900,0.05424527224012265,100.0,0.5184923867199924,100.0,0.23043038753331968,0.08777639936935593,0.08701724736127014,0.16295853739543456,0.07591520080857789,0.05095843818542199,0.1907240100785663,0.19021442569671207,0.19021442569671204,0.8447816280500308,0.812056592167316,0.6790444945663318,-0.2302835759688333,0.11427313566255128,0.0008248048795609697,0.11554187205249127,3.608224830031759e-15,0.7895936405581189,0.6829251418292515,0.12066737823717769,0.6878195790537994,0.6753875215380968,0.16968107033873528,0.0,89,48770,1.0,1.0,1.0,0.6523376504087444,0.5185165729894416,0.06420756860166198,0.033019885133889475,0.033270221178358345,0.09056043151422744,0.11427313566254275,0.2912446175927825,0.2023990157883945,0.022021734672954686,0.4464629895427517,0.3903424236210785,0.34297724010662295,/common/users/shared/pracsys/adaptive_roa_experiments/gaussian_torque/pen_epi_var,0.9277398637488625,0.39924043487240857
fm,med,epi_var,9,1000,0.05372607008273694,100.0,0.4965969620709133,100.0,0.22729013737953657,0.08442464466847426,0.08363592101612133,0.16348466458916075,0.07887236523529327,0.05095843818542199,0.1907240100785663,0.19021442569671207,0.19021442569671204,0.8525527988517532,0.8112979290547467,0.6812589706786959,-0.2269969243387328,0.11036568212367678,0.000783375231446547,0.11166399015788393,4.135580766728708e-15,0.8022114035811535,0.6812372276679021,0.13200067005416272,0.6659241544047175,0.6753875215380968,0.16968107033873528,0.0,90,48770,1.0,1.0,1.0,0.6697437310553872,0.5165729894416137,0.07066419561188497,0.035118770232569735,0.036016362103707386,0.08276107574617382,0.11036568212366912,0.2990157883945048,0.2016403526758253,0.024236210785318842,0.4464629895427517,0.3903424236210785,0.34297724010662295,/common/users/shared/pracsys/adaptive_roa_experiments/gaussian_torque/pen_epi_var,0.9268292877590881,0.41978279660213746
fm,med,epi_var,10,1100,0.056270785168418685,100.0,0.5346834338701657,100.0,0.23581238466270246,0.09203323151077102,0.09127813763578992,0.16221232258175428,0.07550938749811008,0.05095843818542199,0.1907240100785663,0.19021442569671207,0.19021442569671204,0.8395530038958376,0.8016608570842731,0.6786754152142711,-0.235563461144146,0.11928024075075132,0.0008426542458146071,0.12054491900758663,3.594347042223944e-15,0.7809534473588444,0.6594134009365867,0.11876511274813024,0.704010626203988,0.6753875215380968,0.16968107033873528,0.0,90,48770,1.0,1.0,1.0,0.6406264351979425,0.49188422545569155,0.06313146409995815,0.03369798041932548,0.03387133587256294,0.09323832755480843,0.11928024075074271,0.2860159934385893,0.19200328070535166,0.021652655320893992,0.4464629895427517,0.3903424236210785,0.34297724010662295,/common/users/shared/pracsys/adaptive_roa_experiments/gaussian_torque/pen_epi_var,0.9267780683332424,0.3729169577236058
fm,med,epi_var,11,1200,0.0602173274262579,100.0,0.5508365893969268,100.0,0.25205905269632967,0.10644116257865728,0.1056456474105729,0.16241349744705755,0.07955151680843704,0.05095843818542199,0.1907240100785663,0.19021442569671207,0.19021442569671204,0.8345499282345704,0.7657781423005946,0.6577404141890506,-0.2516817715808899,0.13344657566023158,0.0008739031437665929,0.1347516752101702,4.191091917959966e-15,0.7725696891118691,0.5713856890923418,0.00417611263572366,0.7201637817308263,0.6753875215380968,0.16968107033873528,0.0,82,48770,1.0,1.0,1.0,0.6294204096629007,0.3999579765719389,0.0020924254199796736,0.033973857914805214,0.0344576956772947,0.10917384921595603,0.13344657566022577,0.2810129177773221,0.15612056592167317,0.0007176542956735698,0.4464629895427517,0.3903424236210785,0.34297724010662295,/common/users/shared/pracsys/adaptive_roa_experiments/gaussian_torque/pen_epi_var,0.926683247820289,0.298441350221219
fm,med,epi_var,12,1300,0.044538828753310666,100.0,0.4330105959858519,100.0,0.2108062333401681,0.07020583174314027,0.06941028654334655,0.162828422916646,0.07955451997937132,0.05095843818542199,0.1907240100785663,0.19021442569671207,0.19021442569671204,0.859934385892967,0.8401476317408243,0.7141480418289933,-0.20864916957145785,0.09679628932341665,0.0007269761046765915,0.09810141890506457,4.0245584642661925e-15,0.8140465496120866,0.7425193209591122,0.2855532209296367,0.6023377883196314,0.6753875215380968,0.16968107033873528,0.0,93,48770,0.9993984359334269,1.0,1.0,0.6866905483604299,0.5904816935441508,0.166557063430382,0.02504425017035149,0.028217319556027045,0.07320268141740247,0.09679628932340378,0.30676645478777936,0.2304900553619028,0.05712528193561616,0.4464629895427517,0.3903424236210785,0.34297724010662295,/common/users/shared/pracsys/adaptive_roa_experiments/gaussian_torque/pen_epi_var,0.9329462517674869,0.49112014523149905
fm,med,epi_var,13,1400,0.04752512632283381,100.0,0.42765644014847537,100.0,0.19989645273733855,0.05854719929163861,0.05774766022659821,0.15643860941121768,0.0799539065040398,0.05095843818542199,0.1907240100785663,0.19021442569671207,0.19021442569671204,0.8697970063563666,0.84084478162805,0.7507074020914497,-0.19573774861595242,0.09152347651209657,0.0007514528588763189,0.09283259995899118,3.95516952522712e-15,0.8302411377853819,0.743963583586225,0.42909466566491355,0.5969836324822346,0.6753875215380968,0.16968107033873528,0.0,94,48770,0.9933469805527124,0.9998226793155421,1.0,0.7131441168365941,0.5923727478069023,0.2731511926824894,0.032424739500810616,0.03535952156380084,0.06726534993153782,0.09152347651208358,0.3205249128562641,0.23126922288291982,0.09368464219807258,0.4464629895427517,0.3903424236210785,0.34297724010662295,/common/users/shared/pracsys/adaptive_roa_experiments/gaussian_torque/pen_epi_var,0.9249516299262472,0.518840507617301
fm,med,epi_var,14,1500,0.28087469113709856,100.0,2.189688113529578,100.0,0.4023774861595243,0.17625963864770552,0.1762107466727996,0.017713611818301205,0.00488919749059179,0.05095843818542199,0.1907240100785663,0.19021442569671207,0.19021442569671204,0.5535370104572483,0.6096575763789215,0.6570227598933771,-0.40106438384252624,0.3487115605511751,0.001978120660229138,0.3492700369079352,-3.547162563677375e-14,nan,nan,nan,2.359015305864833,0.6753875215380968,0.16968107033873528,0.0,12,48770,nan,nan,nan,0.0,0.0,0.0,0.2687466421442193,0.27230450910583187,0.2894725440793189,0.3487115605511532,0.0,0.0,0.0,0.4464629895427517,0.3903424236210785,0.34297724010662295,/common/users/shared/pracsys/adaptive_roa_experiments/gaussian_torque/pen_epi_var,0.6198225310942878,-0.8332550713434284
fm,med,epi_var,15,1600,0.022181411169205086,100.0,0.2126349277438085,100.0,0.11989276194381793,0.013701211815968941,0.012897993680130343,0.16865516858307542,0.08032181358385992,0.05095843818542199,0.1907240100785663,0.19021442569671207,0.19021442569671204,0.9218576994053721,0.9414394094730367,0.8787369284396145,-0.08935841705966784,0.03445725079376915,0.00037412316712994776,0.03577005331146196,2.1371793224034263e-15,0.9089083825322084,0.9203613853103564,0.7855692530819435,0.3819621200773353,0.6753875215380968,0.16968107033873528,0.0,101,48770,0.9476648557045307,0.9808618127786033,0.9981571915599373,0.8731973913842197,0.8668907916163261,0.6476355592754229,0.020570851015796136,0.022183170727161576,0.0232526209915404,0.03445725079376644,0.41137994668853806,0.3449866721345089,0.22253434488415008,0.4464629895427517,0.3903424236210785,0.34297724010662295,/common/users/shared/pracsys/adaptive_roa_experiments/gaussian_torque/pen_epi_var,0.9379117906918469,0.8188504858789752
fm,med,epi_var,16,1700,0.012540965953167872,100.0,0.13249967120968315,100.0,0.08321734672954685,0.005636227281838682,0.0049675483042423375,0.17546344219944676,0.0668678977596345,0.05095843818542199,0.1907240100785663,0.19021442569671207,0.19021442569671204,0.9403936846421981,0.960036907935206,0.9346319458683617,-0.055886610621283576,0.019718531801509037,0.00029099399772483414,0.020896795160959606,1.3912482277333993e-15,0.9310336646817394,0.9470969843381015,0.8961766430013679,0.30182686354289495,0.6753875215380968,0.16968107033873528,0.0,101,48770,0.9629484222407616,0.9798921590653785,0.9842621074468846,0.9011665288876642,0.9164259074433997,0.8225623243857236,0.009529289201218693,0.012885252442407204,0.014331885442491431,0.019718531801509107,0.41781833094115234,0.3650604880049211,0.28663112569202376,0.4464629895427517,0.3903424236210785,0.34297724010662295,/common/users/shared/pracsys/adaptive_roa_experiments/gaussian_torque/pen_epi_var,0.9499211254848751,0.8963352451882419
fm,med,epi_var,17,1800,0.013873624885390954,100.0,0.14971478165629018,100.0,0.08267849087553825,0.006565427351444362,0.006020305536617811,0.1733627140344827,0.05451218148265514,0.05095843818542199,0.1907240100785663,0.19021442569671207,0.19021442569671204,0.9287676850522862,0.9449456633176133,0.9460529013737954,-0.0673202788599549,0.022872017198849265,0.0003376181702500883,0.02392672339553004,2.085137618124122e-15,0.91527242573533,0.9251359263906315,0.9155078840039821,0.31904197398935213,0.6753875215380968,0.16968107033873528,0.0,101,48770,0.9758685250676097,0.9858569051580699,0.9890369136830419,0.8617617341783779,0.8714608394179755,0.852155198182579,0.011974408841335374,0.014154533069053352,0.014426926534153665,0.02287201719884807,0.39425876563461143,0.3450481853598524,0.29550953454992823,0.4464629895427517,0.3903424236210785,0.34297724010662295,/common/users/shared/pracsys/adaptive_roa_experiments/gaussian_torque/pen_epi_var,0.9494811975003866,0.8797566634860932
fm,med,epi_var,18,1900,0.012801441347764004,100.0,0.13337815397118066,100.0,0.07618064383842527,0.005735134430247477,0.00517171659389751,0.17586357961236265,0.05634178363499668,0.05095843818542199,0.1907240100785663,0.19021442569671207,0.19021442569671204,0.9355136354316178,0.949436128767685,0.9525938076686488,-0.06323375025630512,0.01952256267824855,0.0003082562744707436,0.020595564896452735,1.6167622796103842e-15,0.9234849037783129,0.931442869057548,0.9261577770680295,0.3027053463042602,0.6753875215380968,0.16968107033873528,0.0,101,48770,0.9818924931450153,0.9893108132049844,0.9942398683398478,0.8716358960227795,0.8799705836003572,0.8668021761224368,0.012454481248822183,0.012314919960316674,0.013107665645588521,0.019522562678248194,0.39632971088784086,0.3472011482468731,0.2990157883945048,0.4464629895427517,0.3903424236210785,0.34297724010662295,/common/users/shared/pracsys/adaptive_roa_experiments/gaussian_torque/pen_epi_var,0.9510951549882042,0.8973654989271089
fm,med,epi_var,19,2000,0.012023472279367125,100.0,0.11321728038439358,100.0,0.0627783473446791,0.0026105427752418186,0.002056587143467856,0.17902108555834154,0.05539556317739629,0.05095843818542199,0.1907240100785663,0.19021442569671207,0.19021442569671204,0.949436128767685,0.9616772606110314,0.9676645478777938,-0.04297888045929875,0.013249927281840341,0.0002486916128853049,0.014313467295468526,1.961972251329769e-15,0.9412577417818009,0.9491470084074769,0.951093192743061,0.2825444727175017,0.6753875215380968,0.16968107033873528,0.0,101,48770,0.9777788775611205,0.9845337547979228,0.9881428019074623,0.9073665839992652,0.916215790303094,0.9167214682848089,0.013659312004606355,0.012017328337714902,0.01012964342005282,0.0132499272818406,0.41431207709657575,0.3632561000615132,0.318187410293213,0.4464629895427517,0.3903424236210785,0.34297724010662295,/common/users/shared/pracsys/adaptive_roa_experiments/gaussian_torque/pen_epi_var,0.9520452881975153,0.9303421534233859
fm,med,epi_bald,0,100,0.13461368359622014,100.0,1.5132598893879672,100.0,0.38778142300594626,0.25905847712568986,0.2588908815471859,0.12823116466989198,0.016759557850392376,0.05095843818542199,0.1907240100785663,0.19021442569671207,0.19021442569671204,0.5537010457248308,0.6096575763789215,0.6570227598933771,-0.3877518966577814,0.3208741425739867,0.0018091447880656361,0.3215513225343448,-1.9317880628477724e-14,0.0007345514645119824,nan,nan,1.6825870817225959,0.6753875215380968,0.16968107033873528,0.0,28,48770,1.0,nan,nan,0.0003674106732800588,0.0,0.0,0.09399632991799985,0.09633358808507342,0.19160599997305994,0.3208741425739499,0.00016403526758253025,0.0,0.0,0.4464629895427517,0.3903424236210785,0.34297724010662295,/common/users/shared/pracsys/adaptive_roa_experiments/gaussian_torque/pen_epi_bald,0.8557690401863265,-0.6869075066136439
fm,med,epi_bald,1,200,0.10012399278423126,100.0,1.000306223937365,100.0,0.33739122411318434,0.19785964325613647,0.19735855828296825,0.14867528958648665,0.050108497316822105,0.05095843818542199,0.1907240100785663,0.19021442569671207,0.19021442569671204,0.6897477957760919,0.6105392659421776,0.6570227598933771,-0.337366618823047,0.23889769439318342,0.0013822527543829173,0.23990836374820587,-1.0241807402167069e-14,0.4675370376887074,0.00450733752620545,nan,1.1696334162715925,0.6753875215380968,0.16968107033873528,0.0,57,48770,1.0,1.0,nan,0.3050886378249288,0.0022587592582864946,0.0,0.058894770961615064,0.06135272760411317,0.1737290492582201,0.2388976943931757,0.13621078531884356,0.0008816895632561,0.0,0.4464629895427517,0.3903424236210785,0.34297724010662295,/common/users/shared/pracsys/adaptive_roa_experiments/gaussian_torque/pen_epi_bald,0.8940184302617422,-0.25593888853674307
fm,med,epi_bald,2,300,0.07899574918408883,100.0,0.7455079359239372,100.0,0.29264711913061303,0.13855175223417907,0.13784428448719932,0.1489224344472497,0.0707467746979742,0.05095843818542199,0.1907240100785663,0.19021442569671207,0.19021442569671204,0.802009432027886,0.6546442485134304,0.6570227598933771,-0.29141480418289933,0.1791362757366571,0.0010917391367046714,0.18035332786549108,-4.579669976578771e-15,0.7150950076714269,0.2066789129103669,nan,0.9148351282579846,0.6753875215380968,0.16968107033873528,0.0,72,48770,1.0,1.0,nan,0.5565353173509691,0.11524925145768766,0.0,0.0422014692754907,0.04498572768902587,0.1435612722985524,0.17913627573667645,0.24847242157063767,0.044986672134508916,0.0,0.4464629895427517,0.3903424236210785,0.34297724010662295,/common/users/shared/pracsys/adaptive_roa_experiments/gaussian_torque/pen_epi_bald,0.9081035643796502,0.05824032493580966
fm,med,epi_bald,3,400,0.08709547168834503,100.0,0.6714013420254452,100.0,0.2556950994463809,0.08461896258626096,0.08380763965839713,0.13535510102241777,0.08113229278638343,0.05095843818542199,0.1907240100785663,0.19021442569671207,0.19021442569671204,0.8387738363748206,0.7621898708222268,0.6594627844986672,-0.24751671109288495,0.13866696433268505,0.0009775363099005726,0.13998787164240312,-6.38378239159465e-15,0.7823872913956771,0.5619428916754796,0.014127982903953461,0.8407285343594425,0.6753875215380968,0.16968107033873528,0.0,85,48770,0.9844000278570931,1.0,1.0,0.6491687333517039,0.3907653516835636,0.00711424642793089,0.06841853018600881,0.07194554526193182,0.11435691247102607,0.13866696433268333,0.29442280090219397,0.15253229444330532,0.0024400246052901373,0.4464629895427517,0.3903424236210785,0.34297724010662295,/common/users/shared/pracsys/adaptive_roa_experiments/gaussian_torque/pen_epi_bald,0.8851123974417199,0.27099659331946246
fm,med,epi_bald,4,500,0.06168623467149163,100.0,0.5337677535620143,100.0,0.22129997949559155,0.07140929324727395,0.07063508302945086,0.1530042198728968,0.07742102178230947,0.05095843818542199,0.1907240100785663,0.19021442569671207,0.19021442569671204,0.8541111338937871,0.8251589091654705,0.6926799261841295,-0.21962312897272915,0.10784528885326505,0.0008386755487230262,0.10912908345294237,-1.0685896612017132e-15,0.8048171618248156,0.7114089416861272,0.18834614968049387,0.7030949458958323,0.6753875215380968,0.16968107033873528,0.0,90,48770,0.9993187546835616,1.0,1.0,0.6736933957931478,0.5520827861532804,0.10396365158127578,0.04523931130041525,0.04600816448263398,0.08550523525182936,0.10784528885325687,0.30098421160549516,0.21550133278654912,0.03565716629075251,0.4464629895427517,0.3903424236210785,0.34297724010662295,/common/users/shared/pracsys/adaptive_roa_experiments/gaussian_torque/pen_epi_bald,0.913212309510035,0.4330330706609009
fm,med,epi_bald,5,600,0.0569255187571003,100.0,0.5114879528772834,100.0,0.222718269427927,0.07667250193564297,0.07590227286619101,0.15590104553892178,0.07702290694519524,0.05095843818542199,0.1907240100785663,0.19021442569671207,0.19021442569671204,0.8510559770350625,0.8263481648554439,0.6998359647324175,-0.22222288291982775,0.110215653023986,0.0008531591110251015,0.11149546647529218,4.704570066849101e-15,0.799812599900788,0.7139334571862861,0.22195057135264415,0.680815145211101,0.6753875215380968,0.16968107033873528,0.0,90,48770,0.9999310915104741,1.0,1.0,0.6664370349958666,0.5551294846877134,0.12482812219764453,0.03612924405009716,0.036744007638406295,0.0872916722587654,0.11021565302397711,0.29755997539470985,0.21669058847652245,0.04281320483904039,0.4464629895427517,0.3903424236210785,0.34297724010662295,/common/users/shared/pracsys/adaptive_roa_experiments/gaussian_torque/pen_epi_bald,0.92319581108812,0.420571533308837
fm,med,epi_bald,6,700,0.06012724055804755,100.0,0.5391669838603106,100.0,0.23209370514660652,0.08471026855401288,0.08395587870514487,0.15538427043082045,0.07543898488680116,0.05095843818542199,0.1907240100785663,0.19021442569671207,0.19021442569671204,0.8369079352060693,0.8133688743079762,0.6806643428337092,-0.23184519171621898,0.11878603397104115,0.0008960463919425685,0.12005000820176337,4.649058915617843e-15,0.7765353711299657,0.6858345989230982,0.1289709172259508,0.7084941761941451,0.6753875215380968,0.16968107033873528,0.0,90,48770,1.0,1.0,1.0,0.6347019380913016,0.5218784472343332,0.06893047169247325,0.035856286879456974,0.03688086938691463,0.09801493321568172,0.11878603397102841,0.283370924748821,0.20371129792905474,0.02364158294033217,0.4464629895427517,0.3903424236210785,0.34297724010662295,/common/users/shared/pracsys/adaptive_roa_experiments/gaussian_torque/pen_epi_bald,0.9227522428932696,0.3755151138723837
fm,med,epi_bald,7,800,0.043044879360833836,100.0,0.40406710989655575,100.0,0.17681484519171622,0.04692219568659526,0.04624767504445518,0.15582256828310714,0.06745206421400805,0.05095843818542199,0.1907240100785663,0.19021442569671207,0.19021442569671204,0.8699405372155014,0.8646503998359647,0.8098011072380562,-0.17342218576994053,0.08063953245806432,0.0007663656459355312,0.08182363748205865,4.246603069191224e-15,0.829841457198809,0.790331289902487,0.6163771712158809,0.573394302230177,0.6753875215380968,0.16968107033873528,0.0,101,48770,0.9976778687995872,0.9995982645026514,0.9998658258419428,0.7103426104528336,0.653516835635867,0.4455072637053865,0.02865959161017523,0.030711672476247585,0.06134091509724484,0.08063953245805419,0.3178798441664958,0.2551978675415214,0.15281935616157474,0.4464629895427517,0.3903424236210785,0.34297724010662295,/common/users/shared/pracsys/adaptive_roa_experiments/gaussian_torque/pen_epi_bald,0.9273423982348803,0.5760598484436703
fm,med,epi_bald,8,900,0.03524079207881132,100.0,0.33313465340670334,100.0,0.1569212630715604,0.03497566124619885,0.03427230852687935,0.15874907669692367,0.07033527193195023,0.05095843818542199,0.1907240100785663,0.19021442569671207,0.19021442569671204,0.8896862825507484,0.893192536395325,0.8302029936436334,-0.15335759688332992,0.06573765752667127,0.0006930110976844923,0.06695059462784499,3.5110803153770576e-15,0.8596765779864373,0.8417246513323812,0.6711931705380186,0.5024618457402905,0.6753875215380968,0.16968107033873528,0.0,101,48770,0.9948086442110347,0.9983422228629091,0.9992906124379286,0.7568659869569211,0.7275831275936334,0.5052908471333771,0.020228841625191177,0.026950599536476945,0.05303619809951171,0.0657376575266653,0.3396760303465245,0.2844781628050031,0.1734262866516301,0.4464629895427517,0.3903424236210785,0.34297724010662295,/common/users/shared/pracsys/adaptive_roa_experiments/gaussian_torque/pen_epi_bald,0.9352295600374768,0.6544023552057672
fm,med,epi_bald,9,1000,0.0225058471231574,100.0,0.23594809279470239,100.0,0.1243539060898093,0.020648408081470386,0.019964080450019524,0.16753569476450952,0.06843276314508628,0.05095843818542199,0.1907240100785663,0.19021442569671207,0.19021442569671204,0.9155218371949969,0.9259175722780397,0.88525733032602,-0.11864957965962682,0.042642811382224956,0.000507470660505938,0.043836723395530026,2.8657631823136853e-15,0.8962373444819423,0.8954117817339702,0.7996849942726231,0.4052752851281901,0.6753875215380968,0.16968107033873528,0.0,101,48770,0.9922484943118447,0.997291720402373,0.9965206530466589,0.8171672637090107,0.812417922992068,0.6677826268906558,0.014940361167549883,0.017692604122007034,0.0320733008265949,0.04264281138222126,0.36768505228624154,0.3179823662087349,0.22983391429157268,0.4464629895427517,0.3903424236210785,0.34297724010662295,/common/users/shared/pracsys/adaptive_roa_experiments/gaussian_torque/pen_epi_bald,0.9452002081193329,0.7758171535832045
fm,med,epi_bald,10,1100,0.026577232820748763,100.0,0.2715093005781782,100.0,0.15495940127127333,0.035723779809294885,0.03488641566135661,0.17107059694138071,0.08373641479382714,0.05095843818542199,0.1907240100785663,0.19021442569671207,0.19021442569671204,0.913717449251589,0.9080787369284397,0.7958991183104367,-0.15189235185564895,0.054030244416691006,0.0004830065291654457,0.0553771929464835,3.0322966360074588e-15,0.8934251848850168,0.8665892926226826,0.5764255319148937,0.4408364929118227,0.6753875215380968,0.16968107033873528,0.0,96,48770,0.9959345002823263,0.999588081834409,1.0,0.8100486819142096,0.7648263907128224,0.4049142105577808,0.018445268763086605,0.02030097050057711,0.03588785087909803,0.05403024441668517,0.3631330736108263,0.2986672134508919,0.13887635841705967,0.4464629895427517,0.3903424236210785,0.34297724010662295,/common/users/shared/pracsys/adaptive_roa_experiments/gaussian_torque/pen_epi_bald,0.9457061946165807,0.7159508579920237
fm,med,epi_bald,11,1200,0.020522644088593906,100.0,0.2274414625578008,100.0,0.14381997129382817,0.029565290084056832,0.0287114119548045,0.17077828109352547,0.08538781292523348,0.05095843818542199,0.1907240100785663,0.19021442569671207,0.19021442569671204,0.9197252409267993,0.9212425671519376,0.8037523067459503,-0.13677506663932745,0.048147556557993305,0.0004418303484231876,0.049511019069099854,2.192690473634684e-15,0.9026773062868223,0.88824231138526,0.5992546999958129,0.3967686548914199,0.6753875215380968,0.16968107033873528,0.0,101,48770,0.9839050560884409,0.9955648317244978,1.0,0.8338385230090934,0.8018070074066292,0.42781132301070124,0.011426816866636583,0.0149686193076957,0.03106694451175271,0.048147556557988615,0.37836784908755383,0.3143735903219192,0.1467295468525733,0.4464629895427517,0.3903424236210785,0.34297724010662295,/common/users/shared/pracsys/adaptive_roa_experiments/gaussian_torque/pen_epi_bald,0.9513012417281449,0.7468774706143354
fm,med,epi_bald,12,1300,0.011731105813507822,100.0,0.15000440519789385,100.0,0.08441029321304082,0.007621074133496259,0.007032875953210729,0.17583783180279716,0.05881981802855291,0.05095843818542199,0.1907240100785663,0.19021442569671207,0.19021442569671204,0.9355341398400656,0.9562230879639122,0.9448021324584785,-0.07213840475702277,0.021409469847128243,0.00031718002933325216,0.022507252409267993,2.615963001773025e-15,0.9242044358727098,0.9411440385940731,0.9128576977858345,0.3193315975310745,0.6753875215380968,0.16968107033873528,0.0,101,48770,0.9726986704556988,0.9902540898016011,0.9954112248499823,0.8803159731790209,0.896674896254662,0.8429485263346685,0.008013371359690772,0.00948346884883236,0.016246967004470345,0.02140946984712701,0.40405987287266765,0.35345499282345705,0.29044494566331763,0.4464629895427517,0.3903424236210785,0.34297724010662295,/common/users/shared/pracsys/adaptive_roa_experiments/gaussian_torque/pen_epi_bald,0.9549142159520886,0.8874456037247951
fm,med,epi_bald,13,1400,0.015523464947500664,100.0,0.17322808232318432,100.0,0.08674287471806438,0.007281022107422063,0.006682275920931362,0.17258585441276975,0.05987461864907016,0.05095843818542199,0.1907240100785663,0.19021442569671207,0.19021442569671204,0.934262866516301,0.9558950174287472,0.941623949149067,-0.06924359237236007,0.024310847204876324,0.0003749938102375588,0.02541917777322124,2.626371342628886e-15,0.9226388687804643,0.9405915983097191,0.9073935530039358,0.3425552746563123,0.6753875215380968,0.16968107033873528,0.0,101,48770,0.9720357941834452,0.9917297612114152,0.995148401826484,0.8780196564710205,0.8944686662814519,0.8338614216536139,0.011332268761016076,0.014044817334716051,0.019664748883127803,0.024310847204873254,0.4032807053516506,0.35206069304900556,0.287389788804593,0.4464629895427517,0.3903424236210785,0.34297724010662295,/common/users/shared/pracsys/adaptive_roa_experiments/gaussian_torque/pen_epi_bald,0.9473245570669045,0.8721924106658512
fm,med,epi_bald,14,1500,0.013446927305751748,100.0,0.16439563571560056,100.0,0.08689194176748001,0.007891753840854084,0.0073291493667507375,0.17457503396248225,0.056260447410334646,0.05095843818542199,0.1907240100785663,0.19021442569671207,0.19021442569671204,0.933032602009432,0.9505023580069715,0.941746975599754,-0.0748882509739594,0.022968541100983175,0.0003389096946161211,0.02404072995694074,2.615963001773025e-15,0.9208088841472285,0.9327164278945314,0.9073717844217664,0.33372282804870657,0.6753875215380968,0.16968107033873528,0.0,101,48770,0.975344154509965,0.9935277002553292,0.9979202524383247,0.8720492330302195,0.8789199978988286,0.8318885634004902,0.01042363350544617,0.011273025767205803,0.017056234893530184,0.02296854110098106,0.3991798236620874,0.345314742669674,0.2859134713963502,0.4464629895427517,0.3903424236210785,0.34297724010662295,/common/users/shared/pracsys/adaptive_roa_experiments/gaussian_torque/pen_epi_bald,0.9503028874875997,0.8792492156320182
fm,med,epi_bald,15,1600,0.0036303969603065467,100.0,0.07657444049808441,100.0,0.0686421980725856,0.0044220357772586,0.0037998090399242145,0.18130114940308784,0.06222267373343855,0.05095843818542199,0.1907240100785663,0.19021442569671207,0.19021442569671204,0.949661677260611,0.96272298544187,0.950666393274554,-0.049028501127742465,0.012713085333548733,0.00015596931087646042,0.013844896452737338,2.723515857283587e-16,0.9421522656047504,0.9506728890818319,0.9229389533021587,0.2459016328311869,0.6753875215380968,0.16968107033873528,0.0,101,48770,0.9674328574885072,0.9831640383859925,0.9939979303208003,0.9181592725268669,0.920260545253979,0.8613618700304896,0.0016880927379183959,0.0018730502068043308,0.00552941378103338,0.01271308533354853,0.42372360057412345,0.3653680541316383,0.297211400451097,0.4464629895427517,0.3903424236210785,0.34297724010662295,/common/users/shared/pracsys/adaptive_roa_experiments/gaussian_torque/pen_epi_bald,0.9641913511567385,0.9331644522386585
fm,med,epi_bald,16,1700,0.0022382730688348586,100.0,0.059661737679242335,100.0,0.06764957965962683,0.005600578809048566,0.004828810376310275,0.18599346934691371,0.07717684327382912,0.05095843818542199,0.1907240100785663,0.19021442569671207,0.19021442569671204,0.9659831863850727,0.9753947098626204,0.9447201148246873,-0.04501722370309616,0.00904976672610874,8.467982828390078e-05,0.01033111954070125,1.0061396160665481e-16,0.9618646989862768,0.9680647221630829,0.9125073018757706,0.2289889300125659,0.6753875215380968,0.16968107033873528,0.0,101,48770,0.9628606930829766,0.9810669399643994,0.9980123518137289,0.9608707632956738,0.9554026369701109,0.8404973994141208,0.0006050043183526892,0.0006273059071336341,0.004306749833789989,0.009049766726108436,0.44554029116259997,0.38013122821406603,0.28884560180438795,0.4464629895427517,0.3903424236210785,0.34297724010662295,/common/users/shared/pracsys/adaptive_roa_experiments/gaussian_torque/pen_epi_bald,0.9709013278695661,0.9524233417472859
fm,med,epi_bald,17,1800,0.0009896600442678054,100.0,0.03593591184295035,100.0,0.04534775476727497,0.001316990596843584,0.0006738398563030547,0.18683549934262345,0.06431507405405293,0.05095843818542199,0.1907240100785663,0.19021442569671207,0.19021442569671204,0.9654295673569817,0.979126512200123,0.9752511790034858,-0.010347549723190488,0.0040527662103918,5.346581524978118e-05,0.005205501332786549,1.1015494072452725e-16,0.9619395909521874,0.9734134238704624,0.9630536594324896,0.20526310417588148,0.6753875215380968,0.16968107033873528,0.0,101,48770,0.945924347362813,0.9679530462785021,0.9867645213900389,0.9785064756131165,0.9789357566843515,0.9404555509057213,0.0004528574653651481,0.00040699428154823756,0.0014623547345507502,0.004052766210391812,0.4618412958786139,0.39477137584580685,0.32688127947508716,0.4464629895427517,0.3903424236210785,0.34297724010662295,/common/users/shared/pracsys/adaptive_roa_experiments/gaussian_torque/pen_epi_bald,0.9712391539179447,0.9786936968868295
fm,med,epi_bald,18,1900,0.0007482409487436467,100.0,0.031551139937224186,100.0,0.04188989132663523,0.0010047482269046875,0.0003760827946448325,0.18676832566245247,0.0628665432259855,0.05095843818542199,0.1907240100785663,0.19021442569671207,0.19021442569671204,0.976112364158294,0.978449866721345,0.974328480623334,-0.012634611441459914,0.0038221828289041735,5.934508271084234e-05,0.004960432643018249,-2.654126918244515e-16,0.9733975749549014,0.9724645654850795,0.9619221411192214,0.200878332270081,0.6753875215380968,0.16968107033873528,0.0,101,48770,0.967982197193333,0.9700501777127326,0.9790131864050021,0.9788738862863966,0.9748910017334664,0.9454175883302445,0.00022345662903381952,0.0002177540837946857,0.001123235895970163,0.0038221828289042095,0.4514865696124667,0.3922903424236211,0.3312077096575764,0.4464629895427517,0.3903424236210785,0.34297724010662295,/common/users/shared/pracsys/adaptive_roa_experiments/gaussian_torque/pen_epi_bald,0.9727633285362914,0.9799059255631932
fm,med,epi_bald,19,2000,0.0008904619317381612,100.0,0.03457628033428211,100.0,0.04434385892966989,0.0018470378427409445,0.0011973454088676616,0.18782657590982502,0.06496924338732829,0.05095843818542199,0.1907240100785663,0.19021442569671207,0.19021442569671204,0.9768300184539676,0.9809309001435309,0.9744720114824688,-0.025754152142710686,0.0035851951957549663,4.6908713844174214e-05,0.004744472011482469,2.3765711620882257e-16,0.9739451233571593,0.9752685884480374,0.9615586500756478,0.20390347266736436,0.6753875215380968,0.16968107033873528,0.0,101,48770,0.9779588812743101,0.9876124306565411,0.9943167305236271,0.9699641774593551,0.9632295004464989,0.9308901775572428,0.0003445569080180442,0.0003254761268622242,0.0015325058044045525,0.003585195195754991,0.4428132048390404,0.3807053516506049,0.32109903629280295,0.4464629895427517,0.3903424236210785,0.34297724010662295,/common/users/shared/pracsys/adaptive_roa_experiments/gaussian_torque/pen_epi_bald,0.9732300552268258,0.9811518228303494
fm,med,yield_a1,0,100,0.13461368359622014,100.0,1.5132598893879672,100.0,0.38778142300594626,0.25905847712568986,0.2588908815471859,0.12823116466989198,0.016759557850392376,0.05095843818542199,0.1907240100785663,0.19021442569671207,0.19021442569671204,0.5537010457248308,0.6096575763789215,0.6570227598933771,-0.3877518966577814,0.3208741425739867,0.0018091447880656361,0.3215513225343448,-1.9317880628477724e-14,0.0007345514645119824,nan,nan,1.6825870817225959,0.6753875215380968,0.16968107033873528,0.0,28,48770,1.0,nan,nan,0.0003674106732800588,0.0,0.0,0.09399632991799985,0.09633358808507342,0.19160599997305994,0.3208741425739499,0.00016403526758253025,0.0,0.0,0.4464629895427517,0.3903424236210785,0.34297724010662295,/common/users/shared/pracsys/adaptive_roa_experiments/gaussian_torque/pen_yield_a1,0.8557690401863265,-0.6869075066136439
fm,med,yield_a1,1,200,0.09826072674370254,100.0,0.9960551721040733,100.0,0.3303967603034652,0.19007230716921164,0.18955783480563326,0.14928625983542393,0.05144723635783715,0.05095843818542199,0.1907240100785663,0.19021442569671207,0.19021442569671204,0.712938281730572,0.6226368669263892,0.6570227598933771,-0.3301818741029321,0.23048600066691108,0.0013671239913441344,0.23151005741234368,-1.0325074129013956e-14,0.5261946663056721,0.06436197254702593,nan,1.1653823644382697,0.6753875215380968,0.16968107033873528,0.0,66,48770,1.0,1.0,nan,0.3570313217598971,0.03325103745338026,0.0,0.05721908442638412,0.05866467836039361,0.17746832912889388,0.23048600066689898,0.15940127127332376,0.012979290547467706,0.0,0.4464629895427517,0.3903424236210785,0.34297724010662295,/common/users/shared/pracsys/adaptive_roa_experiments/gaussian_torque/pen_yield_a1,0.8937807166363975,-0.21171672349609372
fm,med,yield_a1,2,300,0.07076334402775328,100.0,0.7080583854372084,100.0,0.29049313102317,0.15142708413841616,0.1507464899869362,0.16280355884687797,0.0680594151479942,0.05095843818542199,0.1907240100785663,0.19021442569671207,0.19021442569671204,0.7758047980315768,0.6874513020299364,0.6570227598933771,-0.2904213655936026,0.1781573568367704,0.0011117449138772733,0.17934753537010453,5.551115123125783e-17,0.6647452014472313,0.33235513118128857,nan,0.8773855777712347,0.6753875215380968,0.16968107033873528,0.0,71,48770,1.0,1.0,nan,0.4978414622944797,0.19929610757997585,0.0,0.0300787245015251,0.031648923104323476,0.15160903923384814,0.17815735683678569,0.22226778757432847,0.07779372565101497,0.0,0.4464629895427517,0.3903424236210785,0.34297724010662295,/common/users/shared/pracsys/adaptive_roa_experiments/gaussian_torque/pen_yield_a1,0.9244745934335444,0.0633867216736026
fm,med,yield_a1,3,400,0.062448182257498694,100.0,0.5837309978551014,100.0,0.22882181669058843,0.08742013621547468,0.08673436971305039,0.1567858317564126,0.06857665024242839,0.05095843818542199,0.1907240100785663,0.19021442569671207,0.19021442569671204,0.8301824892351856,0.8090834529423826,0.7225138404757023,-0.22871765429567356,0.12016296365334708,0.0009414714075203033,0.12135831453762559,-2.761679773755077e-15,0.7651562411387739,0.6762855056843861,0.3206666332011445,0.7530581901889126,0.6753875215380968,0.16968107033873528,0.0,94,48770,1.0,1.0,1.0,0.6196381004868191,0.5108998266533592,0.19094876546900222,0.04049978977803499,0.04216281328768098,0.10061995669219534,0.1201629636533439,0.27664547877793727,0.19942587656346114,0.0654910805823252,0.4464629895427517,0.3903424236210785,0.34297724010662295,/common/users/shared/pracsys/adaptive_roa_experiments/gaussian_torque/pen_yield_a1,0.9161371018425157,0.36827628497040876
fm,med,yield_a1,4,500,0.07872521525995052,100.0,0.6882676116027111,100.0,0.27970350625384455,0.1244778843718236,0.12375687596915844,0.14673594817194272,0.07210084026651589,0.05095843818542199,0.1907240100785663,0.19021442569671207,0.19021442569671204,0.7971498872257535,0.7033627229854419,0.6570432643018249,-0.27919622718884557,0.16723535349393048,0.0010951196420055794,0.16846594627844985,2.6645352591003757e-15,0.7060466498291488,0.3871732960562545,0.00011956001912960307,0.8575948039367481,0.6753875215380968,0.16968107033873528,0.0,76,48770,1.0,1.0,1.0,0.5456507761550473,0.2400588327992856,5.978358342799067e-05,0.0448120118552768,0.04349676796672541,0.14313799927717216,0.16723535349393143,0.24361287676850524,0.0937051466065204,2.0504408447816282e-05,0.4464629895427517,0.3903424236210785,0.34297724010662295,/common/users/shared/pracsys/adaptive_roa_experiments/gaussian_torque/pen_yield_a1,0.9138249977700695,0.12080614873774409
fm,med,yield_a1,5,600,0.07706980300318413,100.0,0.7262599959026469,100.0,0.3025437769120361,0.15556657057903622,0.1548841379691564,0.15303470204370528,0.0682432609879811,0.05095843818542199,0.1907240100785663,0.19021442569671207,0.19021442569671204,0.7776501947918802,0.6194791880254255,0.6570227598933771,-0.30223087963912243,0.19206386162216796,0.0011573575327818,0.193255878613902,4.773959005888173e-15,0.6684197651663405,0.04908792785406846,nan,0.8955871882367569,0.6753875215380968,0.16968107033873528,0.0,61,48770,1.0,1.0,nan,0.5019748323688803,0.02516152755161002,0.0,0.03572642562595425,0.03478698405005227,0.14935372346595768,0.1920638616221489,0.22411318433463195,0.009821611646503999,0.0,0.4464629895427517,0.3903424236210785,0.34297724010662295,/common/users/shared/pracsys/adaptive_roa_experiments/gaussian_torque/pen_yield_a1,0.922061511005802,-0.009722900451329286
fm,med,yield_a1,6,700,0.07989817372995583,100.0,0.7623720742029976,100.0,0.3136815665368054,0.17005842239043725,0.16940364755576698,0.1542820121286319,0.06547748346702623,0.05095843818542199,0.1907240100785663,0.19021442569671207,0.19021442569671204,0.7631125692023785,0.6104367438999385,0.6570227598933771,-0.3133875333196636,0.20533606112384867,0.001185975249723401,0.20650042034037316,1.5265566588595902e-15,0.6389123300515706,0.003984272608125819,nan,0.9316992665371209,0.6753875215380968,0.16968107033873528,0.0,55,48770,1.0,1.0,nan,0.4694130614494351,0.001996112832904344,0.0,0.03935446322979682,0.04033687707503178,0.14897596510522387,0.20533606112383562,0.2095755587451302,0.0007791675210170187,0.0,0.4464629895427517,0.3903424236210785,0.34297724010662295,/common/users/shared/pracsys/adaptive_roa_experiments/gaussian_torque/pen_yield_a1,0.9176132176595273,-0.0794978370948971
fm,med,yield_a1,7,800,0.06912459929909764,100.0,0.6508958637055319,100.0,0.28120463399630924,0.13347039476274986,0.13273793435800527,0.15600118975007615,0.07324604047445958,0.05095843818542199,0.1907240100785663,0.19021442569671207,0.19021442569671204,0.8000615132253435,0.6866926389173672,0.6570432643018249,-0.2808425261431207,0.1669511703046458,0.0010505524075312873,0.16819321509124463,4.6351811278100286e-15,0.7114832677456578,0.3296481530227253,0.00011956001912960307,0.820223056039544,0.6753875215380968,0.16968107033873528,0.0,75,48770,1.0,1.0,1.0,0.5521723156057683,0.19735252403214792,5.978358342799067e-05,0.030380304997897352,0.03191222456262173,0.13890038865174312,0.1669511703046454,0.24652450276809515,0.07703506253844576,2.0504408447816282e-05,0.4464629895427517,0.3903424236210785,0.34297724010662295,/common/users/shared/pracsys/adaptive_roa_experiments/gaussian_torque/pen_yield_a1,0.9243545448428238,0.12230016365403551
fm,med,yield_a1,8,900,0.05069705906632005,100.0,0.48245862945201307,100.0,0.2322374410498257,0.09040968669250955,0.08960431462034232,0.16491680523940086,0.08053720721672332,0.05095843818542199,0.1907240100785663,0.19021442569671207,0.19021442569671204,0.8480213245847857,0.8060693049005536,0.6642198072585606,-0.2318724625794546,0.11490193507765788,0.0008005592571737771,0.1162168915316793,4.315992008230296e-15,0.7948859862740757,0.6694856024601621,0.041105515868368664,0.6517858217858515,0.6753875215380968,0.16968107033873528,0.0,84,48770,1.0,1.0,1.0,0.6595940112060256,0.503178021747124,0.020984037783224725,0.026494740308559396,0.0275674167966301,0.089642654709896,0.11490193507765463,0.2944843141275374,0.19641172852163216,0.007197047365183514,0.4464629895427517,0.3903424236210785,0.34297724010662295,/common/users/shared/pracsys/adaptive_roa_experiments/gaussian_torque/pen_yield_a1,0.9340273501890802,0.3959346949801609
fm,med,yield_a1,9,1000,0.0392308524472029,100.0,0.40241968761419966,100.0,0.2083483698995284,0.07394142292303578,0.07313762300049688,0.16876538584146625,0.08037999225389014,0.05095843818542199,0.1907240100785663,0.19021442569671207,0.19021442569671204,0.8644248513430387,0.8355546442485134,0.7125897067869592,-0.2074063973754357,0.0945866628557463,0.0007047986884983288,0.09590004716013943,3.608224830031759e-15,0.8210264183629277,0.7331470020629534,0.2788496167103977,0.5717468799479747,0.6753875215380968,0.16968107033873528,0.0,90,48770,0.9997363216875412,1.0,1.0,0.6965187838706715,0.5787151336870305,0.16201351108985473,0.01881751697827105,0.0211927319949553,0.06906751811739444,0.09458666285573417,0.311051876153373,0.22589706786959196,0.05556694689358212,0.4464629895427517,0.3903424236210785,0.34297724010662295,/common/users/shared/pracsys/adaptive_roa_experiments/gaussian_torque/pen_yield_a1,0.9414162717204388,0.5027366483414866
fm,med,yield_a1,10,1100,0.021462647324136965,100.0,0.24868234672017017,100.0,0.1392411318433463,0.028644025343330694,0.027934927454456304,0.17138916521480546,0.0709097888874391,0.05095843818542199,0.1907240100785663,0.19021442569671207,0.19021442569671204,0.9057002255484929,0.9131433258150502,0.8544187000205045,-0.13435083042854212,0.04676018793636592,0.0004680655386966901,0.04797887020709453,3.011479954295737e-15,0.8826576174316842,0.8748448856585711,0.7306320661658701,0.4180095390536765,0.6753875215380968,0.16968107033873528,0.0,101,48770,0.9929961536253517,0.9997298939833885,0.9997923372443153,0.7943878019656471,0.7776960655565478,0.5756561248281222,0.012845473392941275,0.0164127819097265,0.030425959047100923,0.04676018793636117,0.3571662907525118,0.3036497847037113,0.1974779577609186,0.4464629895427517,0.3903424236210785,0.34297724010662295,/common/users/shared/pracsys/adaptive_roa_experiments/gaussian_torque/pen_yield_a1,0.9488742103425551,0.7541711793672115
fm,med,yield_a1,11,1200,0.016025052408225486,100.0,0.20040137735327956,100.0,0.12728767685052286,0.025191401845401393,0.024423196188255815,0.1725518072489646,0.07682056571455793,0.05095843818542199,0.1907240100785663,0.19021442569671207,0.19021442569671204,0.9284806233340168,0.9251794135739184,0.8366823867131433,-0.12288661062128356,0.04208581463600533,0.000444377298057791,0.04336360467500512,2.040034807748725e-15,0.9136120467604517,0.8944552107135626,0.6876103070949524,0.369728569686754,0.6753875215380968,0.16968107033873528,0.0,101,48770,0.9915062896462746,0.995236869207003,0.9995438996579248,0.8470653072471755,0.8122078058517623,0.5240628923297662,0.006917959583532504,0.011518659301648795,0.026258686775482855,0.04208581463600245,0.3814230059462784,0.3185564896452737,0.1798236620873488,0.4464629895427517,0.3903424236210785,0.34297724010662295,/common/users/shared/pracsys/adaptive_roa_experiments/gaussian_torque/pen_yield_a1,0.9556549173750262,0.7787454107023977
fm,med,yield_a1,12,1300,0.008334546130978601,100.0,0.10857697403042023,100.0,0.07751466065204018,0.003584321752971034,0.0029186330637412335,0.17675322213295366,0.06656886892298007,0.05095843818542199,0.1907240100785663,0.19021442569671207,0.19021442569671204,0.9345294238261226,0.956141070330121,0.9569817510764814,-0.04544986672134509,0.016379836627501178,0.00023673966188072817,0.017555109698585192,1.5161483180037294e-15,0.9258011293658356,0.9425756396144863,0.9335865780310224,0.27790416636358556,0.6753875215380968,0.16968107033873528,0.0,101,48770,0.9370149113316713,0.9639248846914122,0.992128103343874,0.9148525764673464,0.9221515995167305,0.8815687212291504,0.007259575455187361,0.007303116711506888,0.009754357393909724,0.016379836627500803,0.4359032191921263,0.3734262866516301,0.30475702275989336,0.4464629895427517,0.3903424236210785,0.34297724010662295,/common/users/shared/pracsys/adaptive_roa_experiments/gaussian_torque/pen_yield_a1,0.9581652078638857,0.9138875163252967
fm,med,yield_a1,13,1400,0.0025499301447824544,100.0,0.07288930535690363,100.0,0.07511502973139227,0.008714535623580736,0.007987273542031183,0.18528171568369345,0.07272620815495533,0.05095843818542199,0.1907240100785663,0.19021442569671207,0.19021442569671204,0.9635841705966783,0.9645478777937256,0.9247488209965142,-0.06479064998974779,0.012919983555050195,0.0001383722353054177,0.01415683001845397,3.885780586188048e-16,0.958032043102226,0.9526418143471473,0.8770766345123259,0.2422164976901391,0.6753875215380968,0.16968107033873528,0.0,101,48770,0.9867114485981309,0.9953067765567766,0.9972579785208318,0.930972719757509,0.9134842674791196,0.7827464578226819,0.0004720984708682014,0.000778306667246584,0.004418246904144964,0.012919983555050118,0.42124256715193764,0.35825302440024603,0.26920237851137996,0.4464629895427517,0.3903424236210785,0.34297724010662295,/common/users/shared/pracsys/adaptive_roa_experiments/gaussian_torque/pen_yield_a1,0.9716554675643064,0.9320767417732527
fm,med,yield_a1,14,1500,0.0017153014586045413,100.0,0.05455583311568124,100.0,0.062482468730777126,0.0038805754370606557,0.0031557516610599265,0.18470606388347638,0.07248237760007292,0.05095843818542199,0.1907240100785663,0.19021442569671207,0.19021442569671204,0.956817715808899,0.9721755177363133,0.9494976419930286,-0.03621386098011072,0.008664113474295966,0.0001004276086510327,0.009898521632150914,3.382710778154774e-16,0.9520076568980448,0.9638027154632025,0.920892885819817,0.2238830254488413,0.6753875215380968,0.16968107033873528,0.0,101,48770,0.9448163560702009,0.9790808584435292,0.9950027762354248,0.9593092679342335,0.9489940641907864,0.8570574520236743,0.000352116614162946,0.00046569098820886353,0.002949277892726701,0.008664113474295855,0.4533114619643223,0.378347344679106,0.29542751691613695,0.4464629895427517,0.3903424236210785,0.34297724010662295,/common/users/shared/pracsys/adaptive_roa_experiments/gaussian_torque/pen_yield_a1,0.9715503367784847,0.954450807594843
fm,med,yield_a1,15,1600,0.0006982073537977469,100.0,0.032534741804159856,100.0,0.04152409267992618,0.001309100246404267,0.0007092145533034828,0.18679745520912086,0.05998856931007844,0.05095843818542199,0.1907240100785663,0.19021442569671207,0.19021442569671204,0.9696739799056797,0.9771170801722371,0.9728931720319869,-0.02267849087553824,0.004126185040894903,6.628153915869769e-05,0.005235655115849908,2.1163626406917047e-16,0.9662752251738684,0.9703049332127082,0.9592930163813278,0.20186193413694506,0.6753875215380968,0.16968107033873528,0.0,101,48770,0.9595579910330148,0.9831760582367215,0.9890786716616928,0.9730871681822357,0.9577664547985502,0.9312488790578107,0.00018886838448043127,0.00018973859985956784,0.0010340756343421927,0.0041261850408949394,0.4527578429362313,0.38025425466475293,0.3229239286446586,0.4464629895427517,0.3903424236210785,0.34297724010662295,/common/users/shared/pracsys/adaptive_roa_experiments/gaussian_torque/pen_yield_a1,0.9742320709109454,0.9783077175888126
fm,med,yield_a1,16,1700,0.0004275861678014059,100.0,0.023342432697856026,100.0,0.035150297313922496,0.0005768999611943693,-3.533255465512414e-05,0.18797771955380616,0.06122325158494936,0.05095843818542199,0.1907240100785663,0.19021442569671207,0.19021442569671204,0.9784908755382408,0.9811564486364568,0.9801517326225139,-0.008579044494566333,0.002201373588250767,3.751471362489834e-05,0.0033231904859544804,-2.211772431870429e-17,0.9760146335886589,0.9758494731033034,0.9706879844961239,0.19266962503062707,0.6753875215380968,0.16968107033873528,0.0,101,48770,0.971859204954237,0.9763883045856121,0.9834938945818249,0.9802057499770368,0.9753112360140779,0.9582112751838345,0.00012269506630794067,0.00010126891221007093,0.0007304740039310111,0.0022013735882507623,0.45029731392249334,0.3899118310436744,0.3341603444740619,0.4464629895427517,0.3903424236210785,0.34297724010662295,/common/users/shared/pracsys/adaptive_roa_experiments/gaussian_torque/pen_yield_a1,0.9747575977634707,0.9884268841325381
fm,med,yield_a1,17,1800,0.0006380114338849377,100.0,0.028197297870269363,100.0,0.04192577404141891,0.0011072073688660135,0.00042930635752231195,0.18743136097829163,0.06779010113437016,0.05095843818542199,0.1907240100785663,0.19021442569671207,0.19021442569671204,0.9707197047365184,0.9801107238056183,0.9817305720729957,-0.007072380561820793,0.0032123710759429437,4.408279904403616e-05,0.004399856469140865,1.8648277366750676e-16,0.9673764050077676,0.9743019127854606,0.9729647722790303,0.1975244902031624,0.6753875215380968,0.16968107033873528,0.0,101,48770,0.9624511319210838,0.9828424822278048,0.9878619839802835,0.9723523468356756,0.9659084939853969,0.9585101931009745,0.00011122088218663884,8.654409586948174e-05,0.0012235176244710304,0.003212371075942919,0.45105597703506256,0.3836169776501948,0.3327865491080582,0.4464629895427517,0.3903424236210785,0.34297724010662295,/common/users/shared/pracsys/adaptive_roa_experiments/gaussian_torque/pen_yield_a1,0.9739071376872911,0.983111843046726
fm,med,yield_a1,18,1900,0.0008052364947263704,100.0,0.03247793102668428,100.0,0.047830633586221055,0.0021009380883125622,0.0013584305441400601,0.18761725491282963,0.07425075441725021,0.05095843818542199,0.1907240100785663,0.19021442569671207,0.19021442569671204,0.9772811154398195,0.9785933975804798,0.9713348369899528,-0.017244617592782452,0.003955601328022899,5.0859926230390775e-05,0.00520769325404962,4.0852737859253807e-16,0.9744146307670992,0.9722369960642485,0.9567557535263549,0.2018051233598764,0.6753875215380968,0.16968107033873528,0.0,101,48770,0.9798903956901356,0.9845424678192493,0.9912826100890969,0.968999724441995,0.9602353311971424,0.9245531177138757,7.690499416970894e-05,0.000149172346802022,0.0015547537606948644,0.003955601328022898,0.44150092269838015,0.3807053516506049,0.3198892761943818,0.4464629895427517,0.3903424236210785,0.34297724010662295,/common/users/shared/pracsys/adaptive_roa_experiments/gaussian_torque/pen_yield_a1,0.974337878604875,0.9792045145181054
fm,med,yield_a1,19,2000,0.00044816270418692096,100.0,0.022539737343510346,100.0,0.036997334426901785,0.0009789531218962972,0.00031369285053391377,0.1884199203462489,0.06652602713623834,0.05095843818542199,0.1907240100785663,0.19021442569671207,0.19021442569671204,0.978675415214271,0.9828993233545212,0.9813204839040394,-0.007978675415214272,0.002108198200997053,3.148746550768206e-05,0.0032830428542136567,-2.905661822261152e-17,0.9760291338219703,0.9778732887615409,0.9722332286872505,0.1918669296763816,0.6753875215380968,0.16968107033873528,0.0,101,48770,0.9796872108088099,0.9878852854462611,0.9917298843427435,0.9723982731698356,0.9680621946735305,0.9534883720930233,7.524496554638075e-05,5.401581946179003e-05,0.0009298236620873232,0.002108198200997067,0.44314127537420545,0.3825097395940127,0.32975189665778143,0.4464629895427517,0.3903424236210785,0.34297724010662295,/common/users/shared/pracsys/adaptive_roa_experiments/gaussian_torque/pen_yield_a1,0.9750078362674751,0.988916728091073
fm,med,yield_mlp,0,100,0.13461368359622014,100.0,1.5132598893879672,100.0,0.38778142300594626,0.25905847712568986,0.2588908815471859,0.12823116466989198,0.016759557850392376,0.05095843818542199,0.1907240100785663,0.19021442569671207,0.19021442569671204,0.5537010457248308,0.6096575763789215,0.6570227598933771,-0.3877518966577814,0.3208741425739867,0.0018091447880656361,0.3215513225343448,-1.9317880628477724e-14,0.0007345514645119824,nan,nan,1.6825870817225959,0.6753875215380968,0.16968107033873528,0.0,28,48770,1.0,nan,nan,0.0003674106732800588,0.0,0.0,0.09399632991799985,0.09633358808507342,0.19160599997305994,0.3208741425739499,0.00016403526758253025,0.0,0.0,0.4464629895427517,0.3903424236210785,0.34297724010662295,/common/users/shared/pracsys/adaptive_roa_experiments/gaussian_torque/pen_yield_mlp,0.8557690401863265,-0.6869075066136439
fm,med,yield_mlp,1,200,0.1216110581269594,100.0,1.0985343785397839,100.0,0.3457194996924338,0.18540835669217867,0.18492499144238733,0.12321384308813936,0.04833652497913314,0.05095843818542199,0.1907240100785663,0.19021442569671207,0.19021442569671204,0.6639122411318433,0.6096780807873693,0.6570227598933771,-0.34249948738978875,0.2519255740509462,0.0014541942575417588,0.25291852368259177,-1.3822276656583199e-14,0.39961906157283617,0.00010505305179115455,nan,1.2678615708740681,0.6753875215380968,0.16968107033873528,0.0,50,48770,0.9869730414329655,1.0,nan,0.2505281528428401,5.252928507643011e-05,0.0,0.08309223048611722,0.08526845655654708,0.1906338695546781,0.251925574050947,0.11332786549108058,2.0504408447816282e-05,0.0,0.4464629895427517,0.3903424236210785,0.34297724010662295,/common/users/shared/pracsys/adaptive_roa_experiments/gaussian_torque/pen_yield_mlp,0.8588388009748107,-0.32442938083271167
fm,med,yield_mlp,2,300,0.07648921697046945,100.0,0.7936392484683508,100.0,0.31267931105187613,0.1800865708178828,0.17947400905094127,0.16438779844822074,0.06125617669415087,0.05095843818542199,0.1907240100785663,0.19021442569671207,0.19021442569671204,0.7381381997129383,0.638281730572073,0.6570227598933771,-0.3126559360262456,0.20530063629943066,0.001226608035177232,0.20642278244822637,-1.970645868709653e-15,0.5850472755629204,0.13664170704252923,nan,0.9629664408024623,0.6753875215380968,0.16968107033873528,0.0,67,48770,1.0,1.0,nan,0.41347478644254615,0.07333088196669643,0.0,0.031849870449419004,0.03352950460106198,0.1607701330508312,0.20530063629942938,0.18460118925568997,0.02862415419315153,0.0,0.4464629895427517,0.3903424236210785,0.34297724010662295,/common/users/shared/pracsys/adaptive_roa_experiments/gaussian_torque/pen_yield_mlp,0.9229894807156767,-0.07931160082870292
fm,med,yield_mlp,3,400,0.0610145530179581,100.0,0.5776452320345821,100.0,0.23200717654295674,0.08954822349314491,0.08884001590982762,0.15819718128546695,0.0708207583317282,0.05095843818542199,0.1907240100785663,0.19021442569671207,0.19021442569671204,0.827783473446791,0.8136559360262456,0.6945458273528808,-0.2318747180643838,0.12085726032107004,0.000926062520524298,0.12207505228624155,-2.706168622523819e-15,0.7610458334518763,0.6864693300213897,0.1972301557363798,0.7469724243684092,0.6753875215380968,0.16968107033873528,0.0,90,48770,1.0,1.0,1.0,0.6142647193900983,0.5226138572254032,0.10940395767322293,0.03641607794160603,0.03930030673766196,0.10573251590126276,0.12085726032107143,0.27424646298954275,0.20399835964732418,0.037523067459503796,0.4464629895427517,0.3903424236210785,0.34297724010662295,/common/users/shared/pracsys/adaptive_roa_experiments/gaussian_torque/pen_yield_mlp,0.9179897970734642,0.36462621129602835
fm,med,yield_mlp,4,500,0.06555967467001696,100.0,0.5998770293688008,100.0,0.24953742054541725,0.10154394461359972,0.10077323224074258,0.15968063871922844,0.07707123728571341,0.05095843818542199,0.1907240100785663,0.19021442569671207,0.19021442569671204,0.8403116670084068,0.7823046955095345,0.6577814230059463,-0.2495066639327455,0.13130701921822283,0.0008974804170811745,0.1325873159729342,-3.3861802251067274e-15,0.7822147651006712,0.6133226499617584,0.004414220949654021,0.7692042217026861,0.6753875215380968,0.16968107033873528,0.0,81,48770,1.0,1.0,1.0,0.6423257095618627,0.4422965803435415,0.002211992586835655,0.04208335145591698,0.04318529150433639,0.1092577747435331,0.13130701921821858,0.2867746565511585,0.1726471191306131,0.0007586631125692024,0.4464629895427517,0.3903424236210785,0.34297724010662295,/common/users/shared/pracsys/adaptive_roa_experiments/gaussian_torque/pen_yield_mlp,0.9177750508102447,0.30968947945312153
fm,med,yield_mlp,5,600,0.04195857969677819,100.0,0.40504982541600315,100.0,0.2042130408037728,0.06591120719102898,0.06504839081732681,0.1660714506097678,0.08628163737021644,0.05095843818542199,0.1907240100785663,0.19021442569671207,0.19021442569671204,0.8854418700020504,0.8517736313307361,0.6884150092269838,-0.20333381176953044,0.08919136590427545,0.000660664963993211,0.09056376665983186,4.385380947269368e-15,0.8528458924855796,0.7656346247365862,0.16770730638624162,0.5743770177497919,0.6753875215380968,0.16968107033873528,0.0,90,48770,0.9998147347619342,1.0,1.0,0.743547350050519,0.6202657981824867,0.09152866622825372,0.027409423329045345,0.027577673805927294,0.0625632718408157,0.08919136590426897,0.33202788599548905,0.24211605495181465,0.03139224933360672,0.4464629895427517,0.3903424236210785,0.34297724010662295,/common/users/shared/pracsys/adaptive_roa_experiments/gaussian_torque/pen_yield_mlp,0.9346271687142076,0.5311009373890133
fm,med,yield_mlp,6,700,0.030319962694769782,100.0,0.2844149868913885,100.0,0.14280131228214066,0.02887037959078533,0.02808850876027394,0.16879976592525037,0.07818708305113883,0.05095843818542199,0.1907240100785663,0.19021442569671207,0.19021442569671204,0.9190075866311257,0.9139840065614107,0.8371949969243387,-0.14064137789624767,0.049503168531739375,0.000517725899450343,0.05079462374410498,3.7192471324942744e-15,0.9004435931041437,0.8761842920811074,0.6887983068119463,0.45374217922498017,0.6753875215380968,0.16968107033873528,0.0,99,48770,0.9978214724611775,0.9999326327135543,1.0,0.8203821071002113,0.7796921783894522,0.525318347581754,0.025654308100483168,0.02724075423084623,0.03444111170138756,0.04950316853173541,0.36706992003280703,0.30436743899938484,0.18017223703096166,0.4464629895427517,0.3903424236210785,0.34297724010662295,/common/users/shared/pracsys/adaptive_roa_experiments/gaussian_torque/pen_yield_mlp,0.9385234880349221,0.7397507136989186
fm,med,yield_mlp,7,800,0.022326917947149617,100.0,0.21406046597956388,100.0,0.11129690383432436,0.01664212503241835,0.015941929494923242,0.17408303279398982,0.07001955374951069,0.05095843818542199,0.1907240100785663,0.19021442569671207,0.19021442569671204,0.932027885995489,0.9355751486569612,0.9149067049415625,-0.10865429567356981,0.03207332239764883,0.0004132878519148312,0.03328310231699816,3.3306690738754696e-15,0.917739894290181,0.9100744132799085,0.8584294193900526,0.38338765831301946,0.6753875215380968,0.16968107033873528,0.0,101,48770,0.9982186234817814,0.9997484751304785,0.9996027647572893,0.8492697712868559,0.8351631034301623,0.7521970466909786,0.02062666857212623,0.02255776149852035,0.02329203206971971,0.03207332239764494,0.3798441664957966,0.3260816075456223,0.25808898913266354,0.4464629895427517,0.3903424236210785,0.34297724010662295,/common/users/shared/pracsys/adaptive_roa_experiments/gaussian_torque/pen_yield_mlp,0.9457319547879011,0.8313833334134803
fm,med,yield_mlp,8,900,0.010224154807482727,100.0,0.1329604992952636,100.0,0.09020688948123848,0.011039655528293784,0.010346835157267548,0.1796420888178523,0.06928203710262353,0.05095843818542199,0.1907240100785663,0.19021442569671207,0.19021442569671204,0.9479393069509945,0.9514660652040189,0.9292597908550339,-0.08497908550338323,0.020919172036129183,0.000293084030142728,0.022121576789009632,1.85268467234323e-15,0.9384290806799718,0.9338105757668969,0.885122535961641,0.302287691628658,0.6753875215380968,0.16968107033873528,0.0,101,48770,0.9941427323639727,0.9983855536952883,0.9989477639984968,0.8886286396619821,0.8770814729211536,0.7945836073414241,0.007148727380427044,0.010252205300907315,0.012477896713702103,0.020919172036128655,0.3990773016198483,0.34291572688127947,0.2728111543981956,0.4464629895427517,0.3903424236210785,0.34297724010662295,/common/users/shared/pracsys/adaptive_roa_experiments/gaussian_torque/pen_yield_mlp,0.960363050287053,0.8900232095462421
fm,med,yield_mlp,9,1000,0.0066175962198846035,100.0,0.102088246407496,100.0,0.08192310846832068,0.008377953891955824,0.007657029681634443,0.18040618172734077,0.07209242103213807,0.05095843818542199,0.1907240100785663,0.19021442569671207,0.19021442569671204,0.9525938076686488,0.9597908550338323,0.9319458683616978,-0.07142936231289726,0.017465273651006682,0.0002540100263962212,0.018695782243182284,9.26342336171615e-16,0.9450204508703509,0.9458152579370562,0.889993702562063,0.2714154387408665,0.6753875215380968,0.16968107033873528,0.0,101,48770,0.9798796725515336,0.9977264777894369,0.9986611127640583,0.912556259759346,0.8990387140831013,0.8026543911042028,0.0026342158513575106,0.006672618330112661,0.010009841546487305,0.01746527365100651,0.4157883945048185,0.35173262251384046,0.27566126717244205,0.4464629895427517,0.3903424236210785,0.34297724010662295,/common/users/shared/pracsys/adaptive_roa_experiments/gaussian_torque/pen_yield_mlp,0.9651794737900431,0.9081811298641763
fm,med,yield_mlp,10,1100,0.0015205893885030962,100.0,0.052571698232147225,100.0,0.062216526553208945,0.005869742341093851,0.005080328207964319,0.18500405793534608,0.0789414133129532,0.05095843818542199,0.1907240100785663,0.19021442569671207,0.19021442569671204,0.9667623539060898,0.9728111543981957,0.9344269017838835,-0.034151322534344886,0.010290695969330374,0.00014229481190625626,0.011589694484314126,5.377642775528102e-17,0.9634671294313853,0.9642991761348338,0.8946570920350484,0.2218988905652317,0.6753875215380968,0.16968107033873528,0.0,101,48770,0.9459220250475727,0.9891190278928472,0.9962585283544861,0.981675392670157,0.9406944371487104,0.8118610629521134,0.00016627211214046556,0.0001424266035379457,0.002708978238402047,0.010290695969330216,0.4633381176953045,0.37123231494771375,0.27949559155218373,0.4464629895427517,0.3903424236210785,0.34297724010662295,/common/users/shared/pracsys/adaptive_roa_experiments/gaussian_torque/pen_yield_mlp,0.9727662445345593,0.9458994977292711
fm,med,yield_mlp,11,1200,0.001474422771508773,100.0,0.05171645294348122,100.0,0.06091347139635023,0.0054947042745289556,0.004720943310366105,0.18708175515686826,0.07737609641628505,0.05095843818542199,0.1907240100785663,0.19021442569671207,0.19021442569671204,0.9791060077916752,0.9767274964117285,0.945868361697765,-0.04599200328070536,0.007853613850210118,9.763054431194621e-05,0.009136959196227187,2.0816681711721685e-16,0.9763775876857453,0.9694785812246215,0.9146735617323853,0.22104364527682904,0.6753875215380968,0.16968107033873528,0.0,101,48770,0.9857697888873286,0.993168044077135,0.9955674382607472,0.9671626710755947,0.9468928927877291,0.8459377055060681,0.00019860280061221878,0.00031256588853472247,0.002629181760189559,0.00785361385021002,0.4380356776706992,0.3721550133278655,0.2914291572688128,0.4464629895427517,0.3903424236210785,0.34297724010662295,/common/users/shared/pracsys/adaptive_roa_experiments/gaussian_torque/pen_yield_mlp,0.973784649276047,0.9587117863356361
fm,med,yield_mlp,12,1300,0.0010099150410694258,100.0,0.03645078175568276,100.0,0.05038199712938282,0.0026807230500997276,0.0019095155268458643,0.1874261745885802,0.07712075232538632,0.05095843818542199,0.1907240100785663,0.19021442569671207,0.19021442569671204,0.9754152142710683,0.9817920852983392,0.9698175107648145,-0.015287471806438387,0.004697766634978035,5.834310394660895e-05,0.005978558540086118,3.139849491518021e-16,0.9726161927600776,0.9764005527798448,0.9543197616683218,0.20577797408884643,0.6753875215380968,0.16968107033873528,0.0,101,48770,0.9673799463904411,0.9881125275671023,0.9921920371684843,0.9779094332690365,0.9649629668540212,0.9192323787887846,0.00011659096604759784,0.00016434577474557912,0.0019836326666292804,0.004697766634977953,0.4513225343448842,0.3811974574533525,0.3177568177158089,0.4464629895427517,0.3903424236210785,0.34297724010662295,/common/users/shared/pracsys/adaptive_roa_experiments/gaussian_torque/pen_yield_mlp,0.9733590205447843,0.9753027846454274
fm,med,yield_mlp,13,1400,0.0011406031398074508,100.0,0.04088822830991687,100.0,0.055062128357596885,0.004071736454172456,0.0033058873541917176,0.18786159439002834,0.07658490999807384,0.05095843818542199,0.1907240100785663,0.19021442569671207,0.19021442569671204,0.9768300184539676,0.9755997539470986,0.9629690383432438,-0.03479393069509945,0.005658718660875724,6.610467008276231e-05,0.006934152142710682,2.8362728832220796e-16,0.9737270402232039,0.967910689246036,0.9431001890359167,0.21021542064323698,0.6753875215380968,0.16968107033873528,0.0,101,48770,0.9860614051610472,0.9944589128386989,0.9969359888096982,0.9616974373105539,0.9427430792666912,0.8947808931667364,0.00013331945661245966,0.00020256963732046836,0.0021783835898455386,0.005658718660875643,0.4354316177978265,0.3700430592577404,0.3078326840270658,0.4464629895427517,0.3903424236210785,0.34297724010662295,/common/users/shared/pracsys/adaptive_roa_experiments/gaussian_torque/pen_yield_mlp,0.9742573830236688,0.9702508438035173
fm,med,yield_mlp,14,1500,0.0005657408925495179,100.0,0.02626793695687845,100.0,0.04011913061308182,0.0016239644816008149,0.000926543169857174,0.1885689526204503,0.0697421311743641,0.05095843818542199,0.1907240100785663,0.19021442569671207,0.19021442569671204,0.9812794750871437,0.981812589706787,0.975784293623129,-0.013695919622718886,0.002572016246119178,3.833165437130194e-05,0.003779021939717039,2.1337098754514727e-16,0.9790524262934495,0.9763662039380778,0.9635932057091773,0.19559512928989536,0.6753875215380968,0.16968107033873528,0.0,101,48770,0.9782219980743662,0.9906996863847735,0.9947174134419552,0.9798842656379168,0.9624415611703525,0.9343576253960663,0.00011875511315740787,9.17255391727155e-05,0.0011806682780231613,0.0025720162461191636,0.4472216526553209,0.3792085298339143,0.3221652655320894,0.4464629895427517,0.3903424236210785,0.34297724010662295,/common/users/shared/pracsys/adaptive_roa_experiments/gaussian_torque/pen_yield_mlp,0.9748869141437793,0.9864783323520365
fm,med,yield_mlp,15,1600,0.001956670360203584,100.0,0.0546133487992003,100.0,0.06861820791470166,0.006981876123415359,0.006079980708325357,0.18802313245992713,0.0901895415090002,0.05095843818542199,0.1907240100785663,0.19021442569671207,0.19021442569671204,0.9803977855238877,0.9769325404962067,0.947098626204634,-0.043355136354316176,0.00827127394511032,8.356876709283277e-05,0.009682753742054542,2.42861286636753e-17,0.9778549918925179,0.9696233292831106,0.9164886385705963,0.22394054113274883,0.6753875215380968,0.16968107033873528,0.0,101,48770,0.9864928023929707,0.9976108456495166,0.9992941342556646,0.9693671351152751,0.9431633135473027,0.846356190590064,9.328718805856967e-05,0.0006806081731814365,0.00404303046872248,0.008271273945110067,0.4387123231494771,0.3690383432437974,0.29048595448021325,0.4464629895427517,0.3903424236210785,0.34297724010662295,/common/users/shared/pracsys/adaptive_roa_experiments/gaussian_torque/pen_yield_mlp,0.9740749821486919,0.9565160533181722
fm,med,yield_mlp,16,1700,0.0009963680171728869,100.0,0.038215047684503775,100.0,0.05298749231084683,0.004044253813689625,0.0032969773997656815,0.18811763850779856,0.07472764139239432,0.05095843818542199,0.1907240100785663,0.19021442569671207,0.19021442569671204,0.9775476727496412,0.9731187205249129,0.9645888866106213,-0.03296575763789215,0.0053937645886794955,6.48122419944326e-05,0.006650625384457659,3.1051550219984847e-16,0.9744701685668322,0.9644300946902895,0.9456456739999372,0.20754224001774982,0.6753875215380968,0.16968107033873528,0.0,101,48770,0.9896292086944168,0.9973625140291807,0.9984713545128273,0.9597685312758336,0.9336029836633923,0.8981287738387039,0.00012685021218955558,0.00016826323518138688,0.001859254892579668,0.005393764588679436,0.4329915931925364,0.3653885585400861,0.30850932950584375,0.4464629895427517,0.3903424236210785,0.34297724010662295,/common/users/shared/pracsys/adaptive_roa_experiments/gaussian_torque/pen_yield_mlp,0.9744967057602961,0.971643766928174
fm,med,yield_mlp,17,1800,0.00033215636565404123,100.0,0.01959173207885081,100.0,0.03326040598728727,0.0007166658421416602,8.458739931685704e-05,0.18854801854937286,0.06320784428248034,0.05095843818542199,0.1907240100785663,0.19021442569671207,0.19021442569671204,0.9775886815665368,0.9831043674389994,0.9829813409883125,-0.005467910600779169,0.0017509945466558138,3.2025527093791315e-05,0.0028926573713348373,-2.5717275531356165e-16,0.9748602709478575,0.9780254946930502,0.9746997500457234,0.18891892441163333,0.6753875215380968,0.16968107033873528,0.0,101,48770,0.9764548679906003,0.9932831374248415,0.9943404440574662,0.9732708735188758,0.9632295004464989,0.9558199318467149,9.007441650459945e-05,5.285821097999166e-05,0.0005548408008731754,0.001750994546655828,0.44500717654295674,0.37853188435513635,0.32969038343243795,0.4464629895427517,0.3903424236210785,0.34297724010662295,/common/users/shared/pracsys/adaptive_roa_experiments/gaussian_torque/pen_yield_mlp,0.9749133855571646,0.990794628008668
fm,med,yield_mlp,18,1900,0.0003113695543267056,100.0,0.019202556580653268,100.0,0.03227106827968014,0.0008461645232782771,0.00021735454529462673,0.1889825428610202,0.06288099779836505,0.05095843818542199,0.1907240100785663,0.19021442569671207,0.19021442569671204,0.982038138199713,0.9838220217346729,0.9819766249743694,-0.00963092064793931,0.001449237380986407,2.616487038662975e-05,0.002587631740824277,-7.632783294297951e-17,0.9798314684348667,0.9789896945650148,0.9731725927056311,0.18852974891347438,0.6753875215380968,0.16968107033873528,0.0,101,48770,0.9824099722991689,0.9927630157701447,0.9940765681506423,0.9772664645907964,0.9655933182749383,0.9531296705924553,9.647427732316034e-05,5.52794709448252e-05,0.0006072320498401847,0.001449237380986397,0.4441254869797006,0.3796596268197662,0.3288497026860775,0.4464629895427517,0.3903424236210785,0.34297724010662295,/common/users/shared/pracsys/adaptive_roa_experiments/gaussian_torque/pen_yield_mlp,0.9753861608384885,0.992381033269805
fm,med,yield_mlp,19,2000,0.0005704723220051195,100.0,0.02687951172939659,100.0,0.04003813819971294,0.001544813430406265,0.0008420300501613306,0.1888891884874434,0.07027833802449346,0.05095843818542199,0.1907240100785663,0.19021442569671207,0.19021442569671204,0.982694279270043,0.9841911010867337,0.9790034857494361,-0.016499897477957763,0.0021672672594304746,3.164559993789644e-05,0.003379635021529629,4.696763811207205e-16,0.9805798435342844,0.9794788533709511,0.968583174817451,0.19620670406257287,0.6753875215380968,0.16968107033873528,0.0,101,48770,0.9825693996126533,0.9927700442430129,0.9948320413436692,0.9785983282814366,0.9665388454063141,0.9436838644108327,0.00011224051049763387,0.00015422446735135486,0.0012249661366587445,0.002167267259430484,0.44465860159934384,0.38002870617182694,0.3253434488415009,0.4464629895427517,0.3903424236210785,0.34297724010662295,/common/users/shared/pracsys/adaptive_roa_experiments/gaussian_torque/pen_yield_mlp,0.9751898339036543,0.9886061887709501
fm,med,partx,0,100,0.00626660988933317,1.0,0.14578732840176162,100.0,0.0883519566001552,0.009553804828942223,0.009553804828942223,0.1729235304459618,0.04019901694976321,0.05095843818542199,0.1907240100785663,0.19021442569671207,0.19021442569671204,0.9005536190280911,0.9369489440229649,0.9480828378101291,-0.0711132910291117,0.02598777123411342,0.00030933903381060124,0.026497355615967638,-0.0008569288455790858,0.8792090057780434,0.913064374770292,0.9181853431562622,0.31511452073454294,0.6753875215380968,0.16968107033873528,0.0,20,48770,0.9604418326259658,0.988612709685319,0.9990858589410028,0.8106457242582897,0.8482428954141934,0.8494051533448915,0.0007444703468109581,0.0027725316892214364,0.012451934532338673,0.025987771234113305,0.37683001845396763,0.3349190075866311,0.2915931925363953,0.4464629895427517,0.3903424236210785,0.34297724010662295,/common/users/shared/pracsys/adaptive_roa_experiments/gaussian_torque/pen_partx,0.9590409606849425,0.8633764440371642
fm,med,partx,1,200,0.00639531073208206,1.0,0.13141546435480486,100.0,0.07921761007114132,0.006739124564635912,0.006739124564635912,0.17076588261339104,0.03695409862528321,0.05095843818542199,0.1907240100785663,0.19021442569671207,0.19021442569671204,0.907586631125692,0.937830633586221,0.9606930490055362,-0.05634366372980155,0.02547423009225252,0.00035742659289372006,0.02598381447410674,-0.0007134375557044173,0.8882331060136391,0.9158479045240079,0.9403417047894689,0.30074265668757433,0.6753875215380968,0.16968107033873528,0.0,20,48770,0.9653927012020915,0.9709292061437063,0.9806568869271712,0.8224947184715716,0.8666806744760204,0.9032103784300831,0.0007826132668744692,0.0030290314393002157,0.01229563848067774,0.02547423009225253,0.38037728111543984,0.34843141275374206,0.31589091654705764,0.4464629895427517,0.3903424236210785,0.34297724010662295,/common/users/shared/pracsys/adaptive_roa_experiments/gaussian_torque/pen_partx,0.9548798843368808,0.8660762452745304
fm,med,partx,2,300,0.0021521029616006853,1.0,0.05624899903230122,100.0,0.04877846136245623,0.0021725939747278492,0.0021725939747278492,0.18202089942156713,0.04385100668556343,0.05095843818542199,0.1907240100785663,0.19021442569671207,0.19021442569671204,0.9564896452737338,0.963830223498052,0.966967397990568,-0.033812003209485846,0.009680626954948637,0.00017498663851687904,0.01019021133680286,-0.0006854932949241586,0.9492150105303466,0.9521198631996091,0.9504475408323336,0.22557619136494658,0.6753875215380968,0.16968107033873528,0.0,20,48770,0.9910544727636182,0.9850603762987925,0.978839330968069,0.9107651327271057,0.9213111309555077,0.9236563639624559,0.00013255529541524448,0.0009474015475322431,0.0041105374834301735,0.009680626954948592,0.4102932130408038,0.3650809924133689,0.3236415829403322,0.4464629895427517,0.3903424236210785,0.34297724010662295,/common/users/shared/pracsys/adaptive_roa_experiments/gaussian_torque/pen_partx,0.967622023253932,0.9491067676939291
fm,med,partx,3,400,0.0009856932648939654,1.0,0.03516276183800917,100.0,0.03592841224491491,0.0017016253135743616,0.0017016253135743616,0.18730981701842414,0.042257614914264545,0.05095843818542199,0.1907240100785663,0.19021442569671207,0.19021442569671204,0.9647119130613082,0.9768710272708633,0.983145376255895,-0.029792741410843815,0.0038239742927413394,5.6119776282248765e-05,0.0043335586745955595,-0.0007822596991209647,0.9590091699416459,0.9695003244646334,0.9748976974286937,0.2044899541705588,0.6753875215380968,0.16968107033873528,0.0,20,48770,0.9960912374449558,0.9989413272413217,0.9964417254510269,0.924588959309268,0.941745022850239,0.9542655586775871,0.00017432998971340623,0.0006935481354894034,0.0015996501718823519,0.003823974292741331,0.41441459913881484,0.36799261841295877,0.328460118925569,0.4464629895427517,0.3903424236210785,0.34297724010662295,/common/users/shared/pracsys/adaptive_roa_experiments/gaussian_torque/pen_partx,0.9717331531388607,0.9798965074350434
fm,med,partx,4,500,0.001078393138858177,1.0,0.03595192555998864,100.0,0.03907770594212509,0.0003243472936006314,0.0003243472936006314,0.1852941475195301,0.04892983060412116,0.05095843818542199,0.1907240100785663,0.19021442569671207,0.19021442569671204,0.9625179413573919,0.9781833094115234,0.9836169776501948,-0.0142839759794286,0.004413220859297992,6.388543420442914e-05,0.0049228052411522125,-0.0008314046114845921,0.9574289706567303,0.9717427099378553,0.9757253531824396,0.20527911789257863,0.6753875215380968,0.16968107033873528,0.0,20,48770,0.9711801946518,0.9827039802331202,0.9919693600197678,0.944061724993111,0.9610232704732888,0.9600047826866742,0.00029747379876198145,0.0005921904350136312,0.001903430809476118,0.004413220859297997,0.4339963092064794,0.3817305720729957,0.33192536395324995,0.4464629895427517,0.3903424236210785,0.34297724010662295,/common/users/shared/pracsys/adaptive_roa_experiments/gaussian_torque/pen_partx,0.9698565924237974,0.9767987057599161
fm,med,partx,5,600,0.0004141270160807913,1.0,0.019965523261098687,100.0,0.030425401469892855,0.0003281000101402757,0.0003281000101402757,0.18742526264398357,0.05296213941324574,0.05095843818542199,0.1907240100785663,0.19021442569671207,0.19021442569671204,0.9703711297929055,0.9824277219602214,0.9844166495796596,-0.0001855533821008194,0.002396674037646587,3.864450248479589e-05,0.0029062584195008066,-0.0007205890252221904,0.9672253850166708,0.9775906701880083,0.977071139805708,0.18929271559354707,0.6753875215380968,0.16968107033873528,0.0,20,48770,0.955500784225857,0.9732895970009372,0.9862354589195444,0.9792412969596767,0.9819299259337081,0.968075566449453,5.408501054918254e-05,0.00016669350559233057,0.0006882908994880896,0.002396674037646593,0.4575558745130203,0.3938076686487595,0.3366618823046955,0.4464629895427517,0.3903424236210785,0.34297724010662295,/common/users/shared/pracsys/adaptive_roa_experiments/gaussian_torque/pen_partx,0.9747477467323762,0.9874001457625092
fm,med,partx,6,700,0.0003697014621973033,1.0,0.018520889378211697,100.0,0.029043521064494395,0.00044784316682226923,0.00044784316682226923,0.187949075501979,0.054806137487819165,0.05095843818542199,0.1907240100785663,0.19021442569671207,0.19021442569671204,0.9730982161164651,0.985052286241542,0.9859134713963502,0.00048678410942883414,0.001999201934188998,3.283168307049967e-05,0.002508786316043218,-0.0007139914273663482,0.970307337165618,0.9809745021791894,0.9792678878594925,0.18784808171067902,0.6753875215380968,0.16968107033873528,0.0,20,48770,0.9564965197215777,0.9747925311203319,0.9887263863497867,0.9845228253880776,0.9872353837264275,0.9699886411191487,6.802841502399699e-05,0.0001390619960398303,0.0006154380547800489,0.001999201934189005,0.45954480213245846,0.3953249948738979,0.3364773426286652,0.4464629895427517,0.3903424236210785,0.34297724010662295,/common/users/shared/pracsys/adaptive_roa_experiments/gaussian_torque/pen_partx,0.9753305015234615,0.9894897459702839
fm,med,partx,7,800,0.0003757136697372167,1.0,0.01931091068371714,100.0,0.02868230790481528,0.000347362071793638,0.000347362071793638,0.18788412079989983,0.053649074642364625,0.05095843818542199,0.1907240100785663,0.19021442569671207,0.19021442569671204,0.9763789214681157,0.9856264096780808,0.9846627024810334,-0.0009431290801969092,0.0019713586323263613,3.3419770039459964e-05,0.0024809430141805814,-0.000706308336279526,0.9738146110833297,0.9816832588644143,0.9774209128229897,0.1886381030161968,0.6753875215380968,0.16968107033873528,0.0,20,48770,0.9640414041404141,0.9766559218051367,0.9871349307969026,0.9837880040415174,0.9867626201607396,0.9678962156991691,6.78674315905988e-05,0.00015802092097233492,0.0006389673971433687,0.0019713586323263687,0.45560795571047774,0.39438179208529833,0.3362928029526348,0.4464629895427517,0.3903424236210785,0.34297724010662295,/common/users/shared/pracsys/adaptive_roa_experiments/gaussian_torque/pen_partx,0.975225570299964,0.9896361244679224
fm,med,partx,8,900,0.00035451987017333196,1.0,0.01843104112536325,100.0,0.02747889704812074,0.000357198489408999,0.000357198489408999,0.1882530568937309,0.05484993375583214,0.05095843818542199,0.1907240100785663,0.19021442569671207,0.19021442569671204,0.9798851753126923,0.9880459298749231,0.9851958171006766,-0.0032169436944786954,0.0015723861437438801,2.62355750579094e-05,0.0020819705255980996,-0.0007461811486462839,0.9776898410315891,0.9847513927758743,0.9781807192505287,0.1877582334579107,0.6753875215380968,0.16968107033873528,0.0,20,48770,0.9683741046087309,0.9806730568868515,0.9890606856933325,0.987186552769358,0.9888637915637968,0.967537514198601,5.980729395896323e-05,0.00018616430537744477,0.0006222949495068342,0.0015723861437438843,0.455136354316178,0.3936026245642813,0.3355136354316178,0.4464629895427517,0.3903424236210785,0.34297724010662295,/common/users/shared/pracsys/adaptive_roa_experiments/gaussian_torque/pen_partx,0.9754477776839493,0.9917336125376159
fm,med,partx,9,1000,0.0003721573225810656,1.0,0.018830381103663963,100.0,0.029439766239647426,0.0004175456831683791,0.0004175456831683791,0.18794441070171045,0.055857670447074015,0.05095843818542199,0.1907240100785663,0.19021442569671207,0.19021442569671204,0.9776912036087759,0.9855648964527374,0.984150092269838,-0.0042775522120301595,0.001953723480190095,3.168810492454573e-05,0.0024633078620443145,-0.0007338371979799057,0.975265981631354,0.9815851425582004,0.9766316998700081,0.18815757343625167,0.6753875215380968,0.16968107033873528,0.0,20,48770,0.9656072746916359,0.9775959985411348,0.9878302348336595,0.9851198677321577,0.9856069758890581,0.9656842231123334,5.062899810135341e-05,0.00013831327529071513,0.0006372974899850699,0.0019537234801901026,0.45548492925979084,0.3935411113389379,0.33528808693869183,0.4464629895427517,0.3903424236210785,0.34297724010662295,/common/users/shared/pracsys/adaptive_roa_experiments/gaussian_torque/pen_partx,0.9754885388321834,0.9897288364274474
fm,med,partx,10,1100,0.00046648630790916594,1.0,0.02121521552329634,100.0,0.03203262508463671,0.0006787132357057812,0.0006787132357057812,0.18790124592509727,0.05940460819045793,0.05095843818542199,0.1907240100785663,0.19021442569671207,0.19021442569671204,0.9807668648759483,0.9859134713963502,0.9786344063973754,-0.007658927738213758,0.0022608095832101407,3.420284538817299e-05,0.00277039396506436,-0.0007310834241104464,0.9787166454891995,0.981989775855289,0.968235581026704,0.1905424078560232,0.6753875215380968,0.16968107033873528,0.0,20,48770,0.9672167907435645,0.9801653757588444,0.9878086707719101,0.9904932488288785,0.9838209801964595,0.9494230884199198,9.091977224076518e-05,0.00015056307837945043,0.0008402831796738225,0.0022608095832101624,0.4572072995694074,0.3917982366208735,0.32964937461554233,0.4464629895427517,0.3903424236210785,0.34297724010662295,/common/users/shared/pracsys/adaptive_roa_experiments/gaussian_torque/pen_partx,0.9756107066972443,0.9881144157446035
fm,med,partx,11,1200,0.00029857479710847316,1.0,0.016253072221118027,100.0,0.02648813568379931,0.0004490600872409073,0.0004490600872409073,0.18850799445434926,0.055768545145494536,0.05095843818542199,0.1907240100785663,0.19021442569671207,0.19021442569671204,0.9792495386508099,0.9872052491285627,0.9876563461144146,-4.7215417183388313e-05,0.0014192897348813576,2.6802354080163022e-05,0.0019288741167355775,-0.0007362015947223596,0.9770843711788415,0.9837440733600792,0.9818936477382098,0.18558026455372542,0.6753875215380968,0.16968107033873528,0.0,20,48770,0.9636859031624084,0.9758127034988888,0.988015253313964,0.9908606595021585,0.9918054315280769,0.9758474322950917,7.780004265634136e-05,0.00012790124029706776,0.0005097613182389575,0.001419289734881357,0.4590526963297109,0.39673979905679724,0.33875333196637275,0.4464629895427517,0.3903424236210785,0.34297724010662295,/common/users/shared/pracsys/adaptive_roa_experiments/gaussian_torque/pen_partx,0.9760191401114895,0.9925384747782255
fm,med,partx,12,1300,0.0005565872687903732,1.0,0.02056307517528685,100.0,0.03548507021173299,0.0016591180148989618,0.0016591180148989618,0.18800849676257764,0.06624769948651536,0.05095843818542199,0.1907240100785663,0.19021442569671207,0.19021442569671204,0.9639737543571868,0.9847037112979291,0.9855033832273938,0.010765616601439832,0.0031496653733956094,4.4853249575347536e-05,0.0036592497552498295,-0.0007153815756377833,0.9610395369980265,0.9806444917233148,0.9785841941053525,0.18989026750791715,0.6753875215380968,0.16968107033873528,0.0,20,48770,0.9291257556918063,0.9688797744168162,0.9918334766056736,0.9952236612473593,0.9926984293743762,0.9656842231123334,4.909812606865498e-05,6.333014284218455e-05,0.0011067155883490304,0.0031496653733956038,0.4782243182284191,0.39993848677465654,0.33393479598113596,0.4464629895427517,0.3903424236210785,0.34297724010662295,/common/users/shared/pracsys/adaptive_roa_experiments/gaussian_torque/pen_partx,0.9759991926821786,0.9834415010225481
fm,med,partx,13,1400,0.0005613902087756166,1.0,0.020588366664520085,100.0,0.035400715997983646,0.001653440472759011,0.001653440472759011,0.18806835887309017,0.06681743740380243,0.05095843818542199,0.1907240100785663,0.19021442569671207,0.19021442569671204,0.9627434898503178,0.9860364978470371,0.9863645683822022,0.010454475370461718,0.003084964607326626,4.3958962868292695e-05,0.003594548989180846,-0.0007145426890542757,0.9597536934901544,0.9822919104454325,0.9798917480572102,0.18991555899721302,0.6753875215380968,0.16968107033873528,0.0,20,48770,0.9269242288110212,0.972605561277034,0.9913729809104258,0.9949940295765592,0.9921731365236119,0.9686734022837329,5.078702025967127e-05,6.442414874969952e-05,0.001121353391030077,0.0030849646073266364,0.47924953865080994,0.39819561205659215,0.3351240516711093,0.4464629895427517,0.3903424236210785,0.34297724010662295,/common/users/shared/pracsys/adaptive_roa_experiments/gaussian_torque/pen_partx,0.9759250286178963,0.9837816474958347
fm,med,partx,14,1500,0.0004435269300153709,1.0,0.018384872782646493,100.0,0.03205478108378558,0.0011772389525076972,0.0011772389525076972,0.1881236922196713,0.0631584007783032,0.05095843818542199,0.1907240100785663,0.19021442569671207,0.19021442569671204,0.9687922903424236,0.9868976830018454,0.9850727906499898,0.007232728881389704,0.002553819349800502,4.017531259173785e-05,0.003063403731654722,-0.0007141530797479881,0.9660631466286123,0.9833450621627962,0.9779460769463799,0.18771206511527241,0.6753875215380968,0.16968107033873528,0.0,20,48770,0.9388489208633094,0.9758923952405587,0.9912792482957686,0.9949021769082392,0.9909124336817776,0.9649668201111975,6.600209296364616e-05,7.019301682100284e-05,0.0008314017679254155,0.0025538193498005133,0.4731187205249129,0.3963502152962887,0.3338732827557925,0.4464629895427517,0.3903424236210785,0.34297724010662295,/common/users/shared/pracsys/adaptive_roa_experiments/gaussian_torque/pen_partx,0.9761676524440438,0.9865739975270201
fm,med,partx,15,1600,0.0004348016538696718,1.0,0.01811059509700705,100.0,0.031733580615023356,0.001282608199413551,0.001282608199413551,0.1882016407401743,0.06317570305253087,0.05095843818542199,0.1907240100785663,0.19021442569671207,0.19021442569671204,0.9675005126102112,0.9867746565511585,0.9890096370719704,0.01008484736799233,0.002555142767054537,4.0494054161053994e-05,0.0030647271489087574,-0.0007402503888968076,0.9646639170661019,0.9832341244053963,0.9838845460012027,0.18743778742962142,0.6753875215380968,0.16968107033873528,0.0,20,48770,0.9373510679779905,0.973191314191623,0.9896570495372891,0.9936162395517589,0.9934863686505226,0.9781789920487834,5.35808753812773e-05,6.330275625030326e-05,0.0007818794668122004,0.002555142767054545,0.4732622513840476,0.3984826737748616,0.33899938486774656,0.4464629895427517,0.3903424236210785,0.34297724010662295,/common/users/shared/pracsys/adaptive_roa_experiments/gaussian_torque/pen_partx,0.9761188026018486,0.9865670400249843
fm,med,partx,16,1700,0.00046581572672179625,1.0,0.018597003268851362,100.0,0.032986635007443116,0.0013690554020471914,0.0013690554020471914,0.18809285853416138,0.06385523599005213,0.05095843818542199,0.1907240100785663,0.19021442569671207,0.19021442569671204,0.964281320483904,0.986057002255485,0.9862005331146196,0.01031038998476184,0.002762363745684701,4.003641266025947e-05,0.0032719481275389206,-0.0007282588189131689,0.9613284198374994,0.9823257264646256,0.9797075229911051,0.1879241956014265,0.6753875215380968,0.16968107033873528,0.0,20,48770,0.9303884496390512,0.9722179348664918,0.9883197469278501,0.9943969872324792,0.9926459000892998,0.9712440963711365,4.5256434445195064e-05,5.666760505947525e-05,0.0008523226447887147,0.0027623637456847113,0.47717859339758045,0.39854418700020505,0.33705146606520403,0.4464629895427517,0.3903424236210785,0.34297724010662295,/common/users/shared/pracsys/adaptive_roa_experiments/gaussian_torque/pen_partx,0.976171462868582,0.9854776327527904
fm,med,partx,17,1800,0.0003814937569232779,1.0,0.017126085903806983,100.0,0.03023339368432481,0.001028137848934404,0.001028137848934404,0.18820264264768785,0.061624070379133034,0.05095843818542199,0.1907240100785663,0.19021442569671207,0.19021442569671204,0.9693664137789625,0.9858724625794546,0.987943407832684,0.008783250317991025,0.00229807433928373,3.794189645975768e-05,0.00280765872113795,-0.000741846558674898,0.9666249664909301,0.9820502800573141,0.9823094048980083,0.1864532782363713,0.6753875215380968,0.16968107033873528,0.0,20,48770,0.9410613310134841,0.9741575356626008,0.9887347828720248,0.9936162395517589,0.9900719651205547,0.9759669994619478,6.637537707756903e-05,6.376343566425172e-05,0.0006663283605464666,0.0022980743392837263,0.4713963502152963,0.3967192946483494,0.3385482878818946,0.4464629895427517,0.3903424236210785,0.34297724010662295,/common/users/shared/pracsys/adaptive_roa_experiments/gaussian_torque/pen_partx,0.9762792034537502,0.9879185065440415
fm,med,partx,18,1900,0.0003786497042958166,1.0,0.01692769166413909,100.0,0.02988178660751412,0.0009482513054437329,0.0009482513054437329,0.18808781246849884,0.061885689245630364,0.05095843818542199,0.1907240100785663,0.19021442569671207,0.19021442569671204,0.972093500102522,0.9866721345089194,0.9867541521427107,0.006804547001492428,0.0023402896184638367,4.121825763712726e-05,0.002849874000318057,-0.0007345749151931279,0.9695027673829744,0.9830570326347617,0.9804892781636969,0.18625488399670972,0.6753875215380968,0.16968107033873528,0.0,20,48770,0.9466153240274799,0.9756816888290992,0.9907831288530794,0.9935243868834389,0.9905447286862425,0.9704071262031446,5.360544287059638e-05,5.515648930380297e-05,0.0006738402889352237,0.002340289618463857,0.46858724625794546,0.39628870207094524,0.3359237236005741,0.4464629895427517,0.3903424236210785,0.34297724010662295,/common/users/shared/pracsys/adaptive_roa_experiments/gaussian_torque/pen_partx,0.9763136245081113,0.9876965713305292
fm,med,partx,19,2000,0.00033194110905073035,1.0,0.01553007790601783,100.0,0.0284262023344746,0.000846012444861968,0.000846012444861968,0.1883695689072689,0.06041891165911583,0.05095843818542199,0.1907240100785663,0.19021442569671207,0.19021442569671204,0.9702891121591142,0.9880664342833709,0.9873897888045929,0.006318651143208593,0.0019559979050027165,3.24325053432676e-05,0.0024655822868569367,-0.0007348713293024289,0.9675817168937513,0.9847978267683627,0.9814474041449214,0.18485727023854306,0.6753875215380968,0.16968107033873528,0.0,20,48770,0.9433320246041094,0.9794253649919468,0.9905614419680916,0.9931110498759989,0.990229552975784,0.9724995516231243,5.3084343778172516e-05,5.587043818610523e-05,0.0005856982631432515,0.001955997905002718,0.4700225548492926,0.39464834939511995,0.33672339553003894,0.4464629895427517,0.3903424236210785,0.34297724010662295,/common/users/shared/pracsys/adaptive_roa_experiments/gaussian_torque/pen_partx,0.9764663458407519,0.98971687926487
clf,med,clf_dir00,0,100,0.04072487479894956,1.0,0.4225989581990659,100.0,0.13389053076784857,0.017434039587501213,0.017434039587501213,0.13173588424696947,0.033686775614184004,0.05095843818542199,0.1907240100785663,0.19021442569671207,0.19021442569671204,0.8546032396965347,0.8768710272708632,0.8946073405782243,0.024967281649377806,0.07586383731467236,0.0009153166910243929,0.07637342169652658,-4.874372257145099e-05,0.8408841018736677,0.8499237747731987,0.8568404634581105,0.5919261505316606,0.6753875215380968,0.16968107033873528,0.0,20,48770,0.8221227677592032,0.8106407322654462,0.8021066903060958,0.8605217231560577,0.8932079634396176,0.9195910802893525,0.034083304769642254,0.03292765361955994,0.057530726075384606,0.07586383731467315,0.46731597293418087,0.4301004716013943,0.3932130408037728,0.4464629895427517,0.3903424236210785,0.34297724010662295,/common/users/shared/pracsys/adaptive_roa_experiments/gaussian_torque/pen_clf_dir00,0.9039320871690028,0.6011667514869052
clf,med,clf_dir00,1,200,0.010868483453688843,1.0,0.18769343151376378,100.0,0.09054423595541332,0.012819312595400041,0.012819312595400041,0.1660536989248269,0.03668778696115411,0.05095843818542199,0.1907240100785663,0.19021442569671207,0.19021442569671204,0.9033012097600984,0.9197457453352471,0.9292597908550339,0.03731583668705198,0.036636147742611855,0.0005341548665697526,0.03714573212446608,-0.0003438916246733398,0.8956775649250099,0.902998760842627,0.9046803337569762,0.35702062384608585,0.6753875215380968,0.16968107033873528,0.0,20,48770,0.8639894161829976,0.8547834654905456,0.8410129963528021,0.9297786350693488,0.9569785155224038,0.9787768278830633,0.0013990320586652557,0.0072829885132383605,0.02120689457782707,0.036636147742611674,0.4804592987492311,0.4370104572483084,0.3991593192536395,0.4464629895427517,0.3903424236210785,0.34297724010662295,/common/users/shared/pracsys/adaptive_roa_experiments/gaussian_torque/pen_clf_dir00,0.9540092940481354,0.8073955347580921
clf,med,clf_dir00,2,300,0.011983103506639345,1.0,0.19438243091435672,100.0,0.1273739854188261,0.04809523485904544,0.04809523485904544,0.18118927900395002,0.04976778383016495,0.05095843818542199,0.1907240100785663,0.19021442569671207,0.19021442569671204,0.8704736518351446,0.865962681976625,0.8728726676235391,0.11693270720373174,0.0571730872269387,0.0005835193245339167,0.057682671608792924,5.2705675131214935e-05,0.8727873210222125,0.8532890454922908,0.8435923309788094,0.36370962324682327,0.6753875215380968,0.16968107033873528,0.0,20,48770,0.7771760570957215,0.7449059561128527,0.7297167546807489,0.9952236612473593,0.9985817093029364,0.9995815149160041,7.150341586518668e-05,0.0034365900870049495,0.025226984183306184,0.057173087226938826,0.5717244207504614,0.5232725035882715,0.4698175107648144,0.4464629895427517,0.3903424236210785,0.34297724010662295,/common/users/shared/pracsys/adaptive_roa_experiments/gaussian_torque/pen_clf_dir00,0.9695438671673476,0.6994282267628928
clf,med,clf_dir00,3,400,0.01189920355668874,1.0,0.17222218304090148,100.0,0.11937320190989963,0.04196472055808568,0.04196472055808568,0.18239585579687978,0.05487548422812093,0.05095843818542199,0.1907240100785663,0.19021442569671207,0.19021442569671204,0.8768300184539676,0.8767274964117285,0.8862210375230675,0.11434129806205824,0.04968115682978132,0.000519596217323375,0.05019074121163554,-0.00010213362813664417,0.878697926132348,0.8636239905634696,0.8577288926492834,0.3415493753734568,0.6753875215380968,0.16968107033873528,0.0,20,48770,0.784120805852885,0.760011178983511,0.7508978272580356,0.9992192523192799,0.9999474707149236,1.0,6.319558511722277e-05,0.006836490445548602,0.021809858294949077,0.04968115682978123,0.5689358212015584,0.5135739183924544,0.4567562025835555,0.4464629895427517,0.3903424236210785,0.34297724010662295,/common/users/shared/pracsys/adaptive_roa_experiments/gaussian_torque/pen_clf_dir00,0.9708178512132792,0.7388149892006846
clf,med,clf_dir00,4,500,0.014046906627274152,1.0,0.16934966796187503,100.0,0.14957036926927625,0.04820933559899855,0.04820933559899855,0.18281011990865473,0.08533158787282574,0.05095843818542199,0.1907240100785663,0.19021442569671207,0.19021442569671204,0.7821406602419521,0.8664342833709248,0.8982571252819356,0.14629577024876808,0.055413449143329775,0.0004439197313965788,0.055923033525184,-0.00020019224372613137,0.8038690860760895,0.8539068807750964,0.8708350687213662,0.33867686029456995,0.6753875215380968,0.16968107033873528,0.0,20,48770,0.6720577795610976,0.7450589018042346,0.7712204343215455,1.0,1.0,1.0,2.4666372117582805e-05,0.005998770004324618,0.03120431103698325,0.055413449143329775,0.6643223293007997,0.5239081402501538,0.4447201148246873,0.4464629895427517,0.3903424236210785,0.34297724010662295,/common/users/shared/pracsys/adaptive_roa_experiments/gaussian_torque/pen_clf_dir00,0.972141633212049,0.7086790397712321
clf,med,clf_dir00,5,600,0.010835600976630456,1.0,0.1396153404371188,100.0,0.12745190928599162,0.03791203900541969,0.03791203900541969,0.18367188926994657,0.07690656606764326,0.05095843818542199,0.1907240100785663,0.19021442569671207,0.19021442569671204,0.83727701455813,0.8850112774246462,0.902009432027886,0.12495580486788305,0.044192850063563674,0.000417598466540253,0.04470243444541788,-0.0002617253686215404,0.845855022919742,0.8716175999267433,0.8750032694269348,0.3089425327697672,0.6753875215380968,0.16968107033873528,0.0,20,48770,0.7328845506563446,0.7724487725705012,0.7777829442946155,1.0,1.0,1.0,5.569274103403455e-05,0.0049566617660949195,0.023199523179456942,0.04419285006356386,0.6091859749846217,0.5053311461964323,0.4409678080787369,0.4464629895427517,0.3903424236210785,0.34297724010662295,/common/users/shared/pracsys/adaptive_roa_experiments/gaussian_torque/pen_clf_dir00,0.9727661425176481,0.7676682517548532
clf,med,clf_dir00,6,700,0.0070076733786551045,1.0,0.11090664285091012,100.0,0.11040618653146801,0.02947031305696554,0.02947031305696554,0.18460519377338375,0.07280854122317462,0.05095843818542199,0.1907240100785663,0.19021442569671207,0.19021442569671204,0.8823046955095345,0.8957350830428542,0.9142300594627845,0.10681401497393239,0.034829210204580144,0.0003399818259543391,0.035338794586434366,-0.0002503347757137203,0.8835416328518096,0.8821743865421602,0.8888298296436069,0.2802338351835394,0.6753875215380968,0.16968107033873528,0.0,20,48770,0.7913789343606891,0.7892205638474296,0.8000956937799043,1.0,0.9999474707149236,0.99970108208286,5.157544555929731e-06,0.0024697070830778374,0.013269598557213158,0.03482921020458018,0.5641582940332172,0.4945663317613287,0.42854213655936024,0.4464629895427517,0.3903424236210785,0.34297724010662295,/common/users/shared/pracsys/adaptive_roa_experiments/gaussian_torque/pen_clf_dir00,0.97343383320623,0.8168950116322214
clf,med,clf_dir00,7,800,0.0065306368090278875,1.0,0.1048329749336348,100.0,0.11580708943931349,0.029666918463777114,0.029666918463777114,0.18553212133798339,0.08351126969454627,0.05095843818542199,0.1907240100785663,0.19021442569671207,0.19021442569671204,0.846319458683617,0.8970678695919623,0.9261431207709657,0.11259834300103008,0.03393152429977929,0.0002876258697841836,0.034441108681633505,-0.0004176985227265159,0.853163019415003,0.8835104654940363,0.902790521940951,0.274160167266365,0.6753875215380968,0.16968107033873528,0.0,20,48770,0.7439270217636407,0.7913289271313962,0.822846460372903,1.0,1.0,0.999940216416572,4.202712420316059e-06,0.0015956061463416292,0.013096299410878002,0.03393152429977926,0.6001435308591347,0.49327455402911624,0.41679311051876156,0.4464629895427517,0.3903424236210785,0.34297724010662295,/common/users/shared/pracsys/adaptive_roa_experiments/gaussian_torque/pen_clf_dir00,0.9745353661042524,0.8216143482520011
clf,med,clf_dir00,8,900,0.0075678811048158195,1.0,0.1155266366097208,100.0,0.11828808703020854,0.03320802697017752,0.03320802697017752,0.18670389059418882,0.07658297861236793,0.05095843818542199,0.1907240100785663,0.19021442569671207,0.19021442569671204,0.8646709042444125,0.892187820381382,0.910149682181669,0.11671067651732304,0.036362759854400205,0.0003190952881164115,0.03687234423625442,-0.00035580221830057435,0.8683895668820292,0.8786578048555341,0.8841843746696268,0.2848538289424108,0.6753875215380968,0.16968107033873528,0.0,20,48770,0.7673926834425883,0.7835768676682445,0.7924108200293714,1.0,1.0,1.0,3.6534851858016805e-06,0.002768439047885626,0.015182662612280982,0.03636275985440025,0.5817920852983391,0.4981546032396965,0.43282755792495387,0.4464629895427517,0.3903424236210785,0.34297724010662295,/common/users/shared/pracsys/adaptive_roa_experiments/gaussian_torque/pen_clf_dir00,0.975209500455171,0.8088327963496369
clf,med,clf_dir00,9,1000,0.009010599615516996,1.0,0.1335319553175721,100.0,0.12195744329482516,0.03725051807693386,0.03725051807693386,0.18504870009094593,0.07123275911632446,0.05095843818542199,0.1907240100785663,0.19021442569671207,0.19021442569671204,0.8678695919622719,0.8820791470166086,0.8984211605495181,0.12005830411046708,0.042153410048953614,0.0003890144558010916,0.04266299443080783,-0.0002628336337463927,0.8710993759001441,0.8687735310895607,0.8710164549052282,0.3028591476502106,0.6753875215380968,0.16968107033873528,0.0,20,48770,0.7716351265149904,0.767992577053413,0.7715050043817168,1.0,1.0,1.0,1.251103471984238e-05,0.003342175506018434,0.018462449174019402,0.042153410048953566,0.5785933975804798,0.50826327660447,0.4445560795571048,0.4464629895427517,0.3903424236210785,0.34297724010662295,/common/users/shared/pracsys/adaptive_roa_experiments/gaussian_torque/pen_clf_dir00,0.9743574904260071,0.7783900464196903
clf,med,clf_dir00,10,1100,0.007972380718749722,1.0,0.1225910840034142,100.0,0.11870283526384977,0.03474790102114931,0.03474790102114931,0.18602436328366434,0.07320588343307254,0.05095843818542199,0.1907240100785663,0.19021442569671207,0.19021442569671204,0.8621078531884355,0.88816895632561,0.9063973754357186,0.11692952863038922,0.03864367519824881,0.00034338653214740817,0.03915325958010303,-0.00029428823594822295,0.8662303821136594,0.8747013416651351,0.8799284568242195,0.29191827633603623,0.6753875215380968,0.16968107033873528,0.0,20,48770,0.764026807958174,0.7773059491241681,0.7856002254367838,1.0,1.0,1.0,4.359529927536033e-06,0.0026502205086814585,0.016135965508658912,0.03864367519824875,0.5843551363543161,0.5021734672954685,0.43657986467090426,0.4464629895427517,0.3903424236210785,0.34297724010662295,/common/users/shared/pracsys/adaptive_roa_experiments/gaussian_torque/pen_clf_dir00,0.9747822479080113,0.7968415115903758
clf,med,clf_dir00,11,1200,0.006702139461143779,1.0,0.11163983542141807,100.0,0.10731296203748003,0.030614579076949422,0.030614579076949422,0.186676365748443,0.06649638532153629,0.05095843818542199,0.1907240100785663,0.19021442569671207,0.19021442569671204,0.88816895632561,0.8985031781833094,0.9094115234775477,0.10535807516313027,0.03384040110418872,0.00031753957048719604,0.03434998548604294,-0.00031223792102975934,0.888666612231567,0.884947936035701,0.8833438952260246,0.28096702775400284,0.6753875215380968,0.16968107033873528,0.0,20,48770,0.7998456676710517,0.7936382207028807,0.7910617167179003,0.99967851566088,1.0,1.0,3.30049856868157e-06,0.0024349421344115043,0.01323087100192377,0.033840401104188664,0.5580069714988722,0.49183924543776913,0.4335657166290752,0.4464629895427517,0.3903424236210785,0.34297724010662295,/common/users/shared/pracsys/adaptive_roa_experiments/gaussian_torque/pen_clf_dir00,0.9748652131896247,0.822093403377588
clf,med,clf_dir00,12,1300,0.006802201853924446,1.0,0.11115827226352834,100.0,0.10604560212133177,0.03053135182476599,0.03053135182476599,0.18603633276423323,0.06508268415022557,0.05095843818542199,0.1907240100785663,0.19021442569671207,0.19021442569671204,0.8874102932130408,0.8966577814230059,0.9094320278859955,0.10426876035170095,0.0343987106798141,0.0003330894758031943,0.03490829506166832,-0.0003107340774307285,0.8880278961642775,0.883100616968966,0.8833672203004937,0.28048546459613055,0.6753875215380968,0.16968107033873528,0.0,20,48770,0.7986062717770035,0.7906715952984176,0.7910991297767688,1.0,1.0,1.0,2.2230176509455696e-06,0.0021711978918372054,0.013335778059650217,0.034398710679814176,0.5590526963297109,0.49368464219807257,0.4335452122206274,0.4464629895427517,0.3903424236210785,0.34297724010662295,/common/users/shared/pracsys/adaptive_roa_experiments/gaussian_torque/pen_clf_dir00,0.975080605060272,0.8191582444190577
clf,med,clf_dir00,13,1400,0.0071559924783939225,1.0,0.11533102602889536,100.0,0.1165939528592716,0.034289703836007816,0.034289703836007816,0.18677441550119536,0.07274104192133254,0.05095843818542199,0.1907240100785663,0.19021442569671207,0.19021442569671204,0.8652655320893993,0.8862620463399631,0.9096985851958171,0.11495788570618196,0.037380521213441556,0.00032715180630947174,0.03789010559529577,-0.00034919281808298147,0.8688920369520541,0.8728364778432407,0.8836705584024513,0.2846582183615599,0.6753875215380968,0.16968107033873528,0.0,20,48770,0.768177809137414,0.774365440937195,0.7915858217784298,1.0,1.0,1.0,2.0055274248883017e-06,0.0016531534545248252,0.014764907193292173,0.037380521213441584,0.5811974574533525,0.5040803772811154,0.4332786549108058,0.4464629895427517,0.3903424236210785,0.34297724010662295,/common/users/shared/pracsys/adaptive_roa_experiments/gaussian_torque/pen_clf_dir00,0.9756106159680616,0.803482196071485
clf,med,clf_dir00,14,1500,0.009693556586568328,1.0,0.13656835161170439,100.0,0.13260594710207496,0.04065433070012012,0.04065433070012012,0.18653492715430975,0.07967290764204234,0.05095843818542199,0.1907240100785663,0.19021442569671207,0.19021442569671204,0.8349805208119746,0.8769940537215501,0.9055977035062538,0.13115740595022451,0.04399614709968189,0.00035632601193018917,0.04450573148153611,-0.00033768214284055076,0.8440189161950539,0.863884918203889,0.8790267486468023,0.3058955439443717,0.6753875215380968,0.16968107033873528,0.0,20,48770,0.7301321172288914,0.7603850455344304,0.7841638929257888,1.0,1.0,1.0,1.2299807118746863e-06,0.0031340868192720793,0.020970887491455408,0.043996147099681596,0.6114824687307772,0.5133483698995284,0.4373795366003691,0.4464629895427517,0.3903424236210785,0.34297724010662295,/common/users/shared/pracsys/adaptive_roa_experiments/gaussian_torque/pen_clf_dir00,0.9754586863038429,0.7687023634588489
clf,med,clf_dir00,15,1600,0.008524751876166733,1.0,0.12553085239050504,100.0,0.12392809543828141,0.036548981388352296,0.036548981388352296,0.18605875915392875,0.07652202745135206,0.05095843818542199,0.1907240100785663,0.19021442569671207,0.19021442569671204,0.8462374410498257,0.8826122616362518,0.9120976009842116,0.12229809007672747,0.040366597014273406,0.0003402771037447899,0.040876181396127635,-0.0003380509168622106,0.8530961662781358,0.8692892531792964,0.8864039852672303,0.29485804472313554,0.6753875215380968,0.16968107033873528,0.0,20,48770,0.7438253680866327,0.7687989661578225,0.7960213211498192,1.0,1.0,0.999940216416572,1.6227373763824462e-06,0.0021429326548516947,0.018572921005289372,0.04036659701427314,0.600225548492926,0.5077301619848268,0.43083863030551567,0.4464629895427517,0.3903424236210785,0.34297724010662295,/common/users/shared/pracsys/adaptive_roa_experiments/gaussian_torque/pen_clf_dir00,0.9753182368820646,0.7877837242552989
clf,med,clf_dir00,16,1700,0.010922645387103018,1.0,0.15157000495559286,100.0,0.13629602573512006,0.045324484144940544,0.045324484144940544,0.18666366711824464,0.07478403948504578,0.05095843818542199,0.1907240100785663,0.19021442569671207,0.19021442569671204,0.8340783268402706,0.8685667418494977,0.8956325610006152,0.13507206797233373,0.04860387684364586,0.00039828441801381535,0.04911346122550007,-0.00027136587976211296,0.8432997676219985,0.8559032461109611,0.8679431299294313,0.32089719728819643,0.6753875215380968,0.16968107033873528,0.0,20,48770,0.7290564521529499,0.7481039022281605,0.7666956960168676,1.0,1.0,1.0,1.6784077828295468e-06,0.0031963807709710947,0.023920845663746308,0.04860387684364548,0.612384662702481,0.5217756817715808,0.4473446791060078,0.4464629895427517,0.3903424236210785,0.34297724010662295,/common/users/shared/pracsys/adaptive_roa_experiments/gaussian_torque/pen_clf_dir00,0.9756317719370521,0.744478492282481
clf,med,clf_dir00,17,1800,0.010138062715500171,1.0,0.1474732906415548,100.0,0.13881676190990175,0.04734089265602092,0.04734089265602092,0.1884275911861046,0.07691958068214781,0.05095843818542199,0.1907240100785663,0.19021442569671207,0.19021442569671204,0.8276194381792086,0.8653680541316383,0.8932540496206685,0.13766909379915612,0.048857050375321544,0.00038425839148163347,0.04936663475717576,-0.00027067679130685085,0.8381868925031277,0.8529121863799284,0.8653388515261252,0.3168004829741829,0.6753875215380968,0.16968107033873528,0.0,20,48770,0.7214472681488353,0.7435456782408312,0.7626407696165596,1.0,1.0,1.0,5.304768329966493e-07,0.0024295190256281318,0.0227046005195916,0.0488570503753214,0.6188435513635432,0.5249743694894402,0.4497231904859545,0.4464629895427517,0.3903424236210785,0.34297724010662295,/common/users/shared/pracsys/adaptive_roa_experiments/gaussian_torque/pen_clf_dir00,0.976504214690642,0.7431475021078484
clf,med,clf_dir00,18,1900,0.00797225289030134,1.0,0.12378364841208228,100.0,0.12605078636844116,0.03761908814537674,0.03761908814537674,0.18722886088583363,0.07858139578587099,0.05095843818542199,0.1907240100785663,0.19021442569671207,0.19021442569671204,0.8464219807258561,0.8793725651014969,0.9139224933360672,0.12465370691034455,0.04024667569542322,0.0003281297318740501,0.04075626007727744,-0.0003579772608319626,0.8532466005721228,0.866164660918625,0.8885052586847976,0.29311084074472793,0.6753875215380968,0.16968107033873528,0.0,20,48770,0.7440541279387644,0.76392455858748,0.799378733572282,1.0,1.0,1.0,7.986247449206506e-07,0.0022792865835421796,0.016477394610883076,0.04024667569542314,0.6000410088168956,0.5109698585195818,0.42905474677055566,0.4464629895427517,0.3903424236210785,0.34297724010662295,/common/users/shared/pracsys/adaptive_roa_experiments/gaussian_torque/pen_clf_dir00,0.9757629615273233,0.7884141775892715
clf,med,clf_dir00,19,2000,0.008645705020847046,1.0,0.13143429762531642,100.0,0.12968598343032686,0.041102994562292806,0.041102994562292806,0.18792041093874126,0.07680589652114403,0.05095843818542199,0.1907240100785663,0.19021442569671207,0.19021442569671204,0.8483083863030552,0.8749846216936641,0.9021939717039164,0.12847054782897227,0.04307419584008746,0.000350038130852595,0.043583780221941676,-0.00032281348017615397,0.8547874219762102,0.8619682597179145,0.8752092925910423,0.3007614899579702,0.6753875215380968,0.16968107033873528,0.0,20,48770,0.746400658165364,0.7574202275801702,0.7781085732892962,1.0,1.0,1.0,4.299433470399438e-07,0.002029232811940296,0.01790211906665538,0.04307419584008733,0.5981546032396965,0.5153578019274144,0.4407832684027066,0.4464629895427517,0.3903424236210785,0.34297724010662295,/common/users/shared/pracsys/adaptive_roa_experiments/gaussian_torque/pen_clf_dir00,0.9761492160750809,0.773549268504129
clf,med,clf_yield,0,100,0.04072487479894956,1.0,0.4225989581990659,100.0,0.13389053076784857,0.017434039587501213,0.017434039587501213,0.13173588424696947,0.033686775614184004,0.05095843818542199,0.1907240100785663,0.19021442569671207,0.19021442569671204,0.8546032396965347,0.8768710272708632,0.8946073405782243,0.024967281649377806,0.07586383731467236,0.0009153166910243929,0.07637342169652658,-4.874372257145099e-05,0.8408841018736677,0.8499237747731987,0.8568404634581105,0.5919261505316606,0.6753875215380968,0.16968107033873528,0.0,20,48770,0.8221227677592032,0.8106407322654462,0.8021066903060958,0.8605217231560577,0.8932079634396176,0.9195910802893525,0.034083304769642254,0.03292765361955994,0.057530726075384606,0.07586383731467315,0.46731597293418087,0.4301004716013943,0.3932130408037728,0.4464629895427517,0.3903424236210785,0.34297724010662295,/common/users/shared/pracsys/adaptive_roa_experiments/gaussian_torque/pen_clf_yield,0.9039320871690028,0.6011667514869052
clf,med,clf_yield,1,200,0.035969166643309375,1.0,0.324120248476783,100.0,0.12098685418443458,0.02009956319365127,0.02009956319365127,0.14952721944236688,0.05283398739348232,0.05095843818542199,0.1907240100785663,0.19021442569671207,0.19021442569671204,0.8645888866106213,0.89530449046545,0.9079352060693049,0.08268449242300026,0.060529746969779336,0.0008211703130216304,0.06103933135163355,-0.00025702247821713514,0.8620718462823727,0.8780452851820005,0.8794760294196596,0.4934474408093267,0.6753875215380968,0.16968107033873528,0.0,20,48770,0.7905462345820884,0.8050895711970566,0.798070833536318,0.9478276843942317,0.9655407889898618,0.9793746637173432,0.009163864811174498,0.045427905510013016,0.05537621552261052,0.060529746969778545,0.5352880869386918,0.4681361492720935,0.4208939922083248,0.4464629895427517,0.3903424236210785,0.34297724010662295,/common/users/shared/pracsys/adaptive_roa_experiments/gaussian_torque/pen_clf_yield,0.9350518715355286,0.6817815118486799
clf,med,clf_yield,2,300,0.03002337116804839,1.0,0.3535506937884699,100.0,0.1710958206784911,0.05342454915240625,0.05342454915240625,0.16056023281350593,0.06670695936876117,0.05095843818542199,0.1907240100785663,0.19021442569671207,0.19021442569671204,0.762271888456018,0.8408037728111544,0.891859749846217,0.13648961406823185,0.08296116165873293,0.0007823715571302949,0.08347074604058716,-0.00011758037687945033,0.7811874834862039,0.826300953062777,0.8624054265588311,0.5228778861210264,0.6753875215380968,0.16968107033873528,0.0,20,48770,0.6630783032167116,0.7196523907875765,0.7650789242234874,0.9504914117755121,0.9700583075064348,0.9881030668978299,0.0007983811048141792,0.019968629490861322,0.06309794493778653,0.08296116165873277,0.6399835964732418,0.5261636251794136,0.4429567356981751,0.4464629895427517,0.3903424236210785,0.34297724010662295,/common/users/shared/pracsys/adaptive_roa_experiments/gaussian_torque/pen_clf_yield,0.9429363484991934,0.5638545217857944
clf,med,clf_yield,3,400,0.07315580634554913,1.0,0.43624701404530386,100.0,0.24433183108201115,0.0844979057096223,0.0844979057096223,0.159948009895322,0.11531469625459735,0.05095843818542199,0.1907240100785663,0.19021442569671207,0.19021442569671204,0.5724420750461349,0.8132253434488415,0.8587451302029936,0.24355412998219567,0.11466954868803293,0.0008522612153062855,0.11517913306988713,-9.477282297945533e-05,0.6762111801242237,0.8069431786872391,0.8288319626307552,0.6055742063781951,0.6753875215380968,0.16968107033873528,0.0,20,48770,0.5108149955426265,0.6763660910964258,0.709141156462585,1.0,1.0,0.9971303879954565,0.01969259271238688,0.0999968678772601,0.1050881022906798,0.11466954868803234,0.8740209144966168,0.5771170801722371,0.4822636866926389,0.4464629895427517,0.3903424236210785,0.34297724010662295,/common/users/shared/pracsys/adaptive_roa_experiments/gaussian_torque/pen_clf_yield,0.9524648208335039,0.39715640247565587
clf,med,clf_yield,4,500,0.07141931893983883,1.0,0.4532204087161908,100.0,0.2744030488697823,0.10729063587346581,0.10729063587346581,0.16468767606326765,0.12275180361729275,0.05095843818542199,0.1907240100785663,0.19021442569671207,0.19021442569671204,0.5315767890096371,0.7533729751896657,0.8614517121181053,0.27208737257009713,0.1328872396652812,0.0008018650684842003,0.13339682404713546,6.985415837099107e-05,0.6559125208982874,0.7599297433236197,0.8314500236972736,0.6225476010490733,0.6753875215380968,0.16968107033873528,0.0,20,48770,0.48799838633765885,0.6128118461290841,0.7133807037068745,1.0,1.0,0.9963532014108926,0.005979595313669102,0.09992721393638983,0.11537340480341529,0.13288723966528118,0.9148862005331146,0.6369694484314128,0.47902399015788394,0.4464629895427517,0.3903424236210785,0.34297724010662295,/common/users/shared/pracsys/adaptive_roa_experiments/gaussian_torque/pen_clf_yield,0.9586561773982668,0.3013819052969008
clf,med,clf_yield,5,600,0.07857835763817421,1.0,0.519562422684078,100.0,0.30402620685150744,0.14335714610637762,0.14335714610637762,0.17452858278110261,0.11558106859049995,0.05095843818542199,0.1907240100785663,0.19021442569671207,0.19021442569671204,0.5367644043469346,0.6950789419725241,0.8145991388148452,0.303918337109078,0.1590813926072015,0.0008513521642602231,0.1595909769890557,3.840358521439713e-05,0.6584215300876928,0.7191236188497498,0.7872270331325301,0.6888896150169244,0.6753875215380968,0.16968107033873528,0.0,20,48770,0.4907812288689537,0.5614309307538045,0.6491132756412744,1.0,1.0,1.0,0.0004507781307453534,0.09686271250115905,0.14417356603266604,0.15908139260720214,0.9096985851958171,0.6952634816485544,0.5283781012917778,0.4464629895427517,0.3903424236210785,0.34297724010662295,/common/users/shared/pracsys/adaptive_roa_experiments/gaussian_torque/pen_clf_yield,0.9674440592957714,0.16367335429727448
clf,med,clf_yield,6,700,0.08234010687421325,1.0,0.4863679566031088,100.0,0.31379883982454726,0.1461576688483938,0.1461576688483938,0.1653773812399719,0.11825014151625726,0.05095843818542199,0.1907240100785663,0.19021442569671207,0.19021442569671204,0.5595858109493541,0.6759483288907115,0.7789214681156449,0.30679098642160835,0.17096611355155808,0.0008976394515198788,0.17147569793341227,-2.8599753575914155e-05,0.6696910514094145,0.70667062622963,0.7551548732854937,0.6556951489361249,0.6753875215380968,0.16968107033873528,0.0,20,48770,0.5034101680808267,0.5463964868976207,0.6088469002892819,1.0,1.0,0.994021641657201,6.404062581323255e-05,0.0942536766915088,0.16037747297952154,0.17096611355156044,0.8868771785933975,0.7143940947303671,0.5599548903014148,0.4464629895427517,0.3903424236210785,0.34297724010662295,/common/users/shared/pracsys/adaptive_roa_experiments/gaussian_torque/pen_clf_yield,0.9578814210103953,0.10119270436325634
clf,med,clf_yield,7,800,0.06668490176722557,1.0,0.4580737150742106,100.0,0.3007789255060487,0.1471523936816438,0.1471523936816438,0.17737912478804624,0.11413340838405604,0.05095843818542199,0.1907240100785663,0.19021442569671207,0.19021442569671204,0.5766864875948329,0.6820381381997129,0.7926799261841296,0.2986639082572708,0.1599736934577444,0.0008232153985199262,0.16048327783959865,-1.400113256519453e-05,0.6783917249544343,0.7105877083294452,0.7679100195110754,0.627400907407177,0.6753875215380968,0.16968107033873528,0.0,20,48770,0.5133077158820339,0.5510942566002779,0.6232580669200387,1.0,1.0,1.0,0.00224779578234281,0.04841723557889629,0.14414687955095604,0.15997369345774543,0.8697765019479188,0.7083042854213656,0.5502973139224934,0.4464629895427517,0.3903424236210785,0.34297724010662295,/common/users/shared/pracsys/adaptive_roa_experiments/gaussian_torque/pen_clf_yield,0.9687722328773671,0.15898232811839974
clf,med,clf_yield,8,900,0.07729901399921914,1.0,0.4799556788970567,100.0,0.30864544650351317,0.15772546306641821,0.15772546306641821,0.1820961305038892,0.1136638518383339,0.05095843818542199,0.1907240100785663,0.19021442569671207,0.19021442569671204,0.5560180438794341,0.6783268402706581,0.7892966987902399,0.3080693517339714,0.16581840785959442,0.0008709950730367712,0.16632799224144862,-2.5350399646684174e-05,0.6679038665051149,0.7081953796361743,0.7650125771781385,0.649282871229952,0.6753875215380968,0.16968107033873528,0.0,20,48770,0.5013931425150252,0.5482217422606191,0.619449690775099,1.0,1.0,1.0,5.771236606787148e-06,0.08624765860659167,0.15259765595577404,0.1658184078595959,0.8904449456633177,0.7120155833504204,0.553680541316383,0.4464629895427517,0.3903424236210785,0.34297724010662295,/common/users/shared/pracsys/adaptive_roa_experiments/gaussian_torque/pen_clf_yield,0.9713840271209072,0.12825535049594983
clf,med,clf_yield,9,1000,0.08502261195866043,1.0,0.5194105965792554,100.0,0.31191688264581,0.16150024489656992,0.16150024489656992,0.18128240871223536,0.11176823499530386,0.05095843818542199,0.1907240100785663,0.19021442569671207,0.19021442569671204,0.5475087143735903,0.6958581094935411,0.7843551363543162,0.31151357523509415,0.1704481307088181,0.0009224560857229304,0.17095771509067226,1.586882777140919e-05,0.6636795903438185,0.7196401232351106,0.7606563346305272,0.6887377889121334,0.6753875215380968,0.16968107033873528,0.0,20,48770,0.4966470507732311,0.5620608207853558,0.6140956860439479,1.0,1.0,0.9991032462485802,7.492431067307938e-06,0.1081524154823442,0.16232842145586396,0.17044813070881903,0.8989542751691614,0.6944843141275374,0.5580069714988722,0.4464629895427517,0.3903424236210785,0.34297724010662295,/common/users/shared/pracsys/adaptive_roa_experiments/gaussian_torque/pen_clf_yield,0.9689450451028174,0.10391585662072955
clf,med,clf_yield,10,1100,0.10007877337973896,1.0,0.6272874574006772,100.0,0.34886472498966037,0.20166697151787563,0.20166697151787563,0.18247789523885968,0.1037011770436035,0.05095843818542199,0.1907240100785663,0.19021442569671207,0.19021442569671204,0.5478572893172032,0.5961861800287062,0.7253844576583965,0.34867671477106577,0.2095057696601429,0.0010448985613616402,0.21001535404199712,0.0001022676844148751,0.663851583103401,0.6590846143193463,0.7141118961726471,0.7966146497335431,0.6753875215380968,0.16968107033873528,0.0,20,48770,0.49683970336565886,0.49151842193591694,0.5553452855245684,1.0,1.0,1.0,1.8974187873897583e-06,0.1235877084711925,0.1957121758462889,0.20950576966014417,0.8986057002255485,0.7941562435923724,0.6175927824482264,0.4464629895427517,0.3903424236210785,0.34297724010662295,/common/users/shared/pracsys/adaptive_roa_experiments/gaussian_torque/pen_clf_yield,0.971679647249029,-0.101418932306375
clf,med,clf_yield,11,1200,0.0732780874314425,1.0,0.4950531087004299,100.0,0.3093612306635045,0.15641086489089892,0.15641086489089892,0.1777094780836037,0.10920332143279195,0.05095843818542199,0.1907240100785663,0.19021442569671207,0.19021442569671204,0.5810129177773221,0.6612466680336272,0.7819356161574739,0.3073369184588345,0.16893950153128137,0.0008705135171384101,0.1694490859131356,2.3689027274093055e-05,0.6806289268856867,0.6973898708672955,0.7587833700015878,0.6643803010333371,0.6753875215380968,0.16968107033873528,0.0,20,48770,0.5158737680060652,0.5353788177062827,0.61132227176376,1.0,1.0,1.0,0.00016534127848314844,0.0661948753250359,0.1527046805460141,0.1689395015312819,0.8654500717654295,0.7290957555874513,0.561041623949149,0.4464629895427517,0.3903424236210785,0.34297724010662295,/common/users/shared/pracsys/adaptive_roa_experiments/gaussian_torque/pen_clf_yield,0.9698269973608837,0.1118470593778862
clf,med,clf_yield,12,1300,0.07702615612639561,1.0,0.5064695136080997,100.0,0.3151897597085728,0.1679127337885273,0.1679127337885273,0.18223305070436732,0.10717753580929268,0.05095843818542199,0.1907240100785663,0.19021442569671207,0.19021442569671204,0.5719704736518352,0.6600779167521017,0.7663522657371334,0.3141424558637009,0.17592966044133673,0.0009133514880849262,0.17643924482319095,3.5551660464677726e-05,0.675969762351955,0.6966625192124716,0.7459252157238735,0.6757967059409908,0.6753875215380968,0.16968107033873528,0.0,20,48770,0.5105395202701118,0.5345219710796013,0.5948012232415902,1.0,1.0,1.0,3.190775458680092e-06,0.06695661239096251,0.1617013200646354,0.1759296604413365,0.8744925158909166,0.7302645068689768,0.5766249743694895,0.4464629895427517,0.3903424236210785,0.34297724010662295,/common/users/shared/pracsys/adaptive_roa_experiments/gaussian_torque/pen_clf_yield,0.9729009541009528,0.07509822245633302
clf,med,clf_yield,13,1400,0.07903335604972535,1.0,0.5163177911093104,100.0,0.3227049642428649,0.1686940789858564,0.1686940789858564,0.17958692765755765,0.1127168602366339,0.05095843818542199,0.1907240100785663,0.19021442569671207,0.19021442569671204,0.5540701250768916,0.6230879639122411,0.7854623744104983,0.32193578256495253,0.1793532001045555,0.0008840679978838474,0.17986278448640974,3.162307954471255e-05,0.6669321244792942,0.6744013036701149,0.7617551289933283,0.6856449834421962,0.6753875215380968,0.16968107033873528,0.0,20,48770,0.5002986995082946,0.5087522381677757,0.6151894078705407,1.0,1.0,1.0,1.199804561923861e-06,0.0788774080549655,0.16126279061633833,0.17935320010455727,0.8923928644658602,0.7672544597088374,0.5575148656961246,0.4464629895427517,0.3903424236210785,0.34297724010662295,/common/users/shared/pracsys/adaptive_roa_experiments/gaussian_torque/pen_clf_yield,0.9709582470900717,0.057099904764711495
clf,med,clf_yield,14,1500,0.07523273159356368,1.0,0.4989344049118523,100.0,0.30219618294865763,0.15509538144955962,0.15509538144955962,0.1808828093569911,0.10497802043200176,0.05095843818542199,0.1907240100785663,0.19021442569671207,0.19021442569671204,0.5815050235800697,0.6841911010867336,0.7818125897067869,0.30125078215957396,0.16445533564357157,0.0008987773741890821,0.1649649200254258,2.833785429098845e-05,0.6808843303417867,0.7119829456204653,0.7586801224628642,0.6682615972447136,0.6753875215380968,0.16968107033873528,0.0,20,48770,0.5161672672103167,0.5527744708034495,0.6111882490499854,1.0,1.0,1.0,1.601888499805073e-06,0.07832291228882263,0.1500618443935898,0.16445533564357429,0.8649579659626819,0.7061513225343449,0.561164650399836,0.4464629895427517,0.3903424236210785,0.34297724010662295,/common/users/shared/pracsys/adaptive_roa_experiments/gaussian_torque/pen_clf_yield,0.9720146074184892,0.13542132758223147
clf,med,clf_yield,15,1600,0.07653371130836097,1.0,0.5312863669045328,100.0,0.30833180379483793,0.1673503099769126,0.1673503099769126,0.1850724594910795,0.10035127402199534,0.05095843818542199,0.1907240100785663,0.19021442569671207,0.19021442569671204,0.5956325610006151,0.6604264916957145,0.7751076481443511,0.30796274628332704,0.17255128072273082,0.0009293386371481968,0.17306086510458507,5.900454018567536e-05,0.6882991670486336,0.696879289832525,0.7530953131331323,0.7006135592373643,0.6753875215380968,0.16968107033873528,0.0,20,48770,0.5247379202313531,0.5347772346761054,0.6039718360714931,1.0,1.0,1.0,9.538077101221859e-07,0.08160026537036137,0.1522051230846988,0.1725512807227315,0.8508304285421365,0.729915931925364,0.5678695919622719,0.4464629895427517,0.3903424236210785,0.34297724010662295,/common/users/shared/pracsys/adaptive_roa_experiments/gaussian_torque/pen_clf_yield,0.9746507758623034,0.09285912416624109
clf,med,clf_yield,16,1700,0.07454081044834465,1.0,0.5083923164445581,100.0,0.2962536828109866,0.14923044243878253,0.14923044243878253,0.18007730934313046,0.10260185348900194,0.05095843818542199,0.1907240100785663,0.19021442569671207,0.19021442569671204,0.5770350625384457,0.7104367438999385,0.7868771785933976,0.2950921734471087,0.15941933375495745,0.0008883072982896595,0.1599289181368117,5.17749625933428e-05,0.6785714285714285,0.7294428691853782,0.7629538405400473,0.6777195087774166,0.6753875215380968,0.16968107033873528,0.0,20,48770,0.5135135135135135,0.5741126089447812,0.616754544448951,1.0,1.0,1.0,8.756398337651217e-06,0.08425600236877592,0.14594105533728927,0.15941933375495906,0.8694279270043059,0.67990567972114,0.5561000615132253,0.4464629895427517,0.3903424236210785,0.34297724010662295,/common/users/shared/pracsys/adaptive_roa_experiments/gaussian_torque/pen_clf_yield,0.9715653529829534,0.16189672170740566
clf,med,clf_yield,17,1800,0.07944008067565117,1.0,0.5320962989540073,100.0,0.3058028391409579,0.1617096797976878,0.1617096797976878,0.1850150483709302,0.10330579690639892,0.05095843818542199,0.1907240100785663,0.19021442569671207,0.19021442569671204,0.5714578634406398,0.6910190690998564,0.7795366003690793,0.30555063172183994,0.16697808051705043,0.0009127217618870807,0.16748766489890463,6.902339358072496e-05,0.6757075471698114,0.7164443106335736,0.7567750984029318,0.7014234912868371,0.6753875215380968,0.16968107033873528,0.0,20,48770,0.5102404274265361,0.5581715827127192,0.6087193857127261,1.0,1.0,1.0,6.929886378314326e-07,0.09383109627240424,0.1516677096311394,0.1669780805170522,0.875005126102112,0.6993233545212221,0.5634406397375435,0.4464629895427517,0.3903424236210785,0.34297724010662295,/common/users/shared/pracsys/adaptive_roa_experiments/gaussian_torque/pen_clf_yield,0.9745725148387594,0.12215869061745543
clf,med,clf_yield,18,1900,0.0785280707234922,1.0,0.5416870986860836,100.0,0.3039852051864412,0.16368644775639746,0.16368644775639746,0.18670962689066442,0.10021094329096805,0.05095843818542199,0.1907240100785663,0.19021442569671207,0.19021442569671204,0.5731597293418085,0.6945663317613286,0.776235390608981,0.3038327851685034,0.16727537232382914,0.0009224966737014553,0.16778495670568336,8.412576138402961e-05,0.67657888604055,0.7187842174815933,0.7540288953501476,0.711014291018893,0.6753875215380968,0.16968107033873528,0.0,20,48770,0.5112347679087131,0.5610172987946836,0.6051736613603473,1.0,1.0,1.0,8.847160184511464e-07,0.0913008632569417,0.1530692074309646,0.1672753723238295,0.8733032602009432,0.6957760918597499,0.566741849497642,0.4464629895427517,0.3903424236210785,0.34297724010662295,/common/users/shared/pracsys/adaptive_roa_experiments/gaussian_torque/pen_clf_yield,0.9756228976238653,0.12059576075191136
clf,med,clf_yield,19,2000,0.08562574417739845,1.0,0.5574353242292857,100.0,0.31916091400612223,0.16917293289020538,0.16917293289020538,0.18219804300666703,0.10637946785101614,0.05095843818542199,0.1907240100785663,0.19021442569671207,0.19021442569671204,0.5442485134303875,0.6725240926799262,0.773221242567152,0.31869477426787,0.1772297554379812,0.0009271388879203363,0.17773933981983545,4.043985773080627e-05,0.6620752565564424,0.7044870015727634,0.7515388417127196,0.7267625165621497,0.6753875215380968,0.16968107033873528,0.0,20,48770,0.4948523897184155,0.5437899908592322,0.6019721452477778,1.0,1.0,1.0,3.3890848712062192e-06,0.10069563839023368,0.16532117242930436,0.17722975543798158,0.9022144761123642,0.7178183309411523,0.569755997539471,0.4464629895427517,0.3903424236210785,0.34297724010662295,/common/users/shared/pracsys/adaptive_roa_experiments/gaussian_torque/pen_clf_yield,0.9729235897163231,0.06826333077089686
fm,high,dir00_s42,0,100,0.08376543201320726,100.0,0.5057072456560462,100.0,0.36027660446996107,0.15195670260964245,0.1506402126951189,0.08202435281351547,0.1316489914523542,0.14897791115999032,0.1004666475383001,0.0989768684267002,0.09897686842670018,0.5019889276194381,0.5862210375230674,0.6638712323149477,-0.359882919827763,0.16759272830830346,0.0007384026764582173,0.1703989973344269,-1.942890293094024e-16,0.5579820921598602,0.10247286959615726,nan,0.9442821412235174,0.6890511441668647,0.43875064471877484,0.0,65,48770,0.9958425360530077,1.0,nan,0.3875714213480305,0.05400337521095069,0.0,0.05000549062492913,0.0622530659889857,0.12873692605778267,0.16759272830829858,0.31564486364568384,0.023621078531884356,0.0,0.8110313717449251,0.4374000410088169,0.3361287676850523,/common/users/shared/pracsys/adaptive_roa_experiments/gaussian_torque/pen_high_dir00_s42,0.8194611227682309,-0.6932514735240232
fm,high,dir00_s42,1,200,0.07646521911891159,100.0,0.45568542900535697,100.0,0.34967541521427103,0.14493308101356892,0.1435733564561224,0.08554176874050928,0.1359724557446518,0.14897791115999032,0.1004666475383001,0.0989768684267002,0.09897686842670018,0.5224523272503588,0.601558335042034,0.6638712323149477,-0.3496360467500513,0.15700845614231304,0.000709020734660789,0.15985795981135945,-3.0531133177191805e-16,0.5828557099871041,0.1635674931129477,nan,0.8942603245728171,0.6890511441668647,0.43875064471877484,0.0,73,48770,0.9995699717410002,1.0,nan,0.41136168276280527,0.08906806675417214,0.0,0.044940666869641786,0.05275124424478656,0.12248181460907778,0.15700845614231113,0.33377076071355344,0.03895837605085093,0.0,0.8110313717449251,0.4374000410088169,0.3361287676850523,/common/users/shared/pracsys/adaptive_roa_experiments/gaussian_torque/pen_high_dir00_s42,0.8260741188320952,-0.586314647432896
fm,high,dir00_s42,2,300,0.06796146801455079,100.0,0.39284377607515003,100.0,0.32158642608160753,0.12158238500078843,0.12011289897796018,0.08654465894876628,0.14694860228282416,0.14897791115999032,0.1004666475383001,0.0989768684267002,0.09897686842670018,0.5907525117900349,0.6414189050645889,0.6638712323149477,-0.321328480623334,0.13254510845589376,0.0006006944270476346,0.1355043735903219,-3.3306690738754696e-16,0.6631676651759344,0.30537019383539876,nan,0.8314186716425735,0.6890511441668647,0.43875064471877484,0.0,75,48770,0.9973097812293792,1.0,nan,0.49673863578904787,0.18019876242265143,0.0,0.04590020628677748,0.04687824929632725,0.1027394888499535,0.1325451084558948,0.40395735083042855,0.07881894607340578,0.0,0.8110313717449251,0.4374000410088169,0.3361287676850523,/common/users/shared/pracsys/adaptive_roa_experiments/gaussian_torque/pen_high_dir00_s42,0.8265342194473905,-0.33915237532548703
fm,high,dir00_s42,3,400,0.04930527747767998,100.0,0.28893166295856687,100.0,0.27683042854213663,0.0895418423620202,0.08795388097658496,0.09222394612340808,0.15879613854352426,0.14897791115999032,0.1004666475383001,0.0989768684267002,0.09897686842670018,0.6227393889686282,0.7625179413573918,0.6651014968218167,-0.27640967808078737,0.09470680327987688,0.00041153800387314625,0.09778454377691205,-1.8041124150158794e-16,0.6974794061066443,0.6274686394339015,0.0072935027046739185,0.7275065585259219,0.6890511441668647,0.43875064471877484,0.0,83,48770,0.9974135904067717,0.9995900799344127,1.0,0.5362289528239874,0.4572473279579974,0.003660098822668212,0.03697105937372454,0.034992502511272644,0.06697926776478957,0.09470680327986875,0.4360262456428132,0.20008201763379127,0.001230264506868977,0.8110313717449251,0.4374000410088169,0.3361287676850523,/common/users/shared/pracsys/adaptive_roa_experiments/gaussian_torque/pen_high_dir00_s42,0.8340083865098584,0.04314205141765637
fm,high,dir00_s42,4,500,0.0434245070600155,100.0,0.25335137662752016,100.0,0.2571209760098421,0.07744413932376987,0.07579843679924224,0.09308388712862707,0.16457025245276222,0.14897791115999032,0.1004666475383001,0.0989768684267002,0.09897686842670018,0.6367438999384868,0.8111338937871643,0.6649169571457864,-0.25650174287471805,0.08169141809731516,0.00035429976280029486,0.08482689973344268,-2.220446049250313e-16,0.7124492777146566,0.7246584760709054,0.006202870347847238,0.6919262721948518,0.6890511441668647,0.43875064471877484,0.0,81,48770,0.9950580340950308,1.0,1.0,0.5548617080446984,0.5682073879617476,0.00311108399926798,0.03434558668497578,0.030185318843551124,0.0569435846055415,0.08169141809731348,0.45224523272503586,0.24853393479598113,0.0010457248308386304,0.8110313717449251,0.4374000410088169,0.3361287676850523,/common/users/shared/pracsys/adaptive_roa_experiments/gaussian_torque/pen_high_dir00_s42,0.8343336646231673,0.17464131371448877
fm,high,dir00_s42,5,600,0.05233901393478258,100.0,0.30638834722066977,100.0,0.28473303260200944,0.09669970645560542,0.09507349695440105,0.0879054374468478,0.1626209501204375,0.14897791115999032,0.1004666475383001,0.0989768684267002,0.09897686842670018,0.6226983801517326,0.7086323559565306,0.6644248513430387,-0.28336005741234366,0.10614492793425334,0.0005058681485524523,0.10926091654705761,-1.249000902703301e-16,0.6985271228926716,0.5008781173164736,0.003288672350791718,0.744963242788057,0.6890511441668647,0.43875064471877484,0.0,80,48770,0.9923195084485407,0.9988792378817596,1.0,0.5389593972796684,0.3342396399774986,0.0016470444702006955,0.03625751610838778,0.03331658309566893,0.0783990395548673,0.10614492793424193,0.4404962066844372,0.1463604675005126,0.0005536190280910396,0.8110313717449251,0.4374000410088169,0.3361287676850523,/common/users/shared/pracsys/adaptive_roa_experiments/gaussian_torque/pen_high_dir00_s42,0.8271500479994979,-0.07242156295197044
fm,high,dir00_s42,6,700,0.034396758858484616,100.0,0.18985064462246903,100.0,0.21402009432027885,0.052842780132963466,0.051144991088116806,0.09349766634257792,0.1697789044846662,0.14897791115999032,0.1004666475383001,0.0989768684267002,0.09897686842670018,0.678798441664958,0.8675005126102112,0.70178388353496,-0.21228788189460734,0.0566241931722391,0.0002582125284059597,0.05981176132868566,6.938893903907228e-18,0.7555590231723491,0.8215015744986465,0.20271900010963712,0.6284255401897323,0.6890511441668647,0.43875064471877484,0.0,92,48770,0.986914516326281,1.0,1.0,0.6120746321484553,0.6970748171760736,0.1127920453852254,0.030436904414247404,0.025200664177142208,0.04047265146854959,0.0566241931722377,0.5029936436333812,0.30490055361902807,0.037912651220012306,0.8110313717449251,0.4374000410088169,0.3361287676850523,/common/users/shared/pracsys/adaptive_roa_experiments/gaussian_torque/pen_high_dir00_s42,0.8338232729257555,0.427904781467464
fm,high,dir00_s42,7,800,0.026296575096337715,100.0,0.12998632974423732,100.0,0.17053824072175516,0.030429073540359605,0.02876926940923909,0.0929160060899371,0.16598041311205142,0.14897791115999032,0.1004666475383001,0.0989768684267002,0.09897686842670018,0.7078941972524093,0.8967397990567972,0.8282960836579865,-0.16440168136149275,0.03483013174600215,0.00017419122048515005,0.037979714988722574,-4.163336342344337e-17,0.7853030714048889,0.8661848328638996,0.6569719809929543,0.568561225311396,0.6890511441668647,0.43875064471877484,0.0,97,48770,0.9721641791044776,0.999815973500184,1.0,0.6586944430398948,0.764063378961185,0.48917220764960656,0.024147849211822628,0.02179489071564428,0.028003486215445284,0.03483013174600174,0.5495181464014763,0.334262866516301,0.16442485134303875,0.8110313717449251,0.4374000410088169,0.3361287676850523,/common/users/shared/pracsys/adaptive_roa_experiments/gaussian_torque/pen_high_dir00_s42,0.8325648107140642,0.6480982647799522
fm,high,dir00_s42,8,900,0.031416946607316275,100.0,0.17062762366431733,100.0,0.20078101291777734,0.0456357952501138,0.043977218442463786,0.09367328346916032,0.16585768076500085,0.14897791115999032,0.1004666475383001,0.0989768684267002,0.09897686842670018,0.6960221447611237,0.8652860364978471,0.7538650809924133,-0.1988905064588887,0.04928080340000372,0.00024363400270323304,0.05242915931925364,5.551115123125783e-17,0.7715470081518808,0.8179752867512606,0.4223847560388798,0.6092025192315405,0.6890511441668647,0.43875064471877484,0.0,95,48770,0.9879632187536999,1.0,1.0,0.6329069120695757,0.6920120007500469,0.2677362288781797,0.029527486055966737,0.02415333006091208,0.03444094885703311,0.04928080340000313,0.5195612056592167,0.30268607750666393,0.08999384867746565,0.8110313717449251,0.4374000410088169,0.3361287676850523,/common/users/shared/pracsys/adaptive_roa_experiments/gaussian_torque/pen_high_dir00_s42,0.8352893999628697,0.5020977710918398
fm,high,dir00_s42,9,1000,0.029300533160758518,100.0,0.14001776751939296,100.0,0.17228275579249538,0.030836853268576728,0.029245611737000975,0.09252228899633758,0.15912415315757536,0.14897791115999032,0.1004666475383001,0.0989768684267002,0.09897686842670018,0.6987082222677876,0.9064998974779578,0.8336272298544187,-0.1674355136354316,0.03570019116736361,0.0001913137075732149,0.038781211810539264,6.938893903907228e-18,0.7777004538577913,0.8803903053194838,0.6711518197292696,0.5785926630865558,0.6890511441668647,0.43875064471877484,0.0,99,48770,0.9682438032095231,0.9994044783230109,0.9998792416374834,0.6498204985589321,0.7867054190886931,0.5050936375282132,0.029928197289689575,0.024827017851260746,0.028584391485076837,0.03570019116736209,0.544310026655731,0.34431002665573096,0.16979700635636663,0.8110313717449251,0.4374000410088169,0.3361287676850523,/common/users/shared/pracsys/adaptive_roa_experiments/gaussian_torque/pen_high_dir00_s42,0.8323106767910077,0.6393077318484542
fm,high,dir00_s42,10,1100,0.02255498325733515,100.0,0.10412583818962141,100.0,0.14454582735288088,0.021160728238731722,0.019537250939597257,0.093738919758988,0.16234772991344654,0.14897791115999032,0.1004666475383001,0.0989768684267002,0.09897686842670018,0.7255895017428747,0.928460118925569,0.8734262866516301,-0.13486938691818742,0.02477519960730951,0.00013741388809352024,0.02788845601804388,5.898059818321144e-17,0.8044650292944494,0.9113093876305955,0.7680979751305459,0.5427007337567324,0.6890511441668647,0.43875064471877484,0.0,100,48770,0.9529578732389491,0.9954462153606931,0.9997066301584198,0.696010517267533,0.8402868929308082,0.6236198377356189,0.02265870205023329,0.02008680050453155,0.021982357302779525,0.02477519960730925,0.5923518556489645,0.36922288291982774,0.2096780807873693,0.8110313717449251,0.4374000410088169,0.3361287676850523,/common/users/shared/pracsys/adaptive_roa_experiments/gaussian_torque/pen_high_dir00_s42,0.8329153117902239,0.7496869723085106
fm,high,dir00_s42,11,1200,0.01549207332713283,100.0,0.07653114260401962,100.0,0.1160338322739389,0.013374975443318643,0.011907999740007077,0.09493152045957665,0.1466975703311566,0.14897791115999032,0.1004666475383001,0.0989768684267002,0.09897686842670018,0.7340988312487184,0.9445765839655526,0.9371334836989953,-0.10882940332171416,0.01595334770713077,0.00010019089195566773,0.018910102522042237,1.3530843112619095e-16,0.8090020030635089,0.9326858423608517,0.8974581939799331,0.5151060381709998,0.6890511441668647,0.43875064471877484,0.0,101,48770,0.9690212405617106,0.994846730064283,0.993336788331976,0.6943419123223947,0.8778361147571723,0.8184590983956567,0.01679532955140814,0.015776837888831968,0.014923441820293289,0.01595334770713027,0.5811359442280091,0.38595448021324585,0.2769530449046545,0.8110313717449251,0.4374000410088169,0.3361287676850523,/common/users/shared/pracsys/adaptive_roa_experiments/gaussian_torque/pen_high_dir00_s42,0.8358434779312042,0.838817412990335
fm,high,dir00_s42,12,1300,0.02391589706926931,100.0,0.11122280493654889,100.0,0.14835923723600572,0.023056561054167733,0.021430589176274592,0.09310386473353824,0.1625971877893141,0.14897791115999032,0.1004666475383001,0.0989768684267002,0.09897686842670018,0.7300389583760508,0.9237851137994669,0.8659216731597293,-0.14256592167315973,0.02730359286943663,0.00016810919845559338,0.030419343858929675,7.979727989493313e-17,0.8051444470755388,0.9047045250608897,0.7510943626051539,0.5497977005036778,0.6890511441668647,0.43875064471877484,0.0,101,48770,0.9709787963161276,0.9983590788208001,0.99878517918607,0.6876927744349497,0.8271141946371648,0.601842249740743,0.024083544901547082,0.021004715268326764,0.0231031085925892,0.027303592869436028,0.5744104982571253,0.36237441049825714,0.20254254664752921,0.8110313717449251,0.4374000410088169,0.3361287676850523,/common/users/shared/pracsys/adaptive_roa_experiments/gaussian_torque/pen_high_dir00_s42,0.8320619202656965,0.7241416777127376
fm,high,dir00_s42,13,1400,0.018062063502317677,100.0,0.0798965428673976,100.0,0.1200030756612672,0.013874496746066839,0.012326545985643245,0.0947577426030057,0.1547950760423592,0.14897791115999032,0.1004666475383001,0.0989768684267002,0.09897686842670018,0.7571867951609597,0.938609801107238,0.9335042034037317,-0.10984601189255691,0.016545671809337997,9.976327887076392e-05,0.019583401681361492,2.6020852139652106e-16,0.8298025237862543,0.9248493975903614,0.8905168630363594,0.5184714384344289,0.6890511441668647,0.43875064471877484,0.0,101,48770,0.9614974686917133,0.9954073913983142,0.9970517084971273,0.7298376902462457,0.8636321020063754,0.8045507228695175,0.019637224821517113,0.01733942136144984,0.016077943055735493,0.01654567180933713,0.615624359237236,0.3794955915521837,0.27123231494771377,0.8110313717449251,0.4374000410088169,0.3361287676850523,/common/users/shared/pracsys/adaptive_roa_experiments/gaussian_torque/pen_high_dir00_s42,0.8358694779436334,0.8328329429659486
fm,high,dir00_s42,14,1500,0.020651323831769982,100.0,0.09351305320532603,100.0,0.13426758253024404,0.018126636768561813,0.016583799724759013,0.09439554594311396,0.1542837043802802,0.14897791115999032,0.1004666475383001,0.0989768684267002,0.09897686842670018,0.7308386303055157,0.9243182284191102,0.9164445355751487,-0.12847672749641173,0.0211651222083455,0.00012555756456071018,0.02419773836374821,2.498001805406602e-16,0.8060918504512755,0.9053759581613557,0.8581868801113625,0.532087948772385,0.6890511441668647,0.43875064471877484,0.0,101,48770,0.9695128451124614,0.9990381895332391,0.9990277102576568,0.6898164534560348,0.8277704856553535,0.7521503080583176,0.021739088858648833,0.01865334865985908,0.018789237515610527,0.02116512220834525,0.5770555669468935,0.36241541931515275,0.25306540906294855,0.8110313717449251,0.4374000410088169,0.3361287676850523,/common/users/shared/pracsys/adaptive_roa_experiments/gaussian_torque/pen_high_dir00_s42,0.8350815091034618,0.7861609228016759
fm,high,dir00_s42,15,1600,0.017042414869074984,100.0,0.08362027028827734,100.0,0.12439635021529628,0.015494958389791964,0.013977181295494467,0.09428861638534057,0.15177770942974964,0.14897791115999032,0.1004666475383001,0.0989768684267002,0.09897686842670018,0.7436743899938487,0.9283575968833299,0.9261636251794135,-0.1183549313102317,0.018665433336854293,0.00012408338147323265,0.02167298954275169,1.9081958235744878e-16,0.8166067630015403,0.9109808917197452,0.8769519904322569,0.5221951658552995,0.6890511441668647,0.43875064471877484,0.0,101,48770,0.9727727097969312,0.9977676079919634,0.9968924798011187,0.7036456489861961,0.8380836302268891,0.7827731348746416,0.01815199628020926,0.016289153002237745,0.016551112674830018,0.018665433336853703,0.5866516301004716,0.3673979905679721,0.26393274554029117,0.8110313717449251,0.4374000410088169,0.3361287676850523,/common/users/shared/pracsys/adaptive_roa_experiments/gaussian_torque/pen_high_dir00_s42,0.8356526737861794,0.8114162062959442
fm,high,dir00_s42,16,1700,0.01339613176135418,100.0,0.06939790583776635,100.0,0.11178408857904451,0.011853187630792569,0.01034093699235985,0.09441670824680455,0.15122506384327175,0.14897791115999032,0.1004666475383001,0.0989768684267002,0.09897686842670018,0.7638302234980521,0.9296288702070945,0.9413573918392454,-0.10017326225138404,0.014901097172255672,0.00010181623756836429,0.01790312692228829,1.6306400674181987e-16,0.8362524879158374,0.912640635340834,0.9046539538605147,0.5079728014047052,0.6890511441668647,0.43875064471877484,0.0,101,48770,0.9553368414214253,0.9984961568452713,0.9974270381533485,0.7435657582039743,0.8403806487905494,0.8276703470993717,0.014434416960251712,0.014255698506491339,0.013358083241684103,0.014901097172255117,0.6312487184744721,0.3681361492720935,0.2789214681156449,0.8110313717449251,0.4374000410088169,0.3361287676850523,/common/users/shared/pracsys/adaptive_roa_experiments/gaussian_torque/pen_high_dir00_s42,0.8350940179789679,0.849448690293823
fm,high,dir00_s42,17,1800,0.017984385714421455,100.0,0.08228926425579677,100.0,0.12408878408857905,0.01529596110471517,0.013724517014437781,0.09508653933811508,0.15714440902773896,0.14897791115999032,0.1004666475383001,0.0989768684267002,0.09897686842670018,0.7612261636251794,0.9276399425876564,0.9286036497847037,-0.11555402911626,0.017614846103023264,0.0001003994560878755,0.02067606930490055,3.5735303605122226e-16,0.8324773783321104,0.910050212831035,0.8812981523147201,0.5208641598228497,0.6890511441668647,0.43875064471877484,0.0,101,48770,0.965786574985814,0.9972627227529188,0.9988408932849084,0.7315062951913839,0.8368648040502531,0.7885072896968218,0.01933937032825614,0.017044155808649517,0.01630094920912953,0.01761484610302273,0.614291572688128,0.3670494156243592,0.26534754972319047,0.8110313717449251,0.4374000410088169,0.3361287676850523,/common/users/shared/pracsys/adaptive_roa_experiments/gaussian_torque/pen_high_dir00_s42,0.8365876448934214,0.8220306786522713
fm,high,dir00_s42,18,1900,0.01079514153882128,100.0,0.05861610357631913,100.0,0.09936313307361083,0.009280871161819353,0.00781243581387611,0.09507021297938978,0.14684353479432424,0.14897791115999032,0.1004666475383001,0.0989768684267002,0.09897686842670018,0.7662087348779988,0.9376050850932951,0.9543981956120566,-0.08644658601599343,0.011719091261186814,8.483360382589962e-05,0.014677305720729956,2.706168622523819e-16,0.8388136503717946,0.9238164384247552,0.9275853086741339,0.4971909991432158,0.6890511441668647,0.43875064471877484,0.0,101,48770,0.9513853258081068,0.9913492020847886,0.9947622040645296,0.7500632047327704,0.864897806112882,0.8689074605014335,0.010057704376137816,0.01226279137489255,0.01093163835401315,0.011719091261186516,0.6394094730367029,0.3816075456223088,0.2936026245642813,0.8110313717449251,0.4374000410088169,0.3361287676850523,/common/users/shared/pracsys/adaptive_roa_experiments/gaussian_torque/pen_high_dir00_s42,0.8359183151459295,0.8815976758259867
fm,high,dir00_s42,19,2000,0.012921640023573516,100.0,0.06441507641496227,100.0,0.10426614722165266,0.010239656920466349,0.008749065461484486,0.09486116605400964,0.14905914589818628,0.14897791115999032,0.1004666475383001,0.0989768684267002,0.09897686842670018,0.7562230879639122,0.9406397375435719,0.9535985236825918,-0.0917022759893377,0.012864767834175258,9.038809950607809e-05,0.015845138404757025,2.185751579730777e-16,0.830860280832539,0.9278612543918666,0.9261447080708853,0.5029899719819068,0.6890511441668647,0.43875064471877484,0.0,101,48770,0.950027653967531,0.9903718282887387,0.99585906793936,0.7382565606512616,0.8727732983311457,0.8655523699139877,0.013469892486479779,0.014067467374171425,0.012600567599305924,0.012864767834174885,0.630244002460529,0.38546237441049824,0.29214681156448635,0.8110313717449251,0.4374000410088169,0.3361287676850523,/common/users/shared/pracsys/adaptive_roa_experiments/gaussian_torque/pen_high_dir00_s42,0.8347394715634089,0.8700224806192713
fm,high,dir00_s43,0,100,0.08582957004524246,100.0,0.5235712551390277,100.0,0.3693411933565716,0.16173554967446227,0.1604513251242648,0.08237485458409703,0.12842245501974844,0.14897791115999032,0.1004666475383001,0.0989768684267002,0.09897686842670018,0.48494976419930286,0.5726881279475087,0.6638712323149477,-0.3691632150912446,0.17705333896686778,0.0007835979039747685,0.17982734262866518,-1.6653345369377348e-16,0.5350141611595491,0.045087976539589444,nan,0.9621461507065173,0.6890511441668647,0.43875064471877484,0.0,63,48770,0.9988940346996613,1.0,nan,0.36534863730596145,0.023063941496343523,0.0,0.04979418938203087,0.06354880981229191,0.13346903948237895,0.17705333896686912,0.2966372770145581,0.01008816895632561,0.0,0.8110313717449251,0.4374000410088169,0.3361287676850523,/common/users/shared/pracsys/adaptive_roa_experiments/gaussian_torque/pen_high_dir00_s43,0.8195796184881675,-0.7888355307784778
fm,high,dir00_s43,1,200,0.07616589631929559,100.0,0.44384516096281335,100.0,0.3442800902193972,0.13927595706573787,0.13789096181903254,0.08323455047239936,0.13849952467053148,0.14897791115999032,0.1004666475383001,0.0989768684267002,0.09897686842670018,0.5285421365593602,0.6089194176748001,0.6638712323149477,-0.3441648554439204,0.15363327977333305,0.000706270061880367,0.1565080541316383,-3.0531133177191805e-16,0.5904565128333007,0.19151371285659785,nan,0.882420056530269,0.6890511441668647,0.43875064471877484,0.0,73,48770,0.9991560672734945,1.0,nan,0.4190473782676847,0.10589724357772361,0.0,0.044707113165696116,0.05439269521128958,0.12083938865795342,0.15363327977333194,0.3401476317408243,0.046319458683616976,0.0,0.8110313717449251,0.4374000410088169,0.3361287676850523,/common/users/shared/pracsys/adaptive_roa_experiments/gaussian_torque/pen_high_dir00_s43,0.8224604074956665,-0.5522139891414128
fm,high,dir00_s43,2,300,0.06545082397231831,100.0,0.3705123436137233,100.0,0.3103375025630511,0.11220986333347885,0.11070479298678865,0.08600993715843051,0.15050703466901952,0.14897791115999032,0.1004666475383001,0.0989768684267002,0.09897686842670018,0.6116670084068074,0.6710477752716835,0.6639122411318433,-0.31001886405577195,0.12367172425505829,0.0005728438378490551,0.12666657371334836,-8.326672684688674e-17,0.6858005541085322,0.3973554712445062,0.00024397682220189082,0.8090872391811316,0.6890511441668647,0.43875064471877484,0.0,76,48770,0.9973941996815133,1.0,1.0,0.522551448652475,0.24793737108569286,0.0001220032940889404,0.04606514499102301,0.045944351118319474,0.09559901977536514,0.1236717242550577,0.4249128562640968,0.1084478162805003,4.1008816895632564e-05,0.8110313717449251,0.4374000410088169,0.3361287676850523,/common/users/shared/pracsys/adaptive_roa_experiments/gaussian_torque/pen_high_dir00_s43,0.8259079511196656,-0.2495012847031679
fm,high,dir00_s43,3,400,0.043283932256497654,100.0,0.2417867258053099,100.0,0.2472895222472832,0.06916892250575181,0.06756127773737913,0.09190128872356797,0.1607644768372675,0.14897791115999032,0.1004666475383001,0.0989768684267002,0.09897686842670018,0.6481238466270248,0.8232314947713758,0.6790034857494361,-0.24644843141275377,0.07463685744051132,0.00033414263307515317,0.0777342813204839,-4.163336342344337e-17,0.7236064359226272,0.7471031711109155,0.08615959371898897,0.6803616213726158,0.6890511441668647,0.43875064471877484,0.0,89,48770,0.9968493454626137,0.9981970682762404,1.0,0.567932446781615,0.5969435589724358,0.04501921551881901,0.03678447091377169,0.03251297423693615,0.0525775210066616,0.07463685744050871,0.4620668443715399,0.26157473856879226,0.015132253434488416,0.8110313717449251,0.4374000410088169,0.3361287676850523,/common/users/shared/pracsys/adaptive_roa_experiments/gaussian_torque/pen_high_dir00_s43,0.832911310604643,0.24591615569464564
fm,high,dir00_s43,4,500,0.05375681894084938,100.0,0.3173349841776129,100.0,0.2922124256715194,0.10147781500948555,0.09991318590109594,0.09231489929168546,0.1564629108389617,0.14897791115999032,0.1004666475383001,0.0989768684267002,0.09897686842670018,0.6104367438999385,0.7169366413778963,0.6639327455402911,-0.2918129997949559,0.10657515503611054,0.0004596207097621661,0.10962956325610007,-1.249000902703301e-16,0.6845120472924726,0.5217391304347826,0.00036594291290558675,0.7559098797449934,0.6890511441668647,0.43875064471877484,0.0,76,48770,0.9972903662844148,0.9996017522899243,1.0,0.521085098852202,0.3529908119257454,0.0001830049411334106,0.03888943443042213,0.03667092727562646,0.0770537138350905,0.10657515503609806,0.42376460939101906,0.15445970883740004,6.151322534344884e-05,0.8110313717449251,0.4374000410088169,0.3361287676850523,/common/users/shared/pracsys/adaptive_roa_experiments/gaussian_torque/pen_high_dir00_s43,0.8328959981565659,-0.0767683068800813
fm,high,dir00_s43,5,600,0.0518190898673906,100.0,0.29938282195836746,100.0,0.28085749436128765,0.09398000286584449,0.0923553716863025,0.088557013332174,0.16246311795419857,0.14897791115999032,0.1004666475383001,0.0989768684267002,0.09897686842670018,0.6163830223498052,0.7230469550953454,0.6651014968218167,-0.2799282345704326,0.10277522678082858,0.00048071200147065503,0.10588963707197048,-1.1102230246251565e-16,0.6914386555176224,0.5368446318965813,0.0072935027046739185,0.7379577175257407,0.6890511441668647,0.43875064471877484,0.0,82,48770,0.9944494520612932,0.999616907163836,1.0,0.5299590433331648,0.3669604350271892,0.003660098822668212,0.037158194825019045,0.03558493617743999,0.07438520767444733,0.10277522678081757,0.43221242567151935,0.16057002255484928,0.001230264506868977,0.8110313717449251,0.4374000410088169,0.3361287676850523,/common/users/shared/pracsys/adaptive_roa_experiments/gaussian_torque/pen_high_dir00_s43,0.8266010947059428,-0.0383762227933222
fm,high,dir00_s43,6,700,0.03589395078123117,100.0,0.2006762031260147,100.0,0.22277711708017223,0.05732050537036991,0.05563372193213271,0.09380199810038627,0.1686783438237201,0.14897791115999032,0.1004666475383001,0.0989768684267002,0.09897686842670018,0.6631330736108263,0.8591142095550544,0.6898708222267788,-0.22117695304490467,0.06080859225844668,0.0002658656139933688,0.06398515480828378,2.7755575615628914e-17,0.7402899192209803,0.808035090660185,0.1435932280165336,0.639251098693291,0.6890511441668647,0.43875064471877484,0.0,90,48770,0.9877662940307952,1.0,1.0,0.5919755271274713,0.6779017438589912,0.07735008845238821,0.03144038498580251,0.026171965710002,0.04296185869355773,0.06080859225844649,0.4860570022554849,0.2965142505638712,0.025999589911831045,0.8110313717449251,0.4374000410088169,0.3361287676850523,/common/users/shared/pracsys/adaptive_roa_experiments/gaussian_torque/pen_high_dir00_s43,0.833763878365391,0.38562824602316026
fm,high,dir00_s43,7,800,0.022101889651872306,100.0,0.10859783855213821,100.0,0.151887225753537,0.023623769916699306,0.022007387018618645,0.09347086445110361,0.16163828980806633,0.14897791115999032,0.1004666475383001,0.0989768684267002,0.09897686842670018,0.7234980520811974,0.9068484724215706,0.867521017018659,-0.14455402911626,0.027513390994215268,0.0001451032586157797,0.03061955300389584,4.5102810375396984e-17,0.800011864331371,0.8808830855554681,0.754586546131348,0.5471727341192342,0.6890511441668647,0.43875064471877484,0.0,101,48770,0.9676053811659193,0.9994645088356042,0.9998993356150594,0.681903220913182,0.7874554659666229,0.6059293600927225,0.021230553018393352,0.019012206377905582,0.02292978700269047,0.02751339099421513,0.5715603854828788,0.34461759278244825,0.20369079352060693,0.8110313717449251,0.4374000410088169,0.3361287676850523,/common/users/shared/pracsys/adaptive_roa_experiments/gaussian_torque/pen_high_dir00_s43,0.8331762441552637,0.7220220094699096
fm,high,dir00_s43,8,900,0.03403050124312235,100.0,0.19005669453672272,100.0,0.2150619233135124,0.053145170019229214,0.05148237580685739,0.09378935907895648,0.16627942123718217,0.14897791115999032,0.1004666475383001,0.0989768684267002,0.09897686842670018,0.6807463604675005,0.8537830633586221,0.7205044084478163,-0.21364137789624768,0.05666988515460117,0.00026726995510990224,0.05982245847857289,5.551115123125783e-17,0.7569466125507337,0.7993133143838121,0.2883842338814931,0.6286315901039736,0.6890511441668647,0.43875064471877484,0.0,93,48770,0.9893495470497021,1.0,1.0,0.6129594984072407,0.6657134820926308,0.1684865491368267,0.031030178761160505,0.02527696037678394,0.0387927561445901,0.05666988515460068,0.5024810334221858,0.291183104367439,0.056633176132868564,0.8110313717449251,0.4374000410088169,0.3361287676850523,/common/users/shared/pracsys/adaptive_roa_experiments/gaussian_torque/pen_high_dir00_s43,0.8349994986903585,0.4274431384281522
fm,high,dir00_s43,9,1000,0.03084188881457257,100.0,0.14598381930463675,100.0,0.177070330120976,0.0327714649902204,0.031204939037645645,0.09302224211638188,0.15665259525747532,0.14897791115999032,0.1004666475383001,0.0989768684267002,0.09897686842670018,0.6876358417059668,0.903342218576994,0.8306540906294854,-0.17345294238261227,0.03715956534796395,0.00019144454251695164,0.04021587041213861,-1.3877787807814457e-17,0.7662636553332515,0.875849354753753,0.6632690504342154,0.5845587148718006,0.6890511441668647,0.43875064471877484,0.0,100,48770,0.974592147373351,0.9993989662219017,1.0,0.6313141528037619,0.779486217888618,0.4961873970597206,0.03159439214784679,0.026592361755756706,0.030113962000566336,0.0371595653479624,0.5253639532499488,0.34115234775476727,0.16678285831453762,0.8110313717449251,0.4374000410088169,0.3361287676850523,/common/users/shared/pracsys/adaptive_roa_experiments/gaussian_torque/pen_high_dir00_s43,0.8327256826217533,0.6245631334003723
fm,high,dir00_s43,10,1100,0.015368436499152992,100.0,0.07791055874152923,100.0,0.11957309821611649,0.013791164461871163,0.012261339950611343,0.09418440211704658,0.15298245112598197,0.14897791115999032,0.1004666475383001,0.0989768684267002,0.09897686842670018,0.7354521222062743,0.9395324994873898,0.9214476112364158,-0.10670535165060487,0.01705380626026515,0.00010761399701615768,0.020073409883124872,1.8735013540549517e-16,0.8142795451273931,0.9263136853152095,0.8678646569861691,0.5164854543085076,0.6890511441668647,0.43875064471877484,0.0,101,48770,0.9454472523064581,0.991813366151212,0.9984920634920635,0.7150730646710826,0.8689293080817551,0.7674617214664796,0.01600263057062232,0.016163170105814705,0.01598687655724785,0.017053806260265363,0.6134098831248719,0.3832068894812385,0.25835554644248515,0.8110313717449251,0.4374000410088169,0.3361287676850523,/common/users/shared/pracsys/adaptive_roa_experiments/gaussian_torque/pen_high_dir00_s43,0.833398909571216,0.8276990722039789
fm,high,dir00_s43,11,1200,0.025098626584306005,100.0,0.11498685479291201,100.0,0.15362784498667215,0.024669595731515788,0.023105258717744697,0.09473300562372203,0.15643370137710924,0.14897791115999032,0.1004666475383001,0.0989768684267002,0.09897686842670018,0.7069714988722575,0.9238671314332582,0.8748000820176338,-0.1505718679516096,0.027349121520722913,0.00013829819214646378,0.03040323764609391,5.204170427930421e-17,0.7826034044754097,0.9048070760158954,0.7711737370709039,0.553561750360036,0.6890511441668647,0.43875064471877484,0.0,100,48770,0.9824313485849597,0.998472245798676,0.9998056554270722,0.6503261364210952,0.8272079504969061,0.6276459464405539,0.02613998732454726,0.02168415398603425,0.02300081442888958,0.027349121520722556,0.5368669263891737,0.36237441049825714,0.21101086733647734,0.8110313717449251,0.4374000410088169,0.3361287676850523,/common/users/shared/pracsys/adaptive_roa_experiments/gaussian_torque/pen_high_dir00_s43,0.8355310045867322,0.7236816848678437
fm,high,dir00_s43,12,1300,0.024132199719763586,100.0,0.11646251033863285,100.0,0.15291429157268813,0.024651060539225982,0.02303127194174823,0.09279856311135841,0.16197885974777512,0.14897791115999032,0.1004666475383001,0.0989768684267002,0.09897686842670018,0.7208119745745335,0.9222062743489851,0.8558950174287472,-0.1478021324584786,0.029209577257090075,0.0001799187539217177,0.03231914496616772,4.163336342344337e-17,0.7967457829526795,0.9025179856115108,0.7272797826930538,0.5550374059057684,0.6890511441668647,0.43875064471877484,0.0,101,48770,0.9727001020556932,0.9985785763020241,0.9993601365042124,0.6746978813773575,0.8233170823176449,0.5716464344537302,0.024398581881972792,0.020799449901929456,0.02337586636303533,0.02920957725708985,0.5625589501742875,0.36063153578019275,0.19226983801517325,0.8110313717449251,0.4374000410088169,0.3361287676850523,/common/users/shared/pracsys/adaptive_roa_experiments/gaussian_torque/pen_high_dir00_s43,0.832295641202978,0.7048848107502819
fm,high,dir00_s43,13,1400,0.020082427595249256,100.0,0.08856263940970556,100.0,0.12771560385482877,0.016190213574217755,0.014622130094350391,0.09459081846334855,0.15680834798673635,0.14897791115999032,0.1004666475383001,0.0989768684267002,0.09897686842670018,0.7511584990773016,0.9367028911215911,0.9185564896452737,-0.11954992823457045,0.019008180057702304,0.00011081878633403526,0.02206604264916957,2.6020852139652106e-16,0.8237481120018589,0.9222946610617463,0.8623128119800334,0.5271375349767703,0.6890511441668647,0.43875064471877484,0.0,101,48770,0.9678520237526449,0.9959228051100842,0.9986350863107186,0.7169944885473024,0.8588036752297018,0.7587384859391204,0.021315447482823897,0.01830721055127709,0.01841679362830592,0.019008180057701742,0.6008201763379126,0.3771785933975805,0.2553824072175518,0.8110313717449251,0.4374000410088169,0.3361287676850523,/common/users/shared/pracsys/adaptive_roa_experiments/gaussian_torque/pen_high_dir00_s43,0.8357936983568484,0.8079533090928281
fm,high,dir00_s43,14,1500,0.016112791871248294,100.0,0.07822492402988777,100.0,0.11893992208324791,0.013842339374457275,0.012366731832977271,0.09439462562508066,0.14756075414800043,0.14897791115999032,0.1004666475383001,0.0989768684267002,0.09897686842670018,0.736723395530039,0.9311051876153373,0.9404757022759893,-0.1114607340578224,0.01694897463459694,0.0001138700986053911,0.019914361287676853,1.3183898417423734e-16,0.8118129854902535,0.9146688338073954,0.9033782659344316,0.5167998195968666,0.6890511441668647,0.43875064471877484,0.0,101,48770,0.9657902078393081,0.998004876967413,0.9940668033987694,0.7001820296303787,0.8441777611100694,0.8278533520405051,0.01720135556922413,0.01592915714454248,0.015343686092003365,0.016948974634596176,0.5879844166495797,0.36998154603239697,0.27992618412958786,0.8110313717449251,0.4374000410088169,0.3361287676850523,/common/users/shared/pracsys/adaptive_roa_experiments/gaussian_torque/pen_high_dir00_s43,0.8349276025117193,0.8287582249871955
fm,high,dir00_s43,15,1600,0.016270461705908124,100.0,0.08107202515504883,100.0,0.12200963707197048,0.014593769188531404,0.013087152333079199,0.09376825966306296,0.15066168554522055,0.14897791115999032,0.1004666475383001,0.0989768684267002,0.09897686842670018,0.7412138609801108,0.927004305925774,0.9329710887840886,-0.11477322124256717,0.018295761096716604,0.00013167211964947695,0.02129215706376871,1.5959455978986625e-16,0.8155552632732693,0.909109477124183,0.8895197539626213,0.5196469207220544,0.6890511441668647,0.43875064471877484,0.0,101,48770,0.9664045994527759,0.9982058757568961,0.9972719005759321,0.7054406633968752,0.8346146634164635,0.8027816751052278,0.016791608311947637,0.01601175238130651,0.0165008806539861,0.01829576109671609,0.5920237851137995,0.36571662907525115,0.27057617387738364,0.8110313717449251,0.4374000410088169,0.3361287676850523,/common/users/shared/pracsys/adaptive_roa_experiments/gaussian_torque/pen_high_dir00_s43,0.8340638595022545,0.8151511420037906
fm,high,dir00_s43,16,1700,0.01353036238362269,100.0,0.07035316683396772,100.0,0.11252327250358828,0.012202365918189937,0.010704393369243429,0.09449852750201,0.14979725489465084,0.14897791115999032,0.1004666475383001,0.0989768684267002,0.09897686842670018,0.7593192536395325,0.9281115439819562,0.9419110108673365,-0.10202091449661677,0.0151827342939338,0.00010160742525237969,0.018170485954480214,1.7694179454963432e-16,0.8321464321464321,0.9106660551393772,0.9056138597367982,0.5089280624009047,0.6890511441668647,0.43875064471877484,0.0,101,48770,0.9578614695812484,0.9975438204756056,0.9977242695639407,0.7356019618749052,0.8377086067879242,0.8290733849813945,0.014421877168236792,0.01426537882412323,0.013438085488884753,0.015182734293933593,0.6228419110108674,0.36731597293418083,0.27931105187615335,0.8110313717449251,0.4374000410088169,0.3361287676850523,/common/users/shared/pracsys/adaptive_roa_experiments/gaussian_torque/pen_high_dir00_s43,0.8353382730952567,0.8466032060291162
fm,high,dir00_s43,17,1800,0.018770729037706074,100.0,0.08554582449849099,100.0,0.12845765839655524,0.01613629257611869,0.014570011723715222,0.09471742032766499,0.15662808524034688,0.14897791115999032,0.1004666475383001,0.0989768684267002,0.09897686842670018,0.7529628870207095,0.9223498052081197,0.9234570432643018,-0.11986590116875127,0.018829459822750777,0.00010469770662063886,0.021885519786754157,3.5041414214731503e-16,0.8253508059839962,0.90282019040776,0.8715814097492174,0.524120720065544,0.6890511441668647,0.43875064471877484,0.0,101,48770,0.9673122663948353,0.9973918466859443,0.9993688860839381,0.7197249330029832,0.8246296643540221,0.7727688647593485,0.019718947730326737,0.017524689171807144,0.01705434072113289,0.018829459822750215,0.6034447406192331,0.3616362517941357,0.25991388148451916,0.8110313717449251,0.4374000410088169,0.3361287676850523,/common/users/shared/pracsys/adaptive_roa_experiments/gaussian_torque/pen_high_dir00_s43,0.8361460444573435,0.8097589858917853
fm,high,dir00_s43,18,1900,0.009949202279618078,100.0,0.05550147531550506,100.0,0.09623416034447406,0.008594222153251072,0.007142913039973536,0.09507051906616708,0.14513091132775363,0.14897791115999032,0.1004666475383001,0.0989768684267002,0.09897686842670018,0.7654500717654296,0.9400246052901374,0.9577609185974985,-0.08282796801312282,0.011049262400507019,8.345616617132333e-05,0.013990350625384458,3.5388358909926865e-16,0.8382974512658854,0.9270955360035892,0.9332858345747782,0.49407637088237755,0.6890511441668647,0.43875064471877484,0.0,100,48770,0.9507487093981467,0.989834477619884,0.9947531929582326,0.7496334125499318,0.8718357397337334,0.8789727322637712,0.009226865952947548,0.01170067730824713,0.010286532331723518,0.011049262400506597,0.6394709862620463,0.3852573303260201,0.2970063563666188,0.8110313717449251,0.4374000410088169,0.3361287676850523,/common/users/shared/pracsys/adaptive_roa_experiments/gaussian_torque/pen_high_dir00_s43,0.8359640644125172,0.8883652051621553
fm,high,dir00_s43,19,2000,0.013256571399818015,100.0,0.06592443396052093,100.0,0.10605884765224524,0.01061222465202133,0.009128604464084963,0.09462811762809073,0.1483620187936366,0.14897791115999032,0.1004666475383001,0.0989768684267002,0.09897686842670018,0.7517326225138404,0.9367233955300389,0.9528193561615748,-0.09367582530244002,0.013477355262694609,9.565304623212524e-05,0.01645075456223088,1.7694179454963432e-16,0.8273393605795283,0.9226100912829772,0.9248162065022055,0.5044993295274642,0.6890511441668647,0.43875064471877484,0.0,101,48770,0.9488747873871517,0.99196505608283,0.995778215592457,0.7334024371744956,0.8623195199699981,0.8632953089733423,0.013713548650332833,0.014535435552986567,0.012973977472075023,0.013477355262694115,0.6268607750666393,0.3802337502563051,0.291408652860365,0.8110313717449251,0.4374000410088169,0.3361287676850523,/common/users/shared/pracsys/adaptive_roa_experiments/gaussian_torque/pen_high_dir00_s43,0.8340559867523879,0.8638332826959907
fm,high,dir00_s44,0,100,0.09085688526038425,100.0,0.5574279058014642,100.0,0.3803223293007997,0.17127749095977765,0.1700527008400029,0.08160431483599018,0.12247901197747416,0.14897791115999032,0.1004666475383001,0.0989768684267002,0.09897686842670018,0.4583965552593808,0.5683206889481238,0.6638712323149477,-0.3802325199917983,0.1874252544307127,0.000825604537224052,0.19013982366208734,-2.498001805406602e-16,0.4988426365119721,0.025820184165471285,nan,0.9960028013689642,0.6890511441668647,0.43875064471877484,0.0,62,48770,0.9995437956204379,1.0,nan,0.332355766799818,0.013078942433902119,0.0,0.05099723791120148,0.06945458124405864,0.14104936317243663,0.18742525443070193,0.2696739799056797,0.005720729956940742,0.0,0.8110313717449251,0.4374000410088169,0.3361287676850523,/common/users/shared/pracsys/adaptive_roa_experiments/gaussian_torque/pen_high_dir00_s44,0.8177669958334258,-0.8936268383709796
fm,high,dir00_s44,1,200,0.07497069670412548,100.0,0.4386609014469964,100.0,0.3420369079352061,0.1374370460497241,0.136051619879057,0.08427804667393743,0.13854261706670978,0.14897791115999032,0.1004666475383001,0.0989768684267002,0.09897686842670018,0.5320893992208324,0.6169981546032397,0.6639122411318433,-0.34194340783268407,0.15075044163181953,0.0006850833045771788,0.15362564691408653,-2.220446049250313e-16,0.5948153409090909,0.22122159683135292,0.00024397682220189082,0.8772357970144434,0.6890511441668647,0.43875064471877484,0.0,77,48770,0.9990456877013002,1.0,1.0,0.42347170956161195,0.12436714794674668,0.0001220032940889404,0.04473904287906961,0.05323665923123116,0.11873958686723475,0.15075044163181908,0.34377691203608773,0.05439819561205659,4.1008816895632564e-05,0.8110313717449251,0.4374000410088169,0.3361287676850523,/common/users/shared/pracsys/adaptive_roa_experiments/gaussian_torque/pen_high_dir00_s44,0.8240321937589349,-0.5230876065094094
fm,high,dir00_s44,2,300,0.05985753852341671,100.0,0.3358372111298759,100.0,0.29326081607545623,0.09876632219924274,0.09725574637746126,0.08889093364978383,0.1510575821781481,0.14897791115999032,0.1004666475383001,0.0989768684267002,0.09897686842670018,0.6201763379126513,0.7301004716013944,0.6668443715398811,-0.2931078531884355,0.10734168115437748,0.0004893987709846529,0.11034203608775886,-1.5265566588595902e-16,0.6945855041878256,0.5538117351954172,0.01753537308017898,0.7744121066972458,0.6890511441668647,0.43875064471877484,0.0,86,48770,0.9983884728410276,1.0,1.0,0.5325377964301967,0.3829458091130696,0.008845238821448179,0.04606771570534286,0.04384214223431859,0.08108576714448013,0.10734168115436954,0.43260200943202787,0.1675005126102112,0.0029731392249333606,0.8110313717449251,0.4374000410088169,0.3361287676850523,/common/users/shared/pracsys/adaptive_roa_experiments/gaussian_torque/pen_high_dir00_s44,0.8294026623584423,-0.08451280446271214
fm,high,dir00_s44,3,400,0.035548842376788896,100.0,0.19078120732289303,100.0,0.211972114004511,0.05017169608268836,0.04853846995220162,0.0921813290628585,0.16332261304867415,0.14897791115999032,0.1004666475383001,0.0989768684267002,0.09897686842670018,0.6905884765224524,0.8598318638507279,0.7304900553619028,-0.2101697765019479,0.055334009316043355,0.00027024940467975647,0.058457014558129995,3.469446951953614e-17,0.7657123338715689,0.8095503426756562,0.33088983913663206,0.6293561028901358,0.6890511441668647,0.43875064471877484,0.0,96,48770,0.9921541804136155,0.9977338277709106,0.9996924023377423,0.6234262021540173,0.6810894430901931,0.19825535289452814,0.03361983169815823,0.027122493915989542,0.039357087224509354,0.05533400931604298,0.5096165675620259,0.2985851958171007,0.06665983186385073,0.8110313717449251,0.4374000410088169,0.3361287676850523,/common/users/shared/pracsys/adaptive_roa_experiments/gaussian_torque/pen_high_dir00_s44,0.8336712684497147,0.44093998733631035
fm,high,dir00_s44,4,500,0.05043497213212674,100.0,0.2964516021303138,100.0,0.281482878818946,0.09404889768999242,0.09244086890925911,0.09072532993200363,0.16080287807333124,0.14897791115999032,0.1004666475383001,0.0989768684267002,0.09897686842670018,0.6097395940127127,0.7398195612056592,0.6641172852163215,-0.281145376255895,0.10069240740395549,0.0004607818196253792,0.1037902152962887,-1.942890293094024e-16,0.683831957341484,0.5766805671392827,0.001462968607131972,0.7350264976976869,0.6890511441668647,0.43875064471877484,0.0,80,48770,0.9969968515379026,1.0,1.0,0.5203772058451737,0.405165947871742,0.0007320197645336424,0.03512438491952555,0.03398440405697333,0.07330742109427243,0.10069240740394692,0.4233135124051671,0.1772196022144761,0.00024605290137379534,0.8110313717449251,0.4374000410088169,0.3361287676850523,/common/users/shared/pracsys/adaptive_roa_experiments/gaussian_torque/pen_high_dir00_s44,0.8316516777147783,-0.017332726368543216
fm,high,dir00_s44,5,600,0.04170961943283816,100.0,0.23844242124836024,100.0,0.24496514250563872,0.07002562631067454,0.06833040435563097,0.08934804378951172,0.16952219550435668,0.14897791115999032,0.1004666475383001,0.0989768684267002,0.09897686842670018,0.6548697970063564,0.8058437564076276,0.6734467910600779,-0.2429548903014148,0.07795922899281932,0.0003771158984368312,0.08114423005946278,-1.3877787807814457e-16,0.7314356830583654,0.7156200258281527,0.05539739027283511,0.677017316815684,0.6890511441668647,0.43875064471877484,0.0,86,48770,0.9913927335640138,0.9957375679063937,1.0,0.5794862719320423,0.55850365647853,0.028487769169767585,0.033565892262796056,0.029692287567079596,0.053832990402279596,0.07795922899281858,0.4740619233135124,0.2453352470781218,0.009575558745130204,0.8110313717449251,0.4374000410088169,0.3361287676850523,/common/users/shared/pracsys/adaptive_roa_experiments/gaussian_torque/pen_high_dir00_s44,0.8272591788875491,0.21234900404477852
fm,high,dir00_s44,6,700,0.03467016907254723,100.0,0.18257296890850092,100.0,0.2095035882714784,0.04905183713101592,0.04735020860462012,0.09268851337548799,0.17016285263958014,0.14897791115999032,0.1004666475383001,0.0989768684267002,0.09897686842670018,0.6721960221447612,0.871088784088579,0.7042239081402502,-0.20568443715398807,0.05363856365583247,0.0002337724726919768,0.05682997129382817,1.3183898417423734e-16,0.7515887937598087,0.8272375037784068,0.2143674091825064,0.6211478644757532,0.6890511441668647,0.43875064471877484,0.0,91,48770,0.97508365923477,0.9995351616973238,1.0,0.6114425848207514,0.7056066004125258,0.12005124138351736,0.030599900377571237,0.026865826275882975,0.0401290130648258,0.053638563655831216,0.5085708427311872,0.30877588681566537,0.04035267582530244,0.8110313717449251,0.4374000410088169,0.3361287676850523,/common/users/shared/pracsys/adaptive_roa_experiments/gaussian_torque/pen_high_dir00_s44,0.8308164365810138,0.45806970347262643
fm,high,dir00_s44,7,800,0.026002001825875705,100.0,0.12947295786219162,100.0,0.16898195612056593,0.030289498671998625,0.02863978784629231,0.09301582019020442,0.1649710825706315,0.14897791115999032,0.1004666475383001,0.0989768684267002,0.09897686842670018,0.7073610826327661,0.8980315767890097,0.8224523272503588,-0.1633842526143121,0.0346008360827881,0.00017376383515115823,0.03774032602009433,2.0816681711721685e-17,0.7848269207574479,0.8681146736680193,0.6411372207716856,0.5680478534293409,0.6890511441668647,0.43875064471877484,0.0,100,48770,0.972137147979383,0.9995114503816794,0.9998707342295761,0.6580371138190828,0.767251078192387,0.471847739888977,0.024365579725903055,0.021418601930727248,0.027640329737812698,0.03460083608278782,0.5489850317818331,0.3357596883329916,0.15862210375230676,0.8110313717449251,0.4374000410088169,0.3361287676850523,/common/users/shared/pracsys/adaptive_roa_experiments/gaussian_torque/pen_high_dir00_s44,0.8325096244332434,0.65041492388282
fm,high,dir00_s44,8,900,0.032468107956563165,100.0,0.1715868193640242,100.0,0.20213409883124872,0.04537820991809145,0.043742687873781216,0.09469234566635677,0.16355220443102342,0.14897791115999032,0.1004666475383001,0.0989768684267002,0.09897686842670018,0.6832478982981341,0.8860570022554849,0.741398400656141,-0.20134960016403528,0.048027210634124726,0.00021386359412898625,0.05115251179003485,6.245004513516506e-17,0.7582396945131304,0.8502519604408634,0.37483890155645877,0.6101617149312571,0.6890511441668647,0.43875064471877484,0.0,93,48770,0.9951117318435754,0.9999366165937758,1.0,0.6124538605450777,0.7395462216388524,0.23064722747514182,0.03038564670697066,0.02490388469480495,0.03623449887432565,0.04802721063412274,0.49915931925363954,0.3234980520811975,0.07752716834119336,0.8110313717449251,0.4374000410088169,0.3361287676850523,/common/users/shared/pracsys/adaptive_roa_experiments/gaussian_torque/pen_high_dir00_s44,0.8368840767430986,0.514763283608104
fm,high,dir00_s44,9,1000,0.03211107645305701,100.0,0.15650396355737714,100.0,0.18758909165470578,0.03780714850077255,0.03622215880475558,0.0938427359611559,0.1584989696016967,0.14897791115999032,0.1004666475383001,0.0989768684267002,0.09897686842670018,0.6771990978060283,0.9011277424646299,0.7939101906909986,-0.18604100881689561,0.04135629127029988,0.00019324601844993106,0.04443106007791675,0.0,0.7537116127720155,0.8726091091619994,0.5579063118539697,0.5950788591245684,0.6890511441668647,0.43875064471877484,0.0,97,48770,0.9885911273443592,0.9996973365617433,1.0,0.6090155230823684,0.7741890118132383,0.38687244555603,0.03241988513388902,0.026556227520229347,0.0329294464016818,0.04135629127029846,0.4996309206479393,0.33873282755792494,0.13003895837605084,0.8110313717449251,0.4374000410088169,0.3361287676850523,/common/users/shared/pracsys/adaptive_roa_experiments/gaussian_torque/pen_high_dir00_s44,0.8339354170576682,0.5821620553601641
fm,high,dir00_s44,10,1100,0.018027452957365863,100.0,0.0915907194612808,100.0,0.13237420545417267,0.017921572467111974,0.016367522038694106,0.09381861369005438,0.15540504284178677,0.14897791115999032,0.1004666475383001,0.0989768684267002,0.09897686842670018,0.7332991593192536,0.9270863235595653,0.8960016403526758,-0.12354951814640149,0.02152577677534003,0.00013203048550786885,0.024569606315357803,1.1102230246251565e-16,0.8105565184462344,0.9093319734829169,0.8170538161881403,0.5301656150283037,0.6890511441668647,0.43875064471877484,0.0,101,48770,0.9560556605394263,0.9968694096601073,0.9995587326802577,0.7034939576275472,0.8359272454528408,0.6909046544256695,0.018653753238763483,0.017645275805004173,0.018307174161130736,0.021525776775339626,0.5967808078736928,0.3667828583145376,0.23233545212220627,0.8110313717449251,0.4374000410088169,0.3361287676850523,/common/users/shared/pracsys/adaptive_roa_experiments/gaussian_torque/pen_high_dir00_s44,0.8332577468333446,0.7825170959891352
fm,high,dir00_s44,11,1200,0.020071595414802745,100.0,0.09292527134346833,100.0,0.1312001230264507,0.017381459500507006,0.015873980341477714,0.09433777896827213,0.15074791590292927,0.14897791115999032,0.1004666475383001,0.0989768684267002,0.09897686842670018,0.7246668033627229,0.9404757022759893,0.9148041828993233,-0.12640414189050647,0.020513069799905973,0.00012463458947821522,0.023510328070535165,1.8735013540549517e-16,0.7985900704964751,0.9272376369150562,0.8555335349953063,0.5315001669105247,0.6890511441668647,0.43875064471877484,0.0,101,48770,0.9817450951467768,0.9963371936439537,0.9947445019404916,0.6730292764322192,0.867101068816801,0.7505032635881169,0.021886683940076142,0.018398215246579742,0.018187796511350395,0.020513069799905758,0.5559975394709863,0.38066434283370926,0.2535985236825918,0.8110313717449251,0.4374000410088169,0.3361287676850523,/common/users/shared/pracsys/adaptive_roa_experiments/gaussian_torque/pen_high_dir00_s44,0.835425433388458,0.7927488500497726
fm,high,dir00_s44,12,1300,0.024622103110907918,100.0,0.11197476968384679,100.0,0.14918105392659423,0.022928594513048465,0.02133685377161734,0.09304519079032758,0.15917407414311252,0.14897791115999032,0.1004666475383001,0.0989768684267002,0.09897686842670018,0.7163625179413574,0.9245232725035882,0.8739799056797212,-0.14417510764814434,0.02726853140799009,0.0001627967391598942,0.03035005126102112,1.3530843112619095e-16,0.7925931479121374,0.905743476813561,0.7695365231738414,0.550549665250972,0.6890511441668647,0.43875064471877484,0.0,101,48770,0.9738403153900004,0.9980249421590204,0.9986374695863747,0.6682257167416696,0.8290830676917307,0.6259379003233088,0.02539489833748551,0.021702877783368955,0.0231017198331477,0.027268531407989974,0.5565101496821817,0.3633586221037523,0.21068279680131227,0.8110313717449251,0.4374000410088169,0.3361287676850523,/common/users/shared/pracsys/adaptive_roa_experiments/gaussian_torque/pen_high_dir00_s44,0.8318696359672862,0.7244959166576936
fm,high,dir00_s44,13,1400,0.017208260821756704,100.0,0.07805402521589111,100.0,0.1179596063153578,0.013098721087165014,0.011563329877549896,0.09419581972245122,0.15353912096151176,0.14897791115999032,0.1004666475383001,0.0989768684267002,0.09897686842670018,0.751896657781423,0.938958376050851,0.9361287676850523,-0.10615726881279473,0.01634437858179913,0.00010665272547021711,0.01936954890301415,2.498001805406602e-16,0.8262742282842785,0.9253903410942083,0.8952835580058495,0.5166289207828972,0.6890511441668647,0.43875064471877484,0.0,101,48770,0.9561071238702817,0.9942377080079703,0.9971544106634717,0.7274864741871871,0.8654603412713294,0.8122979320441652,0.018532620442686883,0.017237216454061566,0.016114909500996304,0.01634437858179848,0.6171006766454787,0.3807463604675005,0.2738158704121386,0.8110313717449251,0.4374000410088169,0.3361287676850523,/common/users/shared/pracsys/adaptive_roa_experiments/gaussian_torque/pen_high_dir00_s44,0.8341645778159089,0.834866683078548
fm,high,dir00_s44,14,1500,0.018693574921374467,100.0,0.08958264657366372,100.0,0.13102973139224933,0.01720244719387669,0.01568612647179013,0.09427365081173404,0.15163207220865615,0.14897791115999032,0.1004666475383001,0.0989768684267002,0.09897686842670018,0.7256100061513225,0.9246873077711708,0.9195407012507689,-0.12481361492720934,0.02038934408675643,0.00012236321540578694,0.023395443920442897,1.457167719820518e-16,0.8015070159304636,0.905933874561426,0.8642402435649045,0.5281575421406856,0.6890511441668647,0.43875064471877484,0.0,101,48770,0.9696382428940569,0.9984194185718318,0.9983214771001518,0.6830661879961571,0.8291299456216014,0.7619105715854328,0.01975003945545135,0.017825617917951713,0.01831460602539567,0.020389344086755995,0.5713348369899528,0.3632355956530654,0.2565306540906295,0.8110313717449251,0.4374000410088169,0.3361287676850523,/common/users/shared/pracsys/adaptive_roa_experiments/gaussian_torque/pen_high_dir00_s44,0.8346489653212081,0.7939988968042946
fm,high,dir00_s44,15,1600,0.02398461225184843,100.0,0.11553874328473343,100.0,0.15526881279475085,0.025336856945311913,0.023774149659204998,0.09393753770075375,0.15627072861069172,0.14897791115999032,0.1004666475383001,0.0989768684267002,0.09897686842670018,0.7160139429977446,0.9087963912241132,0.8696534754972319,-0.15221857699405375,0.028813480385151493,0.00015880498897261863,0.031865966782858315,4.163336342344337e-17,0.790671664349193,0.8836698399414165,0.7595051639995459,0.5541136388518371,0.6890511441668647,0.43875064471877484,0.0,100,48770,0.9829763246899662,0.999408424041647,0.999800796812749,0.6612984780300349,0.7919557472342021,0.6123345330323918,0.02379095714164313,0.021036985479149336,0.02367340857829855,0.028813480385150973,0.5456223087963912,0.3466065204018864,0.20586426081607545,0.8110313717449251,0.4374000410088169,0.3361287676850523,/common/users/shared/pracsys/adaptive_roa_experiments/gaussian_torque/pen_high_dir00_s44,0.8349439292598504,0.7088867243108419
fm,high,dir00_s44,16,1700,0.01649545605174521,100.0,0.08215852231038316,100.0,0.1243024400246053,0.01521992534109082,0.013679351404057993,0.09415930816747813,0.15405739370328259,0.14897791115999032,0.1004666475383001,0.0989768684267002,0.09897686842670018,0.7537010457248309,0.9229444330531065,0.9272913676440435,-0.11597929054746771,0.01849691166328033,0.00011662198791322492,0.021527264711913064,2.671474153004283e-16,0.8265915980944133,0.9035272372541971,0.8788603443563816,0.5207334178773985,0.6890511441668647,0.43875064471877484,0.0,101,48770,0.963420379593485,0.9986380660537963,0.9987576675207702,0.7237953177933963,0.8249578098631164,0.7846641859330202,0.017460773823946837,0.01614320784221058,0.016134412093043716,0.018496911663279925,0.6093090014353086,0.3613286856674185,0.2640762763994259,0.8110313717449251,0.4374000410088169,0.3361287676850523,/common/users/shared/pracsys/adaptive_roa_experiments/gaussian_torque/pen_high_dir00_s44,0.8349717742287925,0.8131188432479182
fm,high,dir00_s44,17,1800,0.013383479725480572,100.0,0.06744421637867219,100.0,0.10865696124666804,0.01126217809597141,0.009742875867204346,0.09494462223053987,0.15193022287670638,0.14897791115999032,0.1004666475383001,0.0989768684267002,0.09897686842670018,0.7656141070330121,0.9373795366003691,0.9437769120360877,-0.0969427927004306,0.013775122063364837,9.155480701929975e-05,0.016784203403731802,1.5959455978986625e-16,0.8372510215413529,0.9233164264550797,0.9089399574920298,0.5060191119456376,0.6890511441668647,0.43875064471877484,0.0,101,48770,0.9582830883551152,0.9941602681950903,0.9975216852540273,0.743363503059109,0.8618976186011625,0.8348075398035747,0.014447368083127183,0.014305900091751382,0.013062102468191675,0.013775122063364474,0.629136764404347,0.3792085298339143,0.28129997949559155,0.8110313717449251,0.4374000410088169,0.3361287676850523,/common/users/shared/pracsys/adaptive_roa_experiments/gaussian_torque/pen_high_dir00_s44,0.836066087620769,0.8608248343039228
fm,high,dir00_s44,18,1900,0.011921174170209969,100.0,0.06299905388992798,100.0,0.10375312692228832,0.010398374071316559,0.008930992691390582,0.09506123239493573,0.14673813799259772,0.14897791115999032,0.1004666475383001,0.0989768684267002,0.09897686842670018,0.7629895427516916,0.9345704326430182,0.9506048800492106,-0.09315972934180848,0.012846628723155274,9.097357586640583e-05,0.015803789214681157,2.185751579730777e-16,0.8352832205201282,0.9196848808235384,0.9210241615578796,0.5015739494568384,0.6890511441668647,0.43875064471877484,0.0,101,48770,0.9571209300806636,0.9929887493885537,0.9955350815024805,0.7409617232138342,0.856459778736171,0.8568901360336729,0.011801226536432095,0.013001398276386435,0.011709232368797095,0.012846628723155038,0.6278654910805823,0.37726061103137176,0.2893172031986877,0.8110313717449251,0.4374000410088169,0.3361287676850523,/common/users/shared/pracsys/adaptive_roa_experiments/gaussian_torque/pen_high_dir00_s44,0.8364378010720067,0.8702057467834601
fm,high,dir00_s44,19,2000,0.011988426201841755,100.0,0.062003463080076385,100.0,0.10230490055361903,0.009822325717092751,0.00832140419926945,0.09495744362652286,0.15009215178233018,0.14897791115999032,0.1004666475383001,0.0989768684267002,0.09897686842670018,0.7600984211605495,0.9419520196842321,0.9514045519786755,-0.08901312282140661,0.012340828999447002,8.660768357915477e-05,0.015331529628870208,2.1337098754514727e-16,0.8345728586375589,0.9295788661973583,0.9224780845217847,0.5005783586470125,0.6890511441668647,0.43875064471877484,0.0,101,48770,0.9467791607853202,0.9902485558323175,0.9944989068340504,0.7461445113010062,0.875914119632477,0.8601842249740743,0.01243752741687932,0.013313196264469161,0.012048671252197492,0.01234082899944685,0.6391634201353291,0.3868976830018454,0.29073200738158705,0.8110313717449251,0.4374000410088169,0.3361287676850523,/common/users/shared/pracsys/adaptive_roa_experiments/gaussian_torque/pen_high_dir00_s44,0.8351167831136649,0.8753160289306757
fm,high,epi_var,0,100,0.08921529047576073,100.0,0.558261756488272,100.0,0.38004572483083865,0.1718575034886228,0.17063500184723454,0.08326600257500556,0.12225016413882522,0.14897791115999032,0.1004666475383001,0.0989768684267002,0.09897686842670018,0.4547877793725651,0.5698585195817101,0.6638712323149477,-0.37998298134098835,0.186345867698929,0.0008208228290221164,0.18905814845191715,-1.942890293094024e-16,0.4938130592042642,0.032647791201696946,nan,0.9968366520557705,0.6890511441668647,0.43875064471877484,0.0,62,48770,0.9995376078914919,1.0,nan,0.3279061536127825,0.016594787174198388,0.0,0.05103156788305438,0.06483504240684439,0.14050216072971863,0.18634586769891306,0.2660652040188641,0.007258560590526963,0.0,0.8110313717449251,0.4374000410088169,0.3361287676850523,/common/users/shared/pracsys/adaptive_roa_experiments/gaussian_torque/pen_high_epi_var,0.8216551151314889,-0.8827213940086631
fm,high,epi_var,1,200,0.06310817411290126,100.0,0.3721178872285031,100.0,0.30178757432848063,0.10228285764576792,0.10086527426635145,0.08937503317258544,0.14175833794164736,0.14897791115999032,0.1004666475383001,0.0989768684267002,0.09897686842670018,0.5835349600164035,0.7307771170801722,0.6722780397785524,-0.3012983391429157,0.11046710952046611,0.00047222662143934325,0.11337447201148247,-1.1102230246251565e-16,0.6557049141423559,0.5554276427168687,0.048800809379277506,0.8106927827958503,0.6890511441668647,0.43875064471877484,0.0,88,48770,0.9949585884047534,1.0,1.0,0.488977094604844,0.38449278079879995,0.02501067528823278,0.048074325788126065,0.050255902307885826,0.08371745587927645,0.11046710952046253,0.39858519581710067,0.16817715808898914,0.008406807463604674,0.8110313717449251,0.4374000410088169,0.3361287676850523,/common/users/shared/pracsys/adaptive_roa_experiments/gaussian_torque/pen_high_epi_var,0.8307772630288605,-0.1160901660803233
fm,high,epi_var,2,300,0.05814384645570947,100.0,0.34518278401664215,100.0,0.2834301824892352,0.08927623011159404,0.08781905385859863,0.09079950057382266,0.1457176252995404,0.14897791115999032,0.1004666475383001,0.0989768684267002,0.09897686842670018,0.6304080377281115,0.7744720114824687,0.6714373590321919,-0.28322636866926393,0.09599642171147606,0.0004046572105017609,0.09894337707607136,-1.249000902703301e-16,0.7052571335132042,0.6526668140335365,0.04402815893091516,0.7837576795839795,0.6890511441668647,0.43875064471877484,0.0,86,48770,0.998333410490255,0.9999032414126754,1.0,0.5452040248773828,0.48443652728295516,0.022509607759409505,0.04884894982219156,0.04754431226350063,0.07122120632198248,0.09599642171146754,0.44291572688127945,0.21191306130818127,0.007566126717244208,0.8110313717449251,0.4374000410088169,0.3361287676850523,/common/users/shared/pracsys/adaptive_roa_experiments/gaussian_torque/pen_high_epi_var,0.8329294441409852,0.030112558243155285
fm,high,epi_var,3,400,0.0700125660425466,100.0,0.4366540407247457,100.0,0.3270937051466065,0.12415913160070935,0.12276338815021093,0.09011116359666763,0.13957434504984229,0.14897791115999032,0.1004666475383001,0.0989768684267002,0.09897686842670018,0.5760303465245028,0.6570842731187205,0.6638917367233955,-0.32701045724830835,0.1316290929802433,0.0005553125850407623,0.13451461554234165,-1.942890293094024e-16,0.6462870143866432,0.3552814186584426,0.00012199585214102722,0.8752289362921574,0.6890511441668647,0.43875064471877484,0.0,76,48770,0.9993122784743163,1.0,1.0,0.47757496081306566,0.21601350084380275,6.10016470444702e-05,0.05040936140158956,0.050046349987469735,0.10249758586480108,0.13162909298024475,0.38759483288907115,0.09448431412753742,2.0504408447816282e-05,0.8110313717449251,0.4374000410088169,0.3361287676850523,/common/users/shared/pracsys/adaptive_roa_experiments/gaussian_torque/pen_high_epi_var,0.8321564722966281,-0.32989753133808786
fm,high,epi_var,4,500,0.07925692800691041,100.0,0.5145575656500649,100.0,0.3419881074431002,0.13255683270597882,0.1312517183680123,0.08861628319691342,0.13051143379665014,0.14897791115999032,0.1004666475383001,0.0989768684267002,0.09897686842670018,0.5639737543571868,0.6473651835144556,0.6638712323149477,-0.3417916752101702,0.14161230359779878,0.0005833334784759444,0.14440719704736518,-3.0531133177191805e-16,0.6328746784524282,0.3246681850310218,nan,0.9531324612174984,0.6890511441668647,0.43875064471877484,0.0,71,48770,0.9978224182045838,1.0,nan,0.4633918187793902,0.19379336208513032,0.0,0.057752707306816954,0.057369187051983406,0.11664652129248247,0.14161230359779692,0.37664547877793725,0.08476522452327251,0.0,0.8110313717449251,0.4374000410088169,0.3361287676850523,/common/users/shared/pracsys/adaptive_roa_experiments/gaussian_torque/pen_high_epi_var,0.8281228595831617,-0.43076160974595123
fm,high,epi_var,5,600,0.06419894133012907,100.0,0.3585039274067035,100.0,0.29626512200123023,0.10009987348714725,0.0985737691176371,0.08417379393912369,0.1526104369510152,0.14897791115999032,0.1004666475383001,0.0989768684267002,0.09897686842670018,0.6429977445150707,0.6870412138609802,0.66450686897683,-0.29549456633176135,0.11337684360521351,0.000548081519980634,0.11639272708632357,-8.326672684688674e-17,0.7185828120706654,0.44297653370314954,0.0037749634680954705,0.7970788229741078,0.6890511441668647,0.43875064471877484,0.0,82,48770,0.9961460900739413,1.0,1.0,0.5619912019011983,0.28450215638477405,0.0018910510583785762,0.04978816398556151,0.04712703040244637,0.08729501194019448,0.11337684360521176,0.4575558745130203,0.124441254869797,0.0006356366618823047,0.8110313717449251,0.4374000410088169,0.3361287676850523,/common/users/shared/pracsys/adaptive_roa_experiments/gaussian_torque/pen_high_epi_var,0.8220487683852077,-0.14548828839919903
fm,high,epi_var,6,700,0.01875967646847943,100.0,0.1039028499485692,100.0,0.13257227803977853,0.018364464714011534,0.01707002677298553,0.09355165972001736,0.12944379410260076,0.14897791115999032,0.1004666475383001,0.0989768684267002,0.09897686842670018,0.7181669058847652,0.9422800902193972,0.9202993643633381,-0.1252198072585606,0.022495235479668533,0.00013900708908210277,0.025279452532294442,1.5612511283791264e-16,0.7914865213367921,0.9298896665089288,0.8676135009025577,0.5424777455154718,0.6890511441668647,0.43875064471877484,0.0,101,48770,0.9894557178076996,0.9919761942717467,0.9821869216533005,0.659528745512464,0.8751171948246765,0.7769779784054169,0.020086404541622183,0.02010769652647007,0.02013565923744269,0.0224952354796681,0.5405987287266762,0.38587246257945457,0.2659011687512815,0.8110313717449251,0.4374000410088169,0.3361287676850523,/common/users/shared/pracsys/adaptive_roa_experiments/gaussian_torque/pen_high_epi_var,0.8357410715986933,0.7727222952469147
fm,high,epi_var,7,800,0.04182318808167899,100.0,0.21549428616135477,100.0,0.20493951199507898,0.044386581828565704,0.043105997763597796,0.09257201550588567,0.12805840649679076,0.14897791115999032,0.1004666475383001,0.0989768684267002,0.09897686842670018,0.6420545417264711,0.8862825507484109,0.8415009226983802,-0.20388230469550953,0.0495108506844123,0.0002268820943528732,0.052281213860980114,-2.0816681711721685e-17,0.7178484265649496,0.8507615305957699,0.6915403032721468,0.6540691817284674,0.6890511441668647,0.43875064471877484,0.0,101,48770,0.9950710220907828,0.9986102337334175,0.999769239644629,0.5614350002528189,0.7410463153947122,0.5285792716403342,0.04564110491836687,0.03661180929657345,0.03906475861754486,0.049510850684409614,0.45759688332991594,0.32458478572893174,0.1777117080172237,0.8110313717449251,0.4374000410088169,0.3361287676850523,/common/users/shared/pracsys/adaptive_roa_experiments/gaussian_torque/pen_high_epi_var,0.8337738537289707,0.4997735180813605
fm,high,epi_var,8,900,0.03669148946981934,100.0,0.187294996026024,100.0,0.18553496001640354,0.03644676047681935,0.03515569377121502,0.0932670475476189,0.12910667056043315,0.14897791115999032,0.1004666475383001,0.0989768684267002,0.09897686842670018,0.6613081812589707,0.9053516506048801,0.8548697970063563,-0.1833532909575559,0.04086551465029628,0.0001827152354119538,0.043646360467500506,-4.85722573273506e-17,0.7377012735414616,0.8790166168684803,0.7252542504463939,0.6258698915930774,0.6890511441668647,0.43875064471877484,0.0,101,48770,0.991801878736123,0.9968493639281892,0.9971181556195965,0.5872478131162462,0.786096006000375,0.5698773866894407,0.040556193677601486,0.03257369006861622,0.03387277144004954,0.040865514650294116,0.4802132458478573,0.3449251589091655,0.19210580274759073,0.8110313717449251,0.4374000410088169,0.3361287676850523,/common/users/shared/pracsys/adaptive_roa_experiments/gaussian_torque/pen_high_epi_var,0.8342493835439271,0.5871205535204393
fm,high,epi_var,9,1000,0.026771703308314014,100.0,0.13916768335190163,100.0,0.13991736723395531,0.01934706013053931,0.018134365395615748,0.09220865333215736,0.12126947349235642,0.14897791115999032,0.1004666475383001,0.0989768684267002,0.09897686842670018,0.7155423416034448,0.9253639532499487,0.9399220832478983,-0.1251906909985647,0.02490258049015892,0.00013661007387300657,0.027605054336682387,3.2612801348363973e-16,0.7905235024989808,0.9093444909344492,0.9028385727550072,0.5777425789187767,0.6890511441668647,0.43875064471877484,0.0,101,48770,0.9814044164510929,0.9700318809776833,0.9891012133982416,0.661804115892198,0.8558034877179824,0.8304154212163728,0.0310463660596117,0.025512179080118373,0.02405970733581422,0.0249025804901583,0.5469140865286036,0.3858929669879024,0.2822021734672955,0.8110313717449251,0.4374000410088169,0.3361287676850523,/common/users/shared/pracsys/adaptive_roa_experiments/gaussian_torque/pen_high_epi_var,0.8335568558729126,0.7483999960192602
fm,high,epi_var,10,1100,0.04084429660626653,100.0,0.20247233235983456,100.0,0.18512548697970063,0.03512625790658654,0.033817613475811706,0.09369417056688795,0.13086444307748388,0.14897791115999032,0.1004666475383001,0.0989768684267002,0.09897686842670018,0.6623539060898093,0.9059462784498667,0.8764199302850113,-0.18241726471191305,0.03910031133562403,0.00016383406994236477,0.04189873487799877,6.938893903907228e-17,0.7397879367286633,0.8799434658570419,0.7748346844995703,0.6410472279269286,0.6890511441668647,0.43875064471877484,0.0,101,48770,0.9864722491466138,0.9961481481481481,0.9996144206670522,0.5917985538757142,0.7880180011250704,0.632587079851156,0.04871086195148176,0.03642980239134917,0.034764017714562785,0.03910031133562063,0.48654910805823254,0.34601189255689974,0.21271273323764608,0.8110313717449251,0.4374000410088169,0.3361287676850523,/common/users/shared/pracsys/adaptive_roa_experiments/gaussian_torque/pen_high_epi_var,0.8338793897686669,0.6049550571042692
fm,high,epi_var,11,1200,0.03327325897523163,100.0,0.1534645234973763,100.0,0.15494053721550136,0.024344002348107255,0.023042242634920433,0.09292933965470764,0.130175971318682,0.14897791115999032,0.1004666475383001,0.0989768684267002,0.09897686842670018,0.7018248923518556,0.9215706376871027,0.9220627434898503,-0.14888599548903014,0.029089771406913087,0.00015783386468361414,0.03188131023169982,9.71445146547012e-17,0.7778287041280899,0.9020059949273691,0.869430799354196,0.592039419064404,0.6890511441668647,0.43875064471877484,0.0,101,48770,0.9828571428571429,0.9945200836110955,0.995046390941972,0.6435758709612176,0.8252390774423402,0.7719758433477704,0.03965404982778552,0.029210389563047275,0.027502915250514327,0.02908977140691093,0.5310641787984417,0.362948533934796,0.2607750666393275,0.8110313717449251,0.4374000410088169,0.3361287676850523,/common/users/shared/pracsys/adaptive_roa_experiments/gaussian_torque/pen_high_epi_var,0.8332965850521458,0.7060952536757995
fm,high,epi_var,12,1300,0.023667231719494166,100.0,0.12024745401371531,100.0,0.1297549723190486,0.017799224103629902,0.01657749686611222,0.09388798564644123,0.12217272375176826,0.14897791115999032,0.1004666475383001,0.0989768684267002,0.09897686842670018,0.7106417879844167,0.9339347959811359,0.9501947918802542,-0.120342628665163,0.021666379646371445,0.0001272709073279934,0.02437788599548903,2.5326962749261384e-16,0.7875978326309452,0.9190858864892014,0.920701250367275,0.5588223495805567,0.6890511441668647,0.43875064471877484,0.0,101,48770,0.9731458751766718,0.9897771527477283,0.990377862059278,0.661475451281792,0.8578192387024189,0.8601842249740743,0.026696676421794102,0.02340691731752627,0.02164332607394389,0.02166637964637115,0.5512815255279885,0.3790855033832274,0.2919417674800082,0.8110313717449251,0.4374000410088169,0.3361287676850523,/common/users/shared/pracsys/adaptive_roa_experiments/gaussian_torque/pen_high_epi_var,0.8347416116502234,0.7810965330508812
fm,high,epi_var,13,1400,0.02804162354474904,100.0,0.12270728878780958,100.0,0.1498228419110109,0.022306438074277537,0.020870496414497453,0.09396451476984667,0.1435941659780085,0.14897791115999032,0.1004666475383001,0.0989768684267002,0.09897686842670018,0.7164445355751486,0.9254254664752922,0.9117900348574943,-0.14472831658806645,0.025882850071351198,0.00013474958234449376,0.02880857084273119,2.1510571102112408e-16,0.7909226977911495,0.907382413608699,0.8492641906096706,0.5612821843548893,0.6890511441668647,0.43875064471877484,0.0,100,48770,0.9837526796795667,0.9932541673635502,0.9976949040915453,0.6612984780300349,0.8351771985749109,0.7392789605319343,0.032210569711882096,0.023860972571728232,0.023482875608659175,0.025882850071350806,0.5451917162189871,0.36778757432848064,0.24906704941562435,0.8110313717449251,0.4374000410088169,0.3361287676850523,/common/users/shared/pracsys/adaptive_roa_experiments/gaussian_torque/pen_high_epi_var,0.8358971366661935,0.7384959689796673
fm,high,epi_var,14,1500,0.02192225321943674,100.0,0.100322000026194,100.0,0.13416875128152553,0.01797220400213559,0.01655230360385299,0.0945098193485145,0.14199003982826006,0.14897791115999032,0.1004666475383001,0.0989768684267002,0.09897686842670018,0.7362312897272913,0.9337502563051056,0.9216321509124462,-0.12678101291777732,0.021019352682038764,0.00011139139836893432,0.023929032191921263,7.28583859910259e-17,0.8085486367424694,0.9186781102917118,0.8686417376959034,0.5388968955932014,0.6890511441668647,0.43875064471877484,0.0,101,48770,0.9828496996888342,0.9919017337898799,0.994804376918838,0.686757344389948,0.8555222201387587,0.77087781370097,0.023409145587512982,0.02033387365556258,0.020631985841601815,0.021019352682038726,0.5667008406807463,0.37726061103137176,0.2604675005126102,0.8110313717449251,0.4374000410088169,0.3361287676850523,/common/users/shared/pracsys/adaptive_roa_experiments/gaussian_torque/pen_high_epi_var,0.8362839574384624,0.7876336863738503
fm,high,epi_var,15,1600,0.013811774085704364,100.0,0.0727772546474855,100.0,0.10554439204428952,0.011388349338368116,0.01009169263394434,0.09496738974113464,0.12966567044237745,0.14897791115999032,0.1004666475383001,0.0989768684267002,0.09897686842670018,0.7514660652040188,0.9489030141480418,0.9583350420340373,-0.09387861390198893,0.014101171319510462,9.64322876322414e-05,0.016887607135534142,5.585809592645319e-16,0.8221866885736501,0.9385813575195938,0.9348926626081383,0.5113521502143196,0.6890511441668647,0.43875064471877484,0.0,101,48770,0.979380002096949,0.9895541004053633,0.9846122696902206,0.7084744905698539,0.8926026626664166,0.8899530287317757,0.014167479386855853,0.015532543230127704,0.014246365282929111,0.014101171319510141,0.5866926389173672,0.39454582735288085,0.3038138199712938,0.8110313717449251,0.4374000410088169,0.3361287676850523,/common/users/shared/pracsys/adaptive_roa_experiments/gaussian_torque/pen_high_epi_var,0.83715576771029,0.8575306377777203
fm,high,epi_var,16,1700,0.032055350179460144,100.0,0.14959874942646967,100.0,0.17816259995899117,0.03266320020356993,0.03117303803233948,0.09358153320424445,0.1490162171230451,0.14897791115999032,0.1004666475383001,0.0989768684267002,0.09897686842670018,0.679803157678901,0.910375230674595,0.8465245027680951,-0.17590301414804185,0.03656837325479524,0.00016637964067010518,0.0395483145376256,1.3877787807814457e-17,0.7557099055127965,0.8861807671275681,0.7042554032162472,0.5881736449936172,0.6890511441668647,0.43875064471877484,0.0,99,48770,0.9911366434140336,0.9967781617948568,0.9995513683266039,0.6106588461343986,0.7976748546784174,0.5436466784603184,0.03400557637063685,0.02751474672913156,0.030294375371510703,0.03656837325479332,0.49969243387328277,0.35003075661267175,0.18281730572072996,0.8110313717449251,0.4374000410088169,0.3361287676850523,/common/users/shared/pracsys/adaptive_roa_experiments/gaussian_torque/pen_high_epi_var,0.8344951070036367,0.6305361663177202
fm,high,epi_var,17,1800,0.014161061994032473,100.0,0.07348163306980454,100.0,0.10929239286446588,0.012316037669022069,0.011024022272075362,0.09516447114129833,0.12920153969467074,0.14897791115999032,0.1004666475383001,0.0989768684267002,0.09897686842670018,0.7175927824482263,0.9454377691203609,0.9647529218782038,-0.10020524912856264,0.014836419557477585,9.66143167485048e-05,0.017618214066024197,3.642919299551295e-16,0.7933130242958116,0.9342264626640632,0.9453122514554767,0.5120565286366336,0.6890511441668647,0.43875064471877484,0.0,101,48770,0.9759627810803825,0.9881307189542484,0.9878324468085107,0.6682509986347778,0.8858991186949184,0.9063014701396938,0.014175981260213051,0.016198478945700513,0.015361794021825973,0.01483641955747795,0.5553208939922083,0.3921468115644864,0.30838630305515685,0.8110313717449251,0.4374000410088169,0.3361287676850523,/common/users/shared/pracsys/adaptive_roa_experiments/gaussian_torque/pen_high_epi_var,0.8360783641122144,0.8501021522168579
fm,high,epi_var,18,1900,0.013908301090230876,100.0,0.06936913263399123,100.0,0.10493766659831864,0.01096775926005677,0.009581609325194512,0.09526355381496578,0.1386149934862258,0.14897791115999032,0.1004666475383001,0.0989768684267002,0.09897686842670018,0.7578224318228419,0.9497026860775066,0.9573303260200943,-0.0945812999794956,0.013294923936929267,8.953158280921069e-05,0.01617085298339143,3.2612801348363973e-16,0.828475580534135,0.9396125156938528,0.9328428050472779,0.5079440282008882,0.6890511441668647,0.43875064471877484,0.0,101,48770,0.9733492578058351,0.9893721810358235,0.9903384952720296,0.72114071901704,0.8946184136508532,0.8816568047337278,0.014116810508198204,0.0149978523806861,0.013775200332212453,0.013294923936929295,0.600881689563256,0.3955095345499282,0.2992413368874308,0.8110313717449251,0.4374000410088169,0.3361287676850523,/common/users/shared/pracsys/adaptive_roa_experiments/gaussian_torque/pen_high_epi_var,0.8370483885368706,0.8656764540214246
fm,high,epi_var,19,2000,0.013131045635735304,100.0,0.0667522697494357,100.0,0.10376973549313101,0.0107968627845146,0.00943658634780798,0.09544899115119321,0.13602764367066195,0.14897791115999032,0.1004666475383001,0.0989768684267002,0.09897686842670018,0.7392044289522247,0.9456223087963912,0.9641172852163216,-0.09313245847857289,0.012964463623315376,8.631703049885433e-05,0.0158145191716219,4.0592529337857286e-16,0.8146431746309332,0.9343531858012771,0.9439174464812202,0.505327165316287,0.6890511441668647,0.43875064471877484,0.0,101,48770,0.9616377085842078,0.9898772684359592,0.9943285395989467,0.7066289123729584,0.884727170448153,0.8983712560239127,0.012321574779991459,0.014983780474418161,0.013428157420006666,0.012964463623315558,0.5959606315357802,0.3909370514660652,0.3036907935206069,0.8110313717449251,0.4374000410088169,0.3361287676850523,/common/users/shared/pracsys/adaptive_roa_experiments/gaussian_torque/pen_high_epi_var,0.8361008175419745,0.8690152170967448
fm,high,epi_bald,0,100,0.08921529047576073,100.0,0.558261756488272,100.0,0.38004572483083865,0.1718575034886228,0.17063500184723454,0.08326600257500556,0.12225016413882522,0.14897791115999032,0.1004666475383001,0.0989768684267002,0.09897686842670018,0.4547877793725651,0.5698585195817101,0.6638712323149477,-0.37998298134098835,0.186345867698929,0.0008208228290221164,0.18905814845191715,-1.942890293094024e-16,0.4938130592042642,0.032647791201696946,nan,0.9968366520557705,0.6890511441668647,0.43875064471877484,0.0,62,48770,0.9995376078914919,1.0,nan,0.3279061536127825,0.016594787174198388,0.0,0.05103156788305438,0.06483504240684439,0.14050216072971863,0.18634586769891306,0.2660652040188641,0.007258560590526963,0.0,0.8110313717449251,0.4374000410088169,0.3361287676850523,/common/users/shared/pracsys/adaptive_roa_experiments/gaussian_torque/pen_high_epi_bald,0.8216551151314889,-0.8827213940086631
fm,high,epi_bald,1,200,0.10151557978250203,100.0,0.6785549881493059,100.0,0.4129559155218372,0.2033309430808389,0.2022998838313831,0.08344814218772599,0.10310592494558049,0.14897791115999032,0.1004666475383001,0.0989768684267002,0.09897686842670018,0.4007586631125692,0.5627024810334221,0.6638712323149477,-0.4129526348164856,0.217828610070357,0.0009418639697422409,0.22034944843141271,-3.0531133177191805e-16,0.4141290620050919,0.00046866944743872144,nan,1.117129883716864,0.6890511441668647,0.43875064471877484,0.0,53,48770,1.0,1.0,nan,0.2611366739141427,0.00023438964935308456,0.0,0.05638260439125554,0.07033004624883145,0.16491934445956485,0.21782861007036544,0.21179003485749437,0.0001025220422390814,0.0,0.8110313717449251,0.4374000410088169,0.3361287676850523,/common/users/shared/pracsys/adaptive_roa_experiments/gaussian_torque/pen_high_epi_bald,0.8209436477014914,-1.200803213244471
fm,high,epi_bald,2,300,0.05796300249818184,100.0,0.3239946130909968,100.0,0.28920278859954884,0.09417076483993282,0.0926824701232354,0.08760489648731629,0.14882947166974236,0.14897791115999032,0.1004666475383001,0.0989768684267002,0.09897686842670018,0.5912446175927825,0.7481853598523682,0.6743079762148863,-0.28879844166495794,0.10405444206261923,0.0004777159026099497,0.10703251589091654,-9.71445146547012e-17,0.6638449994098107,0.5957937004245796,0.06022955863211455,0.76256950865834,0.6890511441668647,0.43875064471877484,0.0,88,48770,0.9967086941110942,1.0,1.0,0.4976487839409415,0.4242921432589537,0.031049838345635333,0.04069614517121226,0.047367639901165125,0.07832899680628364,0.10405444206261402,0.4049415624359237,0.18558540086118516,0.010436743899938487,0.8110313717449251,0.4374000410088169,0.3361287676850523,/common/users/shared/pracsys/adaptive_roa_experiments/gaussian_torque/pen_high_epi_bald,0.8285571431344355,-0.05130060908806544
fm,high,epi_bald,3,400,0.06471370746704347,100.0,0.3614439660026883,100.0,0.3085191716218987,0.1088257182500814,0.10735748968599063,0.08623018001844082,0.1468228564090775,0.14897791115999032,0.1004666475383001,0.0989768684267002,0.09897686842670018,0.564834939511995,0.7069714988722575,0.6651220012302645,-0.3083313512405167,0.12010417809424988,0.0005445180570092009,0.12306218576994052,-1.6653345369377348e-16,0.6338020878267621,0.4963169210164593,0.007414610429074997,0.8000188615700689,0.6890511441668647,0.43875064471877484,0.0,84,48770,0.9980979294603555,1.0,1.0,0.46432724882439197,0.3300675042190137,0.003721100469712682,0.04211373898923635,0.05177579394519368,0.09356866475913503,0.12010417809424619,0.3773016198482674,0.14437153988107443,0.001250768915316793,0.8110313717449251,0.4374000410088169,0.3361287676850523,/common/users/shared/pracsys/adaptive_roa_experiments/gaussian_torque/pen_high_epi_bald,0.8253436350436948,-0.21345704307866686
fm,high,epi_bald,4,500,0.05542235640541763,100.0,0.2797228647014506,100.0,0.2629171621898708,0.07287867525388092,0.07130511270611496,0.08225195186743217,0.1573562547765952,0.14897791115999032,0.1004666475383001,0.0989768684267002,0.09897686842670018,0.6004100881689564,0.7949354111133894,0.67924953865081,-0.25822985441870006,0.08803002926538298,0.0004180688850282933,0.09109337092474883,-2.7755575615628914e-17,0.6802730017062607,0.6941122495794464,0.08749927083940967,0.7182977602687631,0.6890511441668647,0.43875064471877484,0.0,87,48770,0.9688755958500794,0.9985919211475842,1.0,0.524144207918289,0.5319238702418901,0.04575123528335265,0.04506872497789004,0.0469245427827591,0.0677666207388592,0.08803002926537733,0.4387533319663728,0.2329915931925364,0.015378306335862211,0.8110313717449251,0.4374000410088169,0.3361287676850523,/common/users/shared/pracsys/adaptive_roa_experiments/gaussian_torque/pen_high_epi_bald,0.814762467789005,0.11059997487619211
fm,high,epi_bald,5,600,0.04085376848676444,100.0,0.2277467288481029,100.0,0.23624748820996513,0.06358019815956881,0.06197118030002193,0.09064663860334361,0.16090178595468735,0.14897791115999032,0.1004666475383001,0.0989768684267002,0.09897686842670018,0.6541931515275784,0.8164855443920442,0.7174697559975395,-0.23513122821406598,0.07030141012337855,0.000340930620021725,0.07340020709452533,2.7755575615628914e-17,0.7303627671990663,0.7345788849347568,0.27505655811016994,0.6663216244153632,0.6890511441668647,0.43875064471877484,0.0,95,48770,0.9933892923933371,0.9997578301582176,1.0,0.5774637204833898,0.5805831614475905,0.1594583053742451,0.03586865787255363,0.030568902475647967,0.048028164979708424,0.07030141012337286,0.4714578634406397,0.2540086118515481,0.053598523682591756,0.8110313717449251,0.4374000410088169,0.3361287676850523,/common/users/shared/pracsys/adaptive_roa_experiments/gaussian_torque/pen_high_epi_bald,0.830918960987677,0.289718787421103
fm,high,epi_bald,6,700,0.04270105201486239,100.0,0.24498285245773688,100.0,0.2466967397990568,0.07154840141374327,0.06990518396138495,0.09016343935598019,0.16432174523583176,0.14897791115999032,0.1004666475383001,0.0989768684267002,0.09897686842670018,0.6541111338937872,0.7913881484519172,0.6966577814230059,-0.24563912241131844,0.07871861303210494,0.00039368059239421136,0.08185160959606316,-2.7755575615628914e-17,0.7305314611587674,0.6868574946137272,0.17774566473988437,0.6835577480250365,0.6890511441668647,0.43875064471877484,0.0,91,48770,0.992146483273311,1.0,1.0,0.5780957678110937,0.5230639414963435,0.09754163362410785,0.035711192093168594,0.029766183881049242,0.05370858161272136,0.07871861303210162,0.4725651014968218,0.22878818946073406,0.032786549108058234,0.8110313717449251,0.4374000410088169,0.3361287676850523,/common/users/shared/pracsys/adaptive_roa_experiments/gaussian_torque/pen_high_epi_bald,0.8299022974969256,0.20467666553421027
fm,high,epi_bald,7,800,0.042945416628481,100.0,0.2062010148515361,100.0,0.21815603854828786,0.05008138880552485,0.048563190273143424,0.09088417126283256,0.1518198532381432,0.14897791115999032,0.1004666475383001,0.0989768684267002,0.09897686842670018,0.6347959811359443,0.8663112569202378,0.7767685052286242,-0.21383288907115028,0.05665588743701107,0.0002474173794484372,0.059663865080992404,6.938893903907228e-18,0.7150467962562994,0.8201379310344827,0.5028540115987031,0.64477591041874,0.6890511441668647,0.43875064471877484,0.0,97,48770,0.9736830639187835,0.9964472449389998,1.0,0.5649744652879608,0.6968404275267204,0.3358750686268529,0.04519940868599808,0.036513011269138335,0.0420234309985182,0.05665588743700724,0.47059667828583146,0.3058847652245233,0.11289727291367645,0.8110313717449251,0.4374000410088169,0.3361287676850523,/common/users/shared/pracsys/adaptive_roa_experiments/gaussian_torque/pen_high_epi_bald,0.8258102084750376,0.427584562558988
fm,high,epi_bald,8,900,0.04071219226730351,100.0,0.18426396035158343,100.0,0.19598400656141068,0.03994740606972468,0.03851886728843216,0.09216964516020852,0.14285387812925235,0.14897791115999032,0.1004666475383001,0.0989768684267002,0.09897686842670018,0.6426901783883535,0.8927619438179208,0.8311872052491286,-0.1923990157883945,0.04532609055492385,0.00020657991066889612,0.04824440844781629,2.0816681711721685e-17,0.7229658834377285,0.8603993166773436,0.6646845599315766,0.6228388559187185,0.6890511441668647,0.43875064471877484,0.0,101,48770,0.9738735651875964,0.9990701710885197,1.0,0.5748596854932497,0.7555315957247328,0.4977734398828768,0.043340799837621624,0.037230351412419836,0.03726127281632827,0.04532609055492095,0.4787369284396145,0.3307771170801722,0.16731597293418085,0.8110313717449251,0.4374000410088169,0.3361287676850523,/common/users/shared/pracsys/adaptive_roa_experiments/gaussian_torque/pen_high_epi_bald,0.8271343192439806,0.5420537012797972
fm,high,epi_bald,9,1000,0.04077473867262656,100.0,0.16655857638773688,100.0,0.17908755382407215,0.03252300069552914,0.031211284932195577,0.0939444975264273,0.13117157633335613,0.14897791115999032,0.1004666475383001,0.0989768684267002,0.09897686842670018,0.643305310641788,0.9162189870822227,0.8947713758458068,-0.17603075661267173,0.03624365583246862,0.0001519877413766523,0.039045150707402096,1.5959455978986625e-16,0.7218153324591422,0.8942053751747708,0.8144613159797542,0.6051334719548208,0.6890511441668647,0.43875064471877484,0.0,100,48770,0.9821148825065275,0.9987275882012724,0.9997337356882933,0.5705870455579714,0.8094880930058128,0.6871225523089124,0.04749805995157714,0.03697390927938194,0.03419268163488205,0.036243655832465596,0.4711913061308181,0.3545212220627435,0.23102316998154604,0.8110313717449251,0.4374000410088169,0.3361287676850523,/common/users/shared/pracsys/adaptive_roa_experiments/gaussian_torque/pen_high_epi_bald,0.8288376175409863,0.6338169068330367
fm,high,epi_bald,10,1100,0.03465432176699253,100.0,0.15656016420511462,100.0,0.16033955300389585,0.026805561977209656,0.025574538890074203,0.09335717978411766,0.12310230871354513,0.14897791115999032,0.1004666475383001,0.0989768684267002,0.09897686842670018,0.641070330120976,0.9292187820381382,0.9195612056592167,-0.1529776501947919,0.031194227532656896,0.0001515606851845014,0.03391502973139225,1.5265566588595902e-16,0.7254935783844815,0.9122253864930839,0.8641479378051736,0.5951350597720587,0.6890511441668647,0.43875064471877484,0.0,101,48770,0.955275655585381,0.9967770615692376,0.9994392822813201,0.5848207513778632,0.8408963060191262,0.7611175501738547,0.03852167005300279,0.034420706304380114,0.03126018328662729,0.0311942275326551,0.4965142505638712,0.3689973344269018,0.25597703506253844,0.8110313717449251,0.4374000410088169,0.3361287676850523,/common/users/shared/pracsys/adaptive_roa_experiments/gaussian_torque/pen_high_epi_bald,0.8269126557755274,0.6848331531547842
fm,high,epi_bald,11,1200,0.030992169438080037,100.0,0.14168583769293408,100.0,0.1540041008816896,0.025307344535606548,0.024074224862351546,0.09458174274030004,0.12331196732550022,0.14897791115999032,0.1004666475383001,0.0989768684267002,0.09897686842670018,0.6518761533729752,0.9351445560795572,0.9199712938281731,-0.1497117080172237,0.028469350548751826,0.00013658237978166207,0.031192249333606727,1.214306433183765e-16,0.7322082018927446,0.9200758054327226,0.8650741521761677,0.5802607332598734,0.6890511441668647,0.43875064471877484,0.0,101,48770,0.9733707959406189,0.997971824809516,0.9982447742141376,0.5868180209334075,0.8534595912244515,0.7632526078204112,0.03341079960979658,0.030757539056755646,0.028384570225526828,0.028469350548750365,0.488948123846627,0.3740619233135124,0.2570022554849293,0.8110313717449251,0.4374000410088169,0.3361287676850523,/common/users/shared/pracsys/adaptive_roa_experiments/gaussian_torque/pen_high_epi_bald,0.8312168270395721,0.7123635956432031
fm,high,epi_bald,12,1300,0.034249481014059044,100.0,0.15180598812618304,100.0,0.16770063563666188,0.02943262955152037,0.028145763391457572,0.09481356046074534,0.12868661600627973,0.14897791115999032,0.1004666475383001,0.0989768684267002,0.09897686842670018,0.6522452327250359,0.9206684437153988,0.9016608570842731,-0.16612548697970062,0.03230907135741255,0.00014222826097751187,0.03508571662907525,1.1102230246251565e-16,0.72864,0.9003271762372157,0.828787662430387,0.5903808836932164,0.6890511441668647,0.43875064471877484,0.0,101,48770,0.9923298178331735,0.9993708893337147,0.9990532748085034,0.5756687060727107,0.8191449465591599,0.7081071188922101,0.03648801051316989,0.0312156878193446,0.029585120271816055,0.03230907135741021,0.47049415624359237,0.35851958171006765,0.23824072175517735,0.8110313717449251,0.4374000410088169,0.3361287676850523,/common/users/shared/pracsys/adaptive_roa_experiments/gaussian_torque/pen_high_epi_bald,0.8328205381508565,0.6735694726355194
fm,high,epi_bald,13,1400,0.03961859336073987,100.0,0.18921557798891298,100.0,0.19086077506663934,0.03814625876816144,0.036767537290518494,0.09488382285351914,0.1378721477642946,0.14897791115999032,0.1004666475383001,0.0989768684267002,0.09897686842670018,0.6582735288086938,0.9111543981956121,0.8418700020504408,-0.19014599138814844,0.04086058286369953,0.00016883483308037303,0.04372908345294239,-2.0816681711721685e-17,0.7337614620275409,0.886976028379894,0.6924304059982451,0.6277904735560464,0.6890511441668647,0.43875064471877484,0.0,99,48770,0.9966151709772609,0.9998235812996178,1.0,0.5806239571219093,0.7970185636602287,0.5295552979930458,0.0449484303771789,0.034478531635814505,0.03498508081636216,0.04086058286369669,0.47250358827147837,0.34867746565511587,0.17799876973549314,0.8110313717449251,0.4374000410088169,0.3361287676850523,/common/users/shared/pracsys/adaptive_roa_experiments/gaussian_torque/pen_high_epi_bald,0.8353132836355769,0.5871703811890163
fm,high,epi_bald,14,1500,0.02640860472175399,100.0,0.13210905225962533,100.0,0.14503506253844578,0.023143920567046256,0.021947188638368458,0.09486278463189973,0.1196731928677797,0.14897791115999032,0.1004666475383001,0.0989768684267002,0.09897686842670018,0.6688127947508714,0.9374410498257125,0.9297518966577815,-0.14306089809309006,0.026061272433169094,0.00014284383287881212,0.028747783473446788,1.5959455978986625e-16,0.744616260316858,0.9231621628428237,0.8835881753312945,0.5706839478265168,0.6890511441668647,0.43875064471877484,0.0,101,48770,0.9938797906466318,0.9974421768707483,0.9973153332821968,0.5953127370177479,0.8591786986686668,0.7931434148722015,0.028826823908554636,0.026274318746207705,0.0250482253330929,0.026061272433168324,0.4857904449456633,0.37676850522862415,0.26731597293418086,0.8110313717449251,0.4374000410088169,0.3361287676850523,/common/users/shared/pracsys/adaptive_roa_experiments/gaussian_torque/pen_high_epi_bald,0.836344055874125,0.7366933017034235
fm,high,epi_bald,15,1600,0.021804992766500962,100.0,0.1129781370181407,100.0,0.13083350420340373,0.019410933288601967,0.01823635231379339,0.0952672404537221,0.11745809748085738,0.14897791115999032,0.1004666475383001,0.0989768684267002,0.09897686842670018,0.677014558129998,0.941295878613902,0.9458068484724216,-0.12731330736108265,0.02194598028677176,0.00012513365567670237,0.024610340373180235,2.671474153004283e-16,0.7528167466967955,0.9282078286817624,0.913164897986004,0.5515530325849455,0.6890511441668647,0.43875064471877484,0.0,101,48770,0.9923465166308125,0.9978972340540249,0.9895328966106522,0.6064367699853365,0.8676167260453779,0.8477398889770024,0.022839380269788077,0.0229892378780632,0.021521165002495565,0.021945980286771697,0.49563256100061515,0.38029526348164855,0.2879639122411318,0.8110313717449251,0.4374000410088169,0.3361287676850523,/common/users/shared/pracsys/adaptive_roa_experiments/gaussian_torque/pen_high_epi_bald,0.8357140302920217,0.7782716241116033
fm,high,epi_bald,16,1700,0.026907816000143275,100.0,0.12453956115130019,100.0,0.1423229444330531,0.021494134898289198,0.020194733192073877,0.09488855155695029,0.12994017062153215,0.14897791115999032,0.1004666475383001,0.0989768684267002,0.09897686842670018,0.6825302440024605,0.9356366618823047,0.9288086938691819,-0.13954090629485338,0.024283050061823897,0.00013422742287160533,0.027072230879639125,1.0755285551056204e-16,0.7588430447175366,0.9207743368415738,0.881928858056179,0.5631144567182716,0.6890511441668647,0.43875064471877484,0.0,101,48770,0.9882753864254128,0.9973754715949478,0.9964650733881503,0.6158669161146787,0.8551003187699231,0.7910083572256451,0.03156593554988115,0.02488196104990818,0.022915276716311803,0.02428305006182361,0.5054131638302235,0.37500512610211195,0.26682386713143325,0.8110313717449251,0.4374000410088169,0.3361287676850523,/common/users/shared/pracsys/adaptive_roa_experiments/gaussian_torque/pen_high_epi_bald,0.835917868054593,0.754659341643979
fm,high,epi_bald,17,1800,0.02200791218056887,100.0,0.10406911668970138,100.0,0.12934898503178183,0.01800365105176668,0.01667576888790953,0.09550763506740959,0.13278821638571484,0.14897791115999032,0.1004666475383001,0.0989768684267002,0.09897686842670018,0.7057002255484929,0.9432643018248924,0.9330941152347755,-0.12452593807668647,0.02014500224720032,0.00011033624659699103,0.022962663522657373,1.700029006457271e-16,0.7828428776760724,0.9309130858155851,0.8897523397641653,0.5426440122566215,0.6890511441668647,0.43875064471877484,0.0,101,48770,0.9747560378282657,0.9958865324002351,0.9971978188427749,0.6540678566011023,0.8738983686480405,0.8032086866345391,0.0253391174405514,0.02191538679805998,0.019861328219657682,0.02014500224720043,0.5442075046134919,0.38382202173467295,0.27074020914496616,0.8110313717449251,0.4374000410088169,0.3361287676850523,/common/users/shared/pracsys/adaptive_roa_experiments/gaussian_torque/pen_high_epi_bald,0.8367140455544789,0.7964675730055129
fm,high,epi_bald,18,1900,0.02631657785482851,100.0,0.11954105532141032,100.0,0.1397549723190486,0.020529295770798064,0.019206042093984823,0.09450677168719954,0.13232536768132422,0.14897791115999032,0.1004666475383001,0.0989768684267002,0.09897686842670018,0.6878818946073406,0.9392659421775682,0.9239696534754972,-0.13549374615542342,0.02367613883348556,0.00012926649224810743,0.026489171621898712,7.632783294297951e-17,0.7655556924593396,0.9256339442631182,0.8731700643042825,0.5581159508883927,0.6890511441668647,0.43875064471877484,0.0,101,48770,0.9794671711200441,0.996540166504487,0.9938487892237017,0.6283308894169995,0.8641477592349522,0.7786250228756176,0.029154250936677357,0.02431031769406078,0.02233506683608607,0.02367613883348463,0.5202788599548903,0.3792905474677056,0.26333811769530446,0.8110313717449251,0.4374000410088169,0.3361287676850523,/common/users/shared/pracsys/adaptive_roa_experiments/gaussian_torque/pen_high_epi_bald,0.8347160118284161,0.7607911908122298
fm,high,epi_bald,19,2000,0.021806050760077408,100.0,0.10764789954028874,100.0,0.13325486979700635,0.01906036233767663,0.017812895957657452,0.09539515012613069,0.12474663800191789,0.14897791115999032,0.1004666475383001,0.0989768684267002,0.09897686842670018,0.6932540496206684,0.9399425876563461,0.9401476317408243,-0.12967438999384867,0.02139461425822713,0.00011413236611848306,0.02413185974984622,1.6653345369377348e-16,0.7679252893177376,0.926471695744948,0.9033987490485488,0.5462227951072021,0.6890511441668647,0.43875064471877484,0.0,101,48770,0.9936968042396017,0.997297735502351,0.9873408564814815,0.6257521363199676,0.865038439902494,0.8326114805099738,0.02378308614129671,0.02159378753704721,0.020396740834632027,0.021394614258226828,0.510723805618208,0.3793930695099446,0.28345294238261226,0.8110313717449251,0.4374000410088169,0.3361287676850523,/common/users/shared/pracsys/adaptive_roa_experiments/gaussian_torque/pen_high_epi_bald,0.837972327208578,0.7838422795314902
fm,high,yield_a1,0,100,0.08921529047576073,100.0,0.558261756488272,100.0,0.38004572483083865,0.1718575034886228,0.17063500184723454,0.08326600257500556,0.12225016413882522,0.14897791115999032,0.1004666475383001,0.0989768684267002,0.09897686842670018,0.4547877793725651,0.5698585195817101,0.6638712323149477,-0.37998298134098835,0.186345867698929,0.0008208228290221164,0.18905814845191715,-1.942890293094024e-16,0.4938130592042642,0.032647791201696946,nan,0.9968366520557705,0.6890511441668647,0.43875064471877484,0.0,62,48770,0.9995376078914919,1.0,nan,0.3279061536127825,0.016594787174198388,0.0,0.05103156788305438,0.06483504240684439,0.14050216072971863,0.18634586769891306,0.2660652040188641,0.007258560590526963,0.0,0.8110313717449251,0.4374000410088169,0.3361287676850523,/common/users/shared/pracsys/adaptive_roa_experiments/gaussian_torque/pen_high_yield_a1,0.8216551151314889,-0.8827213940086631
fm,high,yield_a1,1,200,0.09144339449529164,100.0,0.6153572296909722,100.0,0.3625027680951405,0.14557269038019108,0.14447625197522693,0.0872979682240063,0.1096438404964138,0.14897791115999032,0.1004666475383001,0.0989768684267002,0.09897686842670018,0.4909985646914087,0.6760918597498462,0.6673159729341809,-0.3625027680951405,0.15615515217792028,0.0006425444209024196,0.15874136969448432,-5.551115123125783e-16,0.5427013484636357,0.4120296274239774,0.020288629913652555,1.05393212525837,0.6890511441668647,0.43875064471877484,0.0,85,48770,1.0,1.0,1.0,0.372402285483137,0.2594693418338646,0.010248276703470994,0.05900754437961708,0.07799297142016919,0.1333476520381187,0.1561551521779197,0.3020299364363338,0.11349190075866311,0.003444740619233135,0.8110313717449251,0.4374000410088169,0.3361287676850523,/common/users/shared/pracsys/adaptive_roa_experiments/gaussian_torque/pen_high_yield_a1,0.826960455676744,-0.5776934010956805
fm,high,yield_a1,2,300,0.09901869806768947,100.0,0.6975176056532575,100.0,0.3857728111543982,0.16805521608691537,0.1669700452064892,0.08541296471194841,0.10851708804261605,0.14897791115999032,0.1004666475383001,0.0989768684267002,0.09897686842670018,0.4808693869181874,0.5938486774656551,0.6638712323149477,-0.38577076071355343,0.18053394892124028,0.0007415664993405956,0.18310889891326634,-7.216449660063518e-16,0.5293177170477783,0.13335666783339167,nan,1.1360925012207368,0.6890511441668647,0.43875064471877484,0.0,65,48770,1.0,1.0,nan,0.35991303028770794,0.07144196512282018,0.0,0.06327381483483539,0.07768525699894255,0.15093305947521485,0.18053394892125524,0.29190075866311255,0.031248718474472012,0.0,0.8110313717449251,0.4374000410088169,0.3361287676850523,/common/users/shared/pracsys/adaptive_roa_experiments/gaussian_torque/pen_high_yield_a1,0.8236995272312926,-0.8240014236754647
fm,high,yield_a1,3,400,0.06253143891872663,100.0,0.36712916354594605,100.0,0.2607246257945458,0.07229812526119685,0.07109820292941066,0.08737972871501866,0.11999223317861826,0.14897791115999032,0.1004666475383001,0.0989768684267002,0.09897686842670018,0.5948944022964937,0.8278244822636867,0.7778347344679106,-0.26068894812384663,0.08269534264109207,0.0004378845766239397,0.08538504408447817,-1.249000902703301e-16,0.6671496200953552,0.7549680469228748,0.5064006195617512,0.8057040591131456,0.6890511441668647,0.43875064471877484,0.0,101,48770,0.9998485078018482,0.9999227023266599,1.0,0.5005814835414876,0.6064129008063004,0.3390471542731654,0.058087162583388835,0.05774209778738861,0.06793087689484228,0.0826953426410904,0.4060488004921058,0.26526553208939924,0.11396350215296289,0.8110313717449251,0.4374000410088169,0.3361287676850523,/common/users/shared/pracsys/adaptive_roa_experiments/gaussian_torque/pen_high_yield_a1,0.826587054299911,0.16449829181720177
fm,high,yield_a1,4,500,0.06834051481551214,100.0,0.44681912487841896,100.0,0.2924240311667008,0.09083308406360281,0.08958874657346667,0.08976012938742653,0.12443374901361369,0.14897791115999032,0.1004666475383001,0.0989768684267002,0.09897686842670018,0.5846011892556899,0.7936641377896247,0.7098626204633997,-0.29227557924953856,0.09880548561274007,0.0003927344979919292,0.10153960221447611,-2.7755575615628914e-16,0.6559798943775578,0.6913284868562314,0.2407168920369178,0.8853940204457011,0.6890511441668647,0.43875064471877484,0.0,95,48770,0.9989656064132403,1.0,1.0,0.48831976538403193,0.528267391711982,0.13682669432074665,0.058828819670976494,0.06416531855359023,0.07803355950316643,0.0988054856127311,0.39645273733852776,0.23106417879844166,0.04599138814845192,0.8110313717449251,0.4374000410088169,0.3361287676850523,/common/users/shared/pracsys/adaptive_roa_experiments/gaussian_torque/pen_high_yield_a1,0.8297485405940964,0.0017315441141385612
fm,high,yield_a1,5,600,0.06653660805288233,100.0,0.3889682681912482,100.0,0.31142485134303877,0.10872998554500897,0.10735251224734088,0.0903937153059869,0.13774732976680898,0.14897791115999032,0.1004666475383001,0.0989768684267002,0.09897686842670018,0.5693254049620668,0.7325199917982366,0.6659011687512816,-0.3113670289112159,0.11593566536805412,0.0004770382493499231,0.11880291777732212,-5.551115123125783e-17,0.6385973364534223,0.5595732469023262,0.01200582100412321,0.8275431637586138,0.6890511441668647,0.43875064471877484,0.0,83,48770,0.9996229260935143,1.0,1.0,0.46915609040804973,0.38847740483780235,0.00603916305740255,0.04987495314017772,0.05029262276237947,0.09125860946972227,0.11593566536805015,0.38064383842526145,0.1699200328070535,0.002029936436333812,0.8110313717449251,0.4374000410088169,0.3361287676850523,/common/users/shared/pracsys/adaptive_roa_experiments/gaussian_torque/pen_high_yield_a1,0.8314205213530954,-0.17134101341984964
fm,high,yield_a1,6,700,0.05303373162081467,100.0,0.3008419284553211,100.0,0.2665105597703506,0.0784694821393204,0.0769867565028035,0.09136405258104466,0.14827256365169017,0.14897791115999032,0.1004666475383001,0.0989768684267002,0.09897686842670018,0.6152757842936232,0.8053106417879844,0.6840270658191511,-0.26604264916957143,0.08459957234845895,0.0003528861701924425,0.08757207709657577,-6.938893903907228e-17,0.6897190388781398,0.7138077583868343,0.11314456721915285,0.7394168240226258,0.6890511441668647,0.43875064471877484,0.0,89,48770,0.9969880958072381,0.9996623047699451,1.0,0.527228598877484,0.5550815675979749,0.05996461904471421,0.0477864875948341,0.0426058023747837,0.06140128111129274,0.08459957234845313,0.42889071150297314,0.24287471806438385,0.020155833504203403,0.8110313717449251,0.4374000410088169,0.3361287676850523,/common/users/shared/pracsys/adaptive_roa_experiments/gaussian_torque/pen_high_yield_a1,0.8317717005905604,0.14525915304027526
fm,high,yield_a1,7,800,0.05116953645514278,100.0,0.28588325600539916,100.0,0.2616598318638507,0.07599145627133118,0.07443159862163347,0.08939975851539302,0.15598576496977157,0.14897791115999032,0.1004666475383001,0.0989768684267002,0.09897686842670018,0.6301824892351856,0.802009432027886,0.6717244207504613,-0.2599075251179004,0.08400870853294065,0.0003651105330873241,0.08705834529423827,0.0,0.7074547459936418,0.7075711689884917,0.04566046733428708,0.7244581515727068,0.6890511441668647,0.43875064471877484,0.0,85,48770,0.9868766404199475,0.9994866529774127,1.0,0.5513475249026647,0.5476279767485468,0.023363630818032086,0.044640276043189,0.03942936678658671,0.06172961903222657,0.08400870853293281,0.4531064178798442,0.23965552593807668,0.007853188435513636,0.8110313717449251,0.4374000410088169,0.3361287676850523,/common/users/shared/pracsys/adaptive_roa_experiments/gaussian_torque/pen_high_yield_a1,0.8294115452710621,0.15122886924680368
fm,high,yield_a1,8,900,0.03682249957157107,100.0,0.18178271514309177,100.0,0.20004162394914907,0.04257975777785961,0.041013218797736464,0.09308954454109301,0.15665389801231508,0.14897791115999032,0.1004666475383001,0.0989768684267002,0.09897686842670018,0.6803157678900964,0.8753947098626205,0.7927004305925774,-0.19648738978880462,0.046900542683343587,0.00020205296950725555,0.049956860775066635,-6.938893903907228e-17,0.7588510973968725,0.8340932048376969,0.554154171811607,0.620357610710279,0.6890511441668647,0.43875064471877484,0.0,95,48770,0.9773696163193752,0.998627181800353,1.0,0.6201901198361733,0.716107256703544,0.3832733483804063,0.03848013827013136,0.02995318118647887,0.036535545790067875,0.04690054268334014,0.5146401476317408,0.31365593602624564,0.1288291982776297,0.8110313717449251,0.4374000410088169,0.3361287676850523,/common/users/shared/pracsys/adaptive_roa_experiments/gaussian_torque/pen_high_yield_a1,0.8337447439921734,0.5261464276567109
fm,high,yield_a1,9,1000,0.027531429627529764,100.0,0.1261602164176187,100.0,0.15434795981135943,0.0247179699927455,0.023270173284635074,0.09416591546010038,0.14477967081104257,0.14897791115999032,0.1004666475383001,0.0989768684267002,0.09897686842670018,0.7027065819151117,0.9148246873077712,0.887615337297519,-0.14884744720114823,0.028081126251234923,0.00013848009373833466,0.031018702070945255,2.42861286636753e-17,0.7810248742694033,0.8925115147751385,0.7993263281221397,0.5647351119846568,0.6890511441668647,0.43875064471877484,0.0,101,48770,0.9699163509508983,0.9960725424511956,0.9996336996336996,0.6537139100975881,0.8084567785486593,0.6658939791374368,0.030285613982763693,0.02436890868910488,0.02419936607203862,0.028081126251234628,0.5466270248103342,0.35501332786549106,0.2239081402501538,0.8110313717449251,0.4374000410088169,0.3361287676850523,/common/users/shared/pracsys/adaptive_roa_experiments/gaussian_torque/pen_high_yield_a1,0.834714383834346,0.7162859696654162
fm,high,yield_a1,10,1100,0.024686172339365493,100.0,0.11241918315527004,100.0,0.14596903834324382,0.02200526651826997,0.02054933320523393,0.09391313816975444,0.14559333130360402,0.14897791115999032,0.1004666475383001,0.0989768684267002,0.09897686842670018,0.712282140660242,0.925220422390814,0.8969243387328275,-0.1404722165265532,0.025613063462179723,0.000137411750471246,0.02855877588681567,2.7755575615628914e-17,0.787503407335615,0.9069001608250581,0.819022932642114,0.5509940787223087,0.6890511441668647,0.43875064471877484,0.0,101,48770,0.9819108761329305,0.9956280477551707,0.9992094167252283,0.6573545027051626,0.8326926682917682,0.6938937351308485,0.02647804205681994,0.023035512972662466,0.023537994927747767,0.025613063462179793,0.5429567356981752,0.36581915111749025,0.23342218576994053,0.8110313717449251,0.4374000410088169,0.3361287676850523,/common/users/shared/pracsys/adaptive_roa_experiments/gaussian_torque/pen_high_yield_a1,0.8332498049023831,0.7412217231226292
fm,high,yield_a1,11,1200,0.03306573372148441,100.0,0.13591295394039715,100.0,0.1640621283575969,0.027934805439778655,0.026473922196851123,0.09433799798525541,0.14608832429275326,0.14897791115999032,0.1004666475383001,0.0989768684267002,0.09897686842670018,0.6932130408037728,0.9228009021939717,0.8745745335247078,-0.16022288291982775,0.031112792638296024,0.0001485391078131506,0.03406345499282346,1.1796119636642288e-16,0.7700700762232604,0.9033450568633996,0.7706841611996251,0.5744878495075056,0.6890511441668647,0.43875064471877484,0.0,99,48770,0.981855944823262,0.9984677373588332,0.9997082279712118,0.633437831824847,0.824770298143634,0.6270359299701092,0.03754248803391723,0.029445133806796704,0.02912665800924739,0.03111279263829389,0.5232314947713759,0.3613081812589707,0.21082632766044698,0.8110313717449251,0.4374000410088169,0.3361287676850523,/common/users/shared/pracsys/adaptive_roa_experiments/gaussian_torque/pen_high_yield_a1,0.8319004880673965,0.6856559200866474
fm,high,yield_a1,12,1300,0.014989556903946296,100.0,0.07414378526095083,100.0,0.10879311051876153,0.012695169492944698,0.01135729789196463,0.09480706205892608,0.13378716009800695,0.14897791115999032,0.1004666475383001,0.0989768684267002,0.09897686842670018,0.7235800697149887,0.9469755997539471,0.9548492925979085,-0.09978675415214269,0.015527104259739076,0.00011255848217135538,0.018354754972319053,3.400058012914542e-16,0.7998158680189479,0.9359203092476955,0.9284367890802729,0.5127186808277749,0.6890511441668647,0.43875064471877484,0.0,101,48770,0.9691244737126201,0.9926934398654331,0.9935313347708145,0.6808666632957476,0.8852897056066004,0.8713475263832123,0.012471319924692482,0.01799777235135852,0.016438084971096844,0.015527104259739188,0.5697970063563667,0.3900758663112569,0.2947918802542547,0.8110313717449251,0.4374000410088169,0.3361287676850523,/common/users/shared/pracsys/adaptive_roa_experiments/gaussian_torque/pen_high_yield_a1,0.8321252071277032,0.8431239085803359
fm,high,yield_a1,13,1400,0.024996410833590093,100.0,0.10509918756310012,100.0,0.13774431002665574,0.019707169651451723,0.018263033829421703,0.0938117359922944,0.14441358220300193,0.14897791115999032,0.1004666475383001,0.0989768684267002,0.09897686842670018,0.7189870822226779,0.9316588066434284,0.9072175517736313,-0.13213512405167113,0.02342816626382753,0.0001446239589333272,0.026362081197457452,3.122502256758253e-17,0.792822481897477,0.9158524577747482,0.8404161523540822,0.5436740831301314,0.6890511441668647,0.43875064471877484,0.0,101,48770,0.9859382637139527,0.9923948131531433,0.9960708911553252,0.6629670829751731,0.8502718919932496,0.7268346245348625,0.028348097750107257,0.022220128701407358,0.021774245375634067,0.023428166263826794,0.5453557514865696,0.37475907320073815,0.24527373385277834,0.8110313717449251,0.4374000410088169,0.3361287676850523,/common/users/shared/pracsys/adaptive_roa_experiments/gaussian_torque/pen_high_yield_a1,0.8318983052341159,0.7632965496258568
fm,high,yield_a1,14,1500,0.01331037521778901,100.0,0.06543255996827627,100.0,0.10001045724830838,0.010184519032879669,0.008815070746447582,0.09503972716170721,0.1369448286432088,0.14897791115999032,0.1004666475383001,0.0989768684267002,0.09897686842670018,0.7488209965142506,0.9526553208939922,0.9603034652450276,-0.08506315357801929,0.012752212011441045,0.00010292284836272565,0.015611439409473035,4.631711680858075e-16,0.8227976276580354,0.9435935018932454,0.9378331513711388,0.5040074555351153,0.6890511441668647,0.43875064471877484,0.0,101,48770,0.9615904787665674,0.9852063459674539,0.9901010237982236,0.7190170399959549,0.9053534595912245,0.8908070517903983,0.012156090534211957,0.015720834757250612,0.013983027372349473,0.012752212011440996,0.6064383842526143,0.40194791880254255,0.3024195201968423,0.8110313717449251,0.4374000410088169,0.3361287676850523,/common/users/shared/pracsys/adaptive_roa_experiments/gaussian_torque/pen_high_yield_a1,0.8341336063444887,0.8711596738293956
fm,high,yield_a1,15,1600,0.013796703255244047,100.0,0.06731907477917369,100.0,0.10219663727701454,0.010527653897554692,0.009099071269966529,0.09487597664602523,0.14285826275881638,0.14897791115999032,0.1004666475383001,0.0989768684267002,0.09897686842670018,0.7531474266967398,0.9521017018659012,0.95089194176748,-0.08834672954685258,0.013199963050641746,0.00010142494426794108,0.016118324789829813,2.463307335887066e-16,0.8258876274495625,0.9428347689898199,0.921892835012882,0.5058939703460607,0.6890511441668647,0.43875064471877484,0.0,101,48770,0.9649217667534048,0.9862789268892075,0.9904695164681149,0.7218738939171765,0.9030564410275642,0.8621972793265418,0.0142679729424653,0.015628478676450487,0.014090652009121088,0.013199963050641583,0.6067459503793315,0.4004921058027476,0.29259790855033835,0.8110313717449251,0.4374000410088169,0.3361287676850523,/common/users/shared/pracsys/adaptive_roa_experiments/gaussian_torque/pen_high_yield_a1,0.8340760949428494,0.8666358790648412
fm,high,yield_a1,16,1700,0.014436608787335903,100.0,0.0711312581878881,100.0,0.10696616772606111,0.011620781347857595,0.010163498534072833,0.09472824086073253,0.14572828137847618,0.14897791115999032,0.1004666475383001,0.0989768684267002,0.09897686842670018,0.7600984211605495,0.9430592577404142,0.9396760303465245,-0.09551527578429361,0.014412126100040801,0.00010483453046401475,0.01735918802542547,2.949029909160572e-16,0.8315480304077401,0.9309907805472031,0.901887547522177,0.5097061537548061,0.6890511441668647,0.43875064471877484,0.0,101,48770,0.9657547990100996,0.9906393780739331,0.9947767233134702,0.7300905091773272,0.878117382336396,0.824864271335326,0.014554634721212692,0.015580209227811595,0.014329259428403103,0.01441212610004055,0.6131228214066025,0.38771785933975805,0.2787164240311667,0.8110313717449251,0.4374000410088169,0.3361287676850523,/common/users/shared/pracsys/adaptive_roa_experiments/gaussian_torque/pen_high_yield_a1,0.8345930671702603,0.8543889463353342
fm,high,yield_a1,17,1800,0.01142694269293199,100.0,0.05572395810723837,100.0,0.09240557719909781,0.008179587325471183,0.006770162753733714,0.09576923670916863,0.1409424571737469,0.14897791115999032,0.1004666475383001,0.0989768684267002,0.09897686842670018,0.7729341808488825,0.9533319663727702,0.9701045724830839,-0.07708714373590322,0.009977794471265867,8.101468077637941e-05,0.012876998154603239,5.880712583561376e-16,0.8415056533562331,0.9445986076627234,0.9538403089976573,0.4942988536741453,0.6890511441668647,0.43875064471877484,0.0,101,48770,0.969718960284998,0.9824303797468354,0.9915092476798526,0.7432370935935683,0.90957247327958,0.9189288110778991,0.01084472052905466,0.01314933265399478,0.010931851734485722,0.009977794471264954,0.6216116465039984,0.4049620668443715,0.31152347754767273,0.8110313717449251,0.4374000410088169,0.3361287676850523,/common/users/shared/pracsys/adaptive_roa_experiments/gaussian_torque/pen_high_yield_a1,0.8365945389596194,0.8991906429262796
fm,high,yield_a1,18,1900,0.015920018050193118,100.0,0.07264567274205314,100.0,0.10993684642198072,0.011726174034876887,0.010222141211254152,0.0951735884380531,0.15040328236227354,0.14897791115999032,0.1004666475383001,0.0989768684267002,0.09897686842670018,0.7648349395119951,0.94910805823252,0.9424441254869798,-0.09701332786549108,0.014025421199901413,9.0028711588098e-05,0.017019233135124053,1.5959455978986625e-16,0.8350472464726948,0.9392916544369435,0.9067038920463986,0.511220568309055,0.6890511441668647,0.43875064471877484,0.0,101,48770,0.9684737281067556,0.9820478723404256,0.9960566671534978,0.7339333569297669,0.9001031314457154,0.8320624656865735,0.01744522754715391,0.015460540860728372,0.014935145695212872,0.01402542119990107,0.614619643223293,0.4009021939717039,0.2807873692843961,0.8110313717449251,0.4374000410088169,0.3361287676850523,/common/users/shared/pracsys/adaptive_roa_experiments/gaussian_torque/pen_high_yield_a1,0.8364538281710183,0.8582959693224858
fm,high,yield_a1,19,2000,0.008968798918053746,100.0,0.04925267707194047,100.0,0.08662948533934796,0.007120936847941854,0.00573464601258397,0.09585694669913974,0.13862908353578854,0.14897791115999032,0.1004666475383001,0.0989768684267002,0.09897686842670018,0.7682796801312282,0.9550338322739389,0.9732417469755997,-0.06747713758458068,0.008854567740144939,6.957158639158109e-05,0.011730637687102728,5.169475958410885e-16,0.8390102141117141,0.9474138551183368,0.9590511155040948,0.48782757263873855,0.6890511441668647,0.43875064471877484,0.0,101,48770,0.9610025128087981,0.9697609346620195,0.9874644611010597,0.744501188248976,0.9260735045940371,0.9322271701335936,0.00725226905097704,0.011620471684240123,0.00971264164093192,0.00885456774014417,0.6283165880664343,0.41769530449046544,0.31732622513840475,0.8110313717449251,0.4374000410088169,0.3361287676850523,/common/users/shared/pracsys/adaptive_roa_experiments/gaussian_torque/pen_high_yield_a1,0.8372233837831202,0.9105390190567364
fm,high,yield_mlp,0,100,0.08921529047576073,100.0,0.558261756488272,100.0,0.38004572483083865,0.1718575034886228,0.17063500184723454,0.08326600257500556,0.12225016413882522,0.14897791115999032,0.1004666475383001,0.0989768684267002,0.09897686842670018,0.4547877793725651,0.5698585195817101,0.6638712323149477,-0.37998298134098835,0.186345867698929,0.0008208228290221164,0.18905814845191715,-1.942890293094024e-16,0.4938130592042642,0.032647791201696946,nan,0.9968366520557705,0.6890511441668647,0.43875064471877484,0.0,62,48770,0.9995376078914919,1.0,nan,0.3279061536127825,0.016594787174198388,0.0,0.05103156788305438,0.06483504240684439,0.14050216072971863,0.18634586769891306,0.2660652040188641,0.007258560590526963,0.0,0.8110313717449251,0.4374000410088169,0.3361287676850523,/common/users/shared/pracsys/adaptive_roa_experiments/gaussian_torque/pen_high_yield_mlp,0.8216551151314889,-0.8827213940086631
fm,high,yield_mlp,1,200,0.08297111862427868,100.0,0.5002054020249193,100.0,0.3467582530244003,0.13418302925551065,0.13292911732505167,0.08390871718749512,0.12539119304589882,0.14897791115999032,0.1004666475383001,0.0989768684267002,0.09897686842670018,0.5183514455607956,0.6641172852163215,0.665409062948534,-0.346685257330326,0.14799726856425646,0.0006281093485256536,0.15074095960631537,-2.498001805406602e-16,0.5777761800337923,0.3767454247992999,0.009108574204517852,0.9387802975923186,0.6890511441668647,0.43875064471877484,0.0,83,48770,0.9995024875621891,1.0,1.0,0.40633058603428224,0.23209263078942433,0.004575123528335265,0.05160145187780941,0.06930708073144778,0.12074301089632732,0.14799726856425272,0.3297108878408858,0.1015173262251384,0.001537830633586221,0.8110313717449251,0.4374000410088169,0.3361287676850523,/common/users/shared/pracsys/adaptive_roa_experiments/gaussian_torque/pen_high_yield_mlp,0.8235889899576042,-0.4952712781962745
fm,high,yield_mlp,2,300,0.08286877205145886,100.0,0.5253852146477226,100.0,0.3522052491285627,0.13953027958065178,0.13832365178951508,0.0881072469877234,0.12066277911367104,0.14897791115999032,0.1004666475383001,0.0989768684267002,0.09897686842670018,0.5229034242362108,0.6613696944843142,0.6653475497231904,-0.35218269427927007,0.1491932732284916,0.0006058487600196555,0.15188968013122822,-2.7755575615628914e-16,0.5833840644583707,0.36842709090213777,0.008745824476161556,0.9639601102151272,0.6890511441668647,0.43875064471877484,0.0,81,48770,0.999693176239568,1.0,1.0,0.4118673206249684,0.22581098818676168,0.004392118587201854,0.05472988548598441,0.06495107399605998,0.12154700283540314,0.14919327322848827,0.3341398400656141,0.09876973549313102,0.0014763174082427723,0.8110313717449251,0.4374000410088169,0.3361287676850523,/common/users/shared/pracsys/adaptive_roa_experiments/gaussian_torque/pen_high_yield_mlp,0.8293160890109267,-0.5073549567693227
fm,high,yield_mlp,3,400,0.0705799974501678,100.0,0.3893373016139361,100.0,0.3097436948944023,0.10666824418034335,0.10525709562279742,0.08248438936063635,0.14111485575459332,0.14897791115999032,0.1004666475383001,0.0989768684267002,0.09897686842670018,0.5761533729751896,0.7140045109698585,0.6690588476522452,-0.30963174082427725,0.12174957468886113,0.0005753070048504841,0.12465050235800697,-1.3877787807814457e-16,0.6465105939087161,0.5142777545619167,0.030397693139492973,0.8279121971813111,0.6890511441668647,0.43875064471877484,0.0,85,48770,0.9989430851344924,1.0,1.0,0.4779036254234717,0.3461466341646353,0.01543341670225096,0.04890800003313978,0.05624380619813132,0.09950744625877085,0.12174957468886013,0.3880049210580275,0.15140455197867542,0.005187615337297519,0.8110313717449251,0.4374000410088169,0.3361287676850523,/common/users/shared/pracsys/adaptive_roa_experiments/gaussian_torque/pen_high_yield_mlp,0.820668748825339,-0.2300810949482186
fm,high,yield_mlp,4,500,0.06322387790758628,100.0,0.34385828093360193,100.0,0.2918630305515686,0.09560082511192863,0.09412502246789552,0.08313989832174801,0.14758026440331137,0.14897791115999032,0.1004666475383001,0.0989768684267002,0.09897686842670018,0.5983596473241747,0.72657371334837,0.6789009637071971,-0.291492720935001,0.10996199257284761,0.0005434284654424607,0.11292757432848063,-9.71445146547012e-17,0.6716287802588345,0.5453305601963927,0.08560084082681303,0.7824331765009586,0.6890511441668647,0.43875064471877484,0.0,90,48770,0.9967160911533486,1.0,1.0,0.5064468827425798,0.37488280517532346,0.04471420728359666,0.044103679609298875,0.05276555035696433,0.08572330916298343,0.10996199257284586,0.4120976009842116,0.1639737543571868,0.015029731392249333,0.8110313717449251,0.4374000410088169,0.3361287676850523,/common/users/shared/pracsys/adaptive_roa_experiments/gaussian_torque/pen_high_yield_mlp,0.820559479642907,-0.11098678227309988
fm,high,yield_mlp,5,600,0.061878084582408684,100.0,0.34753259715791185,100.0,0.3013475497231905,0.10441957096207838,0.10294083618763723,0.08696248669804085,0.14787347744411514,0.14897791115999032,0.1004666475383001,0.0989768684267002,0.09897686842670018,0.5660652040188641,0.7182079147016609,0.6670084068074636,-0.3012913676440435,0.11495521791629644,0.0005443694669422144,0.11792373180233749,-1.3877787807814457e-16,0.6348751746864271,0.5248089623457003,0.018493895805632782,0.786107492725289,0.6890511441668647,0.43875064471877484,0.0,85,48770,0.9995653827348291,1.0,1.0,0.46516155129696113,0.35575660978811174,0.009333251997803941,0.040396082208179654,0.048253706140759405,0.08907741211582645,0.11495521791629258,0.3774246462989543,0.15560795571047775,0.003137174492515891,0.8110313717449251,0.4374000410088169,0.3361287676850523,/common/users/shared/pracsys/adaptive_roa_experiments/gaussian_torque/pen_high_yield_mlp,0.8268553531295478,-0.16143518928798417
fm,high,yield_mlp,6,700,0.06179616101817482,100.0,0.3368851341826485,100.0,0.2918021324584786,0.09538901895770234,0.09394510723435859,0.08716855351671177,0.14439117233437512,0.14897791115999032,0.1004666475383001,0.0989768684267002,0.09897686842670018,0.5752511790034858,0.7474061923313512,0.6787369284396145,-0.2917311872052491,0.10575342214434688,0.0004836880708520044,0.10868711297929053,-1.5265566588595902e-16,0.6454428754813865,0.5940352611632889,0.08470615726136231,0.7754600297499924,0.6890511441668647,0.43875064471877484,0.0,89,48770,0.9991521382014732,1.0,1.0,0.47669009455428024,0.42251078192387026,0.04422619410724089,0.04516572719195354,0.05282228717356131,0.07997964575009699,0.10575342214434125,0.386938691818741,0.18480623334016813,0.014865696124666804,0.8110313717449251,0.4374000410088169,0.3361287676850523,/common/users/shared/pracsys/adaptive_roa_experiments/gaussian_torque/pen_high_yield_mlp,0.8243524885185146,-0.06846603479544555
fm,high,yield_mlp,7,800,0.03197088651819785,100.0,0.16200488842908814,100.0,0.1855958581094935,0.03640104621883418,0.03495710317966662,0.0916285733962567,0.14439430391675623,0.14897791115999032,0.1004666475383001,0.0989768684267002,0.09897686842670018,0.6825097395940127,0.8827968013122821,0.8409267992618413,-0.1842196022144761,0.042305398210110125,0.00022702611732125153,0.04523912036087759,6.938893903907228e-18,0.7574713363824321,0.8455135135135134,0.6902994011976047,0.6005797839962049,0.6890511441668647,0.43875064471877484,0.0,101,48770,0.9954713874022232,0.9983405667602757,0.9987293519695044,0.6113161753552105,0.7332645790361898,0.5274202403464894,0.03182242022438847,0.026698877725376536,0.03273624159370822,0.04230539821010801,0.4980520811974575,0.32126307156038547,0.17750666393274553,0.8110313717449251,0.4374000410088169,0.3361287676850523,/common/users/shared/pracsys/adaptive_roa_experiments/gaussian_torque/pen_high_yield_mlp,0.8337500061643933,0.5725728760408251
fm,high,yield_mlp,8,900,0.029289157635521555,100.0,0.1418327768508464,100.0,0.1745989337707607,0.032898043241388196,0.03130820011046859,0.09394739121028092,0.15898431309196123,0.14897791115999032,0.1004666475383001,0.0989768684267002,0.09897686842670018,0.7047365183514456,0.899548903014148,0.8135944228009022,-0.17180336272298544,0.03633767732688791,0.00017212400723703368,0.03941729956940742,4.163336342344337e-17,0.780313663269665,0.8704071105467821,0.6165591125732844,0.5804076724180092,0.6890511441668647,0.43875064471877484,0.0,99,48770,0.9838424251750404,0.9988464574099933,0.9990431930016402,0.64655913434798,0.7712357022313895,0.4458610382480327,0.030551919233341475,0.023487864082695813,0.028877453383537262,0.036337677326886746,0.5329915931925364,0.33772811154398197,0.1500102522042239,0.8110313717449251,0.4374000410088169,0.3361287676850523,/common/users/shared/pracsys/adaptive_roa_experiments/gaussian_torque/pen_high_yield_mlp,0.8346991758107357,0.6328669728139692
fm,high,yield_mlp,9,1000,0.017304009264434927,100.0,0.08381616053169846,100.0,0.12056202583555463,0.014690093506757417,0.013155503833108895,0.09448591676783802,0.15345896736485212,0.14897791115999032,0.1004666475383001,0.0989768684267002,0.09897686842670018,0.7608160754562231,0.9406602419520197,0.9193971703916342,-0.10925097395940127,0.017646455491971177,0.00011266876494995623,0.020670824277219602,1.0061396160665481e-16,0.8330016749939156,0.9277872043118075,0.8644249008449731,0.5223910560987113,0.6890511441668647,0.43875064471877484,0.0,101,48770,0.9602600917582599,0.9918373879641486,0.9944453261387082,0.7355261161955807,0.8715075942246391,0.7644726407613005,0.019403727660032524,0.01694952121170601,0.0166136581107355,0.017646455491970785,0.6212220627434899,0.38433463194586837,0.25839655525938077,0.8110313717449251,0.4374000410088169,0.3361287676850523,/common/users/shared/pracsys/adaptive_roa_experiments/gaussian_torque/pen_high_yield_mlp,0.8355653586154849,0.8217113172757158
fm,high,yield_mlp,10,1100,0.018712431543296146,100.0,0.09059666451719897,100.0,0.12971560385482878,0.017269295900351856,0.015743917883977325,0.0948757691511802,0.1525378016374531,0.14897791115999032,0.1004666475383001,0.0989768684267002,0.09897686842670018,0.7416854623744105,0.9370924748820997,0.9057412343653886,-0.12180787369284396,0.019845017159497373,0.00011356708888638075,0.022860174287471804,5.204170427930421e-17,0.8158940784474191,0.9227748691099477,0.8373031321889931,0.5291715600842317,0.6890511441668647,0.43875064471877484,0.0,101,48770,0.9667867285447115,0.9964122635355512,0.9972180070814365,0.7057440461141731,0.8592724545284081,0.721588482889038,0.020354162498472158,0.017643903707983303,0.018141348434104573,0.01984501715949704,0.5920442895222473,0.3771990978060283,0.24322329300799672,0.8110313717449251,0.4374000410088169,0.3361287676850523,/common/users/shared/pracsys/adaptive_roa_experiments/gaussian_torque/pen_high_yield_mlp,0.8360922192553308,0.7994984335739608
fm,high,yield_mlp,11,1200,0.026694345095323303,100.0,0.1286564920481479,100.0,0.1624687307771171,0.02814189495404842,0.026609643383597135,0.09440807499183587,0.15322515704512835,0.14897791115999032,0.1004666475383001,0.0989768684267002,0.09897686842670018,0.705802747590732,0.9207709657576378,0.8487184744720114,-0.16020955505433668,0.031178436818461424,0.000160670290026008,0.03420046750051261,-4.85722573273506e-17,0.7796615375165085,0.9006990131578946,0.7101893314478748,0.5672313876152763,0.6890511441668647,0.43875064471877484,0.0,101,48770,0.9929979658895322,0.9968145620022754,0.9972421400992829,0.6417808565505385,0.8214888430526908,0.5514548892820106,0.028481300807956033,0.022440451262676204,0.02499595799081573,0.031178436818461008,0.5241746975599754,0.36046750051261023,0.18587246257945458,0.8110313717449251,0.4374000410088169,0.3361287676850523,/common/users/shared/pracsys/adaptive_roa_experiments/gaussian_torque/pen_high_yield_mlp,0.8361325223669615,0.6849926925951249
fm,high,yield_mlp,12,1300,0.01725969770781469,100.0,0.07823258455587026,100.0,0.11479085503383228,0.013200320078360174,0.01171814725312194,0.09535820608293066,0.14821728252382343,0.14897791115999032,0.1004666475383001,0.0989768684267002,0.09897686842670018,0.7476932540496206,0.9540906294853394,0.9363748205864261,-0.1074084478162805,0.015336809596891614,0.00010094455965194073,0.01830876153372975,1.4224732503009818e-16,0.8195086175284195,0.9450781269163785,0.8960155490767736,0.5168074801228877,0.6890511441668647,0.43875064471877484,0.0,101,48770,0.9760315851996786,0.9912014406997685,0.9941255205234979,0.7062496839763361,0.9030564410275642,0.8155310193375221,0.019375511315740834,0.01651195034205002,0.015223496757609879,0.015336809596890844,0.5868566741849498,0.39850317818330944,0.27574328480623334,0.8110313717449251,0.4374000410088169,0.3361287676850523,/common/users/shared/pracsys/adaptive_roa_experiments/gaussian_torque/pen_high_yield_mlp,0.8377014970373997,0.8450465261158502
fm,high,yield_mlp,13,1400,0.0170199739827152,100.0,0.07824919141695752,100.0,0.11662681976624974,0.01398994927498428,0.012551262199182175,0.09603796445732807,0.14386870758021056,0.14897791115999032,0.1004666475383001,0.0989768684267002,0.09897686842670018,0.7358212015583351,0.9447201148246873,0.942403116670084,-0.11149743694894401,0.01549016616855452,9.003058730828224e-05,0.018418632355956532,2.0816681711721685e-16,0.8089221095094027,0.9327680798004986,0.90655666810818,0.516824086983937,0.6890511441668647,0.43875064471877484,0.0,101,48770,0.9784028126569563,0.9964833759590793,0.9969271290605795,0.6894877888456288,0.8767110444402775,0.8312084426279509,0.01857952686595333,0.01674491861406738,0.015220734824147939,0.015490166168554215,0.571539881074431,0.384826737748616,0.2802542546647529,0.8110313717449251,0.4374000410088169,0.3361287676850523,/common/users/shared/pracsys/adaptive_roa_experiments/gaussian_torque/pen_high_yield_mlp,0.8381287257866272,0.8434971078113453
fm,high,yield_mlp,14,1500,0.011404138371140854,100.0,0.05879507524058496,100.0,0.09407935206069305,0.00895205888464629,0.007547651120310292,0.09606239926690822,0.1404407764335999,0.14897791115999032,0.1004666475383001,0.0989768684267002,0.09897686842670018,0.762046339963092,0.9602009432027886,0.9610211195407012,-0.08398708222267788,0.010462120280102648,7.839401748996836e-05,0.013356307156038546,3.7990444123892075e-16,0.8322370798698953,0.9528780558859945,0.9391192954363491,0.4973699708074771,0.6890511441668647,0.43875064471877484,0.0,101,48770,0.9717767799871713,0.9882169293519311,0.9885382955771306,0.7277392931182687,0.9199793737108569,0.8944061489660221,0.011716943683295549,0.013060082390440628,0.011026432564313708,0.010462120280101862,0.607361082632766,0.40719704736518353,0.3041213860980111,0.8110313717449251,0.4374000410088169,0.3361287676850523,/common/users/shared/pracsys/adaptive_roa_experiments/gaussian_torque/pen_high_yield_mlp,0.8384986582230147,0.8942973197030311
fm,high,yield_mlp,15,1600,0.014538216360677907,100.0,0.0701656636538518,100.0,0.10639676030346525,0.01143553440786328,0.009944391628832455,0.09555315385512397,0.14911427790308251,0.14897791115999032,0.1004666475383001,0.0989768684267002,0.09897686842670018,0.7686897683001845,0.9550543366823867,0.9420545417264712,-0.09863461144145994,0.013368106200408847,9.396137393690431e-05,0.016349028091039573,1.5959455978986625e-16,0.8366469250930364,0.9462481608631682,0.9060942380540972,0.5087405592208493,0.6890511441668647,0.43875064471877484,0.0,101,48770,0.9791221826809016,0.9920814479638009,0.9951098459966425,0.7303686100015169,0.9044627789236828,0.8316964558043067,0.016210335050317815,0.014110212645212951,0.01315565880250048,0.013368106200408564,0.6049825712528194,0.39876973549313105,0.28093090014353084,0.8110313717449251,0.4374000410088169,0.3361287676850523,/common/users/shared/pracsys/adaptive_roa_experiments/gaussian_torque/pen_high_yield_mlp,0.8384869961801257,0.8649370664792356
fm,high,yield_mlp,16,1700,0.017546954075755246,100.0,0.07598613568757233,100.0,0.11192925979085504,0.012632746311465283,0.011140109610231083,0.0958705790045738,0.14926367012341998,0.14897791115999032,0.1004666475383001,0.0989768684267002,0.09897686842670018,0.7610211195407013,0.9531064178798442,0.9402706581915111,-0.10451322534344885,0.014246399032357613,8.96459800264765e-05,0.017228814845191714,1.214306433183765e-16,0.8301045174268595,0.9439611869348951,0.9028514257128565,0.5145610312545892,0.6890511441668647,0.43875064471877484,0.0,101,48770,0.9802389231245912,0.9888597977308897,0.9958799293702177,0.719851342468524,0.902962685167823,0.8257182943939486,0.01957610677204663,0.016041299855225677,0.014603712178168428,0.014246399032357427,0.5955915521837195,0.3994053721550133,0.2786959196227189,0.8110313717449251,0.4374000410088169,0.3361287676850523,/common/users/shared/pracsys/adaptive_roa_experiments/gaussian_torque/pen_high_yield_mlp,0.8389134750689646,0.8560633483478198
fm,high,yield_mlp,17,1800,0.010517477295596126,100.0,0.05435491659047889,100.0,0.08902419520196843,0.007738030154763617,0.006322908402071636,0.09607154051857165,0.14151217526919804,0.14897791115999032,0.1004666475383001,0.0989768684267002,0.09897686842670018,0.7765839655525938,0.9619848267377487,0.9641993028501128,-0.07545888866106212,0.009228236310200632,7.195185550560077e-05,0.012133137174492515,4.527628272299467e-16,0.8441513859885001,0.9553532726484613,0.9444621159106813,0.49292981215736803,0.6890511441668647,0.43875064471877484,0.0,101,48770,0.9719696969696969,0.9822719619689017,0.9867730142904619,0.7460433837285736,0.9298706169135571,0.9056304520222046,0.010377466276461142,0.012080151276968565,0.010072647636918048,0.009228236310199932,0.6225138404757022,0.41406602419520194,0.30848882509739595,0.8110313717449251,0.4374000410088169,0.3361287676850523,/common/users/shared/pracsys/adaptive_roa_experiments/gaussian_torque/pen_high_yield_mlp,0.8388546227493905,0.9067637069459837
fm,high,yield_mlp,18,1900,0.020332071598528498,100.0,0.09408533657100229,100.0,0.12932643018248924,0.017536958575252892,0.01602237536359976,0.09494038897186755,0.15145832116531316,0.14897791115999032,0.1004666475383001,0.0989768684267002,0.09897686842670018,0.7404141890506459,0.9451096985851958,0.9040803772811155,-0.12532971088784087,0.020058854818432427,0.00012608248225929838,0.02306321714168546,6.938893903907228e-18,0.8109601314021204,0.9334625804687694,0.8341487626746082,0.532660232138075,0.6890511441668647,0.43875064471877484,0.0,101,48770,0.9904800116720164,0.9934924078091106,0.9958520274274105,0.6865298073519746,0.8802737671104444,0.7176233758311474,0.021625517425640048,0.017300750792732737,0.0181914759653119,0.020058854818432257,0.5621488620053311,0.38755382407217553,0.24221857699405372,0.8110313717449251,0.4374000410088169,0.3361287676850523,/common/users/shared/pracsys/adaptive_roa_experiments/gaussian_torque/pen_high_yield_mlp,0.8375550972054658,0.7973379524197867
fm,high,yield_mlp,19,2000,0.014033657225525891,100.0,0.06420612414527094,100.0,0.10117223703096166,0.010399123821061442,0.00891249213615828,0.09645510291564635,0.14866316849031633,0.14897791115999032,0.1004666475383001,0.0989768684267002,0.09897686842670018,0.7698790239901578,0.95915521837195,0.9481648554439205,-0.09311810539265944,0.011434257647212334,7.73499024798752e-05,0.014410668443715397,2.0643209364124004e-16,0.8380028580089205,0.9515116109244924,0.9168092668158483,0.5027810197122483,0.6890511441668647,0.43875064471877484,0.0,101,48770,0.976551724137931,0.9896202531645569,0.9953554841014648,0.7338827931435505,0.9162291393212075,0.8497529433294699,0.015699270333019637,0.01405286682697291,0.012104176323413797,0.011434257647211956,0.6094935411113389,0.4049620668443715,0.28695919622718885,0.8110313717449251,0.4374000410088169,0.3361287676850523,/common/users/shared/pracsys/adaptive_roa_experiments/gaussian_torque/pen_high_yield_mlp,0.8396150703559637,0.8844754554375474
fm,high,partx,0,100,0.042701114606922976,1.0,0.17127080515358134,100.0,0.16417568459165274,0.011770201383277168,0.011770201383277168,0.06798703421815036,0.1355821016621313,0.14897791115999032,0.1004666475383001,0.0989768684267002,0.09897686842670018,0.7787779372565101,0.8339963092064794,0.8673774861595243,-0.03708300085071023,0.042647843142128224,0.00031276563988873933,0.04413762225372812,-0.00011219244969878917,0.8536191574520047,0.8212566785887756,0.8035117564858133,0.609845700720481,0.6890511441668647,0.43875064471877484,0.0,20,48770,0.9211443295950338,0.7761872965528754,0.800302571860817,0.7953177933963695,0.871882617663604,0.8067467821631185,0.037076715192972474,0.04459719189799926,0.04505401717464157,0.04264784314212837,0.7002460529013738,0.4913266352265737,0.33883534960016404,0.8110313717449251,0.4374000410088169,0.3361287676850523,/common/users/shared/pracsys/adaptive_roa_experiments/gaussian_torque/pen_high_partx,0.7926193976198206,0.5691130279221537
fm,high,partx,1,200,0.0286159898037019,1.0,0.1404937715508799,100.0,0.15703872800591293,0.01720514351053985,0.01720514351053985,0.07956395468242555,0.1284875316265418,0.14897791115999032,0.1004666475383001,0.0989768684267002,0.09897686842670018,0.7149887225753537,0.8857904449456633,0.8940742259585811,-0.11337608980161426,0.036413373696786794,0.00026361396600130146,0.0379031528083867,-0.00020468355802770455,0.7907508881796833,0.8654394356670049,0.8249406980684514,0.579068667117844,0.6890511441668647,0.43875064471877484,0.0,20,48770,0.977301480985339,0.8928322201176353,0.9279560875200122,0.6640036405926075,0.8396774798424902,0.7425120478252912,0.026239108205464347,0.02856430335915387,0.03431349746538852,0.03641337369678699,0.5510354726266147,0.4113594422800902,0.26895632561000615,0.8110313717449251,0.4374000410088169,0.3361287676850523,/common/users/shared/pracsys/adaptive_roa_experiments/gaussian_torque/pen_high_partx,0.814941308436198,0.6321021843224548
fm,high,partx,2,300,0.02137838476263451,1.0,0.1049468007611249,100.0,0.13391851711478825,0.017047202430568693,0.017047202430568693,0.09130164415020878,0.13120606910016186,0.14897791115999032,0.1004666475383001,0.0989768684267002,0.09897686842670018,0.7112979290547468,0.9234775476727496,0.9238671314332582,-0.11481488627550089,0.024496745977643057,0.00013791483087218442,0.025986525089242964,-0.00022568072941705347,0.7914012267030134,0.9061887285707103,0.8727683925573106,0.5435216963280528,0.6890511441668647,0.43875064471877484,0.0,20,48770,0.9558044660750071,0.9769647696476965,0.9956997654417513,0.675254083025737,0.8449746859178698,0.776855975111328,0.022551716609897434,0.022707770061891185,0.021881577750481048,0.024496745977642943,0.5729751896657781,0.37830633586221035,0.2622513840475702,0.8110313717449251,0.4374000410088169,0.3361287676850523,/common/users/shared/pracsys/adaptive_roa_experiments/gaussian_torque/pen_high_partx,0.8296371781492766,0.7525002925730597
fm,high,partx,3,400,0.015104395345372727,1.0,0.08086847196147597,100.0,0.11590146324808769,0.007853836940324013,0.007853836940324013,0.08469424065231997,0.1396367229264295,0.14897791115999032,0.1004666475383001,0.0989768684267002,0.09897686842670018,0.780459298749231,0.923887635841706,0.9094730367028911,-0.0435717469991775,0.02198448148589086,0.0001790513034663871,0.023474260597490765,-0.00015198322881338974,0.8520499108734403,0.9160484892346662,0.8614728122744816,0.5194433675283361,0.6890511441668647,0.43875064471877484,0.0,20,48770,0.9395398445832699,0.8849851424576123,0.8869362966791575,0.7794660464175558,0.9493718357397337,0.8374306106264869,0.008545296175679921,0.01892636058240059,0.0214102912273694,0.021984481485890873,0.6728521632150912,0.4692228829198278,0.31736723395530037,0.8110313717449251,0.4374000410088169,0.3361287676850523,/common/users/shared/pracsys/adaptive_roa_experiments/gaussian_torque/pen_high_partx,0.8238549596223769,0.7778826322215678
fm,high,partx,4,500,0.011519376147575816,1.0,0.06032537511864445,100.0,0.09463900801102043,0.008901293180345613,0.008901293180345613,0.09512880509989556,0.13363866252311923,0.14897791115999032,0.1004666475383001,0.0989768684267002,0.09897686842670018,0.7574943612876769,0.9531884355136354,0.9726266147221653,-0.05183256368252136,0.01246467806124859,7.632152114555671e-05,0.01395445717284849,-0.0002846784459016715,0.8354870567943138,0.9470535030960828,0.9581622739665926,0.49890027068542026,0.6890511441668647,0.43875064471877484,0.0,20,48770,0.928719423570523,0.9371643640703171,0.9852410415055427,0.7592658138241392,0.9571535720982561,0.932532178368816,0.009555910751921505,0.015094245470599364,0.012826999534781953,0.012464678061248699,0.6630510559770351,0.4467295468525733,0.3181464014763174,0.8110313717449251,0.4374000410088169,0.3361287676850523,/common/users/shared/pracsys/adaptive_roa_experiments/gaussian_torque/pen_high_partx,0.8353612645861176,0.8740647359389874
fm,high,partx,5,600,0.009821148302132375,1.0,0.053198308642254034,100.0,0.08960260207096628,0.00743578172419297,0.00743578172419297,0.0950189895766565,0.13348887786150213,0.14897791115999032,0.1004666475383001,0.0989768684267002,0.09897686842670018,0.7703711297929055,0.9500922698380152,0.9716218987082222,-0.050618801036722436,0.011127923548238201,7.001710565758455e-05,0.012617702659838104,-0.00026573702599847447,0.8431095109342822,0.943748555581234,0.9567148308000251,0.4917732042090115,0.6890511441668647,0.43875064471877484,0.0,20,48770,0.9454551167247934,0.9307138298842191,0.9816443103780245,0.7607574455175203,0.9571535720982561,0.9330201915451717,0.0073095223032584155,0.013184673116374925,0.011535289104332611,0.011127923548238196,0.6525938076686487,0.4498257125281936,0.31947918802542546,0.8110313717449251,0.4374000410088169,0.3361287676850523,/common/users/shared/pracsys/adaptive_roa_experiments/gaussian_torque/pen_high_partx,0.8371326585098366,0.8875704624209315
fm,high,partx,6,700,0.0076712437861395965,1.0,0.04277420683895503,100.0,0.07855473287386626,0.0059003793741266835,0.0059003793741266835,0.09626335956721749,0.13459771317330368,0.14897791115999032,0.1004666475383001,0.0989768684267002,0.09897686842670018,0.7839655525938076,0.9573508304285422,0.9738568792290342,-0.04329118052616133,0.008386303359017373,5.771012830444951e-05,0.009876082470617276,-0.0002275848745920267,0.8530420955728514,0.951874132346136,0.9604319895726655,0.4813491024056789,0.6890511441668647,0.43875064471877484,0.0,20,48770,0.9514312383322963,0.9397843567251462,0.9775110549589388,0.7730950093543004,0.9642790174385899,0.9439394863661319,0.004040165202472304,0.010812914406950197,0.008767408004853717,0.008386303359017265,0.6590116875128152,0.44880049210580275,0.32458478572893174,0.8110313717449251,0.4374000410088169,0.3361287676850523,/common/users/shared/pracsys/adaptive_roa_experiments/gaussian_torque/pen_high_partx,0.8392732572221118,0.9152700677206406
fm,high,partx,7,800,0.009206020041617505,1.0,0.04945473787601995,100.0,0.0835546527490469,0.0071372418336643345,0.0071372418336643345,0.09625994974518842,0.1304622466946407,0.14897791115999032,0.1004666475383001,0.0989768684267002,0.09897686842670018,0.7728521632150912,0.9593602624564281,0.9739183924543777,-0.057339961973726074,0.009599393581733087,6.312117332947327e-05,0.011089172693332991,-0.000254766933443026,0.8421262647855208,0.9537973798312276,0.9604059017618128,0.48802963344275785,0.6890511441668647,0.43875064471877484,0.0,20,48770,0.9650509537496734,0.9486228322359269,0.9805504353905803,0.7469788137735753,0.9590286892930808,0.9410724089550417,0.005732665395216589,0.012302829347654436,0.010554150529305945,0.009599393581733113,0.6277629690383433,0.4421980725856059,0.32259585810949354,0.8110313717449251,0.4374000410088169,0.3361287676850523,/common/users/shared/pracsys/adaptive_roa_experiments/gaussian_torque/pen_high_partx,0.839793545284395,0.9030137674153416
fm,high,partx,8,900,0.0070589284772388005,1.0,0.04032808979780537,100.0,0.07617180613859319,0.005702471838177037,0.005702471838177037,0.09659431617518778,0.13212330161565033,0.14897791115999032,0.1004666475383001,0.0989768684267002,0.09897686842670018,0.788271478367849,0.9667213450891942,0.9726676235390609,-0.05117577024293662,0.007806204149943701,5.495799922998935e-05,0.009295983261543605,-0.0002788199397457617,0.8535776069878904,0.9620146511573479,0.9586628213477222,0.47890298536455106,0.6890511441668647,0.43875064471877484,0.0,20,48770,0.9719064841126324,0.9605982706239775,0.9749590008830579,0.7609344187692775,0.9634352147009189,0.9429024583663759,0.0021640108495549564,0.01034330297144632,0.008717001849844593,0.007806204149943695,0.6349805208119745,0.4386918187410293,0.3250768915316793,0.8110313717449251,0.4374000410088169,0.3361287676850523,/common/users/shared/pracsys/adaptive_roa_experiments/gaussian_torque/pen_high_partx,0.8407037976793095,0.9211310251169971
fm,high,partx,9,1000,0.006910427831577104,1.0,0.04106547805724892,100.0,0.08014107565955168,0.005384551749412105,0.005384551749412105,0.09548929480100606,0.13658923521683042,0.14897791115999032,0.1004666475383001,0.0989768684267002,0.09897686842670018,0.7711913061308181,0.9601804387943408,0.9658191511174903,-0.052294768336627946,0.008596926445356002,5.9325279167625295e-05,0.010086705556955905,-0.0002751989297502481,0.841042150396718,0.9547044829033913,0.9477805970616796,0.4796403736240255,0.6890511441668647,0.43875064471877484,0.0,20,48770,0.9632590465624694,0.9500510630396435,0.9741146168705731,0.7463467664458715,0.9594037127320457,0.9228329164887452,0.0027560499759197643,0.009625259524832501,0.00884840044847591,0.008596926445356088,0.6283986057002255,0.44170596678285834,0.3184334631945868,0.8110313717449251,0.4374000410088169,0.3361287676850523,/common/users/shared/pracsys/adaptive_roa_experiments/gaussian_torque/pen_high_partx,0.8387196320932492,0.9131420645852958
fm,high,partx,10,1100,0.007109411975904906,1.0,0.04189921429413197,100.0,0.0819648635046744,0.005979687604726205,0.005979687604726205,0.09577601669339039,0.13180528745854717,0.14897791115999032,0.1004666475383001,0.0989768684267002,0.09897686842670018,0.7595448021324585,0.961718269427927,0.9678080787369284,-0.05733182170699923,0.008912316846471447,5.784977177887827e-05,0.01040209595807135,-0.000268222491564574,0.8304342168047544,0.9563203331539667,0.951001810124212,0.48047410986086997,0.6890511441668647,0.43875064471877484,0.0,20,48770,0.9699712886336768,0.9545560693101677,0.9736085372867276,0.725994842493806,0.9580911306956684,0.929421094369548,0.0023109447175307975,0.010023402539213263,0.009316486361102454,0.008912316846471442,0.607033012097601,0.4390198892761944,0.32087348779987696,0.8110313717449251,0.4374000410088169,0.3361287676850523,/common/users/shared/pracsys/adaptive_roa_experiments/gaussian_torque/pen_high_partx,0.8389800692793028,0.909955558423515
fm,high,partx,11,1200,0.007839387609947611,1.0,0.046251880227429945,100.0,0.08576363261790765,0.006118620962419642,0.006118620962419642,0.09484409978971992,0.13447540041538705,0.14897791115999032,0.1004666475383001,0.0989768684267002,0.09897686842670018,0.7575968833299159,0.9597293418084888,0.9606930490055362,-0.059146704622793936,0.009987260599919447,6.820693495941949e-05,0.01147703971151935,-0.0002641289994804747,0.82971306752708,0.954024064797041,0.9399003041038342,0.4848267757942353,0.6890511441668647,0.43875064471877484,0.0,20,48770,0.964211583528624,0.952819601608529,0.9668472652218782,0.7281438034079992,0.9552315769735609,0.9144146891966083,0.003887552506871757,0.01070444364103505,0.009998206669822426,0.009987260599919409,0.6124666803362723,0.438507279064999,0.3179003485749436,0.8110313717449251,0.4374000410088169,0.3361287676850523,/common/users/shared/pracsys/adaptive_roa_experiments/gaussian_torque/pen_high_partx,0.8377806317549517,0.8990950031186755
fm,high,partx,12,1300,0.007709568864872195,1.0,0.044925370358266555,100.0,0.08439310416847509,0.0065991656267062205,0.0065991656267062205,0.09577732850895787,0.12617615466045334,0.14897791115999032,0.1004666475383001,0.0989768684267002,0.09897686842670018,0.7625589501742874,0.9634201353290958,0.963502152962887,-0.05830769262003171,0.009524666388694645,5.9691590316831314e-05,0.011014445500294547,-0.0002740391557539065,0.8318864144478965,0.9581122329185254,0.9453283371214448,0.48350026592497614,0.6890511441668647,0.43875064471877484,0.0,20,48770,0.9769162575013639,0.9597798475867908,0.9519950510361893,0.7243515194417758,0.9564504031501969,0.9387543463673519,0.0020104911001316973,0.010967073883680744,0.010311494305184302,0.009524666388694671,0.6013532909575559,0.4358827147836785,0.33145376255895015,0.8110313717449251,0.4374000410088169,0.3361287676850523,/common/users/shared/pracsys/adaptive_roa_experiments/gaussian_torque/pen_high_partx,0.8394707110951845,0.9037687639536871
fm,high,partx,13,1400,0.006868782143477972,1.0,0.0411737334991909,100.0,0.08107017945999771,0.005449153341887569,0.005449153341887569,0.09543350880461604,0.13087951886791968,0.14897791115999032,0.1004666475383001,0.0989768684267002,0.09897686842670018,0.7655320893992208,0.9627024810334222,0.9610006151322534,-0.05477689276411992,0.008731508162672862,5.706550794752007e-05,0.010221287274272767,-0.0002610048012988697,0.8343449854409016,0.9572211377907387,0.9412890480306211,0.4797486290659177,0.6890511441668647,0.43875064471877484,0.0,20,48770,0.9769974554707379,0.9604511774977583,0.9527588577141786,0.7280426758355666,0.9540127507969248,0.9300921124870372,0.0017920214130888199,0.00973378920780982,0.009024702048939136,0.00873150816267289,0.6043674389993848,0.43446791060077916,0.32813204839040394,0.8110313717449251,0.4374000410088169,0.3361287676850523,/common/users/shared/pracsys/adaptive_roa_experiments/gaussian_torque/pen_high_partx,0.8392547046483788,0.9117823355955215
fm,high,partx,14,1500,0.0068788614293524095,1.0,0.04019928803169106,100.0,0.07932407436255416,0.006019572950547602,0.006019572950547602,0.09634694375100278,0.12679762755616017,0.14897791115999032,0.1004666475383001,0.0989768684267002,0.09897686842670018,0.763953249948739,0.9667623539060898,0.9660857084273119,-0.05633818549966077,0.008371345310525698,5.4929930469184505e-05,0.009861124422125599,-0.0002781523157193277,0.8321082720802707,0.9619671054175172,0.9492201891194892,0.4787741835983957,0.6890511441668647,0.43875064471877484,0.0,20,48770,0.983249465775143,0.9629386067922401,0.9554978676061562,0.7212418465894727,0.9609975623476468,0.9430244616604648,0.0012464874484772585,0.009897405182084795,0.009174470476486906,0.008371345310525725,0.5949149067049415,0.4365183514455608,0.3317408242772196,0.8110313717449251,0.4374000410088169,0.3361287676850523,/common/users/shared/pracsys/adaptive_roa_experiments/gaussian_torque/pen_high_partx,0.8407881480583418,0.9154211944306431
fm,high,partx,15,1600,0.007112246044663214,1.0,0.04002523387377433,100.0,0.07772875505551673,0.006446228598366758,0.006446228598366758,0.09677115938563831,0.12755568741426898,0.14897791115999032,0.1004666475383001,0.0989768684267002,0.09897686842670018,0.7642813204839041,0.9662907525117901,0.9740414189050646,-0.059155249954764046,0.008347821257711257,5.8744554390735676e-05,0.00983760036931116,-0.0003041163817173939,0.8328194985748356,0.9613285660519383,0.9607660840461137,0.4786001294404914,0.6890511441668647,0.43875064471877484,0.0,20,48770,0.9802807257788428,0.9647780925401322,0.9764409448818898,0.7239217272589371,0.957903618976186,0.9455865308363326,0.001377922359308881,0.010437046428822037,0.00928680219800635,0.00834782125771131,0.5989337707607135,0.43428337092474883,0.3255074841090835,0.8110313717449251,0.4374000410088169,0.3361287676850523,/common/users/shared/pracsys/adaptive_roa_experiments/gaussian_torque/pen_high_partx,0.8408000671734506,0.9156588666583905
fm,high,partx,16,1700,0.007242287328961636,1.0,0.04115601248558267,100.0,0.08033649073757791,0.006382475040435735,0.006382475040435735,0.09654645921951308,0.13018530757331193,0.14897791115999032,0.1004666475383001,0.0989768684267002,0.09897686842670018,0.7585605905269633,0.9660446996104163,0.9700840680746361,-0.06157051400957916,0.008537627978323227,5.6061053539866094e-05,0.01002740708992313,-0.0002752562692996362,0.8281348065330667,0.9610242892110713,0.9544929977230904,0.4797309080523437,0.6890511441668647,0.43875064471877484,0.0,20,48770,0.979626368313823,0.9650217432406882,0.976576461577738,0.7172220255852758,0.9570598162385149,0.9333862014274386,0.0026630002080038663,0.010263161393760862,0.009345487755932837,0.008537627978323262,0.5937871642403116,0.4337912651220012,0.32126307156038547,0.8110313717449251,0.4374000410088169,0.3361287676850523,/common/users/shared/pracsys/adaptive_roa_experiments/gaussian_torque/pen_high_partx,0.8405772445909213,0.9137411789841989
fm,high,partx,17,1800,0.00777164719731635,1.0,0.043703456336727106,100.0,0.08317314108284386,0.0066827734376834445,0.0066827734376834445,0.09636063608183834,0.13271420481593021,0.14897791115999032,0.1004666475383001,0.0989768684267002,0.09897686842670018,0.7532704531474267,0.9679311051876154,0.9662497436948944,-0.06544630860392923,0.009024449329406495,5.785868319778809e-05,0.010514228441006399,-0.0002745564531388134,0.8240249199315579,0.9631635969664138,0.9482715273412948,0.4822783519035492,0.6890511441668647,0.43875064471877484,0.0,20,48770,0.9773807458803122,0.9678595096090126,0.9779607182213003,0.7122667745360772,0.958513032064504,0.9203318489599219,0.0035460265904988953,0.010729486669869618,0.009957691463497372,0.009024449329406457,0.5910395735083043,0.43317613286856677,0.3163215091244618,0.8110313717449251,0.4374000410088169,0.3361287676850523,/common/users/shared/pracsys/adaptive_roa_experiments/gaussian_torque/pen_high_partx,0.839836612503153,0.908822642372346
fm,high,partx,18,1900,0.007204814221832668,1.0,0.04030163319423748,100.0,0.07928894889787043,0.006336311976690199,0.006336311976690199,0.09672024739955518,0.13265825743083742,0.14897791115999032,0.1004666475383001,0.0989768684267002,0.09897686842670018,0.7534549928234571,0.9697149887225753,0.9683616977650195,-0.06366935287775297,0.008322509904259996,5.560632450525301e-05,0.009812289015859897,-0.00027042309957523054,0.8239067396971382,0.9651626294313277,0.9514000440958771,0.47887652876101316,0.6890511441668647,0.43875064471877484,0.0,20,48770,0.9791492620439989,0.9712793733681462,0.9835243553008596,0.7111543712393184,0.9591224451528221,0.9213078753126335,0.0028651523948021486,0.010258351537349523,0.009229286477733741,0.008322509904260023,0.5890506458888661,0.43192536395324993,0.3148656961246668,0.8110313717449251,0.4374000410088169,0.3361287676850523,/common/users/shared/pracsys/adaptive_roa_experiments/gaussian_torque/pen_high_partx,0.8401755003192728,0.9159145966471607
fm,high,partx,19,2000,0.00700621984627366,1.0,0.039342845681063485,100.0,0.07821719217045289,0.006101613222592837,0.006101613222592837,0.0967413240713448,0.13329339970268064,0.14897791115999032,0.1004666475383001,0.0989768684267002,0.09897686842670018,0.74910805823252,0.9702686077506664,0.9696124666803363,-0.061791233128817055,0.008056419674397963,5.4292175459790714e-05,0.009546198785997866,-0.00028073790355028286,0.82009586261652,0.9658598606140516,0.9534430761497863,0.47791774124785263,0.6890511441668647,0.43875064471877484,0.0,20,48770,0.9799367533380182,0.9702459791863766,0.9829004469201373,0.705086716893361,0.9615132195762235,0.9256999938998353,0.0028902091934333626,0.010041200454043959,0.008955902389128164,0.008056419674398014,0.5835554644248513,0.4334631945868362,0.3165675620258356,0.8110313717449251,0.4374000410088169,0.3361287676850523,/common/users/shared/pracsys/adaptive_roa_experiments/gaussian_torque/pen_high_partx,0.8400076169664236,0.9186030048994291
clf,high,clf_dir00,0,100,0.04947338827397118,1.0,0.2116355055561542,100.0,0.17117843013266262,0.02908295782651419,0.02908295782651419,0.06855529618008296,0.11891188125678744,0.14897791115999032,0.1004666475383001,0.0989768684267002,0.09897686842670018,0.8321714168546237,0.7558950174287472,0.8150092269838015,0.10517097044257365,0.05955491904243354,0.0004641188734332578,0.061044698154033454,5.038896930212311e-05,0.8958505643283412,0.779981149161877,0.7783510220125787,0.6502104011228281,0.6890511441668647,0.43875064471877484,0.0,20,48770,0.9018060714743179,0.6438051072398329,0.6515980420385834,0.8899732011933054,0.9892180761297581,0.9663270908314524,0.030099863781373824,0.0600193350900121,0.062484797563373794,0.05955491904243354,0.8003895837605085,0.6720729956940742,0.4984826737748616,0.8110313717449251,0.4374000410088169,0.3361287676850523,/common/users/shared/pracsys/adaptive_roa_experiments/gaussian_torque/pen_high_clf_dir00,0.7978979631038848,0.39829457135695867
clf,high,clf_dir00,1,200,0.020655117376098656,1.0,0.08618237191113555,100.0,0.11225482119984967,0.017078798294923165,0.017078798294923165,0.08799303293647516,0.14726711549425348,0.14897791115999032,0.1004666475383001,0.0989768684267002,0.09897686842670018,0.8377896247693254,0.822882919827763,0.9045519786754153,0.10012242762226535,0.027938265532441765,0.00031179286279020557,0.02942804464404167,-0.00012436825270643534,0.9058270341051128,0.8316244980702507,0.8755114593640521,0.5247572674776981,0.6890511441668647,0.43875064471877484,0.0,20,48770,0.8559312501406042,0.7117784451117785,0.7794761904761904,0.961900187086009,1.0,0.9985359604709327,0.009654531729437258,0.02676575811845063,0.026242289587336678,0.027938265532441536,0.9114414599138815,0.614517121181054,0.43059257740414186,0.8110313717449251,0.4374000410088169,0.3361287676850523,/common/users/shared/pracsys/adaptive_roa_experiments/gaussian_torque/pen_high_clf_dir00,0.830095333241115,0.7177293444767638
clf,high,clf_dir00,2,300,0.022139794525559187,1.0,0.10598906552441664,100.0,0.14257470223253224,0.031417429598415585,0.031417429598415585,0.09074178715725296,0.14115692640811967,0.14897791115999032,0.1004666475383001,0.0989768684267002,0.09897686842670018,0.804798031576789,0.7611441459913881,0.864732417469756,0.12562389789431558,0.039549308884786055,0.000307808045338464,0.041039087996385955,-0.00010320198307676998,0.8859333812604842,0.7851411918770865,0.8322867675098513,0.5445639610909052,0.6890511441668647,0.43875064471877484,0.0,20,48770,0.8420261467680955,0.6472251786528812,0.7134949001830704,0.934671588208525,0.9977498593662104,0.9985359604709327,0.0021964543100544175,0.0284439889705512,0.03711666143494776,0.03954930888478583,0.9002665573098216,0.6742874718064383,0.47041213860980113,0.8110313717449251,0.4374000410088169,0.3361287676850523,/common/users/shared/pracsys/adaptive_roa_experiments/gaussian_torque/pen_high_clf_dir00,0.830111421738362,0.6004186683873991
clf,high,clf_dir00,3,400,0.018894070431909826,1.0,0.09845993154384573,100.0,0.14612236878824011,0.03126638714069103,0.03126638714069103,0.09322949847559622,0.1461970188481972,0.14897791115999032,0.1004666475383001,0.0989768684267002,0.09897686842670018,0.8235390608980931,0.726450686897683,0.8847447201148246,0.13804289317558796,0.036882259855342846,0.000238106507557317,0.03837203896694274,-0.0001314972364521716,0.8992531198052024,0.7617891259708954,0.8534327657688195,0.5370348271102999,0.6890511441668647,0.43875064471877484,0.0,20,48770,0.8373593790878172,0.6152337553716148,0.7452864559613808,0.9710269504980533,1.0,0.9982919538827548,0.0010015161342879443,0.02273146881034488,0.03246479485977799,0.0368822598553427,0.9404962066844371,0.7109493541111339,0.4502358006971499,0.8110313717449251,0.4374000410088169,0.3361287676850523,/common/users/shared/pracsys/adaptive_roa_experiments/gaussian_torque/pen_high_clf_dir00,0.837632658519269,0.6273648536106502
clf,high,clf_dir00,4,500,0.013548272884657602,1.0,0.07620876272006077,100.0,0.1210878874206851,0.018548869323241863,0.018548869323241863,0.09110959420794607,0.1533668327152153,0.14897791115999032,0.1004666475383001,0.0989768684267002,0.09897686842670018,0.8249128562640968,0.7958991183104367,0.9244617592782448,0.10895538899844508,0.026212612422641998,0.0001972868134840739,0.027702391534241904,-0.0002035311193539953,0.9000386312819733,0.8098639975550123,0.8975072334742933,0.5147836582865093,0.6890511441668647,0.43875064471877484,0.0,20,48770,0.8380823649959668,0.683397807865893,0.8250217380185156,0.9718865348637306,0.993765235327208,0.9839565668273044,0.0014714227182841728,0.015619816193853046,0.022049771803591276,0.026212612422641838,0.9405167110928849,0.636046750051261,0.4008816895632561,0.8110313717449251,0.4374000410088169,0.3361287676850523,/common/users/shared/pracsys/adaptive_roa_experiments/gaussian_torque/pen_high_clf_dir00,0.8309146692075676,0.7351642576764852
clf,high,clf_dir00,5,600,0.01618156800523084,1.0,0.08518906607400728,100.0,0.13410505125488145,0.02464850372960318,0.02464850372960318,0.09167284763985563,0.15519154305676625,0.14897791115999032,0.1004666475383001,0.0989768684267002,0.09897686842670018,0.8260200943202789,0.7444535575148657,0.9207094525322944,0.12476468875508634,0.031830266998759994,0.00023809102494415152,0.03332004611035989,-0.0001222575176877752,0.9008726941364767,0.7738892215025671,0.8932740871581155,0.5237639616405327,0.6890511441668647,0.43875064471877484,0.0,20,48770,0.8373911343743892,0.6312487051232722,0.8156754032258065,0.9747686706780604,0.9998124882805175,0.9871896541206613,0.0031903653850047864,0.017304900207388015,0.027489007578011117,0.03183026699875991,0.944084478162805,0.6927824482263687,0.406807463604675,0.8110313717449251,0.4374000410088169,0.3361287676850523,/common/users/shared/pracsys/adaptive_roa_experiments/gaussian_torque/pen_high_clf_dir00,0.8324945164594063,0.6784070106003333
clf,high,clf_dir00,6,700,0.012575546088860103,1.0,0.07316339138647418,100.0,0.1314065634247121,0.022851661741471754,0.022851661741471754,0.09211519265769029,0.15762753046810052,0.14897791115999032,0.1004666475383001,0.0989768684267002,0.09897686842670018,0.8224933360672545,0.7402501537830634,0.9358622103752307,0.11468711017745914,0.029564672081415222,0.00019332457374239196,0.03105445119301512,-0.00014866542906644825,0.898170911015703,0.7707979012122308,0.910913647755753,0.511738286953004,0.6890511441668647,0.43875064471877484,0.0,20,48770,0.8398187457381052,0.6276445282574106,0.8543191409797531,0.9652373969762856,0.9985467841740109,0.9755383395351674,0.0003309487575476221,0.009627328373178387,0.02565122154426659,0.029564672081415132,0.932150912446176,0.6958786139019889,0.38382202173467295,0.8110313717449251,0.4374000410088169,0.3361287676850523,/common/users/shared/pracsys/adaptive_roa_experiments/gaussian_torque/pen_high_clf_dir00,0.830961478047136,0.7012971560793512
clf,high,clf_dir00,7,800,0.01152622371201416,1.0,0.06926587913849755,100.0,0.12658872811351127,0.023547083705157554,0.023547083705157554,0.09418405245538965,0.15644385358050628,0.14897791115999032,0.1004666475383001,0.0989768684267002,0.09897686842670018,0.8283575968833299,0.7560590526963297,0.938609801107238,0.11765309775277731,0.02812049580818422,0.00019038695135918695,0.029610274919784126,-0.00021940386828388572,0.9020992924390387,0.7818785178666373,0.9156809733017911,0.5078407747049782,0.6890511441668647,0.43875064471877484,0.0,20,48770,0.8393070879850275,0.6420463099575442,0.8504839131572064,0.97504677150225,0.9995780986311644,0.991703776001952,0.0003725031980458414,0.007912110982603068,0.02445284618913644,0.028120495808184178,0.942198072585606,0.6809719089604265,0.3919417674800082,0.8110313717449251,0.4374000410088169,0.3361287676850523,/common/users/shared/pracsys/adaptive_roa_experiments/gaussian_torque/pen_high_clf_dir00,0.8339757943694323,0.7158882044342556
clf,high,clf_dir00,8,900,0.012483888971111917,1.0,0.07206318402121664,100.0,0.12276288159392958,0.023075636288059944,0.023075636288059944,0.09434974828970451,0.15061318305470375,0.14897791115999032,0.1004666475383001,0.0989768684267002,0.09897686842670018,0.831802337502563,0.7811974574533525,0.921427106827968,0.11372663611777374,0.027498860880002803,0.00020225124365248355,0.028988639991602706,-0.00020389554505283874,0.9031854500820262,0.7996244484086003,0.895140105078809,0.5106380795876893,0.6890511441668647,0.43875064471877484,0.0,20,48770,0.8469950193691201,0.6669799204335433,0.8116718773261873,0.9673610759973706,0.9981248828051753,0.9977429390593546,0.0005281606726399935,0.011343969459185645,0.024763534493507988,0.027498860880002658,0.9262866516301005,0.6545622308796392,0.41318433463194587,0.8110313717449251,0.4374000410088169,0.3361287676850523,/common/users/shared/pracsys/adaptive_roa_experiments/gaussian_torque/pen_high_clf_dir00,0.8352489070695015,0.7221688126012213
clf,high,clf_dir00,9,1000,0.013007357352604828,1.0,0.07174749500201814,100.0,0.12699574126331,0.024347635954298473,0.024347635954298473,0.09525800759380831,0.15171116819106759,0.14897791115999032,0.1004666475383001,0.0989768684267002,0.09897686842670018,0.828009021939717,0.784929259790855,0.9134098831248718,0.11929612391171505,0.027880686974502366,0.00019661929612253321,0.02937046608610227,-0.00018580981268800228,0.9017798594847775,0.8026120175389073,0.8858432676452302,0.5103223905685446,0.6890511441668647,0.43875064471877484,0.0,20,48770,0.8398987916066832,0.6704499009651963,0.795388349514563,0.9735045760226526,0.9996718544909057,0.9995119868236443,0.00023244472942228852,0.012924853524006862,0.02495691887906777,0.027880686974502054,0.9400451096985852,0.6521837194996924,0.4223908140250154,0.8110313717449251,0.4374000410088169,0.3361287676850523,/common/users/shared/pracsys/adaptive_roa_experiments/gaussian_torque/pen_high_clf_dir00,0.8375840232308315,0.7183110819963948
clf,high,clf_dir00,10,1100,0.015044151422736737,1.0,0.08334470695709115,100.0,0.13513894753517713,0.027297393002358554,0.027297393002358554,0.09475320149721322,0.14887890288907438,0.14897791115999032,0.1004666475383001,0.0989768684267002,0.09897686842670018,0.8308386303055156,0.7573508304285421,0.8979700635636662,0.12777662505242138,0.03135412875260773,0.00020181181020278698,0.032843907864207635,-0.00016693117923780726,0.9032711924023918,0.7828384776305649,0.8682203389830508,0.5219196025236106,0.6890511441668647,0.43875064471877484,0.0,20,48770,0.8422249431520028,0.6432060792473313,0.767164318809379,0.9738585225261668,0.9999062441402587,0.9999389983529555,0.0004592024057665904,0.017766851872058835,0.026854412196518615,0.0313541287526075,0.9377896247693254,0.6799671929464834,0.43811769530449046,0.8110313717449251,0.4374000410088169,0.3361287676850523,/common/users/shared/pracsys/adaptive_roa_experiments/gaussian_torque/pen_high_clf_dir00,0.8374017102010897,0.6832176118420252
clf,high,clf_dir00,11,1200,0.013359980507827392,1.0,0.07814320493238659,100.0,0.12821725836314943,0.023234634909177283,0.023234634909177283,0.09330758548010384,0.1517380792634902,0.14897791115999032,0.1004666475383001,0.0989768684267002,0.09897686842670018,0.8310026655730982,0.7843346319458684,0.9198482673774862,0.11872992393436162,0.028705251018052946,0.0001910249925136342,0.03019503012965285,-0.00019866683772069155,0.9028776130659188,0.8021593559551575,0.8925715227966031,0.516718100498885,0.6890511441668647,0.43875064471877484,0.0,20,48770,0.8455460404343603,0.6698605177180196,0.8121936580974293,0.968549324973454,0.9995780986311644,0.9906057463551516,0.0008948115032417783,0.013041479616878354,0.02370792407068804,0.028705251018052717,0.92901373795366,0.6526963297108879,0.4099651425056387,0.8110313717449251,0.4374000410088169,0.3361287676850523,/common/users/shared/pracsys/adaptive_roa_experiments/gaussian_torque/pen_high_clf_dir00,0.8343876869489267,0.7099802057355316
clf,high,clf_dir00,12,1300,0.01349425260868422,1.0,0.08196023067686571,100.0,0.13338662876588095,0.0253938359726116,0.0253938359726116,0.09308385233732268,0.15156223096594018,0.14897791115999032,0.1004666475383001,0.0989768684267002,0.09897686842670018,0.8276399425876564,0.7431822841911011,0.9220627434898503,0.12228359175715897,0.031060047673686184,0.00019610592534783798,0.03254982678528609,-0.0002268043883029286,0.9004759536833132,0.7730279252668394,0.8949912976213499,0.5205351262433299,0.6890511441668647,0.43875064471877484,0.0,20,48770,0.846797897924646,0.6300847833151162,0.8179155726115936,0.9614198311169541,0.9998593662103882,0.9881046788263284,0.000783499075561689,0.011594912070043711,0.026430128972589086,0.031060047673685934,0.9208119745745336,0.694094730367029,0.4060693049005536,0.8110313717449251,0.4374000410088169,0.3361287676850523,/common/users/shared/pracsys/adaptive_roa_experiments/gaussian_torque/pen_high_clf_dir00,0.8323370673460013,0.6861888220206878
clf,high,clf_dir00,13,1400,0.013424201858631895,1.0,0.08150917867015126,100.0,0.13628520439127956,0.02738408699735766,0.02738408699735766,0.09423042642389079,0.15166200239619837,0.14897791115999032,0.1004666475383001,0.0989768684267002,0.09897686842670018,0.8281320483904039,0.7348574943612877,0.9169366413778962,0.1266038475880521,0.031965806455376486,0.0001957096602881198,0.03345558556697639,-0.0001647225447905798,0.9009617884065506,0.7673904049216599,0.8890410583691692,0.520084074236615,0.6890511441668647,0.43875064471877484,0.0,20,48770,0.8457409050576753,0.6226101170495344,0.8067707297673494,0.9638974566415534,0.9999062441402587,0.9899957298847069,0.0005158647229086968,0.011464858358251348,0.02697008451886822,0.03196580645537639,0.924338732827558,0.7024605290137379,0.4124666803362723,0.8110313717449251,0.4374000410088169,0.3361287676850523,/common/users/shared/pracsys/adaptive_roa_experiments/gaussian_torque/pen_high_clf_dir00,0.8353958451660055,0.6770376052153078
clf,high,clf_dir00,14,1500,0.013303059285702476,1.0,0.08044927196178094,100.0,0.13480420984521813,0.02534694702113693,0.02534694702113693,0.09335136730111736,0.15275174750062542,0.14897791115999032,0.1004666475383001,0.0989768684267002,0.09897686842670018,0.8277219602214476,0.7416854623744105,0.9168341193356572,0.12485186516018902,0.0307517752095646,0.00018531161722953112,0.0322415543211645,-0.000220672937155178,0.9013548735529622,0.7720231632283749,0.888147371904473,0.5190241675282269,0.6890511441668647,0.43875064471877484,0.0,20,48770,0.8414291977202981,0.6287137467578401,0.8104585031959334,0.9704707488496739,0.9999531220701294,0.9823095223571037,0.0007174705778033162,0.012338770732992606,0.025230361192656873,0.030751775209564573,0.9354111133893788,0.6956735698175107,0.40740209144966166,0.8110313717449251,0.4374000410088169,0.3361287676850523,/common/users/shared/pracsys/adaptive_roa_experiments/gaussian_torque/pen_high_clf_dir00,0.8346055768087939,0.6893034130258566
clf,high,clf_dir00,15,1600,0.009720886118711471,1.0,0.0670895766466658,100.0,0.12451192408699907,0.02233629824962173,0.02233629824962173,0.09498604681020452,0.156105696786598,0.14897791115999032,0.1004666475383001,0.0989768684267002,0.09897686842670018,0.8295878613901989,0.755238876358417,0.9327250358827148,0.11438584637999999,0.026146131782887935,0.00015903927240532617,0.027635910894487834,-0.00018098808322948232,0.9022959453581464,0.7813455937574414,0.9076840831715483,0.5056644722131617,0.6890511441668647,0.43875064471877484,0.0,20,48770,0.8432617723966688,0.6412314722948799,0.8423856277418007,0.9702179299185923,0.9998124882805175,0.9839565668273044,0.0005299949763677125,0.0073799407613418765,0.01927313062161464,0.026146131782887785,0.9331351240516711,0.6819971293828173,0.39261841295878613,0.8110313717449251,0.4374000410088169,0.3361287676850523,/common/users/shared/pracsys/adaptive_roa_experiments/gaussian_torque/pen_high_clf_dir00,0.8360809144955154,0.7358359362293715
clf,high,clf_dir00,16,1700,0.011665809276440129,1.0,0.07663827294441693,100.0,0.13557089212809967,0.0269405078025,0.0269405078025,0.09534421120908765,0.15420366335222324,0.14897791115999032,0.1004666475383001,0.0989768684267002,0.09897686842670018,0.8278859954890302,0.7148656961246668,0.9345089194176748,0.1283985054975947,0.030356565387068934,0.00017312828213887334,0.03184634449866884,-0.0002165996330436154,0.9021085039884313,0.7541719700183849,0.9103111310794114,0.5152131685108841,0.6890511441668647,0.43875064471877484,0.0,20,48770,0.8372732389487813,0.6053751844704279,0.8433841511004735,0.9778277797441473,0.9999531220701294,0.9887756969438175,0.00040568904694840777,0.008764905762067501,0.02355798198069189,0.030356565387068688,0.9471806438384253,0.7224933360672544,0.3940742259585811,0.8110313717449251,0.4374000410088169,0.3361287676850523,/common/users/shared/pracsys/adaptive_roa_experiments/gaussian_torque/pen_high_clf_dir00,0.8377859718152448,0.6932963643969979
clf,high,clf_dir00,17,1800,0.011823338118371695,1.0,0.0766711561353127,100.0,0.13620173887313575,0.02802253965764941,0.02802253965764941,0.0956264678409693,0.15445202567995653,0.14897791115999032,0.1004666475383001,0.0989768684267002,0.09897686842670018,0.8283165880664343,0.7007996719294648,0.926901783883535,0.12898508270594192,0.031183265958870714,0.00018398493018921764,0.03267304507047061,-0.00018967428450959722,0.9020644482133457,0.7451000943297348,0.9010958524067139,0.5152460517017771,0.6890511441668647,0.43875064471877484,0.0,20,48770,0.8393591780762282,0.593835273152531,0.8263789945043761,0.9748950801436012,0.9997656103506469,0.990666748002196,0.0002587241076979665,0.009257269455119005,0.02417601593400134,0.03118326595887042,0.9419930285011278,0.7363953249948739,0.4029526348164855,0.8110313717449251,0.4374000410088169,0.3361287676850523,/common/users/shared/pracsys/adaptive_roa_experiments/gaussian_torque/pen_high_clf_dir00,0.8380968332739909,0.6849439019990387
clf,high,clf_dir00,18,1900,0.01162095849018078,1.0,0.07169036637002468,100.0,0.13019782503415797,0.025364672753494376,0.025364672753494376,0.09511918737162951,0.1544752283669971,0.14897791115999032,0.1004666475383001,0.0989768684267002,0.09897686842670018,0.8291572688127947,0.7253639532499487,0.9258765634611441,0.12268333570622801,0.029022703171538152,0.00018361696565107248,0.030512482283138055,-0.00019965063702690605,0.9021767205954868,0.761034790365745,0.8998365243412485,0.5102652619365087,0.6890511441668647,0.43875064471877484,0.0,20,48770,0.8421964050854889,0.6143211014459359,0.8243476495075642,0.9713556151084594,0.9998124882805175,0.9905447447081072,0.00014000398855579103,0.010577248952541684,0.02292303840636068,0.029022703171537954,0.9354111133893788,0.7118720524912856,0.4038958376050851,0.8110313717449251,0.4374000410088169,0.3361287676850523,/common/users/shared/pracsys/adaptive_roa_experiments/gaussian_torque/pen_high_clf_dir00,0.8375410902708766,0.70677286892511
clf,high,clf_dir00,19,2000,0.01097962832426569,1.0,0.07148386522326922,100.0,0.1316863685944468,0.026169930415807296,0.026169930415807296,0.095956927625941,0.1554407783353402,0.14897791115999032,0.1004666475383001,0.0989768684267002,0.09897686842670018,0.8286446586015993,0.7161984826737748,0.9273733852778347,0.124853539302441,0.029016792135945,0.00017374676309929386,0.030506571247544908,-0.00017307908062149172,0.9023954403709371,0.7550135405419757,0.9024296182028538,0.5100587607897746,0.6890511441668647,0.43875064471877484,0.0,20,48770,0.8386046410662731,0.6065121569742642,0.8227434828469536,0.9766900945542802,0.9998124882805175,0.9992069785884219,0.00018132838617522255,0.009127182263899629,0.0224482396604677,0.02901679213594482,0.9445765839655526,0.7210375230674595,0.4082222677875743,0.8110313717449251,0.4374000410088169,0.3361287676850523,/common/users/shared/pracsys/adaptive_roa_experiments/gaussian_torque/pen_high_clf_dir00,0.8383755174500009,0.70683259030938
clf,high,clf_yield,0,100,0.047208410622625825,1.0,0.2040318354587861,100.0,0.1708293812584918,0.02993292878269153,0.02993292878269153,0.06996551088531483,0.11840772367845771,0.14897791115999032,0.1004666475383001,0.0989768684267002,0.09897686842670018,0.8338937871642403,0.7577814230059463,0.8013122821406602,0.10462571406767295,0.058967753003903604,0.0004560344544261982,0.06045753211550352,2.346667982670858e-05,0.8964794581815859,0.7811718503973473,0.7694503925767309,0.6426067310254668,0.6890511441668647,0.43875064471877484,0.0,20,48770,0.9063590088111418,0.6457688891611283,0.6307290244568398,0.8868129645547859,0.9884211513219576,0.9863966327090832,0.02627991711286209,0.056360247645500634,0.061293076933131165,0.05896775300390362,0.7935411113389379,0.6694894402296494,0.525671519376666,0.8110313717449251,0.4374000410088169,0.3361287676850523,/common/users/shared/pracsys/adaptive_roa_experiments/gaussian_torque/pen_high_clf_yield,0.8009040760822248,0.40422692755152523
clf,high,clf_yield,1,200,0.02363471146638573,1.0,0.11507740538886256,100.0,0.1453687114896089,0.030052681618046848,0.030052681618046848,0.0884996670000237,0.13940749345075462,0.14897791115999032,0.1004666475383001,0.0989768684267002,0.09897686842670018,0.8404346934590937,0.7356571662907525,0.871314332581505,0.12176443493176807,0.040484620390466214,0.0003138134981062226,0.041974399502066106,-4.52626542571527e-05,0.9054664723032071,0.7670822041553749,0.8385221015797869,0.5536523009554183,0.6890511441668647,0.43875064471877484,0.0,20,48770,0.871463311976804,0.6240519724851549,0.7250923330218484,0.9422308742478637,0.9951715732233265,0.9940218385896419,0.009825223776639757,0.02450901028318151,0.03661354360965934,0.04048462039046591,0.876891531679311,0.6975189665778142,0.4607955710477753,0.8110313717449251,0.4374000410088169,0.3361287676850523,/common/users/shared/pracsys/adaptive_roa_experiments/gaussian_torque/pen_high_clf_yield,0.8305756681582572,0.5909688694540975
clf,high,clf_yield,2,300,0.01990620768022062,1.0,0.11825476963179976,100.0,0.1667650154352292,0.04004888191066859,0.04004888191066859,0.09154718372935274,0.14284229395492049,0.14897791115999032,0.1004666475383001,0.0989768684267002,0.09897686842670018,0.828460118925569,0.6538445765839656,0.9087143735903219,0.12869034787280736,0.04748132186602328,0.0002902901999451001,0.04897110097762317,2.755258007212935e-06,0.8983030244092192,0.7152159244264508,0.880032336297494,0.5568296651984002,0.6890511441668647,0.43875064471877484,0.0,20,48770,0.8651135565441349,0.5586328660271951,0.7881932712265289,0.9341406684532538,0.993765235327208,0.9960958945891539,0.001742937448289215,0.01524716431723479,0.03973175998940735,0.04748132186602325,0.8757432848062333,0.7781012917777322,0.4247898298134099,0.8110313717449251,0.4374000410088169,0.3361287676850523,/common/users/shared/pracsys/adaptive_roa_experiments/gaussian_torque/pen_high_clf_yield,0.8324059911535788,0.5202786002348946
clf,high,clf_yield,3,400,0.031420118074388666,1.0,0.15354292936131336,100.0,0.2020565006268887,0.0583781228659559,0.0583781228659559,0.09133587532993588,0.15663486952476574,0.14897791115999032,0.1004666475383001,0.0989768684267002,0.09897686842670018,0.8132253434488415,0.5559565306540907,0.8891121591142096,0.18892714723112985,0.06595242543737469,0.00034821799147330304,0.0674422045489746,-6.669052534552522e-05,0.8965885224499064,0.6629940865234982,0.8583032018026516,0.5921178249280022,0.6890511441668647,0.43875064471877484,0.0,20,48770,0.8136654921596506,0.49622623928438314,0.7522619758416387,0.9983313950548617,0.9985936621038815,0.9991459769413774,0.00165599073236448,0.02749157995712701,0.06288057772503748,0.0659524254373743,0.9950994463809719,0.8802132458478573,0.4464424851343039,0.8110313717449251,0.4374000410088169,0.3361287676850523,/common/users/shared/pracsys/adaptive_roa_experiments/gaussian_torque/pen_high_clf_yield,0.830349638480659,0.3336581922046017
clf,high,clf_yield,4,500,0.02619608573121081,1.0,0.12769640601307644,100.0,0.1816524989053146,0.04616559101674376,0.04616559101674376,0.09116975668590502,0.16044561416175226,0.14897791115999032,0.1004666475383001,0.0989768684267002,0.09897686842670018,0.8117080172237031,0.5849702686077507,0.9152962887020709,0.1699188114122727,0.053844422870256134,0.0003072293590186356,0.055334201981856034,-0.0001282798872828117,0.8959563113946136,0.678085786535617,0.8879971802727544,0.5662713015797659,0.6890511441668647,0.43875064471877484,0.0,20,48770,0.811772435173589,0.513130340594536,0.7992191312835529,0.9996207716033777,0.9993437089818114,0.998962972000244,0.002903936489602091,0.02493054048564821,0.0501987062740599,0.053844422870255836,0.9987082222677875,0.8518556489645274,0.42013532909575557,0.8110313717449251,0.4374000410088169,0.3361287676850523,/common/users/shared/pracsys/adaptive_roa_experiments/gaussian_torque/pen_high_clf_yield,0.8305808055671107,0.4559898315015697
clf,high,clf_yield,5,600,0.02208438683223246,1.0,0.11791536360869233,100.0,0.1770981030186009,0.04426321508866766,0.04426321508866766,0.0928438587302911,0.16130856462363183,0.14897791115999032,0.1004666475383001,0.0989768684267002,0.09897686842670018,0.8141275374205454,0.5806233340168137,0.9115234775476727,0.16379271235702123,0.05029263634459861,0.00026879615783925097,0.05178241545619851,-0.00010358844047814869,0.8969710746149914,0.6757455173835154,0.8829893971852374,0.5564902591754096,0.6890511441668647,0.43875064471877484,0.0,20,48770,0.8147674010447854,0.5105282069708947,0.7948154657293497,0.9976235020478333,0.9990624414025877,0.9931678155310193,0.0004576051070356458,0.021256728994879848,0.04329479436796839,0.05029263634459837,0.9930490055361902,0.8559565306540906,0.42001230264506867,0.8110313717449251,0.4374000410088169,0.3361287676850523,/common/users/shared/pracsys/adaptive_roa_experiments/gaussian_torque/pen_high_clf_yield,0.8343011114649284,0.4918748476888407
clf,high,clf_yield,6,700,0.023958856447626426,1.0,0.1238515648271616,100.0,0.18134128635802768,0.04641816090765239,0.04641816090765239,0.0928621714772312,0.15823127575021245,0.14897791115999032,0.1004666475383001,0.0989768684267002,0.09897686842670018,0.8131843346319458,0.5785933975804798,0.8976009842116055,0.1699440379125407,0.05241664650400043,0.00027855221144298286,0.05390642561560034,-0.00011621135312094716,0.8965705139120661,0.6748409961079643,0.8674346995115736,0.5624264603938619,0.6890511441668647,0.43875064471877484,0.0,20,48770,0.8136190378077676,0.5093136552514687,0.7678462333756285,0.9983566769479698,0.9997656103506469,0.9967059110595986,0.0003358706336853919,0.023830554610563808,0.04723938044705102,0.05241664650400001,0.9951814640147632,0.8586015993438589,0.43631330736108265,0.8110313717449251,0.4374000410088169,0.3361287676850523,/common/users/shared/pracsys/adaptive_roa_experiments/gaussian_torque/pen_high_clf_yield,0.8344595138362448,0.4704151855156046
clf,high,clf_yield,7,800,0.019276349502370848,1.0,0.1061438631150072,100.0,0.16447642433821777,0.037327640219470944,0.037327640219470944,0.09371562885913962,0.1571807602127425,0.14897791115999032,0.1004666475383001,0.0989768684267002,0.09897686842670018,0.819643223293008,0.6385482878818947,0.9001230264506869,0.15174440146863813,0.042426036023394655,0.0002248531496443646,0.043915815134994554,-0.00016284376363687875,0.8989871150003446,0.7074967643447383,0.8705726052876313,0.5447187586817185,0.6890511441668647,0.43875064471877484,0.0,20,48770,0.8236049154111607,0.5475676786356398,0.7712079841822804,0.9895585781463316,0.999390586911682,0.9993289818825108,0.0010508875037250473,0.019347519338165843,0.036457149132066144,0.04242603602339438,0.974451507074021,0.798318638507279,0.4355546442485134,0.8110313717449251,0.4374000410088169,0.3361287676850523,/common/users/shared/pracsys/adaptive_roa_experiments/gaussian_torque/pen_high_clf_yield,0.8344634498254211,0.5713540274835597
clf,high,clf_yield,8,900,0.016352304964434138,1.0,0.09485980016719785,100.0,0.15474160613544607,0.033904879527179244,0.033904879527179244,0.09487753623416009,0.15682799611613948,0.14897791115999032,0.1004666475383001,0.0989768684267002,0.09897686842670018,0.8227188845601804,0.6637482058642609,0.8980930900143531,0.14087169696392765,0.0378403683307665,0.00020473760493863334,0.039330147442366396,-0.00016384338895285983,0.899854055181041,0.7222720883364101,0.8683094859565449,0.5334346957339009,0.6890511441668647,0.43875064471877484,0.0,20,48770,0.8303548525010689,0.5653983826063901,0.7675551599756406,0.9820498558932093,0.9996249765610351,0.9995119868236443,0.0007731902828603335,0.015649115361579983,0.031335332319589994,0.03784036833076649,0.9591962271888456,0.773323764609391,0.43770760713553414,0.8110313717449251,0.4374000410088169,0.3361287676850523,/common/users/shared/pracsys/adaptive_roa_experiments/gaussian_torque/pen_high_clf_yield,0.8358656252515471,0.6176847284394522
clf,high,clf_yield,9,1000,0.0173555916065438,1.0,0.09950036817040583,100.0,0.15911724433499036,0.03559563691647632,0.03559563691647632,0.09497162366197807,0.15423393637053404,0.14897791115999032,0.1004666475383001,0.0989768684267002,0.09897686842670018,0.8233750256305106,0.6457248308386303,0.8903219192126307,0.14600662425392005,0.03944929328794148,0.00020362683648908855,0.04093907239954138,-0.00015158839325696977,0.8998069183706701,0.7116777358742449,0.8597057203556535,0.5380752637370833,0.6890511441668647,0.43875064471877484,0.0,20,48770,0.8332615252046531,0.5525211172721148,0.754071960982792,0.9779036254234718,0.9996249765610351,0.9997559934118221,0.0007152760353459478,0.017005649940943966,0.03318016374310227,0.0394492932879408,0.9518146401476317,0.7913471396350216,0.44564281320483906,0.8110313717449251,0.4374000410088169,0.3361287676850523,/common/users/shared/pracsys/adaptive_roa_experiments/gaussian_torque/pen_high_clf_yield,0.8375408255853425,0.6014291630457409
clf,high,clf_yield,10,1100,0.017676633715465344,1.0,0.10087647853053454,100.0,0.15939192154888054,0.037532254895421543,0.037532254895421543,0.09563560369532496,0.15239674428773578,0.14897791115999032,0.1004666475383001,0.0989768684267002,0.09897686842670018,0.8253639532499487,0.6521427106827968,0.8868566741849497,0.14756761068581115,0.04073883377137964,0.00021836752456459837,0.04222861288297954,-0.00013468585541714234,0.9007469904790761,0.715433517285338,0.8559419381787803,0.5394513740971945,0.6890511441668647,0.43875064471877484,0.0,20,48770,0.8354843591240245,0.5570327804623221,0.7481630231390626,0.9770693229509025,0.9997187324207762,1.0,0.0004440030549107801,0.01678514764666793,0.035239158930108115,0.04073883377137958,0.9484724215706377,0.7850112774246463,0.4492720935001025,0.8110313717449251,0.4374000410088169,0.3361287676850523,/common/users/shared/pracsys/adaptive_roa_experiments/gaussian_torque/pen_high_clf_yield,0.8378968165972274,0.5884004574104118
clf,high,clf_yield,11,1200,0.01825018381934139,1.0,0.10461509806689727,100.0,0.16240233407246424,0.037999735240347145,0.037999735240347145,0.09528221718409989,0.152427220681334,0.14897791115999032,0.1004666475383001,0.0989768684267002,0.09897686842670018,0.8255074841090835,0.6482263686692639,0.8842936231289728,0.14985884370243105,0.041574291307277925,0.00021523910230342234,0.043064070418877824,-0.00012009517566953509,0.9009728169800781,0.7131583347266344,0.8531501288156764,0.5431899936335857,0.6890511441668647,0.43875064471877484,0.0,20,48770,0.8346556853951964,0.5542647746764385,0.7439411818099301,0.9787379278960409,0.9997656103506469,0.9999389983529555,0.0006980829037793015,0.0174525883193117,0.03560970802619895,0.04157429130727744,0.9510354726266147,0.7889686282550749,0.4517941357391839,0.8110313717449251,0.4374000410088169,0.3361287676850523,/common/users/shared/pracsys/adaptive_roa_experiments/gaussian_torque/pen_high_clf_yield,0.8376949992703818,0.5799595201573102
clf,high,clf_yield,12,1300,0.01733200846596464,1.0,0.10045300215698023,100.0,0.1591877966651497,0.03697407841821335,0.03697407841821335,0.09530388566403682,0.1540515032719195,0.14897791115999032,0.1004666475383001,0.0989768684267002,0.09897686842670018,0.8236415829403322,0.6571867951609596,0.89173672339553,0.14605417194875114,0.04051141716935305,0.000218698709458741,0.04200119628095296,-0.00013564401152368205,0.9001312076913253,0.7183883845104347,0.8612862547288778,0.5390278977236859,0.6890511441668647,0.43875064471877484,0.0,20,48770,0.8323348150056905,0.5606383258406289,0.7564025656407181,0.9799514587652324,0.9996718544909057,0.9999389983529555,0.0005007235419228171,0.016001692279299474,0.03412530398458842,0.04051141716935275,0.9548697970063563,0.7799261841295878,0.4443510354726266,0.8110313717449251,0.4374000410088169,0.3361287676850523,/common/users/shared/pracsys/adaptive_roa_experiments/gaussian_torque/pen_high_clf_yield,0.8374691603664483,0.5906981316613911
clf,high,clf_yield,13,1400,0.01854327238454926,1.0,0.10317832692905034,100.0,0.16132824630607268,0.0377785076034928,0.0377785076034928,0.09554387443176872,0.15299613767518452,0.14897791115999032,0.1004666475383001,0.0989768684267002,0.09897686842670018,0.8230264506868977,0.6539470986262046,0.8788804592987493,0.14989011862069238,0.041079312019173836,0.00021753083295405115,0.04256909113077374,-0.00013218957925044406,0.900250788771135,0.7165292171254849,0.8473367275734629,0.5417532224957476,0.6890511441668647,0.43875064471877484,0.0,20,48770,0.8291571753986332,0.558303886925795,0.7351121076233184,0.9846791727764576,0.9999062441402587,1.0,0.0005840538967670358,0.01963853331787838,0.03519402449741194,0.041079312019173427,0.9631535780192741,0.783370924748821,0.45724830838630304,0.8110313717449251,0.4374000410088169,0.3361287676850523,/common/users/shared/pracsys/adaptive_roa_experiments/gaussian_torque/pen_high_clf_yield,0.8383970753490659,0.5849604794316547
clf,high,clf_yield,14,1500,0.01694292227163158,1.0,0.09594518271786671,100.0,0.15512034975013358,0.03542642793130291,0.03542642793130291,0.0956922719005234,0.15446607788989034,0.14897791115999032,0.1004666475383001,0.0989768684267002,0.09897686842670018,0.820524912856264,0.6664342833709247,0.8901988927619439,0.14365661446034284,0.03857108479052776,0.00021554898013851565,0.040060863902127666,-0.00013993966695195065,0.8989995730588601,0.7239249227845094,0.8595925430661527,0.5345200782845619,0.6890511441668647,0.43875064471877484,0.0,20,48770,0.8269120550213335,0.5673511730595308,0.7537938011588338,0.9848561460282146,0.9998593662103882,0.9999389983529555,0.0004965774079350972,0.017128844467062542,0.033035306816960375,0.0385710847905275,0.9659421775681771,0.7708427311872053,0.4458888661062128,0.8110313717449251,0.4374000410088169,0.3361287676850523,/common/users/shared/pracsys/adaptive_roa_experiments/gaussian_torque/pen_high_clf_yield,0.8379073418233823,0.6103020291140798
clf,high,clf_yield,15,1600,0.017607796288633414,1.0,0.09931523627000291,100.0,0.15746085611634109,0.03670925999071823,0.03670925999071823,0.09558157816287792,0.15357543412202396,0.14897791115999032,0.1004666475383001,0.0989768684267002,0.09897686842670018,0.8214681156448637,0.6570227598933771,0.885052286241542,0.1458918304405839,0.03997135598704926,0.0002214957860725065,0.041461135098649175,-0.00013319426749124064,0.8993910541580485,0.7183390304275346,0.8539723886428757,0.5378901318366954,0.6890511441668647,0.43875064471877484,0.0,20,48770,0.8282363957521973,0.5605045329128893,0.74519252625358,0.9839207159832128,0.9999062441402587,0.9999389983529555,0.0005257448715841891,0.01825388664522467,0.03383503665559841,0.039971355987049074,0.9634816485544392,0.7802952634816486,0.4510354726266147,0.8110313717449251,0.4374000410088169,0.3361287676850523,/common/users/shared/pracsys/adaptive_roa_experiments/gaussian_torque/pen_high_clf_yield,0.8378659415554456,0.5961545700281369
clf,high,clf_yield,16,1700,0.017975636546993422,1.0,0.09980642560264073,100.0,0.1588809162374767,0.03638613415262981,0.03638613415262981,0.09545533326949121,0.15444761190605255,0.14897791115999032,0.1004666475383001,0.0989768684267002,0.09897686842670018,0.8196227188845602,0.6910805823251999,0.8843346319458684,0.1462128238713543,0.03978891453877535,0.00021657173778549268,0.04127869365037525,-0.00011875477106345483,0.8987488921883453,0.7390084190832553,0.8531945348080677,0.5383813211693567,0.6890511441668647,0.43875064471877484,0.0,20,48770,0.8249276342200342,0.5860856185085453,0.7440087145969498,0.9870809526217323,0.9999062441402587,0.9999389983529555,0.0006444659207612477,0.018461710159481465,0.03513187887724439,0.03978891453877507,0.9704531474266967,0.7462374410498257,0.4517531269222883,0.8110313717449251,0.4374000410088169,0.3361287676850523,/common/users/shared/pracsys/adaptive_roa_experiments/gaussian_torque/pen_high_clf_yield,0.8379240794869034,0.5979978436250281
clf,high,clf_yield,17,1800,0.019493680593413627,1.0,0.10498285184614198,100.0,0.16312831843740166,0.03810092680738747,0.03810092680738747,0.09522889257172658,0.15435451386637805,0.14897791115999032,0.1004666475383001,0.0989768684267002,0.09897686842670018,0.8180848882509739,0.6750666393274554,0.8784703711297929,0.14979760591544306,0.04173009768144915,0.0002299398126367236,0.04321987679304905,-0.00011880498091194902,0.8981073134876884,0.729162037907402,0.8468989745046883,0.5435577474128734,0.6890511441668647,0.43875064471877484,0.0,20,48770,0.8228460793804453,0.5737647596761613,0.7344534050179211,0.9885220205288971,1.0,1.0,0.0008910242305097079,0.020899846585405557,0.03732295814314349,0.041730097681449044,0.974328480623334,0.7623334016813615,0.45765839655525936,0.8110313717449251,0.4374000410088169,0.3361287676850523,/common/users/shared/pracsys/adaptive_roa_experiments/gaussian_torque/pen_high_clf_yield,0.8374401293231587,0.5783853505897347
clf,high,clf_yield,18,1900,0.01914321334518776,1.0,0.10444741110192526,100.0,0.16301679662227483,0.038847292823979,0.038847292823979,0.09554771604001064,0.15383873170684237,0.14897791115999032,0.1004666475383001,0.0989768684267002,0.09897686842670018,0.8186180028706171,0.6716013942997745,0.8826327660446996,0.1519766214497514,0.04215766296468197,0.0002305181503325265,0.04364744207628187,-0.00011878224598659698,0.8983592241934002,0.7270620313565099,0.8513555624805235,0.543022306668623,0.6890511441668647,0.43875064471877484,0.0,20,48770,0.8233918867686086,0.5711684695298276,0.74121636898033,0.9883450472771401,1.0,0.9999389983529555,0.0005883997869852355,0.01963419256695379,0.03748918447843416,0.042157662964681805,0.9735083042854213,0.7657986467090424,0.453454992823457,0.8110313717449251,0.4374000410088169,0.3361287676850523,/common/users/shared/pracsys/adaptive_roa_experiments/gaussian_torque/pen_high_clf_yield,0.8377930605804592,0.5740655000021253
clf,high,clf_yield,19,2000,0.01788156768078401,1.0,0.09922642525137876,100.0,0.15828611358989816,0.03641344843572723,0.03641344843572723,0.09546239070054978,0.1550320042237855,0.14897791115999032,0.1004666475383001,0.0989768684267002,0.09897686842670018,0.8193356571662908,0.6742054541726471,0.8878818946073406,0.14630614183449905,0.03978335506330386,0.0002208216141307736,0.04127313417490376,-0.00014457109857379802,0.8987555586197387,0.728620471741618,0.8570457516339869,0.5378013208180937,0.6890511441668647,0.43875064471877484,0.0,20,48770,0.8237945779706359,0.5731251847274095,0.7499199341172165,0.9887242756737624,0.9999062441402587,0.999877996705911,0.0007224119300664801,0.018156170309202715,0.034759468971718555,0.03978335506330374,0.9734057822431823,0.7631125692023785,0.44816485544392043,0.8110313717449251,0.4374000410088169,0.3361287676850523,/common/users/shared/pracsys/adaptive_roa_experiments/gaussian_torque/pen_high_clf_yield,0.8378442398258199,0.5980540130670386
