predictor,level,arm,epoch,train_trajectories,AURC,K,KL,M,MAE,REL,REL_debiased,RES,SHARP,SHARP_star,UNC,UNC_debiased,VAR_debiased,acc@0.25,acc@0.5,acc@0.75,bias,brier_debiased,brier_debiased_se,brier_raw,decomp_gap,f1@0.25,f1@0.5,f1@0.75,log_score,log_score_climatology,log_score_oracle,mean_p_invalid,n_bins_used,n_points,prec@0.25,prec@0.5,prec@0.75,rec@0.25,rec@0.5,rec@0.75,risk@0.2,risk@0.5,risk@0.8,risk@1,roa_frac_pred@0.25,roa_frac_pred@0.5,roa_frac_pred@0.75,roa_frac_true@0.25,roa_frac_true@0.5,roa_frac_true@0.75,run_dir,sAUROC,skill_score
fm,low,dir00_s42,0,300,0.03909908081993045,100.0,0.4115517222233463,100.0,0.10774703036463922,0.04689111279069195,0.04673425208636132,0.09228670404085167,0.015686070433063148,0.012905599166682356,0.1273770882099309,0.12724803221826408,0.12724803221826408,0.8927542779691647,0.8844713013685737,0.8834829916605486,-0.10648425293198545,0.08169558026377363,0.0006995264738473191,0.08198149695977108,-1.1102230246251565e-16,0.594548430716675,0.5097459658092347,0.4240450379193225,0.45319496005880183,0.45361024271903827,0.04251246262163163,0.0,101,106242,0.9936957297490187,0.9942349641632907,0.992161985630307,0.42416857070322417,0.3427328391878827,0.26964497041420116,0.036049278135964515,0.03473211054845454,0.034258677320775734,0.08169558026377753,0.07913066395587433,0.06040925434385648,0.0432314903710397,0.18537866380527476,0.1752414299429604,0.15907080062498824,/common/users/shared/pracsys/adaptive_roa_experiments/gaussian_torque/cp_low_v2_dir00_s42,0.8851880560596861,0.3579815825863297
fm,low,dir00_s42,1,450,0.03606684594157875,100.0,0.36685035810182093,100.0,0.1000516744790196,0.038413431622931565,0.03824060581396751,0.09255178844602857,0.01728258089640594,0.012905599166682356,0.1273770882099309,0.12724803221826408,0.12724803221826408,0.9037574593851773,0.8915683063195347,0.8895540370098455,-0.098434235048286,0.07293684958620295,0.0006484827570069024,0.07323873138683383,-6.938893903907228e-17,0.6517963562063681,0.5531073007991311,0.468665096902735,0.40849359593724716,0.45361024271903827,0.04251246262163163,0.0,101,106242,0.9896587383660806,0.9956703910614525,0.9982638888888888,0.4859101294744859,0.38290901278332795,0.3062130177514793,0.032644283676332216,0.03243864255780464,0.03196461402028852,0.07293684958620758,0.0910186178724045,0.06739330961390035,0.04879426215620941,0.18537866380527476,0.1752414299429604,0.15907080062498824,/common/users/shared/pracsys/adaptive_roa_experiments/gaussian_torque/cp_low_v2_dir00_s42,0.8924293555861281,0.4268135364081943
fm,low,dir00_s42,2,600,0.01184673327415471,100.0,0.1916904496224843,100.0,0.07556954876602473,0.029130642987272404,0.028922271295733038,0.10924929479728628,0.020837169153936536,0.012905599166682356,0.1273770882099309,0.12724803221826408,0.12724803221826408,0.9321078292953823,0.9188550667344365,0.9118333615707536,-0.07161367444136969,0.04692100871671098,0.0004715761585617654,0.04725843639991718,1.457167719820518e-16,0.779223164274127,0.7008778321362895,0.6177202791494919,0.23333368745781638,0.45361024271903827,0.04251246262163163,0.0,101,106242,0.9809648581997534,0.9899049299225718,0.9953965539918453,0.6463061690784463,0.5424857664625631,0.447810650887574,0.008043130728433552,0.008067813162973265,0.008022634039764593,0.04692100871670916,0.12213625496507972,0.09603546619980799,0.07156303533442518,0.18537866380527476,0.1752414299429604,0.15907080062498824,/common/users/shared/pracsys/adaptive_roa_experiments/gaussian_torque/cp_low_v2_dir00_s42,0.9622172165450178,0.6312633845981286
fm,low,dir00_s42,3,750,0.006111121033075661,100.0,0.12314359165509371,100.0,0.0606304474689859,0.02147447064595212,0.02125039377665867,0.11638821479233012,0.02240768692934503,0.012905599166682356,0.1273770882099309,0.12724803221826408,0.12724803221826408,0.9514786995726737,0.9372470397771127,0.9245778505675721,-0.05765591762203271,0.03211021120259275,0.0003529921759375333,0.03246334406355302,1.1796119636642288e-16,0.851007254544929,0.7828550955932645,0.6897432919038216,0.16478682949038434,0.45361024271903827,0.04251246262163163,0.0,101,106242,0.9877885131508319,0.9944559371121224,0.9977596056906015,0.7474993653211475,0.6455043506284242,0.5270414201183432,0.003498108764238933,0.0035461217852362495,0.0036291640788428756,0.03211021120259208,0.14028350369910206,0.11374974115698124,0.08402515012895088,0.18537866380527476,0.1752414299429604,0.15907080062498824,/common/users/shared/pracsys/adaptive_roa_experiments/gaussian_torque/cp_low_v2_dir00_s42,0.9789188858146076,0.7476565205541628
fm,low,dir00_s42,4,900,0.0034413244009531777,100.0,0.07560265814528254,100.0,0.04172257675872065,0.009001721213861938,0.008802363848107102,0.1173048716214169,0.019935736575483573,0.012905599166682356,0.1273770882099309,0.12724803221826408,0.12724803221826408,0.9657668342086934,0.9590557406675326,0.9513751623651663,-0.03555382993543044,0.01874552444495405,0.0002529718196976633,0.019073937802375707,-2.3592239273284576e-16,0.9004461719541237,0.8689443239334779,0.8206997084548104,0.1172458959805082,0.45361024271903827,0.04251246262163163,0.0,101,106242,0.9768381042879202,0.9895018526142445,0.9925285426460712,0.8351358212744351,0.7745729938768934,0.699585798816568,0.0022366637812070538,0.002244865400679494,0.002249356639078257,0.01874552444495358,0.15848722727358294,0.1371773874738804,0.1121213832570923,0.18537866380527476,0.1752414299429604,0.15907080062498824,/common/users/shared/pracsys/adaptive_roa_experiments/gaussian_torque/cp_low_v2_dir00_s42,0.98411613400811,0.852685152625382
fm,low,dir00_s42,5,1050,0.0021253241230799217,100.0,0.05868494800718762,100.0,0.032842472845014216,0.006162468101082083,0.0060010451899048375,0.11933666950541692,0.016142291117724566,0.012905599166682356,0.1273770882099309,0.12724803221826408,0.12724803221826408,0.9705577831742626,0.9675081417894994,0.964627924926112,-0.02588703149413603,0.013912407902750706,0.00021306403314156963,0.014202886805594775,-1.285430095698814e-15,0.9155370740400712,0.8988810123615912,0.8761126129096064,0.10032818584233745,0.45361024271903827,0.04251246262163163,0.0,101,106242,0.9777380471768845,0.9885953608247423,0.9891320529998511,0.8607768469154607,0.824094961864862,0.7862721893491125,0.001285279735089136,0.0014007395732137343,0.0014759354373915456,0.013912407902750504,0.16320287645187403,0.14608158731951582,0.126447167786751,0.18537866380527476,0.1752414299429604,0.15907080062498824,/common/users/shared/pracsys/adaptive_roa_experiments/gaussian_torque/cp_low_v2_dir00_s42,0.9870223000292669,0.8906670094600186
fm,low,dir00_s42,6,1200,0.001956609898796187,100.0,0.055098852276587285,100.0,0.034151089023173514,0.005572604815554463,0.005388599412604575,0.11895891724942642,0.018400540294988818,0.012905599166682356,0.1273770882099309,0.12724803221826408,0.12724803221826408,0.9710189943713409,0.9673104798478944,0.9627454302441596,-0.02623350464034939,0.013677714381441722,0.00020219963722823924,0.013990775776058431,-5.186823193170653e-16,0.9173888546054573,0.8984532616005381,0.8685748439367778,0.09674209011179462,0.45361024271903827,0.04251246262163163,0.0,101,106242,0.9726900318616295,0.9859462234486299,0.9896337772397095,0.868037572988068,0.8252229025674079,0.773905325443787,0.001230004406624482,0.001088949014628121,0.0011237941216527957,0.013677714381441476,0.16543363264998776,0.14667457314433086,0.12439524858342275,0.18537866380527476,0.1752414299429604,0.15907080062498824,/common/users/shared/pracsys/adaptive_roa_experiments/gaussian_torque/cp_low_v2_dir00_s42,0.9884913569751388,0.8925113878540706
fm,low,dir00_s42,7,1350,0.0017954251604758958,100.0,0.05114666277200182,100.0,0.030353909000207065,0.004706461029942685,0.004547546523914044,0.11964658645679198,0.01589145060286417,0.012905599166682356,0.1273770882099309,0.12724803221826408,0.12724803221826408,0.9720167165527758,0.9700589220835452,0.9683646768697879,-0.022375331789687692,0.012148992285384673,0.00019241666057290442,0.012436962783080138,-1.4710455076283324e-15,0.9203866855903383,0.9077783898182241,0.8905675121284146,0.09278990060714017,0.45361024271903827,0.04251246262163163,0.0,101,106242,0.9737647325475974,0.9862047244094488,0.990081806993412,0.8725564864178725,0.8409066494789988,0.8092307692307692,0.0010348959974824702,0.001136901288253858,0.001183311097657997,0.012148992285384576,0.16611133073549067,0.14942301537998154,0.13001449520905103,0.18537866380527476,0.1752414299429604,0.15907080062498824,/common/users/shared/pracsys/adaptive_roa_experiments/gaussian_torque/cp_low_v2_dir00_s42,0.9886423602826109,0.9045251068044342
fm,low,dir00_s42,8,1500,0.0015527674853368393,100.0,0.04767499151053897,100.0,0.02889525799589616,0.004091940082150124,0.003935549193348324,0.11971891722489282,0.015639088880179976,0.012905599166682356,0.1273770882099309,0.12724803221826408,0.12724803221826408,0.9739745110220064,0.9709719320042921,0.9690235500084712,-0.02007200542158468,0.011464664186717611,0.00018530858570179972,0.011750111067186235,-1.9723805921856297e-15,0.9264529857693842,0.9111699982717898,0.8935054849043783,0.0893182293456528,0.45361024271903827,0.04251246262163163,0.0,101,106242,0.9729050279329609,0.9824223602484472,0.9859315860886952,0.8842345773038842,0.8495541948651842,0.816923076923077,0.0009680503087251628,0.0009506027690926289,0.0009934652547072247,0.011464664186717493,0.16848327403475086,0.15154082189717813,0.13180286515690592,0.18537866380527476,0.1752414299429604,0.15907080062498824,/common/users/shared/pracsys/adaptive_roa_experiments/gaussian_torque/cp_low_v2_dir00_s42,0.9892473024688315,0.9099030139259625
fm,low,dir00_s42,9,1650,0.0015802257975646276,100.0,0.048673916252422116,100.0,0.03030552888688089,0.005158114900011358,0.004996684164121369,0.12010743066589775,0.016143073588998934,0.012905599166682356,0.1273770882099309,0.12724803221826408,0.12724803221826408,0.9733721127237815,0.9692965117373543,0.966576306921933,-0.02238587375990663,0.012137285716486031,0.00018786507747982456,0.012427772444042846,-1.6670692604137116e-15,0.924319841630775,0.9053340298334205,0.8840414067857493,0.09031715408754622,0.45361024271903827,0.04251246262163163,0.0,101,106242,0.9768178220061066,0.9847222222222223,0.9863732420024776,0.8771769484640771,0.8377913846814911,0.8009467455621302,0.0010076576390285255,0.0009478874131271447,0.000916292843487703,0.012137285716485991,0.16646900472506165,0.14909357881063987,0.1291673726021724,0.18537866380527476,0.1752414299429604,0.15907080062498824,/common/users/shared/pracsys/adaptive_roa_experiments/gaussian_torque/cp_low_v2_dir00_s42,0.9895906390387456,0.9046171048392531
fm,low,dir00_s42,10,1800,0.000976431178819485,100.0,0.03818407995809276,100.0,0.027260405489354496,0.003151440504419385,0.002985362231431415,0.12038459693595578,0.016607827298796972,0.012905599166682356,0.1273770882099309,0.12724803221826408,0.12724803221826408,0.9764123416351349,0.9730897385214887,0.9702659964985599,-0.01723028557444325,0.009848797513737934,0.00015920218421475442,0.010143931778392725,-1.7850304567801345e-15,0.9341219768664564,0.9183166195251563,0.8984995019760307,0.07982731779323027,0.45361024271903827,0.04251246262163163,0.0,101,106242,0.9684927773235213,0.980955868888482,0.9830556141461014,0.9021071337903022,0.8631969062197873,0.8273372781065089,0.00043504364554766857,0.0004770735916610415,0.0004674388186165456,0.009848797513737986,0.17267182470209522,0.15420455187214097,0.13387360930705372,0.18537866380527476,0.1752414299429604,0.15907080062498824,/common/users/shared/pracsys/adaptive_roa_experiments/gaussian_torque/cp_low_v2_dir00_s42,0.9921466086035003,0.922601573147751
fm,low,dir00_s42,11,1950,0.0006540116220046514,100.0,0.030466030754021992,100.0,0.024313924813162403,0.001750522388132001,0.001579076057960308,0.12084216792943651,0.017144633017169304,0.012905599166682356,0.1273770882099309,0.12724803221826408,0.12724803221826408,0.9793113834453417,0.9771559270345062,0.9736921368197134,-0.012298902505600423,0.007984940346785945,0.00014031202460533363,0.008285442668624462,-1.932481952238163e-15,0.9430982706844775,0.9318660340810196,0.9115310353559333,0.07210926858916324,0.45361024271903827,0.04251246262163163,0.0,101,106242,0.96207679712671,0.9761218608480856,0.9799904716531682,0.9248540238639249,0.8914491352454614,0.8520118343195267,0.00023579956941526892,0.0003244812348556621,0.00028479015631049866,0.00798494034678596,0.17820635906703564,0.16004028538619378,0.13829747180964214,0.18537866380527476,0.1752414299429604,0.15907080062498824,/common/users/shared/pracsys/adaptive_roa_experiments/gaussian_torque/cp_low_v2_dir00_s42,0.9935024220923633,0.9372490072530972
fm,low,dir00_s43,0,300,0.040008586677861877,100.0,0.41560306849646206,100.0,0.10808757365260442,0.04657925996599791,0.04642239874825964,0.09170061692086955,0.0156861217738272,0.012905599166682356,0.1273770882099309,0.12724803221826408,0.12724803221826408,0.8928107528096233,0.8838406656501195,0.882993543043241,-0.10693134541894919,0.08196981404565411,0.0007004072048061136,0.08225573125505921,-6.938893903907228e-17,0.5948484417247758,0.5055887184007052,0.41989826870129265,0.4572463063319177,0.45361024271903827,0.04251246262163163,0.0,101,106242,0.9937002258409604,0.994797414472647,0.9933760211967322,0.4244732165524245,0.33891932538403696,0.26621301775147926,0.03626889631407487,0.035653494718271554,0.035418400300627206,0.0819698140456588,0.0791871387963329,0.059703318838124284,0.04262909207281489,0.18537866380527476,0.1752414299429604,0.15907080062498824,/common/users/shared/pracsys/adaptive_roa_experiments/gaussian_torque/cp_low_v2_dir00_s43,0.8818677787918451,0.35582647042388704
fm,low,dir00_s43,1,450,0.03576100776384784,100.0,0.3698505103778247,100.0,0.10169462171269368,0.0400629510139951,0.039888259339052115,0.0928102506280787,0.017469167494298797,0.012905599166682356,0.1273770882099309,0.12724803221826408,0.12724803221826408,0.9021102765384688,0.8902505600421678,0.8876433049076636,-0.10011746766815384,0.07432604092923739,0.0006542374268661861,0.07462978859584722,-9.71445146547012e-17,0.6433959676313263,0.5451708534872836,0.45445820574928025,0.4114937482132613,0.45361024271903827,0.04251246262163163,0.0,101,106242,0.9908121237723096,0.9957252778569393,0.9981931339088537,0.4763645595328764,0.3753356966376625,0.2942011834319527,0.03194643027764582,0.031773874738804046,0.031327330770585596,0.07432604092924212,0.08912671071704223,0.06605673838971404,0.046883530054027595,0.18537866380527476,0.1752414299429604,0.15907080062498824,/common/users/shared/pracsys/adaptive_roa_experiments/gaussian_torque/cp_low_v2_dir00_s43,0.8940117453083904,0.4158963432790179
fm,low,dir00_s43,2,600,0.00990683842631565,100.0,0.17472278256908422,100.0,0.07288991171099943,0.02764448042773221,0.027429994631154586,0.11071236041492648,0.021448579657762465,0.012905599166682356,0.1273770882099309,0.12724803221826408,0.12724803221826408,0.9356657442442725,0.9219800079064777,0.9136029065717889,-0.06868423034204928,0.04396566643449233,0.0004472284821579187,0.04430920822273677,1.3183898417423734e-16,0.7934109112891039,0.7157894736842105,0.6285159253713222,0.21636602040441405,0.45361024271903827,0.04251246262163163,0.0,101,106242,0.9802091112770724,0.9896653076704276,0.9943654757331284,0.6664127951256664,0.5606402406273499,0.45946745562130176,0.0063259637649020675,0.006414940999003786,0.006377234471452873,0.043965666434491055,0.12603301895672145,0.09927335705276633,0.07350200485683628,0.18537866380527476,0.1752414299429604,0.15907080062498824,/common/users/shared/pracsys/adaptive_roa_experiments/gaussian_torque/cp_low_v2_dir00_s43,0.9675684535700009,0.6544884375179998
fm,low,dir00_s43,3,750,0.006466151068613978,100.0,0.13095811448032005,100.0,0.06444522881722858,0.024136318534816563,0.023905559408377762,0.11641251538351567,0.023075912643880116,0.012905599166682356,0.1273770882099309,0.12724803221826408,0.12724803221826408,0.949050281432955,0.9322678413433482,0.9188268293142072,-0.06178865232205719,0.03474107624312628,0.00036669795630995487,0.03510089136123191,1.1796119636642288e-16,0.8421543755285337,0.7611999734519148,0.6578320901444215,0.17260135231562412,0.45361024271903827,0.04251246262163163,0.0,101,106242,0.9891765995341828,0.9959187217783952,0.9983140655105973,0.7331810104087332,0.6160167579761521,0.4905325443786982,0.003807732366252768,0.003626076468455181,0.003670286411185767,0.034741076243125224,0.13740328683571468,0.10839404378682631,0.07816117919466878,0.18537866380527476,0.1752414299429604,0.15907080062498824,/common/users/shared/pracsys/adaptive_roa_experiments/gaussian_torque/cp_low_v2_dir00_s43,0.9785228466189483,0.726981426451168
fm,low,dir00_s43,4,900,0.00354672302519524,100.0,0.07749168199001889,100.0,0.042991566423824845,0.009565300151354829,0.009361612477378567,0.11721939086500342,0.020368767397626043,0.012905599166682356,0.1273770882099309,0.12724803221826408,0.12724803221826408,0.9652867980647954,0.9576909320231171,0.9495397300502626,-0.03699186762297396,0.019390253830638988,0.0002573991448712143,0.019722997496282074,-2.393918396847994e-16,0.89885360100927,0.8639569020308102,0.8125852123754588,0.11913491982525885,0.45361024271903827,0.04251246262163163,0.0,101,106242,0.9773364346633268,0.9895999445330375,0.9929090132422042,0.8320385884742321,0.7666236974970458,0.6876923076923077,0.002297776579860442,0.002176479502960564,0.002261761555123431,0.019390253830638467,0.1578189416614898,0.13575610398900623,0.11017300126127144,0.18537866380527476,0.1752414299429604,0.15907080062498824,/common/users/shared/pracsys/adaptive_roa_experiments/gaussian_torque/cp_low_v2_dir00_s43,0.9840882350805121,0.8476184386303156
fm,low,dir00_s43,5,1050,0.002408638016958987,100.0,0.06148177298101641,100.0,0.03316249694094615,0.006348820917299993,0.006189035015892134,0.11921057714929234,0.015978590140785887,0.012905599166682356,0.1273770882099309,0.12724803221826408,0.12724803221826408,0.9703601212326575,0.9675928540501874,0.9643455507238192,-0.026395305058263215,0.014226490084862478,0.0002182498123895007,0.014515331977937165,-1.3912482277333993e-15,0.9148297406215348,0.8991476024488122,0.8750659630606861,0.10312501081616346,0.45361024271903827,0.04251246262163163,0.0,101,106242,0.9788169927074893,0.9888538109657883,0.9885245901639345,0.8586951002792587,0.824363519174992,0.7849704142011834,0.001655179495077842,0.0016727733653243365,0.001739478698793471,0.014226490084862294,0.1626287155738785,0.14609099979292559,0.12631539315901433,0.18537866380527476,0.1752414299429604,0.15907080062498824,/common/users/shared/pracsys/adaptive_roa_experiments/gaussian_torque/cp_low_v2_dir00_s43,0.985862826614648,0.8881987419619953
fm,low,dir00_s43,6,1200,0.0020646408530171877,100.0,0.05577306970346371,100.0,0.03471932004292088,0.005679763851163871,0.005492712258069471,0.11878253211229821,0.0187051593094401,0.012905599166682356,0.1273770882099309,0.12724803221826408,0.12724803221826408,0.9706801453285895,0.9665480695017037,0.9617853579563638,-0.026691609721202537,0.01395821236403492,0.0002045919926294919,0.014274319948796145,-4.180683577104105e-16,0.9163870621393101,0.8957832385197348,0.864756828780813,0.09741630753867947,0.45361024271903827,0.04251246262163163,0.0,101,106242,0.9720956719817767,0.9864376130198915,0.989329268292683,0.8667174409748667,0.8203888709850682,0.7680473372781065,0.0012198316165561677,0.001153596544120063,0.0011529916669102982,0.013958212364034637,0.16528303307543157,0.14574273827676437,0.12349165113608554,0.18537866380527476,0.1752414299429604,0.15907080062498824,/common/users/shared/pracsys/adaptive_roa_experiments/gaussian_torque/cp_low_v2_dir00_s43,0.9884679877443561,0.8903070474198541
fm,low,dir00_s43,7,1350,0.0019185552993878372,100.0,0.05107005140871741,100.0,0.030266749496432675,0.004639378907832855,0.004481473095697078,0.11962011727495064,0.01579058121357777,0.012905599166682356,0.1273770882099309,0.12724803221826408,0.12724803221826408,0.972082603866644,0.9702377590783307,0.9687035259125393,-0.022119877261346736,0.012109388039009095,0.0001923497454343206,0.012396349842811693,-1.4190038033490282e-15,0.9206145281301857,0.9083903117394831,0.8919647788933294,0.09271328924385587,0.45361024271903827,0.04251246262163163,0.0,101,106242,0.9734533310692252,0.9860988803623097,0.9891186855948693,0.8732165524244733,0.8420345901815447,0.812189349112426,0.0012593723958964672,0.0012014841664132873,0.001275655108631558,0.01210938803900893,0.16629016773027616,0.14963950226840608,0.13061689350727584,0.18537866380527476,0.1752414299429604,0.15907080062498824,/common/users/shared/pracsys/adaptive_roa_experiments/gaussian_torque/cp_low_v2_dir00_s43,0.9885124539885098,0.9048363434159965
fm,low,dir00_s43,8,1500,0.0017145078372088492,100.0,0.04900194698718938,100.0,0.029470830744903146,0.004211242781378411,0.004052544210800358,0.11952682236006949,0.01586985705780533,0.012905599166682356,0.1273770882099309,0.12724803221826408,0.12724803221826408,0.973475649931289,0.9704448334933454,0.9685152764443441,-0.020707629750945956,0.01177375406899324,0.00018823952170853953,0.012061508631238116,-1.7069679003611782e-15,0.9249933457545915,0.9094108822341469,0.8915896937287311,0.09064518482231357,0.45361024271903827,0.04251246262163163,0.0,101,106242,0.9720839160839161,0.9823610072301172,0.985668219276245,0.8822543792840822,0.8465463529917284,0.813905325443787,0.001082061615733787,0.0010986200933679295,0.0011075862039459487,0.011773754068993145,0.16824796219950677,0.15101372338623142,0.13135106643323732,0.18537866380527476,0.1752414299429604,0.15907080062498824,/common/users/shared/pracsys/adaptive_roa_experiments/gaussian_torque/cp_low_v2_dir00_s43,0.9888028940944548,0.9074739792533834
fm,low,dir00_s43,9,1650,0.0013952087151104862,100.0,0.04589108677163496,100.0,0.02899239472148491,0.004658838660647077,0.00450131133452541,0.12032883833685097,0.015752732612166736,0.012905599166682356,0.1273770882099309,0.12724803221826408,0.12724803221826408,0.9747180964213776,0.9707648575892773,0.9681670149281828,-0.020728054818245138,0.0114205052159364,0.00018066196159592331,0.011707088533724893,-2.1180973641676815e-15,0.928464898263556,0.9102571511123954,0.8903443356461966,0.08753432460674919,0.45361024271903827,0.04251246262163163,0.0,101,106242,0.976362516103736,0.984992496248124,0.9847941471811792,0.885046966235085,0.8460629498334945,0.8124260355029586,0.0007954361250986962,0.0008322033611467145,0.0008138756318627803,0.011420505215936379,0.168040887784492,0.15052427476892377,0.13122870427891042,0.18537866380527476,0.1752414299429604,0.15907080062498824,/common/users/shared/pracsys/adaptive_roa_experiments/gaussian_torque/cp_low_v2_dir00_s43,0.9901437841510908,0.9102500446030694
fm,low,dir00_s43,10,1800,0.000985820943663951,100.0,0.038347572667223766,100.0,0.02732337493646581,0.0032353621946335292,0.003068707127176519,0.12046569959038375,0.016665506745701022,0.012905599166682356,0.1273770882099309,0.12724803221826408,0.12724803221826408,0.9762429171137591,0.9731368008885375,0.9703695337060673,-0.017603678394608538,0.009851039755055118,0.00015871735971655497,0.01014675081417895,-1.7277845820728999e-15,0.933568458177607,0.9184944025588303,0.8988496883233725,0.07999081050236273,0.45361024271903827,0.04251246262163163,0.0,101,106242,0.969178643641729,0.9806683741919746,0.983476304317255,0.9004823559279005,0.8637340208400472,0.8276331360946746,0.0004345682815257848,0.0005044895596654775,0.0004969501115111366,0.009851039755055113,0.17223885092524613,0.1543457389732874,0.13386419683364395,0.18537866380527476,0.1752414299429604,0.15907080062498824,/common/users/shared/pracsys/adaptive_roa_experiments/gaussian_torque/cp_low_v2_dir00_s43,0.9920334864229948,0.9225839521183481
fm,low,dir00_s43,11,1950,0.0007278830013002203,100.0,0.031575806218918166,100.0,0.024974680446527744,0.0019295311700371688,0.001753183888559148,0.12073518811925976,0.017634728147802075,0.012905599166682356,0.1273770882099309,0.12724803221826408,0.12724803221826408,0.9790007718228196,0.9767982530449352,0.9725814649573615,-0.01363246173829559,0.008266027987561844,0.00014563932101245016,0.008571431260706688,-1.618497003086361e-15,0.9421406156798673,0.9305222807858169,0.9070605876910315,0.0732190440540692,0.45361024271903827,0.04251246262163163,0.0,101,106242,0.9628922815945716,0.9790048039855287,0.9842138059959842,0.9222645341457223,0.8866151036631217,0.8411242603550296,0.0003035389425337188,0.00033329663419458326,0.00033073041638352114,0.008266027987561847,0.177556898401762,0.1587037141620075,0.1359443534572015,0.18537866380527476,0.1752414299429604,0.15907080062498824,/common/users/shared/pracsys/adaptive_roa_experiments/gaussian_torque/cp_low_v2_dir00_s43,0.9933153840500887,0.9350400328911694
fm,low,dir00_s44,0,300,0.03994893540952474,100.0,0.4196099085377579,100.0,0.10876320099395718,0.04745212394102509,0.04729621526559589,0.09183736147043405,0.015590867542920404,0.012905599166682356,0.1273770882099309,0.12724803221826408,0.12724803221826408,0.8918695054686471,0.8834829916605486,0.8825699817398016,-0.10771182771408672,0.08270688601342578,0.0007050972490524094,0.08299185068052183,-1.249000902703301e-16,0.5896556650950135,0.5031507124222356,0.4163547904191617,0.4612531463732205,0.45361024271903827,0.04251246262163163,0.0,101,106242,0.9943380315624624,0.9953946323646181,0.9941912421805184,0.4190911398832191,0.3366634439789451,0.26331360946745563,0.03604326953472789,0.03568840263480818,0.0352450428467558,0.0827068860134301,0.07813294177443948,0.0592703450612752,0.04213023098209748,0.18537866380527476,0.1752414299429604,0.15907080062498824,/common/users/shared/pracsys/adaptive_roa_experiments/gaussian_torque/cp_low_v2_dir00_s44,0.8821372661134103,0.3500340667621361
fm,low,dir00_s44,1,450,0.035923731370289536,100.0,0.36900736863501915,100.0,0.10139812880028613,0.03979875411488302,0.03962366686886055,0.09287216393020531,0.01750872460224694,0.012905599166682356,0.1273770882099309,0.12724803221826408,0.12724803221826408,0.9024397131078105,0.8904482219837729,0.8881515784717908,-0.0997895370945577,0.07399953515691923,0.0006525082841487859,0.07430367839460854,-6.938893903907228e-17,0.6451922089480712,0.5465383566447188,0.4585099111414901,0.410650606470453,0.45361024271903827,0.04251246262163163,0.0,101,106242,0.9901239756251313,0.9950347567030785,0.997224975222993,0.4784970804772785,0.37673219465033836,0.2976923076923077,0.0328539477318243,0.031809451986783165,0.03139144224797332,0.07399953515692403,0.08958792191412059,0.06634852506541669,0.047485928352252404,0.18537866380527476,0.1752414299429604,0.15907080062498824,/common/users/shared/pracsys/adaptive_roa_experiments/gaussian_torque/cp_low_v2_dir00_s44,0.8935767336742318,0.4184622436440476
fm,low,dir00_s44,2,600,0.009069263868075054,100.0,0.1641459947618422,100.0,0.07173142448372583,0.027212095436374005,0.02699062718179455,0.11187632338388526,0.022146825457945354,0.012905599166682356,0.1273770882099309,0.12724803221826408,0.12724803221826408,0.938225937011728,0.9228459554601758,0.9134711319440523,-0.06759953690630822,0.04236233601617347,0.0004310095685036227,0.04271286026241976,9.71445146547012e-17,0.8032496927181701,0.7197511026017984,0.6277082574008829,0.20578923259717224,0.45361024271903827,0.04251246262163163,0.0,101,106242,0.9806031327770458,0.990123224532029,0.9944822276401899,0.6802234069560802,0.5653668492856375,0.45857988165680474,0.005663563014967791,0.005383356731411162,0.00554417507308301,0.0423623360161716,0.12859321172417687,0.10006400481918638,0.07335140528228008,0.18537866380527476,0.1752414299429604,0.15907080062498824,/common/users/shared/pracsys/adaptive_roa_experiments/gaussian_torque/cp_low_v2_dir00_s44,0.9708151537670763,0.6670884784802735
fm,low,dir00_s44,3,750,0.005991378775175178,100.0,0.12224267113457654,100.0,0.06124357598689784,0.022070658554071827,0.02184146565370086,0.1169323780774194,0.02291929003709656,0.012905599166682356,0.1273770882099309,0.12724803221826408,0.12724803221826408,0.9520340355038497,0.936992902995049,0.9221588449012632,-0.058628037875793,0.03215711979454566,0.0003499160677583544,0.03251536868658346,1.249000902703301e-16,0.8527082490317359,0.7814846249265522,0.6764982005945861,0.16388590896987107,0.45361024271903827,0.04251246262163163,0.0,101,106242,0.9898007112661881,0.9961717709720372,0.9980378578024007,0.7489718202589489,0.6429262004511763,0.5116568047337278,0.0034555541769998917,0.0032818043198118807,0.0033594219247324087,0.03215711979454474,0.1402740912256923,0.11310028049170762,0.08154966962218332,0.18537866380527476,0.1752414299429604,0.15907080062498824,/common/users/shared/pracsys/adaptive_roa_experiments/gaussian_torque/cp_low_v2_dir00_s44,0.9797229595680542,0.7472878815179815
fm,low,dir00_s44,4,900,0.003586379976244648,100.0,0.07885140435610001,100.0,0.045223263869279565,0.009873657426344369,0.00965641605686942,0.11659458987866522,0.02172413694749494,0.012905599166682356,0.1273770882099309,0.12724803221826408,0.12724803221826408,0.9643361382504094,0.9558649121816231,0.9459912275747822,-0.038592176352101805,0.02030985839646821,0.00026070679776882754,0.020656155757609984,-6.938893903907228e-17,0.8960693419645062,0.8571863673742881,0.7965248226950354,0.12049464219137326,0.45361024271903827,0.04251246262163163,0.0,101,106242,0.9744660541701468,0.9899402040098487,0.9938938053097345,0.8293475501396294,0.7558276936298206,0.6645562130177515,0.002285835435630721,0.002051033099770895,0.002105227629852894,0.020309858396467827,0.157771879294441,0.13379830951977562,0.10636094953031758,0.18537866380527476,0.1752414299429604,0.15907080062498824,/common/users/shared/pracsys/adaptive_roa_experiments/gaussian_torque/cp_low_v2_dir00_s44,0.9845703878814825,0.8403915719369913
fm,low,dir00_s44,5,1050,0.0023402442917227883,100.0,0.061145770977826065,100.0,0.033256151051373285,0.006286581129226655,0.006125865779346003,0.11910279699112071,0.016071534988065177,0.012905599166682356,0.1273770882099309,0.12724803221826408,0.12724803221826408,0.9699553848760377,0.9671316428531089,0.964392613090868,-0.026341936334029856,0.01427110100648814,0.00021816940703910288,0.014560872348035615,-1.2368578383714635e-15,0.9136083143877882,0.8976433345058037,0.875218524260316,0.10278900881297492,0.45361024271903827,0.04251246262163163,0.0,101,106242,0.978264649626152,0.9879984514130855,0.988820153536558,0.856968773800457,0.822429906542056,0.7850295857988165,0.0015492969128434305,0.0015598579115832193,0.0016114031103324478,0.014271101006487964,0.16239340373863445,0.14587451290450104,0.12628715573878505,0.18537866380527476,0.1752414299429604,0.15907080062498824,/common/users/shared/pracsys/adaptive_roa_experiments/gaussian_torque/cp_low_v2_dir00_s44,0.9862165452509343,0.8878481595533877
fm,low,dir00_s44,6,1200,0.0019177725822907697,100.0,0.056197392205286543,100.0,0.03525216016264754,0.005887814788938443,0.005699213284730117,0.11867458278652356,0.018860150420832642,0.012905599166682356,0.1273770882099309,0.12724803221826408,0.12724803221826408,0.9703318838124282,0.9659833210971179,0.9612017846049585,-0.02725099301594473,0.01427266271647025,0.00020755877011893262,0.0145903202123454,-3.972516759986888e-16,0.9153188974262533,0.8938307873090481,0.8623246492985972,0.09784063004050493,0.45361024271903827,0.04251246262163163,0.0,101,106242,0.971929023791864,0.9864479315263909,0.9899539877300614,0.8649403401878649,0.8171124718014824,0.7638461538461538,0.001031596971170598,0.0010474542682144168,0.0010880720516694836,0.014272662716469937,0.16497242145290938,0.14515916492535907,0.12273865326330453,0.18537866380527476,0.1752414299429604,0.15907080062498824,/common/users/shared/pracsys/adaptive_roa_experiments/gaussian_torque/cp_low_v2_dir00_s44,0.9887820430665336,0.8878358865936029
fm,low,dir00_s44,7,1350,0.001823169083768884,100.0,0.049243854865968786,100.0,0.02970303646392199,0.004388273774447135,0.004229960421227812,0.11974101097441818,0.015831335321932257,0.012905599166682356,0.1273770882099309,0.12724803221826408,0.12724803221826408,0.9727226520585079,0.9710754692117994,0.9692212119500763,-0.02141384763088044,0.01173698166507225,0.00018876865550780214,0.012024351009958396,-1.4589024432964948e-15,0.9226044226044227,0.9112183283737324,0.894030721368851,0.09088709270110601,0.45361024271903827,0.04251246262163163,0.0,101,106242,0.9731815876950815,0.9859331040950297,0.9882504656827625,0.877024625539477,0.8470297561499625,0.8162130177514793,0.0011696426831256696,0.0011252260182061918,0.0011902444450624353,0.011736981665072203,0.1670619905498767,0.15055251218915305,0.1313793038534666,0.18537866380527476,0.1752414299429604,0.15907080062498824,/common/users/shared/pracsys/adaptive_roa_experiments/gaussian_torque/cp_low_v2_dir00_s44,0.9889420355163235,0.9077629613561315
fm,low,dir00_s44,8,1500,0.0018621166439127836,100.0,0.049972103054228875,100.0,0.029336232375143538,0.004107345350017892,0.0039524646688058164,0.11930727575041758,0.015488068121207559,0.012905599166682356,0.1273770882099309,0.12724803221826408,0.12724803221826408,0.9732779879896839,0.9706048455413113,0.9689200128009638,-0.020079629525046595,0.011893221136650289,0.00019205963475904566,0.012177157809529188,-2.0261570199409107e-15,0.9244524867612232,0.9100440706282225,0.8933806909912819,0.09161534088934624,0.45361024271903827,0.04251246262163163,0.0,101,106242,0.9712592261239097,0.9812410708739673,0.983226723525231,0.8819497334348819,0.8484799656246643,0.8185798816568047,0.0012606939078773035,0.0011885272787740709,0.0012326788129786027,0.011893221136650211,0.16833267446019465,0.1515314094237684,0.13243350087536002,0.18537866380527476,0.1752414299429604,0.15907080062498824,/common/users/shared/pracsys/adaptive_roa_experiments/gaussian_torque/cp_low_v2_dir00_s44,0.9883069259841706,0.9065351272682137
fm,low,dir00_s44,9,1650,0.001283379886194532,100.0,0.045572419948587295,100.0,0.02918073831441426,0.004752857505584297,0.004594018907826063,0.12036263147067577,0.01588385977582341,0.012905599166682356,0.1273770882099309,0.12724803221826408,0.12724803221826408,0.9745486719000018,0.9706613203817699,0.9676963912576947,-0.02089851471169594,0.0114794196554122,0.00018081906259158443,0.011767314244837259,-2.168404344971009e-15,0.9279816758110052,0.909900274606157,0.8884627884302894,0.08721565778370216,0.45361024271903827,0.04251246262163163,0.0,101,106242,0.9759117136294886,0.9851035864054578,0.9855082912761356,0.8845392231530845,0.8453647008271565,0.8088165680473373,0.0006742943577618136,0.0007494952917667081,0.0007632648103740135,0.011479419655412177,0.1680220628376725,0.15038308766777733,0.1305510061934075,0.18537866380527476,0.1752414299429604,0.15907080062498824,/common/users/shared/pracsys/adaptive_roa_experiments/gaussian_torque/cp_low_v2_dir00_s44,0.9904126106767502,0.9097870556008131
fm,low,dir00_s44,10,1800,0.0010138384575412063,100.0,0.03896361280953063,100.0,0.027015398806498368,0.0033463901892029405,0.0031864087745595276,0.12051582135201275,0.015998141464341274,0.012905599166682356,0.1273770882099309,0.12724803221826408,0.12724803221826408,0.9762993919542178,0.9734944748781085,0.9707648575892773,-0.017358954085954705,0.009918619640808606,0.00016108017568275296,0.010207657047118842,-2.2516710718178956e-15,0.9336145531241761,0.919561243144424,0.9003273217380143,0.08060685064464687,0.45361024271903827,0.04251246262163163,0.0,101,106242,0.9709898546750754,0.9820622330689445,0.9835927639882205,0.899009900990099,0.8645396927704372,0.8300591715976331,0.00048128705759653025,0.0005298747152251405,0.0005390255711454813,0.009918619640808625,0.17163645262702132,0.1542704391860093,0.13424069577003445,0.18537866380527476,0.1752414299429604,0.15907080062498824,/common/users/shared/pracsys/adaptive_roa_experiments/gaussian_torque/cp_low_v2_dir00_s44,0.9918780200416121,0.9220528642533697
fm,low,dir00_s44,11,1950,0.0007910183971679889,100.0,0.03193782160056461,100.0,0.025045744620771446,0.0020363624634960223,0.0018598003019053408,0.12083317827644485,0.01765621615906814,0.012905599166682356,0.1273770882099309,0.12724803221826408,0.12724803221826408,0.9792360836580637,0.9769488526194914,0.9721579036539222,-0.014031832985071817,0.008274654243722975,0.00014584517406660393,0.008580272396980478,-1.5942108744226857e-15,0.9427310488058152,0.9309771426960909,0.9054831288343559,0.07358105943571393,0.45361024271903827,0.04251246262163163,0.0,101,106242,0.964515272244356,0.9794224040799383,0.984231731036399,0.9219091139883219,0.8870985068213557,0.8384023668639053,0.00037748656977797167,0.00041505394868471496,0.0004083853334388646,0.00827465424372297,0.17718981193878128,0.15872253910882703,0.13550196720694263,0.18537866380527476,0.1752414299429604,0.15907080062498824,/common/users/shared/pracsys/adaptive_roa_experiments/gaussian_torque/cp_low_v2_dir00_s44,0.9930661975983637,0.9349722420105503
fm,low,epi_var,0,300,0.03957939672105399,100.0,0.4129512335774651,100.0,0.10769413226407634,0.046364171873416925,0.04620727059086759,0.09182463200782208,0.015690128254933138,0.012905599166682356,0.1273770882099309,0.12724803221826408,0.12724803221826408,0.8931213644321455,0.8845842510494908,0.883501816607368,-0.10644170855217334,0.08163067080130955,0.0006990746135922582,0.08191662807552569,-5.551115123125783e-17,0.5966395509928599,0.5104208256807474,0.4240845004885766,0.45459447141292,0.45361024271903827,0.04251246262163163,0.0,101,106242,0.9931409649952696,0.9943995021779714,0.9925942060553257,0.4264026402640264,0.34332366527016867,0.26964497041420116,0.03574632864481795,0.03521453118561626,0.03473593976805957,0.08163067080131398,0.0795918751529527,0.060503379077954104,0.04321266542422018,0.18537866380527476,0.1752414299429604,0.15907080062498824,/common/users/shared/pracsys/adaptive_roa_experiments/gaussian_torque/cp_low_v2_epi_var,0.8831479911524899,0.3584916844820726
fm,low,epi_var,1,450,0.009789635108805579,100.0,0.1308380975533756,100.0,0.05567948645545076,0.008724316591680352,0.008493176583325117,0.10559731414066752,0.023114000835523396,0.012905599166682356,0.1273770882099309,0.12724803221826408,0.12724803221826408,0.9513751623651663,0.9460194649950114,0.937585888819864,-0.04323374936465804,0.03014389466092182,0.00038050152582366455,0.030504090660943877,1.3530843112619095e-16,0.8567864271457086,0.8217892545290699,0.7580898179562949,0.1724813353887534,0.45361024271903827,0.04251246262163163,0.0,101,106242,0.9435794101483789,0.974931799749318,0.9884882504043383,0.7846153846153846,0.7102266623697497,0.6147928994082841,0.007766497389538465,0.007462912477878304,0.007594318600742546,0.030143894660920916,0.15414807703168237,0.1276613768566104,0.09893450801001487,0.18537866380527476,0.1752414299429604,0.15907080062498824,/common/users/shared/pracsys/adaptive_roa_experiments/gaussian_torque/cp_low_v2_epi_var,0.9653048246480987,0.7631091488376256
fm,low,epi_var,2,600,0.0025204565466332533,100.0,0.04189488166355201,100.0,0.027270853334839324,0.001275419292941162,0.0010831940720380173,0.11848269801133315,0.01922252209031449,0.012905599166682356,0.1273770882099309,0.12724803221826408,0.12724803221826408,0.9776547881252236,0.975574631501666,0.9710284068447507,-0.013332862709662843,0.009848528278968219,0.00018497100527712864,0.010169809491538187,-7.216449660063518e-16,0.9386373035566583,0.9269528501055595,0.9020930084610981,0.0835381194987915,0.45361024271903827,0.04251246262163163,0.0,101,106242,0.9559837834991839,0.9738569823150175,0.9753748796258083,0.9219091139883219,0.8843592222580299,0.8390532544378698,0.0021296403253201184,0.0018117737302240629,0.0018461790410398483,0.009848528278968148,0.1787711074716214,0.15913668793885657,0.13683853843112892,0.18537866380527476,0.1752414299429604,0.15907080062498824,/common/users/shared/pracsys/adaptive_roa_experiments/gaussian_torque/cp_low_v2_epi_var,0.9886843517414708,0.9226036889743381
fm,low,epi_var,3,750,0.0011464025241280018,100.0,0.03202744887947134,100.0,0.025938329474219233,0.0006428319341853538,0.00043775660492467413,0.11956591325418449,0.02050753292606797,0.012905599166682356,0.1273770882099309,0.12724803221826408,0.12724803221826408,0.9785019107321021,0.9774288887633893,0.973550949718567,-0.008481391540068899,0.008119875569003033,0.00014714917057788502,0.008454006889930537,-1.2299189444675562e-15,0.9419095579632739,0.9329980441464096,0.9109745279432264,0.07367068671472903,0.45361024271903827,0.04251246262163163,0.0,101,106242,0.9436375681598125,0.9722804565571861,0.9804282596835788,0.9401878649403402,0.896766569986035,0.8507100591715976,0.0006618873567906444,0.000553643587472016,0.000615045197486308,0.00811987556900304,0.18470096571977185,0.16163099339244366,0.13802451008075903,0.18537866380527476,0.1752414299429604,0.15907080062498824,/common/users/shared/pracsys/adaptive_roa_experiments/gaussian_torque/cp_low_v2_epi_var,0.9927658978906982,0.9361885961813909
fm,low,epi_var,4,900,0.00039300869037711656,100.0,0.022818070198652722,100.0,0.020958095668379736,0.0009085343337441469,0.0007264030683407293,0.12233069229010164,0.01821312654034177,0.012905599166682356,0.1273770882099309,0.12724803221826408,0.12724803221826408,0.9838481956288474,0.9828034110803637,0.9790854840835075,-0.008687995331413189,0.005643742996501792,0.00011631827111277727,0.005954930253572035,-1.3747683547116196e-15,0.9558800843317735,0.9490731707317073,0.9305581598849929,0.06446130803387062,0.45361024271903827,0.04251246262163163,0.0,101,106242,0.9682275118495755,0.9864982326012632,0.9860908729633064,0.9438436151307439,0.9143839295305618,0.8809467455621302,7.901500771753461e-05,0.00011673748839841319,0.00013758309261521158,0.0056437429965017815,0.1807100769940325,0.16243105363227348,0.142109523540596,0.18537866380527476,0.1752414299429604,0.15907080062498824,/common/users/shared/pracsys/adaptive_roa_experiments/gaussian_torque/cp_low_v2_epi_var,0.9952297678080919,0.9556476992365487
fm,low,epi_var,5,1050,0.0002708831808705064,100.0,0.018383372114351273,100.0,0.0190049133111199,0.0005959571078207214,0.00041104888704250565,0.12335283108985567,0.018490822077821573,0.012905599166682356,0.1273770882099309,0.12724803221826408,0.12724803221826408,0.9849682799646091,0.9853165414807703,0.9824551495642024,-0.006507595866041678,0.004306250015449766,8.484527683527507e-05,0.004620214227894806,-1.1431827706687159e-15,0.9593131385187638,0.9568369210337003,0.9422659976460385,0.06002660994957044,0.45361024271903827,0.04251246262163163,0.0,101,106242,0.9627224381264062,0.986703948870121,0.9886260236578708,0.9559279004823559,0.9287248898915028,0.9000591715976332,0.0001091340721440959,7.938423028500389e-05,6.665711162499182e-05,0.00430625001544971,0.18407033000131776,0.1649441840326801,0.14482031588260763,0.18537866380527476,0.1752414299429604,0.15907080062498824,/common/users/shared/pracsys/adaptive_roa_experiments/gaussian_torque/cp_low_v2_epi_var,0.9958468299674109,0.966158612118548
fm,low,epi_var,6,1200,0.0001833911998359793,100.0,0.017812387147948226,100.0,0.019950866888801048,0.0006546510191152514,0.0004498254531641419,0.12357954706398819,0.020482556595110953,0.012905599166682356,0.1273770882099309,0.12724803221826408,0.12724803221826408,0.985052992225297,0.9856553905235218,0.9808456166111331,-0.0048745317294478655,0.0041183106074392005,7.394908456315836e-05,0.0044521921650571335,-8.413408858487514e-16,0.9599313685910377,0.9579446989348198,0.9366694675255968,0.059455624983218124,0.45361024271903827,0.04251246262163163,0.0,101,106242,0.9541054321111502,0.9850737797956867,0.9879209610713582,0.9658288905813658,0.9322698463852186,0.8904733727810651,1.1085488990331586e-05,1.777531342110324e-05,2.6032093055647576e-05,0.004118310607439163,0.1876564823704373,0.16584778148001733,0.14338020745091395,0.18537866380527476,0.1752414299429604,0.15907080062498824,/common/users/shared/pracsys/adaptive_roa_experiments/gaussian_torque/cp_low_v2_epi_var,0.9962058055770897,0.9676355654728303
fm,low,epi_var,7,1350,0.0005319443407120636,100.0,0.0332712781503298,100.0,0.03437209389883473,0.004549708822015285,0.004261319450237988,0.12253972412292743,0.028838937177729753,0.012905599166682356,0.1273770882099309,0.12724803221826408,0.12724803221826408,0.9833399220647202,0.9754334444005196,0.9565708476873552,-0.022393968487039024,0.00896962754557491,0.00011897684920717234,0.009387072909019032,2.723515857283587e-16,0.9545664561835824,0.9248055315471045,0.8423103212576897,0.07491451598578669,0.45361024271903827,0.04251246262163163,0.0,101,106242,0.9652702071328454,0.9973900074571216,0.9970064724919094,0.9440974866717441,0.8620689655172413,0.7291715976331361,2.2817473050425203e-06,1.1774148556212151e-05,0.00010007703455241095,0.008969627545574912,0.1813124752922573,0.15146552210990005,0.11633817134466595,0.18537866380527476,0.1752414299429604,0.15907080062498824,/common/users/shared/pracsys/adaptive_roa_experiments/gaussian_torque/cp_low_v2_epi_var,0.9957468175205179,0.9295106777746502
fm,low,epi_var,8,1500,0.00018947258808052055,100.0,0.020726537643279242,100.0,0.02333163908811958,0.0009513722484046716,0.0007013700996986205,0.12337005229583858,0.02500021487060512,0.012905599166682356,0.1273770882099309,0.12724803221826408,0.12724803221826408,0.979339620865571,0.9869260744338397,0.9835752338999643,0.003190828485909527,0.004579350022124065,7.327316856928097e-05,0.004958408162496941,-5.811323644522304e-17,0.9464255204901028,0.9627064035441,0.9464641816229483,0.06236977547873254,0.45361024271903827,0.04251246262163163,0.0,101,106242,0.911261515322429,0.9624738283137381,0.9827970691302963,0.9844122873825845,0.9629390912020626,0.9127218934911243,4.230739794766343e-06,3.8980950484875545e-06,1.4842093428816361e-05,0.004579350022124033,0.20025978426610944,0.17532614220364828,0.1477287701662243,0.18537866380527476,0.1752414299429604,0.15907080062498824,/common/users/shared/pracsys/adaptive_roa_experiments/gaussian_torque/cp_low_v2_epi_var,0.996288804088397,0.9640124099186912
fm,low,epi_var,9,1650,0.0002432689887459234,100.0,0.021584877111376154,100.0,0.024120969108262266,0.0016897154895428978,0.0014566232201118922,0.12329291578320732,0.023309226943100555,0.012905599166682356,0.1273770882099309,0.12724803221826408,0.12724803221826408,0.9853259539541801,0.9828034110803637,0.9738144989740404,-0.011934451535174414,0.005411739655168809,8.627772289947947e-05,0.0057738879162666365,1.5178830414797062e-16,0.9603499580355552,0.9488765145367547,0.9107704150362436,0.06322811494671249,0.45361024271903827,0.04251246262163163,0.0,101,106242,0.9620872401141459,0.9904200011682925,0.9943969743661577,0.9586189388169586,0.9106778386507681,0.8401183431952662,3.983550503386736e-06,4.928713349112068e-06,1.4207039688838441e-05,0.0054117396551687956,0.18471037819318162,0.16113213230172624,0.13439129534459066,0.18537866380527476,0.1752414299429604,0.15907080062498824,/common/users/shared/pracsys/adaptive_roa_experiments/gaussian_torque/cp_low_v2_epi_var,0.9961809467386074,0.9574709364001304
fm,low,epi_var,10,1800,0.00016537203483966677,100.0,0.016904725952601094,100.0,0.019782571864234485,0.0009128542877450685,0.0006960635855954687,0.12411772058920256,0.02167907021495998,0.012905599166682356,0.1273770882099309,0.12724803221826408,0.12724803221826408,0.9869731368008885,0.9872460985297716,0.9800832062649423,-0.006096835526439638,0.0038263752146566847,6.90443013550618e-05,0.004172221908473109,-3.0270924655795284e-16,0.9651350261991133,0.9626196584733371,0.9337092731829574,0.05854796378790265,0.45361024271903827,0.04251246262163163,0.0,101,106242,0.9577521123943803,0.9895638364244796,0.9921438082556592,0.9726326478801727,0.9371038779675582,0.881775147928994,6.541008941121895e-06,4.860258997041071e-06,8.113585201379705e-06,0.0038263752146566435,0.18825888066866212,0.16595131868752472,0.14137535061463452,0.18537866380527476,0.1752414299429604,0.15907080062498824,/common/users/shared/pracsys/adaptive_roa_experiments/gaussian_torque/cp_low_v2_epi_var,0.9965007898239228,0.9699297887130118
fm,low,epi_var,11,1950,0.00011596203041084574,100.0,0.013863441153075928,100.0,0.017124206999115224,0.0006080360372100825,0.00040306531950993574,0.12473642693346082,0.020497071770014676,0.012905599166682356,0.1273770882099309,0.12724803221826408,0.12724803221826408,0.9879520340355038,0.9892697803128706,0.983819958208618,-0.004657762466821031,0.002914670604313119,5.597919292486301e-05,0.0032486973136800893,-8.456776945386935e-17,0.9677500629881582,0.9687551389574084,0.9469329793473898,0.05550667898834359,0.45361024271903827,0.04251246262163163,0.0,101,106242,0.9604901225306327,0.9890866353257219,0.9899309365519913,0.9751205889819751,0.9492426683854335,0.9075147928994083,2.6430239616742555e-06,2.780007297994539e-06,4.090508587296634e-06,0.002914670604313135,0.18820240582820352,0.16818207488563844,0.14582745053745222,0.18537866380527476,0.1752414299429604,0.15907080062498824,/common/users/shared/pracsys/adaptive_roa_experiments/gaussian_torque/cp_low_v2_epi_var,0.9967537837781721,0.9770945722813719
fm,low,epi_var_anch,0,300,0.03957939672105399,100.0,0.4129512335774651,100.0,0.10769413226407634,0.046364171873416925,0.04620727059086759,0.09182463200782208,0.015690128254933138,0.012905599166682356,0.1273770882099309,0.12724803221826408,0.12724803221826408,0.8931213644321455,0.8845842510494908,0.883501816607368,-0.10644170855217334,0.08163067080130955,0.0006990746135922582,0.08191662807552569,-5.551115123125783e-17,0.5966395509928599,0.5104208256807474,0.4240845004885766,0.45459447141292,0.45361024271903827,0.04251246262163163,0.0,101,106242,0.9931409649952696,0.9943995021779714,0.9925942060553257,0.4264026402640264,0.34332366527016867,0.26964497041420116,0.03574632864481795,0.03521453118561626,0.03473593976805957,0.08163067080131398,0.0795918751529527,0.060503379077954104,0.04321266542422018,0.18537866380527476,0.1752414299429604,0.15907080062498824,/common/users/shared/pracsys/adaptive_roa_experiments/gaussian_torque/cp_low_v2_epi_var_anch,0.8831479911524899,0.3584916844820726
fm,low,epi_var_anch,1,450,0.012791098380958628,100.0,0.1739435119693274,100.0,0.06722765008188852,0.020737769244744023,0.020527104313395182,0.10762201658195059,0.021066493134884175,0.012905599166682356,0.1273770882099309,0.12724803221826408,0.12724803221826408,0.9418403268010768,0.9302818094538883,0.9212081850868772,-0.06268029592816401,0.04015311994970886,0.00044167079703480287,0.040492840872724534,1.942890293094024e-16,0.8167284591428148,0.753009436793491,0.6718670377484223,0.21558674980467193,0.45361024271903827,0.04251246262163163,0.0,101,106242,0.9820256776034236,0.9929645589657902,0.9952386482406225,0.6990606752982991,0.6064561177355248,0.5071005917159763,0.010037064132786268,0.009906797498145551,0.00994513219352613,0.04015311994970768,0.1319628772048719,0.10702923514241072,0.0810508085314659,0.18537866380527476,0.1752414299429604,0.15907080062498824,/common/users/shared/pracsys/adaptive_roa_experiments/gaussian_torque/cp_low_v2_epi_var_anch,0.9585436346706712,0.6844499734122755
fm,low,epi_var_anch,2,600,0.00503263559053787,100.0,0.07924825600711875,100.0,0.039197304267615446,0.005780854953225658,0.005589920049321307,0.11488367498296359,0.019093490390435102,0.012905599166682356,0.1273770882099309,0.12724803221826408,0.12724803221826408,0.9663974699271475,0.9621618568927542,0.9570038214642044,-0.0304758946555976,0.017954277284621217,0.0002655627840773339,0.018274268180192392,-5.759281940243e-16,0.9032467884438181,0.8802002622481823,0.844773684925921,0.12089149384235941,0.45361024271903827,0.04251246262163163,0.0,101,106242,0.968668255536825,0.9886196277948855,0.9921775223499362,0.8461030718456461,0.7932108711999141,0.7355029585798817,0.004083215324214898,0.003742418442819397,0.003980492502976441,0.017954277284620852,0.1619227800681463,0.140603527795034,0.11791946687750607,0.18537866380527476,0.1752414299429604,0.15907080062498824,/common/users/shared/pracsys/adaptive_roa_experiments/gaussian_torque/cp_low_v2_epi_var_anch,0.9793165603324541,0.8589033011227641
fm,low,epi_var_anch,3,750,0.0012920906056779118,100.0,0.04015387537826438,100.0,0.027449031456486132,0.0008995805278352399,0.0007263268886782857,0.11782001694280564,0.01732536391569543,0.012905599166682356,0.1273770882099309,0.12724803221826408,0.12724803221826408,0.9739839234954161,0.9747180964213776,0.9740121609156455,-0.009175467329304797,0.010154342164134899,0.00017807284202808288,0.010456651794958681,-1.8301332671555315e-15,0.9288252562187773,0.9249678753002962,0.9137430097784998,0.0817971132134681,0.45361024271903827,0.04251246262163163,0.0,101,106242,0.9423167354616229,0.9636786961583236,0.9678999271957112,0.9157146483879157,0.8892469653023956,0.8653254437869823,0.0007389533720184562,0.0006676276897093505,0.0007498829982769979,0.010154342164134805,0.18014532858944673,0.16170629317972177,0.1422130607481034,0.18537866380527476,0.1752414299429604,0.15907080062498824,/common/users/shared/pracsys/adaptive_roa_experiments/gaussian_torque/cp_low_v2_epi_var_anch,0.9911131508053397,0.9202003992744068
fm,low,epi_var_anch,4,900,0.0015565638854158881,100.0,0.04210454165626581,100.0,0.025780482295137516,0.0020317235175468184,0.0018794320936791817,0.11926030266326317,0.015229142386763669,0.012905599166682356,0.1273770882099309,0.12724803221826408,0.12724803221826408,0.9767888405715254,0.9750098830970803,0.9736262495058452,-0.013905329342444607,0.009867161648677432,0.00017904022645678293,0.010148509064211893,-2.671474153004283e-15,0.9351939451277199,0.9247256953304415,0.9116757029378388,0.08374777949139241,0.45361024271903827,0.04251246262163163,0.0,101,106242,0.9692760254943619,0.9792830120698973,0.975512682137075,0.9034272658035034,0.8759265227199484,0.8556804733727811,0.0010483583065822222,0.0010685648297892004,0.001074742530845315,0.009867161648677401,0.17278477438301237,0.15674591969277687,0.13953050582632104,0.18537866380527476,0.1752414299429604,0.15907080062498824,/common/users/shared/pracsys/adaptive_roa_experiments/gaussian_torque/cp_low_v2_epi_var_anch,0.9901035320180839,0.922457255513762
fm,low,epi_var_anch,5,1050,0.001298078102493563,100.0,0.03815121274406135,100.0,0.0237944504056776,0.001767707167038363,0.0016230165911680279,0.1199516316564037,0.014469057587033532,0.012905599166682356,0.1273770882099309,0.12724803221826408,0.12724803221826408,0.9780595244818433,0.9770147399333596,0.9756028689218953,-0.011913273470002447,0.00891941715302533,0.00016645166069740328,0.009193163720562489,-3.0808688933348094e-15,0.9388846647964134,0.9311336717428088,0.9190556492411467,0.079794450579168,0.45361024271903827,0.04251246262163163,0.0,101,106242,0.9706711482164155,0.9802280014250089,0.9730855706917074,0.9091139883219091,0.8867225265871737,0.8707100591715976,0.0009066808134999566,0.0008472519095436546,0.0008704191359437577,0.008919417153025277,0.17362248451648124,0.158524877167222,0.14233542290243031,0.18537866380527476,0.1752414299429604,0.15907080062498824,/common/users/shared/pracsys/adaptive_roa_experiments/gaussian_torque/cp_low_v2_epi_var_anch,0.9909594943203393,0.9299052645645147
fm,low,epi_var_anch,6,1200,0.0006807777272173166,100.0,0.029023993317263182,100.0,0.021292520848628607,0.0016241210655880847,0.0014741886832758525,0.12168271000027686,0.014993238231223211,0.012905599166682356,0.1273770882099309,0.12724803221826408,0.12724803221826408,0.9813068278082114,0.9797067073285518,0.9780877619020726,-0.01161574518551985,0.007039510901260492,0.00013563945745178368,0.007318499275239549,-2.5777990853015353e-15,0.9480974283922224,0.939288127956747,0.9273680269561961,0.07066723115237665,0.45361024271903827,0.04251246262163163,0.0,101,106242,0.9768431256395067,0.9872143956434237,0.9808606124604012,0.920995176440721,0.895799763669567,0.8794082840236687,0.0002907991867472312,0.00032769098336387953,0.0003474636236948865,0.007039510901260601,0.17478021874588204,0.15901432578452965,0.1426177971047232,0.18537866380527476,0.1752414299429604,0.15907080062498824,/common/users/shared/pracsys/adaptive_roa_experiments/gaussian_torque/cp_low_v2_epi_var_anch,0.9936574700633345,0.9446788230942081
fm,low,epi_var_anch,7,1350,0.0004997492883099605,100.0,0.02418435421746462,100.0,0.018464825586867715,0.0012320050160608304,0.0010976765561069115,0.12258376049505207,0.013432845995391882,0.012905599166682356,0.1273770882099309,0.12724803221826408,0.12724803221826408,0.9841682197247793,0.9821351254682705,0.9812597654411627,-0.007661753355546769,0.005761948279314292,0.00011943671975486426,0.006025332730935037,-4.627374872168133e-15,0.9562707986688852,0.9471014492753623,0.938913263584205,0.06582759205253545,0.45361024271903827,0.04251246262163163,0.0,101,106242,0.9798604081197719,0.9843007762715792,0.9750207098706429,0.9337903021071338,0.9126114512837039,0.9053846153846153,0.00028370675554072406,0.00025018544474126806,0.00023942272336276445,0.005761948279314291,0.17666271342783457,0.1624781159993223,0.14770994521940475,0.18537866380527476,0.1752414299429604,0.15907080062498824,/common/users/shared/pracsys/adaptive_roa_experiments/gaussian_torque/cp_low_v2_epi_var_anch,0.9947363314724145,0.9547187631991745
fm,low,epi_var_anch,8,1500,0.0003471244711404739,100.0,0.020043421697319593,100.0,0.016522561698763205,0.0011922576882410312,0.0010619584799726582,0.12375554815339605,0.013029920826837304,0.012905599166682356,0.1273770882099309,0.12724803221826408,0.12724803221826408,0.9866342877581371,0.9845823685548089,0.9828222360271832,-0.007125148246456204,0.004554442544836174,9.887848168389268e-05,0.00481379774477137,-4.518087293181594e-15,0.9630900395092535,0.9544595195729538,0.9442015470694347,0.0616866595323779,0.45361024271903827,0.04251246262163163,0.0,101,106242,0.9866325824146562,0.9893371757925072,0.9768457012715885,0.9406448337141406,0.9219572456762273,0.9136686390532545,0.00016762286139668565,0.00015890536927414955,0.00015116693917550245,0.0045544425448361125,0.17673801321511268,0.16330641365938142,0.1487829671881177,0.18537866380527476,0.1752414299429604,0.15907080062498824,/common/users/shared/pracsys/adaptive_roa_experiments/gaussian_torque/cp_low_v2_epi_var_anch,0.9955133473922635,0.9642081495058085
fm,low,epi_var_anch,9,1650,0.000228680670658389,100.0,0.016165800629652692,100.0,0.015064098943920481,0.0005669805566875664,0.000431713226279896,0.1241301251285051,0.01352673304076704,0.012905599166682356,0.1273770882099309,0.12724803221826408,0.12724803221826408,0.9880932211366503,0.9867284124922348,0.9850435797518872,-0.0041593719997741,0.003549620316034729,8.019147925814115e-05,0.0038139436381092223,-4.145555426715575e-15,0.9674279681746787,0.9612061849997249,0.9518557794273594,0.05780903846473051,0.45361024271903827,0.04251246262163163,0.0,101,106242,0.9814021523351791,0.9853339350180506,0.9753492704129152,0.9538461538461539,0.9382318186701042,0.9294674556213017,8.58222205109113e-05,9.179348310765248e-05,9.42407580523214e-05,0.003549620316034719,0.18017356600967602,0.1668643286082717,0.15158788426422695,0.18537866380527476,0.1752414299429604,0.15907080062498824,/common/users/shared/pracsys/adaptive_roa_experiments/gaussian_torque/cp_low_v2_epi_var_anch,0.9959705177646674,0.9721047134941451
fm,low,epi_var_anch,10,1800,0.00020077383221636468,100.0,0.014655778853983581,100.0,0.014108450518627283,0.000581900282557488,0.0004466302805285771,0.12457089621259539,0.013527000202891092,0.012905599166682356,0.1273770882099309,0.12724803221826408,0.12724803221826408,0.9883661828655335,0.987829671881177,0.9863895634494833,-0.0047940550817943935,0.0031237662861935745,7.141256350441059e-05,0.0033880922798893093,-3.697563089044564e-15,0.9681311881188119,0.9643713317351409,0.9560993381504646,0.056299016689056576,0.45361024271903827,0.04251246262163163,0.0,101,106242,0.9834983498349835,0.9901544729248005,0.9817932410525003,0.9532368621477533,0.9398968739929101,0.9317159763313609,7.227434588722138e-05,9.293819199506187e-05,7.426073807230142e-05,0.0031237662861935468,0.1796747049189586,0.16634664257073473,0.15095724854577286,0.18537866380527476,0.1752414299429604,0.15907080062498824,/common/users/shared/pracsys/adaptive_roa_experiments/gaussian_torque/cp_low_v2_epi_var_anch,0.9961599056272842,0.9754513588010895
fm,low,epi_var_anch,11,1950,0.00019489931441173797,100.0,0.014467688092095917,100.0,0.013484121157357734,0.0004676852220324946,0.0003409774047926844,0.1247173360719691,0.012670781723981023,0.012905599166682356,0.1273770882099309,0.12724803221826408,0.12724803221826408,0.9895803919353928,0.9883755953389431,0.9871990361627229,-0.0029562696485382427,0.0028716735510828243,6.782031501032422e-05,0.003127437359989458,-4.851154200569141e-15,0.9715402216109211,0.9661207582366335,0.9590509454414068,0.056110925927159626,0.45361024271903827,0.04251246262163163,0.0,101,106242,0.9840120820747839,0.9873282870759742,0.9763364394310937,0.9593805534399594,0.9458051348157697,0.9423668639053254,7.893894947403293e-05,9.690854441517998e-05,8.649451904269905e-05,0.002871673551082813,0.18073831441426177,0.16787146326311628,0.15353626626004782,0.18537866380527476,0.1752414299429604,0.15907080062498824,/common/users/shared/pracsys/adaptive_roa_experiments/gaussian_torque/cp_low_v2_epi_var_anch,0.9961691558723444,0.9774324718345574
fm,low,epi_bald,0,300,0.03957939672105399,100.0,0.4129512335774651,100.0,0.10769413226407634,0.046364171873416925,0.04620727059086759,0.09182463200782208,0.015690128254933138,0.012905599166682356,0.1273770882099309,0.12724803221826408,0.12724803221826408,0.8931213644321455,0.8845842510494908,0.883501816607368,-0.10644170855217334,0.08163067080130955,0.0006990746135922582,0.08191662807552569,-5.551115123125783e-17,0.5966395509928599,0.5104208256807474,0.4240845004885766,0.45459447141292,0.45361024271903827,0.04251246262163163,0.0,101,106242,0.9931409649952696,0.9943995021779714,0.9925942060553257,0.4264026402640264,0.34332366527016867,0.26964497041420116,0.03574632864481795,0.03521453118561626,0.03473593976805957,0.08163067080131398,0.0795918751529527,0.060503379077954104,0.04321266542422018,0.18537866380527476,0.1752414299429604,0.15907080062498824,/common/users/shared/pracsys/adaptive_roa_experiments/gaussian_torque/cp_low_v2_epi_bald,0.8831479911524899,0.3584916844820726
fm,low,epi_bald,1,450,0.005492647106113712,100.0,0.09203242990075618,100.0,0.04787165151258448,0.007384481515243776,0.007153807738071439,0.11201884839086229,0.023067377717233706,0.012905599166682356,0.1273770882099309,0.12724803221826408,0.12724803221826408,0.9609476478228949,0.9543400914892416,0.9450688051806254,-0.037106229174902576,0.02238299156547307,0.00029400193799210695,0.022742721334312235,-1.5612511283791264e-16,0.8870805323462972,0.8519095155233996,0.7921652421652421,0.1336756677360942,0.45361024271903827,0.04251246262163163,0.0,101,106242,0.9559479117785078,0.9868448970931466,0.9948121645796064,0.8274689007362275,0.749436029648727,0.6581065088757396,0.00411461787150055,0.00382579584364188,0.003964935849304154,0.022382991565472684,0.1604638466896331,0.13308296154063365,0.10523145272114606,0.18537866380527476,0.1752414299429604,0.15907080062498824,/common/users/shared/pracsys/adaptive_roa_experiments/gaussian_torque/cp_low_v2_epi_bald,0.9780521099316034,0.8240995072750492
fm,low,epi_bald,2,600,0.001397769291961601,100.0,0.04342714923260965,100.0,0.03096892001280097,0.0018247930966606798,0.001621892257923731,0.11719170077535054,0.02029008387369488,0.012905599166682356,0.1273770882099309,0.12724803221826408,0.12724803221826408,0.9737674366069916,0.9715460928822877,0.967762278571563,-0.01503134353645451,0.011678223700836227,0.00019118021381804944,0.012010180531239999,-1.0477729794899915e-15,0.927773602508617,0.9138574644516,0.8893626643408599,0.08507038706786749,0.45361024271903827,0.04251246262163163,0.0,101,106242,0.9474910014821089,0.9732928679817906,0.9792985701074198,0.9088601167809088,0.8612632935868514,0.8145562130177515,0.0007104125161445495,0.0006167356819641213,0.0006303308872901986,0.01167822370083612,0.17782044765723537,0.15507049942583911,0.13231113872103312,0.18537866380527476,0.1752414299429604,0.15907080062498824,/common/users/shared/pracsys/adaptive_roa_experiments/gaussian_torque/cp_low_v2_epi_bald,0.9911834289630679,0.9082247206714759
fm,low,epi_bald,3,750,0.0013740017003808906,100.0,0.029954420740464286,100.0,0.02236930780670545,0.0006585737645070099,0.0004748077996685878,0.12078534100909352,0.018376596483842208,0.012905599166682356,0.1273770882099309,0.12724803221826408,0.12724803221826408,0.9818998136330265,0.9822104252555487,0.9774665386570283,-0.008664370023154684,0.006937499008838027,0.00014449721861155176,0.007250320965343272,-1.1206313654810174e-15,0.9507945037230369,0.9475466252220249,0.925220216155432,0.07159765857566706,0.45361024271903827,0.04251246262163163,0.0,101,106242,0.9583720210461157,0.9803032043183645,0.9798861982268096,0.9433358720487434,0.9169083682457837,0.8763313609467456,0.0009868366948700138,0.0008674915796393167,0.0009358355182766321,0.006937499008838023,0.1824702095216581,0.16390881195760623,0.1422601231151522,0.18537866380527476,0.1752414299429604,0.15907080062498824,/common/users/shared/pracsys/adaptive_roa_experiments/gaussian_torque/cp_low_v2_epi_bald,0.9922019000342407,0.9454805006576575
fm,low,epi_bald,4,900,0.0007514911481660989,100.0,0.024588866448763833,100.0,0.0221055703017639,0.0007966043281832423,0.0005912268300034625,0.12199609610732404,0.02053774981797798,0.012905599166682356,0.1273770882099309,0.12724803221826408,0.12724803221826408,0.9834152218519983,0.9823704373035146,0.9777018504922723,-0.009461606520961579,0.005843162940943479,0.00011696751959002492,0.006177596430790084,-2.168404344971009e-17,0.9550968399592252,0.9479013101165475,0.9255663430420712,0.06623210428403128,0.45361024271903827,0.04251246262163163,0.0,101,106242,0.958761831670504,0.9830381353487567,0.9867354458364038,0.9514597613607515,0.9151896014609517,0.8715384615384615,0.00042217078783505374,0.00043479922623763977,0.0005065778142865927,0.005843162940943392,0.18396679279381037,0.16314640161141544,0.1404999905875266,0.18537866380527476,0.1752414299429604,0.15907080062498824,/common/users/shared/pracsys/adaptive_roa_experiments/gaussian_torque/cp_low_v2_epi_bald,0.9942280038955136,0.9540805241614981
fm,low,epi_bald,5,1050,0.00040389274870238675,100.0,0.020566002711403304,100.0,0.020335366427589846,0.0006812544464356631,0.00048323222577267887,0.12282943977426627,0.019802222066298423,0.012905599166682356,0.1273770882099309,0.12724803221826408,0.12724803221826408,0.9858718774119463,0.98493063007097,0.9786713352534779,-0.006468534101391165,0.004901824669769551,0.00010007072918694154,0.005228902882099358,-9.315465065995454e-16,0.9619412256903065,0.955701281093495,0.9293023836266067,0.0622092405466458,0.45361024271903827,0.04251246262163163,0.0,101,106242,0.9607475688816856,0.9855618330194601,0.9829065469904963,0.9631378522467632,0.927596949188957,0.8812426035502958,0.00019654400848809995,0.00018386078362358916,0.00014941518153509497,0.004901824669769507,0.1858398750023531,0.16493477155927033,0.1426177971047232,0.18537866380527476,0.1752414299429604,0.15907080062498824,/common/users/shared/pracsys/adaptive_roa_experiments/gaussian_torque/cp_low_v2_epi_bald,0.9954129692605721,0.9614781888228996
fm,low,epi_bald,6,1200,0.000254576713882232,100.0,0.018880721709196392,100.0,0.01993985429491162,0.0010243866445289892,0.0008266087298425072,0.12355856997691529,0.019777791468648193,0.012905599166682356,0.1273770882099309,0.12724803221826408,0.12724803221826408,0.9867378249656444,0.9850718171721164,0.9794713954933078,-0.008044558649121816,0.004516070971190416,8.990993441742866e-05,0.004842904877543721,-8.803721640582296e-16,0.9640900170757194,0.955897892219565,0.9316322372339426,0.06052395954445448,0.45361024271903827,0.04251246262163163,0.0,101,106242,0.9678640876061816,0.9910055350553506,0.9906006266248917,0.9603452652957604,0.9231926093028252,0.8792899408284024,5.171009830052596e-05,8.29438565926959e-05,7.77443113631548e-05,0.004516070971190369,0.18393855537358106,0.16324993881892283,0.14119651361984903,0.18537866380527476,0.1752414299429604,0.15907080062498824,/common/users/shared/pracsys/adaptive_roa_experiments/gaussian_torque/cp_low_v2_epi_bald,0.995956264034998,0.9645096989520109
fm,low,epi_bald,7,1350,0.0004084744760341742,100.0,0.02734677271098175,100.0,0.028989476854727886,0.003455901867999561,0.0031991262372164757,0.12326062133487257,0.025677563078308544,0.012905599166682356,0.1273770882099309,0.12724803221826408,0.12724803221826408,0.9847894429698236,0.9784360234182339,0.9655315223734493,-0.018123529301029725,0.007186537120608393,0.00010752019687743794,0.007572368743058301,4.119968255444917e-16,0.9584725291668809,0.9345858435884989,0.8787818603111551,0.06899001054637864,0.45361024271903827,0.04251246262163163,0.0,101,106242,0.9703418492117176,0.9976226760134106,0.9972952667167543,0.9468900736227469,0.8790417875174562,0.7854437869822485,5.128227068083059e-05,5.518941984746463e-05,8.152090593204243e-05,0.0071865371206083885,0.18089832646222775,0.15441162628715574,0.12528002108394043,0.18537866380527476,0.1752414299429604,0.15907080062498824,/common/users/shared/pracsys/adaptive_roa_experiments/gaussian_torque/cp_low_v2_epi_bald,0.9959220975765541,0.9435233928939539
fm,low,epi_bald,8,1500,0.00016456842526676188,100.0,0.01721099134797061,100.0,0.019485137704485983,0.0005349867192217016,0.0003200874868802148,0.12367250489093749,0.021489923234148684,0.012905599166682356,0.1273770882099309,0.12724803221826408,0.12724803221826408,0.9858342275183073,0.9876884847800305,0.9819374635266656,-0.002329210669979857,0.0038956148142063316,7.414792157470859e-05,0.004239570038214642,-4.675079767757495e-16,0.9625221007545385,0.9643557880967952,0.9406011081189836,0.058854229183259395,0.45361024271903827,0.04251246262163163,0.0,101,106242,0.9444824552829636,0.97875871224693,0.9861751152073732,0.9812642802741812,0.9503706090879793,0.8990532544378699,7.482229704451936e-06,7.758159901380108e-06,1.3386613386613419e-05,0.0038956148142063073,0.19259803091056268,0.1701586943016886,0.14501797782421263,0.18537866380527476,0.1752414299429604,0.15907080062498824,/common/users/shared/pracsys/adaptive_roa_experiments/gaussian_torque/cp_low_v2_epi_bald,0.9963283051010356,0.9693856577088412
fm,low,epi_bald,9,1650,0.00018243801251909372,100.0,0.017651760601149674,100.0,0.02064720167165528,0.0015094649784900976,0.0012942895328380043,0.12433716594043993,0.02151754456520933,0.012905599166682356,0.1273770882099309,0.12724803221826408,0.12724803221826408,0.9884038327591724,0.9854200786882777,0.9761582048530713,-0.010342049283710773,0.004205155810662107,7.270165961104171e-05,0.004549387247981024,-4.423544863740858e-17,0.9686498040612753,0.9568198923981824,0.9195694281268854,0.05929499843642233,0.45361024271903827,0.04251246262163163,0.0,101,106242,0.9709228179360302,0.994610257896262,0.992256561365038,0.9663874079715664,0.9217961112901493,0.8568047337278106,1.120908363602138e-05,1.3162250695429672e-05,1.7761491423161622e-05,0.004205155810662112,0.1845127162515766,0.16241222868545396,0.13735622446866588,0.18537866380527476,0.1752414299429604,0.15907080062498824,/common/users/shared/pracsys/adaptive_roa_experiments/gaussian_torque/cp_low_v2_epi_bald,0.9964424429244466,0.966953077879828
fm,low,epi_bald,10,1800,0.0001877117456291492,100.0,0.018969250038178995,100.0,0.022217296361137777,0.0018316426347412826,0.0015980719929874366,0.1244959534120186,0.02335706417538461,0.012905599166682356,0.1273770882099309,0.12724803221826408,0.12724803221826408,0.9889497562169387,0.9858624649385366,0.974821633628885,-0.010235970708382747,0.004350150799233082,7.121838699112045e-05,0.0047127774326537536,1.726049858596923e-16,0.9702347751128239,0.9581895111902906,0.9146539897265737,0.060612487873530414,0.45361024271903827,0.04251246262163163,0.0,101,106242,0.9689573099711348,0.9945105743672714,0.9924530914629924,0.9715156130997715,0.9244279729294231,0.8481656804733728,4.221232514328667e-06,4.297412102235061e-06,1.1714005718288473e-05,0.004350150799233031,0.18586811242258242,0.16289226482935185,0.1359443534572015,0.18537866380527476,0.1752414299429604,0.15907080062498824,/common/users/shared/pracsys/adaptive_roa_experiments/gaussian_torque/cp_low_v2_epi_bald,0.9964588641219563,0.9658136104472608
fm,low,epi_bald,11,1950,0.00015334901483265556,100.0,0.016196531836024108,100.0,0.019227518307260782,0.0010439399058837962,0.0008279820174799824,0.12457058196457496,0.02159578884038138,0.012905599166682356,0.1273770882099309,0.12724803221826408,0.12724803221826408,0.9885261949134994,0.988262645658026,0.9804220553076938,-0.0066631840515050545,0.0035054322711689854,6.428000152490748e-05,0.0038504461512396232,-1.1319070680748666e-16,0.9692691658053293,0.9655971528678234,0.9349145753801865,0.05783976967132265,0.45361024271903827,0.04251246262163163,0.0,101,106242,0.9625475665932305,0.9926825117703784,0.9920972240669411,0.9760853008377761,0.939950585454936,0.8839644970414201,2.528936596422128e-06,3.932322224523054e-06,1.4945487536494023e-05,0.003505432271168972,0.187985918939779,0.16593249374070518,0.1417330246042055,0.18537866380527476,0.1752414299429604,0.15907080062498824,/common/users/shared/pracsys/adaptive_roa_experiments/gaussian_torque/cp_low_v2_epi_bald,0.9965535907136277,0.9724519726548208
fm,low,yield_a1,0,300,0.03930904154224463,100.0,0.40712399862423615,100.0,0.10455686075186837,0.04375746721302248,0.04360896418610414,0.09146220644608921,0.014850302691834292,0.012905599166682356,0.1273770882099309,0.12724803221826408,0.12724803221826408,0.8955309576250448,0.8873044558649121,0.8880103913706444,-0.10295598727433596,0.07939478995827896,0.0006916072963240854,0.07967234897686415,-2.7755575615628914e-17,0.6094514233435377,0.527822691958828,0.45957485465116277,0.4487672364596671,0.45361024271903827,0.04251246262163163,0.0,101,106242,0.9926639156350298,0.993025671464609,0.9888584831899921,0.4397055090124397,0.35943710387796757,0.2993491124260355,0.03550502436002925,0.035788015126130224,0.03514838005202027,0.07939478995828324,0.08211441802676907,0.06343065830839027,0.04815421396434555,0.18537866380527476,0.1752414299429604,0.15907080062498824,/common/users/shared/pracsys/adaptive_roa_experiments/gaussian_torque/cp_low_v2_yield_a1,0.8819184995608572,0.37606272903225835
fm,low,yield_a1,1,450,0.010053385822385666,100.0,0.14237074127261717,100.0,0.057012575064475435,0.013179334400152544,0.012981589115373882,0.10774584016622876,0.019774528477866142,0.012905599166682356,0.1273770882099309,0.12724803221826408,0.12724803221826408,0.9474783983735245,0.9421697633704185,0.936635229005478,-0.047871933886786774,0.03248378116740912,0.00039197829901488747,0.0328105824438546,-8.326672684688674e-17,0.8410980749515891,0.8060850902663805,0.7540552389302938,0.1840139791079163,0.45361024271903827,0.04251246262163163,0.0,101,106242,0.9576551455807016,0.9773457829481096,0.985485103132162,0.7498349834983499,0.6858953700719733,0.6106508875739645,0.008161829124697957,0.007677437008210148,0.00793589470248995,0.03248378116740782,0.14514975245194933,0.12298337757195836,0.09856742154703413,0.18537866380527476,0.1752414299429604,0.15907080062498824,/common/users/shared/pracsys/adaptive_roa_experiments/gaussian_torque/cp_low_v2_yield_a1,0.9634394367425662,0.7447207583399731
fm,low,yield_a1,2,600,0.0038176335248845494,100.0,0.06202949109764537,100.0,0.03384772500517686,0.0011980379554488358,0.0010045366313325007,0.11385791357525442,0.019350132411633515,0.012905599166682356,0.1273770882099309,0.12724803221826408,0.12724803221826408,0.9673857796351726,0.968082302667495,0.9672257675872066,-0.013907211837126558,0.014394655274341278,0.00023759007484712354,0.01471721259012443,-8.864436962241484e-16,0.910416505080276,0.90421174543092,0.8884260446039477,0.10367272893290179,0.45361024271903827,0.04251246262163163,0.0,101,106242,0.9274652338811631,0.9536435678960853,0.9688985183114341,0.893983244478294,0.8596519497260715,0.8202958579881657,0.0031639944078176428,0.0028149266235898635,0.0029968936607052054,0.014394655274341047,0.17868639521093352,0.157969541236046,0.13467366954688353,0.18537866380527476,0.1752414299429604,0.15907080062498824,/common/users/shared/pracsys/adaptive_roa_experiments/gaussian_torque/cp_low_v2_yield_a1,0.9828514578561615,0.8868771876200755
fm,low,yield_a1,3,750,0.0013909342534447863,100.0,0.04530069023475768,100.0,0.03190019013196287,0.0004242039673276986,0.00020689158597002436,0.11562247400741833,0.02173123813576742,0.012905599166682356,0.1273770882099309,0.12724803221826408,0.12724803221826408,0.9655879972139079,0.973710961766533,0.9755087441877976,0.0031418836241787623,0.011832449796814174,0.0001983575349361483,0.012178818169838668,-1.6063539387545234e-15,0.9102954166257731,0.925010068465566,0.9205981080256332,0.08694392807010635,0.45361024271903827,0.04251246262163163,0.0,101,106242,0.8807748919804378,0.9247866000966339,0.9504725897920605,0.9418634171109419,0.9252336448598131,0.8925443786982249,0.0007739972077117337,0.0005905328771991668,0.0007649510613108015,0.011832449796814205,0.1982361024830105,0.17532614220364828,0.14937595301293274,0.18537866380527476,0.1752414299429604,0.15907080062498824,/common/users/shared/pracsys/adaptive_roa_experiments/gaussian_torque/cp_low_v2_yield_a1,0.9900122629682723,0.9070127090333437
fm,low,yield_a1,4,900,0.00032443880201186965,100.0,0.02482612565494854,100.0,0.02312964740874607,0.00027822574121019527,6.876619592583496e-05,0.1210802683006431,0.020945954528436034,0.012905599166682356,0.1273770882099309,0.12724803221826408,0.12724803221826408,0.9774947760772575,0.9843470567195648,0.9829728356017394,0.003538901752602548,0.006236530113544855,0.00011931012182061388,0.006575045650496037,-1.9671764217576992e-15,0.9410255777816146,0.9552584142699563,0.9450702942337473,0.06646936349025814,0.45361024271903827,0.04251246262163163,0.0,101,106242,0.9150038372985418,0.9569834510268989,0.9706230898771284,0.9685707032241686,0.9535395853475132,0.9208284023668639,2.182871588490679e-05,4.293989384631494e-05,4.6374824319149676e-05,0.006236530113544869,0.19623124564673106,0.17461079422450632,0.15091018617872404,0.18537866380527476,0.1752414299429604,0.15907080062498824,/common/users/shared/pracsys/adaptive_roa_experiments/gaussian_torque/cp_low_v2_yield_a1,0.9951140696863516,0.9509891822700445
fm,low,yield_a1,5,1050,0.0004489776286414421,100.0,0.0263617502062099,100.0,0.02521959300464976,0.00036107457215702897,0.00013364475165384765,0.12092329483908938,0.022742982050318133,0.012905599166682356,0.1273770882099309,0.12724803221826408,0.12724803221826408,0.976882965305623,0.9820127633139436,0.9786242728864291,-0.0034009148924154294,0.006458382130828057,0.00010831397178886122,0.006814867942998061,-4.952635523913784e-16,0.9388720195131663,0.9476968552426308,0.929130909658293,0.06800498804154703,0.45361024271903827,0.04251246262163163,0.0,101,106242,0.9208123809988771,0.9661811485015905,0.9829646748101684,0.9576542269611577,0.9299065420560748,0.880887573964497,0.00012500172319457922,0.00015476768399341385,0.000201498311348419,0.006458382130828064,0.1927956928521677,0.16866211102953635,0.14255190979085483,0.18537866380527476,0.1752414299429604,0.15907080062498824,/common/users/shared/pracsys/adaptive_roa_experiments/gaussian_torque/cp_low_v2_yield_a1,0.9944133408998045,0.9492457209888305
fm,low,yield_a1,6,1200,0.0003619875319573674,100.0,0.025819093855151423,100.0,0.025588844336514746,0.0007186586901495072,0.0004705748700772079,0.12147938331505699,0.024808382007229922,0.012905599166682356,0.1273770882099309,0.12724803221826408,0.12724803221826408,0.9760734925923834,0.9845541311345796,0.9805350049886109,0.0016924568438094166,0.00623922377328375,0.0001083019516310424,0.006616363585022872,-5.464378949326942e-16,0.937842331768388,0.9556666216398757,0.935927624240922,0.06746233169056612,0.45361024271903827,0.04251246262163163,0.0,101,106242,0.9045328050563652,0.9614067511007229,0.9823100936524454,0.9736989083523737,0.9499946288537974,0.8937278106508876,6.004798324436881e-05,5.41473924881615e-05,0.00011222018523945547,0.006239223773283729,0.19955384876037724,0.17316127331940287,0.14472619114851,0.18537866380527476,0.1752414299429604,0.15907080062498824,/common/users/shared/pracsys/adaptive_roa_experiments/gaussian_torque/cp_low_v2_yield_a1,0.9951842646120709,0.950968013693274
fm,low,yield_a1,7,1350,0.00032234690086532694,100.0,0.023062054606363708,100.0,0.02436870540840722,0.0007903157732678503,0.000544794551372878,0.12244658547451084,0.02455212218949724,0.012905599166682356,0.1273770882099309,0.12724803221826408,0.12724803221826408,0.9793113834453417,0.9855518533160144,0.9796690574349127,-0.002336928898175863,0.0053462412951259175,9.034540442678997e-05,0.005720818508687713,-2.0036056147532122e-16,0.9456102147876869,0.9580084803720421,0.9323350667251424,0.06470529244176025,0.45361024271903827,0.04251246262163163,0.0,101,106242,0.9222860452768258,0.9761944583821152,0.9906137664758354,0.9701447067783702,0.940487700075196,0.8805325443786982,6.0285665255310843e-05,5.3424818771856584e-05,0.00011339284080183247,0.005346241295125882,0.19499821163005215,0.16883153555091207,0.14139417556145403,0.18537866380527476,0.1752414299429604,0.15907080062498824,/common/users/shared/pracsys/adaptive_roa_experiments/gaussian_torque/cp_low_v2_yield_a1,0.9955651839171108,0.9579856662462513
fm,low,yield_a1,8,1500,0.0003977725464258952,100.0,0.02865036980822204,100.0,0.02973758024133582,0.0011121931268991778,0.0008301885876150317,0.1211502176896851,0.028200453928414627,0.012905599166682356,0.1273770882099309,0.12724803221826408,0.12724803221826408,0.9743792473786261,0.9825022119312513,0.9755087441877976,-0.0020746973889798764,0.006928003116194228,0.00010062223633961673,0.0073390636471451975,2.1423834928313568e-16,0.9335157051438621,0.9492589458743892,0.9172497137768731,0.07029360764373875,0.45361024271903827,0.04251246262163163,0.0,101,106242,0.8994210947427872,0.9650369054886508,0.991542904290429,0.9702970297029703,0.9339886131700504,0.8533136094674556,4.856318847565493e-05,3.048120176939277e-05,0.00010927421377099587,0.00692800311619422,0.19998682253722633,0.1696033583705126,0.1368950132715875,0.18537866380527476,0.1752414299429604,0.15907080062498824,/common/users/shared/pracsys/adaptive_roa_experiments/gaussian_torque/cp_low_v2_yield_a1,0.995126966273453,0.9455551257224091
fm,low,yield_a1,9,1650,0.00024870379814429774,100.0,0.020320914024709293,100.0,0.021993844242390016,0.0006982042474740638,0.0004675947508398312,0.12327604263153545,0.023060949663423265,0.012905599166682356,0.1273770882099309,0.12724803221826408,0.12724803221826408,0.9813727151220798,0.987829671881177,0.9820880631012218,-0.0005511003181416011,0.004439584337568187,7.61550216335806e-05,0.004799249825869241,-2.7582103268031233e-16,0.9510160639588129,0.964922275575812,0.9411837428527275,0.06196415186008033,0.45361024271903827,0.04251246262163163,0.0,101,106242,0.9277987056891722,0.9748396645288604,0.9851827887415076,0.9754252348311754,0.9552046406703191,0.9009467455621302,5.7100726308688945e-05,5.901906054388108e-05,8.11475700126648e-05,0.004439584337568131,0.19489467442254477,0.17171175241429942,0.14546977654788126,0.18537866380527476,0.1752414299429604,0.15907080062498824,/common/users/shared/pracsys/adaptive_roa_experiments/gaussian_torque/cp_low_v2_yield_a1,0.9958350625182487,0.9651107819887295
fm,low,yield_a1,10,1800,0.0003049528647474386,100.0,0.027548743225738814,100.0,0.02856017394250861,0.002007183718704729,0.0017196921542774893,0.1227199310841486,0.02874915644272396,0.012905599166682356,0.1273770882099309,0.12724803221826408,0.12724803221826408,0.9716778675100243,0.9862107264546978,0.9823421998832853,0.008031192936879953,0.0062477932883930505,9.053411159360083e-05,0.006664340844487113,7.28583859910259e-17,0.928095203957273,0.9610299789854494,0.9421951069205645,0.06919198106134337,0.45361024271903827,0.04251246262163163,0.0,101,106242,0.8766251354279523,0.9519894598155467,0.982962581972483,0.985986290936786,0.970243850037598,0.9046745562130177,4.021579625137444e-06,2.16467873326742e-05,6.855171951532158e-05,0.006247793288393074,0.2085051109730615,0.17860168295024567,0.14640161141544775,0.18537866380527476,0.1752414299429604,0.15907080062498824,/common/users/shared/pracsys/adaptive_roa_experiments/gaussian_torque/cp_low_v2_yield_a1,0.9957763404552478,0.9509006687217259
fm,low,yield_a1,11,1950,0.0002769464226667723,100.0,0.024739073784601107,100.0,0.026693398091150393,0.0018959809648399267,0.0016145335679212472,0.12356194363120067,0.02814473969186795,0.012905599166682356,0.1273770882099309,0.12724803221826408,0.12724803221826408,0.9747275088947873,0.9880367462961918,0.9831987349635737,0.005710359368234785,0.005300622154984835,7.521207963549369e-05,0.005711125543570339,1.8041124150158794e-16,0.9353868367224162,0.9659477561955794,0.9448716760863523,0.06638231162015659,0.45361024271903827,0.04251246262163163,0.0,101,106242,0.8890667886550778,0.963649970599241,0.988242134504813,0.9867986798679867,0.9682565259426361,0.9051479289940828,2.79799263280839e-05,2.6955802637736296e-05,7.414379577121125e-05,0.0053006221549848406,0.20575666873741083,0.17607914007642927,0.14569567590971555,0.18537866380527476,0.1752414299429604,0.15907080062498824,/common/users/shared/pracsys/adaptive_roa_experiments/gaussian_torque/cp_low_v2_yield_a1,0.9961126595971141,0.9583441719091352
fm,low,yield_mlp,0,300,0.03930904154224463,100.0,0.40712399862423615,100.0,0.10455686075186837,0.04375746721302248,0.04360896418610414,0.09146220644608921,0.014850302691834292,0.012905599166682356,0.1273770882099309,0.12724803221826408,0.12724803221826408,0.8955309576250448,0.8873044558649121,0.8880103913706444,-0.10295598727433596,0.07939478995827896,0.0006916072963240854,0.07967234897686415,-2.7755575615628914e-17,0.6094514233435377,0.527822691958828,0.45957485465116277,0.4487672364596671,0.45361024271903827,0.04251246262163163,0.0,101,106242,0.9926639156350298,0.993025671464609,0.9888584831899921,0.4397055090124397,0.35943710387796757,0.2993491124260355,0.03550502436002925,0.035788015126130224,0.03514838005202027,0.07939478995828324,0.08211441802676907,0.06343065830839027,0.04815421396434555,0.18537866380527476,0.1752414299429604,0.15907080062498824,/common/users/shared/pracsys/adaptive_roa_experiments/gaussian_torque/cp_low_v2_yield_mlp,0.8819184995608572,0.37606272903225835
fm,low,yield_mlp,1,450,0.011247144137089628,100.0,0.1512767194925977,100.0,0.05617815929669998,0.014530128842961091,0.014357073702410045,0.10858838269359877,0.017305514055104613,0.012905599166682356,0.1273770882099309,0.12724803221826408,0.12724803221826408,0.9474689859001149,0.9424144876790723,0.9391577718792944,-0.04889911710999418,0.033016723227075065,0.0004056779175370965,0.033318834359292934,-2.914335439641036e-16,0.8387693196591074,0.8058394160583943,0.7658819268381022,0.19291995732786565,0.45361024271903827,0.04251246262163163,0.0,101,106242,0.9729892761394102,0.9847967731926777,0.9872082166199814,0.737090632140137,0.6819207218820497,0.625621301775148,0.009274846445536814,0.009086953950567207,0.009274137710968456,0.033016723227074614,0.14043410327365824,0.12134560719865967,0.10080759021855763,0.18537866380527476,0.1752414299429604,0.15907080062498824,/common/users/shared/pracsys/adaptive_roa_experiments/gaussian_torque/cp_low_v2_yield_mlp,0.960177566912892,0.7405325437925623
fm,low,yield_mlp,2,600,0.003402595348941,100.0,0.06361492145894286,100.0,0.03493590105607952,0.0015684418590526412,0.0013837926048913297,0.11330569459901686,0.018464925416131157,0.012905599166682356,0.1273770882099309,0.12724803221826408,0.12724803221826408,0.9664068824005572,0.9681670149281828,0.9665857193953427,-0.013481673914271191,0.015326130224136663,0.00024782803127909337,0.015639835469964794,-1.887379141862766e-15,0.9074885300292904,0.9042034896895536,0.8865959621773575,0.10525815929420375,0.45361024271903827,0.04251246262163163,0.0,101,106242,0.926975217115018,0.9565504015342203,0.9634129408497639,0.8888042650418888,0.8572886453969277,0.8211242603550296,0.002563752257384894,0.0023910762906640313,0.0025395423039962436,0.015326130224136338,0.17774514786995727,0.15705653131529904,0.13557726699422074,0.18537866380527476,0.1752414299429604,0.15907080062498824,/common/users/shared/pracsys/adaptive_roa_experiments/gaussian_torque/cp_low_v2_yield_mlp,0.983870405224673,0.8795570355237534
fm,low,yield_mlp,3,750,0.0017894747298703732,100.0,0.04448311559747752,100.0,0.029508010014871702,0.0011254566935846833,0.0009395648313049519,0.11707206637336597,0.018589186227973155,0.012905599166682356,0.1273770882099309,0.12724803221826408,0.12724803221826408,0.9740215733890552,0.9737391991867623,0.9715649178291071,-0.010731066809736262,0.011115530676201598,0.00019412826197632893,0.01143047853014815,-1.4762496780562628e-15,0.9289319188381914,0.9215939748201438,0.9046311203712474,0.08612635343273409,0.45361024271903827,0.04251246262163163,0.0,101,106242,0.9423750065304843,0.9664623364375811,0.9696149421398119,0.9158669713125158,0.8807068428402621,0.847810650887574,0.0011631397033062994,0.0009119831054659058,0.0010489890789676655,0.01111553067620136,0.18016415353626625,0.15969202387003256,0.1390881195760622,0.18537866380527476,0.1752414299429604,0.15907080062498824,/common/users/shared/pracsys/adaptive_roa_experiments/gaussian_torque/cp_low_v2_yield_mlp,0.989666766048254,0.9126467381661705
fm,low,yield_mlp,4,900,0.000986059312486296,100.0,0.03264948191819112,100.0,0.02540925434385648,0.00047198732812201555,0.0002796726411837334,0.11927395176402579,0.019231468693828215,0.012905599166682356,0.1273770882099309,0.12724803221826408,0.12724803221826408,0.9791513713973758,0.9793207959187515,0.9749722332034412,-0.005845240112196683,0.008253753095420233,0.00015842439173508404,0.008575123774025337,-1.7867651802561113e-15,0.9436429789074625,0.939041647013124,0.9171728498894184,0.07429271975346499,0.45361024271903827,0.04251246262163163,0.0,101,106242,0.9457364341085271,0.9712449061585261,0.9683615075971848,0.9415587712617416,0.9089053604039102,0.8711242603550295,0.0004728921289700605,0.00041985335936880347,0.0005253442726676096,0.008253753095420226,0.1845597786186254,0.16399352421829408,0.14309783324862108,0.18537866380527476,0.1752414299429604,0.15907080062498824,/common/users/shared/pracsys/adaptive_roa_experiments/gaussian_torque/cp_low_v2_yield_mlp,0.9928483132501147,0.9351364971894979
fm,low,yield_mlp,5,1050,0.0003961729636143302,100.0,0.026047033292248285,100.0,0.023846972007304082,0.00026917239300919916,5.84519090521421e-05,0.12091600608965693,0.021072048395705707,0.012905599166682356,0.1273770882099309,0.12724803221826408,0.12724803221826408,0.9788501722482634,0.9836034713201935,0.9805067675683816,0.0037831554375858892,0.006390478037657119,0.00012379391436854377,0.006730254513281,-2.171006430184974e-15,0.9445964938235077,0.9529367266439726,0.9369692911708312,0.06769027112758129,0.45361024271903827,0.04251246262163163,0.0,101,106242,0.9181765890135174,0.9586866710154381,0.9646550103402896,0.9725818735719726,0.9472553442904715,0.9108284023668639,9.458793307444995e-05,0.0001029819666517016,0.00015096775696347517,0.00639047803765713,0.19636302027446773,0.1731518608459931,0.1501948381995821,0.18537866380527476,0.1752414299429604,0.15907080062498824,/common/users/shared/pracsys/adaptive_roa_experiments/gaussian_torque/cp_low_v2_yield_mlp,0.994876098155237,0.9497793566921667
fm,low,yield_mlp,6,1200,0.00020143503151392455,100.0,0.017769064832893627,100.0,0.018128612036670995,0.0001600028383331874,-2.441129414385804e-05,0.12308723129411592,0.018441413247704548,0.012905599166682356,0.1273770882099309,0.12724803221826408,0.12724803221826408,0.9845917810282186,0.9875661226257035,0.9840270326236329,-0.0007761525573690253,0.004136389630002325,9.28298764725084e-05,0.004449859754146195,-1.9801868478275253e-15,0.9588455640194082,0.9639553603099675,0.9482322076812788,0.0594123026681279,0.45361024271903827,0.04251246262163163,0.0,101,106242,0.9496066128871626,0.979646164938162,0.9786537371702034,0.9682660573749683,0.9487592652271994,0.9196449704142012,2.5489018853412507e-05,2.2281891599110665e-05,1.911246022595027e-05,0.004136389630002298,0.18902129101485288,0.16971630805142976,0.14947949022044013,0.18537866380527476,0.1752414299429604,0.15907080062498824,/common/users/shared/pracsys/adaptive_roa_experiments/gaussian_torque/cp_low_v2_yield_mlp,0.9960574689430367,0.9674934884422627
fm,low,yield_mlp,7,1350,0.0003254692526167074,100.0,0.024003414362209638,100.0,0.025769657950716292,0.0015247847181990419,0.0012657835983999324,0.1230092560722731,0.025900111979910927,0.012905599166682356,0.1273770882099309,0.12724803221826408,0.12724803221826408,0.9838764330490767,0.9857118653639804,0.9742286478040699,-0.009758287682837298,0.0055045597443914495,9.095839287577399e-05,0.005892616855857381,5.342948306008566e-16,0.9569457360444368,0.9578801331853496,0.9123671744975035,0.0656466521976486,0.45361024271903827,0.04251246262163163,0.0,101,106242,0.9474915389209636,0.9907588106991161,0.9936558839933073,0.9665905052043666,0.9271135460307229,0.8433727810650887,5.1054095950326314e-05,2.6172380608479222e-05,8.285903960422422e-05,0.005504559744391394,0.18911541574895052,0.1639841117448843,0.13501251858963498,0.18537866380527476,0.1752414299429604,0.15907080062498824,/common/users/shared/pracsys/adaptive_roa_experiments/gaussian_torque/cp_low_v2_yield_mlp,0.9957610934504462,0.9567414941635429
fm,low,yield_mlp,8,1500,0.000497155077587558,100.0,0.030500015912239484,100.0,0.030540181848986277,0.0010134292336323354,0.0007341094835439627,0.1205155555640806,0.027931975008837266,0.012905599166682356,0.1273770882099309,0.12724803221826408,0.12724803221826408,0.9716966924568438,0.9820315882607632,0.9764782289490033,-0.00021225127539014694,0.007466586137727493,0.00010982439562925989,0.00787496187948269,5.0306980803327406e-17,0.9267496528708191,0.9478742866504656,0.9209652424175337,0.07214325374776527,0.45361024271903827,0.04251246262163163,0.0,101,106242,0.890709870762315,0.9640099972229936,0.9891976357089476,0.9658288905813658,0.9322698463852186,0.8615384615384616,0.00010527411628639915,6.0688586130501684e-05,0.0001773035434705494,0.007466586137727483,0.20101278213889046,0.16947158374277593,0.13854219611829596,0.18537866380527476,0.1752414299429604,0.15907080062498824,/common/users/shared/pracsys/adaptive_roa_experiments/gaussian_torque/cp_low_v2_yield_mlp,0.9946516407096686,0.9413225807302048
fm,low,yield_mlp,9,1650,0.00031824869103000555,100.0,0.02660045598627743,100.0,0.02825398618248904,0.0016338575827814926,0.0013434768168571563,0.12259620774184798,0.02903807659243363,0.012905599166682356,0.1273770882099309,0.12724803221826408,0.12724803221826408,0.974821633628885,0.986719000018825,0.9799231942169764,0.0009252461361796652,0.005995301293273847,9.169997117261697e-05,0.006414738050865007,5.941427905220564e-16,0.9353568062637442,0.961972779948794,0.9333041493386699,0.06824369382183766,0.45361024271903827,0.04251246262163163,0.0,101,106242,0.8924190722124873,0.96538107859577,0.9895895497646044,0.9826351865955827,0.9585884627779568,0.8830769230769231,1.3024974199617721e-06,2.2818117357000306e-06,6.763353230162858e-05,0.0059953012932738295,0.20411889836411212,0.1740083959262815,0.14194951149263002,0.18537866380527476,0.1752414299429604,0.15907080062498824,/common/users/shared/pracsys/adaptive_roa_experiments/gaussian_torque/cp_low_v2_yield_mlp,0.995767473648242,0.952884919406924
fm,low,yield_mlp,10,1800,0.00019886048037962825,100.0,0.01885338218962077,100.0,0.02061585813520077,0.0005060301046066514,0.00028466377095139246,0.12321769315311365,0.022136633365525897,0.012905599166682356,0.1273770882099309,0.12724803221826408,0.12724803221826408,0.9841964571450086,0.9870013742211178,0.9822198377289584,-0.004060446904237495,0.004315002836101836,8.239556049900681e-05,0.004665425161423919,1.6479873021779667e-17,0.9579440422813916,0.9621964906517753,0.9413736383104185,0.06049662002495653,0.45361024271903827,0.04251246262163163,0.0,101,106242,0.9453233142179157,0.9811310221626751,0.9898831668951112,0.9709063214013709,0.9439789451068858,0.897396449704142,1.728423583569709e-05,1.966921716173421e-05,3.636337490727208e-05,0.00431500283610182,0.19039551213267822,0.16860563618907776,0.14420850511097305,0.18537866380527476,0.1752414299429604,0.15907080062498824,/common/users/shared/pracsys/adaptive_roa_experiments/gaussian_torque/cp_low_v2_yield_mlp,0.9960915790348185,0.9660898266096527
fm,low,yield_mlp,11,1950,0.0002190417587512379,100.0,0.022279147149509883,100.0,0.02419325690404925,0.0011083514186177072,0.000848962657034898,0.1231571287910271,0.025938876158280923,0.012905599166682356,0.1273770882099309,0.12724803221826408,0.12724803221826408,0.9782571864234484,0.9882908830782553,0.9825775117185294,0.0025515332919184503,0.004939866084272251,7.944387517201558e-05,0.005328310837521884,3.703634621210483e-16,0.9437956204379562,0.9664834572691022,0.9429003300737268,0.0639223849849926,0.45361024271903827,0.04251246262163163,0.0,101,106242,0.9060967063770147,0.9696183371175262,0.9849197654185732,0.9847677075399848,0.9633687828982704,0.9043195266272189,3.3655772749377188e-06,5.301409265943072e-06,2.050400230271537e-05,0.004939866084272222,0.20147399333596883,0.1741119331337889,0.14605334989928653,0.18537866380527476,0.1752414299429604,0.15907080062498824,/common/users/shared/pracsys/adaptive_roa_experiments/gaussian_torque/cp_low_v2_yield_mlp,0.9961007461679726,0.9611792339876889
fm,low,partx,0,300,0.007555723123582144,1.0,0.1369298064773257,100.0,0.0788119356029813,0.0028523258862063763,0.0028523258862063763,0.09178789498949078,0.03892761180312015,0.012905599166682356,0.1273770882099309,0.12724803221826408,0.12724803221826408,0.9294252743735999,0.9361175429679411,0.9328420022213437,0.0268952621571531,0.03764197357582666,0.0004004338690493591,0.037771029567493494,-0.0006704895391530102,0.8296063994182348,0.8242938876951355,0.7807785663809261,0.17857304431398047,0.45361024271903827,0.04251246262163163,0.0,20,106242,0.750874161833066,0.7956419611174971,0.8120406467693487,0.9267834475755268,0.8550864754538618,0.7518343195266273,0.002478384735657858,0.003966739034318495,0.01056610793402267,0.03764197357582738,0.22880781611791948,0.18833418045594022,0.14727697144255567,0.18537866380527476,0.1752414299429604,0.15907080062498824,/common/users/shared/pracsys/adaptive_roa_experiments/gaussian_torque/cp_low_v2_partx,0.974186983656255,0.7041842382972123
fm,low,partx,1,450,0.006143706085975114,1.0,0.10996019859800447,100.0,0.06698691303072413,0.0014979864869819235,0.0014979864869819235,0.09962597511033561,0.037792308924917445,0.012905599166682356,0.1273770882099309,0.12724803221826408,0.12724803221826408,0.941275578396491,0.9504621524444193,0.9488996818583988,0.023539892513587093,0.028323273179460016,0.0003397193885093881,0.028452329171126837,-0.0007967704154503812,0.8553476617745936,0.8601567689650591,0.8320183173984342,0.15160343643468108,0.45361024271903827,0.04251246262163163,0.0,20,106242,0.7870797064345452,0.8511331966135562,0.8719761333419807,0.9365828890581366,0.8693737243527769,0.7955621301775148,0.0025667576133103754,0.0038447593535252986,0.008170260455261293,0.028323273179460515,0.2205907268311967,0.1789970068334557,0.1451309275051298,0.18537866380527476,0.1752414299429604,0.15907080062498824,/common/users/shared/pracsys/adaptive_roa_experiments/gaussian_torque/cp_low_v2_partx,0.9807887994282432,0.7774168080581545
fm,low,partx,2,600,0.0038125308773731786,1.0,0.08611032725322176,100.0,0.05260982902273657,0.004428610802119563,0.004428610802119563,0.10899921505811448,0.029656695753554573,0.012905599166682356,0.1273770882099309,0.12724803221826408,0.12724803221826408,0.9495303175768528,0.960072287795787,0.965145610963649,0.034653600523803535,0.021580477917406523,0.0002965725968289426,0.02170953390907334,-0.0010969500448626476,0.8771535923753666,0.8926021570712441,0.8933621310295177,0.12775356508956764,0.45361024271903827,0.04251246262163163,0.0,20,106242,0.7991900805744583,0.8442528735632184,0.8701823281907434,0.9719725818735719,0.9468256525942637,0.917810650887574,0.0014193836130523684,0.002598872420919314,0.004059810417598165,0.021580477917406943,0.22545697558404398,0.19653244479584345,0.16777733852901866,0.18537866380527476,0.1752414299429604,0.15907080062498824,/common/users/shared/pracsys/adaptive_roa_experiments/gaussian_torque/cp_low_v2_partx,0.9891457332761555,0.8304061953556163
fm,low,partx,3,750,0.0028053317544890835,1.0,0.06036495393503866,100.0,0.03715033109814121,0.0011926677681837721,0.0011926677681837721,0.11324615878616058,0.023138281128359663,0.012905599166682356,0.1273770882099309,0.12724803221826408,0.12724803221826408,0.9665951318687525,0.9725061651700834,0.9736827243463038,0.01830905344833728,0.013722280282307073,0.00023351035308958034,0.013851336273973896,-0.0014722609179802035,0.9143808352030106,0.9229023147781562,0.9173905335933346,0.10200819177093967,0.45361024271903827,0.04251246262163163,0.0,20,106242,0.8710700496414782,0.9073122632207172,0.9161454030449664,0.9622239146991622,0.9390374906004941,0.9186390532544378,0.001158024368268294,0.0018205981898303705,0.002809148007634284,0.013722280282307178,0.2047777715027955,0.18136895013271587,0.15950377440183733,0.18537866380527476,0.1752414299429604,0.15907080062498824,/common/users/shared/pracsys/adaptive_roa_experiments/gaussian_torque/cp_low_v2_partx,0.9915827823470859,0.8921611592486576
fm,low,partx,4,900,0.0019227073625259336,1.0,0.04888303680313493,100.0,0.031121263319368087,0.00038433300447314494,0.00038433300447314494,0.11479272297207659,0.019425533121778877,0.012905599166682356,0.1273770882099309,0.12724803221826408,0.12724803221826408,0.9722237909677905,0.9745674968468214,0.9749063458895728,0.009326508932127347,0.011341267013550519,0.0002038679983185471,0.011470323005217347,-0.0014983752371101177,0.927216672832655,0.9274241203330648,0.9200983036624109,0.09052627463872535,0.45361024271903827,0.04251246262163163,0.0,19,106242,0.9015347721822542,0.9275736084246723,0.9322239766792177,0.9544046712363544,0.927274680416801,0.908284023668639,0.0007621986726885759,0.0010188479877079252,0.001673454433890937,0.011341267013550529,0.19625007059355057,0.17518495510250184,0.15498578716515127,0.18537866380527476,0.1752414299429604,0.15907080062498824,/common/users/shared/pracsys/adaptive_roa_experiments/gaussian_torque/cp_low_v2_partx,0.9925897666171662,0.9108727513043404
fm,low,partx,5,1050,0.0010341577804044413,1.0,0.04162770609965379,100.0,0.027470013859901176,0.0006477774652474627,0.0006477774652474627,0.11687256538938406,0.01792161491632824,0.012905599166682356,0.1273770882099309,0.12724803221826408,0.12724803221826408,0.9747275088947873,0.9788878221419024,0.9792266711846539,0.01164376890897402,0.009298548181696863,0.00017596480376777553,0.009427604173363687,-0.0017246961124306216,0.9341895634696928,0.9402869845326518,0.9346558105107329,0.08327094393504778,0.45361024271903827,0.04251246262163163,0.0,18,106242,0.9030041698256255,0.9321720770651887,0.9353481481481482,0.9676059913683676,0.9485444193790955,0.9339644970414201,0.0003039002191903346,0.0004010905377018512,0.0008903546478528493,0.009298548181696882,0.19864083883963027,0.1783193087479528,0.15883548878974416,0.18537866380527476,0.1752414299429604,0.15907080062498824,/common/users/shared/pracsys/adaptive_roa_experiments/gaussian_torque/cp_low_v2_partx,0.9938865697209538,0.9269257997974586
fm,low,partx,6,1200,0.0008729651582224564,1.0,0.03512649071699635,100.0,0.024140831093752712,0.0001374176523285391,0.0001374176523285391,0.11772718348415286,0.017342878273661304,0.012905599166682356,0.1273770882099309,0.12724803221826408,0.12724803221826408,0.9788031098812146,0.9810338660793283,0.9797914195892397,0.005081568929145686,0.007679573199695086,0.00015435842464432448,0.00780862919136191,-0.001978693186744679,0.9439856730673565,0.9454565140892727,0.9351614169661462,0.07676972855228698,0.45361024271903827,0.04251246262163163,0.0,17,106242,0.9252523282461358,0.9530150068212824,0.954974403256646,0.9634932724041635,0.9380169728220003,0.9161538461538462,0.0003476527237645398,0.0002498007082212564,0.0006817150965106387,0.007679573199695123,0.19304041716082151,0.17248357523389996,0.1526044313924813,0.18537866380527476,0.1752414299429604,0.15907080062498824,/common/users/shared/pracsys/adaptive_roa_experiments/gaussian_torque/cp_low_v2_partx,0.9943293472327914,0.939648786186944
fm,low,partx,7,1350,0.0007195976917818414,1.0,0.031317347032190614,100.0,0.02311134657653387,9.930877215724296e-05,9.930877215724296e-05,0.11852566523657687,0.017518280045493738,0.012905599166682356,0.1273770882099309,0.12724803221826408,0.12724803221826408,0.9800926187383521,0.9828410609740027,0.9804408802545133,0.004120216014761543,0.006689061971863503,0.00013433915880733705,0.006818117963530326,-0.002132613781980955,0.9472581731128898,0.9504821404318893,0.9370226694144745,0.07296058486749164,0.45361024271903827,0.04251246262163163,0.0,17,106242,0.9307556600999706,0.9614771665659174,0.9604249502982107,0.9643564356435643,0.9397357396068321,0.9147337278106509,0.0002838778865886013,0.00022003451513027812,0.000528503494067893,0.006689061971863524,0.19207093239961598,0.17127877863745036,0.15150317200353908,0.18537866380527476,0.1752414299429604,0.15907080062498824,/common/users/shared/pracsys/adaptive_roa_experiments/gaussian_torque/cp_low_v2_partx,0.9947575295595463,0.9474328847742809
fm,low,partx,8,1500,0.000605065008442666,1.0,0.03033496933488622,100.0,0.021894521672845915,9.302726293215462e-05,9.302726293215462e-05,0.11868374958595404,0.01642851890379751,0.012905599166682356,0.1273770882099309,0.12724803221826408,0.12724803221826408,0.9810526910261479,0.9837917207883887,0.9806197172492988,0.0026655878842286023,0.0064057196938577705,0.000130930742622373,0.006534775685524595,-0.0022515902013844277,0.9495981371591677,0.9531632486536474,0.9375094843546086,0.07197820717011094,0.45361024271903827,0.04251246262163163,0.0,16,106242,0.9367219917012448,0.965505840864007,0.962365256402268,0.9628332063975629,0.941132237619508,0.913905325443787,0.00020823796342644147,0.00013059182826280662,0.00042224277745723794,0.006405719693857795,0.19054611170723443,0.170817567440372,0.15106078575328025,0.18537866380527476,0.1752414299429604,0.15907080062498824,/common/users/shared/pracsys/adaptive_roa_experiments/gaussian_torque/cp_low_v2_partx,0.9949103056196829,0.9496595775809699
fm,low,partx,9,1650,0.0006181461383619327,1.0,0.02935417661932052,100.0,0.0219220457460433,8.999462455505266e-05,8.999462455505266e-05,0.1188537761537844,0.01693656137121162,0.012905599166682356,0.1273770882099309,0.12724803221826408,0.12724803221826408,0.9814480149093578,0.9844223565068428,0.9809020914515917,0.004216691772724844,0.00614133050808062,0.00012542271106482614,0.006270386499747443,-0.0023429201809541224,0.9508711583040456,0.9551866995207279,0.9386731147045488,0.07099741445457254,0.45361024271903827,0.04251246262163163,0.0,16,106242,0.9339012925969448,0.9631409381313821,0.959406858202039,0.9684691546077685,0.9473627672145236,0.9188165680473372,0.0002618400105340655,0.0001420617397240396,0.00039933204964647656,0.006141330508080622,0.1922403569209917,0.17237062555298283,0.15234088213700797,0.18537866380527476,0.1752414299429604,0.15907080062498824,/common/users/shared/pracsys/adaptive_roa_experiments/gaussian_torque/cp_low_v2_partx,0.9949986939993569,0.9517373243340486
fm,low,partx,10,1800,0.0004872023601760243,1.0,0.026960401264506426,100.0,0.02065767821344834,0.00015529939688891756,0.00015529939688891756,0.11958268227677589,0.01665419660898705,0.012905599166682356,0.1273770882099309,0.12724803221826408,0.12724803221826408,0.983424634325408,0.986361326029254,0.9825869241919392,0.00581439765483887,0.005302736210181926,0.00011390321936427259,0.00543179220184875,-0.002517913128195188,0.9561514902517367,0.9608600524026903,0.944451116982945,0.068603639099794,0.45361024271903827,0.04251246262163163,0.0,17,106242,0.9381413075344474,0.9664728576862468,0.9587295781516704,0.9748667174409749,0.955312063594371,0.9305917159763314,0.00015988393512041533,0.00011965395239442178,0.0003875658829445096,0.005302736210181939,0.19263568080420174,0.17321774815986146,0.15440221381374597,0.18537866380527476,0.1752414299429604,0.15907080062498824,/common/users/shared/pracsys/adaptive_roa_experiments/gaussian_torque/cp_low_v2_partx,0.9954343221363593,0.9583275582518531
fm,low,partx,11,1950,0.00044717676991388024,1.0,0.025851309973955322,100.0,0.019920753482439775,0.00013263437556623368,0.00013263437556623368,0.11974800263961224,0.01641547678361755,0.012905599166682356,0.1273770882099309,0.12724803221826408,0.12724803221826408,0.984262344458877,0.9868695995933812,0.9823516123566951,0.004925823610802559,0.005130176438471168,0.00011158727486452414,0.005259232430137991,-0.0025024875157469073,0.9583354099177672,0.9622962782777913,0.943603934189551,0.06749454780919492,0.45361024271903827,0.04251246262163163,0.0,16,106242,0.940983606557377,0.9685000816060062,0.9595644460757325,0.9763391723787763,0.956171446986787,0.9281656804733728,0.00015722189659786578,8.564392130219987e-05,0.000290977879632214,0.005130176438471183,0.1923438941284991,0.17301067374484666,0.1538657028293895,0.18537866380527476,0.1752414299429604,0.15907080062498824,/common/users/shared/pracsys/adaptive_roa_experiments/gaussian_torque/cp_low_v2_partx,0.995484868868485,0.9596836481551907
clf,low,clf_dir00,0,300,0.005260358532946409,1.0,0.13838694511634514,100.0,0.07400246021769867,0.001391832660719161,0.001391832660719161,0.08980292298891045,0.03403814853390306,0.012905599166682356,0.1273770882099309,0.12724803221826408,0.12724803221826408,0.9262909207281489,0.9278345663673501,0.9310348073266693,-0.007076330896033882,0.037535862754692506,0.00038041679005515624,0.037664918746359334,-0.00130107913538028,0.8130803198472373,0.7848946497208429,0.7465670506035765,0.18003018295215215,0.45361024271903827,0.04251246262163163,0.0,20,106242,0.7672072072072073,0.8216152716593246,0.898509699442178,0.8647880172632648,0.7513159308196369,0.6385798816568047,1.6511163969908466e-15,0.00037659934644158904,0.009677275069369301,0.03753586275469311,0.20895690969673011,0.16024735980120855,0.1130532181246588,0.18537866380527476,0.1752414299429604,0.15907080062498824,/common/users/shared/pracsys/adaptive_roa_experiments/gaussian_torque/cp_low_v2_clf_dir00,0.9710700269619144,0.7050181279793108
clf,low,clf_dir00,1,450,0.002707476870806906,1.0,0.10377166977741875,100.0,0.04456738065226676,0.00493648457690511,0.00493648457690511,0.1076903021039162,0.016804227052660534,0.012905599166682356,0.1273770882099309,0.12724803221826408,0.12724803221826408,0.9564767229532577,0.9558178498145743,0.9558084373411645,-0.027707582488797424,0.023658741018051974,0.0003286563823123503,0.02378779700971879,-0.0008354736732010294,0.8739573679332716,0.8609267598957099,0.8429503261414952,0.1454149076127086,0.45361024271903827,0.04251246262163163,0.0,20,106242,0.9434994997351539,0.960023787498348,0.9696036937283571,0.8139629347550139,0.780373831775701,0.7455621301775148,1.001257609847494e-18,1.1408281518835795e-08,0.003916580571955562,0.02365874101805223,0.15992733570527665,0.14244837258334744,0.12231509195986522,0.18537866380527476,0.1752414299429604,0.15907080062498824,/common/users/shared/pracsys/adaptive_roa_experiments/gaussian_torque/cp_low_v2_clf_dir00,0.9877338719389721,0.8140738162656145
clf,low,clf_dir00,2,600,0.00391134670101597,1.0,0.1303516566929694,100.0,0.06012131697860493,0.016287827948456596,0.016287827948456596,0.10902535351449792,0.020406129766523503,0.012905599166682356,0.1273770882099309,0.12724803221826408,0.12724803221826408,0.9455864912181623,0.9367387662129855,0.9319760546676455,-0.053659731763865,0.03426041676084703,0.00039564983874738375,0.03438947275251386,-0.00025008989137571824,0.8313741504535775,0.7812957599817774,0.7286856627998649,0.17199489452836322,0.45361024271903827,0.04251246262163163,0.0,20,106242,0.9768988209487249,0.9910839593824816,0.9967135668070247,0.7235846661589236,0.6448061016220862,0.5742603550295858,1.973210373769321e-15,9.340899771914035e-13,0.004904682112320326,0.034260416760847255,0.13730916210161706,0.11401329041245459,0.09164925359085861,0.18537866380527476,0.1752414299429604,0.15907080062498824,/common/users/shared/pracsys/adaptive_roa_experiments/gaussian_torque/cp_low_v2_clf_dir00,0.988819926055112,0.7307587695966775
clf,low,clf_dir00,3,750,0.0034257887161482296,1.0,0.1375511256645768,100.0,0.054853870634133266,0.014015507957773067,0.014015507957773067,0.1094614743781207,0.016717539967844943,0.012905599166682356,0.1273770882099309,0.12724803221826408,0.12724803221826408,0.9472807364319196,0.9413320532369496,0.9403719809491539,-0.0484033145118327,0.03182103493398101,0.00038247407094665876,0.03195009092564783,1.896913606456302e-05,0.8377979207089281,0.8009071453668508,0.77044606297786,0.1791943634998347,0.45361024271903827,0.04251246262163163,0.0,20,106242,0.9749932596387166,0.988021120655686,0.9938300458072357,0.7344503681137344,0.6733805994199162,0.6290532544378699,1.7910586913441739e-16,1.445604417343331e-13,0.004177356689176312,0.03182103493398118,0.1396434555072382,0.11943487509647785,0.10068522806423072,0.18537866380527476,0.1752414299429604,0.15907080062498824,/common/users/shared/pracsys/adaptive_roa_experiments/gaussian_torque/cp_low_v2_clf_dir00,0.989138684627412,0.7499290607543581
clf,low,clf_dir00,4,900,0.002527896792044304,1.0,0.11491875919583792,100.0,0.0453399516497709,0.009850564759669545,0.009850564759669545,0.11182861002404738,0.014397499778845224,0.012905599166682356,0.1273770882099309,0.12724803221826408,0.12724803221826408,0.9545189284840271,0.9523917094934207,0.9535494437228215,-0.03854476200730425,0.025167317656726463,0.0003362612258062523,0.025296373648393284,-0.0001026692971597791,0.8629997164729231,0.8445987464667567,0.8301380236120194,0.15656199703103113,0.45361024271903827,0.04251246262163163,0.0,20,106242,0.9771428571428571,0.9867193108399138,0.9922652842919444,0.7727341964965727,0.7382640455473198,0.7135502958579881,2.3874105744703714e-19,1.398968737512023e-15,0.0028406273665101947,0.025167317656726612,0.14659927335705278,0.13111575459799327,0.11438978934884508,0.18537866380527476,0.1752414299429604,0.15907080062498824,/common/users/shared/pracsys/adaptive_roa_experiments/gaussian_torque/cp_low_v2_clf_dir00,0.991034214935193,0.8022184137703768
clf,low,clf_dir00,5,1050,0.001776199250614674,1.0,0.08712484102988233,100.0,0.039470489484393155,0.006801031111638136,0.006801031111638136,0.1135862523591635,0.014295213909237556,0.012905599166682356,0.1273770882099309,0.12724803221826408,0.12724803221826408,0.9611547222379097,0.9587733664652397,0.9604958490992263,-0.030415787721452966,0.02005330632951511,0.0002859246628907394,0.020182362321181927,-0.0004095046412236174,0.8856374871837503,0.8685237437713875,0.859758746282621,0.12876807886507044,0.45361024271903827,0.04251246262163163,0.0,20,106242,0.9748657881893606,0.9844175285792053,0.987564289552468,0.8113734450368114,0.7770437211300891,0.7612426035502958,3.711653408892108e-18,-6.987793961417836e-14,0.001725017539822696,0.020053306329515273,0.1542892641328288,0.13832570922987142,0.12261629110897762,0.18537866380527476,0.1752414299429604,0.15907080062498824,/common/users/shared/pracsys/adaptive_roa_experiments/gaussian_torque/cp_low_v2_clf_dir00,0.9920638081119383,0.8424077293775485
clf,low,clf_dir00,6,1200,0.001641700317212958,1.0,0.09872427921044022,100.0,0.03766403001596958,0.006881984047455951,0.006881984047455951,0.11368382455368477,0.01119787200750108,0.012905599166682356,0.1273770882099309,0.12724803221826408,0.12724803221826408,0.9602134748969334,0.9598275634871332,0.9644208505110973,-0.028828128058038142,0.02030552307615929,0.0002984409167340177,0.02043457906782611,-0.00014066863587597692,0.8821939187871018,0.872223220166457,0.8755432635322007,0.14036751704554615,0.45361024271903827,0.04251246262163163,0.0,20,106242,0.9778203385641913,0.9853219696969697,0.9869358669833729,0.8036049758822036,0.7824148673326888,0.7867455621301775,4.359973767671389e-22,-3.646933480143865e-15,0.0011311481977630494,0.02030552307615936,0.1523502946104177,0.13915400688993054,0.12680484177632198,0.18537866380527476,0.1752414299429604,0.15907080062498824,/common/users/shared/pracsys/adaptive_roa_experiments/gaussian_torque/cp_low_v2_clf_dir00,0.9923022682099522,0.840425641778649
clf,low,clf_dir00,7,1350,0.002922889433868883,1.0,0.11745023816465312,100.0,0.05484612826368381,0.01507377268013639,0.01507377268013639,0.11259985192510058,0.019041765042546614,0.012905599166682356,0.1273770882099309,0.12724803221826408,0.12724803221826408,0.9501891907155362,0.9436381092223415,0.9365787541650195,-0.04971279662469253,0.029382993392993283,0.0003431707919503237,0.029512049384660115,-0.00033895958030660117,0.8476245321048085,0.8095783247471857,0.7511816838995568,0.1590934759999385,0.45361024271903827,0.04251246262163163,0.0,20,106242,0.9789823744595942,0.9922825070159027,0.9991159135559922,0.7473470423965474,0.6836932001289076,0.6018343195266272,8.238809242711818e-16,2.211554156845382e-13,0.0024910083921015538,0.029382993392993523,0.14151653771578096,0.12074320890043486,0.09581897931138345,0.18537866380527476,0.1752414299429604,0.15907080062498824,/common/users/shared/pracsys/adaptive_roa_experiments/gaussian_torque/cp_low_v2_clf_dir00,0.991671763284686,0.7690888190507051
clf,low,clf_dir00,8,1500,0.0026419054081895555,1.0,0.10966181804775882,100.0,0.05270739270258078,0.016542402613000218,0.016542402613000218,0.11489909554686245,0.017717587891185188,0.012905599166682356,0.1273770882099309,0.12724803221826408,0.12724803221826408,0.9511586754767418,0.9438545961107659,0.9413226407635399,-0.04898039571930374,0.028820391752403567,0.00034590508975478626,0.028949447744070395,-7.094753199827705e-05,0.8498596684123723,0.8100499952233863,0.7743266724587315,0.1513050558830247,0.45361024271903827,0.04251246262163163,0.0,20,106242,0.9878918337145164,0.9948377004301916,0.997295785154793,0.7456714902259457,0.6831560855086476,0.6328402366863906,3.0154937401696186e-15,5.645378979101588e-13,0.0016185678120983322,0.028820391752403838,0.13992582970953107,0.12033847254381506,0.10093936484629432,0.18537866380527476,0.1752414299429604,0.15907080062498824,/common/users/shared/pracsys/adaptive_roa_experiments/gaussian_torque/cp_low_v2_clf_dir00,0.9931901654115687,0.7735101183885582
clf,low,clf_dir00,9,1650,0.0028112678354709226,1.0,0.11293239958943374,100.0,0.05602653952252502,0.016690163677518962,0.016690163677518962,0.11293119725416463,0.018888443528817796,0.012905599166682356,0.1273770882099309,0.12724803221826408,0.12724803221826408,0.9488714444381695,0.9397601701775192,0.9365128668511511,-0.05112651133172081,0.030653654419464445,0.0003513442748017928,0.030782710411131266,-0.00035334422215397426,0.8418355462380619,0.7930410037511317,0.7511161949743552,0.1545756374247529,0.45361024271903827,0.04251246262163163,0.0,20,106242,0.9868250392518261,0.9964245083699008,0.9977453190863641,0.733993399339934,0.6586099473627672,0.6022485207100592,1.577951260069388e-15,5.684902948815343e-13,0.0019445134370197903,0.03065365441946449,0.1378833229796126,0.11582989778053877,0.09601664125298846,0.18537866380527476,0.1752414299429604,0.15907080062498824,/common/users/shared/pracsys/adaptive_roa_experiments/gaussian_torque/cp_low_v2_clf_dir00,0.9920156846278922,0.7591031162911399
clf,low,clf_dir00,10,1800,0.0029753016306488084,1.0,0.12065381050948658,100.0,0.05676210753988932,0.01721872579146649,0.01721872579146649,0.1129411253848511,0.018705493387896444,0.012905599166682356,0.1273770882099309,0.12724803221826408,0.12724803221826408,0.9485231829220082,0.9398260574913876,0.9339997364507445,-0.05255941899001256,0.031189664705076586,0.0003571748014747467,0.03131872069674341,-0.0003359679198028931,0.8405492871512289,0.7932071809801068,0.7385338205682751,0.16229704834476574,0.45361024271903827,0.04251246262163163,0.0,20,106242,0.9870583401807724,0.9970724566967553,0.9984875983061101,0.7319116527037319,0.6585562359007412,0.5859763313609467,2.484404980072772e-15,5.519432868344492e-13,0.0021328662007864267,0.031189664705076812,0.13745976167617327,0.11574518551985091,0.09335291127802564,0.18537866380527476,0.1752414299429604,0.15907080062498824,/common/users/shared/pracsys/adaptive_roa_experiments/gaussian_torque/cp_low_v2_clf_dir00,0.9920685706112162,0.7548907895756058
clf,low,clf_dir00,11,1950,0.0029299582870487015,1.0,0.11203844397203179,100.0,0.0572724215020606,0.01561181166177401,0.01561181166177401,0.11202907413628697,0.020687300024452366,0.012905599166682356,0.1273770882099309,0.12724803221826408,0.12724803221826408,0.9493420681086576,0.9404661056832514,0.93338792567911,-0.05102126016448705,0.03035304029426046,0.00034176332101608896,0.030482096285927292,-0.0004777294494906527,0.8447738809413936,0.7964863734354387,0.7357652242093866,0.15368168180738168,0.45361024271903827,0.04251246262163163,0.0,20,106242,0.9778326767710489,0.9932589679800979,0.9969644844682789,0.7435897435897436,0.6647867654957568,0.5830177514792899,6.134292042790399e-14,1.1957011383695317e-11,0.0024823824035440298,0.030353040294260725,0.14097061425801471,0.11728883115905198,0.09302347470868395,0.18537866380527476,0.1752414299429604,0.15907080062498824,/common/users/shared/pracsys/adaptive_roa_experiments/gaussian_torque/cp_low_v2_clf_dir00,0.9913427108402108,0.7614655428054324
clf,low,clf_yield,0,300,0.005260358532946409,1.0,0.13838694511634514,100.0,0.07400246021769867,0.001391832660719161,0.001391832660719161,0.08980292298891045,0.03403814853390306,0.012905599166682356,0.1273770882099309,0.12724803221826408,0.12724803221826408,0.9262909207281489,0.9278345663673501,0.9310348073266693,-0.007076330896033882,0.037535862754692506,0.00038041679005515624,0.037664918746359334,-0.00130107913538028,0.8130803198472373,0.7848946497208429,0.7465670506035765,0.18003018295215215,0.45361024271903827,0.04251246262163163,0.0,20,106242,0.7672072072072073,0.8216152716593246,0.898509699442178,0.8647880172632648,0.7513159308196369,0.6385798816568047,1.6511163969908466e-15,0.00037659934644158904,0.009677275069369301,0.03753586275469311,0.20895690969673011,0.16024735980120855,0.1130532181246588,0.18537866380527476,0.1752414299429604,0.15907080062498824,/common/users/shared/pracsys/adaptive_roa_experiments/gaussian_torque/cp_low_v2_clf_yield,0.9710700269619144,0.7050181279793108
clf,low,clf_yield,1,450,0.0031533295379423663,1.0,0.14226447262432892,100.0,0.048674212449743175,0.008529370085282699,0.008529370085282699,0.10690243140492497,0.013619685939549292,0.012905599166682356,0.1273770882099309,0.12724803221826408,0.12724803221826408,0.9525140716477476,0.9509610135351367,0.9500291786675703,-0.03462986178133999,0.028913543329191656,0.0003881934158627785,0.029042599320858484,3.857243056984774e-05,0.8583382472692556,0.8417856058305496,0.8196977415520463,0.18390771045953871,0.45361024271903827,0.04251246262163163,0.0,20,106242,0.9601708757381581,0.9684181106763555,0.9619768832204065,0.776034526529576,0.7444408636803094,0.7140828402366864,3.540207470439033e-25,1.140904580720878e-08,0.003490160782613239,0.02891354332919177,0.14982775173660134,0.1347113194405226,0.11807947892547203,0.18537866380527476,0.1752414299429604,0.15907080062498824,/common/users/shared/pracsys/adaptive_roa_experiments/gaussian_torque/cp_low_v2_clf_yield,0.9873126421019781,0.772778071101349
clf,low,clf_yield,2,600,0.005894406022292586,1.0,0.1957231791708333,100.0,0.07862324563578094,0.029825186802901946,0.029825186802901946,0.10645614217572218,0.019736415025017207,0.012905599166682356,0.1273770882099309,0.12724803221826408,0.12724803221826408,0.9259050093183486,0.9142806046572919,0.910666214867943,-0.07478331374933561,0.051201248069174955,0.000511659756933014,0.05133030406084176,0.0005841712237310906,0.7526706044991832,0.6762646191034802,0.6096648159572281,0.23736641700624114,0.45361024271903827,0.04251246262163163,0.0,20,106242,0.9872249237616418,0.9998948806895827,0.9995954146999325,0.6081746636202082,0.5109034267912772,0.4385798816568047,4.258783793677184e-18,1.585853408200648e-14,0.005592579928537561,0.05120124806917578,0.11420153988064984,0.08954085954707178,0.0697934903333898,0.18537866380527476,0.1752414299429604,0.15907080062498824,/common/users/shared/pracsys/adaptive_roa_experiments/gaussian_torque/cp_low_v2_clf_yield,0.9879555951526724,0.5976264058735993
clf,low,clf_yield,3,750,0.0038212797143471495,1.0,0.1793710534049163,100.0,0.06153325824728618,0.021658279839406703,0.021658279839406703,0.1106890955550087,0.014338353445884494,0.012905599166682356,0.1273770882099309,0.12724803221826408,0.12724803221826408,0.9400048944861731,0.9343009355998569,0.9335197003068466,-0.05745916420530381,0.038737660047821816,0.0004434101774540502,0.038866716039488644,0.0005204435451597461,0.8090816509914336,0.7706060207703431,0.7363666903064462,0.22101429124012273,0.45361024271903827,0.04251246262163163,0.0,20,106242,0.9864874735227521,0.9927180355630821,0.997270245677889,0.6857578065498857,0.6297131807927812,0.5836686390532544,1.5857806015463091e-22,-1.1502530555634736e-16,0.0023222333090375975,0.03873766004782205,0.12886617345306,0.11116131096929652,0.09309877449596204,0.18537866380527476,0.1752414299429604,0.15907080062498824,/common/users/shared/pracsys/adaptive_roa_experiments/gaussian_torque/cp_low_v2_clf_yield,0.9904193641574978,0.6955736024162915
clf,low,clf_yield,4,900,0.002820216889249889,1.0,0.14590693036498814,100.0,0.05164101355254727,0.013852765036737338,0.013852765036737338,0.11023813003397943,0.01414890611865111,0.012905599166682356,0.1273770882099309,0.12724803221826408,0.12724803221826408,0.9480619717249299,0.9455017789574744,0.9447487810846934,-0.042291365619351685,0.03120349114197708,0.0003946310893185671,0.0313325471336439,0.000340823920955087,0.8421715004862421,0.8204873814100577,0.7939338622481219,0.18755016820014145,0.45361024271903827,0.04251246262163163,0.0,20,106242,0.964302089474029,0.9703725432678205,0.976005523908165,0.7474993653211475,0.7107100655279837,0.6691124260355029,-1.1369842477299996e-18,1.065427862250817e-17,0.0005372308128038777,0.03120349114197718,0.14370023154684589,0.12834848741552304,0.10905291692550968,0.18537866380527476,0.1752414299429604,0.15907080062498824,/common/users/shared/pracsys/adaptive_roa_experiments/gaussian_torque/cp_low_v2_clf_yield,0.9907555532521168,0.7547821322026039
clf,low,clf_yield,5,1050,0.003969248285370192,1.0,0.18129906424122103,100.0,0.06628599878038462,0.023714487334000188,0.023714487334000188,0.10951192437355854,0.01558837396099846,0.012905599166682356,0.1273770882099309,0.12724803221826408,0.12724803221826408,0.9345927222755596,0.9295288115811072,0.9273168803298131,-0.06033773627441708,0.041878156901105704,0.00045418978971270926,0.042007212892772525,0.00042756172239998,0.7908628524994733,0.7505081808790697,0.7052671755725191,0.2229423020764312,0.45361024271903827,0.04251246262163163,0.0,20,106242,0.9709577298255986,0.9885874813449215,0.9934408602150537,0.6671236354404672,0.6048447738747449,0.5466863905325444,-6.397808724356627e-19,3.181978195118805e-17,0.001156072442680677,0.04187815690110602,0.12736959018090774,0.10721748461060597,0.08753600271079234,0.18537866380527476,0.1752414299429604,0.15907080062498824,/common/users/shared/pracsys/adaptive_roa_experiments/gaussian_torque/cp_low_v2_clf_yield,0.9903940695251425,0.6708934812502753
clf,low,clf_yield,6,1200,0.005095248406680433,1.0,0.19800380057238906,100.0,0.0758983599955133,0.029829651401506514,0.029829651401506514,0.10848016233417214,0.017411624938223423,0.012905599166682356,0.1273770882099309,0.12724803221826408,0.12724803221826408,0.9276557293725646,0.9172549462547769,0.9132640575290375,-0.0728381329456994,0.048985836077798446,0.00048692046837467136,0.04911489206946528,0.0003883147921999938,0.7593462333270712,0.6918574082512531,0.6256043554219315,0.23964703840770188,0.45361024271903827,0.04251246262163163,0.0,20,106242,0.9904435187454056,0.9957622843305418,0.9981848826656294,0.6156892612338157,0.530078418734558,0.4555621301775148,9.149541337568927e-17,7.424046961677664e-13,0.0035092449216142874,0.04898583607779917,0.11523691195572372,0.0932870239641573,0.07259840740949906,0.18537866380527476,0.1752414299429604,0.15907080062498824,/common/users/shared/pracsys/adaptive_roa_experiments/gaussian_torque/cp_low_v2_clf_yield,0.9893971326297681,0.6150365925205448
clf,low,clf_yield,7,1350,0.00503809578238278,1.0,0.22676850485752714,100.0,0.0762990995601196,0.03346575491643447,0.03346575491643447,0.1093452697829926,0.013586316702114814,0.012905599166682356,0.1273770882099309,0.12724803221826408,0.12724803221826408,0.920972873251633,0.916774910110879,0.9185821050055534,-0.07417552077754831,0.05254070591988734,0.000528019790500242,0.05266976191155417,0.0011721885681813884,0.730292322518471,0.6888372747747747,0.6561183112029896,0.26841174269275225,0.45361024271903827,0.04251246262163163,0.0,20,106242,0.9940533449934412,0.9988773219024291,0.9997576932396414,0.5771515613099771,0.5256740788484262,0.48828402366863904,-7.626774838703094e-18,1.6995769659651322e-14,0.0020890357344207997,0.05254070591988774,0.10763163344063553,0.09222341446885413,0.07769055552418064,0.18537866380527476,0.1752414299429604,0.15907080062498824,/common/users/shared/pracsys/adaptive_roa_experiments/gaussian_torque/cp_low_v2_clf_yield,0.9901080900689055,0.5871000517338758
clf,low,clf_yield,8,1500,0.005140228332927134,1.0,0.23465013985146466,100.0,0.07628868457605947,0.03377387530181747,0.03377387530181747,0.10953259383094825,0.013670338511831514,0.012905599166682356,0.1273770882099309,0.12724803221826408,0.12724803221826408,0.9223282694226389,0.917565557877299,0.9179138193934602,-0.07464030279337616,0.05235409112317077,0.0005278938306159008,0.0524831471148376,0.0008647774340374767,0.7357668908101186,0.692744877911872,0.6523143164693218,0.2762933776866887,0.45361024271903827,0.04251246262163163,0.0,20,106242,0.9960121369744257,0.9986850091037831,0.9997555908590982,0.5833460269103834,0.5302932645826619,0.4840828402366864,-1.6591576608732437e-18,7.207239741107838e-15,0.0019172700494200447,0.05235409112317114,0.10857288078161179,0.09305171212891324,0.0770222699120875,0.18537866380527476,0.1752414299429604,0.15907080062498824,/common/users/shared/pracsys/adaptive_roa_experiments/gaussian_torque/cp_low_v2_clf_yield,0.990371113932222,0.5885665954081739
clf,low,clf_yield,9,1650,0.0058738977993923,1.0,0.2606207289903326,100.0,0.07851241202338248,0.032590638139724494,0.032590638139724494,0.10587712574976814,0.012905640141462473,0.012905599166682356,0.1273770882099309,0.12724803221826408,0.12724803221826408,0.9191374409367293,0.9146571035936824,0.9166243105363228,-0.07699625837633421,0.05504048670635626,0.0005486070055647466,0.05516954269802308,0.0010789420981358114,0.7216047182345506,0.6781441908345462,0.64485606607329,0.3022639668255616,0.45361024271903827,0.04251246262163163,0.0,20,106242,0.9973127911142959,0.9998953208416205,1.0,0.5653211474993654,0.5130518852723172,0.4758579881656805,-1.1190419615561976e-17,2.281661406621015e-08,0.00495760421734851,0.05504048670635684,0.10508085314658987,0.08991735848346229,0.07569511116131097,0.18537866380527476,0.1752414299429604,0.15907080062498824,/common/users/shared/pracsys/adaptive_roa_experiments/gaussian_torque/cp_low_v2_clf_yield,0.9872693723171654,0.5674551052235743
clf,low,clf_yield,10,1800,0.004839703818426751,1.0,0.21713314551237747,100.0,0.07605461284701881,0.036146760356118954,0.036146760356118954,0.113598625842018,0.015000288327978699,0.012905599166682356,0.1273770882099309,0.12724803221826408,0.12724803221826408,0.9235989533329568,0.9180267690743774,0.9172172963611378,-0.07442461606195598,0.050827637932928924,0.0005103678401201698,0.050956693924595745,0.001031471200563891,0.7420472240760162,0.6949027850761954,0.6482703459308138,0.25877638334758807,0.45361024271903827,0.04251246262163163,0.0,20,106242,0.9917601087325858,0.99909338168631,1.0,0.5927900482355928,0.5327102803738317,0.47958579881656804,-2.042115763300922e-17,1.5527138506924815e-14,0.0008949187253410626,0.05082763793292978,0.11080363697972553,0.0934376235387135,0.07628809698612601,0.18537866380527476,0.1752414299429604,0.15907080062498824,/common/users/shared/pracsys/adaptive_roa_experiments/gaussian_torque/cp_low_v2_clf_yield,0.9927325265738661,0.6005624837817054
clf,low,clf_yield,11,1950,0.004540140548170868,1.0,0.2441839852868044,100.0,0.07375769969301332,0.039908954339694894,0.039908954339694894,0.117208233859266,0.011778972291348099,0.012905599166682356,0.1273770882099309,0.12724803221826408,0.12724803221826408,0.9219988328532972,0.920106925697935,0.9239754522693473,-0.07305243273308122,0.05123479457295234,0.0005275739154350615,0.051363850564619166,0.001286041874259368,0.7342462239040503,0.7049294305777654,0.6860008552657155,0.2858272231219443,0.45361024271903827,0.04251246262163163,0.0,20,106242,0.9965181058495822,0.9991131257390619,1.0,0.5812642802741813,0.544580513481577,0.5220710059171597,-7.283630209985476e-22,1.6467329650841576e-19,0.000332610431765099,0.05123479457295293,0.10813049453135296,0.09551778016227104,0.08304625289433558,0.18537866380527476,0.1752414299429604,0.15907080062498824,/common/users/shared/pracsys/adaptive_roa_experiments/gaussian_torque/cp_low_v2_clf_yield,0.9946509647427441,0.5973627750480959
clf,low,clf_epi_var,0,300,0.005260358532946409,1.0,0.13838694511634514,100.0,0.07400246021769867,0.001391832660719161,0.001391832660719161,0.08980292298891045,0.03403814853390306,0.012905599166682356,0.1273770882099309,0.12724803221826408,0.12724803221826408,0.9262909207281489,0.9278345663673501,0.9310348073266693,-0.007076330896033882,0.037535862754692506,0.00038041679005515624,0.037664918746359334,-0.00130107913538028,0.8130803198472373,0.7848946497208429,0.7465670506035765,0.18003018295215215,0.45361024271903827,0.04251246262163163,0.0,20,106242,0.7672072072072073,0.8216152716593246,0.898509699442178,0.8647880172632648,0.7513159308196369,0.6385798816568047,1.6511163969908466e-15,0.00037659934644158904,0.009677275069369301,0.03753586275469311,0.20895690969673011,0.16024735980120855,0.1130532181246588,0.18537866380527476,0.1752414299429604,0.15907080062498824,/common/users/shared/pracsys/adaptive_roa_experiments/gaussian_torque/cp_low_v2_clf_epi_var,0.9710700269619144,0.7050181279793108
clf,low,clf_epi_var,1,450,0.0019422929628133997,1.0,0.10914303457739853,100.0,0.03745248625886624,0.004259416787871567,0.004259416787871567,0.11023354469781181,0.010445807309524317,0.012905599166682356,0.1273770882099309,0.12724803221826408,0.12724803221826408,0.9603075996310311,0.9629525046591744,0.9668210312305868,-0.01730138947591859,0.020438614742747847,0.00031644004892912586,0.02056767073441467,-0.0008352895655759848,0.8861900520875504,0.8867077312762651,0.8888748778411779,0.1507862724125308,0.45361024271903827,0.04251246262163163,0.0,20,106242,0.9458462956561816,0.9552840486231704,0.9512178665407193,0.8336125920284336,0.8273176495864217,0.8342011834319527,3.893441536431933e-24,3.817237310503672e-19,0.002314369895340988,0.02043861474274796,0.16338171344665953,0.15176672125901244,0.13950226840609176,0.18537866380527476,0.1752414299429604,0.15907080062498824,/common/users/shared/pracsys/adaptive_roa_experiments/gaussian_torque/cp_low_v2_clf_epi_var,0.9897235163400921,0.8393797185980039
clf,low,clf_epi_var,2,600,0.0021766156976454993,1.0,0.10723084287404847,100.0,0.04589017620918295,0.011657541042579649,0.011657541042579649,0.11391141904316301,0.014465241069875808,0.012905599166682356,0.1273770882099309,0.12724803221826408,0.12724803221826408,0.9566084975809943,0.9518740234558838,0.9509421885883172,-0.03983891626780379,0.025036132571666182,0.00033274782959836146,0.025165188563333003,4.197835398545707e-05,0.868750711764036,0.841599801728678,0.8188894294252554,0.148874080709244,0.45361024271903827,0.04251246262163163,0.0,20,106242,0.988852161514032,0.9942903154966694,0.9920020205421788,0.7746636202081747,0.7295627886991084,0.6972189349112426,2.151362596015818e-19,-6.689456564673784e-15,0.0013690839802719256,0.02503613257166639,0.14522505223922744,0.12858379925076713,0.11180135916116037,0.18537866380527476,0.1752414299429604,0.15907080062498824,/common/users/shared/pracsys/adaptive_roa_experiments/gaussian_torque/cp_low_v2_clf_epi_var,0.992294397380415,0.8032493537603584
clf,low,clf_epi_var,3,750,0.002200749305808652,1.0,0.11563212200596627,100.0,0.05005779284673375,0.016374501937197916,0.016374501937197916,0.1154210699256291,0.013619099780119126,0.012905599166682356,0.1273770882099309,0.12724803221826408,0.12724803221826408,0.949087931326594,0.945398241749967,0.9470077747030364,-0.04605745465653904,0.02874969330455401,0.0003541136073212979,0.028878749296220828,0.0005482290747211085,0.8420868245117215,0.8160573294860006,0.8006938544321721,0.15727535984113097,0.45361024271903827,0.04251246262163163,0.0,20,106242,0.9906580574254705,0.9960523260314266,0.9965632710609799,0.7322670728611322,0.691159093350521,0.669171597633136,5.83960297255642e-19,6.777316919744033e-15,0.0005263593175972381,0.028749693304554205,0.13702678789932418,0.12159974398072325,0.10681274825398618,0.18537866380527476,0.1752414299429604,0.15907080062498824,/common/users/shared/pracsys/adaptive_roa_experiments/gaussian_torque/cp_low_v2_clf_epi_var,0.9934871404375869,0.7740657139967346
clf,low,clf_epi_var,4,900,0.0029514274244368255,1.0,0.12956193774597774,100.0,0.059354556985623266,0.021414418514615414,0.021414418514615414,0.11387916888353365,0.016447157042866443,0.012905599166682356,0.1273770882099309,0.12724803221826408,0.12724803221826408,0.9424803749929407,0.9344421227010034,0.9339150241900567,-0.05565126280625293,0.034965869947413374,0.0003912290517060394,0.035094925939080195,0.00018258809806753068,0.8171946513506237,0.770169938953968,0.7380712553628055,0.17120517558126108,0.45361024271903827,0.04251246262163163,0.0,20,106242,0.9945391000436872,0.9985453923162488,0.9986875315497223,0.6935262757044935,0.6268127618433774,0.5853254437869823,5.249853339481945e-16,1.0730441040659752e-11,0.0012945744208953233,0.03496586994741354,0.12927090980967978,0.1100035767398957,0.09323054912369873,0.18537866380527476,0.1752414299429604,0.15907080062498824,/common/users/shared/pracsys/adaptive_roa_experiments/gaussian_torque/cp_low_v2_clf_epi_var,0.9923342604810573,0.7252148474293288
clf,low,clf_epi_var,5,1050,0.0033361824111569896,1.0,0.16072361170006094,100.0,0.06571397722178134,0.030978307393646546,0.030978307393646546,0.11661004934664375,0.013666755314579707,0.012905599166682356,0.1273770882099309,0.12724803221826408,0.12724803221826408,0.9316654430451234,0.9272415805425349,0.9295288115811072,-0.0641802244984956,0.04231638114994964,0.0004508321989161148,0.04244543714161647,0.0007000908846827719,0.7740851381628081,0.7380193858876161,0.715485464563937,0.2023668495352471,0.45361024271903827,0.04251246262163163,0.0,20,106242,0.9997588618278274,1.0,0.9998937865108869,0.6315308453922315,0.5848103985390483,0.5570414201183432,1.0011841806848799e-18,1.692799574458365e-13,0.0005558677909395963,0.04231638114995004,0.11710058169085673,0.10248301048549538,0.08861843715291504,0.18537866380527476,0.1752414299429604,0.15907080062498824,/common/users/shared/pracsys/adaptive_roa_experiments/gaussian_torque/cp_low_v2_clf_epi_var,0.9941999400241641,0.6674496225028781
clf,low,clf_epi_var,6,1200,0.0033903610722158567,1.0,0.1742862270467612,100.0,0.06478046310426727,0.029958164941717307,0.029958164941717307,0.11516737350984999,0.012235386591581908,0.012905599166682356,0.1273770882099309,0.12724803221826408,0.12724803221826408,0.9309124451723424,0.9278063289471207,0.9314960185237476,-0.06338149315311079,0.04268235603263986,0.00046037197393930974,0.04281141202430669,0.0006435323825084577,0.7711970074812967,0.7405803964012717,0.7255863057084684,0.21592946488190107,0.45361024271903827,0.04251246262163163,0.0,20,106242,0.9987888574888979,1.0,1.0,0.628078192434628,0.588033086260608,0.5693491124260355,1.3828108175277333e-20,-7.068973921305737e-16,0.0007426242589786226,0.0426823560326403,0.11657348317991002,0.10304775889008114,0.0905668191487359,0.18537866380527476,0.1752414299429604,0.15907080062498824,/common/users/shared/pracsys/adaptive_roa_experiments/gaussian_torque/cp_low_v2_clf_epi_var,0.9935932998436434,0.6645735475152315
clf,low,clf_epi_var,7,1350,0.004007765235752071,1.0,0.18991103598381004,100.0,0.07256781130368856,0.036363518343348826,0.036363518343348826,0.11591342242749665,0.013322153203844717,0.012905599166682356,0.1273770882099309,0.12724803221826408,0.12724803221826408,0.9235707159127275,0.9186385798460119,0.9215282091828091,-0.07154420758015563,0.049043394609500045,0.0004974923375733552,0.049172450601166866,0.0013452664753837926,0.7403926082230321,0.6976776720761052,0.6725837489690925,0.23155427381900381,0.45361024271903827,0.04251246262163163,0.0,20,106242,0.999654666321333,1.0,1.0,0.5879157146483879,0.5357181222472875,0.5066863905325444,6.289452658812798e-20,2.0126375599072313e-14,0.0009800365936772164,0.04904339460950038,0.1090246795052804,0.09388000978897235,0.08059900980779729,0.18537866380527476,0.1752414299429604,0.15907080062498824,/common/users/shared/pracsys/adaptive_roa_experiments/gaussian_torque/cp_low_v2_clf_epi_var,0.9937560402645594,0.6145842591469106
clf,low,clf_epi_var,8,1500,0.0046588142574157144,1.0,0.21567509460780818,100.0,0.07854632853219332,0.04209847248209192,0.04209847248209192,0.11702631072143639,0.013652502680073135,0.012905599166682356,0.1273770882099309,0.12724803221826408,0.12724803221826408,0.9180550064946067,0.9133770072099546,0.9149394777959752,-0.07809973604517634,0.054039028355074965,0.0005266940691263372,0.0541680843467418,0.0017188343761553662,0.7162690653109112,0.6717083437377377,0.6350603723296855,0.2573183324430051,0.45361024271903827,0.04251246262163163,0.0,20,106242,1.0,1.0,1.0,0.5579588728103579,0.5056934149747556,0.46526627218934913,4.0141183262719546e-22,1.1154436735382727e-16,0.0008123179820797728,0.05403902835507521,0.1034336702998814,0.08861843715291504,0.07401027842096346,0.18537866380527476,0.1752414299429604,0.15907080062498824,/common/users/shared/pracsys/adaptive_roa_experiments/gaussian_torque/cp_low_v2_clf_epi_var,0.9944951070027738,0.5753252336163146
clf,low,clf_epi_var,9,1650,0.004021624230700643,1.0,0.1924422382985526,100.0,0.07216309800441341,0.03635995203759578,0.03635995203759578,0.11623856688385739,0.013242250570546185,0.012905599166682356,0.1273770882099309,0.12724803221826408,0.12724803221826408,0.923947214849118,0.9196927768679053,0.9225165188908341,-0.07139277178880661,0.04857781814744932,0.0004941350314263157,0.048706874139116146,0.001208400775446844,0.7421002234280243,0.7027799066397268,0.678035043804756,0.23408547613371228,0.45361024271903827,0.04251246262163163,0.0,20,106242,0.9991405242801891,0.9999008723235527,1.0,0.5902513328255903,0.5417875174562251,0.5128994082840237,5.490932544778504e-20,8.459079838967447e-15,0.0007107546726712603,0.048577818147449624,0.10951412812258805,0.09495303175768528,0.08158731951582236,0.18537866380527476,0.1752414299429604,0.15907080062498824,/common/users/shared/pracsys/adaptive_roa_experiments/gaussian_torque/cp_low_v2_clf_epi_var,0.9941346720863475,0.6182430698486128
clf,low,clf_epi_var,10,1800,0.005106665810501686,1.0,0.2433136835772464,100.0,0.07914385930660786,0.040650404731611425,0.040650404731611425,0.11423542320359409,0.01278698682190056,0.012905599166682356,0.1273770882099309,0.12724803221826408,0.12724803221826408,0.9181020688616555,0.9132358201088082,0.9152124395248583,-0.0787549302598925,0.05527180192646965,0.0005419476410906604,0.05540085791813649,0.0016087881801882462,0.716478216950699,0.6709972160753801,0.6366569861245563,0.2849569214124343,0.45361024271903827,0.04251246262163163,0.0,20,106242,1.0,1.0,1.0,0.5582127443513583,0.5048877430443657,0.4669822485207101,4.974254708811082e-21,1.1916096689778985e-15,0.0017950394987350216,0.05527180192646977,0.10348073266693021,0.08847725005176861,0.07428324014984658,0.18537866380527476,0.1752414299429604,0.15907080062498824,/common/users/shared/pracsys/adaptive_roa_experiments/gaussian_torque/cp_low_v2_clf_epi_var,0.9929312678824072,0.565637275775991
clf,low,clf_epi_var,11,1950,0.003923195758259695,1.0,0.21544108479727148,100.0,0.07316815645910299,0.03866011670058992,0.03866011670058992,0.11639989434033368,0.011040609438273834,0.012905599166682356,0.1273770882099309,0.12724803221826408,0.12724803221826408,0.9202198753788521,0.917565557877299,0.9230342049283711,-0.0726480994229885,0.051293712676566204,0.0005200385414121931,0.05142276866823303,0.0017854580980458945,0.7258554887120771,0.6924643584521385,0.6808726534753933,0.25708432263238085,0.45361024271903827,0.04251246262163163,0.0,20,106242,0.999821794529092,1.0,1.0,0.5697385123127697,0.5295950155763239,0.5161538461538462,2.505604895417515e-24,9.593847714007787e-18,0.0003757877197015794,0.05129371267656635,0.10563618907776585,0.09280698782025941,0.08210500555335931,0.18537866380527476,0.1752414299429604,0.15907080062498824,/common/users/shared/pracsys/adaptive_roa_experiments/gaussian_torque/cp_low_v2_clf_epi_var,0.9942802044742776,0.5968997572505963
clf,low,clf_epi_bald,0,300,0.005260358532946409,1.0,0.13838694511634514,100.0,0.07400246021769867,0.001391832660719161,0.001391832660719161,0.08980292298891045,0.03403814853390306,0.012905599166682356,0.1273770882099309,0.12724803221826408,0.12724803221826408,0.9262909207281489,0.9278345663673501,0.9310348073266693,-0.007076330896033882,0.037535862754692506,0.00038041679005515624,0.037664918746359334,-0.00130107913538028,0.8130803198472373,0.7848946497208429,0.7465670506035765,0.18003018295215215,0.45361024271903827,0.04251246262163163,0.0,20,106242,0.7672072072072073,0.8216152716593246,0.898509699442178,0.8647880172632648,0.7513159308196369,0.6385798816568047,1.6511163969908466e-15,0.00037659934644158904,0.009677275069369301,0.03753586275469311,0.20895690969673011,0.16024735980120855,0.1130532181246588,0.18537866380527476,0.1752414299429604,0.15907080062498824,/common/users/shared/pracsys/adaptive_roa_experiments/gaussian_torque/cp_low_v2_clf_epi_bald,0.9710700269619144,0.7050181279793108
clf,low,clf_epi_bald,1,450,0.0017903051011606635,1.0,0.10389763389424218,100.0,0.0338533874941216,0.0028751630250058425,0.0028751630250058425,0.11074616183185347,0.009384871052858908,0.012905599166682356,0.1273770882099309,0.12724803221826408,0.12724803221826408,0.9649197116018148,0.967762278571563,0.969983622296267,-0.01064499321437696,0.018423589866876137,0.00030674014483470245,0.01855264585854296,-0.0009534435445403208,0.9009751042856764,0.9033659678921085,0.9019221897585731,0.14554087172934854,0.45361024271903827,0.04251246262163163,0.0,20,106242,0.9449894103221491,0.9515007429420506,0.9390329811079091,0.8608783955318609,0.8598667955741756,0.8676331360946745,2.725557323224968e-29,5.468156405528794e-22,0.002459956670374669,0.01842358986687612,0.1688785979179609,0.15836486511925604,0.14697577229344327,0.18537866380527476,0.1752414299429604,0.15907080062498824,/common/users/shared/pracsys/adaptive_roa_experiments/gaussian_torque/cp_low_v2_clf_epi_bald,0.9899444797954258,0.85521512949391
clf,low,clf_epi_bald,2,600,0.0021869085036483596,1.0,0.0983144307148326,100.0,0.04587981231149689,0.010273275505966684,0.010273275505966684,0.11360063690804427,0.016567974176936867,0.012905599166682356,0.1273770882099309,0.12724803221826408,0.12724803221826408,0.9567779221023701,0.9529188080043673,0.950753939120122,-0.03981941250381076,0.023483656378281408,0.0003019888631823168,0.02361271236994823,-0.0004370144379050901,0.8701871430994516,0.8457410719792758,0.8173566990155694,0.13995766855007782,0.45361024271903827,0.04251246262163163,0.0,20,106242,0.9816314815995918,0.9930475086906141,0.9966797207560021,0.7814673775069815,0.736491567300462,0.6927218934911242,9.896591690107364e-16,6.564393119492443e-12,0.0019314679152541276,0.02348365637828162,0.14757817059166808,0.1299674328420022,0.11055891267107171,0.18537866380527476,0.1752414299429604,0.15907080062498824,/common/users/shared/pracsys/adaptive_roa_experiments/gaussian_torque/cp_low_v2_clf_epi_bald,0.9919561619427495,0.8154497482680069
clf,low,clf_epi_bald,3,750,0.003230509354044484,1.0,0.13083099679534882,100.0,0.05896799739495887,0.020970331275156247,0.020970331275156247,0.1148016046463061,0.01776393089841705,0.012905599166682356,0.1273770882099309,0.12724803221826408,0.12724803221826408,0.9453511793829182,0.9370117279418686,0.9324655032849533,-0.056608764730564004,0.033558282460271094,0.0003775943878107797,0.033687338451937915,0.00014152361315686313,0.8272846263683961,0.7809349220898258,0.7306782778424233,0.17247423463063363,0.45361024271903827,0.04251246262163163,0.0,20,106242,0.9988506572803678,0.9998323554065381,0.9991787290832563,0.7060167555217061,0.6406703190460844,0.5759171597633136,2.4734580964247835e-18,1.2666439275776843e-14,0.0029736525811681035,0.03355828246027131,0.1310310423373054,0.11229080777846803,0.09168690348449765,0.18537866380527476,0.1752414299429604,0.15907080062498824,/common/users/shared/pracsys/adaptive_roa_experiments/gaussian_torque/cp_low_v2_clf_epi_bald,0.9924273823707176,0.7362766097419113
clf,low,clf_epi_bald,4,900,0.002121279784750936,1.0,0.12080839530326325,100.0,0.04722295363932915,0.014717126551348042,0.014717126551348042,0.11505625417702006,0.011748467745006966,0.012905599166682356,0.1273770882099309,0.12724803221826408,0.12724803221826408,0.950358615236912,0.9492385309011502,0.9520340355038497,-0.0436643989931863,0.02756254665693057,0.0003529114922818995,0.0276916026485974,0.0006536420643385096,0.8460415693601122,0.8308290724301265,0.8230801277600334,0.16245163313838332,0.45361024271903827,0.04251246262163163,0.0,20,106242,0.9951926378682783,0.9986426363019381,0.9957997311827957,0.7357705001269358,0.7113008916102697,0.7014201183431953,4.8950878959132125e-23,3.802750175195765e-09,0.0006692390157377564,0.0275625466569306,0.13705502531955346,0.12481880988686207,0.11204608346981419,0.18537866380527476,0.1752414299429604,0.15907080062498824,/common/users/shared/pracsys/adaptive_roa_experiments/gaussian_torque/cp_low_v2_clf_epi_bald,0.9932224242027299,0.7833951050052114
clf,low,clf_epi_bald,5,1050,0.0040937476273576155,1.0,0.17288665158200867,100.0,0.0662212634078553,0.028306544591426036,0.028306544591426036,0.11504381243407175,0.015757997960467836,0.012905599166682356,0.1273770882099309,0.12724803221826408,0.12724803221826408,0.9367764161066245,0.9288134636019654,0.9253590858605825,-0.06525301132040758,0.04118277457697031,0.0004405141556515034,0.04131183056863713,0.0006720102013519358,0.79449288664525,0.7451218279243758,0.6934673366834171,0.214529889417251,0.45361024271903827,0.04251246262163163,0.0,20,106242,0.9995381062355658,1.0,1.0,0.6592536176694592,0.5937802126973897,0.5307692307692308,1.658826560321754e-17,9.831595832628889e-14,0.0026311550025156167,0.041182774576970865,0.1222680295928164,0.10405489354492574,0.08442988648557068,0.18537866380527476,0.1752414299429604,0.15907080062498824,/common/users/shared/pracsys/adaptive_roa_experiments/gaussian_torque/cp_low_v2_clf_epi_bald,0.9928269849229384,0.6763582598563808
clf,low,clf_epi_bald,6,1200,0.005957342471751565,1.0,0.2140949191734504,100.0,0.08288911003162008,0.03812543119276863,0.03812543119276863,0.11286016324209577,0.01939066569776807,0.012905599166682356,0.1273770882099309,0.12724803221826408,0.12724803221826408,0.9227330057792587,0.9126993091244517,0.9043880951036314,-0.08176742990761679,0.053262967812504086,0.0005043188342907132,0.05339202380417091,0.0007496676435671534,0.7370343082294902,0.6682879725331712,0.5703409187040014,0.2557381570087938,0.45361024271903827,0.04251246262163163,0.0,20,106242,0.9984377712202742,1.0,1.0,0.5841076415333841,0.5018261897088839,0.39893491124260355,8.66281741516683e-18,1.2840723504333927e-13,0.004478862263259602,0.05326296781250526,0.10845051862728487,0.08794073906741214,0.06345889572861957,0.18537866380527476,0.1752414299429604,0.15907080062498824,/common/users/shared/pracsys/adaptive_roa_experiments/gaussian_torque/cp_low_v2_clf_epi_bald,0.9915689969215276,0.5814240355313001
clf,low,clf_epi_bald,7,1350,0.004206060994321356,1.0,0.21159304572010212,100.0,0.07244688534942118,0.03568556830904613,0.03568556830904613,0.11511063192207613,0.012942461504398303,0.012905599166682356,0.1273770882099309,0.12724803221826408,0.12724803221826408,0.9244837258334745,0.9195139398731199,0.9218294083319215,-0.07159799681086419,0.04906717058251864,0.0004997322579958983,0.04919622657418547,0.001244201977284573,0.7446774655507112,0.7020453674344054,0.6742498529123357,0.2532362835552507,0.45361024271903827,0.04251246262163163,0.0,20,106242,0.997612551159618,0.9993056244420196,1.0,0.594059405940594,0.5410892684498873,0.5085798816568048,8.514971119795884e-26,-1.8523429856783654e-17,0.0009348130875019918,0.049067170582519214,0.11038948814969597,0.09488714444381695,0.08090020895690969,0.18537866380527476,0.1752414299429604,0.15907080062498824,/common/users/shared/pracsys/adaptive_roa_experiments/gaussian_torque/cp_low_v2_clf_epi_bald,0.9935218469464197,0.6143974116758408
clf,low,clf_epi_bald,8,1500,0.0052747907944021765,1.0,0.21227689022483331,100.0,0.07941220494154307,0.03729338907328052,0.03729338907328052,0.11186035895098133,0.015221674586435432,0.012905599166682356,0.1273770882099309,0.12724803221826408,0.12724803221826408,0.9183467931703093,0.9130381581672031,0.9130099207469738,-0.07819947942087171,0.05387823847773718,0.0005247889572150252,0.05400729446940401,0.0011971761371739192,0.7176933840997104,0.670023929426051,0.6236664223470967,0.2539201280601112,0.45361024271903827,0.04251246262163163,0.0,20,106242,0.9993655972448795,0.9998934015563373,1.0,0.5598882965219599,0.5038135138038458,0.45313609467455623,1.1436134347188726e-16,-1.4390311421447977e-13,0.0031074005052709047,0.05387823847773793,0.10385723160332072,0.08829841305698312,0.07208072137196213,0.18537866380527476,0.1752414299429604,0.15907080062498824,/common/users/shared/pracsys/adaptive_roa_experiments/gaussian_torque/cp_low_v2_clf_epi_bald,0.9910419895235707,0.5765888278309741
clf,low,clf_epi_bald,9,1650,0.005732936442983433,1.0,0.249147214738798,100.0,0.0825967083143853,0.03982352044278003,0.03982352044278003,0.11038577927196518,0.012973695311973642,0.012905599166682356,0.1273770882099309,0.12724803221826408,0.12724803221826408,0.9130475706406129,0.9089719696541857,0.9121910355603245,-0.08176311584081113,0.058754859894557844,0.0005645750433679932,0.05888391588622467,0.0020690865054789204,0.6936393181667441,0.6491565390894249,0.6187732417964121,0.29079045257403224,0.45361024271903827,0.04251246262163163,0.0,20,106242,0.9999043885648724,1.0,1.0,0.530997715156131,0.4805564507465893,0.4479881656804734,1.935355930853614e-20,2.7897425785247808e-14,0.0038035684752397905,0.058754859894558545,0.09844505939270722,0.08421339959714613,0.07126183618531277,0.18537866380527476,0.1752414299429604,0.15907080062498824,/common/users/shared/pracsys/adaptive_roa_experiments/gaussian_torque/cp_low_v2_clf_epi_bald,0.9900529654593342,0.5382650806436229
clf,low,clf_epi_bald,10,1800,0.005552938631754281,1.0,0.2517662314011811,100.0,0.08208823399606274,0.04189951428427205,0.04189951428427205,0.11322090992070903,0.013424972237476625,0.012905599166682356,0.1273770882099309,0.12724803221826408,0.12724803221826408,0.9153348016791852,0.9099320419419815,0.911776886730295,-0.08159800833753553,0.0576295580264781,0.0005543417560781601,0.05775861401814494,0.0017029214446510135,0.7041799585621731,0.6541616972062597,0.6162852581160191,0.2934094692363935,0.45361024271903827,0.04251246262163163,0.0,20,106242,0.9994398805078417,0.9998895149707214,1.0,0.5435897435897435,0.4860887313352669,0.4453846153846154,3.0414299282373586e-23,-2.0832060255053578e-16,0.00283009075436025,0.05762955802647855,0.10082641516537716,0.08519229683176145,0.07084768735528323,0.18537866380527476,0.1752414299429604,0.15907080062498824,/common/users/shared/pracsys/adaptive_roa_experiments/gaussian_torque/cp_low_v2_clf_epi_bald,0.9921894492064802,0.5471084540810176
clf,low,clf_epi_bald,11,1950,0.005313925868353015,1.0,0.2631627851734832,100.0,0.08439126999788986,0.047517700051041716,0.047517700051041716,0.11640291624591514,0.012089037106843555,0.012905599166682356,0.1273770882099309,0.12724803221826408,0.12724803221826408,0.9105720901338453,0.9062141149451253,0.9102520660379134,-0.08413904697136083,0.060993274365865005,0.0005787690861533604,0.06112233035753181,0.002630458342474329,0.6821238582756198,0.6346435904957466,0.6070471873068206,0.3048060230086691,0.45361024271903827,0.04251246262163163,0.0,20,106242,1.0,1.0,1.0,0.5175932977913176,0.4648189923729724,0.43579881656804736,6.1680923551756326e-27,-7.526745524921826e-20,0.0011264475212608926,0.060993274365865484,0.09595075393912013,0.08145554488808569,0.06932286666290167,0.18537866380527476,0.1752414299429604,0.15907080062498824,/common/users/shared/pracsys/adaptive_roa_experiments/gaussian_torque/cp_low_v2_clf_epi_bald,0.9941808184451247,0.5206741251507498
clf,low,clf_epi_var_anch,0,300,0.005260358532946409,1.0,0.13838694511634514,100.0,0.07400246021769867,0.001391832660719161,0.001391832660719161,0.08980292298891045,0.03403814853390306,0.012905599166682356,0.1273770882099309,0.12724803221826408,0.12724803221826408,0.9262909207281489,0.9278345663673501,0.9310348073266693,-0.007076330896033882,0.037535862754692506,0.00038041679005515624,0.037664918746359334,-0.00130107913538028,0.8130803198472373,0.7848946497208429,0.7465670506035765,0.18003018295215215,0.45361024271903827,0.04251246262163163,0.0,20,106242,0.7672072072072073,0.8216152716593246,0.898509699442178,0.8647880172632648,0.7513159308196369,0.6385798816568047,1.6511163969908466e-15,0.00037659934644158904,0.009677275069369301,0.03753586275469311,0.20895690969673011,0.16024735980120855,0.1130532181246588,0.18537866380527476,0.1752414299429604,0.15907080062498824,/common/users/shared/pracsys/adaptive_roa_experiments/gaussian_torque/cp_low_v2_clf_epi_var_anch,0.9710700269619144,0.7050181279793108
clf,low,clf_epi_var_anch,1,450,0.002064761134943625,1.0,0.09983548730580247,100.0,0.039375544874493885,0.0034264877351644573,0.0034264877351644573,0.10869617270032474,0.01300122494617886,0.012905599166682356,0.1273770882099309,0.12724803221826408,0.12724803221826408,0.9606087987801435,0.9609476478228949,0.963084279286911,-0.016344397574697092,0.020973737001634046,0.00031424292749792526,0.02110279299330087,-0.0010046102514697612,0.8881883031873682,0.8807381643622985,0.8754367020262974,0.14147872514100338,0.45361024271903827,0.04251246262163163,0.0,20,106242,0.9372955903913387,0.9473749304310185,0.9448786507610037,0.843970550901244,0.822859598238264,0.8155029585798816,2.3066845314980457e-22,5.704514699600687e-08,0.0025859087872780856,0.020973737001634206,0.16692080344873025,0.15220910750927127,0.13729033715479755,0.18537866380527476,0.1752414299429604,0.15907080062498824,/common/users/shared/pracsys/adaptive_roa_experiments/gaussian_torque/cp_low_v2_clf_epi_var_anch,0.9885502543455998,0.8351743705894129
clf,low,clf_epi_var_anch,2,600,0.002001235658902885,1.0,0.10056223847904004,100.0,0.03960194939629979,0.006183418359560413,0.006183418359560413,0.11165473248684832,0.013181551933097217,0.012905599166682356,0.1273770882099309,0.12724803221826408,0.12724803221826408,0.959836975960543,0.9599687505882796,0.961738295589315,-0.027646571330122733,0.020963849658246506,0.00030614103061196523,0.021092905649913334,-0.0008128684327296729,0.882636081084798,0.873921679067975,0.8658371563417935,0.14220547631421032,0.45361024271903827,0.04251246262163163,0.0,20,106242,0.9629696314968191,0.9751902084022495,0.9789536532577058,0.8146737750698146,0.7917069502631862,0.7761538461538462,2.283798849982828e-19,-5.5961201524640686e-14,0.0023412536385527074,0.020963849658246617,0.15683063195346472,0.14226953558856195,0.12611773121740932,0.18537866380527476,0.1752414299429604,0.15907080062498824,/common/users/shared/pracsys/adaptive_roa_experiments/gaussian_torque/cp_low_v2_clf_epi_var_anch,0.9909722529459765,0.8352520719354783
clf,low,clf_epi_var_anch,3,750,0.0017746863396164705,1.0,0.09135198003419466,100.0,0.036868805468207345,0.007164960018648325,0.007164960018648325,0.11455527793749551,0.011400593366702605,0.012905599166682356,0.1273770882099309,0.12724803221826408,0.12724803221826408,0.960862935562207,0.9622559816268519,0.9669151559646844,-0.02978045058711041,0.019609212625611272,0.0002969169825958238,0.019738268617278093,-0.0002485016738056345,0.8835228864362148,0.8804626483038217,0.8851644941030415,0.13299521786935795,0.45361024271903827,0.04251246262163163,0.0,20,106242,0.9854402299568831,0.9892818863879957,0.9881829455102488,0.8007108403148007,0.7932108711999141,0.8015976331360947,1.750393436704276e-19,-1.2732419621085963e-13,0.0018335394412925252,0.019609212625611414,0.15062781197643116,0.14050940306093634,0.12903559797443573,0.18537866380527476,0.1752414299429604,0.15907080062498824,/common/users/shared/pracsys/adaptive_roa_experiments/gaussian_torque/cp_low_v2_clf_epi_var_anch,0.9924694408380715,0.8458977142218099
clf,low,clf_epi_var_anch,4,900,0.0014883701090521858,1.0,0.10585653593483989,100.0,0.037997109779247994,0.008941139173116786,0.008941139173116786,0.1152010209182246,0.008942968115799928,0.012905599166682356,0.1273770882099309,0.12724803221826408,0.12724803221826408,0.9575120950283316,0.9589710284068448,0.965305623011615,-0.030626593970512647,0.021514019948450702,0.0003166961303551701,0.021643075940117534,0.0005258694752944375,0.8724930794870347,0.8686217185569185,0.8787180837062386,0.14749977376988666,0.45361024271903827,0.04251246262163163,0.0,20,106242,0.9832558731775641,0.9896298331158574,0.9896975985769345,0.7841584158415842,0.7739821677946074,0.7901183431952663,3.004300618305986e-06,1.2017541808004035e-06,0.0008006914785407407,0.021514019948450674,0.14784171984714142,0.13705502531955346,0.12699309124451724,0.18537866380527476,0.1752414299429604,0.15907080062498824,/common/users/shared/pracsys/adaptive_roa_experiments/gaussian_torque/cp_low_v2_clf_epi_var_anch,0.9931403221912501,0.8309284664493006
clf,low,clf_epi_var_anch,5,1050,0.0021540027278595143,1.0,0.11307968773125654,100.0,0.046966570347398706,0.015482817925190366,0.015482817925190366,0.11686359836017157,0.012837035660308449,0.012905599166682356,0.1273770882099309,0.12724803221826408,0.12724803221826408,0.951939910769752,0.9493420681086576,0.9520246230304399,-0.043887578805974256,0.02675425359870249,0.00034411373618581934,0.026883309590369314,0.0008870018154196156,0.8518110053401439,0.8314543404735062,0.8227808490664441,0.15472292556641087,0.45361024271903827,0.04251246262163163,0.0,20,106242,0.9941738364609444,0.9970707525912573,0.9975550122249389,0.7451129728357451,0.7130196583951015,0.7001183431952662,-3.8700389183132163e-16,1.7665929147080364e-14,0.0009824585271237499,0.02675425359870263,0.138937520001506,0.12531767097757948,0.1116413471131944,0.18537866380527476,0.1752414299429604,0.15907080062498824,/common/users/shared/pracsys/adaptive_roa_experiments/gaussian_torque/cp_low_v2_clf_epi_var_anch,0.994225612038808,0.7897472115497091
clf,low,clf_epi_var_anch,6,1200,0.0022386060312025303,1.0,0.11465072913199378,100.0,0.0506148344672264,0.017478370688420525,0.017478370688420525,0.11615599449046961,0.014220402101156028,0.012905599166682356,0.1273770882099309,0.12724803221826408,0.12724803221826408,0.950273902976224,0.9447770185049227,0.9445322941962689,-0.047371627599670355,0.02899638349669824,0.00035469305104627344,0.029125439488365063,0.00042597508048324365,0.8459452366372147,0.8133371512201331,0.7892723046665475,0.15629396696716646,0.45361024271903827,0.04251246262163163,0.0,20,106242,0.9936292642827784,0.9975805822211816,0.9973791233619521,0.7364813404417365,0.6865399076162854,0.65301775147929,2.878593370006194e-19,2.160264859410441e-14,0.0005225052916519623,0.028996383496698388,0.13740328683571468,0.12060202179928842,0.10414901827902336,0.18537866380527476,0.1752414299429604,0.15907080062498824,/common/users/shared/pracsys/adaptive_roa_experiments/gaussian_torque/cp_low_v2_clf_epi_var_anch,0.9939183246667361,0.7721270577531465
clf,low,clf_epi_var_anch,7,1350,0.0013808943173647874,1.0,0.09199628812292832,100.0,0.03971701429011119,0.012123029730869159,0.012123029730869159,0.11836704320324046,0.011105967040122842,0.012905599166682356,0.1273770882099309,0.12724803221826408,0.12724803221826408,0.9581427307467857,0.9571073586717117,0.9611547222379097,-0.035623694082358805,0.021546023911719274,0.0003025534236217445,0.021675079903386102,0.0005420051658264896,0.8734022262077604,0.8610628372816245,0.8614496256756303,0.13363952595800085,0.45361024271903827,0.04251246262163163,0.0,20,106242,0.9940383618455159,0.9957689866723081,0.9955769379995344,0.7788778877887789,0.7584595552690945,0.7591715976331361,2.267219525722389e-22,-1.6912311732804953e-16,0.00011702396048188597,0.021546023911719395,0.14525328965945672,0.13347828542384368,0.12129854483161084,0.18537866380527476,0.1752414299429604,0.15907080062498824,/common/users/shared/pracsys/adaptive_roa_experiments/gaussian_torque/cp_low_v2_clf_epi_var_anch,0.9950904073072117,0.8306769579370615
clf,low,clf_epi_var_anch,8,1500,0.0014997005789081207,1.0,0.09690644001256567,100.0,0.043593176753838066,0.015256365347727258,0.015256365347727258,0.11898652458201392,0.011318460541641342,0.012905599166682356,0.1273770882099309,0.12724803221826408,0.12724803221826408,0.9530976449991528,0.950791589013761,0.9548107151597297,-0.04087811357002773,0.024756973392592713,0.0003264281007748755,0.02488602938425953,0.0012391004086152874,0.8554856297671181,0.836920581446129,0.8346364481796575,0.1385496778476341,0.45361024271903827,0.04251246262163163,0.0,20,106242,0.9974976328959827,0.9981398809523809,0.9985988626061155,0.7488702716425488,0.720539263078741,0.7169230769230769,-1.840411220581393e-19,5.688372723594034e-20,5.667742840550858e-05,0.024756973392592824,0.13917283183675005,0.1265036426272096,0.11420153988064984,0.18537866380527476,0.1752414299429604,0.15907080062498824,/common/users/shared/pracsys/adaptive_roa_experiments/gaussian_torque/cp_low_v2_clf_epi_var_anch,0.9955540522759215,0.805443172982605
clf,low,clf_epi_var_anch,9,1650,0.001490069992998521,1.0,0.09856669054950998,100.0,0.04375808178729122,0.014877134308686434,0.014877134308686434,0.1186866551854449,0.010865908681337324,0.012905599166682356,0.1273770882099309,0.12724803221826408,0.12724803221826408,0.9525423090679769,0.9505374522316975,0.9548483650533687,-0.04085191376692814,0.025150654924867028,0.0003289155968758695,0.02527971091653385,0.0017121435833614036,0.8534728276663761,0.8358171649951573,0.8347969831594172,0.1402099283845867,0.45361024271903827,0.04251246262163163,0.0,20,106242,0.9978933061501869,0.9990290537007992,0.9985993243799951,0.7455699416095456,0.7184445160597271,0.7171597633136094,-1.9132164544089384e-17,8.916077527367692e-16,7.490494495036394e-05,0.02515065492486698,0.1385045462246569,0.12602360648331168,0.11423918977428889,0.18537866380527476,0.1752414299429604,0.15907080062498824,/common/users/shared/pracsys/adaptive_roa_experiments/gaussian_torque/cp_low_v2_clf_epi_var_anch,0.995251054487662,0.802349360642945
clf,low,clf_epi_var_anch,10,1800,0.0018857144854395038,1.0,0.11666903353662633,100.0,0.04891482785525155,0.019170733796343598,0.019170733796343598,0.11855322073693815,0.011364479676629636,0.012905599166682356,0.1273770882099309,0.12724803221826408,0.12724803221826408,0.9474030985862465,0.9451441049679035,0.9499068165132434,-0.0466765199771089,0.029305317082787576,0.0003639904594745444,0.029434373074454397,0.0014397718051180446,0.8349187592319055,0.8146074564193919,0.8133941093969145,0.15831227137169993,0.45361024271903827,0.04251246262163163,0.0,20,106242,0.9983044860473331,0.9989077859260415,0.9981927710843373,0.7174917491749175,0.6877215597808573,0.6863313609467455,1.5877158330920875e-06,6.351042664364746e-07,5.5474980074831585e-05,0.029305317082787715,0.13323356111518986,0.12064908416633723,0.10937294102144161,0.18537866380527476,0.1752414299429604,0.15907080062498824,/common/users/shared/pracsys/adaptive_roa_experiments/gaussian_torque/cp_low_v2_clf_epi_var_anch,0.995299751821866,0.7696992513603574
clf,low,clf_epi_var_anch,11,1950,0.0014139812995998845,1.0,0.09655126104265101,100.0,0.04240348852217037,0.014509670821803386,0.014509670821803386,0.11918917736984791,0.010843179569593091,0.012905599166682356,0.1273770882099309,0.12724803221826408,0.12724803221826408,0.9545001035372075,0.9523164097061426,0.9564108356393893,-0.039506275300649964,0.023940299138990956,0.0003185779029372082,0.024069355130657777,0.0013717734687713895,0.8604422888157515,0.8429049863557431,0.8416048158155762,0.13819449887770127,0.45361024271903827,0.04251246262163163,0.0,20,106242,0.9972562403801111,0.9971386647101981,0.997244062575991,0.7566387407971567,0.7299924803953164,0.7279881656804734,1.0077717263937804e-06,4.031200733069986e-07,1.9030266145517353e-05,0.02394029913899098,0.14065059016208278,0.12829201257506448,0.11612168445624141,0.18537866380527476,0.1752414299429604,0.15907080062498824,/common/users/shared/pracsys/adaptive_roa_experiments/gaussian_torque/cp_low_v2_clf_epi_var_anch,0.9956570637553552,0.8118611445564282
fm,med,dir00_s42,0,300,0.020750345186030302,100.0,0.2848150714580672,100.0,0.09081135520792154,0.027770066138010426,0.027617589316939264,0.04323672913132992,0.01524768210711623,0.03651499273908491,0.0661615011929017,0.06579635126551085,0.06579635126551087,0.86518514335197,0.8857513977523014,0.9399107697520754,-0.08891869505468647,0.050177211451120064,0.0004193796795816132,0.050694838199582086,-1.249000902703301e-16,0.36083716363960905,0.2348714069591528,0.12090333241531258,0.39313154012844337,0.35826334274808036,0.10909699301425581,0.0,93,106242,0.9805966529226292,0.9925412892914225,0.9887387387387387,0.22109810784206496,0.133195109744763,0.06438838369023174,0.018458346940628437,0.017857622173429136,0.017988725526198603,0.050177211451119634,0.038807627868451273,0.017667212590124434,0.0041791381939346025,0.17211648877091923,0.13165226558234974,0.06417424370776152,/common/users/shared/pracsys/adaptive_roa_experiments/gaussian_torque/cp_med_v2_dir00_s42,0.8546151764717028,0.2373861090163224
fm,med,dir00_s42,1,450,0.012450444211471312,100.0,0.1852044248784718,100.0,0.06878579093014063,0.018362941154477477,0.018154028131626462,0.05220072479688136,0.02089130228510135,0.03651499273908491,0.0661615011929017,0.06579635126551085,0.06579635126551087,0.9036633346510796,0.9129346209596958,0.9506221644923853,-0.06637883322979612,0.03174965460025606,0.0002958953925042824,0.03232371755049792,1.0408340855860843e-16,0.6132627999244284,0.5092317487266554,0.4005941499085924,0.2935208935488253,0.35826334274808036,0.10909699301425581,0.0,100,106242,0.9921750825284265,0.98724542275252,0.90641158221303,0.4437821284042437,0.3431043111460642,0.25711352302728074,0.010387359880512469,0.010062424664559448,0.0100068073729742,0.03174965460025549,0.07698462001844845,0.045754033244856086,0.018203723574480902,0.17211648877091923,0.13165226558234974,0.06417424370776152,/common/users/shared/pracsys/adaptive_roa_experiments/gaussian_torque/cp_med_v2_dir00_s42,0.8960446030625788,0.517455694888987
fm,med,dir00_s42,2,600,0.009213993931493216,100.0,0.15457321551067732,100.0,0.06468082302667494,0.016378562062173856,0.01615744397062034,0.05307850191398643,0.022111809155351263,0.03651499273908491,0.0661615011929017,0.06579635126551085,0.06579635126551087,0.9080589597334388,0.9192880405112855,0.9537847555580655,-0.05940400218369383,0.028875293322144856,0.0002797347244651967,0.029461561341089213,7.979727989493313e-17,0.6397964451655727,0.5639904408399857,0.4736277873070326,0.26288968418105557,0.35826334274808036,0.10909699301425581,0.0,101,106242,0.982223731884058,0.9764084507042253,0.8800796812749004,0.4744066498960954,0.396511045971259,0.32399530654150777,0.006886608092311887,0.0067229019168930015,0.006723288607656881,0.02887529332214426,0.08313096515502344,0.05346284896745167,0.02362530825850417,0.17211648877091923,0.13165226558234974,0.06417424370776152,/common/users/shared/pracsys/adaptive_roa_experiments/gaussian_torque/cp_med_v2_dir00_s42,0.9166513746228724,0.5611414194440185
fm,med,dir00_s42,3,750,0.006084437559556983,100.0,0.11312336691445132,100.0,0.05527437359989458,0.013343718370648234,0.013113689176768585,0.05686586789471844,0.02300291938796485,0.03651499273908491,0.0661615011929017,0.06579635126551085,0.06579635126551087,0.9216693962839555,0.9305830086030007,0.961022947610173,-0.04713296059938629,0.02204417254756104,0.00022622452441320066,0.02263935166883154,4.163336342344337e-17,0.7077949438202247,0.6496936303614687,0.6215845746139084,0.22143983558481609,0.35826334274808036,0.10909699301425581,0.0,101,106242,0.9887188542279772,0.9678743277667704,0.8244848484848485,0.5511867002078092,0.48895402874097377,0.4988266353769434,0.004060255241957911,0.004114456437266586,0.004197320642716788,0.02204417254756099,0.09595075393912013,0.06650853711338266,0.0388264528152708,0.17211648877091923,0.13165226558234974,0.06417424370776152,/common/users/shared/pracsys/adaptive_roa_experiments/gaussian_torque/cp_med_v2_dir00_s42,0.9365615147348012,0.6649636017261012
fm,med,dir00_s42,4,900,0.004190448609540152,100.0,0.07726015460456392,100.0,0.048864102708909854,0.009327705156793056,0.009041554803273866,0.05781825889012136,0.02861503535191907,0.03651499273908491,0.0661615011929017,0.06579635126551085,0.06579635126551087,0.9351009958396868,0.935684569191092,0.9597240262796257,-0.041159804973550956,0.01701964717866339,0.00018729707675170423,0.017670947459573427,2.7755575615628914e-17,0.7710899372530793,0.6839061849470325,0.5892291446673706,0.18557662327495178,0.35826334274808036,0.10909699301425581,0.0,101,106242,0.9812420785804816,0.9688073394495413,0.8527368713531537,0.6350760144372745,0.5284907414027311,0.45013200352009386,0.002494786445089984,0.002397020410235537,0.0023352997228800027,0.017019647178663284,0.11139662280454057,0.07181717211648878,0.03387549180173566,0.17211648877091923,0.13165226558234974,0.06417424370776152,/common/users/shared/pracsys/adaptive_roa_experiments/gaussian_torque/cp_med_v2_dir00_s42,0.9517394063401811,0.7413284042152539
fm,med,dir00_s42,5,1050,0.0028533379893538446,100.0,0.057615946424313995,100.0,0.041668737410816815,0.006521278580187104,0.00622029647890851,0.05921697999522321,0.030098210127859418,0.03651499273908491,0.0661615011929017,0.06579635126551085,0.06579635126551087,0.9469418873891682,0.9460947647822895,0.964034939101297,-0.03301020312117618,0.012799667749196187,0.00015455298300565736,0.013465799777865628,2.949029909160572e-17,0.8205520007640149,0.7470294624320863,0.6534240362811793,0.1659324150947109,0.35826334274808036,0.10909699301425581,0.0,101,106242,0.9817932505522968,0.9773462783171522,0.8561920608509627,0.7048014874767582,0.6045613784228212,0.5283074215312409,0.0015045746656645992,0.0014415003368524555,0.0016597600353489078,0.012799667749195909,0.12355753844995387,0.08143671994126617,0.03959827563487133,0.17211648877091923,0.13165226558234974,0.06417424370776152,/common/users/shared/pracsys/adaptive_roa_experiments/gaussian_torque/cp_med_v2_dir00_s42,0.959210862123845,0.805465386712021
fm,med,dir00_s42,6,1200,0.002231740895102077,100.0,0.04763808979624059,100.0,0.035897949963291355,0.004319051110313326,0.004025730344058127,0.06005213322224894,0.029332076625519895,0.03651499273908491,0.0661615011929017,0.06579635126551085,0.06579635126551087,0.9556201878729692,0.9565520227405357,0.9681481899813633,-0.022956552022740533,0.00976994838732005,0.00012732088469219528,0.0104284190809661,1.0408340855860843e-17,0.8544798000061726,0.8082897250602208,0.7301865731143359,0.1559545584666298,0.35826334274808036,0.10909699301425581,0.0,101,106242,0.9807297201558626,0.9643246457239124,0.7999650593990216,0.7570272339494696,0.6957174519196396,0.67160457612203,0.0012486767054040795,0.0011895084578204189,0.0012876929637100994,0.009769948387320093,0.13285706217879933,0.09498126917791458,0.05387699779748122,0.17211648877091923,0.13165226558234974,0.06417424370776152,/common/users/shared/pracsys/adaptive_roa_experiments/gaussian_torque/cp_med_v2_dir00_s42,0.9617920766533168,0.8515123073026504
fm,med,dir00_s42,7,1350,0.002313649557993406,100.0,0.048476657203595896,100.0,0.03852252404886956,0.005000042716251127,0.0046809868215613015,0.05950415323503149,0.03190558946898248,0.03651499273908491,0.0661615011929017,0.06579635126551085,0.06579635126551087,0.9518457860356544,0.9489938065924963,0.9672540050074359,-0.02963394890909433,0.010973184852040673,0.0001365427802646479,0.011657390674121346,6.938893903907228e-18,0.8412461987215293,0.7636617384098741,0.6856419987349779,0.15679312587400623,0.35826334274808036,0.10909699301425581,0.0,101,106242,0.9723816355810617,0.9790874524714829,0.8929159802306426,0.7412774800393744,0.6259383713448202,0.5564681724845996,0.001127886707443391,0.0011385556017622371,0.0016219732444571844,0.010973184852040517,0.13120987933209088,0.08416633723009732,0.03999359951808136,0.17211648877091923,0.13165226558234974,0.06417424370776152,/common/users/shared/pracsys/adaptive_roa_experiments/gaussian_torque/cp_med_v2_dir00_s42,0.9625593356943629,0.8332250247774363
fm,med,dir00_s42,8,1500,0.0021930600934005223,100.0,0.04867795218857076,100.0,0.037596619039551214,0.005495652618678895,0.005193991630871185,0.0603817598995684,0.03016609878077095,0.03651499273908491,0.0661615011929017,0.06579635126551085,0.06579635126551087,0.9507727640669416,0.9512151503172004,0.9702001091846916,-0.02995613787391051,0.01060858299681364,0.0001347514720332901,0.011275393912012197,-6.938893903907228e-18,0.8352340747274904,0.7747598974403546,0.7236382681564246,0.15699442085896922,0.35826334274808036,0.10909699301425581,0.0,101,106242,0.9851367419738407,0.9878102836879432,0.8937041828374299,0.7249261730285465,0.6373060699220705,0.6079495453212086,0.0011046889431754587,0.0010843093307655294,0.0014796969625663406,0.010608582996813465,0.12665424220176577,0.08493816004969786,0.04365505167447902,0.17211648877091923,0.13165226558234974,0.06417424370776152,/common/users/shared/pracsys/adaptive_roa_experiments/gaussian_torque/cp_med_v2_dir00_s42,0.962976681465479,0.8387663936864164
fm,med,dir00_s42,9,1650,0.0025025426969096337,100.0,0.05669612810183976,100.0,0.041709211046478796,0.0071847710347751215,0.006887289061563211,0.05983528316497094,0.02974819732119106,0.03651499273908491,0.0661615011929017,0.06579635126551085,0.06579635126551087,0.9445417066696786,0.9451346924944937,0.9666327817623915,-0.03532906007040531,0.01284835716210314,0.0001531672736522781,0.013510989062705897,1.3877787807814457e-17,0.810204870506378,0.7385512446736936,0.6722751224923731,0.16501259677223198,0.35826334274808036,0.10909699301425581,0.0,101,106242,0.9857344411349741,0.9909725565719788,0.9092273068267067,0.687739254074155,0.5886180024308286,0.5332942211792314,0.0011428987032544836,0.0011014685550179931,0.0013904030540004874,0.012848357162102881,0.12008433576175147,0.07819882908830783,0.037640481165640706,0.17211648877091923,0.13165226558234974,0.06417424370776152,/common/users/shared/pracsys/adaptive_roa_experiments/gaussian_torque/cp_med_v2_dir00_s42,0.961741689744722,0.8047253849950492
fm,med,dir00_s42,10,1800,0.0014344721476707582,100.0,0.03516205168758943,100.0,0.03210688804804126,0.0027412913163496495,0.002424838997372905,0.060560805347865086,0.03164523189767444,0.03651499273908491,0.0661615011929017,0.06579635126551085,0.06579635126551087,0.9599687505882796,0.9612864968656464,0.9731273884151277,-0.018441482652811505,0.0076603849150186755,0.0001045153923892514,0.008341987161386268,0.0,0.8716695332066021,0.832361931933972,0.7741118759395521,0.14347852035801512,0.35826334274808036,0.10909699301425581,0.0,101,106242,0.9723325479636487,0.9680508153204399,0.8404054286205119,0.789893907907689,0.7300350325302066,0.71751246699912,0.0006155108428156561,0.000528155750384246,0.0010819266624405913,0.007660384915018813,0.1398222925020237,0.09928276952617608,0.054790007718228194,0.17211648877091923,0.13165226558234974,0.06417424370776152,/common/users/shared/pracsys/adaptive_roa_experiments/gaussian_torque/cp_med_v2_dir00_s42,0.967624723101999,0.8835743203432909
fm,med,dir00_s42,11,1950,0.0014032458272913231,100.0,0.03594045857540365,100.0,0.03284642608384632,0.0030756361825367553,0.002757701418013071,0.060550152002422135,0.03179347645236842,0.03651499273908491,0.0661615011929017,0.06579635126551085,0.06579635126551087,0.9603828994183091,0.9599593381148698,0.9708966322170139,-0.019702848214453794,0.008003900681101787,0.00010914506175871259,0.00868698537301632,-6.938893903907228e-18,0.8727745367711512,0.8254267892317794,0.7500404203718675,0.14425692724582312,0.35826334274808036,0.10909699301425581,0.0,101,106242,0.9756707440697439,0.9687891339947982,0.8355547550432276,0.7895111013890408,0.7190248087509831,0.6804048107949545,0.0005490264307149798,0.000551262897227768,0.001033315649375612,0.00800390068110183,0.13927636904425744,0.09771088646674574,0.052258052371002055,0.17211648877091923,0.13165226558234974,0.06417424370776152,/common/users/shared/pracsys/adaptive_roa_experiments/gaussian_torque/cp_med_v2_dir00_s42,0.9673571564230965,0.8783534264870814
fm,med,dir00_s43,0,300,0.02187495592190021,100.0,0.3014587019596438,100.0,0.09432305491236986,0.030267178634002266,0.03012630274345393,0.04284375578556423,0.014087589054833646,0.03651499273908491,0.0661615011929017,0.06579635126551085,0.06579635126551087,0.860507144067318,0.8808380866324053,0.9373788144048493,-0.09304182903183297,0.0530788982234004,0.0004316583913273057,0.05358492404133958,-1.6653345369377348e-16,0.3207443395361628,0.17352134743439093,0.0478030628309718,0.4097751706300147,0.35826334274808036,0.10909699301425581,0.0,89,106242,0.9906568516421291,0.9984973703981969,0.9881656804733728,0.1913485726785519,0.09501680131550726,0.024493986506306836,0.019655494186060305,0.01899742136258731,0.01925056147754208,0.05307889822340028,0.033244856083281565,0.012528002108394044,0.0015907080062498823,0.17211648877091923,0.13165226558234974,0.06417424370776152,/common/users/shared/pracsys/adaptive_roa_experiments/gaussian_torque/cp_med_v2_dir00_s43,0.8475547452652156,0.19328508036549286
fm,med,dir00_s43,1,450,0.012053613639058453,100.0,0.18668269950019253,100.0,0.07154458688654204,0.020024819666360823,0.019813876458563265,0.05237646035211857,0.021094320779755926,0.03651499273908491,0.0661615011929017,0.06579635126551085,0.06579635126551087,0.9007172304738239,0.9073718491745261,0.9476854727885393,-0.06977278289188833,0.03323376737195565,0.0003016772849935405,0.03380986050714406,9.71445146547012e-17,0.596078731714789,0.4593154222295478,0.3246658566221142,0.2949991681705497,0.35826334274808036,0.10909699301425581,0.0,100,106242,0.9942514052120592,0.9919316563834836,0.9461756373937678,0.42562616209121734,0.2988489311503539,0.19595189205045468,0.009811893702900323,0.009493987331000993,0.009474444185364755,0.03323376737195522,0.07368084185162177,0.03966416294873967,0.013290412454584816,0.17211648877091923,0.13165226558234974,0.06417424370776152,/common/users/shared/pracsys/adaptive_roa_experiments/gaussian_torque/cp_med_v2_dir00_s43,0.8996787214625387,0.4948995387624765
fm,med,dir00_s43,2,600,0.00865748525648372,100.0,0.14680729678513219,100.0,0.06347452043447978,0.016226586913813987,0.01600251727976525,0.05392316651261929,0.022406963404873834,0.03651499273908491,0.0661615011929017,0.06579635126551085,0.06579635126551087,0.9097814423674253,0.9202481127990814,0.954481278590388,-0.05802601607650459,0.027875702032656914,0.0002699216592604865,0.02846492159409649,9.020562075079397e-17,0.6487595734545055,0.5720058594736576,0.49019607843137253,0.25512376545550786,0.35826334274808036,0.10909699301425581,0.0,101,106242,0.9832278129512385,0.974526678141136,0.8714392803598201,0.48408618615334137,0.40480446128547937,0.3410090935758287,0.006376808700682772,0.006172087775973246,0.006151913753626857,0.027875702032656345,0.08474049810809285,0.05468647051072081,0.025112479057246662,0.17211648877091923,0.13165226558234974,0.06417424370776152,/common/users/shared/pracsys/adaptive_roa_experiments/gaussian_torque/cp_med_v2_dir00_s43,0.9209717206112932,0.5763336188633184
fm,med,dir00_s43,3,750,0.006195224920152521,100.0,0.114133660915565,100.0,0.05656087046554094,0.014169550536752283,0.013934086789891912,0.05687198281152374,0.02354637468603697,0.03651499273908491,0.0661615011929017,0.06579635126551085,0.06579635126551087,0.9199751510701982,0.9279569285216769,0.9591686903484498,-0.04993976017017752,0.02285845524387909,0.00023309008882256265,0.023459068918130304,5.204170427930421e-17,0.6994697773064688,0.630384392505312,0.5864632983794089,0.2224501295859331,0.35826334274808036,0.10909699301425581,0.0,101,106242,0.9890043982407037,0.9711352477309924,0.8376906318082789,0.541069670786394,0.46664760134410527,0.4511586975652684,0.004155831932197877,0.003935840017615548,0.003993936113850456,0.022858455243878934,0.09416238399126522,0.06326123378701455,0.03456260236064833,0.17211648877091923,0.13165226558234974,0.06417424370776152,/common/users/shared/pracsys/adaptive_roa_experiments/gaussian_torque/cp_med_v2_dir00_s43,0.9376813946376302,0.6525877984990782
fm,med,dir00_s43,4,900,0.003689624534952403,100.0,0.06976774534504855,100.0,0.0449487020199168,0.007556153542713573,0.00727218047493749,0.05820287526986729,0.02839730677760836,0.03651499273908491,0.0661615011929017,0.06579635126551085,0.06579635126551087,0.940682592571676,0.9414920652849156,0.9640914139417556,-0.035143351970030684,0.014865656470581079,0.0001707213294511201,0.015514779465748007,1.9081958235744878e-17,0.7954028959158497,0.7223016440314511,0.6614005502795776,0.17808421401543872,0.35826334274808036,0.10909699301425581,0.0,101,106242,0.9787472035794184,0.962724782660474,0.837491571139582,0.6699114076342557,0.5779652534496318,0.5464945731886184,0.002163105952460742,0.0021406436496513967,0.002111704617057922,0.014865656470580874,0.11780651719658893,0.0790365392217767,0.04187609420003389,0.17211648877091923,0.13165226558234974,0.06417424370776152,/common/users/shared/pracsys/adaptive_roa_experiments/gaussian_torque/cp_med_v2_dir00_s43,0.9534828628921916,0.7740656406524269
fm,med,dir00_s43,5,1050,0.0031007591105319914,100.0,0.06515248240379365,100.0,0.04580297810658686,0.008622283802325046,0.008324740001522647,0.058930551810610514,0.02975438008023991,0.03651499273908491,0.0661615011929017,0.06579635126551085,0.06579635126551087,0.9402307938480073,0.9397131078104705,0.9608817605090265,-0.039203140001129504,0.015190539456423006,0.00017557110797932618,0.015853233184616254,1.3877787807814457e-17,0.7923479398299542,0.7063677623435566,0.5959556678981139,0.1734689510741878,0.35826334274808036,0.10909699301425581,0.0,101,106242,0.9854400520579144,0.98441093789931,0.8837946943483276,0.6625287104888986,0.5507971687995996,0.44954532120856555,0.0014842671146497205,0.0014146282006450306,0.0016986732753328127,0.015190539456422734,0.11571694809962162,0.07366201690480224,0.032642457785056755,0.17211648877091923,0.13165226558234974,0.06417424370776152,/common/users/shared/pracsys/adaptive_roa_experiments/gaussian_torque/cp_med_v2_dir00_s43,0.9587128779435997,0.7691279354515577
fm,med,dir00_s43,6,1200,0.0021329719333127465,100.0,0.04701981631294278,100.0,0.03615086312381167,0.004479702549675231,0.00418283450741836,0.060048869260921865,0.02968680422568715,0.03651499273908491,0.0661615011929017,0.06579635126551085,0.06579635126551087,0.9548295401065492,0.9558272622879841,0.9682987895559195,-0.024046234069388755,0.009930316512007367,0.00012888558390725832,0.01059233448165509,1.734723475976807e-17,0.8512998481702972,0.8036976617727025,0.7272874493927127,0.1553362849833358,0.35826334274808036,0.10909699301425581,0.0,101,106242,0.982126260098663,0.9684475806451613,0.811822125813449,0.7512304495242261,0.6868520769285765,0.6586975652684072,0.0010435286081198817,0.0010639974032982406,0.0013238089295905182,0.009930316512007447,0.13165226558234974,0.09337173622484517,0.0520698029028068,0.17211648877091923,0.13165226558234974,0.06417424370776152,/common/users/shared/pracsys/adaptive_roa_experiments/gaussian_torque/cp_med_v2_dir00_s43,0.9625633673048148,0.8490749666051369
fm,med,dir00_s43,7,1350,0.0021919758115849244,100.0,0.048309324633849834,100.0,0.03938122399804221,0.005321862212688452,0.004999930598205869,0.059364003830280974,0.03219316144825831,0.03651499273908491,0.0661615011929017,0.06579635126551085,0.06579635126551087,0.9504245025507803,0.9475442856873929,0.9664257073473768,-0.03064833116846445,0.011432278033435767,0.00014070996094984754,0.0121193595753092,1.3877787807814457e-17,0.8358525259450867,0.7554307280466932,0.672301332108406,0.1566257933042647,0.35826334274808036,0.10909699301425581,0.0,101,106242,0.9716687196579958,0.9780681818181818,0.8996803540693386,0.7333479164388056,0.6153571173232287,0.5366676444705192,0.0009616519089906058,0.000910427670466069,0.0015160006778850398,0.011432278033435602,0.12990154552813388,0.08282976600591103,0.03828052935750457,0.17211648877091923,0.13165226558234974,0.06417424370776152,/common/users/shared/pracsys/adaptive_roa_experiments/gaussian_torque/cp_med_v2_dir00_s43,0.9635825464363796,0.8262475378413827
fm,med,dir00_s43,8,1500,0.0020631845347560047,100.0,0.04480269557751669,100.0,0.035208956909696734,0.004567010879649691,0.004267428860021926,0.06064437679648355,0.029958201962776432,0.03651499273908491,0.0661615011929017,0.06579635126551085,0.06579635126551087,0.9546695280585832,0.9561566988573257,0.9715272679354681,-0.025759210105231453,0.009419403329049232,0.00012491825167397554,0.010084135276067845,1.734723475976807e-18,0.8503325253278637,0.8028776978417266,0.7488584474885844,0.15311916424790992,0.35826334274808036,0.10909699301425581,0.0,101,106242,0.9848114022458969,0.9837187597220782,0.8628276257891716,0.748167997375041,0.6782011868163295,0.6614843062481666,0.0011441821861135695,0.001029812060477893,0.0013243711083111508,0.009419403329049314,0.13075808060842228,0.09076448109034092,0.0491989985128292,0.17211648877091923,0.13165226558234974,0.06417424370776152,/common/users/shared/pracsys/adaptive_roa_experiments/gaussian_torque/cp_med_v2_dir00_s43,0.9637917807875478,0.8568400352317607
fm,med,dir00_s43,9,1650,0.002239116905661398,100.0,0.05285449998542062,100.0,0.040731819807609045,0.006748738736722187,0.0064459387920941524,0.05999339254346777,0.030279994462803526,0.03651499273908491,0.0661615011929017,0.06579635126551085,0.06579635126551087,0.946631275766646,0.9459912275747822,0.9670186931721918,-0.03406270589785583,0.012248897514137248,0.00014752589927610667,0.012916847386156135,1.214306433183765e-17,0.8188035280582896,0.7440449638683201,0.6779411764705883,0.16117096865581923,0.35826334274808036,0.10909699301425581,0.0,101,106242,0.9850069198831308,0.9892064998220852,0.9079271294928607,0.7005906157716286,0.5962679631086009,0.5409210912290995,0.0008930854024740784,0.0008909942405170241,0.0012680099819286066,0.012248897514137092,0.1224186291673726,0.07935656331770863,0.03823346699045575,0.17211648877091923,0.13165226558234974,0.06417424370776152,/common/users/shared/pracsys/adaptive_roa_experiments/gaussian_torque/cp_med_v2_dir00_s43,0.963434752625186,0.8138362192044853
fm,med,dir00_s43,10,1800,0.0013526112279315854,100.0,0.03346298532448013,100.0,0.03091649253590858,0.0022323975046982854,0.0019125952103746153,0.060660771497434325,0.03198022943236701,0.03651499273908491,0.0661615011929017,0.06579635126551085,0.06579635126551087,0.9623218689407202,0.9631784040210086,0.9732497505694546,-0.0159871802112159,0.0070481749784511395,9.872216237904955e-05,0.00773312720016566,-7.806255641895632e-18,0.8804325099315989,0.8426261163408159,0.7788326848249028,0.14177945399491002,0.35826334274808036,0.10909699301425581,0.0,101,106242,0.9700519976304878,0.963388832674087,0.8295755968169761,0.8059717816909111,0.7487667119468078,0.7339395717219126,0.0006209775290673202,0.0005585761038406865,0.00108496226590446,0.007048174978451222,0.14300370851452346,0.10232299843752941,0.05677603960768811,0.17211648877091923,0.13165226558234974,0.06417424370776152,/common/users/shared/pracsys/adaptive_roa_experiments/gaussian_torque/cp_med_v2_dir00_s43,0.967467248161707,0.8928789386814273
fm,med,dir00_s43,11,1950,0.0016027557997494262,100.0,0.03909462219296778,100.0,0.03509751322452514,0.003957133171760592,0.0036357433639671016,0.06031108838472968,0.03213898077934899,0.03651499273908491,0.0661615011929017,0.06579635126551085,0.06579635126551087,0.9572485457728582,0.9552625138833983,0.9688917753807346,-0.02422045895220346,0.009121006244748268,0.00011897395688615114,0.009807545979932608,-1.3877787807814457e-17,0.8608967291436972,0.7995276055506347,0.7174489185261177,0.14741109086338924,0.35826334274808036,0.10909699301425581,0.0,101,106242,0.9783516636502854,0.9749022834807652,0.8600122976019676,0.7686208027999563,0.6776292271394867,0.6154297447931945,0.0005686114284165945,0.0006198617640420298,0.0010877666706360564,0.009121006244748384,0.13521959300464975,0.09150806648971217,0.04592345776623181,0.17211648877091923,0.13165226558234974,0.06417424370776152,/common/users/shared/pracsys/adaptive_roa_experiments/gaussian_torque/cp_med_v2_dir00_s43,0.9666479596247274,0.8613751968108099
fm,med,dir00_s44,0,300,0.021779596886661475,100.0,0.3127012854460566,100.0,0.09727866568776945,0.03373939268587596,0.0336103996246753,0.043699384118042583,0.012899306120066274,0.03651499273908491,0.0661615011929017,0.06579635126551085,0.06579635126551087,0.8566386174959055,0.8760847875604751,0.9360893055477119,-0.09654486926074433,0.05570736677214341,0.0004426125150200045,0.05620150976073492,-1.5959455978986625e-16,0.2863702384856862,0.11101357282733472,0.0081799591002045,0.4210177541164203,0.35826334274808036,0.10909699301425581,0.0,83,106242,0.9996728819103696,1.0,1.0,0.16712238871267637,0.05876885679559591,0.004106776180698152,0.019260457176594373,0.01875840918931184,0.0190492590920855,0.05570736677214299,0.02877393121364432,0.0077370531428248715,0.00026354925547335327,0.17211648877091923,0.13165226558234974,0.06417424370776152,/common/users/shared/pracsys/adaptive_roa_experiments/gaussian_torque/cp_med_v2_dir00_s44,0.8485783897539605,0.1533365346150417
fm,med,dir00_s44,1,450,0.012637918216668934,100.0,0.19189743034367954,100.0,0.07309500950659815,0.020704569213850107,0.0204968768842173,0.05195057371053007,0.020769232963280516,0.03651499273908491,0.0661615011929017,0.06579635126551085,0.06579635126551087,0.8981005628659099,0.9052446301839198,0.9467159880273338,-0.0714472619114851,0.03434265443919818,0.000308704045908942,0.03491549669622184,1.0408340855860843e-16,0.5806801456348285,0.43963261898135264,0.30240295748613677,0.30021389901403794,0.35826334274808036,0.10909699301425581,0.0,100,106242,0.9952203929899097,0.9927099044746104,0.9460292983808789,0.40993109482664336,0.28233359548151854,0.1799647990613083,0.010542765886546741,0.010009117739393933,0.009946256455892219,0.0343426544391978,0.07089474972233203,0.037442819224035695,0.012207978012462114,0.17211648877091923,0.13165226558234974,0.06417424370776152,/common/users/shared/pracsys/adaptive_roa_experiments/gaussian_torque/cp_med_v2_dir00_s44,0.8975930239179374,0.47804621717374907
fm,med,dir00_s44,2,600,0.00927294905281796,100.0,0.152751697944174,100.0,0.06318132188776567,0.01580071483905083,0.015585935953263302,0.05335783640807505,0.021477888578752644,0.03651499273908491,0.0661615011929017,0.06579635126551085,0.06579635126551087,0.9088496074998588,0.9220647201671656,0.956184936277555,-0.056515596468439976,0.028024450810699184,0.0002742371948185192,0.028604379623877563,7.979727989493313e-17,0.6440752719788297,0.5877315275841466,0.5300353356890459,0.2610681666145467,0.35826334274808036,0.10909699301425581,0.0,101,106242,0.9820668011656579,0.9680170575692963,0.8503401360544217,0.47916438805643663,0.42196325159076287,0.38501026694045176,0.007034008968217629,0.006923515001676181,0.006878291824758584,0.0280244508106985,0.08397808776190208,0.05738785037932268,0.0290563054159372,0.17211648877091923,0.13165226558234974,0.06417424370776152,/common/users/shared/pracsys/adaptive_roa_experiments/gaussian_torque/cp_med_v2_dir00_s44,0.9160553013133218,0.5740728737736398
fm,med,dir00_s44,3,750,0.006217888902577911,100.0,0.11539051734379738,100.0,0.05723056794864555,0.014660012792162237,0.014424532930006484,0.056796204785312485,0.023547986215575308,0.03651499273908491,0.0661615011929017,0.06579635126551085,0.06579635126551087,0.9185726925321436,0.9272886429095838,0.9589239660397959,-0.051038101692362725,0.02342467941020491,0.0002396619330263248,0.0240253091997515,4.163336342344337e-17,0.6924088888888887,0.6249817952327783,0.5779497098646035,0.22370698601416678,0.35826334274808036,0.10909699301425581,0.0,101,106242,0.9896330927939831,0.9735329703569268,0.848381601362862,0.5324838674395712,0.46021305497962395,0.43825168671164566,0.004158959827461876,0.003932021785977817,0.0039008291256685222,0.02342467941020449,0.09260932587865439,0.06223527418535043,0.03315073134918394,0.17211648877091923,0.13165226558234974,0.06417424370776152,/common/users/shared/pracsys/adaptive_roa_experiments/gaussian_torque/cp_med_v2_dir00_s44,0.9383019801662644,0.6439820908050313
fm,med,dir00_s44,4,900,0.003897853643711746,100.0,0.07372429127791261,100.0,0.04654439863707385,0.008218787690120705,0.007936856339947982,0.05805366946697229,0.028193135017272362,0.03651499273908491,0.0661615011929017,0.06579635126551085,0.06579635126551087,0.9379623877562546,0.9391860092995238,0.9628772048718962,-0.03743124188174168,0.015679538138486576,0.00017596977323715407,0.016326619416050146,2.0816681711721685e-17,0.7838378537929225,0.7076867393566485,0.6415197236866024,0.18204075994830157,0.35826334274808036,0.10909699301425581,0.0,101,106242,0.9791069233920524,0.9636520453425332,0.8434512428298279,0.6535054139779066,0.5591620790734253,0.5176004693458492,0.0022581026985940126,0.0022988074301114464,0.002299791571740163,0.01567953813848639,0.11487923796615275,0.0763916341936334,0.039381788746446794,0.17211648877091923,0.13165226558234974,0.06417424370776152,/common/users/shared/pracsys/adaptive_roa_experiments/gaussian_torque/cp_med_v2_dir00_s44,0.951951478753599,0.7616959324201086
fm,med,dir00_s44,5,1050,0.003369949840666516,100.0,0.068565868875819,100.0,0.0468433387925679,0.009141144445423775,0.008846880986680166,0.05892910315983299,0.029426345874360788,0.03651499273908491,0.0661615011929017,0.06579635126551085,0.06579635126551087,0.9384706613203818,0.9380565124903523,0.9604111368385384,-0.040898420586961845,0.015714129092358038,0.00017806091258567756,0.016373542478492497,1.0408340855860843e-17,0.7845915576498501,0.6954509695034476,0.5845515606479652,0.1768823375462115,0.35826334274808036,0.10909699301425581,0.0,101,106242,0.9870657491086975,0.9858304906848596,0.8950393224440412,0.6510445149294543,0.5372131264745835,0.4339982399530654,0.0016960893228011658,0.001656173184947118,0.0018434490800657841,0.015714129092357955,0.11352384179514693,0.07174187232921067,0.031117637092675215,0.17211648877091923,0.13165226558234974,0.06417424370776152,/common/users/shared/pracsys/adaptive_roa_experiments/gaussian_torque/cp_med_v2_dir00_s44,0.9570990325036062,0.7611702048804175
fm,med,dir00_s44,6,1200,0.0020790727457930228,100.0,0.047160299130507,100.0,0.03679797067073285,0.004701981704392906,0.004404381191061326,0.060029565049362535,0.029760051333158014,0.03651499273908491,0.0661615011929017,0.06579635126551085,0.06579635126551087,0.9548013026863199,0.9543118540690122,0.9670845804860602,-0.024681481899813628,0.01017116740720965,0.00013013373112072846,0.01083391784793208,3.469446951953614e-18,0.8511007751937985,0.7959132189707367,0.7137595154293197,0.15547676780090133,0.35826334274808036,0.10909699301425581,0.0,101,106242,0.9828129475794901,0.9661120751250383,0.8075569549916651,0.7505195231324511,0.6766997926646171,0.639483719565855,0.0010178304290968394,0.0010109186593062988,0.0013065990873271406,0.0101711674072096,0.1314357786939252,0.09221400199544437,0.05081794393930837,0.17211648877091923,0.13165226558234974,0.06417424370776152,/common/users/shared/pracsys/adaptive_roa_experiments/gaussian_torque/cp_med_v2_dir00_s44,0.9627821025797292,0.8454144156692596
fm,med,dir00_s44,7,1350,0.0018961005148769793,100.0,0.04366858770214622,100.0,0.037376273037028666,0.004856329904277356,0.004535357877197574,0.06004370316284048,0.032097202707978105,0.03651499273908491,0.0661615011929017,0.06579635126551085,0.06579635126551087,0.9532764819939383,0.950753939120122,0.9681764274015926,-0.028473955686075192,0.010288005979867957,0.0001290879222198287,0.010974127934338588,8.673617379884035e-18,0.8461633816784431,0.7734868819811238,0.6975579211020665,0.15198505637255885,0.35826334274808036,0.10909699301425581,0.0,101,106242,0.9763982262909455,0.9804631763801998,0.8940609951845907,0.7465820846549273,0.6386644741545721,0.5718685831622177,0.0007722288535503248,0.0007602540341005325,0.001252058315227471,0.010288005979867945,0.13160520321530092,0.08575704523634721,0.04104779653997478,0.17211648877091923,0.13165226558234974,0.06417424370776152,/common/users/shared/pracsys/adaptive_roa_experiments/gaussian_torque/cp_med_v2_dir00_s44,0.9651989723749794,0.8436386550015165
fm,med,dir00_s44,8,1500,0.0020772547203168398,100.0,0.04594513774004394,100.0,0.036025300728525445,0.004891249410316147,0.004590653515181369,0.06047363311672475,0.030059589513477807,0.03651499273908491,0.0661615011929017,0.06579635126551085,0.06579635126551087,0.9533894316748556,0.9544906910637977,0.9713107810470435,-0.02711545339884415,0.009913371663967474,0.00013115259763945653,0.0105791174864931,-8.673617379884035e-18,0.8454431960049937,0.793631823808101,0.7427848101265822,0.154261606410439,0.35826334274808036,0.10909699301425581,0.0,101,106242,0.9847317144103533,0.9846430840923533,0.8746025437201908,0.7406759269386416,0.6646886394509187,0.6454972132590202,0.0010672207509705726,0.0010044801471920655,0.0012543568969693173,0.009913371663967586,0.12945915927787505,0.08887257393497863,0.04736356619792549,0.17211648877091923,0.13165226558234974,0.06417424370776152,/common/users/shared/pracsys/adaptive_roa_experiments/gaussian_torque/cp_med_v2_dir00_s44,0.9639301431229607,0.8493325013728555
fm,med,dir00_s44,9,1650,0.002438781937730067,100.0,0.05585346413870691,100.0,0.04177058037311045,0.007170818940800238,0.006870243990795684,0.059676198260996245,0.030057495000455417,0.03651499273908491,0.0661615011929017,0.06579635126551085,0.06579635126551087,0.9451441049679035,0.9449464430262985,0.9663409950866889,-0.035173942508612416,0.012990396995310306,0.00015656249076276873,0.01365612187270571,1.0408340855860843e-17,0.8124597760329514,0.737583561397999,0.6694398225180255,0.16416993280910624,0.35826334274808036,0.10909699301425581,0.0,101,106242,0.9870211102423768,0.9901228619609732,0.90525,0.690364213059171,0.5876885679559591,0.5310941625110003,0.0009745152594227838,0.0010187909097944625,0.00142790378786096,0.012990396995310089,0.12038553491086387,0.07814235424784925,0.03764989363905047,0.17211648877091923,0.13165226558234974,0.06417424370776152,/common/users/shared/pracsys/adaptive_roa_experiments/gaussian_torque/cp_med_v2_dir00_s44,0.9622638564653623,0.8025666052074895
fm,med,dir00_s44,10,1800,0.0012298198403750205,100.0,0.03206465533644181,100.0,0.030185331601438225,0.002010635178213612,0.0016931637926081552,0.06080267702358798,0.03174713856054569,0.03651499273908491,0.0661615011929017,0.06579635126551085,0.06579635126551087,0.963677265111726,0.9649950113890928,0.9739839234954161,-0.013978934884508954,0.0066868380345310365,9.498338261599143e-05,0.0073694593475273455,3.469446951953614e-18,0.8854522247617918,0.8522858164197482,0.7904790782292298,0.14038112400687178,0.35826334274808036,0.10909699301425581,0.0,101,106242,0.9683178601571123,0.9588025022341377,0.8180106683401318,0.815651317948157,0.7670694216057768,0.7647403930771487,0.0005419910431910988,0.0004839570570637357,0.0009899955148349308,0.006686838034531165,0.14498032793057358,0.1053255774552437,0.059995105513826925,0.17211648877091923,0.13165226558234974,0.06417424370776152,/common/users/shared/pracsys/adaptive_roa_experiments/gaussian_torque/cp_med_v2_dir00_s44,0.9681271975956629,0.898370686125932
fm,med,dir00_s44,11,1950,0.0014938857999714256,100.0,0.037578192269083016,100.0,0.0341512772726417,0.0036520773861979205,0.0033308004425174078,0.06040102233957101,0.032127694368051296,0.03651499273908491,0.0661615011929017,0.06579635126551085,0.06579635126551087,0.9585098172097664,0.9566179100544041,0.9702189341315111,-0.02273225278138589,0.008726129368457262,0.00011659303367446198,0.009412556239528623,8.673617379884035e-18,0.8655113497681229,0.8072274039064786,0.7351858051556746,0.1458946609395059,0.35826334274808036,0.10909699301425581,0.0,101,106242,0.9788819875776398,0.9725861721427131,0.856140350877193,0.7756753800721864,0.6899263601916065,0.6441771780580815,0.0005389106843292912,0.0005715748246950575,0.001061130256847609,0.0087261293684574,0.13638673970746032,0.0933905611716647,0.048285988592082225,0.17211648877091923,0.13165226558234974,0.06417424370776152,/common/users/shared/pracsys/adaptive_roa_experiments/gaussian_torque/cp_med_v2_dir00_s44,0.9670795229277437,0.8673766979380918
fm,med,epi_var,0,300,0.020895623622981762,100.0,0.2851672852070944,100.0,0.09078330603716045,0.02774630258785075,0.027594019245399677,0.04320546948734671,0.015228334245107273,0.03651499273908491,0.0661615011929017,0.06579635126551085,0.06579635126551087,0.8654486926074434,0.8861278966886919,0.9397978200711583,-0.08890928258127669,0.05018490102356369,0.000419934709078527,0.05070233429340563,-1.1796119636642288e-16,0.36293952493426623,0.23911949685534592,0.11730609991719569,0.3934837538774711,0.35826334274808036,0.10909699301425581,0.0,96,106242,0.9804960269684565,0.9937271301620492,0.9929906542056075,0.2226840205621787,0.13591191820976622,0.06233499559988266,0.018682424033264047,0.017910160888643632,0.018001389521732008,0.050184901023563065,0.03909000207074415,0.018006061632875887,0.0040285386193784,0.17211648877091923,0.13165226558234974,0.06417424370776152,/common/users/shared/pracsys/adaptive_roa_experiments/gaussian_torque/cp_med_v2_epi_var,0.8545557476973672,0.23726923973260483
fm,med,epi_var,1,450,0.007903342321209665,100.0,0.13556922569374313,100.0,0.06204467159880273,0.016150356612318766,0.01591965493999796,0.054880872884002944,0.0230701672320806,0.03651499273908491,0.0661615011929017,0.06579635126551085,0.06579635126551087,0.9113345004800362,0.9187232921066998,0.9579074189115415,-0.058140942376837784,0.026835133321505944,0.0002674736932443796,0.0274309849212176,7.632783294297951e-17,0.6550208745330697,0.5557899068882144,0.5314333612740988,0.2438856943641225,0.35826334274808036,0.10909699301425581,0.0,101,106242,0.9914634146341463,0.9908290535583272,0.9303008070432869,0.48906267089576727,0.3862157717880889,0.3719565855089469,0.005731178793440568,0.005378142791595075,0.005292891738287907,0.02683513332150566,0.0849005101560588,0.05131680503002579,0.025658402515012894,0.17211648877091923,0.13165226558234974,0.06417424370776152,/common/users/shared/pracsys/adaptive_roa_experiments/gaussian_torque/cp_med_v2_epi_var,0.9286324908129406,0.5921486099857275
fm,med,epi_var,2,600,0.002715485555060107,100.0,0.05229090647333189,100.0,0.040121797405922324,0.0029747544199189495,0.0026497637515781936,0.05663853531388051,0.032499066834075586,0.03651499273908491,0.0661615011929017,0.06579635126551085,0.06579635126551087,0.950631576965795,0.9542271418083244,0.9652020858041076,-0.019406261177312176,0.01180757970320855,0.00015643414450330464,0.012497720298940154,6.938893903907228e-18,0.840533884649296,0.7991408863739623,0.6988187372708757,0.16060737514383486,0.35826334274808036,0.10909699301425581,0.0,101,106242,0.9464566929133859,0.9462050078247262,0.7859629833241708,0.7559335010390462,0.6916422392221349,0.6290701085362276,0.0014119547396407464,0.001363854086506142,0.002354957200781539,0.011807579703208485,0.13746917414958304,0.09623312814141301,0.0513638673970746,0.17211648877091923,0.13165226558234974,0.06417424370776152,/common/users/shared/pracsys/adaptive_roa_experiments/gaussian_torque/cp_med_v2_epi_var,0.9584487845204095,0.8205435487514967
fm,med,epi_var,3,750,0.0009808808857607082,100.0,0.0261978321830662,100.0,0.03006108695242936,0.0007742358062816624,0.0004262605148800424,0.060280661793520804,0.03479752914016201,0.03651499273908491,0.0661615011929017,0.06579635126551085,0.06579635126551087,0.9686188136518514,0.9669904557519625,0.9695882984130569,-0.0018586811242258241,0.005941949986870075,8.65751659466962e-05,0.006655075205662545,-2.168404344971009e-17,0.9053056123608271,0.8678946773646741,0.7713861175971131,0.13451430085357566,0.35826334274808036,0.10909699301425581,0.0,101,106242,0.9417917503841153,0.9171974522292994,0.7451811346548188,0.8715410696707864,0.8236219346536069,0.7995013200352009,0.0003354073465608131,0.00028397527352742635,0.000899064770585072,0.005941949986870081,0.15927787504000301,0.11822066602661847,0.06885224299241355,0.17211648877091923,0.13165226558234974,0.06417424370776152,/common/users/shared/pracsys/adaptive_roa_experiments/gaussian_torque/cp_med_v2_epi_var,0.970364170684674,0.9096918009496869
fm,med,epi_var,4,900,0.0011498046342371287,100.0,0.026579734196012655,100.0,0.0271651512584477,0.0008906611536566967,0.0005608925997225586,0.06146047732556858,0.03297685539341383,0.03651499273908491,0.0661615011929017,0.06579635126551085,0.06579635126551087,0.9723555655955272,0.9727132395850981,0.9716402176163852,-0.0052975282844825965,0.004896766539664829,7.848757612140968e-05,0.005591685020989815,-1.214306433183765e-17,0.9154990361653768,0.8898849090287537,0.7842463301109918,0.13489620286647805,0.35826334274808036,0.10909699301425581,0.0,101,106242,0.9659401372108555,0.9492706645056727,0.7661956065482021,0.8700645302417149,0.8374919568170444,0.8031680844822529,0.0006083043242438968,0.0005644289509427578,0.0012262459168241027,0.004896766539664711,0.15503284953220006,0.1161499218764707,0.06727094745957343,0.17211648877091923,0.13165226558234974,0.06417424370776152,/common/users/shared/pracsys/adaptive_roa_experiments/gaussian_torque/cp_med_v2_epi_var,0.9693570346838246,0.9255769287280886
fm,med,epi_var,5,1050,0.0010883905101570946,100.0,0.024923951294092736,100.0,0.026814442499199936,0.0009880219263364285,0.0006567662586488413,0.06160783903949566,0.03312556676875873,0.03651499273908491,0.0661615011929017,0.06579635126551085,0.06579635126551087,0.9694471113119105,0.9733627002503717,0.9752922572993731,-0.00696711281790629,0.004845278484664039,7.938246740605098e-05,0.005541684079742475,0.0,0.905688883723633,0.8912542268675069,0.8107562540552231,0.1332404199645743,0.35826334274808036,0.10909699301425581,0.0,101,106242,0.9661542276221176,0.963446041372435,0.7972493974195378,0.8523460570928579,0.8291270465432187,0.8247286594309181,0.0005346704372540866,0.0004922400336643272,0.0009837054213927803,0.004845278484663928,0.15184202104629055,0.11329794243331262,0.06638617495905574,0.17211648877091923,0.13165226558234974,0.06417424370776152,/common/users/shared/pracsys/adaptive_roa_experiments/gaussian_torque/cp_med_v2_epi_var,0.9707057305892619,0.9263594653583194
fm,med,epi_var,6,1200,0.0006860194881561398,100.0,0.020294560867541965,100.0,0.02545810508085315,0.0006825400665043909,0.00034619651008402873,0.06200085306641273,0.03363435564203623,0.03651499273908491,0.0661615011929017,0.06579635126551085,0.06579635126551087,0.9753110822461927,0.9760546676455639,0.97224261591461,0.002547015304681764,0.004141694709182144,6.981614789529392e-05,0.004843188192993356,-6.938893903907228e-18,0.925943702532539,0.9068200131858473,0.8044040591629635,0.1286110295380383,0.35826334274808036,0.10909699301425581,0.0,101,106242,0.9571003326912975,0.9297033420953812,0.7342293255842112,0.8967516132560429,0.8850361049546007,0.8894103842769141,0.00023196813539888523,0.00018744322804863775,0.0006603211920128296,0.004141694709182087,0.16126390692946294,0.12532708345098925,0.07773761789122946,0.17211648877091923,0.13165226558234974,0.06417424370776152,/common/users/shared/pracsys/adaptive_roa_experiments/gaussian_torque/cp_med_v2_epi_var,0.9733355376459556,0.9370528208704312
fm,med,epi_var,7,1350,0.0006672424316475923,100.0,0.018050437015910668,100.0,0.022858944673481294,0.0006817353155272483,0.0003501640162313203,0.06277228528386616,0.0331571299295928,0.03651499273908491,0.0661615011929017,0.06579635126551085,0.06579635126551087,0.9763746917414958,0.9771747519813256,0.9775794883379454,-0.002095216581013159,0.003374229997876013,6.15981036076611e-05,0.004070951224562791,2.6020852139652106e-18,0.9281214203894617,0.9091181651238617,0.8368716614162445,0.12636690568637993,0.35826334274808036,0.10909699301425581,0.0,101,106242,0.9742094505230251,0.9553402646502835,0.7849434737923947,0.8861970906704583,0.8671623650532637,0.8961572308594896,0.0002621442435080729,0.00021511780138311928,0.0006720129264026173,0.0033742299978759185,0.15656708269799138,0.11950076241034618,0.07326669302159221,0.17211648877091923,0.13165226558234974,0.06417424370776152,/common/users/shared/pracsys/adaptive_roa_experiments/gaussian_torque/cp_med_v2_epi_var,0.9738572689875816,0.9487170651111057
fm,med,epi_var,8,1500,0.00052733592252729,100.0,0.018233365005270993,100.0,0.025321247717475206,0.0008242901584332178,0.00046944310542159707,0.062238275303067754,0.03548470530116207,0.03651499273908491,0.0661615011929017,0.06579635126551085,0.06579635126551087,0.9723273281752979,0.9724120404359857,0.9754146194537,-0.006703751811901131,0.004027519067864694,6.179121415474203e-05,0.004747516048267164,-4.336808689942018e-18,0.9152493513980975,0.8873688660031511,0.8064324885134134,0.12654983367579337,0.35826334274808036,0.10909699301425581,0.0,101,106242,0.9677517678614972,0.959288800265869,0.8150089874176153,0.8681504976484743,0.825480803603346,0.7980346142563801,7.334866857667905e-05,7.24323105302377e-05,0.0004687545858852031,0.004027519067864661,0.15440221381374597,0.11328852995990286,0.06283767248357523,0.17211648877091923,0.13165226558234974,0.06417424370776152,/common/users/shared/pracsys/adaptive_roa_experiments/gaussian_torque/cp_med_v2_epi_var,0.974355046564454,0.9387881092127393
fm,med,epi_var,9,1650,0.0006574433513012672,100.0,0.01876664635088675,100.0,0.024629148547655348,0.0011237194348717545,0.0007723875603767242,0.06259701728069793,0.035133187449503035,0.03651499273908491,0.0661615011929017,0.06579635126551085,0.06579635126551087,0.9738803862879087,0.9715931552493364,0.976882965305623,-0.01003454377741383,0.003971721545189665,6.616356027397505e-05,0.004688203347075545,1.474514954580286e-17,0.9194133875417454,0.8823850350740452,0.8110478535159256,0.12708311502137468,0.35826334274808036,0.10909699301425581,0.0,101,106242,0.9802464548888477,0.9698449413175705,0.8529126213592233,0.8656895986000219,0.8093944376921427,0.7731006160164271,0.00019889230675620664,0.00019451304140974868,0.0006245737369934323,0.003971721545189605,0.1520020330942565,0.10987180211215904,0.058169085672332976,0.17211648877091923,0.13165226558234974,0.06417424370776152,/common/users/shared/pracsys/adaptive_roa_experiments/gaussian_torque/cp_med_v2_epi_var,0.9737305115289694,0.9396361429046056
fm,med,epi_var,10,1800,0.000541262995220395,100.0,0.019027129624128884,100.0,0.025701794017431903,0.0007215445869941074,0.0003581404262244978,0.06214268980015147,0.036340416076960945,0.03651499273908491,0.0661615011929017,0.06579635126551085,0.06579635126551087,0.9717625797707121,0.972760301952147,0.9772782891888331,-0.007445360591856328,0.0040118018915838985,5.838399820350711e-05,0.004740355979744358,7.806255641895632e-18,0.9136690647482014,0.8876901583359206,0.8163420572124164,0.12734359829466818,0.35826334274808036,0.10909699301425581,0.0,101,106242,0.9642249757045676,0.9708004413886767,0.8480872589313943,0.8681504976484743,0.817687853006363,0.7868876503373423,7.875831114571743e-05,8.690660297369511e-05,0.000540585205895702,0.004011801891583804,0.15496696221833173,0.1108883492404134,0.05954330679015832,0.17211648877091923,0.13165226558234974,0.06417424370776152,/common/users/shared/pracsys/adaptive_roa_experiments/gaussian_torque/cp_med_v2_epi_var,0.9739663611430485,0.9390269853202816
fm,med,epi_var,11,1950,0.000479144064986787,100.0,0.01695116632588416,100.0,0.025014401084316937,0.0014472072123841865,0.0010923801822705465,0.06302929160213837,0.035482703011364,0.03651499273908491,0.0661615011929017,0.06579635126551085,0.06579635126551087,0.9718378795579903,0.9701530468176427,0.9771088646674573,-0.012802846331959113,0.0038594398456430427,5.5771379006735134e-05,0.0045794168031475305,6.938893903907228e-18,0.9125350795135642,0.8742016106637045,0.807137192704203,0.12526763499636612,0.35826334274808036,0.10909699301425581,0.0,101,106242,0.9802788594397689,0.9819964349376115,0.8786256906077348,0.8535491632943235,0.7877314649317223,0.7464065708418891,6.316637122792687e-05,5.669161257346695e-05,0.0003384416677778401,0.0038594398456428917,0.1498654016302404,0.10560795165753657,0.05451704598934508,0.17211648877091923,0.13165226558234974,0.06417424370776152,/common/users/shared/pracsys/adaptive_roa_experiments/gaussian_torque/cp_med_v2_epi_var,0.9752426885459001,0.9413426463411493
fm,med,epi_var_anch,0,300,0.020895623622981762,100.0,0.2851672852070944,100.0,0.09078330603716045,0.02774630258785075,0.027594019245399677,0.04320546948734671,0.015228334245107273,0.03651499273908491,0.0661615011929017,0.06579635126551085,0.06579635126551087,0.8654486926074434,0.8861278966886919,0.9397978200711583,-0.08890928258127669,0.05018490102356369,0.000419934709078527,0.05070233429340563,-1.1796119636642288e-16,0.36293952493426623,0.23911949685534592,0.11730609991719569,0.3934837538774711,0.35826334274808036,0.10909699301425581,0.0,96,106242,0.9804960269684565,0.9937271301620492,0.9929906542056075,0.2226840205621787,0.13591191820976622,0.06233499559988266,0.018682424033264047,0.017910160888643632,0.018001389521732008,0.050184901023563065,0.03909000207074415,0.018006061632875887,0.0040285386193784,0.17211648877091923,0.13165226558234974,0.06417424370776152,/common/users/shared/pracsys/adaptive_roa_experiments/gaussian_torque/cp_med_v2_epi_var_anch,0.8545557476973672,0.23726923973260483
fm,med,epi_var_anch,1,450,0.007290177618358347,100.0,0.09970298329885288,100.0,0.05305961860657744,0.007412334350820938,0.0071173355687379515,0.05238085913138105,0.029499878208298608,0.03651499273908491,0.0661615011929017,0.06579635126551085,0.06579635126551087,0.932794939854295,0.9321454791890212,0.9554131134579544,-0.040579996611509565,0.0205328277028678,0.00024057525639813578,0.021192976412341632,3.8163916471489756e-17,0.7644030884973273,0.6621361953414256,0.5357247868274037,0.20801945196930804,0.35826334274808036,0.10909699301425581,0.0,101,106242,0.9636439267886855,0.9610884353741497,0.8073855243722304,0.6334354150716395,0.505040394652177,0.400850689351716,0.005522826742648852,0.005155639526227386,0.006366353822242464,0.02053282770286755,0.11313793038534666,0.06918167956175524,0.03186122249204646,0.17211648877091923,0.13165226558234974,0.06417424370776152,/common/users/shared/pracsys/adaptive_roa_experiments/gaussian_torque/cp_med_v2_epi_var_anch,0.9359335025425736,0.6879336420949729
fm,med,epi_var_anch,2,600,0.0062967986790284924,100.0,0.10221954347069867,100.0,0.0540760716100977,0.009438899423334144,0.00915589442369448,0.053554131720695536,0.028300499963966393,0.03651499273908491,0.0661615011929017,0.06579635126551085,0.06579635126551087,0.9286063891869506,0.9309406825925717,0.9564673104798479,-0.044832834472242615,0.02139811396850986,0.0002482955944269514,0.022046268895540365,4.85722573273506e-17,0.74486191933802,0.6511340402263325,0.5322140184080104,0.2105360121411264,0.35826334274808036,0.10909699301425581,0.0,101,106242,0.9675784322293105,0.9720329358319136,0.8572825024437928,0.6054905392103248,0.4895259884178165,0.3858902904077442,0.004175673626471311,0.0038590722647874843,0.004332399553812815,0.02139811396850961,0.10770693322791364,0.06630146269836788,0.028886880894561474,0.17211648877091923,0.13165226558234974,0.06417424370776152,/common/users/shared/pracsys/adaptive_roa_experiments/gaussian_torque/cp_med_v2_epi_var_anch,0.9397877299233863,0.6747826656502407
fm,med,epi_var_anch,3,750,0.00260828279455446,100.0,0.053212958278332466,100.0,0.03895408595470718,0.004455083755129359,0.0041437735179141125,0.057778242296349064,0.031131023721524657,0.03651499273908491,0.0661615011929017,0.06579635126551085,0.06579635126551087,0.9503115528698631,0.9530505826321041,0.9670751680126504,-0.025019672069426402,0.012161882487075915,0.00016770941390811938,0.012838342651682011,8.673617379884035e-18,0.836365890703946,0.7898373641189854,0.7054563826204109,0.16152942694877115,0.35826334274808036,0.10909699301425581,0.0,101,106242,0.9653667262969589,0.9616292192469478,0.828192961644919,0.7377775347260199,0.6701222563809252,0.6144030507480199,0.0012007790265590598,0.0011717369474188745,0.0019273048626367577,0.012161882487075637,0.13153931590143259,0.09174337832495623,0.04760829050657932,0.17211648877091923,0.13165226558234974,0.06417424370776152,/common/users/shared/pracsys/adaptive_roa_experiments/gaussian_torque/cp_med_v2_epi_var_anch,0.9602372935024175,0.815158709363707
fm,med,epi_var_anch,4,900,0.002281484353970494,100.0,0.05057066440642517,100.0,0.03829370682027823,0.004828813706484328,0.004519192637451727,0.05890074768491342,0.030962106903260116,0.03651499273908491,0.0661615011929017,0.06579635126551085,0.06579635126551087,0.9508668888010391,0.95241994691365,0.9673198923213042,-0.027501929557049002,0.011414796218049169,0.00015073159046640884,0.012089567214472621,5.204170427930421e-18,0.8369463359780095,0.7841127482383088,0.6987680027763318,0.15888713307684965,0.35826334274808036,0.10909699301425581,0.0,101,106242,0.9758886946386947,0.9736953754773017,0.8553525913338997,0.7326369900470305,0.656323729177093,0.5906424171311235,0.0009837563360082045,0.0008745537869613045,0.0015907102414597,0.011414796218048915,0.12921443496922122,0.08874079930724196,0.0443139248131624,0.17211648877091923,0.13165226558234974,0.06417424370776152,/common/users/shared/pracsys/adaptive_roa_experiments/gaussian_torque/cp_med_v2_epi_var_anch,0.9625653498451576,0.8265132336596213
fm,med,epi_var_anch,5,1050,0.0014506766798905511,100.0,0.03726290289538289,100.0,0.033624649385365496,0.0024382149719374903,0.0021186734886952108,0.05988473433091289,0.03195414832422795,0.03651499273908491,0.0661615011929017,0.06579635126551085,0.06579635126551087,0.9611735471847292,0.9606087987801435,0.968910600327554,-0.01609749439957832,0.008030290423293191,0.00010562147158306571,0.008714981833926319,1.214306433183765e-17,0.8768913958277375,0.8312976176079333,0.7414481409001957,0.14557937156582945,0.35826334274808036,0.10909699301425581,0.0,101,106242,0.9651796859601866,0.9529574861367838,0.7950310559006211,0.8034015093514164,0.7371845284907415,0.694631856849516,0.0005707600737955095,0.0005674219273360839,0.0011873740107145017,0.008030290423293264,0.1432672577699968,0.10184296229363152,0.05607010410195591,0.17211648877091923,0.13165226558234974,0.06417424370776152,/common/users/shared/pracsys/adaptive_roa_experiments/gaussian_torque/cp_med_v2_epi_var_anch,0.966297779707508,0.8779523443345937
fm,med,epi_var_anch,6,1200,0.0010295767114472708,100.0,0.03014639541121862,100.0,0.030011859716496298,0.001922446290133999,0.001616763533081727,0.06113092890281319,0.030568275705227188,0.03651499273908491,0.0661615011929017,0.06579635126551085,0.06579635126551087,0.9686564635454905,0.9677905159917923,0.9682329022420512,-0.007250051768603754,0.006282185895779392,8.744462122929255e-05,0.006953018580222511,-3.469446951953614e-18,0.9025175644028104,0.8684048607906476,0.7649557768646842,0.13846286408164912,0.35826334274808036,0.10909699301425581,0.0,101,106242,0.97108479274285,0.939585587084963,0.7282853732926667,0.842994640708739,0.8072495889039822,0.8055148137283661,0.0003255673113078167,0.00034041588680996633,0.0007297549702260496,0.0062821858957794645,0.1494136029065718,0.11310969296511737,0.0709794619830199,0.17211648877091923,0.13165226558234974,0.06417424370776152,/common/users/shared/pracsys/adaptive_roa_experiments/gaussian_torque/cp_med_v2_epi_var_anch,0.9697981599330125,0.9045207557113826
fm,med,epi_var_anch,7,1350,0.001052601195475334,100.0,0.026708110888086552,100.0,0.028150166600779358,0.0013821222930239154,0.0010570827083440754,0.06119983571837606,0.032503958467984,0.03651499273908491,0.0661615011929017,0.06579635126551085,0.06579635126551087,0.9698894975621694,0.9681764274015926,0.9713296059938631,-0.008225842886993845,0.0056535982554788665,8.829821958363757e-05,0.006343787767549557,-5.204170427930421e-18,0.9066285280639794,0.8690397799899291,0.7826149015129887,0.13502457955854277,0.35826334274808036,0.10909699301425581,0.0,101,106242,0.972206572769953,0.9482671174978867,0.7621629135390603,0.8493382915891939,0.8020304568527918,0.8041947785274274,0.0003910344444016615,0.00039833207168159257,0.0009866763500596364,0.005653598255478929,0.15036426272095782,0.11134956043749177,0.06771333370983226,0.17211648877091923,0.13165226558234974,0.06417424370776152,/common/users/shared/pracsys/adaptive_roa_experiments/gaussian_torque/cp_med_v2_epi_var_anch,0.9701530767039397,0.9140742891248687
fm,med,epi_var_anch,8,1500,0.0009892117013803872,100.0,0.02630390881287621,100.0,0.028731104459629904,0.0012989992465712611,0.0009717042621265619,0.06101457227547004,0.03272949844446993,0.03651499273908491,0.0661615011929017,0.06579635126551085,0.06579635126551087,0.9699459724026279,0.9670845804860602,0.9719037668718585,-0.006344854200786883,0.005753483252167389,8.474141596640601e-05,0.006445928164002938,1.214306433183765e-17,0.9075751874258257,0.8653705486044273,0.7883729174051755,0.13462037748334105,0.35826334274808036,0.10909699301425581,0.0,101,106242,0.9640858495787467,0.9375208541875208,0.7630026073830108,0.8573225418352838,0.8035318510045042,0.8154884130243473,0.00035711246780003,0.0003145135205902111,0.0007696026077182083,0.005753483252167381,0.1530562301161499,0.11283673123623426,0.0685886937369402,0.17211648877091923,0.13165226558234974,0.06417424370776152,/common/users/shared/pracsys/adaptive_roa_experiments/gaussian_torque/cp_med_v2_epi_var_anch,0.9706050440929351,0.9125561958755113
fm,med,epi_var_anch,9,1650,0.0008493491036477536,100.0,0.02184914335451402,100.0,0.02547043542101993,0.0008262156499946556,0.0004814156327289468,0.06171287544307331,0.034480001726570876,0.03651499273908491,0.0661615011929017,0.06579635126551085,0.06579635126551087,0.974859283522524,0.9708401573765554,0.9748310461022948,-0.005841098623896387,0.004564891455166487,8.030537544519183e-05,0.005274841399823046,-6.071532165918825e-18,0.9234560825333143,0.8812844880441446,0.8063441483198147,0.13016561202499746,0.35826334274808036,0.10909699301425581,0.0,101,106242,0.9700764645674033,0.9496242464282765,0.7964234620886982,0.8811112326369901,0.8221205405018946,0.8165151070695219,0.00025964382875296376,0.0002625566673683222,0.0008841157890407997,0.004564891455166395,0.1563317708627473,0.11397564051881554,0.06579318913424069,0.17211648877091923,0.13165226558234974,0.06417424370776152,/common/users/shared/pracsys/adaptive_roa_experiments/gaussian_torque/cp_med_v2_epi_var_anch,0.9718567427478642,0.9306209027192772
fm,med,epi_var_anch,10,1800,0.0008854544396748442,100.0,0.022723147247110116,100.0,0.025313811863481483,0.0009516107227294915,0.0006226915256762231,0.061832208882932255,0.03289191970532684,0.03651499273908491,0.0661615011929017,0.06579635126551085,0.06579635126551087,0.9771088646674573,0.9721108412868734,0.9718661169782196,-0.002789762993919542,0.004586833908254816,8.008822462521937e-05,0.005280903032698932,-1.214306433183765e-17,0.9306806521491278,0.8886718016156302,0.7922718743484606,0.13103961591756177,0.35826334274808036,0.10909699301425581,0.0,101,106242,0.9719014168353376,0.9364903389293633,0.752872804120988,0.8928141747785191,0.8454993922928433,0.8360222939278381,0.0003603259285879649,0.00034625732485335834,0.000758715778630097,0.0045868339082546904,0.15811072833719245,0.11886071421848234,0.07126183618531277,0.17211648877091923,0.13165226558234974,0.06417424370776152,/common/users/shared/pracsys/adaptive_roa_experiments/gaussian_torque/cp_med_v2_epi_var_anch,0.9715744244241665,0.9302874122951686
fm,med,epi_var_anch,11,1950,0.0009472270169645111,100.0,0.02440135642794521,100.0,0.026244893733175206,0.0010132368748695586,0.0006932359678493937,0.06168839274294679,0.032000090702016495,0.03651499273908491,0.0661615011929017,0.06579635126551085,0.06579635126551087,0.9777018504922723,0.9719414167654976,0.9700777470303646,0.0011817360365956964,0.004801194490413444,7.782277422955232e-05,0.005486345324824457,-1.9081958235744878e-17,0.932963581312431,0.8898414692731236,0.7881090448576951,0.13271782509839422,0.35826334274808036,0.10909699301425581,0.0,101,106242,0.9666920776402979,0.920911733210953,0.7222968845448992,0.9015093514163841,0.8607993136483878,0.8671164564388384,0.0003764217543689523,0.0003544984682387947,0.0008056963735764355,0.0048011944904133375,0.16051090905668192,0.12305867735923647,0.07704109485890702,0.17211648877091923,0.13165226558234974,0.06417424370776152,/common/users/shared/pracsys/adaptive_roa_experiments/gaussian_torque/cp_med_v2_epi_var_anch,0.9715143359677292,0.9270294720289431
fm,med,epi_bald,0,300,0.020895623622981762,100.0,0.2851672852070944,100.0,0.09078330603716045,0.02774630258785075,0.027594019245399677,0.04320546948734671,0.015228334245107273,0.03651499273908491,0.0661615011929017,0.06579635126551085,0.06579635126551087,0.8654486926074434,0.8861278966886919,0.9397978200711583,-0.08890928258127669,0.05018490102356369,0.000419934709078527,0.05070233429340563,-1.1796119636642288e-16,0.36293952493426623,0.23911949685534592,0.11730609991719569,0.3934837538774711,0.35826334274808036,0.10909699301425581,0.0,96,106242,0.9804960269684565,0.9937271301620492,0.9929906542056075,0.2226840205621787,0.13591191820976622,0.06233499559988266,0.018682424033264047,0.017910160888643632,0.018001389521732008,0.050184901023563065,0.03909000207074415,0.018006061632875887,0.0040285386193784,0.17211648877091923,0.13165226558234974,0.06417424370776152,/common/users/shared/pracsys/adaptive_roa_experiments/gaussian_torque/cp_med_v2_epi_bald,0.8545557476973672,0.23726923973260483
fm,med,epi_bald,1,450,0.008329908581773517,100.0,0.12408634825196851,100.0,0.0549722332034412,0.010568052067508422,0.010322989176023211,0.053089725320424115,0.024506289148521036,0.03651499273908491,0.0661615011929017,0.06579635126551085,0.06579635126551087,0.9232789292370249,0.9318819299335479,0.960787635774929,-0.046940193143954374,0.023029615121110007,0.00025818361958627475,0.023639827939986067,5.204170427930421e-17,0.7169496822585686,0.6563790893119985,0.6088262910798122,0.23240281692236625,0.35826334274808036,0.10909699301425581,0.0,101,106242,0.9821139758348397,0.9770992366412213,0.8460334029227558,0.5645302417149732,0.49417316079216417,0.47550601349369315,0.006335128783244007,0.006155308853676731,0.0062014288352618295,0.023029615121110007,0.09893450801001487,0.06658383690066076,0.03606859810621035,0.17211648877091923,0.13165226558234974,0.06417424370776152,/common/users/shared/pracsys/adaptive_roa_experiments/gaussian_torque/cp_med_v2_epi_bald,0.9253640924692239,0.6499864403091654
fm,med,epi_bald,2,600,0.003612028109526795,100.0,0.0633186138045558,100.0,0.04125063534195516,0.005056910617915561,0.0047563424753160185,0.05720616712415854,0.030056814259954268,0.03651499273908491,0.0661615011929017,0.06579635126551085,0.06579635126551087,0.9491726435872818,0.9504715649178291,0.9620865571054762,-0.028315073134918396,0.013346526616668372,0.00017837815132905351,0.01401224468665876,2.949029909160572e-17,0.8300069256437701,0.7756842015517094,0.656137954584258,0.171635082474979,0.35826334274808036,0.10909699301425581,0.0,101,106242,0.9779673590504451,0.9606166191532045,0.7849264705882353,0.7209340479055015,0.6504611424894545,0.5636550308008214,0.0020953380575009788,0.002004556397734246,0.0026311765560159475,0.013346526616668233,0.12688014156360009,0.08914553566386176,0.046083469814197774,0.17211648877091923,0.13165226558234974,0.06417424370776152,/common/users/shared/pracsys/adaptive_roa_experiments/gaussian_torque/cp_med_v2_epi_bald,0.9542892550582809,0.797154000792376
fm,med,epi_bald,3,750,0.001965178791127432,100.0,0.03754963785941941,100.0,0.033266693021592214,0.0015142254673762546,0.001202029830162263,0.05913912155118738,0.031219563721399154,0.03651499273908491,0.0661615011929017,0.06579635126551085,0.06579635126551087,0.967526966736319,0.9654750475329907,0.96272660529734,-0.00025263078631802886,0.007859259544485726,0.00011472454271692179,0.008536605109090567,-1.214306433183765e-17,0.9011517964586556,0.863946587537092,0.739952718676123,0.14586610652989435,0.35826334274808036,0.10909699301425581,0.0,101,106242,0.946437168993741,0.8977106297695213,0.6699167657550535,0.8600021874658208,0.8326302995638808,0.826342035787621,0.0011360819831806675,0.0010600993082497516,0.0017481004838606523,0.007859259544485738,0.15639765817661566,0.12210801754485044,0.07915890137610361,0.17211648877091923,0.13165226558234974,0.06417424370776152,/common/users/shared/pracsys/adaptive_roa_experiments/gaussian_torque/cp_med_v2_epi_bald,0.9645221002635384,0.8805517419534267
fm,med,epi_bald,4,900,0.001501152772115669,100.0,0.029293005678897775,100.0,0.028322414864178008,0.0008147854725430751,0.00048626369103377454,0.06049523303317129,0.032852178150930056,0.03651499273908491,0.0661615011929017,0.06579635126551085,0.06579635126551087,0.9713390184672728,0.9715460928822877,0.9718002296643512,-8.010014871708003e-05,0.005787381923373339,9.775149438233332e-05,0.006481053632273489,-1.734723475976807e-18,0.913418067047684,0.8874157387061934,0.7983034872761546,0.1376094743493812,0.35826334274808036,0.10909699301425581,0.0,101,106242,0.9513712018006278,0.9261504975124378,0.7378048780487805,0.8783769003609319,0.851790948738114,0.8696098562628337,0.0008173884356292915,0.0007929714113709107,0.00150671952363603,0.005787381923373346,0.15891078857702226,0.12108205794318631,0.0756386363208524,0.17211648877091923,0.13165226558234974,0.06417424370776152,/common/users/shared/pracsys/adaptive_roa_experiments/gaussian_torque/cp_med_v2_epi_bald,0.9681049205490657,0.9120409899324163
fm,med,epi_bald,5,1050,0.00166484668622708,100.0,0.02973663773521423,100.0,0.027024434780971746,0.0009485034619320118,0.0006255406111581258,0.06094892805612511,0.032296285077388596,0.03651499273908491,0.0661615011929017,0.06579635126551085,0.06579635126551087,0.9702659964985599,0.9728450142128349,0.9746710340543288,-0.006146251011840891,0.005472963820543874,9.638334142284796e-05,0.006161076598708608,2.6020852139652106e-18,0.9080857749716315,0.890166368447101,0.8110650846029629,0.13805310640569773,0.35826334274808036,0.10909699301425581,0.0,101,106242,0.970279176770503,0.9520358306188925,0.7779124579124579,0.8533851033577601,0.8358475727461214,0.8471692578468759,0.0010700158914192489,0.0009104200644269499,0.0015900093244847306,0.005472963820543916,0.15138080984921218,0.11558517347188495,0.06988761506748743,0.17211648877091923,0.13165226558234974,0.06417424370776152,/common/users/shared/pracsys/adaptive_roa_experiments/gaussian_torque/cp_med_v2_epi_bald,0.9675054075604232,0.9168196455384192
fm,med,epi_bald,6,1200,0.0012708390042517135,100.0,0.028445232122018115,100.0,0.02775634871331488,0.0016254835561201697,0.001301543842727133,0.06137138545683986,0.0323939713393037,0.03651499273908491,0.0661615011929017,0.06579635126551085,0.06579635126551087,0.9678187534120216,0.9695694734662375,0.9745957342670507,-0.012628997948080799,0.0057265096513981146,9.359248454015391e-05,0.006415599292182,-1.5612511283791264e-17,0.8986332236354473,0.8726914746997441,0.7962249905624764,0.1367617007924751,0.35826334274808036,0.10909699301425581,0.0,101,106242,0.9813507738133782,0.971335904628331,0.8204449976660961,0.8287761128732364,0.7922356473868593,0.7733939571721913,0.0005381691164551526,0.000557073911114685,0.0013049653891195972,0.005726509651398146,0.1453568268669641,0.10737749665857194,0.06049396660454434,0.17211648877091923,0.13165226558234974,0.06417424370776152,/common/users/shared/pracsys/adaptive_roa_experiments/gaussian_torque/cp_med_v2_epi_bald,0.9694932999546942,0.9129661517507304
fm,med,epi_bald,7,1350,0.0006500144687148106,100.0,0.019627457963505936,100.0,0.02460684098567422,0.0007560018497202235,0.00041788542065671134,0.062172731671601054,0.03381164290635121,0.03651499273908491,0.0661615011929017,0.06579635126551085,0.06579635126551087,0.9762052672201201,0.97462397168728,0.9736074245590256,-0.002171457615632236,0.0040415050145665155,7.0249436204596e-05,0.004744771371020876,8.673617379884035e-19,0.9279279279279279,0.8985169013024167,0.804708176626271,0.12794392663398862,0.35826334274808036,0.10909699301425581,0.0,101,106242,0.9692674210839786,0.9488035614913745,0.7661803713527852,0.8899704692114185,0.8532923428898262,0.847315928424758,0.00018182673837057551,0.00016554544142503714,0.000659026412559598,0.004041505014566463,0.15803542854991434,0.11839950302140397,0.07097004950961014,0.17211648877091923,0.13165226558234974,0.06417424370776152,/common/users/shared/pracsys/adaptive_roa_experiments/gaussian_torque/cp_med_v2_epi_bald,0.973325420774146,0.9385755450441673
fm,med,epi_bald,8,1500,0.000487265245550208,100.0,0.017268954292858903,100.0,0.024088401950264484,0.0008228021937234032,0.00047527283488778125,0.06262782666367182,0.0347529358835622,0.03651499273908491,0.0661615011929017,0.06579635126551085,0.06579635126551087,0.9758193558103199,0.9735038873515183,0.9755840439750758,-0.005058074960938235,0.003643797436726786,5.949885866939731e-05,0.004356476722953258,-2.7755575615628914e-17,0.9262650325765621,0.8924464142436862,0.8138366585330845,0.1255854229633568,0.35826334274808036,0.10909699301425581,0.0,101,106242,0.9746904258532165,0.9583948793697686,0.7967959527824621,0.882423712129498,0.8349896332308572,0.8316221765913757,6.857601379696516e-05,8.732873814479945e-05,0.00048003229223786555,0.003643797436726678,0.15582349729862013,0.11470040097136726,0.06697916078387078,0.17211648877091923,0.13165226558234974,0.06417424370776152,/common/users/shared/pracsys/adaptive_roa_experiments/gaussian_torque/cp_med_v2_epi_bald,0.9744727213111757,0.9446200683374856
fm,med,epi_bald,9,1650,0.0003949568166960357,100.0,0.015493215515365089,100.0,0.022523672370625553,0.0006252083255377805,0.00028104161561176637,0.06306407063739432,0.03441667099260142,0.03651499273908491,0.0661615011929017,0.06579635126551085,0.06579635126551087,0.9795372828071761,0.9773441765027013,0.975574631501666,-0.0006223527418535046,0.0030133222437282977,4.857862620267202e-05,0.0037226388810451608,-6.938893903907228e-18,0.9384763414081957,0.9099951389148563,0.820601451780159,0.12380968418586222,0.35826334274808036,0.10909699301425581,0.0,101,106242,0.9724926686217009,0.9539040451552211,0.7761213547796522,0.9067592693864158,0.8699506684778723,0.8704898797301261,5.311717580530213e-05,7.765385638543117e-05,0.0003252362674204028,0.0030133222437282218,0.16048267163645263,0.12006551081493194,0.07197718416445474,0.17211648877091923,0.13165226558234974,0.06417424370776152,/common/users/shared/pracsys/adaptive_roa_experiments/gaussian_torque/cp_med_v2_epi_bald,0.9750908049420993,0.9542022895529798
fm,med,epi_bald,10,1800,0.0004488966770604004,100.0,0.016346262731689584,100.0,0.022920031625910657,0.0007188481373249338,0.0003740122575847788,0.06291635674725568,0.034483587974015496,0.03651499273908491,0.0661615011929017,0.06579635126551085,0.06579635126551087,0.9778430375934188,0.9748875209427533,0.9769017902524425,-0.004192786280378758,0.003254006775839949,5.163164915282583e-05,0.003963992582970953,-9.540979117872439e-18,0.9329688478842758,0.8986476219419541,0.8237322223818416,0.12466273140216573,0.35826334274808036,0.10909699301425581,0.0,101,106242,0.9732652091254753,0.958741995622923,0.8071509009009009,0.8958766269277042,0.845642382212054,0.8410090935758286,7.071515189544242e-05,0.00010092453307001215,0.00034972816857184046,0.0032540067758398865,0.15843075243312438,0.11612168445624141,0.06686621110295364,0.17211648877091923,0.13165226558234974,0.06417424370776152,/common/users/shared/pracsys/adaptive_roa_experiments/gaussian_torque/cp_med_v2_epi_bald,0.974426988472923,0.9505442670717573
fm,med,epi_bald,11,1950,0.0004337154900475229,100.0,0.015082130309845941,100.0,0.02137459761676173,0.0006119983239846888,0.00026694334278016223,0.06326770519825535,0.03450549812045267,0.03651499273908491,0.0661615011929017,0.06579635126551085,0.06579635126551087,0.9791137215037368,0.9776830255454528,0.9785960354661998,-0.003777225579337738,0.002795589410035674,5.068336185371702e-05,0.00350579431863105,5.204170427930421e-18,0.9367066944293904,0.9103422197012667,0.8380572568010255,0.12339859898032399,0.35826334274808036,0.10909699301425581,0.0,101,106242,0.9789542717462588,0.9662064536843795,0.8145071982281284,0.8979547194575085,0.8605848287695718,0.8630096802581402,9.166919798008266e-05,0.00011429594984121447,0.00041140534459592124,0.00279558941003561,0.1578754165019484,0.1172605937388227,0.06799570791212514,0.17211648877091923,0.13165226558234974,0.06417424370776152,/common/users/shared/pracsys/adaptive_roa_experiments/gaussian_torque/cp_med_v2_epi_bald,0.9748912102287641,0.9575114826845867
fm,med,yield_a1,0,300,0.020895623622981762,100.0,0.2851672852070944,100.0,0.09078330603716045,0.02774630258785075,0.027594019245399677,0.04320546948734671,0.015228334245107273,0.03651499273908491,0.0661615011929017,0.06579635126551085,0.06579635126551087,0.8654486926074434,0.8861278966886919,0.9397978200711583,-0.08890928258127669,0.05018490102356369,0.000419934709078527,0.05070233429340563,-1.1796119636642288e-16,0.36293952493426623,0.23911949685534592,0.11730609991719569,0.3934837538774711,0.35826334274808036,0.10909699301425581,0.0,96,106242,0.9804960269684565,0.9937271301620492,0.9929906542056075,0.2226840205621787,0.13591191820976622,0.06233499559988266,0.018682424033264047,0.017910160888643632,0.018001389521732008,0.050184901023563065,0.03909000207074415,0.018006061632875887,0.0040285386193784,0.17211648877091923,0.13165226558234974,0.06417424370776152,/common/users/shared/pracsys/adaptive_roa_experiments/gaussian_torque/cp_med_v2_yield_a1,0.8545557476973672,0.23726923973260483
fm,med,yield_a1,1,450,0.009513531583354546,100.0,0.14559793640514218,100.0,0.06395361533103668,0.015043466161639228,0.014813225044494626,0.052397981416776276,0.023024111714460165,0.03651499273908491,0.0661615011929017,0.06579635126551085,0.06579635126551087,0.9103650157188306,0.918516217691685,0.9531070574725626,-0.05721541386645584,0.02821159489322928,0.00028515847011338207,0.028806985937764724,6.591949208711867e-17,0.6516697757781924,0.5575714212705064,0.4809335278182955,0.2539144050755347,0.35826334274808036,0.10909699301425581,0.0,101,106242,0.9839832099856402,0.9775985663082437,0.8302158273381295,0.4871486383025265,0.39000500464717236,0.3385156937518334,0.007418863680334804,0.007122165728366672,0.007006288976310327,0.028211594893228897,0.08521112177858098,0.05252160162647541,0.026166676079140076,0.17211648877091923,0.13165226558234974,0.06417424370776152,/common/users/shared/pracsys/adaptive_roa_experiments/gaussian_torque/cp_med_v2_yield_a1,0.9204090971323526,0.5712285810593689
fm,med,yield_a1,2,600,0.007528814346545961,100.0,0.10908740172006186,100.0,0.05490691063797744,0.007500095491146341,0.007215735580220665,0.05070655630453716,0.028435991092567593,0.03651499273908491,0.0661615011929017,0.06579635126551085,0.06579635126551087,0.9234201163381713,0.9319101673537772,0.9609758852431242,-0.04125487095498955,0.022305530541194402,0.0002580068124754081,0.022955040379510926,3.469446951953614e-17,0.7266680104817577,0.6621520642630301,0.6088679245283019,0.21740387039054804,0.35826334274808036,0.10909699301425581,0.0,101,106242,0.9420731707317073,0.9547474747474748,0.8532522474881016,0.5914360713113858,0.5068277686423107,0.473305954825462,0.0053501840371810725,0.005237218098798231,0.006995159325566157,0.022305530541194364,0.10805519474407485,0.06988761506748743,0.03559797443572222,0.17211648877091923,0.13165226558234974,0.06417424370776152,/common/users/shared/pracsys/adaptive_roa_experiments/gaussian_torque/cp_med_v2_yield_a1,0.931929866689627,0.6609913754763705
fm,med,yield_a1,3,750,0.0034114022388215693,100.0,0.06318167824586413,100.0,0.04303731104459631,0.005735332599771886,0.0054381075965916105,0.0574318133676063,0.029722500318027513,0.03651499273908491,0.0661615011929017,0.06579635126551085,0.06579635126551087,0.9426403870409066,0.9469983622296267,0.9667363189698989,-0.030995745562018787,0.013802645494496179,0.00017149352941973217,0.0144650204250673,3.469446951953614e-18,0.8047921071176886,0.7517524137018913,0.6947659353947141,0.17149814691630316,0.35826334274808036,0.10909699301425581,0.0,101,106242,0.9713888029693782,0.9804507819687213,0.8449579831932773,0.6869736410368588,0.6095660255951956,0.5899090642417131,0.0019527954018988864,0.0017938120688445476,0.0025439229103040623,0.013802645494495834,0.12172210613505016,0.08185086877129572,0.044803373430470056,0.17211648877091923,0.13165226558234974,0.06417424370776152,/common/users/shared/pracsys/adaptive_roa_experiments/gaussian_torque/cp_med_v2_yield_a1,0.9556935370875608,0.7902217185448815
fm,med,yield_a1,4,900,0.002766996250580128,100.0,0.05267332072409701,100.0,0.03884970162459291,0.0020513339421362833,0.0017286917619716543,0.05626567205452369,0.03226421801646289,0.03651499273908491,0.0661615011929017,0.06579635126551085,0.06579635126551087,0.95241994691365,0.9562319986446038,0.9676116789970068,-0.013703525912539295,0.011259370972958817,0.00015426164957206486,0.011947163080514299,-1.734723475976807e-18,0.8489556876923537,0.8131329368268767,0.7402430739035253,0.1609897893946089,0.35826334274808036,0.10909699301425581,0.0,101,106242,0.9357749818852513,0.9284206662384142,0.7626380463524653,0.776878486273652,0.7233145063273039,0.7191258433558229,0.0014256832525927513,0.001468961941091605,0.0031813531935586748,0.011259370972958547,0.1428907588336063,0.10256772274618324,0.06051279155136387,0.17211648877091923,0.13165226558234974,0.06417424370776152,/common/users/shared/pracsys/adaptive_roa_experiments/gaussian_torque/cp_med_v2_yield_a1,0.9578299076066406,0.8288754504406576
fm,med,yield_a1,5,1050,0.0009538635940505716,100.0,0.02624032618051863,100.0,0.02937585888819864,0.001248034568816,0.0008989420833734835,0.06087020762406969,0.034909248544251655,0.03651499273908491,0.0661615011929017,0.06579635126551085,0.06579635126551087,0.9662092204589522,0.9675928540501874,0.9741815854370212,-0.011075939835469966,0.0058250857248146465,9.202596084997244e-05,0.006539328137648012,-9.540979117872439e-18,0.8947831184056272,0.8633784373635967,0.7893079345571856,0.13455679485104313,0.35826334274808036,0.10909699301425581,0.0,101,106242,0.9640646709612227,0.9701266274299982,0.828576036123206,0.8347916438805644,0.7777936655465789,0.7535934291581109,0.0002425877676477707,0.00023116654392420943,0.0010471992200043105,0.00582508572481462,0.14903710397018127,0.105551476817078,0.05836674761393799,0.17211648877091923,0.13165226558234974,0.06417424370776152,/common/users/shared/pracsys/adaptive_roa_experiments/gaussian_torque/cp_med_v2_yield_a1,0.9709632859364854,0.9114679520554503
fm,med,yield_a1,6,1200,0.0010827852696751964,100.0,0.02632536517629989,100.0,0.027951939910769753,0.0003791329363236184,1.2899386047034265e-05,0.060487335998542544,0.036623355027658414,0.03651499273908491,0.0661615011929017,0.06579635126551085,0.06579635126551087,0.9689764876414224,0.972600289904181,0.975376969560061,-0.004056493665405395,0.005321914653015346,9.239800132200179e-05,0.006053298130682782,-8.673617379884035e-19,0.9065282740627305,0.8889143293264645,0.8065661047027507,0.13464183384685377,0.35826334274808036,0.10909699301425581,0.0,101,106242,0.9415056550424128,0.9532656735963333,0.8133015210259469,0.87405665536476,0.8327017945234861,0.7999413317688472,0.0003992772565411277,0.0004036448900062141,0.0014803457546497892,0.005321914653015332,0.1597861486041302,0.11500160012047966,0.06312004668586811,0.17211648877091923,0.13165226558234974,0.06417424370776152,/common/users/shared/pracsys/adaptive_roa_experiments/gaussian_torque/cp_med_v2_yield_a1,0.969478542945437,0.9191153528933604
fm,med,yield_a1,7,1350,0.0005593403280996334,100.0,0.019134812234623818,100.0,0.025191167334952285,0.0004363721416489682,7.491072489868266e-05,0.06195347469747682,0.036146141675028554,0.03651499273908491,0.0661615011929017,0.06579635126551085,0.06579635126551087,0.9725532275371322,0.9745863217936409,0.9767511906778863,-0.0026594002371943303,0.003917787292932716,6.301264175526725e-05,0.00464439863707385,-2.6020852139652106e-18,0.9174124844227937,0.8975720789074355,0.821609128990322,0.1274512809051574,0.35826334274808036,0.10909699301425581,0.0,101,106242,0.951474562331101,0.9561141194536491,0.8093340922026181,0.8857049108607677,0.8457853721312647,0.8342622469932531,9.84859180538974e-05,0.00010584944339956489,0.000570008887139508,0.003917787292932646,0.16021912238097927,0.11646053349899287,0.06615086312381167,0.17211648877091923,0.13165226558234974,0.06417424370776152,/common/users/shared/pracsys/adaptive_roa_experiments/gaussian_torque/cp_med_v2_yield_a1,0.9734548386138523,0.9404558578465377
fm,med,yield_a1,8,1500,0.001831528046356018,100.0,0.050640089961835194,100.0,0.052991566423824854,0.000668914070518219,0.00012343751508797293,0.05517604034577907,0.054547655543024605,0.03651499273908491,0.0661615011929017,0.06579635126551085,0.06579635126551087,0.9396660454434216,0.9607123359876508,0.9734850624046987,0.008199111462510117,0.010743748434819761,0.00010279616199771679,0.011654374917640858,3.469446951953614e-18,0.8259003748166658,0.8344307814359381,0.7672477898041807,0.15895655863319202,0.35826334274808036,0.10909699301425581,0.0,101,106242,0.8204187351608029,0.9371825715049452,0.8785241248817408,0.8314557585037734,0.7519839851290484,0.6809914931064829,0.00019276011087390442,0.00024993444545034273,0.003396008036693152,0.010743748434819476,0.17443195722972082,0.10563618907776585,0.049744921970595435,0.17211648877091923,0.13165226558234974,0.06417424370776152,/common/users/shared/pracsys/adaptive_roa_experiments/gaussian_torque/cp_med_v2_yield_a1,0.9585453715516393,0.8367120937836652
fm,med,yield_a1,9,1650,0.0006582034924183055,100.0,0.024551296994657346,100.0,0.03145460364074472,0.00023477290247055394,-0.00018796238512044046,0.060612151055519835,0.04227352875909944,0.03651499273908491,0.0661615011929017,0.06579635126551085,0.06579635126551087,0.9676869787842849,0.9728638391596544,0.9759793678582858,0.003113269705013083,0.004996237824870568,6.928139442694228e-05,0.0057841230398524126,-9.540979117872439e-18,0.9047262231843033,0.8909812819058424,0.8120489026366181,0.13286776566552994,0.35826334274808036,0.10909699301425581,0.0,101,106242,0.9184650926917225,0.9456574088938835,0.8155325443786983,0.8913923219949689,0.8422821191106027,0.8085948958638897,5.9591633783360285e-05,8.168505711850144e-05,0.0008385887013295297,0.004996237824870453,0.16704316560305718,0.1172605937388227,0.06362832024999529,0.17211648877091923,0.13165226558234974,0.06417424370776152,/common/users/shared/pracsys/adaptive_roa_experiments/gaussian_torque/cp_med_v2_yield_a1,0.9720633591357667,0.9240651232359522
fm,med,yield_a1,10,1800,0.0005000395775251122,100.0,0.01870144131993812,100.0,0.025654166901978505,0.0003257959384384497,-4.7803300120974096e-05,0.06174879352636283,0.03735992385594238,0.03651499273908491,0.0661615011929017,0.06579635126551085,0.06579635126551087,0.9726661772180494,0.9745016095329531,0.9763746917414958,-0.0007079121251482464,0.0039997544390270425,6.186579469283329e-05,0.0047385036049773155,-7.806255641895632e-18,0.9185368043087971,0.8977465745668667,0.819813352476669,0.12701790999051044,0.35826334274808036,0.10909699301425581,0.0,101,106242,0.9429789194793227,0.9509035662881816,0.8028683914510686,0.8953297604724926,0.8502180596267963,0.8374889997066588,6.773937311844957e-05,6.878521477267714e-05,0.00045877807655106704,0.003999754439026966,0.16341936334029855,0.1177123924624913,0.06694151089023173,0.17211648877091923,0.13165226558234974,0.06417424370776152,/common/users/shared/pracsys/adaptive_roa_experiments/gaussian_torque/cp_med_v2_yield_a1,0.9738296811024102,0.9392100874577883
fm,med,yield_a1,11,1950,0.00040257257043668695,100.0,0.015106275188330479,100.0,0.022579111839009056,0.00040203128073324125,3.359207418763611e-05,0.06290581612793361,0.03684392065456051,0.03651499273908491,0.0661615011929017,0.06579635126551085,0.06579635126551087,0.9786336853598389,0.9762240921669396,0.9776924380188626,-0.0014658044841023322,0.00292412721176487,4.832722629756425e-05,0.0036577163457013236,-1.0408340855860843e-17,0.9361103292991838,0.9048515895736025,0.8296434732604946,0.12342274385886914,0.35826334274808036,0.10909699301425581,0.0,101,106242,0.9643934122013454,0.9562136772549956,0.8135043698900479,0.9094389150169528,0.8587259598198327,0.8464359049574656,7.094332662594672e-05,7.147394960124364e-05,0.0003361393305718653,0.002924127211764782,0.16230869147794658,0.11823007850002824,0.06677208636885601,0.17211648877091923,0.13165226558234974,0.06417424370776152,/common/users/shared/pracsys/adaptive_roa_experiments/gaussian_torque/cp_med_v2_yield_a1,0.9751113710055047,0.9555579123230555
fm,med,yield_mlp,0,300,0.020895623622981762,100.0,0.2851672852070944,100.0,0.09078330603716045,0.02774630258785075,0.027594019245399677,0.04320546948734671,0.015228334245107273,0.03651499273908491,0.0661615011929017,0.06579635126551085,0.06579635126551087,0.8654486926074434,0.8861278966886919,0.9397978200711583,-0.08890928258127669,0.05018490102356369,0.000419934709078527,0.05070233429340563,-1.1796119636642288e-16,0.36293952493426623,0.23911949685534592,0.11730609991719569,0.3934837538774711,0.35826334274808036,0.10909699301425581,0.0,96,106242,0.9804960269684565,0.9937271301620492,0.9929906542056075,0.2226840205621787,0.13591191820976622,0.06233499559988266,0.018682424033264047,0.017910160888643632,0.018001389521732008,0.050184901023563065,0.03909000207074415,0.018006061632875887,0.0040285386193784,0.17211648877091923,0.13165226558234974,0.06417424370776152,/common/users/shared/pracsys/adaptive_roa_experiments/gaussian_torque/cp_med_v2_yield_mlp,0.8545557476973672,0.23726923973260483
fm,med,yield_mlp,1,450,0.009473397913187843,100.0,0.14901608922734655,100.0,0.064543965663297,0.015032495810470548,0.014797983655164357,0.051516037251108614,0.023451215530619157,0.03651499273908491,0.0661615011929017,0.06579635126551085,0.06579635126551087,0.9074377364883944,0.9168313849513375,0.9566461474746334,-0.059082283842548135,0.029078297669566655,0.00029358861346165236,0.0296779597522637,5.551115123125783e-17,0.6382696976384904,0.5414158189744654,0.5074850299401198,0.2573325578977511,0.35826334274808036,0.10909699301425581,0.0,101,106242,0.9748314606741573,0.9876917250520735,0.93646408839779,0.47446133654161654,0.37291770930149426,0.3480492813141684,0.007194995747868816,0.006711374964608145,0.006553306317760262,0.02907829766956619,0.0837710133468873,0.04970727207695638,0.02385120762033847,0.17211648877091923,0.13165226558234974,0.06417424370776152,/common/users/shared/pracsys/adaptive_roa_experiments/gaussian_torque/cp_med_v2_yield_mlp,0.921265657766332,0.558056075902663
fm,med,yield_mlp,2,600,0.004836193651246898,100.0,0.08190507896828603,100.0,0.04953982417499671,0.005852503157033955,0.0055507077800225615,0.053429671411926234,0.03017953770113933,0.03651499273908491,0.0661615011929017,0.06579635126551085,0.06579635126551087,0.9348374465842134,0.9379718002296643,0.9624630560418667,-0.03193398091150393,0.017917387633607208,0.00021636200604221488,0.018584332938009453,2.42861286636753e-17,0.7791917838803304,0.7050398352877988,0.6468921551266159,0.1902215476387546,0.35826334274808036,0.10909699301425581,0.0,101,106242,0.9347975816943446,0.9426690604428486,0.8161304736371761,0.667997375041015,0.5630943018517195,0.5357876210032267,0.002914504354572115,0.0027725647887165976,0.004217285474458894,0.017917387633607076,0.12299279004536812,0.07864121533856668,0.04213023098209748,0.17211648877091923,0.13165226558234974,0.06417424370776152,/common/users/shared/pracsys/adaptive_roa_experiments/gaussian_torque/cp_med_v2_yield_mlp,0.9469926479101939,0.727684175657334
fm,med,yield_mlp,3,750,0.0016931209870916283,100.0,0.04195744237932458,100.0,0.03688757741759379,0.0016832111568696752,0.0013406139626234157,0.056961546558464735,0.03425971942462596,0.03651499273908491,0.0661615011929017,0.06579635126551085,0.06579635126551087,0.9561566988573257,0.9581050808531466,0.9684305641836561,-0.009261591461004122,0.01017541866966953,0.00014723207018911503,0.010883165791306638,-6.938893903907228e-18,0.8646087664225091,0.824508141781335,0.7490647912614096,0.15027391104985174,0.35826334274808036,0.10909699301425581,0.0,101,106242,0.9227571659014766,0.9191279887482419,0.7645082467929138,0.8133544788362682,0.7475512976335168,0.7342329128776768,0.00045360185696201446,0.00047564365630666986,0.0019109051072648897,0.010175418669669528,0.15171024641855388,0.10707629750945953,0.06163287588712562,0.17211648877091923,0.13165226558234974,0.06417424370776152,/common/users/shared/pracsys/adaptive_roa_experiments/gaussian_torque/cp_med_v2_yield_mlp,0.9642482912470398,0.845349803234404
fm,med,yield_mlp,4,900,0.0011566665656658598,100.0,0.03224345077716606,100.0,0.032645752150750176,0.0014370103898016734,0.0010966571292163013,0.05898886285621102,0.03403532605853722,0.03651499273908491,0.0661615011929017,0.06579635126551085,0.06579635126551087,0.9631031042337306,0.9632160539146477,0.9684117392368367,-0.007504470924869637,0.007904145538516125,0.00012162309856939258,0.00860964872649235,-6.938893903907228e-18,0.8862779228314476,0.8484096198603568,0.7557496360989812,0.14055991944767246,0.35826334274808036,0.10909699301425581,0.0,101,106242,0.9438334157192289,0.9273297718985839,0.750072233458538,0.835338510335776,0.7818688782440838,0.761513640363743,0.00023527666899119683,0.0002352243657941959,0.0010951580895905986,0.007904145538516174,0.1523314696635982,0.11100129892133055,0.06515314094237684,0.17211648877091923,0.13165226558234974,0.06417424370776152,/common/users/shared/pracsys/adaptive_roa_experiments/gaussian_torque/cp_med_v2_yield_mlp,0.9684224352505093,0.8798695461603914
fm,med,yield_mlp,5,1050,0.0010531077686336263,100.0,0.028803628500541283,100.0,0.029035880348638014,0.0013007622058589894,0.0009672591152400688,0.06074661516171698,0.03335030906189205,0.03651499273908491,0.0661615011929017,0.06579635126551085,0.06579635126551087,0.9673575422149432,0.9671504677999284,0.9744827845861336,-0.009048681312475293,0.006016995219033962,8.894352482585875e-05,0.006715648237043731,1.5612511283791264e-17,0.8986083499005965,0.8635546172491985,0.8019577763167506,0.13712009717103732,0.35826334274808036,0.10909699301425581,0.0,101,106242,0.9654479205930393,0.9528082132689155,0.7988647940619997,0.8404243683692443,0.7895903338814614,0.8050748019947198,0.0003936489465220229,0.00042798421518701454,0.001109613964431923,0.0060169952190339505,0.14982775173660134,0.1090999792925585,0.06467310479847894,0.17211648877091923,0.13165226558234974,0.06417424370776152,/common/users/shared/pracsys/adaptive_roa_experiments/gaussian_torque/cp_med_v2_yield_mlp,0.9684989716746655,0.9085512326549336
fm,med,yield_mlp,6,1200,0.0008015805214534269,100.0,0.02542001355120965,100.0,0.029647879369740785,0.00045543520727798505,9.241773753718553e-05,0.06021473294015447,0.03630174697407995,0.03651499273908491,0.0661615011929017,0.06579635126551085,0.06579635126551087,0.9680634777206755,0.969032962481881,0.9732497505694546,-5.525121891530662e-05,0.005674036062893577,8.01094876502053e-05,0.006402203460025227,5.204170427930421e-18,0.9046722670187959,0.876306489209715,0.8004213483146068,0.13373648222177148,0.35826334274808036,0.10909699301425581,0.0,101,106242,0.9302594325995261,0.9241138688446594,0.767852330908111,0.880454992890736,0.8332022592407236,0.835875623349956,0.00014504307035720246,0.00016007289627891646,0.0010102464036082833,0.005674036062893609,0.16290167730276162,0.11870070217051637,0.06985937764725815,0.17211648877091923,0.13165226558234974,0.06417424370776152,/common/users/shared/pracsys/adaptive_roa_experiments/gaussian_torque/cp_med_v2_yield_mlp,0.9710969333999472,0.9137636669243725
fm,med,yield_mlp,7,1350,0.0006582648168156144,100.0,0.020728877990016256,100.0,0.0265664238248527,0.0005056334876404648,0.00014580551532872906,0.06153078276698632,0.035982797231173584,0.03651499273908491,0.0661615011929017,0.06579635126551085,0.06579635126551087,0.97105664426498,0.9718002296643512,0.9745486719000018,-0.004439393083714539,0.00441137401385326,6.455706654261446e-05,0.005136351913555844,-9.540979117872439e-18,0.9124056402221906,0.8858057630736392,0.8028004667444575,0.12904534666053602,0.35826334274808036,0.10909699301425581,0.0,101,106242,0.9521969201498306,0.9486488692954527,0.7983753988975921,0.8758066280214372,0.8307714306141417,0.8072748606629511,0.00014378810933942908,0.0001406242542516335,0.0007473679068968248,0.004411374013853184,0.15830839027879745,0.1152933867961823,0.06488959168690349,0.17211648877091923,0.13165226558234974,0.06417424370776152,/common/users/shared/pracsys/adaptive_roa_experiments/gaussian_torque/cp_med_v2_yield_mlp,0.9727815509095064,0.9329541239140777
fm,med,yield_mlp,8,1500,0.0007586239293643693,100.0,0.02523770365366795,100.0,0.0329895898044088,0.0010180882631298889,0.0006153025893327506,0.06054676063127303,0.04027856737971382,0.03651499273908491,0.0661615011929017,0.06579635126551085,0.06579635126551087,0.9658327215225617,0.964552625138834,0.9689953125882419,-0.00981118578340016,0.0058648932235705825,7.095414796871797e-05,0.006632828824758571,1.0408340855860843e-17,0.894940958555221,0.8496966794380587,0.7292899408284024,0.1335541723244213,0.35826334274808036,0.10909699301425581,0.0,101,106242,0.9505102668142137,0.9616948233806125,0.8293457943925233,0.8455102264027125,0.7610638449989275,0.650777354062775,8.88360284096552e-05,9.598060764266231e-05,0.0007867915572412312,0.005864893223570642,0.15310329248319873,0.10418666817266241,0.05035673274223,0.17211648877091923,0.13165226558234974,0.06417424370776152,/common/users/shared/pracsys/adaptive_roa_experiments/gaussian_torque/cp_med_v2_yield_mlp,0.9718044275497508,0.9108629413217197
fm,med,yield_mlp,9,1650,0.00038617299099964476,100.0,0.015335463364773741,100.0,0.02356535080288398,0.00032047080870097977,-5.065445154440242e-05,0.06259533489010252,0.037112526024538225,0.03651499273908491,0.0661615011929017,0.06579635126551085,0.06579635126551087,0.9772029894015549,0.9757817059166808,0.9760170177519248,-0.0008824193821652457,0.003150361923863929,4.6693925806289685e-05,0.0038866371115001603,-1.3010426069826053e-18,0.9319586470389931,0.9038526213519674,0.8177917620137299,0.12365193203532548,0.35826334274808036,0.10909699301425581,0.0,101,106242,0.9582322357019064,0.9467668702051041,0.7979346915992185,0.9070873892595428,0.8646600414670765,0.8386623643297154,3.569033076304009e-05,3.580162613313321e-05,0.0003400818786257774,0.0031503619238638543,0.1629299147229909,0.12023493533630768,0.06744978445435891,0.17211648877091923,0.13165226558234974,0.06417424370776152,/common/users/shared/pracsys/adaptive_roa_experiments/gaussian_torque/cp_med_v2_yield_mlp,0.9751898783751338,0.9521195041477127
fm,med,yield_mlp,10,1800,0.00042285083117875934,100.0,0.01679483706979651,100.0,0.024842529319854676,0.00027823011661230653,-0.00010246929291186165,0.06233130149832822,0.0380699409524168,0.03651499273908491,0.0661615011929017,0.06579635126551085,0.06579635126551087,0.9729391389469325,0.9761487923796616,0.9781348242691215,-0.001590519756781687,0.0033625804742707663,4.647844228329624e-05,0.004108429811185784,-1.214306433183765e-17,0.9191439097786652,0.903956943602183,0.8309684930510077,0.1251113057403934,0.35826334274808036,0.10909699301425581,0.0,101,106242,0.9461525099878408,0.9619262724852787,0.8245487364620938,0.8936344744613366,0.8525773932937728,0.8374889997066588,2.5850295510044208e-05,1.8459856941813243e-05,0.00043708342573438465,0.003362580474270674,0.16256282826001017,0.11668643286082717,0.06518137836260612,0.17211648877091923,0.13165226558234974,0.06417424370776152,/common/users/shared/pracsys/adaptive_roa_experiments/gaussian_torque/cp_med_v2_yield_mlp,0.975098457701268,0.9488941193607895
fm,med,yield_mlp,11,1950,0.00036025342917584487,100.0,0.014797471054373295,100.0,0.02344920088100751,0.00045221323481622747,8.072459605193498e-05,0.06290585971865748,0.037148863876429246,0.03651499273908491,0.0661615011929017,0.06579635126551085,0.06579635126551087,0.976007605278515,0.9755275691346172,0.9767511906778863,-0.0028225184013855155,0.0029712161429053057,4.158018688966211e-05,0.0037078547090604467,-1.3010426069826053e-17,0.9278863835686197,0.9012308159854125,0.8202328966521106,0.12311393972492345,0.35826334274808036,0.10909699301425581,0.0,101,106242,0.9611980540413809,0.961497933046932,0.8140710777232014,0.896806299901564,0.8480732108386358,0.8264887063655031,2.7913375365020156e-05,2.7663164275803182e-05,0.0002953149396404278,0.002971216142905244,0.16058620884396002,0.11612168445624141,0.06515314094237684,0.17211648877091923,0.13165226558234974,0.06417424370776152,/common/users/shared/pracsys/adaptive_roa_experiments/gaussian_torque/cp_med_v2_yield_mlp,0.9756126280901323,0.954842235386041
fm,med,partx,0,300,0.049698791606304416,1.0,0.31091986231846847,100.0,0.1683116244509163,0.03524629968621102,0.03524629968621102,0.02225272719112753,0.0802149006064768,0.03651499273908491,0.0661615011929017,0.06579635126551085,0.06579635126551087,0.8313002390768246,0.8636320852393592,0.8786826302215697,0.10477476895887664,0.07873137341120237,0.0005590544602401792,0.0790965233385932,-5.8550349391991996e-05,0.6118462371413103,0.5543250892088102,0.3425656720224433,0.41923633099178437,0.35826334274808036,0.10909699301425581,0.0,20,106242,0.5065079421994335,0.48647481237514173,0.2626104637522484,0.7725035546319589,0.6441695860441838,0.4925198005280141,0.03751314594894817,0.05050096096204251,0.06456861925394965,0.07873137341120548,0.2625044709248696,0.17432842002221344,0.12035729749063459,0.17211648877091923,0.13165226558234974,0.06417424370776152,/common/users/shared/pracsys/adaptive_roa_experiments/gaussian_torque/cp_med_v2_partx,0.8344881308483272,-0.1965917850595431
fm,med,partx,1,450,0.014859048284941924,1.0,0.18998078638453408,100.0,0.13521005360518287,0.024513789532265334,0.024513789532265334,0.025809346947489716,0.07530016967679122,0.03651499273908491,0.0661615011929017,0.06579635126551085,0.06579635126551087,0.8416633723009732,0.8520923928389902,0.8995689087178329,0.08474979384089608,0.06453089709745838,0.000462297588599918,0.06489604702484925,3.0103247171925362e-05,0.6548625359048009,0.5571525194453837,0.33874566187407035,0.2982972550571184,0.35826334274808036,0.10909699301425581,0.0,20,106242,0.5240362513955474,0.45983160440991766,0.2933032839665164,0.872744175872252,0.7067276756988632,0.400850689351716,2.361967067612346e-05,0.0005787701423663892,0.03793236453980393,0.06453089709746031,0.2866474652209107,0.20233994088966697,0.08770542723216807,0.17211648877091923,0.13165226558234974,0.06417424370776152,/common/users/shared/pracsys/adaptive_roa_experiments/gaussian_torque/cp_med_v2_partx,0.8921416719988237,0.019232892762486853
fm,med,partx,2,600,0.009373576071927315,1.0,0.14300039952206547,100.0,0.1041985249119726,0.013319903232482947,0.013319903232482947,0.035087555430423856,0.06306254529384635,0.03651499273908491,0.0661615011929017,0.06579635126551085,0.06579635126551087,0.8834359292934998,0.8962463056041867,0.9203987123736376,0.060338932585602835,0.043813747095080874,0.00037512020357510155,0.044178897022471735,-0.00021495197248905945,0.7210433842411136,0.6502744376407881,0.47239378626239936,0.2513168681942358,0.35826334274808036,0.10909699301425581,0.0,20,106242,0.6130304887390838,0.5845311430527036,0.41103028987080664,0.8752597615662255,0.7326803460356045,0.555294807861543,2.0907725685845882e-05,0.0015973564269813367,0.021861536636719116,0.04381374709508168,0.2457408557820824,0.1650194838199582,0.08669829257732346,0.17211648877091923,0.13165226558234974,0.06417424370776152,/common/users/shared/pracsys/adaptive_roa_experiments/gaussian_torque/cp_med_v2_partx,0.9241726605493783,0.3341006567632092
fm,med,partx,3,750,0.013124990344331568,1.0,0.1551892465927635,100.0,0.09865807477755752,0.008914756329858132,0.008914756329858132,0.03958270946924166,0.05758974093566698,0.03651499273908491,0.0661615011929017,0.06579635126551085,0.06579635126551087,0.9096967301067375,0.9201916379586228,0.9299711978313662,0.047156277724305896,0.03494161962014784,0.0003154880602045044,0.035306769547538704,-0.00018677850597947215,0.753823257723494,0.698073567638785,0.5389763291609864,0.2635057152651027,0.35826334274808036,0.10909699301425581,0.0,20,106242,0.7100937832350382,0.6953745743473326,0.46663090128755363,0.8032921360603741,0.7007935940516193,0.6378703432091523,0.0066037117587755285,0.0108712589519166,0.019194463121703264,0.03494161962014816,0.1947064249543495,0.13267822518401384,0.08772425217898759,0.17211648877091923,0.13165226558234974,0.06417424370776152,/common/users/shared/pracsys/adaptive_roa_experiments/gaussian_torque/cp_med_v2_partx,0.919169490897152,0.46894289807733547
fm,med,partx,4,900,0.004123979169885489,1.0,0.08708531579747007,100.0,0.06918631836042703,0.003295026383496321,0.003295026383496321,0.04537105102132632,0.04464340707486575,0.03651499273908491,0.0661615011929017,0.06579635126551085,0.06579635126551087,0.9323807910242654,0.9253214359669434,0.9389224600440503,0.002338547315756703,0.023504047367359702,0.00023857276094644587,0.02386919729475055,-0.00021627926032115677,0.7950356633380886,0.6742218937340888,0.5001155535012711,0.19540178446887663,0.35826334274808036,0.10909699301425581,0.0,20,106242,0.8311262228585063,0.7919359506125205,0.5266915463248418,0.7619490320463743,0.5869736183599056,0.47609269580522146,3.506296690632947e-07,0.0006655198715352804,0.008344305002193382,0.023504047367359813,0.15779070424126052,0.09757911183900905,0.05800907362436701,0.17211648877091923,0.13165226558234974,0.06417424370776152,/common/users/shared/pracsys/adaptive_roa_experiments/gaussian_torque/cp_med_v2_partx,0.9471284013140432,0.6427758239584928
fm,med,partx,5,1050,0.0022731855731943024,1.0,0.06100361177413144,100.0,0.06284209719840517,0.002055381289905462,0.002055381289905462,0.04929609653498766,0.05917911552774294,0.03651499273908491,0.0661615011929017,0.06579635126551085,0.06579635126551087,0.931486606050338,0.9409649667739689,0.9543118540690122,0.02820656998154387,0.018011138971830525,0.0001834901160546015,0.018376288899221372,-0.0005444970485981339,0.8214311998626205,0.7777935237015517,0.6216089803554724,0.16932008044583682,0.35826334274808036,0.10909699301425581,0.0,20,106242,0.7448502914089958,0.7709108785729335,0.6633943427620632,0.9155638193153232,0.784800171587903,0.5847755940158404,8.357670854769601e-07,1.2254427645072323e-05,0.0032893656947992193,0.018011138971830813,0.21156416483123436,0.1340242088816099,0.05656896519267333,0.17211648877091923,0.13165226558234974,0.06417424370776152,/common/users/shared/pracsys/adaptive_roa_experiments/gaussian_torque/cp_med_v2_partx,0.9575858693799815,0.7262593042713053
fm,med,partx,6,1200,0.002575935581797607,1.0,0.05904695908193315,100.0,0.052263068085466866,0.0018067541657530734,0.0018067541657530734,0.053304762979842345,0.043062504081952654,0.03651499273908491,0.0661615011929017,0.06579635126551085,0.06579635126551087,0.9520528604506693,0.9501233034016678,0.9539165301858022,0.01026456893339666,0.01393924867706017,0.00016769370583904632,0.014304398604451016,-0.00035909377436141657,0.8578603716725264,0.7969654009732174,0.6540907164052564,0.16736342775340643,0.35826334274808036,0.10909699301425581,0.0,20,106242,0.8757976298997265,0.8586525759577279,0.6309978189749182,0.8406431149513289,0.7435475798956174,0.6789381050161337,0.00016355136423420173,0.0008928610394703437,0.0044990035480709884,0.013939248677060244,0.16520773328815347,0.11400387793904482,0.06904990493401857,0.17211648877091923,0.13165226558234974,0.06417424370776152,/common/users/shared/pracsys/adaptive_roa_experiments/gaussian_torque/cp_med_v2_partx,0.9613682144589375,0.7881455672091828
fm,med,partx,7,1350,0.0013396701590375675,1.0,0.0382171166468739,100.0,0.041937936832558385,0.0008294552753706794,0.0008294552753706794,0.05598307911031172,0.041612985592042705,0.03651499273908491,0.0661615011929017,0.06579635126551085,0.06579635126551087,0.9593287023964158,0.9570038214642044,0.9594981269177915,0.004160767144790301,0.010088261466079178,0.00012284022288648998,0.010453411393470028,-0.000554465964490632,0.8806716191212615,0.8245640986250865,0.680525651496028,0.1465335853177195,0.35826334274808036,0.10909699301425581,0.0,20,106242,0.8895397489539749,0.8907974441955024,0.6890693128852804,0.8719785628349557,0.7674983913634089,0.6721912584335582,5.419006699491372e-07,6.651215545076515e-07,0.0022159675145343788,0.01008826146607927,0.1687185858699949,0.1134297170610493,0.06260236064833116,0.17211648877091923,0.13165226558234974,0.06417424370776152,/common/users/shared/pracsys/adaptive_roa_experiments/gaussian_torque/cp_med_v2_partx,0.9678357154176709,0.8466744542509723
fm,med,partx,8,1500,0.0018069380623814452,1.0,0.04885698523372873,100.0,0.051591011366312875,0.0008005530469948247,0.0008005530469948247,0.05391869321303803,0.049820511716470006,0.03651499273908491,0.0661615011929017,0.06579635126551085,0.06579635126551087,0.9514410496790346,0.9545754033244856,0.9583215677415712,0.014417786897533135,0.012200293959205645,0.0001362790001626418,0.012565443886596495,-0.0004779171402620099,0.8617223726178671,0.8182571364012955,0.6717081850533808,0.15717345390529527,0.35826334274808036,0.10909699301425581,0.0,20,106242,0.8450297008883982,0.8644863531471314,0.679160419790105,0.879087826752707,0.7767212411524987,0.6644177178058082,6.063282051640821e-07,0.00022694104965403087,0.0032580750785546403,0.01220029395920579,0.17905348167391427,0.11828655334048681,0.06278119764311665,0.17211648877091923,0.13165226558234974,0.06417424370776152,/common/users/shared/pracsys/adaptive_roa_experiments/gaussian_torque/cp_med_v2_partx,0.9627984235711137,0.8145749160166456
fm,med,partx,9,1650,0.001843461169102561,1.0,0.050263654004776226,100.0,0.05557813786715145,0.0019006287062391704,0.0019006287062391704,0.05364419311034203,0.05794132651133084,0.03651499273908491,0.0661615011929017,0.06579635126551085,0.06579635126551087,0.9452947045424597,0.954321266542422,0.9539447676060315,0.026054757789265425,0.013572483562942177,0.00014320706216704518,0.013937633490333027,-0.0004803032984658246,0.8559888993508102,0.8255007011614109,0.6236443350511499,0.15858012267631097,0.35826334274808036,0.10909699301425581,0.0,20,106242,0.7825752084088438,0.8303674768518519,0.6556687692058871,0.9446024280870612,0.8206906413097876,0.5946025227339395,4.148118386590357e-07,3.5394424623004502e-06,0.003082783357595373,0.013572483562942378,0.2077521131002805,0.13011803241655842,0.058197323092562266,0.17211648877091923,0.13165226558234974,0.06417424370776152,/common/users/shared/pracsys/adaptive_roa_experiments/gaussian_torque/cp_med_v2_partx,0.9648029230313017,0.7937198142162543
fm,med,partx,10,1800,0.0011195206966548132,1.0,0.03384827868425225,100.0,0.04115856024476824,0.0005194794929840524,0.0005194794929840524,0.05688613793336439,0.04833890476296456,0.03651499273908491,0.0661615011929017,0.06579635126551085,0.06579635126551087,0.9619547824777395,0.9629054422921255,0.9608158731951583,0.010114174223078722,0.008886227772733781,0.00010761857765089774,0.00925137770012463,-0.0005434650523967396,0.8925971196258702,0.8527004298262006,0.6782595254656465,0.14216474735535048,0.35826334274808036,0.10909699301425581,0.0,20,106242,0.8681000620219144,0.8934053884711779,0.7168763273974841,0.918516898173466,0.8155430042182026,0.6435904957465532,5.882867851139909e-07,1.0382276256884413e-06,0.001762337626800352,0.008886227772733828,0.18211253553208712,0.1201784604958491,0.05761374974115698,0.17211648877091923,0.13165226558234974,0.06417424370776152,/common/users/shared/pracsys/adaptive_roa_experiments/gaussian_torque/cp_med_v2_partx,0.9693240579263807,0.8649434565622826
fm,med,partx,11,1950,0.0013025491706613547,1.0,0.04232820278792086,100.0,0.04965335044294298,0.0017953775428838417,0.0017953775428838417,0.05709034362561369,0.0574971684119942,0.03651499273908491,0.0661615011929017,0.06579635126551085,0.06579635126551087,0.9549613147342859,0.9652114982775174,0.9613712091263342,0.02665294222697417,0.009950859977934684,0.00011159023709297934,0.010316009905325536,-0.0005505252048463253,0.8788944850801043,0.8672795173800631,0.6970770593445527,0.15064467145972096,0.35826334274808036,0.10909699301425581,0.0,20,106242,0.8180447585394582,0.8712214125964938,0.7016344725111441,0.9495242261839659,0.8633731321941803,0.692578468759167,5.640944956650781e-07,1.8121911205969295e-05,0.002095458615538489,0.009950859977934769,0.19977974812221155,0.13046629393271963,0.06334594604770241,0.17211648877091923,0.13165226558234974,0.06417424370776152,/common/users/shared/pracsys/adaptive_roa_experiments/gaussian_torque/cp_med_v2_partx,0.9697553499147168,0.8487627385631227
clf,med,clf_dir00,0,300,0.00913646871450586,1.0,0.13052360958754183,100.0,0.09912002565890646,0.002581984448817345,0.002581984448817345,0.029508912615719893,0.06011430045320827,0.03651499273908491,0.0661615011929017,0.06579635126551085,0.06579635126551087,0.8733457577982342,0.891041207808588,0.9358257562922385,-0.02491699051148158,0.038398287089720845,0.00031757571249291277,0.03876343701711169,-0.00047113600888746415,0.6089963386993665,0.3350947731188972,nan,0.23884007825954734,0.35826334274808036,0.10909699301425581,0.0,20,106242,0.6497395833333334,0.8521764534034473,nan,0.5730613584162747,0.2085507971687996,0.0,2.350976595547165e-06,0.0010104062608773303,0.022639661702179216,0.03839828708972143,0.1518043711526515,0.03221889648161744,0.0,0.17211648877091923,0.13165226558234974,0.06417424370776152,/common/users/shared/pracsys/adaptive_roa_experiments/gaussian_torque/cp_med_v2_clf_dir00,0.8994703249508756,0.41640704459779887
clf,med,clf_dir00,1,450,0.008446820491917242,1.0,0.1287182868589258,100.0,0.09207967521218786,0.0019651782971656807,0.0019651782971656807,0.03083243855383257,0.05707168743755969,0.03651499273908491,0.0661615011929017,0.06579635126551085,0.06579635126551087,0.885092524613618,0.8967263417480845,0.9359481184465653,-0.020263744071733224,0.03677205867857435,0.00031337606159680695,0.037137208605965207,-0.00015703233026961166,0.66465223601802,0.4498044328552803,0.003806177719221198,0.23703475553038142,0.35826334274808036,0.10909699301425581,0.0,20,106242,0.6677337454465173,0.7531486146095718,1.0,0.6615990375150388,0.32065489382998497,0.0019067175124669992,4.182119837904086e-08,0.0015511331106638517,0.019737111147226104,0.03677205867857472,0.1705351932380791,0.056051279155136385,0.00012236215432691403,0.17211648877091923,0.13165226558234974,0.06417424370776152,/common/users/shared/pracsys/adaptive_roa_experiments/gaussian_torque/cp_med_v2_clf_dir00,0.905023863191311,0.4411231326462698
clf,med,clf_dir00,2,600,0.007678165415543498,1.0,0.13238083780237206,100.0,0.0843827442384926,0.005095180560365018,0.005095180560365018,0.033967216457547286,0.04497249846835967,0.03651499273908491,0.0661615011929017,0.06579635126551085,0.06579635126551087,0.8973287400463094,0.8885092524613618,0.9397036953370607,-0.04074889868396155,0.036712024553566654,0.00033630980111621516,0.03707717448095751,-0.00021229081476192846,0.6490799124951744,0.3397067841016779,0.151523178807947,0.240697306473514,0.35826334274808036,0.10909699301425581,0.0,20,106242,0.7882481637755899,0.771002024291498,0.7814207650273224,0.5516788800174998,0.21784514191749482,0.08389557054854796,1.2309001806770422e-08,9.26771378388195e-05,0.018453364105276635,0.036712024553566654,0.12046083469814198,0.03719809491538186,0.006889930535946236,0.17211648877091923,0.13165226558234974,0.06417424370776152,/common/users/shared/pracsys/adaptive_roa_experiments/gaussian_torque/cp_med_v2_clf_dir00,0.9184388792504313,0.44203555596235067
clf,med,clf_dir00,3,750,0.004730656497818947,1.0,0.10961631460764956,100.0,0.0769246049608647,0.0135512010828582,0.0135512010828582,0.046665507104160966,0.033841388759619694,0.03651499273908491,0.0661615011929017,0.06579635126551085,0.06579635126551087,0.8952674083695713,0.8939873119858437,0.9442028576269272,-0.05957730517980488,0.032846934157821334,0.0002908756254899832,0.03321208408521219,0.00016488891361324948,0.5801924165251839,0.32962323671210053,0.2411674347158218,0.21793278327853022,0.35826334274808036,0.10909699301425581,0.0,20,106242,0.9355152694975057,0.9840085287846482,0.9476861167002012,0.42048561741222795,0.19796954314720813,0.1381636843649164,2.83808171700474e-08,3.022017189218457e-05,0.00782942507601725,0.0328469341578216,0.07736111895483895,0.026486700175072004,0.009355998569304042,0.17211648877091923,0.13165226558234974,0.06417424370776152,/common/users/shared/pracsys/adaptive_roa_experiments/gaussian_torque/cp_med_v2_clf_dir00,0.9508114993227085,0.5007787890049908
clf,med,clf_dir00,4,900,0.003742671888252031,1.0,0.09787085547424755,100.0,0.07781784546381869,0.01930171430844627,0.01930171430844627,0.05285706389745698,0.03369856236465606,0.03651499273908491,0.0661615011929017,0.06579635126551085,0.06579635126551087,0.900039532388321,0.8832759172455338,0.9369364281545904,-0.06568340856912028,0.03210532127093639,0.00026151550240276135,0.032470471198327244,-0.00013568040556374839,0.5973307044816866,0.20429900545396215,0.03402537485582468,0.2061873241450443,0.35826334274808036,0.10909699301425581,0.0,20,106242,0.9739119683481702,0.9962453066332916,1.0,0.43076670677020673,0.11381997569171373,0.017307128190085067,-1.4344555629170193e-11,1.8461285401887526e-06,0.003964959368266254,0.032105321270936266,0.07612808493816005,0.015041132508800662,0.0011106718623519888,0.17211648877091923,0.13165226558234974,0.06417424370776152,/common/users/shared/pracsys/adaptive_roa_experiments/gaussian_torque/cp_med_v2_clf_dir00,0.9627498712362382,0.512050126588625
clf,med,clf_dir00,5,1050,0.0031771654523205096,1.0,0.08371534561382044,100.0,0.0720850863002369,0.017770334302936393,0.017770334302936393,0.05516820241927393,0.035130670962005235,0.03651499273908491,0.0661615011929017,0.06579635126551085,0.06579635126551087,0.9130099207469738,0.8876338924342538,0.937585888819864,-0.06143341533248677,0.028364626499489492,0.00023548927388714272,0.028729776426880335,-3.3856649683833284e-05,0.6659679051611971,0.25694012199676336,0.05581660259148512,0.1920318142845596,0.35826334274808036,0.10909699301425581,0.0,20,106242,0.9819867832018759,0.9927849927849928,0.9560975609756097,0.5038280651864815,0.14756559662543792,0.028747433264887063,7.587534633167853e-08,1.6204018683920488e-06,0.002791306756936705,0.02836462649948979,0.08830782553039287,0.01956853221889648,0.0019295570490013366,0.17211648877091923,0.13165226558234974,0.06417424370776152,/common/users/shared/pracsys/adaptive_roa_experiments/gaussian_torque/cp_med_v2_clf_dir00,0.9664995685480084,0.5689027437854648
clf,med,clf_dir00,6,1200,0.0026766163713688286,1.0,0.06941968080989591,100.0,0.06504270410671266,0.013582138651702923,0.013582138651702923,0.05603983077547773,0.037009940961124976,0.03651499273908491,0.0661615011929017,0.06579635126551085,0.06579635126551087,0.92743924248414,0.9030797612996744,0.9358257562922385,-0.05435984548526411,0.022875838107260068,0.00019173064535901477,0.023240988034650915,-0.00046282103447598325,0.7389522874267718,0.4227815460507876,nan,0.17773614948058797,0.35826334274808036,0.10909699301425581,0.0,20,106242,0.9702979101823033,0.9789719626168224,nan,0.5966859892814175,0.26960749267176665,0.0,-1.4536225246755479e-11,5.589939674842505e-07,0.0023622286205855084,0.022875838107259846,0.10584326349278063,0.0362568475744056,0.0,0.17211648877091923,0.13165226558234974,0.06417424370776152,/common/users/shared/pracsys/adaptive_roa_experiments/gaussian_torque/cp_med_v2_clf_dir00,0.9680779152777845,0.6523236065941072
clf,med,clf_dir00,7,1350,0.0033213443537768793,1.0,0.09694395482399669,100.0,0.0718092089835966,0.0208683412293184,0.0208683412293184,0.05660918424871346,0.02903710423865874,0.03651499273908491,0.0661615011929017,0.06579635126551085,0.06579635126551087,0.9036633346510796,0.8931966642194236,0.938301236799006,-0.06628356732387991,0.03041652707298414,0.00025175944751117623,0.03078167700037499,0.00036101882686834577,0.6172830273342557,0.3260675892379878,0.11190895542609403,0.20526042349445317,0.35826334274808036,0.10909699301425581,0.0,20,106242,0.9759962161522999,0.9631578947368421,0.7335701598579041,0.45138357213168545,0.19625366411667977,0.060574948665297744,2.2817472979288895e-07,2.8522601708359926e-07,0.0013225519485034955,0.030416527072983816,0.07960128762636245,0.02682554921782346,0.005299222529696354,0.17211648877091923,0.13165226558234974,0.06417424370776152,/common/users/shared/pracsys/adaptive_roa_experiments/gaussian_torque/cp_med_v2_clf_dir00,0.9690493793425063,0.5377171151901264
clf,med,clf_dir00,8,1500,0.0030750213289979515,1.0,0.08868205980131953,100.0,0.06737528224762797,0.01885530349029897,0.01885530349029897,0.05750398512184907,0.029973656965248816,0.03651499273908491,0.0661615011929017,0.06579635126551085,0.06579635126551087,0.9128969710660567,0.9018090773893563,0.9370493778355076,-0.06293708198680603,0.02708667796905509,0.00022950404163972309,0.027451827896445936,-6.09916649056616e-05,0.6652680315416335,0.40861678004535146,0.06093793878124122,0.19699852847179455,0.35826334274808036,0.10909699301425581,0.0,20,106242,0.9824786324786324,0.9865863673692855,0.7138157894736842,0.5028983922126217,0.25766783441767355,0.03182751540041068,1.045800040306109e-07,3.8026583954865855e-07,0.0014418303027990346,0.02708667796905495,0.0881007511153781,0.034383765365862844,0.0028613919165678355,0.17211648877091923,0.13165226558234974,0.06417424370776152,/common/users/shared/pracsys/adaptive_roa_experiments/gaussian_torque/cp_med_v2_clf_dir00,0.9702165715399433,0.5883255310047355
clf,med,clf_dir00,9,1650,0.002991638578191371,1.0,0.08392627646930056,100.0,0.06864508542483515,0.018864759761923935,0.018864759761923935,0.05758015315161021,0.031430438950366325,0.03651499273908491,0.0661615011929017,0.06579635126551085,0.06579635126551087,0.9128122588053689,0.8984488243820711,0.936362267276595,-0.06339970820909642,0.026859818689705616,0.00022147797906906755,0.027224968617096466,-0.00022113918611896266,0.6652693961623244,0.37429681609928667,0.017153656054659107,0.1922427451398233,0.35826334274808036,0.10909699301425581,0.0,20,106242,0.9806114839671887,0.9910933660933661,0.9672131147540983,0.5033905720223122,0.23071423464645743,0.008653564095042534,1.8062627706067113e-07,2.8478060290346927e-07,0.001489846977909434,0.02685981868970574,0.08835488789744168,0.03064701342218708,0.0005741608779955197,0.17211648877091923,0.13165226558234974,0.06417424370776152,/common/users/shared/pracsys/adaptive_roa_experiments/gaussian_torque/cp_med_v2_clf_dir00,0.9704538513621999,0.5917734316099532
clf,med,clf_dir00,10,1800,0.003080165231951041,1.0,0.09288209393821655,100.0,0.0688195850416215,0.019957071400707915,0.019957071400707915,0.05782807530043094,0.029072621635858095,0.03651499273908491,0.0661615011929017,0.06579635126551085,0.06579635126551087,0.9092731688032981,0.8990135727866568,0.9386306733683477,-0.06451649632566053,0.027965807295145004,0.00023111386332195258,0.02833095722253585,4.0459929357163776e-05,0.6470135862599334,0.38666895329560397,0.09544950055493896,0.2011985626086544,0.35826334274808036,0.10909699301425581,0.0,20,106242,0.9792705908435871,0.9646320593268682,0.882051282051282,0.4831018265339604,0.24179595338528634,0.05045467879143444,3.612766431111562e-07,4.4494595482841533e-07,0.001259379889286338,0.0279658072951451,0.08490992262946857,0.03300013177462774,0.003670864629807421,0.17211648877091923,0.13165226558234974,0.06417424370776152,/common/users/shared/pracsys/adaptive_roa_experiments/gaussian_torque/cp_med_v2_clf_dir00,0.9707306936399616,0.5749641620354695
clf,med,clf_dir00,11,1950,0.0028776449050999255,1.0,0.08409323580203554,100.0,0.06530858972314582,0.01808317324532897,0.01808317324532897,0.05825075725595336,0.0298003489255394,0.03651499273908491,0.0661615011929017,0.06579635126551085,0.06579635126551087,0.9122004480337343,0.906976525291316,0.9391012970388358,-0.06157630217671852,0.02552320274140717,0.0002167449521823302,0.02588835266879802,-0.0001055645134792893,0.6608493310063991,0.4561113862748335,0.11150782751991212,0.19240970447246522,0.35826334274808036,0.10909699301425581,0.0,20,106242,0.9858971577348665,0.9904397705544933,0.875,0.496992234496336,0.29627511260456135,0.059548254620123205,2.471892913789425e-07,5.400287563039264e-07,0.001340691483826127,0.02552320274140707,0.08676417989119181,0.039381788746446794,0.004367387662129855,0.17211648877091923,0.13165226558234974,0.06417424370776152,/common/users/shared/pracsys/adaptive_roa_experiments/gaussian_torque/cp_med_v2_clf_dir00,0.9715759629261441,0.6120878703681867
clf,med,clf_yield,0,300,0.00913646871450586,1.0,0.13052360958754183,100.0,0.09912002565890646,0.002581984448817345,0.002581984448817345,0.029508912615719893,0.06011430045320827,0.03651499273908491,0.0661615011929017,0.06579635126551085,0.06579635126551087,0.8733457577982342,0.891041207808588,0.9358257562922385,-0.02491699051148158,0.038398287089720845,0.00031757571249291277,0.03876343701711169,-0.00047113600888746415,0.6089963386993665,0.3350947731188972,nan,0.23884007825954734,0.35826334274808036,0.10909699301425581,0.0,20,106242,0.6497395833333334,0.8521764534034473,nan,0.5730613584162747,0.2085507971687996,0.0,2.350976595547165e-06,0.0010104062608773303,0.022639661702179216,0.03839828708972143,0.1518043711526515,0.03221889648161744,0.0,0.17211648877091923,0.13165226558234974,0.06417424370776152,/common/users/shared/pracsys/adaptive_roa_experiments/gaussian_torque/cp_med_v2_clf_yield,0.8994703249508756,0.41640704459779887
clf,med,clf_yield,1,450,0.006953458707106361,1.0,0.15688167453114957,100.0,0.08078493723139597,0.013979950912892619,0.013979950912892619,0.0404203348985029,0.02854613610087369,0.03651499273908491,0.0661615011929017,0.06579635126551085,0.06579635126551087,0.8839912652246757,0.8941943864008585,0.9424050752056625,-0.06575583446655649,0.039460986463856845,0.00036029976291488113,0.0398261363912477,0.00010501918395627169,0.5162682993838063,0.3402781853395152,0.21821898556279545,0.2651981432018819,0.35826334274808036,0.10909699301425581,0.0,20,106242,0.9143611844849159,0.9498689384010485,0.846382556987116,0.3596740675926939,0.20726388789590333,0.12525667351129363,2.660440798060055e-07,0.000846535666936673,0.013989254756016574,0.03946098646385689,0.0677039212364225,0.028726868846595508,0.009497185670450482,0.17211648877091923,0.13165226558234974,0.06417424370776152,/common/users/shared/pracsys/adaptive_roa_experiments/gaussian_torque/cp_med_v2_clf_yield,0.936131657812535,0.40025570255988485
clf,med,clf_yield,2,600,0.0044640601401256495,1.0,0.12377672810980081,100.0,0.07926387207205202,0.021511549056347293,0.021511549056347293,0.051251852847203225,0.028056892803800138,0.03651499273908491,0.0661615011929017,0.06579635126551085,0.06579635126551087,0.8927542779691647,0.8858925848534478,0.9378400256019277,-0.07189316488632212,0.03601796818329701,0.0003015332810811203,0.036383118110687854,-3.807929135792032e-05,0.5572050365303902,0.23663497260877775,0.06219823913660893,0.23209319678040496,0.35826334274808036,0.10909699301425581,0.0,20,106242,0.9627988181574,0.9920802534318902,0.9776785714285714,0.39204856174122277,0.13433902909844855,0.03212085655617483,2.566328482259386e-07,7.568985477852466e-07,0.004457824343373283,0.036017968183297236,0.07008527700909245,0.0178272246380904,0.002108394043786826,0.17211648877091923,0.13165226558234974,0.06417424370776152,/common/users/shared/pracsys/adaptive_roa_experiments/gaussian_torque/cp_med_v2_clf_yield,0.960713452480828,0.4525841100526663
clf,med,clf_yield,3,750,0.004448167165929343,1.0,0.1305040840490792,100.0,0.08141312796506744,0.02431028039826048,0.02431028039826048,0.05215629057583304,0.025539821139609627,0.03651499273908491,0.0661615011929017,0.06579635126551085,0.06579635126551087,0.879896839291429,0.8877186046949417,0.9398166450179778,-0.07516685369125217,0.038139043126283384,0.00031228585766425687,0.03850419305367423,0.00018870203834508298,0.4692621246152567,0.25726916132245814,0.11879823594266814,0.23882055271967534,0.35826334274808036,0.10909699301425581,0.0,20,106242,0.9800208478109799,0.996142719382835,0.9840182648401826,0.30848736738488464,0.1477085865446486,0.06321501906717512,3.4210678342274955e-07,5.720161473345415e-07,0.003837832999547441,0.03813904312628338,0.05417819694659363,0.01952146985184767,0.004122663353476027,0.17211648877091923,0.13165226558234974,0.06417424370776152,/common/users/shared/pracsys/adaptive_roa_experiments/gaussian_torque/cp_med_v2_clf_yield,0.9625639601930406,0.420347140947387
clf,med,clf_yield,4,900,0.004531352981298906,1.0,0.13762369752273418,100.0,0.08083049537014247,0.026184846791418165,0.026184846791418165,0.054048891604209906,0.023500864188447886,0.03651499273908491,0.0661615011929017,0.06579635126551085,0.06579635126551087,0.8792003162591066,0.8893657875416502,0.9402213813745977,-0.07613248346334658,0.03876100082804676,0.0003224846462429271,0.03912615075543761,0.0008286943753276418,0.4620221327967807,0.2797794117647059,0.14256784123126773,0.24594016619327835,0.35826334274808036,0.10909699301425581,0.0,20,106242,0.989407540394973,0.9785683669095585,0.8964346349745331,0.30137810346713334,0.1632229927790091,0.07744206512173658,3.4225182359286243e-07,8.108558282442003e-05,0.004923576271551564,0.03876100082804678,0.052427476892377776,0.021959300464976187,0.005543946838350182,0.17211648877091923,0.13165226558234974,0.06417424370776152,/common/users/shared/pracsys/adaptive_roa_experiments/gaussian_torque/cp_med_v2_clf_yield,0.9638961396872672,0.41089437206581847
clf,med,clf_yield,5,1050,0.004224604848145007,1.0,0.1375426200941764,100.0,0.0773554768564974,0.024292523831811796,0.024292523831811796,0.05407884128274588,0.02344617435993334,0.03651499273908491,0.0661615011929017,0.06579635126551085,0.06579635126551087,0.8865138080984921,0.8916624310536323,0.9430545358709361,-0.07333699271518829,0.03665746420076709,0.00030954631099084577,0.03702261412815794,0.0006474303861903133,0.5133400605449042,0.30520342870940476,0.2175375064666322,0.2458590887646166,0.35826334274808036,0.10909699301425581,0.0,20,106242,0.9799660964709508,0.9802248933695231,0.9201312910284464,0.34775237886908017,0.1807392578823193,0.12334995599882663,5.989586658394865e-07,4.358250600441712e-06,0.0035052301186601523,0.036657464200767285,0.061077539955949625,0.02427476892377779,0.008603000696523031,0.17211648877091923,0.13165226558234974,0.06417424370776152,/common/users/shared/pracsys/adaptive_roa_experiments/gaussian_torque/cp_med_v2_clf_yield,0.9654258735663396,0.44286478663776296
clf,med,clf_yield,6,1200,0.0038150652946293694,1.0,0.12211941798090604,100.0,0.07219441689247422,0.019346464964611405,0.019346464964611405,0.053795959529128114,0.025417674540072526,0.03651499273908491,0.0661615011929017,0.06579635126551085,0.06579635126551087,0.8976581766156511,0.8987688484780031,0.9453888292765573,-0.06629841267616818,0.03190652978917717,0.0002739273836979204,0.032271679716568025,0.000559673088183027,0.5830105465004795,0.37965045855684376,0.28068435407884945,0.23043588665136305,0.35826334274808036,0.10909699301425581,0.0,20,106242,0.9758633970984723,0.9823880597014926,0.907051282051282,0.41567319260636554,0.23528991206119967,0.166031094162511,7.510751545643376e-07,1.1599200921462378e-06,0.00375375417989583,0.031906529789177226,0.07331375538864103,0.031531785922704766,0.011746766815383747,0.17211648877091923,0.13165226558234974,0.06417424370776152,/common/users/shared/pracsys/adaptive_roa_experiments/gaussian_torque/cp_med_v2_clf_yield,0.9651654801482101,0.5150714412654378
clf,med,clf_yield,7,1350,0.0037381532134074255,1.0,0.11893489450176296,100.0,0.07372578851254674,0.021507817658552062,0.021507817658552062,0.05522793707179259,0.02522369217830979,0.03651499273908491,0.0661615011929017,0.06579635126551085,0.06579635126551087,0.8937896500442386,0.8942037988742682,0.9442028576269272,-0.06937854401929158,0.0328460409471701,0.0002745485409823623,0.03321119087456095,0.0007698090948997788,0.555748031496063,0.329595610163426,0.24771573604060912,0.22725136317223094,0.35826334274808036,0.10909699301425581,0.0,20,106242,0.9921281979195952,0.9942425332853544,0.9190207156308852,0.3859783440883736,0.19754057338957604,0.143150484012907,6.464950697556616e-07,1.1447075077079415e-06,0.0037393299525589167,0.032846040947170065,0.06696033583705126,0.026157263605730313,0.0099960467611679,0.17211648877091923,0.13165226558234974,0.06417424370776152,/common/users/shared/pracsys/adaptive_roa_experiments/gaussian_torque/cp_med_v2_clf_yield,0.9669203953769245,0.5007923643877296
clf,med,clf_yield,8,1500,0.0040690018218980375,1.0,0.12492575891650314,100.0,0.07697096336865106,0.020611203094304576,0.020611203094304576,0.05271106127695069,0.02550735937184052,0.03651499273908491,0.0661615011929017,0.06579635126551085,0.06579635126551087,0.8897611114248603,0.8912671071704222,0.9441181453662394,-0.07003934773670642,0.03460729436432533,0.00028235287142855934,0.03497244429171618,0.0009108012814605868,0.5340547422024189,0.29809211325799,0.24398319113714503,0.23324222758705196,0.35826334274808036,0.10909699301425581,0.0,20,106242,0.9798540145985402,0.9927154997976527,0.9256038647342996,0.367056764738051,0.1753771359119182,0.14051041361102962,8.366406744884024e-07,1.0837568420012848e-06,0.004486861103877555,0.03460729436432537,0.06447544285687393,0.023258221795523427,0.00974190997910431,0.17211648877091923,0.13165226558234974,0.06417424370776152,/common/users/shared/pracsys/adaptive_roa_experiments/gaussian_torque/cp_med_v2_clf_yield,0.9624389554686696,0.47402411077974493
clf,med,clf_yield,9,1650,0.0038372981527449767,1.0,0.11673468608176737,100.0,0.07685136809727153,0.02007104649944779,0.02007104649944779,0.052859552154563595,0.02660978255533759,0.03651499273908491,0.0661615011929017,0.06579635126551085,0.06579635126551087,0.8903729221964948,0.8902411475687582,0.9445040567760397,-0.06887105189855193,0.033836282643681055,0.0002723245525537497,0.03420143257107191,0.0008284370332860072,0.5430219327500294,0.28534657106085676,0.2468063362289218,0.22505115475231638,0.35826334274808036,0.10909699301425581,0.0,20,106242,0.9609776419941675,0.9991416309012876,0.9564356435643564,0.378431587006453,0.16644026596124972,0.14168377823408623,6.464950675433168e-07,1.2169081851433488e-06,0.003546851475329236,0.03383628264368131,0.06777922102370061,0.021931063044746898,0.009506598143860243,0.17211648877091923,0.13165226558234974,0.06417424370776152,/common/users/shared/pracsys/adaptive_roa_experiments/gaussian_torque/cp_med_v2_clf_yield,0.9634874601956802,0.48574226392676334
clf,med,clf_yield,10,1800,0.0038652142309421418,1.0,0.11375797457103985,100.0,0.07768712742083536,0.02093875316593918,0.02093875316593918,0.05337262682111095,0.027612993400133963,0.03651499273908491,0.0661615011929017,0.06579635126551085,0.06579635126551087,0.8911447450160953,0.8886410270890984,0.9421227010033697,-0.07004395321649311,0.03393244064853844,0.00027010958323162655,0.034297590575929286,0.0005699630381993462,0.5416352899211287,0.26729423422307547,0.186962845431707,0.22207444324164985,0.35826334274808036,0.10909699301425581,0.0,20,106242,0.983873290136789,0.9990740740740741,0.9489932885906041,0.37367384884611177,0.1542861228283406,0.10369609856262833,7.510748266702103e-07,1.1469728026350257e-06,0.003770023742944725,0.033932440648538335,0.06536962783080137,0.020330942565087252,0.00701229269027315,0.17211648877091923,0.13165226558234974,0.06417424370776152,/common/users/shared/pracsys/adaptive_roa_experiments/gaussian_torque/cp_med_v2_clf_yield,0.963751666480481,0.48428081503168174
clf,med,clf_yield,11,1950,0.0037769595749696733,1.0,0.1077142452714486,100.0,0.07783119479492233,0.019463992908871366,0.019463992908871366,0.05241408797254472,0.029367537565317237,0.03651499273908491,0.0661615011929017,0.06579635126551085,0.06579635126551087,0.891276519643832,0.8880103913706444,0.941633252386062,-0.06786645378584154,0.03315462237999463,0.0002602337663072287,0.033519772307385474,0.00030836617815712536,0.5522000387672029,0.26044256588761805,0.17065668048682625,0.216030713942086,0.35826334274808036,0.10909699301425581,0.0,20,106242,0.9484618457850579,0.997144217039505,0.9681335356600911,0.3894782894017281,0.1497819403732037,0.09357582868876503,8.176260115372416e-07,1.349403619324074e-06,0.003490867458271888,0.03315462237999437,0.07067826283390749,0.019775606633911258,0.006202819977033565,0.17211648877091923,0.13165226558234974,0.06417424370776152,/common/users/shared/pracsys/adaptive_roa_experiments/gaussian_torque/cp_med_v2_clf_yield,0.9627957964245933,0.4961024168923237
clf,med,clf_epi_var,0,300,0.00913646871450586,1.0,0.13052360958754183,100.0,0.09912002565890646,0.002581984448817345,0.002581984448817345,0.029508912615719893,0.06011430045320827,0.03651499273908491,0.0661615011929017,0.06579635126551085,0.06579635126551087,0.8733457577982342,0.891041207808588,0.9358257562922385,-0.02491699051148158,0.038398287089720845,0.00031757571249291277,0.03876343701711169,-0.00047113600888746415,0.6089963386993665,0.3350947731188972,nan,0.23884007825954734,0.35826334274808036,0.10909699301425581,0.0,20,106242,0.6497395833333334,0.8521764534034473,nan,0.5730613584162747,0.2085507971687996,0.0,2.350976595547165e-06,0.0010104062608773303,0.022639661702179216,0.03839828708972143,0.1518043711526515,0.03221889648161744,0.0,0.17211648877091923,0.13165226558234974,0.06417424370776152,/common/users/shared/pracsys/adaptive_roa_experiments/gaussian_torque/cp_med_v2_clf_epi_var,0.8994703249508756,0.41640704459779887
clf,med,clf_epi_var,1,450,0.009098984984527792,1.0,0.16381894498298963,100.0,0.09235738013435082,0.012128662872722448,0.012128662872722448,0.03382556188193991,0.03491520918992089,0.03651499273908491,0.0661615011929017,0.06579635126551085,0.06579635126551087,0.8772048718962369,0.8793509158336628,0.9358257562922385,-0.06672363081989313,0.04351940911107519,0.00037457300438280456,0.04388455903846605,-0.0005800431452181939,0.4863779527559055,0.15726495726495723,nan,0.2721354136541058,0.35826334274808036,0.10909699301425581,0.0,20,106242,0.8682878830475119,0.9779231398201145,nan,0.33779940938422837,0.085507971687996,0.0,1.9401950641698312e-07,0.001367905012981747,0.02030547409836666,0.0435194091110755,0.06696033583705126,0.01151145498013968,0.0,0.17211648877091923,0.13165226558234974,0.06417424370776152,/common/users/shared/pracsys/adaptive_roa_experiments/gaussian_torque/cp_med_v2_clf_epi_var,0.9140406801926951,0.3385741264669915
clf,med,clf_epi_var,2,600,0.004017640502547829,1.0,0.13979093797719805,100.0,0.06723935697677759,0.020386374023221448,0.020386374023221448,0.055215605662022466,0.02278339234363739,0.03651499273908491,0.0661615011929017,0.06579635126551085,0.06579635126551087,0.9036633346510796,0.9117580617834755,0.9512339752640199,-0.06477450568210322,0.031077963906126632,0.00029444374983373923,0.031443113833517486,0.00011084427941679409,0.6128531981692324,0.499118448469306,0.40359157361574777,0.2481074066476009,0.35826334274808036,0.10909699301425581,0.0,20,106242,0.9938657833394675,0.9875264270613108,0.9379347244515784,0.4430165153669474,0.3339529563165797,0.25711352302728074,2.852083739225557e-08,3.1932184824546296e-07,0.0033589679082278875,0.031077963906126792,0.07672107076297509,0.04452099922817718,0.017591912802846332,0.17211648877091923,0.13165226558234974,0.06417424370776152,/common/users/shared/pracsys/adaptive_roa_experiments/gaussian_torque/cp_med_v2_clf_epi_var,0.9661863759694875,0.5276643262372349
clf,med,clf_epi_var,3,750,0.003996858491536642,1.0,0.13686546072826195,100.0,0.07438135986166554,0.023528305653030233,0.023528305653030233,0.05541861507037128,0.02306904690410888,0.03651499273908491,0.0661615011929017,0.06579635126551085,0.06579635126551087,0.8918977428888764,0.8999265827074039,0.9439487208448636,-0.07210064980113165,0.03407625844625015,0.00028677830890259774,0.03444140837364101,0.00017021659808034995,0.5424849619567382,0.38699261992619927,0.22612085769980508,0.2451819293987006,0.35826334274808036,0.10909699301425581,0.0,20,106242,0.9988264632536307,0.9997021149836163,0.992018244013683,0.37236136935360387,0.2399370844355473,0.12760340275740686,7.605714506200052e-08,3.9138520833908327e-07,0.0030089499340512547,0.03407625844625007,0.06416483123435177,0.03159767323657311,0.008254739180361816,0.17211648877091923,0.13165226558234974,0.06417424370776152,/common/users/shared/pracsys/adaptive_roa_experiments/gaussian_torque/cp_med_v2_clf_epi_var,0.9674939227195093,0.48209501300853674
clf,med,clf_epi_var,4,900,0.0034602261796701163,1.0,0.10641229775814308,100.0,0.07321292233782571,0.02173234116863273,0.02173234116863273,0.05640624449618061,0.027727536667071742,0.03651499273908491,0.0661615011929017,0.06579635126551085,0.06579635126551087,0.8998983452871746,0.8917942056813689,0.9397601701775192,-0.0684737175487258,0.031274521759988246,0.0002529748688298387,0.03163967168737909,0.00015207382202526987,0.5979054028507694,0.3082200024070285,0.1275899672846238,0.21472876642860617,0.35826334274808036,0.10909699301425581,0.0,20,106242,0.9686389807668749,0.9733941467122768,0.9034749034749034,0.4324073061358416,0.18309859154929578,0.06864183044881197,2.5669648627496153e-07,3.574695880807789e-07,0.0023493648190896755,0.03127452175998815,0.07683402044389225,0.024764217541085445,0.0048756612262570356,0.17211648877091923,0.13165226558234974,0.06417424370776152,/common/users/shared/pracsys/adaptive_roa_experiments/gaussian_torque/cp_med_v2_clf_epi_var,0.9687528660185393,0.5246769591556102
clf,med,clf_epi_var,5,1050,0.0036285319250850792,1.0,0.11890311698762421,100.0,0.07285466466215335,0.023928961862032527,0.023928961862032527,0.05750084300144648,0.024436998037279407,0.03651499273908491,0.0661615011929017,0.06579635126551085,0.06579635126551087,0.8962086557105476,0.8968957662694603,0.9429509986634288,-0.07039813247432887,0.03267359251802326,0.0002786938761804994,0.03303874244541411,0.00044912239192635567,0.5695772668722432,0.35798851248388236,0.21398002853067047,0.22721958565803374,0.35826334274808036,0.10909699301425581,0.0,20,106242,0.9949543161052775,0.9931707317073171,0.9238521836506159,0.3989937657224106,0.21834560663473226,0.12100322675271341,1.7113104670403002e-07,3.9931475307528315e-07,0.001747478621393988,0.03267359251802307,0.06902166751378927,0.02894335573502005,0.008405338754918017,0.17211648877091923,0.13165226558234974,0.06417424370776152,/common/users/shared/pracsys/adaptive_roa_experiments/gaussian_torque/cp_med_v2_clf_epi_var,0.9704970599919389,0.5034133065194741
clf,med,clf_epi_var,6,1200,0.003789648354676338,1.0,0.1252654350148145,100.0,0.07606217392122999,0.026631544633171442,0.026631544633171442,0.05791014890871638,0.02346560474152579,0.03651499273908491,0.0661615011929017,0.06579635126551085,0.06579635126551087,0.8885657273018204,0.8923024792454961,0.9416991396999304,-0.07449392640312621,0.034977776630665196,0.0002906105932984407,0.035342926558056056,0.000460029640699286,0.5215985776053663,0.307887732881684,0.17192513368983955,0.23358190368522355,0.35826334274808036,0.10909699301425581,0.0,20,106242,0.9989165763813651,1.0,0.9712990936555891,0.3529476101935907,0.1819546721956102,0.09430918157817542,1.4260920421015647e-07,7.643986711051102e-07,0.001896153946857241,0.03497777663066522,0.06081399070047627,0.02395474482784586,0.006231057397262853,0.17211648877091923,0.13165226558234974,0.06417424370776152,/common/users/shared/pracsys/adaptive_roa_experiments/gaussian_torque/cp_med_v2_clf_epi_var,0.971122478670559,0.4683933689648251
clf,med,clf_epi_var,7,1350,0.003939642728520831,1.0,0.13546227691134394,100.0,0.08036138718534076,0.03031825702505503,0.03031825702505503,0.058508300809817684,0.022581077107059616,0.03651499273908491,0.0661615011929017,0.06579635126551085,0.06579635126551087,0.8826546940004895,0.8852525366615839,0.9388377477833625,-0.07921252603306984,0.03784381995792315,0.0003013617541622969,0.03820896988531399,0.00023751247717494067,0.48301886792452825,0.22758664385731478,0.08966096945923227,0.24377874558175208,0.35826334274808036,0.10909699301425581,0.0,20,106242,0.9991422199348087,1.0,1.0,0.31849502351525755,0.12840494745120468,0.04693458492226459,1.2359455666130302e-07,6.350487217820593e-07,0.001806297234364506,0.03784381995792309,0.0548653075055063,0.01690480224393366,0.0030119914911240376,0.17211648877091923,0.13165226558234974,0.06417424370776152,/common/users/shared/pracsys/adaptive_roa_experiments/gaussian_torque/cp_med_v2_clf_epi_var,0.9717523661484514,0.4248340640469508
clf,med,clf_epi_var,8,1500,0.004037153373463205,1.0,0.1385773536103228,100.0,0.08188256800645875,0.0306619553656324,0.0306619553656324,0.05763178857324372,0.02204009460269303,0.03651499273908491,0.0661615011929017,0.06579635126551085,0.06579635126551087,0.8785602680672427,0.884894862672013,0.939769582650929,-0.08008471648136492,0.03921550250843615,0.00031061229288343434,0.03958065243582699,0.000388984450536603,0.45510600557479514,0.22330898697999368,0.11652630125638547,0.2468938222807653,0.35826334274808036,0.10909699301425581,0.0,20,106242,0.9992581602373887,1.0,0.9929411764705882,0.2946516460680302,0.1256881389862015,0.06189498386623643,3.042325107021452e-07,5.664006173511833e-07,0.0018609637039832456,0.03921550250843637,0.05075205662544003,0.01654712825436268,0.0040003011991491125,0.17211648877091923,0.13165226558234974,0.06417424370776152,/common/users/shared/pracsys/adaptive_roa_experiments/gaussian_torque/cp_med_v2_clf_epi_var,0.9708387637932377,0.4039866686499357
clf,med,clf_epi_var,9,1650,0.0038662307762752945,1.0,0.13395624077638527,100.0,0.08074477549746992,0.031116436743403718,0.031116436743403718,0.05905376539642653,0.022093675478715068,0.03651499273908491,0.0661615011929017,0.06579635126551085,0.06579635126551087,0.879303853466614,0.8857608102257111,0.9400613693266316,-0.07950961024427297,0.03826734499528129,0.0003031892983521046,0.03863249492267214,0.0004083223827932511,0.4604704001346405,0.23363010671212983,0.12407152682255845,0.24227270944679752,0.35826334274808036,0.10909699301425581,0.0,20,106242,0.9983579638752053,1.0,0.9977876106194691,0.29924532429180795,0.13226567526989347,0.06614843062481666,5.038854396799975e-07,1.1255640646584927e-06,0.001414067677175945,0.03826734499528138,0.0515897667589089,0.01741307580806084,0.004254437981212703,0.17211648877091923,0.13165226558234974,0.06417424370776152,/common/users/shared/pracsys/adaptive_roa_experiments/gaussian_torque/cp_med_v2_clf_epi_var,0.9725124447241479,0.4183971563885144
clf,med,clf_epi_var,10,1800,0.003950476067355868,1.0,0.13664384589012635,100.0,0.08116793447180164,0.02978818398641554,0.02978818398641554,0.0576277988957995,0.022454126225598836,0.03651499273908491,0.0661615011929017,0.06579635126551085,0.06579635126551087,0.8810733984676493,0.8840289151183148,0.9398542949116169,-0.07932831352157226,0.038366408895485156,0.0003014930727183593,0.03873155882287601,0.00040967253935825926,0.47250866279797943,0.21316814611405582,0.12080352228948817,0.24496031456055942,0.35826334274808036,0.10909699301425581,0.0,20,106242,0.9985883183342157,0.9982057416267942,0.9755555555555555,0.30947172700426556,0.11932508758132551,0.06438838369023174,3.517691516143448e-07,6.578388180352777e-07,0.001893208785356893,0.038366408895485066,0.053340486813124754,0.015737655541123097,0.004235613034393178,0.17211648877091923,0.13165226558234974,0.06417424370776152,/common/users/shared/pracsys/adaptive_roa_experiments/gaussian_torque/cp_med_v2_clf_epi_var,0.9708054116790384,0.4168915425011408
clf,med,clf_epi_var,11,1950,0.00358381715733887,1.0,0.11935756441420371,100.0,0.08012706815491179,0.029638050270252587,0.029638050270252587,0.059120267442923806,0.024344316380798096,0.03651499273908491,0.0661615011929017,0.06579635126551085,0.06579635126551087,0.8828429434686847,0.8829182432559628,0.9391012970388358,-0.07777474793690739,0.036641756798821985,0.00028111590767769166,0.03700690672621284,0.0003276227059823486,0.4841049446677996,0.1992919214676537,0.09737723214285714,0.22767403308468911,0.35826334274808036,0.10909699301425581,0.0,20,106242,0.9998287964389659,1.0,0.9971428571428571,0.3193700098435962,0.11067419746907843,0.05118803168084482,3.232217604536997e-07,6.52447772504785e-07,0.0016375190172791209,0.036641756798821874,0.05497825718642345,0.014570508838312532,0.003294365693416916,0.17211648877091923,0.13165226558234974,0.06417424370776152,/common/users/shared/pracsys/adaptive_roa_experiments/gaussian_torque/cp_med_v2_clf_epi_var,0.972567459876579,0.44310351419093263
clf,med,clf_epi_bald,0,300,0.00913646871450586,1.0,0.13052360958754183,100.0,0.09912002565890646,0.002581984448817345,0.002581984448817345,0.029508912615719893,0.06011430045320827,0.03651499273908491,0.0661615011929017,0.06579635126551085,0.06579635126551087,0.8733457577982342,0.891041207808588,0.9358257562922385,-0.02491699051148158,0.038398287089720845,0.00031757571249291277,0.03876343701711169,-0.00047113600888746415,0.6089963386993665,0.3350947731188972,nan,0.23884007825954734,0.35826334274808036,0.10909699301425581,0.0,20,106242,0.6497395833333334,0.8521764534034473,nan,0.5730613584162747,0.2085507971687996,0.0,2.350976595547165e-06,0.0010104062608773303,0.022639661702179216,0.03839828708972143,0.1518043711526515,0.03221889648161744,0.0,0.17211648877091923,0.13165226558234974,0.06417424370776152,/common/users/shared/pracsys/adaptive_roa_experiments/gaussian_torque/cp_med_v2_clf_epi_bald,0.8994703249508756,0.41640704459779887
clf,med,clf_epi_bald,1,450,0.008242303447603487,1.0,0.14165815700169385,100.0,0.08541947100461797,0.007547365218566212,0.007547365218566212,0.03582801273775047,0.04226388326219699,0.03651499273908491,0.0661615011929017,0.06579635126551085,0.06579635126551087,0.8945238229702,0.8855066734436475,0.9358257562922385,-0.05277737177514839,0.0369500873245636,0.00033861172635156727,0.03731523725195445,-0.0005656164217629975,0.6200325512003254,0.2326520312894272,nan,0.24997462567276826,0.35826334274808036,0.10909699301425581,0.0,20,106242,0.8159021952525433,0.9887399463806971,nan,0.5,0.1318367055122614,0.0,2.6377776477874683e-10,0.001225368670443263,0.01898855609519807,0.03695008732456389,0.10547617702979989,0.01755426290920728,0.0,0.17211648877091923,0.13165226558234974,0.06417424370776152,/common/users/shared/pracsys/adaptive_roa_experiments/gaussian_torque/cp_med_v2_clf_epi_bald,0.9188268496218642,0.43841738008453823
clf,med,clf_epi_bald,2,600,0.0038930809638581523,1.0,0.11555541848211495,100.0,0.06617596718094973,0.01670402144866573,0.01670402144866573,0.05272278421724748,0.0259690530907088,0.03651499273908491,0.0661615011929017,0.06579635126551085,0.06579635126551087,0.9071459498126918,0.9105344402402064,0.9472336740648708,-0.05742702054989584,0.02981809248336156,0.00028708566310794694,0.030183242410752403,4.0503986432446903e-05,0.6378620461803899,0.5010760589995276,0.3873224043715847,0.22387188715259748,0.35826334274808036,0.10909699301425581,0.0,20,106242,0.9701842546063651,0.9425355450236966,0.7598627787307033,0.4751175762878705,0.34124544219632513,0.2599002640070402,2.2815317838677348e-07,9.459362006510837e-07,0.004161955061274654,0.0298180924833616,0.08428869938442424,0.047664765347037896,0.021949887991566424,0.17211648877091923,0.13165226558234974,0.06417424370776152,/common/users/shared/pracsys/adaptive_roa_experiments/gaussian_torque/cp_med_v2_clf_epi_bald,0.962768011504624,0.546812370141388
clf,med,clf_epi_bald,3,750,0.0034434149254631606,1.0,0.1029743534366781,100.0,0.07062765504329667,0.020846229192366564,0.020846229192366564,0.05660971035113843,0.028015425039860996,0.03651499273908491,0.0661615011929017,0.06579635126551085,0.06579635126551087,0.9043975075770411,0.8982229250202368,0.9400425443798122,-0.0672752466972729,0.029975054007015698,0.0002540527890662092,0.03034020393440654,-5.781609972329432e-05,0.6165578164521122,0.37064198824282635,0.12620027434842251,0.21129082210715977,0.35826334274808036,0.10909699301425581,0.0,20,106242,0.9954894550774107,0.9968691296180339,0.9745762711864406,0.44657114732582304,0.22763995138342746,0.06746846582575536,2.7570897965873903e-07,8.554131194914506e-07,0.0022113378832336033,0.029975054007015677,0.07721051938028275,0.0300634400707818,0.004442687449407955,0.17211648877091923,0.13165226558234974,0.06417424370776152,/common/users/shared/pracsys/adaptive_roa_experiments/gaussian_torque/cp_med_v2_clf_epi_bald,0.9691592098286038,0.5444268043670679
clf,med,clf_epi_bald,4,900,0.0032262499372782884,1.0,0.11282552200280767,100.0,0.07038466687742626,0.02426569270756071,0.02426569270756071,0.059583291281695414,0.02262416725163115,0.03651499273908491,0.0661615011929017,0.06579635126551085,0.06579635126551087,0.8959827563487133,0.9009996046761168,0.9490220440127257,-0.06730872050931418,0.031554172239411794,0.00027195295389438395,0.031919322166802634,0.0010754195480356318,0.5675940055562076,0.39869654699291107,0.3674375145993927,0.2211419906731939,0.35826334274808036,0.10909699301425581,0.0,20,106242,0.9975244120478614,0.9948644793152639,0.9019495412844036,0.39664223996500053,0.24930292414384786,0.2307128190085069,4.183203362890772e-07,1.2321622625942778e-06,0.001084599679509837,0.03155417223941194,0.06843809416238399,0.032990719301217976,0.016415353626626005,0.17211648877091923,0.13165226558234974,0.06417424370776152,/common/users/shared/pracsys/adaptive_roa_experiments/gaussian_torque/cp_med_v2_clf_epi_bald,0.9727753135423828,0.520426716185524
clf,med,clf_epi_bald,5,1050,0.003175677966034954,1.0,0.1024836498683205,100.0,0.07013312438995467,0.02351823356778491,0.02351823356778491,0.0595352363976375,0.02534888745279472,0.03651499273908491,0.0661615011929017,0.06579635126551085,0.06579635126551087,0.8989006231057397,0.8988159108450519,0.945040567760396,-0.06820515838625738,0.03020333808525266,0.0002522078679923705,0.030568488012643506,0.0004239896495943883,0.5851774610898698,0.3764501160092807,0.2604179860671311,0.2108001185387201,0.35826334274808036,0.10909699301425581,0.0,20,106242,0.9959248060996451,0.9975407316323394,0.9545032497678737,0.4143060264683364,0.2320011439193537,0.150777354062775,3.897984892787081e-07,9.165113458923496e-07,0.0010167226851875073,0.030203338085253054,0.07160068522806423,0.030618776001957795,0.010137233862314339,0.17211648877091923,0.13165226558234974,0.06417424370776152,/common/users/shared/pracsys/adaptive_roa_experiments/gaussian_torque/cp_med_v2_clf_epi_bald,0.9730315743604177,0.5409572490825241
clf,med,clf_epi_bald,6,1200,0.0028589217232292347,1.0,0.09280361796934988,100.0,0.0668851116434339,0.021087529392874872,0.021087529392874872,0.0598333500025216,0.025866000698706256,0.03651499273908491,0.0661615011929017,0.06579635126551085,0.06579635126551087,0.9026938498898741,0.9028162120442009,0.9479678469908323,-0.06397601041759621,0.027676704921891643,0.00023345224450877235,0.02804185484928249,0.0006261742660275127,0.6079041189410604,0.41729217224448334,0.3366930645548356,0.2011200866397461,0.35826334274808036,0.10909699301425581,0.0,20,106242,0.9918316831683168,0.9906216505894962,0.9254617414248021,0.43825877720660616,0.2643168656609709,0.20577882076855383,2.947256935349608e-07,6.541189863465961e-07,0.0008583067250159079,0.027676704921891677,0.07605278515088194,0.035127350765234086,0.014269309689200128,0.17211648877091923,0.13165226558234974,0.06417424370776152,/common/users/shared/pracsys/adaptive_roa_experiments/gaussian_torque/cp_med_v2_clf_epi_bald,0.9733374034712836,0.5793580587743136
clf,med,clf_epi_bald,7,1350,0.003198676340241431,1.0,0.10976482059131493,100.0,0.0732159432656251,0.026903693138830294,0.026903693138830294,0.06113442080103985,0.023683759258526532,0.03651499273908491,0.0661615011929017,0.06579635126551085,0.06579635126551087,0.8924342538732328,0.894015549406073,0.9447299561378739,-0.07217878635219169,0.032383656966608367,0.0002625835132467067,0.03274880689399921,0.0008180333633070608,0.5456063618290259,0.32639387413256754,0.24814340588988476,0.21808128926168405,0.35826334274808036,0.10909699301425581,0.0,20,106242,0.9995629370629371,0.9996335654085746,0.9768145161290323,0.3752050749207044,0.19503824980338885,0.14212378996773248,6.1797322844873e-07,1.2017541678414198e-06,0.0006713093309972114,0.032383656966608394,0.06460721748461061,0.025686639935242183,0.009337173622484516,0.17211648877091923,0.13165226558234974,0.06417424370776152,/common/users/shared/pracsys/adaptive_roa_experiments/gaussian_torque/cp_med_v2_clf_epi_bald,0.9748242231947316,0.5078198662425946
clf,med,clf_epi_bald,8,1500,0.0034149180366003246,1.0,0.11991160439346388,100.0,0.07412155823653611,0.026739198115766062,0.026739198115766062,0.060017005896942116,0.02353606757954884,0.03651499273908491,0.0661615011929017,0.06579635126551085,0.06579635126551087,0.8922554168784473,0.8936014005760434,0.9427156868281847,-0.07321729190255345,0.03311247902660466,0.0002690178099700193,0.03347762895399552,0.0005939355422698647,0.5445792719315695,0.32197696737044146,0.1981554677206851,0.2282280730638222,0.35826334274808036,0.10909699301425581,0.0,20,106242,0.9992699664184552,0.9996275605214152,0.9740932642487047,0.37427540194684455,0.19189247158075357,0.1102962745673218,9.412207633297669e-07,1.8710856167733187e-06,0.0010421246470228452,0.0331124790266045,0.06446603038346417,0.025272491105212628,0.0072664294723367405,0.17211648877091923,0.13165226558234974,0.06417424370776152,/common/users/shared/pracsys/adaptive_roa_experiments/gaussian_torque/cp_med_v2_clf_epi_bald,0.973461322867649,0.49674292890521476
clf,med,clf_epi_bald,9,1650,0.0032399883150693097,1.0,0.10613697469693396,100.0,0.07436784942135129,0.027736457622001866,0.027736457622001866,0.06108515790220595,0.025058985829101016,0.03651499273908491,0.0661615011929017,0.06579635126551085,0.06579635126551087,0.8928672276500819,0.890325859829446,0.9402872686884659,-0.07359994889727908,0.032798931581303176,0.0002628177844242797,0.03316408150869402,0.0003512805959964005,0.5481540293767369,0.28611689743903934,0.13095890410958902,0.21445344336731423,0.35826334274808036,0.10909699301425581,0.0,20,106242,1.0,1.0,0.991701244813278,0.3775566006781144,0.16694073067848716,0.07010853622763273,6.08465947972029e-07,1.2549957965986694e-06,0.0006382006229538082,0.032798931581303314,0.0649837164210011,0.021978125411795713,0.004536812183505582,0.17211648877091923,0.13165226558234974,0.06417424370776152,/common/users/shared/pracsys/adaptive_roa_experiments/gaussian_torque/cp_med_v2_clf_epi_bald,0.9747129087735391,0.5015083519001193
clf,med,clf_epi_bald,10,1800,0.0032172920684852622,1.0,0.10380182571345743,100.0,0.07325831794886789,0.02603968117016253,0.02603968117016253,0.06012237387824702,0.02549454936558689,0.03651499273908491,0.0661615011929017,0.06579635126551085,0.06579635126551087,0.894373223395644,0.8901470228346605,0.9420191637958623,-0.07197728185145354,0.03221172771019117,0.0002608406382356546,0.03257687763758202,0.0004980691527648046,0.5573175542406311,0.28411948721094277,0.17866666666666667,0.21211829438385363,0.35826334274808036,0.10909699301425581,0.0,20,106242,1.0,1.0,0.9824046920821115,0.3863064639615006,0.16558232644598556,0.0982692871809915,7.891042763159414e-07,1.4033140582079078e-06,0.0008870782722667892,0.03221172771019119,0.06648971216656313,0.02179928841701022,0.006419306865458105,0.17211648877091923,0.13165226558234974,0.06417424370776152,/common/users/shared/pracsys/adaptive_roa_experiments/gaussian_torque/cp_med_v2_clf_epi_bald,0.9736868531024114,0.5104329177737259
clf,med,clf_epi_bald,11,1950,0.0034211421825934073,1.0,0.11566889810396203,100.0,0.07330256885611369,0.02593601714225444,0.02593601714225444,0.05942047446721731,0.02411381163916978,0.03651499273908491,0.0661615011929017,0.06579635126551085,0.06579635126551087,0.8937049377835508,0.8938461248846972,0.9430168859772972,-0.07206458677703881,0.032884321102145696,0.0002727712372367107,0.033249471029536536,0.0005724271615977009,0.5534775216480171,0.32483237547892724,0.2100730688935282,0.22398536677433586,0.35826334274808036,0.10909699301425581,0.0,20,106242,0.9991434689507495,0.9985277880014722,0.9515366430260047,0.38275183200262497,0.19396582540930865,0.11806981519507187,6.274805088865614e-07,1.1371028415470288e-06,0.0013118794491450258,0.03288432110214557,0.06593437623538713,0.025573690254325033,0.007962952504659174,0.17211648877091923,0.13165226558234974,0.06417424370776152,/common/users/shared/pracsys/adaptive_roa_experiments/gaussian_torque/cp_med_v2_clf_epi_bald,0.9726600866287245,0.5002105668527701
clf,med,clf_epi_var_anch,0,300,0.00913646871450586,1.0,0.13052360958754183,100.0,0.09912002565890646,0.002581984448817345,0.002581984448817345,0.029508912615719893,0.06011430045320827,0.03651499273908491,0.0661615011929017,0.06579635126551085,0.06579635126551087,0.8733457577982342,0.891041207808588,0.9358257562922385,-0.02491699051148158,0.038398287089720845,0.00031757571249291277,0.03876343701711169,-0.00047113600888746415,0.6089963386993665,0.3350947731188972,nan,0.23884007825954734,0.35826334274808036,0.10909699301425581,0.0,20,106242,0.6497395833333334,0.8521764534034473,nan,0.5730613584162747,0.2085507971687996,0.0,2.350976595547165e-06,0.0010104062608773303,0.022639661702179216,0.03839828708972143,0.1518043711526515,0.03221889648161744,0.0,0.17211648877091923,0.13165226558234974,0.06417424370776152,/common/users/shared/pracsys/adaptive_roa_experiments/gaussian_torque/cp_med_v2_clf_epi_var_anch,0.8994703249508756,0.41640704459779887
clf,med,clf_epi_var_anch,1,450,0.009098240124015129,1.0,0.16033223906641175,100.0,0.08819082600995291,0.007894019749019826,0.007894019749019826,0.03255056915951538,0.038731643198545905,0.03651499273908491,0.0661615011929017,0.06579635126551085,0.06579635126551087,0.8829370682027823,0.888142165998381,0.9371340900961955,-0.056063197797656394,0.04055304721030076,0.0003639446540811071,0.040918197137691605,-0.0005867546447145475,0.5598612733128074,0.27642474427666824,0.04243727598566308,0.26864870773745625,0.35826334274808036,0.10909699301425581,0.0,20,106242,0.7933005716578077,0.9314731226918342,0.9426751592356688,0.4325713660724051,0.16229355830413955,0.021707245526547375,6.242401524346157e-10,0.0011281756297452919,0.02093027129363507,0.04055304721030092,0.09385177236874306,0.0229381976995915,0.0014777583253327308,0.17211648877091923,0.13165226558234974,0.06417424370776152,/common/users/shared/pracsys/adaptive_roa_experiments/gaussian_torque/cp_med_v2_clf_epi_var_anch,0.9110196910947617,0.38365811431312824
clf,med,clf_epi_var_anch,2,600,0.0068853804409910535,1.0,0.14848696805745562,100.0,0.07724463444982711,0.011118131086083758,0.011118131086083758,0.04042454695883741,0.03229966515024408,0.03651499273908491,0.0661615011929017,0.06579635126551085,0.06579635126551087,0.8922083545113985,0.9008772425217899,0.9373599894580298,-0.060035709628571556,0.03618373401118717,0.00034603173368083994,0.036548883938578025,-0.0003062013815700315,0.5794344473007712,0.41620932424192025,0.052129326306793906,0.2568034367281955,0.35826334274808036,0.10909699301425581,0.0,20,106242,0.8820438282647585,0.9264560710760118,0.9014778325123153,0.4314229465164607,0.2683920783584757,0.026840715752420065,9.497004714109412e-09,0.000664515437748588,0.015700643290989566,0.036183734011187366,0.08418516217691685,0.03813934225635813,0.0019107321021818112,0.17211648877091923,0.13165226558234974,0.06417424370776152,/common/users/shared/pracsys/adaptive_roa_experiments/gaussian_torque/cp_med_v2_clf_epi_var_anch,0.9354440110955289,0.4500647328425039
clf,med,clf_epi_var_anch,3,750,0.005534648395799603,1.0,0.1483176156977358,100.0,0.08235080518484246,0.02381956526448094,0.02381956526448094,0.04931790612206192,0.024807157169558523,0.03651499273908491,0.0661615011929017,0.06579635126551085,0.06579635126551087,0.881600496978596,0.8856949229118428,0.9389036350972308,-0.07650049004605064,0.040505490121619074,0.00035575608291468064,0.04087064004900993,0.00020747971368919454,0.48074303405572755,0.23333333333333336,0.09507876760072496,0.25663408436837215,0.35826334274808036,0.10909699301425581,0.0,20,106242,0.9804680922714262,0.9973016729627631,0.9605633802816902,0.3184403368697364,0.13212268535068278,0.05001466705778821,9.471661673576786e-09,0.00011350632738300446,0.0071703543635085205,0.040505490121619026,0.05590067958058018,0.01744131322829013,0.0033414280604657292,0.17211648877091923,0.13165226558234974,0.06417424370776152,/common/users/shared/pracsys/adaptive_roa_experiments/gaussian_torque/cp_med_v2_clf_epi_var_anch,0.955735119210356,0.3843809065009469
clf,med,clf_epi_var_anch,4,900,0.0044409881241796656,1.0,0.119597884858798,100.0,0.0781207253312079,0.022324971150047716,0.022324971150047716,0.05246214574421697,0.028335463561281263,0.03651499273908491,0.0661615011929017,0.06579635126551085,0.06579635126551087,0.8904576344571826,0.8876150674874344,0.9370587903089174,-0.07161803021398747,0.03557987889111393,0.00030717024238930134,0.035945028818504775,-7.929778022768008e-05,0.5397089068185413,0.25801640566741235,0.03825686753919172,0.22791435352941514,0.35826334274808036,0.10909699301425581,0.0,20,106242,0.9749928551014576,0.9862232779097387,0.9851851851851852,0.37312698239090014,0.14842353614070208,0.019507186858316223,2.4706457153167173e-07,4.82845897360733e-07,0.004709409344046876,0.035579878891113796,0.0658684889215188,0.01981325652755031,0.0012706839103179533,0.17211648877091923,0.13165226558234974,0.06417424370776152,/common/users/shared/pracsys/adaptive_roa_experiments/gaussian_torque/cp_med_v2_clf_epi_var_anch,0.9618746443001714,0.45924237124431255
clf,med,clf_epi_var_anch,5,1050,0.004309877350384183,1.0,0.1282445448207735,100.0,0.07870171667351954,0.026343768199524862,0.026343768199524862,0.05559368553871621,0.024884845125322994,0.03651499273908491,0.0661615011929017,0.06579635126551085,0.06579635126551087,0.8840383275917245,0.889017526025489,0.9386871482088063,-0.07560070788452386,0.03691424015834923,0.0003125190569289698,0.037279390085740084,0.0003678062320297201,0.49200065973940293,0.2716659460127247,0.08741944522275145,0.23656101349131328,0.35826334274808036,0.10909699301425581,0.0,20,106242,1.0,0.9986376021798365,0.975,0.32626052717926285,0.15721741617215987,0.045761220299207976,3.5172919453290763e-07,4.2430932445068395e-05,0.003975327546034831,0.036914240158349175,0.05615481636264377,0.020726266448297285,0.0030119914911240376,0.17211648877091923,0.13165226558234974,0.06417424370776152,/common/users/shared/pracsys/adaptive_roa_experiments/gaussian_torque/cp_med_v2_clf_epi_var_anch,0.9660180362971437,0.4389622000559332
clf,med,clf_epi_var_anch,6,1200,0.004667015986751558,1.0,0.1587137483418014,100.0,0.08528962850642685,0.03260647961952719,0.03260647961952719,0.05599459276821325,0.020717403456831405,0.03651499273908491,0.0661615011929017,0.06579635126551085,0.06579635126551087,0.8703337663071102,0.8830500178836995,0.9380941623839912,-0.08355037916350333,0.042893924901034865,0.0003473905348762593,0.04325907482842571,0.00048568678421007094,0.39568345323741005,0.2009132420091324,0.06907289455060155,0.2670302170122707,0.35826334274808036,0.10909699301425581,0.0,20,106242,1.0,1.0,0.9878542510121457,0.24663677130044842,0.1116751269035533,0.03578762100322675,3.517623601736062e-07,1.822678527622099e-05,0.0038151178349252394,0.042893924901034594,0.0424502550780294,0.014702283466049208,0.0023248809322113663,0.17211648877091923,0.13165226558234974,0.06417424370776152,/common/users/shared/pracsys/adaptive_roa_experiments/gaussian_torque/cp_med_v2_clf_epi_var_anch,0.9669319589919346,0.34808049267134655
clf,med,clf_epi_var_anch,7,1350,0.003526925372995507,1.0,0.10801153727994728,100.0,0.07363923712594665,0.023121248782842007,0.023121248782842007,0.05686910058015061,0.026803802059393866,0.03651499273908491,0.0661615011929017,0.06579635126551085,0.06579635126551087,0.9002277818565163,0.8909282581276707,0.9411532162421641,-0.0701911740244652,0.03227272879259047,0.0002645670027484511,0.03263787871998132,0.00022422932438821708,0.5939319644498927,0.2932422542083435,0.15899919289749798,0.21632800595040602,0.35826334274808036,0.10909699301425581,0.0,20,106242,0.9915579432079816,0.9979244499792445,0.9594155844155844,0.42393087608006125,0.17187388289125616,0.08668231152830742,2.1866729755939422e-07,3.042190251999087e-07,0.001710040328767085,0.03227272879259063,0.07358671711752414,0.022674648444118144,0.005798083620413772,0.17211648877091923,0.13165226558234974,0.06417424370776152,/common/users/shared/pracsys/adaptive_roa_experiments/gaussian_torque/cp_med_v2_clf_epi_var_anch,0.9697606636888035,0.5095057982416239
clf,med,clf_epi_var_anch,8,1500,0.00342183733228372,1.0,0.10546900190756925,100.0,0.0769936101145148,0.02692064012043909,0.02692064012043909,0.05869133085401904,0.026766148721601126,0.03651499273908491,0.0661615011929017,0.06579635126551085,0.06579635126551087,0.8904576344571826,0.8839630278044465,0.9400048944861731,-0.07382160020728817,0.03442840390721899,0.0002751325640345589,0.034793553834609844,0.00040274337528808934,0.5337713324252864,0.21216768916155415,0.12300495321959276,0.21378547057807776,0.35826334274808036,0.10909699301425581,0.0,20,106242,0.9979029358897543,0.9993979530403372,0.9933333333333333,0.3643224324619928,0.11868163294487738,0.06556174831328836,1.7111237872143273e-07,2.8854964026409735e-07,0.0012244155875772902,0.034428403907218914,0.06283767248357523,0.015634118333615707,0.004235613034393178,0.17211648877091923,0.13165226558234974,0.06417424370776152,/common/users/shared/pracsys/adaptive_roa_experiments/gaussian_torque/cp_med_v2_clf_epi_var_anch,0.9720195150051579,0.4767429615011848
clf,med,clf_epi_var_anch,9,1650,0.0035675019379059285,1.0,0.11187995911917702,100.0,0.07953741128719354,0.028176279926865753,0.028176279926865753,0.058177500186487395,0.02629048209663444,0.03651499273908491,0.0661615011929017,0.06579635126551085,0.06579635126551087,0.8855631482841061,0.8815251971913179,0.9385930234747086,-0.07609800226699025,0.03614965128688775,0.00028227556255285837,0.036514801214278594,0.00035452028099852706,0.5027402862985685,0.1820781077392943,0.08293505763283665,0.22019642778968973,0.35826334274808036,0.10909699301425581,0.0,20,106242,0.9970798182998053,0.9992867332382311,0.9966216216216216,0.33610412337307227,0.1001644384070923,0.04326782047521267,3.042240513939223e-07,2.810464558469733e-07,0.0016553173802049395,0.03614965128688776,0.058018486097776774,0.01319628772048719,0.0027860921292897347,0.17211648877091923,0.13165226558234974,0.06417424370776152,/common/users/shared/pracsys/adaptive_roa_experiments/gaussian_torque/cp_med_v2_clf_epi_var_anch,0.9712548855742191,0.4505827361001905
clf,med,clf_epi_var_anch,10,1800,0.0032620499755354705,1.0,0.09811806314439378,100.0,0.07410461437053438,0.023886787439120608,0.023886787439120608,0.05786741029892387,0.028020934822195365,0.03651499273908491,0.0661615011929017,0.06579635126551085,0.06579635126551087,0.8970840157376555,0.8862314338961993,0.9417556145403889,-0.07017384008828416,0.032401086324622894,0.0002627872636854315,0.03276623625201374,0.0005853579189152996,0.5750816104461371,0.2392850399647555,0.17449306296691566,0.2064345318148924,0.35826334274808036,0.10909699301425581,0.0,20,106242,0.9936878861133495,0.9994742376445847,0.9646017699115044,0.40462649021109043,0.13591191820976622,0.09592255793487826,1.6162332748747605e-07,2.09115307279059e-07,0.0014521100449699851,0.032401086324623,0.07008527700909245,0.017902524425368497,0.006381656971819054,0.17211648877091923,0.13165226558234974,0.06417424370776152,/common/users/shared/pracsys/adaptive_roa_experiments/gaussian_torque/cp_med_v2_clf_epi_var_anch,0.9710499518577874,0.5075549676930657
clf,med,clf_epi_var_anch,11,1950,0.003330075038279564,1.0,0.10275948666304544,100.0,0.07286274254687003,0.023599831465540472,0.023599831465540472,0.057991591019509375,0.026708134248153,0.03651499273908491,0.0661615011929017,0.06579635126551085,0.06579635126551087,0.8984770618023004,0.8906647088721974,0.9420662261629111,-0.06967206692178057,0.031911850803982074,0.00026302590222735816,0.03227700073137293,0.000507259092440128,0.5838413457828536,0.2911886746399805,0.18874390404639513,0.2110759553334869,0.35826334274808036,0.10909699301425581,0.0,20,106242,0.9913522012578616,0.9937526030820492,0.9310793237971391,0.4137591600131248,0.1705869736183599,0.10501613376356703,3.042329739649505e-07,3.764986731817218e-07,0.0014068705088880486,0.03191185080398226,0.0718359970633083,0.022599348656840046,0.007238192052107453,0.17211648877091923,0.13165226558234974,0.06417424370776152,/common/users/shared/pracsys/adaptive_roa_experiments/gaussian_torque/cp_med_v2_clf_epi_var_anch,0.9711041454805754,0.5149905702945927
fm,high,dir00_s42,0,300,0.01788354582753772,100.0,0.23851933495744085,100.0,0.07600995839686753,0.01733650465109662,0.017197334053533863,0.028194643472426936,0.013917059756275886,0.039916453364807127,0.047536191757080876,0.047137027223432805,0.04713702722343282,0.8681406600026355,0.9074094990681651,0.9749063458895728,-0.07451864610982473,0.036139717804539624,0.000321118790346189,0.03667805293575046,-1.0408340855860843e-16,0.32149949145154255,0.18385464199784288,0.11663353214049038,0.3544573179065983,0.316951681451914,0.11671989161887486,0.0,91,106242,0.9943079688436189,0.992831541218638,0.9263157894736842,0.1917499566699405,0.10130748834232423,0.06223479490806223,0.016584851764860235,0.016014492546937084,0.01623289392025991,0.036139717804539465,0.031418836241787616,0.010504320325295082,0.0017883699478548974,0.16292050224958116,0.10294422168257375,0.026618474802808684,/common/users/shared/pracsys/adaptive_roa_experiments/gaussian_torque/cp_high_v2_dir00_s42,0.8264764333052349,0.2333051120675298
fm,high,dir00_s42,1,450,0.009949336195536418,100.0,0.15370238724872057,100.0,0.06178083996912708,0.01354406905504149,0.013341816545571495,0.03552720081701695,0.02022525094699941,0.039916453364807127,0.047536191757080876,0.047137027223432805,0.04713702722343282,0.8972346153122117,0.920897573464355,0.9780877619020726,-0.05959451064550742,0.024951642951987447,0.00024051939071111712,0.025553059995105508,9.020562075079397e-17,0.5414916848647741,0.3786781014342747,0.3294930875576037,0.2696403701978749,0.316951681451914,0.11671989161887486,0.0,97,106242,0.9913885898815931,0.9891850135187331,0.8881987577639752,0.37246519151886304,0.2341592758526104,0.20226308345120225,0.008064607674942265,0.008008839738664108,0.008211032365207798,0.024951642951987492,0.0612093145836863,0.024368893657875416,0.006061632875887126,0.16292050224958116,0.10294422168257375,0.026618474802808684,/common/users/shared/pracsys/adaptive_roa_experiments/gaussian_torque/cp_high_v2_dir00_s42,0.8862121793383636,0.4706572641139436
fm,high,dir00_s42,2,600,0.006341608196075226,100.0,0.11250766012302466,100.0,0.05419956326123379,0.010150323481773048,0.009912321761286999,0.03702296880712263,0.02380017204860488,0.039916453364807127,0.047536191757080876,0.047137027223432805,0.04713702722343282,0.9121533856666855,0.9324843282317727,0.9749345833098022,-0.04580984921217598,0.02002638017759721,0.0002112399908032441,0.02066354643173133,3.469446951953614e-17,0.6381295800860766,0.5415148609779483,0.3796878639645935,0.22844564307220486,0.316951681451914,0.11671989161887486,0.0,98,106242,0.9701721292148078,0.8997451146983857,0.5563139931740614,0.4754174129065804,0.38730913413184603,0.2881895332390382,0.0045562690769524105,0.0043893044638512076,0.0043567234573658456,0.020026380177596847,0.07983659946160652,0.0443139248131624,0.013789273545302235,0.16292050224958116,0.10294422168257375,0.026618474802808684,/common/users/shared/pracsys/adaptive_roa_experiments/gaussian_torque/cp_high_v2_dir00_s42,0.9157899703732924,0.5751454566137411
fm,high,dir00_s42,3,750,0.006574796063768137,100.0,0.11349241165879018,100.0,0.05670808154966962,0.01168800839625115,0.01144950862281604,0.03737787948918793,0.023849977343510975,0.039916453364807127,0.047536191757080876,0.047137027223432805,0.04713702722343282,0.9069577003444965,0.9242860638918695,0.9773347640292916,-0.05310724572203083,0.02120865635706094,0.0002155079982342039,0.021846320664144128,3.122502256758253e-17,0.602101195507789,0.42559268780348475,0.324733595064498,0.22943039460797415,0.316951681451914,0.11671989161887486,0.0,95,106242,0.99269976108309,0.9716335180958592,0.7845528455284553,0.43208735339996535,0.2724695986102222,0.20473833097595473,0.00465089503914861,0.004588921157509799,0.004545278656627688,0.021208656357060682,0.07091357466915156,0.028868055947741948,0.006946405376404812,0.16292050224958116,0.10294422168257375,0.026618474802808684,/common/users/shared/pracsys/adaptive_roa_experiments/gaussian_torque/cp_high_v2_dir00_s42,0.9166048656973701,0.5500637692629529
fm,high,dir00_s42,4,900,0.005089657945655111,100.0,0.09602015120098345,100.0,0.04979913781743567,0.010065067933712969,0.009819533277651402,0.039552164229488554,0.024553465606156635,0.039916453364807127,0.047536191757080876,0.047137027223432805,0.04713702722343282,0.9182620809096215,0.9369081907343612,0.9775889008113552,-0.045348167391427115,0.017404396271595686,0.00019212433139703224,0.01804909546130532,3.122502256758253e-17,0.6657428791377984,0.5688002573174654,0.43698273823598965,0.2119581341501395,0.316951681451914,0.11671989161887486,0.0,97,106242,0.9973474801061007,0.9594184027777778,0.6595289079229122,0.49962447281760936,0.4042241931059706,0.32673267326732675,0.0035503132411222227,0.0032876533638943727,0.0033268777380126013,0.017404396271595405,0.08161555693605166,0.04337267747218614,0.013186875247077427,0.16292050224958116,0.10294422168257375,0.026618474802808684,/common/users/shared/pracsys/adaptive_roa_experiments/gaussian_torque/cp_high_v2_dir00_s42,0.926291389552667,0.6307701758726187
fm,high,dir00_s42,5,1050,0.0031917097097729327,100.0,0.06868779365028013,100.0,0.04471207243839536,0.008611293431649408,0.008335468675551313,0.04144466897668609,0.02758247560980943,0.039916453364807127,0.047536191757080876,0.047137027223432805,0.04713702722343282,0.9255567478021874,0.941200278609213,0.9792172587112441,-0.04096496677396886,0.014027826922298037,0.0001584960402020493,0.014702816212044204,8.673617379884035e-18,0.7056239997022369,0.6070327734792729,0.4510193933366484,0.18462577659944457,0.316951681451914,0.11671989161887486,0.0,96,106242,0.991734672525633,0.9727822580645161,0.7596314907872697,0.5476341787509388,0.44116302459541007,0.3207213578500707,0.001692942412976294,0.001554716229138776,0.001628934947992765,0.014027826922297797,0.0899644208505111,0.046685868112422584,0.011238493251256565,0.16292050224958116,0.10294422168257375,0.026618474802808684,/common/users/shared/pracsys/adaptive_roa_experiments/gaussian_torque/cp_high_v2_dir00_s42,0.9430568338575962,0.7024032326899795
fm,high,dir00_s42,6,1200,0.0027065486858338377,100.0,0.05956019349549591,100.0,0.040867077050507336,0.007124894390749503,0.006840430315118092,0.041975660421658054,0.028446407563141058,0.039916453364807127,0.047536191757080876,0.047137027223432805,0.04713702722343282,0.935251595414243,0.9458312155268161,0.9779842246945653,-0.035189661339206715,0.012001797116892844,0.0001440799703586978,0.012685425726172322,-1.734723475976807e-18,0.7528828537557927,0.6542089767469806,0.49557903817123145,0.17549817644465107,0.316951681451914,0.11671989161887486,0.0,98,106242,0.995345744680851,0.9540834209603926,0.6351575456053068,0.6054075914264255,0.49775989759531863,0.4062942008486563,0.0014494704682478205,0.0013157192679415504,0.0013370331785749418,0.012001797116892601,0.09909452005798083,0.053707573276105494,0.017027164398260575,0.16292050224958116,0.10294422168257375,0.026618474802808684,/common/users/shared/pracsys/adaptive_roa_experiments/gaussian_torque/cp_high_v2_dir00_s42,0.946229807938308,0.7453849378323439
fm,high,dir00_s42,7,1350,0.002316787218022408,100.0,0.05348758703394855,100.0,0.03977127689614278,0.006797677876471766,0.006506435070596329,0.04238202761250635,0.029124280587543704,0.039916453364807127,0.047536191757080876,0.047137027223432805,0.04713702722343282,0.9366258165320683,0.9469983622296267,0.9781442367425311,-0.034561849362775544,0.011261434681522783,0.0001347784931667176,0.011951842021046289,-5.204170427930421e-18,0.7594755831815097,0.658747954669414,0.4910127137220518,0.1694255699831095,0.316951681451914,0.11671989161887486,0.0,98,106242,0.994945713216024,0.9768152408339325,0.6459054209919262,0.6141313767404241,0.4969370028344153,0.39603960396039606,0.0010418743413237255,0.0010119644896851587,0.0010464553291105753,0.011261434681522589,0.1005628659099038,0.052371002051919205,0.016321228892528378,0.16292050224958116,0.10294422168257375,0.026618474802808684,/common/users/shared/pracsys/adaptive_roa_experiments/gaussian_torque/cp_high_v2_dir00_s42,0.950366438283546,0.7610915379083456
fm,high,dir00_s42,8,1500,0.0019882003931244174,100.0,0.04554376481783,100.0,0.03457879181491312,0.0049698761347112385,0.004671314702920011,0.04293906614107206,0.02985614317912279,0.039916453364807127,0.047536191757080876,0.047137027223432805,0.04713702722343282,0.9451535174413133,0.9576909320231171,0.9790101842962293,-0.027428135765516462,0.008869275785280755,0.00011588587490577983,0.009567001750720054,0.0,0.7989094799323601,0.7497076674647808,0.5688321732405259,0.16148174776698523,0.316951681451914,0.11671989161887486,0.0,98,106242,0.9920294823448749,0.9587012247223013,0.6275597269624573,0.668727251718759,0.6155252811557099,0.5201555869872702,0.0009624124914256201,0.0009103668221531152,0.0008826648012943474,0.008869275785280748,0.10982473974511021,0.0660943882833531,0.022062837672483574,0.16292050224958116,0.10294422168257375,0.026618474802808684,/common/users/shared/pracsys/adaptive_roa_experiments/gaussian_torque/cp_high_v2_dir00_s42,0.9523037397501041,0.8118405782520021
fm,high,dir00_s42,9,1650,0.002133113643133572,100.0,0.052487146211065046,100.0,0.040106078575328025,0.007142491365040395,0.006849487732586263,0.042566888351691506,0.029300363245413224,0.039916453364807127,0.047536191757080876,0.047137027223432805,0.04713702722343282,0.935091583366277,0.9461606520961579,0.9788972346153122,-0.0354201728130118,0.01141962660432757,0.00013265569132143496,0.012111794770429772,8.673617379884035e-18,0.7525122021246052,0.6533333333333334,0.4826949700046147,0.1684251291602217,0.316951681451914,0.11671989161887486,0.0,96,106242,0.9932733301752724,0.9689016717598418,0.6945551128818062,0.605696458489803,0.49282252902989854,0.3698727015558699,0.0008865443935329567,0.0007903283127770577,0.0007730551627767849,0.011419626604327368,0.09934865684004443,0.05236158957850944,0.014175184955102503,0.16292050224958116,0.10294422168257375,0.026618474802808684,/common/users/shared/pracsys/adaptive_roa_experiments/gaussian_torque/cp_high_v2_dir00_s42,0.9521356064811339,0.7577355366472787
fm,high,dir00_s42,10,1800,0.0019815528952077588,100.0,0.04632662215054975,100.0,0.03647531108224619,0.005105364333674299,0.004800432910673751,0.042394061691176856,0.03049314230005482,0.039916453364807127,0.047536191757080876,0.047137027223432805,0.04713702722343282,0.9436851715893902,0.9520528604506693,0.9781442367425311,-0.02890090547994202,0.009543398442929701,0.00011563076193447671,0.01024749439957832,1.734723475976807e-18,0.7930115896903649,0.7082808383919368,0.5243752560426055,0.16226460509971372,0.316951681451914,0.11671989161887486,0.0,98,106242,0.9883580545015522,0.9477394636015326,0.6231742940603701,0.6621410826737535,0.5654201334918167,0.4526166902404526,0.0009731176891984453,0.0008448065679668959,0.000899522438066329,0.009543398442929802,0.10914704165960731,0.061416388998701076,0.019333220383652417,0.16292050224958116,0.10294422168257375,0.026618474802808684,/common/users/shared/pracsys/adaptive_roa_experiments/gaussian_torque/cp_high_v2_dir00_s42,0.9522282101602025,0.7975392381514999
fm,high,dir00_s42,11,1950,0.001678131269181728,100.0,0.041939274846770826,100.0,0.03565491989985128,0.00509770819997306,0.004787183238759106,0.04250552793845488,0.031052496121395427,0.039916453364807127,0.047536191757080876,0.047137027223432805,0.04713702722343282,0.9448240808719716,0.9529658703714162,0.977438301236799,-0.027731876282449497,0.009418682523737024,0.00012122240273381015,0.010128372018599048,-8.673617379884035e-18,0.7980709610747502,0.7149295453248901,0.5172205438066465,0.15787725779594025,0.316951681451914,0.11671989161887486,0.0,98,106242,0.9883115775104513,0.9505461165048543,0.600842302292934,0.6692472124328384,0.5729176190911585,0.45403111739745405,0.0005653124021047202,0.0005249155777195519,0.0006970909889539416,0.00941868252373711,0.11032360083582764,0.062047024717155175,0.020114455676662712,0.16292050224958116,0.10294422168257375,0.026618474802808684,/common/users/shared/pracsys/adaptive_roa_experiments/gaussian_torque/cp_high_v2_dir00_s42,0.9555810518219193,0.8001850545412674
fm,high,dir00_s43,0,300,0.02126365544361892,100.0,0.28337440623424665,100.0,0.08143662581653206,0.01976817172622,0.019663234883916577,0.026196537011660432,0.010493684230342052,0.039916453364807127,0.047536191757080876,0.047137027223432805,0.04713702722343282,0.8606106812748254,0.9027597372037424,0.9740215733890552,-0.08066819148735903,0.04060372509568872,0.00034431503587852404,0.04110782647164022,-2.220446049250313e-16,0.2530138713745271,0.10546367650878864,0.049586776859504134,0.39931238918338796,0.316951681451914,0.11671989161887486,0.0,87,106242,0.9968203497615262,0.9950980392156863,0.9473684210526315,0.14489571899012074,0.05568254548779373,0.02545968882602546,0.0201214460003109,0.019647060769780213,0.019804390232655705,0.04060372509568784,0.023681783098962746,0.005760433726774722,0.0007153479791419589,0.16292050224958116,0.10294422168257375,0.026618474802808684,/common/users/shared/pracsys/adaptive_roa_experiments/gaussian_torque/cp_high_v2_dir00_s43,0.796188290254857,0.13860233690121748
fm,high,dir00_s43,1,450,0.00953620981026538,100.0,0.14359643745517264,100.0,0.05843545866982925,0.011544649150301543,0.011333141270159788,0.03538550196421501,0.021150788014175373,0.039916453364807127,0.047536191757080876,0.047137027223432805,0.04713702722343282,0.9029197492517084,0.9263097456749685,0.9793113834453417,-0.05460477024152406,0.02308466652937766,0.0002330943745818432,0.023695338943167485,7.979727989493313e-17,0.5789860396767083,0.44784540517666976,0.4407124681933842,0.259534420404338,0.316951681451914,0.11671989161887486,0.0,100,106242,0.9865071637223536,0.9793337446020974,0.7858439201451906,0.40972904269455196,0.29029898509646157,0.30622347949080625,0.007943294776557495,0.007791691124836209,0.007881801757604615,0.023084666529377712,0.06766627134278345,0.030515238794450405,0.010372545697558404,0.16292050224958116,0.10294422168257375,0.026618474802808684,/common/users/shared/pracsys/adaptive_roa_experiments/gaussian_torque/cp_high_v2_dir00_s43,0.8898987407845113,0.5102646923414427
fm,high,dir00_s43,2,600,0.0058788759801584045,100.0,0.10909919198895669,100.0,0.053607612808493826,0.009805139024930236,0.009562072528562785,0.037172356176864416,0.024306649636745083,0.039916453364807127,0.047536191757080876,0.047137027223432805,0.04713702722343282,0.9141205926093259,0.9322960787635775,0.9751322452514072,-0.04545001035372074,0.019526743575131223,0.0002077781844040611,0.020168974605146738,4.163336342344337e-17,0.6481295796374856,0.5378734339865082,0.3777673104097975,0.22503717493814046,0.316951681451914,0.11671989161887486,0.0,98,106242,0.9747129103352279,0.9044943820224719,0.5655853314527504,0.4854699867121151,0.3827374965712718,0.2835926449787836,0.004000188244152671,0.003978361579310323,0.004041659030952381,0.01952674357513084,0.08114493326556352,0.04356092694038139,0.01334688729504339,0.16292050224958116,0.10294422168257375,0.026618474802808684,/common/users/shared/pracsys/adaptive_roa_experiments/gaussian_torque/cp_high_v2_dir00_s43,0.9177716418683715,0.5857451195941338
fm,high,dir00_s43,3,750,0.006969060372204366,100.0,0.11991894417202871,100.0,0.058196758344157676,0.012342626343974754,0.01211160806076807,0.03712024992651077,0.02310182832066833,0.039916453364807127,0.047536191757080876,0.047137027223432805,0.04713702722343282,0.9039739462736017,0.9222529696353607,0.977438301236799,-0.05494945501778957,0.02212838535769015,0.00022132527921114604,0.02275856817454491,5.204170427930421e-17,0.5833877817706632,0.4000581057524694,0.31689940153889995,0.23585692712120956,0.316951681451914,0.11671989161887486,0.0,95,106242,0.994985374007522,0.9728011303426352,0.8164464023494861,0.4126754867410018,0.2518057968364268,0.1966053748231966,0.005124281546701435,0.004947435614403436,0.004953618829421839,0.022128385357690312,0.06757214660868582,0.02664671222303797,0.006409894392048343,0.16292050224958116,0.10294422168257375,0.026618474802808684,/common/users/shared/pracsys/adaptive_roa_experiments/gaussian_torque/cp_high_v2_dir00_s43,0.9136840561242277,0.5305519532914105
fm,high,dir00_s43,4,900,0.004621802443846807,100.0,0.09288360608117353,100.0,0.04933256151051374,0.010138579708051692,0.009893606843547004,0.0399437978388831,0.02449728645046881,0.039916453364807127,0.047536191757080876,0.047137027223432805,0.04713702722343282,0.9187515295269291,0.9377176634476008,0.9768735528322132,-0.04444842905818791,0.017086836228096747,0.0001886347772687704,0.017730973626249504,3.469446951953614e-17,0.6683061789117737,0.5775933609958506,0.4365971107544141,0.2088215890303286,0.316951681451914,0.11671989161887486,0.0,98,106242,0.9978198508318991,0.9568527918781726,0.6210045662100456,0.5023975966260327,0.4136417664807534,0.33663366336633666,0.002982348307775382,0.0028675490052346548,0.0029205079954544117,0.017086836228096692,0.0820297057660812,0.04450217428135766,0.014429321737166092,0.16292050224958116,0.10294422168257375,0.026618474802808684,/common/users/shared/pracsys/adaptive_roa_experiments/gaussian_torque/cp_high_v2_dir00_s43,0.9293463021281236,0.6375071311327305
fm,high,dir00_s43,5,1050,0.0032489143429507332,100.0,0.06987378396082405,100.0,0.04536670996404435,0.00889483123722996,0.0086211572122909,0.04136148834699623,0.027367402493906137,0.039916453364807127,0.047536191757080876,0.047137027223432805,0.04713702722343282,0.92466256282826,0.9402496187948269,0.9789537094557708,-0.04156463545490484,0.014396696088727486,0.00016131864760185078,0.015069534647314621,2.0816681711721685e-17,0.7007402976145966,0.5992930185582629,0.4407203601800901,0.18581176690998874,0.316951681451914,0.11671989161887486,0.0,95,106242,0.9930062519868602,0.9677879714576962,0.752991452991453,0.5413946501819863,0.43403127000091435,0.31152758132956154,0.0017333768766777348,0.0016148381653549124,0.001595874979172626,0.01439669608872735,0.08882551156792982,0.04616818207488564,0.011012593889422263,0.16292050224958116,0.10294422168257375,0.026618474802808684,/common/users/shared/pracsys/adaptive_roa_experiments/gaussian_torque/cp_high_v2_dir00_s43,0.9431058208665777,0.694577767484442
fm,high,dir00_s43,6,1200,0.002525300518100493,100.0,0.05500445842251645,100.0,0.03870427891041208,0.006060370325686505,0.0057725123213096105,0.04199922393024767,0.028785800437689524,0.039916453364807127,0.047536191757080876,0.047137027223432805,0.04713702722343282,0.9384047740065135,0.9507727640669416,0.977833625120009,-0.031254494456053154,0.010910315614494752,0.00013637623750011778,0.011597338152519718,6.938893903907228e-18,0.7681241584579407,0.6971627099015634,0.5413826679649465,0.17094244137167838,0.316951681451914,0.11671989161887486,0.0,98,106242,0.9932190964904243,0.9505763461234802,0.6025140875596012,0.6262060199896008,0.5504251622931334,0.4915134370579915,0.0013744960547162992,0.0012493946068238668,0.0012505600514165873,0.01091031561449457,0.10271832232073945,0.05960919410402666,0.021714576156322357,0.16292050224958116,0.10294422168257375,0.026618474802808684,/common/users/shared/pracsys/adaptive_roa_experiments/gaussian_torque/cp_high_v2_dir00_s43,0.9478300351527014,0.7685404392861033
fm,high,dir00_s43,7,1350,0.0024064818586461826,100.0,0.053096610095364115,100.0,0.03856280943506334,0.00624308988801185,0.005949389656465004,0.04216834340974324,0.029370023154684594,0.039916453364807127,0.047536191757080876,0.047137027223432805,0.04713702722343282,0.939251896613392,0.9499162289866531,0.9781348242691215,-0.032426441520302704,0.010918073470154568,0.00013531457852040827,0.011610938235349484,0.0,0.7720401243289065,0.6877530661346165,0.5035263945287455,0.16903459304452412,0.316951681451914,0.11671989161887486,0.0,97,106242,0.9932745614832319,0.9600262123197904,0.6364127498649379,0.6314056271303946,0.5357959220992959,0.41654879773691655,0.0012197555583126644,0.0010839138167313398,0.001084473461347124,0.010918073470154378,0.10356544492761809,0.057453737693191016,0.017422488281470604,0.16292050224958116,0.10294422168257375,0.026618474802808684,/common/users/shared/pracsys/adaptive_roa_experiments/gaussian_torque/cp_high_v2_dir00_s43,0.9496397720608794,0.7683758583586077
fm,high,dir00_s43,8,1500,0.0020500866103332358,100.0,0.04549345250963965,100.0,0.03427891041207809,0.004669582504823878,0.004368472612580536,0.042844333400475186,0.030110989224334226,0.039916453364807127,0.047536191757080876,0.047137027223432805,0.04713702722343282,0.9460194649950114,0.9582839178479321,0.9781630616893507,-0.026981043278552743,0.008661166435538152,0.0001134474123656101,0.009361440861429567,1.734723475976807e-18,0.8027786375047284,0.7538051327630263,0.552123552123552,0.16143143545880156,0.316951681451914,0.11671989161887486,0.0,98,106242,0.9916737468139337,0.9603680113234253,0.6079931972789115,0.6743312727482812,0.6203712169699186,0.5056577086280056,0.0010703201243932555,0.001007146063903272,0.0010019483252887956,0.008661166435538216,0.11078481203290601,0.06649912463997289,0.022138137459761675,0.16292050224958116,0.10294422168257375,0.026618474802808684,/common/users/shared/pracsys/adaptive_roa_experiments/gaussian_torque/cp_high_v2_dir00_s43,0.9512081848288864,0.8162555649832643
fm,high,dir00_s43,9,1650,0.002325950391476051,100.0,0.05765719084727237,100.0,0.04191779145723914,0.007856743617390298,0.007571493505153683,0.04216870672666711,0.028525011223661478,0.039916453364807127,0.047536191757080876,0.047137027223432805,0.04713702722343282,0.9314771935769282,0.9443440447280737,0.9788972346153122,-0.03726482935185708,0.012539814001919383,0.000145755327430941,0.013224228647804072,6.938893903907228e-18,0.7352149559903979,0.63730601729743,0.4814986123959298,0.17359517379642964,0.316951681451914,0.11671989161887486,0.0,96,106242,0.9923416789396171,0.9681326872903466,0.695855614973262,0.5839158819111445,0.47499314254365915,0.36810466760961813,0.0008629378162062041,0.000869746770238096,0.0008592929792073224,0.012539814001919202,0.09586604167843225,0.0505073323167862,0.014081060221004875,0.16292050224958116,0.10294422168257375,0.026618474802808684,/common/users/shared/pracsys/adaptive_roa_experiments/gaussian_torque/cp_high_v2_dir00_s43,0.9507099299639662,0.733971046954663
fm,high,dir00_s43,10,1800,0.0017924617329145582,100.0,0.04461772362850946,100.0,0.035825003294365686,0.004942299068139295,0.004636220245614999,0.0425078520947746,0.030607882252429604,0.039916453364807127,0.047536191757080876,0.047137027223432805,0.04713702722343282,0.9449370305528887,0.9533235443609872,0.9776171382315845,-0.027715027955046028,0.00926539537427322,0.0001130869427312164,0.009970638730445586,1.0408340855860843e-17,0.7987892962784617,0.7187659502069983,0.5272365805168986,0.16055570657767074,0.316951681451914,0.11671989161887486,0.0,99,106242,0.986995325116872,0.9463859020310633,0.6021798365122616,0.670864867987752,0.5794093444271738,0.46888260254596886,0.0007410544809951829,0.0007143173608413321,0.0007865917095039086,0.009265395374273228,0.1107377496658572,0.06302592195177048,0.020726266448297285,0.16292050224958116,0.10294422168257375,0.026618474802808684,/common/users/shared/pracsys/adaptive_roa_experiments/gaussian_torque/cp_high_v2_dir00_s43,0.9532276259911991,0.803437002287934
fm,high,dir00_s43,11,1950,0.001465856879755755,100.0,0.03809327988265851,100.0,0.03405771728694867,0.0044320503967529516,0.004114745250639989,0.04270462136356255,0.03173051461129622,0.039916453364807127,0.047536191757080876,0.047137027223432805,0.04713702722343282,0.9495585549970821,0.9547071779522223,0.9764782289490033,-0.02491161687468233,0.008547151110510234,0.0001108850489623602,0.009263620790271267,-5.204170427930421e-18,0.8187874074324553,0.7312932767478223,0.516914749661705,0.1540312628318285,0.316951681451914,0.11671989161887486,0.0,99,106242,0.9871983039791259,0.9393200401664037,0.5701492537313433,0.699462707262118,0.5987016549327969,0.47277227722772275,0.0004573192036131459,0.0004266987945759039,0.0006569296275934373,0.008547151110510375,0.11543457389732874,0.06561435213945521,0.022072250145893337,0.16292050224958116,0.10294422168257375,0.026618474802808684,/common/users/shared/pracsys/adaptive_roa_experiments/gaussian_torque/cp_high_v2_dir00_s43,0.9566366554200956,0.818674370999339
fm,high,dir00_s44,0,300,0.022297139091462994,100.0,0.30042428503221713,100.0,0.08436418742117054,0.021636464724541487,0.021548651538750102,0.02544736140058073,0.00878131857913865,0.039916453364807127,0.047536191757080876,0.047137027223432805,0.04713702722343282,0.8528830406054103,0.9018184898627661,0.9739274486549575,-0.08368234784736732,0.043238317361601934,0.00035856255912747944,0.0437252950810414,-2.2898349882893854e-16,0.17780115728563917,0.08875687953175505,0.04218533886583679,0.41636226798135684,0.316951681451914,0.11671989161887486,0.0,87,106242,0.993533215755438,0.996078431372549,0.953125,0.09763706742157259,0.04644783761543385,0.02157001414427157,0.021003312811868517,0.020699835462358412,0.020844004912527362,0.043238317361601226,0.016010617270006213,0.004800361438978935,0.0006023982982248076,0.16292050224958116,0.10294422168257375,0.026618474802808684,/common/users/shared/pracsys/adaptive_roa_experiments/gaussian_torque/cp_high_v2_dir00_s44,0.7880449913291655,0.08271013450531628
fm,high,dir00_s44,1,450,0.01205931457162186,100.0,0.1713583689732551,100.0,0.06349202763502193,0.01339767445040795,0.01320952718836336,0.033106088115962044,0.01881472620445908,0.039916453364807127,0.047536191757080876,0.047137027223432805,0.04713702722343282,0.889215187967094,0.9219894203798874,0.9790572466632782,-0.0606539786525103,0.027240466295834233,0.0002658682210358728,0.027827778091526895,1.1102230246251565e-16,0.48857217345963333,0.3933538281364368,0.39389812040315986,0.2872963519224203,0.316951681451914,0.11671989161887486,0.0,98,106242,0.9854513584574934,0.9860550458715597,0.8576512455516014,0.3248021260615865,0.2456798025052574,0.25565770862800563,0.010622569998540603,0.010342912569150759,0.010511971968074465,0.027240466295834126,0.05369816080269573,0.025648990041603134,0.007934715084429887,0.16292050224958116,0.10294422168257375,0.026618474802808684,/common/users/shared/pracsys/adaptive_roa_experiments/gaussian_torque/cp_high_v2_dir00_s44,0.8706501403872398,0.4221004611361572
fm,high,dir00_s44,2,600,0.006275940963906918,100.0,0.1162838283874798,100.0,0.05369119557237251,0.010905966301373176,0.010680232199753831,0.03794199428141678,0.02257341016193448,0.039916453364807127,0.047536191757080876,0.047137027223432805,0.04713702722343282,0.9131416953747106,0.9344797725946424,0.9753487321398318,-0.045440409630842796,0.019875265141769915,0.00021020265797157573,0.02050016377703733,5.551115123125783e-17,0.6412409610450198,0.5600707830373507,0.43397449751458833,0.2322218113366356,0.316951681451914,0.11671989161887486,0.0,100,106242,0.9802686318792345,0.9068767908309455,0.5580878265703169,0.47645733433473914,0.4051385206180854,0.355021216407355,0.004462631871921732,0.0043717269074471975,0.004445300119818307,0.019875265141769804,0.0791871387963329,0.04598934508010015,0.016933039664162947,0.16292050224958116,0.10294422168257375,0.026618474802808684,/common/users/shared/pracsys/adaptive_roa_experiments/gaussian_torque/cp_high_v2_dir00_s44,0.9136500197462304,0.5783513235240788
fm,high,dir00_s44,3,750,0.006445854644150887,100.0,0.11609689663643757,100.0,0.05750004706236706,0.012151576629197764,0.011919463779916564,0.03744885533870804,0.023211284928120086,0.039916453364807127,0.047536191757080876,0.047137027223432805,0.04713702722343282,0.9053293424446076,0.9232977541838444,0.9775136010240771,-0.053799062517648384,0.02160763566464137,0.00021771206645397408,0.02223891304757064,3.8163916471489756e-17,0.5917688124036041,0.4120914796912199,0.3474460529909861,0.23203487958561977,0.316951681451914,0.11671989161887486,0.0,98,106242,0.9946786737617683,0.9767441860465116,0.7635054021608644,0.4211681784042983,0.2611319374599982,0.2248939179632249,0.004545754024788336,0.004390970186418263,0.004357175063813158,0.02160763566464137,0.06898401762015022,0.02752207225014589,0.007840590350332261,0.16292050224958116,0.10294422168257375,0.026618474802808684,/common/users/shared/pracsys/adaptive_roa_experiments/gaussian_torque/cp_high_v2_dir00_s44,0.917269341374511,0.541599525099034
fm,high,dir00_s44,4,900,0.0046453313538111374,100.0,0.09275471919636623,100.0,0.0501857081003746,0.010551515692939654,0.010300789981732212,0.03997697064160205,0.025072571120744163,0.039916453364807127,0.047536191757080876,0.047137027223432805,0.04713702722343282,0.9178667570264114,0.9344985975414619,0.9777489128593212,-0.04709521658101315,0.017460846563563004,0.00019053638958260784,0.018110736808418515,3.469446951953614e-17,0.6634007097670113,0.5422613957771493,0.38212232096184007,0.20869270214552457,0.316951681451914,0.11671989161887486,0.0,95,106242,0.9981427742309924,0.9662447257383966,0.7324649298597194,0.4967935755965105,0.3768858004937369,0.2584865629420085,0.002861786484545198,0.002742924054269843,0.0028431311728955772,0.017460846563562834,0.08108845842510495,0.040153611566047326,0.009393648462943093,0.16292050224958116,0.10294422168257375,0.026618474802808684,/common/users/shared/pracsys/adaptive_roa_experiments/gaussian_torque/cp_high_v2_dir00_s44,0.9304457532583793,0.6295725973384498
fm,high,dir00_s44,5,1050,0.0032170377802113767,100.0,0.0703436482680936,100.0,0.04580608422281208,0.009125110551813915,0.008849956049390536,0.04122579563545116,0.027515450242337917,0.039916453364807127,0.047536191757080876,0.047137027223432805,0.04713702722343282,0.924464900886655,0.9386118484215282,0.9784454358916436,-0.04217136349089814,0.014761187637372197,0.00016588408368627954,0.015435506673443646,1.734723475976807e-17,0.6999214747784467,0.5828856485034536,0.4116135662898253,0.18628163121725924,0.316951681451914,0.11671989161887486,0.0,95,106242,0.9920500317998728,0.9697808044264737,0.7528195488721805,0.5407013692298804,0.4166590472707324,0.2832390381895332,0.0016173405189358861,0.0015411850855460735,0.001567887263818745,0.014761187637372067,0.08879727414770053,0.04422921255247454,0.010014871707987425,0.16292050224958116,0.10294422168257375,0.026618474802808684,/common/users/shared/pracsys/adaptive_roa_experiments/gaussian_torque/cp_high_v2_dir00_s44,0.9433381240572221,0.6868451723227447
fm,high,dir00_s44,6,1200,0.0027286818040387286,100.0,0.05798804880048023,100.0,0.03972722652058508,0.006431209693268509,0.006148368974566267,0.04191943172086389,0.02828407187022424,0.039916453364807127,0.047536191757080876,0.047137027223432805,0.04713702722343282,0.9356375068240432,0.949445605316165,0.9783983735245948,-0.03271455733137554,0.011365964477135204,0.0001378575921375269,0.012047969729485514,2.2551405187698492e-17,0.7550157638291776,0.6854465592972181,0.5456345278162741,0.1739260317496424,0.316951681451914,0.11671989161887486,0.0,98,106242,0.9937753466000189,0.953405017921147,0.6198830409356725,0.6087584493616038,0.5350644600896041,0.4872701555869873,0.001522771600422312,0.0014569862324987405,0.0014451097320476412,0.011365964477134978,0.09980045556371303,0.05777376178912295,0.0209239283899023,0.16292050224958116,0.10294422168257375,0.026618474802808684,/common/users/shared/pracsys/adaptive_roa_experiments/gaussian_torque/cp_high_v2_dir00_s44,0.9461270446368095,0.7588739649774744
fm,high,dir00_s44,7,1350,0.0022337412919147463,100.0,0.050426268363173536,100.0,0.037132019352045326,0.005659635164595759,0.005361926845167216,0.04226171988302902,0.02977083194285431,0.039916453364807127,0.047536191757080876,0.047137027223432805,0.04713702722343282,0.9422450631576966,0.9520246230304399,0.9780689369552531,-0.030055157094181207,0.010237234185571003,0.0001297239368213448,0.010934107038647615,3.469446951953614e-18,0.7861573848191261,0.7072204032397036,0.5242956308697428,0.1663642513123341,0.316951681451914,0.11671989161887486,0.0,99,106242,0.990689503732982,0.9511742892459827,0.6202898550724638,0.651626321566815,0.5628600164578952,0.45403111739745405,0.0010820711230142247,0.0009653622880030451,0.0009793062041456033,0.010237234185570841,0.1071610097701474,0.06091752790798366,0.01948381995820862,0.16292050224958116,0.10294422168257375,0.026618474802808684,/common/users/shared/pracsys/adaptive_roa_experiments/gaussian_torque/cp_high_v2_dir00_s44,0.9502731629323852,0.7828196899849922
fm,high,dir00_s44,8,1500,0.0018968011233294851,100.0,0.0433944353897678,100.0,0.033765083488639144,0.004573762804286937,0.004271116254452834,0.04304240218095329,0.030264654983410286,0.039916453364807127,0.047536191757080876,0.047137027223432805,0.04713702722343282,0.9472619114851001,0.9588204288322886,0.9784077859980046,-0.026399070047627114,0.008365741296932351,0.00011019904194968142,0.009067552380414524,-1.734723475976807e-18,0.8079651780512047,0.7577653507557721,0.5585065434949961,0.15933241833892625,0.316951681451914,0.11671989161887486,0.0,99,106242,0.9931749241658241,0.9605558674901741,0.6127533783783784,0.6809752152059623,0.6256743165401847,0.5130834512022631,0.000915075742126425,0.00087693828022511,0.0008708731192671194,0.008365741296932504,0.11170723442706275,0.06705446057114889,0.022288737034317878,0.16292050224958116,0.10294422168257375,0.026618474802808684,/common/users/shared/pracsys/adaptive_roa_experiments/gaussian_torque/cp_high_v2_dir00_s44,0.9527330223017328,0.8225229338863872
fm,high,dir00_s44,9,1650,0.002591638482791111,100.0,0.061677398156251825,100.0,0.04241411118013592,0.007762799709815098,0.007478801370974042,0.041600433457822356,0.02839983388410564,0.039916453364807127,0.047536191757080876,0.047137027223432805,0.04713702722343282,0.9317689802526308,0.9436004593287024,0.9785301481523315,-0.03742173528359782,0.013015395136584496,0.00015233791577669187,0.013698558009073623,6.938893903907228e-18,0.7367350644634102,0.6312161496799605,0.4684222791890002,0.17761538110540992,0.316951681451914,0.11671989161887486,0.0,97,106242,0.9918834343829455,0.9655432122010921,0.6869446343130554,0.585995724767462,0.4688671482124897,0.35537482319660535,0.0010700634278214387,0.0010972129761309124,0.0010555777793465194,0.013015395136584246,0.09625195308823252,0.04998964627924926,0.013770448598482709,0.16292050224958116,0.10294422168257375,0.026618474802808684,/common/users/shared/pracsys/adaptive_roa_experiments/gaussian_torque/cp_high_v2_dir00_s44,0.9483142448517246,0.7238817145830896
fm,high,dir00_s44,10,1800,0.0021248098357542636,100.0,0.05031544105937413,100.0,0.03812691779145724,0.005951193573205733,0.005656541778627356,0.04247787873214274,0.02946517945783773,0.039916453364807127,0.047536191757080876,0.047137027223432805,0.04713702722343282,0.9399295946988949,0.950556277178517,0.9775794883379454,-0.030979461983019894,0.010315690269917412,0.00012033014856631261,0.011009506598143858,-1.214306433183765e-17,0.7758499578533294,0.6953192970245345,0.5112843660237998,0.1662534240085295,0.316951681451914,0.11671989161887486,0.0,97,106242,0.9894293648660755,0.9508248730964467,0.6089931573802542,0.638107343000751,0.5480479107616348,0.4405940594059406,0.0009816837488727914,0.0009329757734343439,0.0009035504110450561,0.01031569026991722,0.1050714406731801,0.05933623237514354,0.019257920596374316,0.16292050224958116,0.10294422168257375,0.026618474802808684,/common/users/shared/pracsys/adaptive_roa_experiments/gaussian_torque/cp_high_v2_dir00_s44,0.9510240274860239,0.7811552641828616
fm,high,dir00_s44,11,1950,0.0015311169925486434,100.0,0.03797066411669771,100.0,0.033987029611641344,0.004399545883207468,0.0040827134619333,0.042775617348878164,0.031683242127416744,0.039916453364807127,0.047536191757080876,0.047137027223432805,0.04713702722343282,0.9490596939063647,0.9544624536435684,0.9770618023004085,-0.024928088703149418,0.00844412333648794,0.00010812549980640671,0.009160120291410178,-3.469446951953614e-18,0.8165548098434003,0.7297206703910615,0.527804689013757,0.15390864706586904,0.316951681451914,0.11671989161887486,0.0,99,106242,0.9878618879685065,0.9379577768203361,0.5837976853836262,0.6958807556762377,0.5971472981622017,0.4816124469589816,0.0005991297986215377,0.0004969367628203104,0.000639950746374727,0.008444123336488085,0.1147662882852356,0.06553905235217711,0.021959300464976187,0.16292050224958116,0.10294422168257375,0.026618474802808684,/common/users/shared/pracsys/adaptive_roa_experiments/gaussian_torque/cp_high_v2_dir00_s44,0.9564696227363075,0.8208600789255928
fm,high,epi_var,0,300,0.017876989984332937,100.0,0.23949960093200368,100.0,0.07610022401686715,0.017420554678258322,0.017282199438581572,0.02820860728133217,0.013835523967675093,0.039916453364807127,0.047536191757080876,0.047137027223432805,0.04713702722343282,0.8683665593644698,0.9072871369138382,0.9749722332034412,-0.07463771389845823,0.036210619380682076,0.00032143580716552627,0.0367481391540069,-1.3183898417423734e-16,0.3230553269761363,0.1814857902609274,0.12215252558600197,0.3554375838811597,0.316951681451914,0.11671989161887486,0.0,92,106242,0.9961194029850746,0.9954421148587056,0.9203980099502488,0.19278987809809925,0.09984456432294048,0.06541725601131541,0.016522731194480455,0.01606225086656527,0.01632842769887718,0.03621061938068189,0.031531785922704766,0.010325483330509592,0.0018919071553622862,0.16292050224958116,0.10294422168257375,0.026618474802808684,/common/users/shared/pracsys/adaptive_roa_experiments/gaussian_torque/cp_high_v2_epi_var,0.825768078409672,0.23180095322852678
fm,high,epi_var,1,450,0.010247043467843336,100.0,0.13960378795204642,100.0,0.05521460439374259,0.008248114214083578,0.008005970929236843,0.0328751353983214,0.024214328484673545,0.039916453364807127,0.047536191757080876,0.047137027223432805,0.04713702722343282,0.9117109994164266,0.9290770128574387,0.9771465145610964,-0.04864563920106925,0.022267862754348326,0.00024427275042496427,0.022909170572843134,8.326672684688674e-17,0.6344220126276405,0.49091277616377277,0.38061224489795925,0.2555417709012397,0.316951681451914,0.11671989161887486,0.0,100,106242,0.9748472871002515,0.9402173913043478,0.6831501831501832,0.4702178057657866,0.3321751851513212,0.2637906647807638,0.008734985033163747,0.008326950915757626,0.008543840171249026,0.022267862754348614,0.0785847404981081,0.03636979725532275,0.010278420963460778,0.16292050224958116,0.10294422168257375,0.026618474802808684,/common/users/shared/pracsys/adaptive_roa_experiments/gaussian_torque/cp_high_v2_epi_var,0.8859421414743855,0.5275929759253359
fm,high,epi_var,2,600,0.005075691638229649,100.0,0.08827904911273707,100.0,0.048711055891267105,0.008799282302256673,0.008532719572114567,0.03830869933747617,0.026656273014210554,0.039916453364807127,0.047536191757080876,0.047137027223432805,0.04713702722343282,0.9184973927448655,0.9362681425424974,0.9787560475141658,-0.044139982304549984,0.017361047458071235,0.00020080849854907948,0.018026774721861413,3.122502256758253e-17,0.6698943997560138,0.5597242993692697,0.4208365409289197,0.20421703206193592,0.316951681451914,0.11671989161887486,0.0,98,106242,0.9847567809908092,0.9689329131022062,0.7670720299345183,0.5075972037668265,0.3935265612142269,0.28995756718529,0.003270485456000067,0.003103587217214579,0.0032941276900591188,0.017361047458071033,0.08397808776190208,0.041810206886165546,0.010061934075036237,0.16292050224958116,0.10294422168257375,0.026618474802808684,/common/users/shared/pracsys/adaptive_roa_experiments/gaussian_torque/cp_high_v2_epi_var,0.9305313186105555,0.6316898098860022
fm,high,epi_var,3,750,0.0021275309118193846,100.0,0.04098261701230984,100.0,0.03324909169631596,0.003302585279147129,0.0029799435933750428,0.04186017817701978,0.03226416857720862,0.039916453364807127,0.047536191757080876,0.047137027223432805,0.04713702722343282,0.9503680277103217,0.9590086783004838,0.9767323657310668,-0.021645206227292407,0.008256792639788065,0.00011811558527453648,0.008978598859208223,0.0,0.8227741740328707,0.7628899656993521,0.5598290598290598,0.15692059996153426,0.316951681451914,0.11671989161887486,0.0,100,106242,0.9836065573770492,0.9429340511440107,0.563845050215208,0.7071465711479578,0.6405778549876566,0.5558698727015559,0.0011563990414759854,0.0010761290356930424,0.0015708726914294166,0.008256792639788098,0.11712881911108601,0.06993467743453624,0.026241975866418178,0.16292050224958116,0.10294422168257375,0.026618474802808684,/common/users/shared/pracsys/adaptive_roa_experiments/gaussian_torque/cp_high_v2_epi_var,0.9515836310126862,0.8248342518366657
fm,high,epi_var,4,900,0.0015925067689860765,100.0,0.032433079893000226,100.0,0.03161941605014966,0.001998006817410468,0.0016483322608092721,0.04192956481383171,0.034967455660119585,0.039916453364807127,0.047536191757080876,0.047137027223432805,0.04713702722343282,0.9549801396811054,0.9593475273432353,0.9766758908906082,-0.015138928107528097,0.006855794670410358,9.689626261117879e-05,0.007604633760659625,-6.938893903907228e-18,0.8450448699258108,0.7732451304667401,0.572463768115942,0.14837106284225585,0.316951681451914,0.11671989161887486,0.0,99,106242,0.9619412892757044,0.9080147965474723,0.5589622641509434,0.7534808481136981,0.6733107799213678,0.5866336633663366,0.0007408738426668649,0.0007058062030671695,0.0013008455974195053,0.006855794670410451,0.12761431448956156,0.07633515935317482,0.027936221080175447,0.16292050224958116,0.10294422168257375,0.026618474802808684,/common/users/shared/pracsys/adaptive_roa_experiments/gaussian_torque/cp_high_v2_epi_var,0.955826121982854,0.8545560661279421
fm,high,epi_var,5,1050,0.0013002868581653531,100.0,0.02603888312705774,100.0,0.028255868677170993,0.0007958502794215538,0.000422296116151459,0.042620577643889324,0.03735541632700949,0.039916453364807127,0.047536191757080876,0.047137027223432805,0.04713702722343282,0.9644302629845071,0.9683835018166074,0.9733815251971913,-0.004822386626757779,0.004938745695694926,7.504584733268882e-05,0.005711464392613092,-1.6479873021779667e-17,0.883071877223924,0.8357698137192588,0.5746089049338147,0.14197686607637966,0.316951681451914,0.11671989161887486,0.0,100,106242,0.9506995336442372,0.898171500630517,0.5,0.8244265988791958,0.7814757246045534,0.6753889674681753,0.0006593203910724708,0.0006816189986687496,0.0012351741525189503,0.004938745695694857,0.14128122588053688,0.08956909696730107,0.035955648425293196,0.16292050224958116,0.10294422168257375,0.026618474802808684,/common/users/shared/pracsys/adaptive_roa_experiments/gaussian_torque/cp_high_v2_epi_var,0.9581956789350995,0.8952257707664736
fm,high,epi_var,6,1200,0.0009003121517759769,100.0,0.02029729220403591,100.0,0.0252813388302178,0.0008633190682704491,0.0004945144010527249,0.04368754945414218,0.03688046672177242,0.039916453364807127,0.047536191757080876,0.047137027223432805,0.04713702722343282,0.9718190546111707,0.9724685152764443,0.9702848214453794,-0.0007089474972233202,0.003943992170343331,6.604592267708958e-05,0.0047119613712091266,-1.3877787807814457e-17,0.9084907390427287,0.8620738435422267,0.5683030220155887,0.13623527515332537,0.316951681451914,0.11671989161887486,0.0,100,106242,0.9645012654941917,0.8900681596884129,0.4633221850613155,0.858628459183084,0.8357867788241748,0.7347949080622348,0.0004217239456544833,0.0003750651980165715,0.0008511613297480124,0.003943992170343252,0.14503680277103217,0.09666610191826208,0.04221494324278534,0.16292050224958116,0.10294422168257375,0.026618474802808684,/common/users/shared/pracsys/adaptive_roa_experiments/gaussian_torque/cp_high_v2_epi_var,0.9624628573314925,0.9163292128786881
fm,high,epi_var,7,1350,0.0005732196850770089,100.0,0.017932019504317442,100.0,0.025159259050093186,0.0004480997505025376,5.149492473692795e-05,0.04365179870812556,0.03966048257656097,0.039916453364807127,0.047536191757080876,0.047137027223432805,0.04713702722343282,0.970934282110653,0.9718378795579903,0.9748028086820655,-0.0010192767455431935,0.0035367234400441607,5.5671168141129495e-05,0.004332492799457841,-1.3010426069826053e-17,0.9066448999334905,0.8570336391437308,0.5903596021423105,0.13387000245366107,0.316951681451914,0.11671989161887486,0.0,100,106242,0.9509163548734859,0.8976078470623561,0.5203668734826005,0.8663123230689237,0.8199689128645881,0.6821074964639321,7.92241678871636e-05,9.708728633447662e-05,0.0006831272700651812,0.003536723440044049,0.14842529319854672,0.09404002183693831,0.03489203892999002,0.16292050224958116,0.10294422168257375,0.026618474802808684,/common/users/shared/pracsys/adaptive_roa_experiments/gaussian_torque/cp_high_v2_epi_var,0.9641303825613914,0.9249693150295659
fm,high,epi_var,8,1500,0.0005040310035624842,100.0,0.017940351173645116,100.0,0.026451215150317196,0.000427136463833645,1.815155440540808e-05,0.04369844898294836,0.0408984909428237,0.039916453364807127,0.047536191757080876,0.047137027223432805,0.04713702722343282,0.9684399766570659,0.9732968129365035,0.9758570057039588,0.00017742512377402563,0.0034567297948898444,4.6113432109065804e-05,0.004264879237966153,-6.938893903907228e-18,0.8985752745092108,0.8631518016497033,0.6127132719311491,0.1338783341230978,0.316951681451914,0.11671989161887486,0.0,99,106242,0.943047619047619,0.9135184807024709,0.5346508563899868,0.8581084984690046,0.8180488250891469,0.7174681753889675,4.5520858735598294e-05,4.243028922534183e-05,0.0005649178563525299,0.003456729794889713,0.14824645620376123,0.09218576457521507,0.03572033659004913,0.16292050224958116,0.10294422168257375,0.026618474802808684,/common/users/shared/pracsys/adaptive_roa_experiments/gaussian_torque/cp_high_v2_epi_var,0.965003197354262,0.926666359791747
fm,high,epi_var,9,1650,0.0005282253666012454,100.0,0.017164318750936585,100.0,0.025582161480393825,0.0005741454890621691,0.00017567884753346173,0.0437618385356519,0.03984666415287075,0.039916453364807127,0.047536191757080876,0.047137027223432805,0.04713702722343282,0.9690706123755201,0.9695882984130569,0.977240639295194,-0.00421848233278741,0.003550867535314364,5.2408125453988144e-05,0.004348498710491143,-1.734723475976807e-18,0.8996028108768714,0.8401207382849226,0.6084844559585493,0.1331023017003023,0.316951681451914,0.11671989161887486,0.0,99,106242,0.9546722002464172,0.9155522001725626,0.5612305854241338,0.8505401814085158,0.7761726250342873,0.6644271570014144,6.30903129844255e-05,4.963320827103499e-05,0.000532201298582424,0.0035508675353142505,0.14514975245194933,0.08727245345531899,0.03151296097588524,0.16292050224958116,0.10294422168257375,0.026618474802808684,/common/users/shared/pracsys/adaptive_roa_experiments/gaussian_torque/cp_high_v2_epi_var,0.9651745156730983,0.9246692516589347
fm,high,epi_var,10,1800,0.0004054038671468871,100.0,0.014937427877520747,100.0,0.023940249618794828,0.0005548406700764122,0.00015331771286361485,0.04445274625031571,0.04015229572127975,0.039916453364807127,0.047536191757080876,0.047137027223432805,0.04713702722343282,0.9771653395079158,0.9732591630428644,0.9722802658082491,0.0061309086801829785,0.002837598685980682,3.861159020416644e-05,0.00363828617684155,-3.0357660829594124e-17,0.9287727539635936,0.8704337118620878,0.6011106596234593,0.13087541082685264,0.316951681451914,0.11671989161887486,0.0,101,106242,0.9442421347979225,0.8683348498635123,0.4871569703622393,0.9138020682881738,0.8725427448111913,0.7846534653465347,3.419768773432479e-05,3.911025314989812e-05,0.00040174655228188453,0.0028375986859806375,0.15766834208693362,0.10344308277329116,0.04287381638146872,0.16292050224958116,0.10294422168257375,0.026618474802808684,/common/users/shared/pracsys/adaptive_roa_experiments/gaussian_torque/cp_high_v2_epi_var,0.9661818607224992,0.939801068223283
fm,high,epi_var,11,1950,0.00039335329133684336,100.0,0.013815276727060642,100.0,0.021678714632631157,0.00033922323087500714,-5.7289010379426404e-05,0.04463506842068493,0.03965122412544336,0.039916453364807127,0.047536191757080876,0.047137027223432805,0.04713702722343282,0.9769394401460816,0.9739556860751868,0.976449991528774,-0.0008942790986615462,0.0024446697923684426,4.087945364934363e-05,0.0032403465672709475,-3.0357660829594124e-18,0.9264308449942946,0.8688190394917744,0.6137696820006175,0.12975325967636428,0.316951681451914,0.11671989161887486,0.0,99,106242,0.9645469893078221,0.9022252855454903,0.5446575342465754,0.8912126639320584,0.8377982993508275,0.7029702970297029,5.333584325536869e-05,5.714797492060689e-05,0.0003985060621034703,0.0024446697923684443,0.15053368724233354,0.09559307994954915,0.034355527945633554,0.16292050224958116,0.10294422168257375,0.026618474802808684,/common/users/shared/pracsys/adaptive_roa_experiments/gaussian_torque/cp_high_v2_epi_var,0.966086299090045,0.9481369543993401
fm,high,epi_var_anch,0,300,0.017876989984332937,100.0,0.23949960093200368,100.0,0.07610022401686715,0.017420554678258322,0.017282199438581572,0.02820860728133217,0.013835523967675093,0.039916453364807127,0.047536191757080876,0.047137027223432805,0.04713702722343282,0.8683665593644698,0.9072871369138382,0.9749722332034412,-0.07463771389845823,0.036210619380682076,0.00032143580716552627,0.0367481391540069,-1.3183898417423734e-16,0.3230553269761363,0.1814857902609274,0.12215252558600197,0.3554375838811597,0.316951681451914,0.11671989161887486,0.0,92,106242,0.9961194029850746,0.9954421148587056,0.9203980099502488,0.19278987809809925,0.09984456432294048,0.06541725601131541,0.016522731194480455,0.01606225086656527,0.01632842769887718,0.03621061938068189,0.031531785922704766,0.010325483330509592,0.0018919071553622862,0.16292050224958116,0.10294422168257375,0.026618474802808684,/common/users/shared/pracsys/adaptive_roa_experiments/gaussian_torque/cp_high_v2_epi_var_anch,0.825768078409672,0.23180095322852678
fm,high,epi_var_anch,1,450,0.007233614955037725,100.0,0.10437256182978633,100.0,0.046303251068315746,0.006414512355937581,0.0061648488851384015,0.03692260505614834,0.024966347079917985,0.039916453364807127,0.047536191757080876,0.047137027223432805,0.04713702722343282,0.9271662807552569,0.9452288172285913,0.9763088044276275,-0.03573887916266637,0.016379271052422914,0.00020131664611299584,0.017028099056870166,4.85722573273506e-17,0.7152215515972323,0.6551294968292538,0.5306731307104232,0.22031054477895937,0.316951681451914,0.11671989161887486,0.0,101,106242,0.9851972016627801,0.9310983827493261,0.5613412228796845,0.5613842509677046,0.5053488159458718,0.5031824611032532,0.005987029217298887,0.005801377035352289,0.005966467508223425,0.01637927105242257,0.09283522524048869,0.055872442160350894,0.023860620093748234,0.16292050224958116,0.10294422168257375,0.026618474802808684,/common/users/shared/pracsys/adaptive_roa_experiments/gaussian_torque/cp_high_v2_epi_var_anch,0.909208167550634,0.652517945716347
fm,high,epi_var_anch,2,600,0.0045352683038853035,100.0,0.0823707428308545,100.0,0.04588834924041339,0.007508531354037542,0.007237363062625844,0.03899654536597058,0.027116829141169793,0.039916453364807127,0.047536191757080876,0.047137027223432805,0.04713702722343282,0.9252649611264848,0.9416520773328816,0.9775794883379454,-0.039646749872931604,0.015377844920088098,0.0001851910754896186,0.01604817774514787,3.469446951953614e-17,0.705795168222914,0.6126835363948766,0.4539202200825309,0.19830872578003586,0.316951681451914,0.11671989161887486,0.0,99,106242,0.9839859489616696,0.9674427782162589,0.6453715775749674,0.5502339823213357,0.44829477918990585,0.35007072135785006,0.002841431397128129,0.0028735121399039508,0.0029249313617621506,0.01537784492008796,0.09110333013309238,0.04770241524067694,0.014438734210575855,0.16292050224958116,0.10294422168257375,0.026618474802808684,/common/users/shared/pracsys/adaptive_roa_experiments/gaussian_torque/cp_high_v2_epi_var_anch,0.9313287649625105,0.6737629454824117
fm,high,epi_var_anch,3,750,0.003279092123485518,100.0,0.06126981610833351,100.0,0.04106944522881723,0.0043937217632580225,0.004082569731656451,0.03880765678571416,0.03111520316015714,0.039916453364807127,0.047536191757080876,0.047137027223432805,0.04713702722343282,0.9359951808136142,0.9484008207676813,0.9759417179646468,-0.028844901263153935,0.012411940169375083,0.00016159075796349847,0.013122256734624723,-1.214306433183765e-17,0.7620214180723736,0.6803125728947982,0.4904306220095694,0.1772077990575795,0.316951681451914,0.11671989161887486,0.0,99,106242,0.9664447403462051,0.939140235066817,0.5621572212065814,0.6289791437980241,0.5333272378165859,0.4349363507779349,0.0017898501224775387,0.0016653194469877165,0.0026174963509010478,0.01241194016937485,0.10603151296097589,0.05846087234803562,0.02059449182056061,0.16292050224958116,0.10294422168257375,0.026618474802808684,/common/users/shared/pracsys/adaptive_roa_experiments/gaussian_torque/cp_high_v2_epi_var_anch,0.9408344611818431,0.7366838576700729
fm,high,epi_var_anch,4,900,0.004126977828755315,100.0,0.07238099210982098,100.0,0.041025865476930025,0.005245524579460256,0.0049616002759024745,0.03894288517748919,0.02839243035577819,0.039916453364807127,0.047536191757080876,0.047137027223432805,0.04713702722343282,0.9379718002296643,0.9501138909282582,0.9744733721127238,-0.029859471771992243,0.013155742321846122,0.00018041038533432596,0.013838831159051974,2.6020852139652106e-17,0.7675485008818341,0.6964490263459336,0.4913728432108027,0.18831897505901443,0.316951681451914,0.11671989161887486,0.0,101,106242,0.9854179875011322,0.9320864632837651,0.5231629392971247,0.6285747299092957,0.5559111273658225,0.46322489391796323,0.0026452486652966635,0.002496302038855833,0.0029113288091874444,0.013155742321845939,0.10392311891718906,0.061397564051881556,0.023568833418045596,0.16292050224958116,0.10294422168257375,0.026618474802808684,/common/users/shared/pracsys/adaptive_roa_experiments/gaussian_torque/cp_high_v2_epi_var_anch,0.9348359107612961,0.7209042848738216
fm,high,epi_var_anch,5,1050,0.0027954810612310995,100.0,0.05348058156538953,100.0,0.03627830801377986,0.004860142677441566,0.004559255128736769,0.0414893503792524,0.030088754870479618,0.039916453364807127,0.047536191757080876,0.047137027223432805,0.04713702722343282,0.9410308540878372,0.9554978257186424,0.979697294855142,-0.029427721616686428,0.010206931972917175,0.00013769227563356181,0.010906984055270044,3.469446951953614e-18,0.7807830924804927,0.732336956521739,0.552582451773491,0.16941856451457307,0.316951681451914,0.11671989161887486,0.0,99,106242,0.9899733806566104,0.9614984391259105,0.6683391871550427,0.6445779652204056,0.5913870348358782,0.471004243281471,0.0016728250075701695,0.0015468820088462055,0.0017264538697086935,0.010206931972916878,0.1060785753280247,0.06331770862747313,0.018759059505656896,0.16292050224958116,0.10294422168257375,0.026618474802808684,/common/users/shared/pracsys/adaptive_roa_experiments/gaussian_torque/cp_high_v2_epi_var_anch,0.945842935339889,0.7834625436912769
fm,high,epi_var_anch,6,1200,0.0019407028184683082,100.0,0.037773084827120974,100.0,0.030945200579808364,0.002878805961266444,0.0025606537686069944,0.04242019905115355,0.03181521926594497,0.039916453364807127,0.047536191757080876,0.047137027223432805,0.04713702722343282,0.9554695882984131,0.9632725287551063,0.974981645676851,-0.017539579450688052,0.0072774819408862445,0.00010954002367380739,0.007994798667193766,-3.469446951953614e-18,0.8436498231930996,0.7970245526425301,0.566394779771615,0.15371106777631233,0.316951681451914,0.11671989161887486,0.0,99,106242,0.9856370656370657,0.9244599975865814,0.5257419745608722,0.7374198393899127,0.7004663070311785,0.6138613861386139,0.0010867391977091238,0.0010185475165426531,0.001329358768759192,0.007277481940886454,0.1218915306564259,0.07800116714670281,0.031079987199036162,0.16292050224958116,0.10294422168257375,0.026618474802808684,/common/users/shared/pracsys/adaptive_roa_experiments/gaussian_torque/cp_high_v2_epi_var_anch,0.9533749442286068,0.845610078327798
fm,high,epi_var_anch,7,1350,0.0013665173585677072,100.0,0.02893395133524575,100.0,0.028490427514542272,0.0017652204959008018,0.001419021338231604,0.04293076222756799,0.03461991576691978,0.039916453364807127,0.047536191757080876,0.047137027223432805,0.04713702722343282,0.962095969578886,0.9650514862295514,0.9751322452514072,-0.013672558875021182,0.00562528633409641,8.454858192033774e-05,0.006370650025413678,-1.214306433183765e-17,0.8708756853817294,0.8105708892403449,0.5549191374663073,0.14487193428447348,0.316951681451914,0.11671989161887486,0.0,99,106242,0.9785271652975933,0.9168975069252078,0.5299227799227799,0.7845629441331099,0.7263417756240286,0.5823903818953324,0.0007138446443825504,0.0006744122766034982,0.001074373639684154,0.005625286334096475,0.13062630598068561,0.08154966962218332,0.029253967357542213,0.16292050224958116,0.10294422168257375,0.026618474802808684,/common/users/shared/pracsys/adaptive_roa_experiments/gaussian_torque/cp_high_v2_epi_var_anch,0.9570417681569354,0.8806609863742115
fm,high,epi_var_anch,8,1500,0.0009585137114582796,100.0,0.023553602914385817,100.0,0.026169405696428907,0.0009527184615006567,0.0005873994423526434,0.04325713653209219,0.03653190191480133,0.039916453364807127,0.047536191757080876,0.047137027223432805,0.04713702722343282,0.965860958942791,0.9690423749552908,0.9776359631784041,-0.009831610850699347,0.004467290133693251,7.052802878477948e-05,0.005231773686489335,-4.336808689942018e-18,0.8865392435949572,0.8358372847516846,0.5972881355932204,0.13949158586363483,0.316951681451914,0.11671989161887486,0.0,98,106242,0.9667075999454223,0.920312156517916,0.5735677083333334,0.8186492576116471,0.7655664258937551,0.6230551626591231,0.00037763868626497455,0.00034664142982886783,0.0008723249389201975,0.0044672901336931135,0.13796803524030044,0.0856346830820203,0.02891511831479076,0.16292050224958116,0.10294422168257375,0.026618474802808684,/common/users/shared/pracsys/adaptive_roa_experiments/gaussian_torque/cp_high_v2_epi_var_anch,0.9600215095996449,0.9052275801671161
fm,high,epi_var_anch,9,1650,0.0009020933940713912,100.0,0.02192035975672484,100.0,0.025095724854577287,0.0007262406145206014,0.0003621346350139329,0.043565820862028974,0.036410597950666854,0.039916453364807127,0.047536191757080876,0.047137027223432805,0.04713702722343282,0.9698518476685304,0.9718378795579903,0.9741156981231528,-0.002325633930084147,0.0039333409964177465,6.391851181788802e-05,0.0046966115095724865,-1.9081958235744878e-17,0.9020219632314703,0.8590939059998116,0.611032531824611,0.13785834270597766,0.316951681451914,0.11671989161887486,0.0,100,106242,0.9585229489013132,0.8857919782460911,0.5091937765205092,0.8518111964873765,0.8339581237999452,0.7637906647807637,0.00039999980985439107,0.0003863525600691677,0.0008778665303290254,0.003933340996417639,0.14478266598896858,0.09692023870032568,0.039927712204213026,0.16292050224958116,0.10294422168257375,0.026618474802808684,/common/users/shared/pracsys/adaptive_roa_experiments/gaussian_torque/cp_high_v2_epi_var_anch,0.9605935529746776,0.9165551748146222
fm,high,epi_var_anch,10,1800,0.0008453567814792445,100.0,0.022399161049487214,100.0,0.025587714839705584,0.0008731022531375644,0.0005139535951946443,0.043459659214186715,0.03591486579429201,0.039916453364807127,0.047536191757080876,0.047137027223432805,0.04713702722343282,0.9701059844505939,0.9704354210199356,0.9732685755162742,-0.001744225447563111,0.004191321604440709,6.563435329385e-05,0.004949634796031701,-2.688821387764051e-17,0.902702040316157,0.852915008194802,0.612762476138533,0.13833714399873834,0.316951681451914,0.11671989161887486,0.0,100,106242,0.9608687145372725,0.8741601075062392,0.4986684420772304,0.8511756889479462,0.8326780652829844,0.7945544554455446,0.0002567916446216602,0.00030648914931966624,0.0007947780508808032,0.0041913216044405675,0.1443214547918902,0.09805914798290695,0.042412605184390356,0.16292050224958116,0.10294422168257375,0.026618474802808684,/common/users/shared/pracsys/adaptive_roa_experiments/gaussian_torque/cp_high_v2_epi_var_anch,0.9607501576714872,0.9110821820694472
fm,high,epi_var_anch,11,1950,0.000611924246108265,100.0,0.018731027227506632,100.0,0.024445699440899082,0.00048275253248637306,0.00010207957296324134,0.043822366664899026,0.03806729595231318,0.039916453364807127,0.047536191757080876,0.047137027223432805,0.04713702722343282,0.9714707930950095,0.9721014288134636,0.9763746917414958,6.344007078180007e-05,0.003416740131497007,5.347453301879603e-05,0.004196577624668211,-8.673617379884035e-18,0.9084925882317423,0.8622164373373,0.637388038139266,0.13466901017679986,0.316951681451914,0.11671989161887486,0.0,100,106242,0.9514354369545972,0.8769739952718676,0.5388373229115779,0.8692587671153735,0.8479473347353021,0.7800565770862801,0.00014681142451861034,0.0001718812720111637,0.0006350261206792354,0.003416740131496874,0.14884885450198604,0.09953690630823968,0.03853466613956816,0.16292050224958116,0.10294422168257375,0.026618474802808684,/common/users/shared/pracsys/adaptive_roa_experiments/gaussian_torque/cp_high_v2_epi_var_anch,0.962846771162357,0.9275147302925698
fm,high,epi_bald,0,300,0.017876989984332937,100.0,0.23949960093200368,100.0,0.07610022401686715,0.017420554678258322,0.017282199438581572,0.02820860728133217,0.013835523967675093,0.039916453364807127,0.047536191757080876,0.047137027223432805,0.04713702722343282,0.8683665593644698,0.9072871369138382,0.9749722332034412,-0.07463771389845823,0.036210619380682076,0.00032143580716552627,0.0367481391540069,-1.3183898417423734e-16,0.3230553269761363,0.1814857902609274,0.12215252558600197,0.3554375838811597,0.316951681451914,0.11671989161887486,0.0,92,106242,0.9961194029850746,0.9954421148587056,0.9203980099502488,0.19278987809809925,0.09984456432294048,0.06541725601131541,0.016522731194480455,0.01606225086656527,0.01632842769887718,0.03621061938068189,0.031531785922704766,0.010325483330509592,0.0018919071553622862,0.16292050224958116,0.10294422168257375,0.026618474802808684,/common/users/shared/pracsys/adaptive_roa_experiments/gaussian_torque/cp_high_v2_epi_bald,0.825768078409672,0.23180095322852678
fm,high,epi_bald,1,450,0.0077308586553032155,100.0,0.11850453241353587,100.0,0.05458961615933435,0.0064077641963032166,0.0061377050935762425,0.03278508940343216,0.02700591027269742,0.039916453364807127,0.047536191757080876,0.047137027223432805,0.04713702722343282,0.9131887577417593,0.9325502155456411,0.9755558065548465,-0.04324739745110219,0.020489642913576953,0.00022572475231971207,0.021158866549951996,6.245004513516506e-17,0.6486074599001791,0.5295430672268908,0.37225042301184436,0.23444251536281782,0.316951681451914,0.11671989161887486,0.0,99,106242,0.9523383307227568,0.9389988358556461,0.5882352941176471,0.49176728869374314,0.3687482856359148,0.2722772277227723,0.00579226307025263,0.005620109911068274,0.006718495114212482,0.02048964291357695,0.08412868733645827,0.04042657329493044,0.012320927693379266,0.16292050224958116,0.10294422168257375,0.026618474802808684,/common/users/shared/pracsys/adaptive_roa_experiments/gaussian_torque/cp_high_v2_epi_bald,0.9018325294283366,0.5653174559257925
fm,high,epi_bald,2,600,0.0056234137813287255,100.0,0.0914899651499757,100.0,0.047845390711771234,0.007893000857447542,0.007620907823799756,0.03788566839623437,0.027209303364778597,0.039916453364807127,0.047536191757080876,0.047137027223432805,0.04713702722343282,0.9218199958585117,0.9367011163193464,0.9771371020876866,-0.043286365091018617,0.016872266650998224,0.00019548720511639345,0.01754352421829408,3.122502256758253e-17,0.6867787917640846,0.5633400428543601,0.35791699709225483,0.2074279480991608,0.316951681451914,0.11671989161887486,0.0,99,106242,0.9888152893908133,0.9717741935483871,0.7089005235602094,0.5260846958229822,0.3966352747554174,0.2393917963224894,0.004045851712094836,0.0038658872758381146,0.003889748129576814,0.016872266650997964,0.08667946763050395,0.04201728130118033,0.008988912106323299,0.16292050224958116,0.10294422168257375,0.026618474802808684,/common/users/shared/pracsys/adaptive_roa_experiments/gaussian_torque/cp_high_v2_epi_bald,0.9231033147290201,0.6420591699382633
fm,high,epi_bald,3,750,0.004078823236552575,100.0,0.06816959962407938,100.0,0.04123246926827431,0.005374627601380427,0.005083799077440704,0.039632526404638914,0.02908285239397229,0.039916453364807127,0.047536191757080876,0.047137027223432805,0.04713702722343282,0.9352798328344722,0.9475725231076222,0.9769488526194914,-0.032198377289584156,0.012588299896234612,0.00015411235541506495,0.013278292953822404,1.734723475976807e-17,0.7553373185311698,0.6719283779008128,0.5027411167512691,0.18410758257327325,0.316951681451914,0.11671989161887486,0.0,100,106242,0.9832329782306624,0.9442145340175467,0.5903671912255604,0.6132070021376163,0.5215324129103045,0.4377652050919378,0.0028562912764522196,0.0026349791470930014,0.0029300456146280217,0.012588299896234428,0.10160765045838746,0.05686075186837597,0.01973795674027221,0.16292050224958116,0.10294422168257375,0.026618474802808684,/common/users/shared/pracsys/adaptive_roa_experiments/gaussian_torque/cp_high_v2_epi_bald,0.9350405894709567,0.7329424310836323
fm,high,epi_bald,4,900,0.0024510544748268057,100.0,0.04606113430521224,100.0,0.03449323243161838,0.002826307441601228,0.0025003961287779594,0.04108309274925533,0.03259113128232686,0.039916453364807127,0.047536191757080876,0.047137027223432805,0.04713702722343282,0.9474313360064758,0.9578321191242635,0.9786713352534779,-0.02218247020952166,0.00855433060295544,0.00011229117139198128,0.009279406449426781,1.0408340855860843e-17,0.8119971723836134,0.7545743398707132,0.5788104089219331,0.16199911725445312,0.316951681451914,0.11671989161887486,0.0,100,106242,0.9728181964833038,0.94123274566079,0.6101097178683386,0.6968051302790456,0.62969735759349,0.5505657708628006,0.0015192158775386214,0.0013962291920161676,0.0021754173497213875,0.008554330602955558,0.11669584533423694,0.06887106793923307,0.0240206321417142,0.16292050224958116,0.10294422168257375,0.026618474802808684,/common/users/shared/pracsys/adaptive_roa_experiments/gaussian_torque/cp_high_v2_epi_bald,0.9470453167164925,0.8185220598998042
fm,high,epi_bald,5,1050,0.0014854754903393802,100.0,0.031549438461858835,100.0,0.027732535155588187,0.0016569503746223751,0.0013199816588317244,0.042988981818456125,0.03369687157906507,0.039916453364807127,0.047536191757080876,0.047137027223432805,0.04713702722343282,0.9602887746842115,0.967602266523597,0.9787089851471169,-0.014766476534703789,0.005468027063808394,8.219840295424168e-05,0.006204160313247114,-8.673617379884035e-18,0.8634848729978969,0.8248167752442996,0.6219919786096259,0.1474874214110748,0.316951681451914,0.11671989161887486,0.0,97,106242,0.9813915857605178,0.9302031913672368,0.5896704689480355,0.7708706453290196,0.7408795830666545,0.6580622347949081,0.000745979252261898,0.000734994378186332,0.0012763891830273005,0.005468027063808425,0.12797198847913255,0.08199205587244215,0.02970576608121082,0.16292050224958116,0.10294422168257375,0.026618474802808684,/common/users/shared/pracsys/adaptive_roa_experiments/gaussian_torque/cp_high_v2_epi_bald,0.9556241536538197,0.8839972016502109
fm,high,epi_bald,6,1200,0.0009653437750096739,100.0,0.024291176636008965,100.0,0.02588580787259276,0.001777080542941427,0.0014378693576524194,0.04394427510493937,0.03392111852890077,0.039916453364807127,0.047536191757080876,0.047137027223432805,0.04713702722343282,0.9629901545528133,0.9686282261252612,0.978906647088722,-0.013312249392895463,0.004630621476145845,7.220700678131844e-05,0.005368997195082924,-1.214306433183765e-17,0.8731203614069054,0.8302693894179355,0.6408078217663087,0.14022915958522492,0.316951681451914,0.11671989161887486,0.0,99,106242,0.9888897010452452,0.9370114942528736,0.5860451480504251,0.7816165000866602,0.7453597878760172,0.7068599717114569,0.0003737882376877155,0.0003450289495356399,0.0007310547886564798,0.0046306214761457146,0.12877204871896236,0.08188851866493477,0.03210594680070029,0.16292050224958116,0.10294422168257375,0.026618474802808684,/common/users/shared/pracsys/adaptive_roa_experiments/gaussian_torque/cp_high_v2_epi_bald,0.9611769073104328,0.9017625474301472
fm,high,epi_bald,7,1350,0.0006994382420493592,100.0,0.02073239907082304,100.0,0.02589258485344779,0.001189797706183095,0.0008314915026405444,0.04376813851919289,0.03583062035425508,0.039916453364807127,0.047536191757080876,0.047137027223432805,0.04713702722343282,0.963441953276482,0.970143634344233,0.9783983735245948,-0.009975151070198227,0.004200380206880461,6.149031395827758e-05,0.004957850944071082,-2.6020852139652106e-18,0.8771508097165992,0.8407150748217335,0.6384118481172206,0.1366703820200767,0.316951681451914,0.11671989161887486,0.0,98,106242,0.9691759278674774,0.932494151721065,0.5757317419721512,0.8010861401582992,0.7653835603913322,0.7164073550212164,0.0001472012230165552,0.00014765603741714913,0.0005558556123866655,0.00420038020688037,0.13466425707347376,0.08449577379943901,0.03312249392895465,0.16292050224958116,0.10294422168257375,0.026618474802808684,/common/users/shared/pracsys/adaptive_roa_experiments/gaussian_torque/cp_high_v2_epi_bald,0.9633322844640675,0.9108900061310535
fm,high,epi_bald,8,1500,0.0005222490036452517,100.0,0.01811016143141448,100.0,0.0256977466538657,0.0005243393878245914,0.00011983355123539789,0.04395147446299059,0.04045058365891934,0.039916453364807127,0.047536191757080876,0.047137027223432805,0.04713702722343282,0.9707083827488188,0.9718567045048098,0.9784548483650534,-0.001819619359575309,0.003305386311677608,4.94561635035413e-05,0.004109056681914873,-5.204170427930421e-18,0.9043756145526056,0.8556253017865766,0.6474665023871862,0.1340481443809606,0.316951681451914,0.11671989161887486,0.0,99,106242,0.9659337052838858,0.906579351273918,0.5735334242837653,0.8501935409324629,0.8100941757337479,0.7432814710042432,5.6901073419497684e-05,6.295138276840415e-05,0.0005863232888928349,0.00330538631167744,0.14339903239773347,0.09198810263361006,0.034496715046779994,0.16292050224958116,0.10294422168257375,0.026618474802808684,/common/users/shared/pracsys/adaptive_roa_experiments/gaussian_torque/cp_high_v2_epi_bald,0.9649113538421044,0.9298770731550412
fm,high,epi_bald,9,1650,0.000889014573267603,100.0,0.025354964938211554,100.0,0.02859076448109034,0.002231270061104417,0.0018851462222375954,0.043725180987628634,0.03461238388668219,0.039916453364807127,0.047536191757080876,0.047137027223432805,0.04713702722343282,0.9556390128197888,0.9648349993411268,0.9816739142711922,-0.018673970746032643,0.005296992458041761,7.018554470464386e-05,0.0060422808305566535,-8.673617379884035e-18,0.8444400435686701,0.8001497806782926,0.6299182664892605,0.14129294788746408,0.316951681451914,0.11671989161887486,0.0,98,106242,0.9849091469048352,0.9641614026040995,0.6810521989313605,0.7390374949448264,0.6838255463106885,0.5859264497878359,0.00018098059041162228,0.00019865072669048408,0.0007286291153528507,0.005296992458041822,0.12224920464599688,0.07301255623952863,0.022900547805952447,0.16292050224958116,0.10294422168257375,0.026618474802808684,/common/users/shared/pracsys/adaptive_roa_experiments/gaussian_torque/cp_high_v2_epi_bald,0.9627048121810077,0.8876256571519955
fm,high,epi_bald,10,1800,0.0005320308947481671,100.0,0.017080856687880955,100.0,0.02341588072513695,0.0006545993406842487,0.0002870784682867738,0.04424943551334462,0.03675208723974749,0.039916453364807127,0.047536191757080876,0.047137027223432805,0.04713702722343282,0.9698800850887597,0.9740121609156455,0.9774571261836186,-0.0030318518100186367,0.0031746701783749278,4.6801531371254135e-05,0.003941355584420474,-3.122502256758253e-17,0.9016292652935752,0.8681533833150279,0.6585887384176764,0.13301883963714622,0.316951681451914,0.11671989161887486,0.0,99,106242,0.9634715196110637,0.9086365453818472,0.5517076665870552,0.8472470968860131,0.8311237085123891,0.8168316831683168,0.00012237771379378028,0.0001011413051849039,0.0004985972628370901,0.0031746701783748016,0.1432672577699968,0.09416238399126522,0.039410026166676076,0.16292050224958116,0.10294422168257375,0.026618474802808684,/common/users/shared/pracsys/adaptive_roa_experiments/gaussian_torque/cp_high_v2_epi_bald,0.9651030949881415,0.9326501825554936
fm,high,epi_bald,11,1950,0.0003763008664047097,100.0,0.013689188440001531,100.0,0.020974379247378622,0.0007486246369725083,0.0003844680202604052,0.045080503598737005,0.03641566167121032,0.039916453364807127,0.047536191757080876,0.047137027223432805,0.04713702722343282,0.9740215733890552,0.9759887803316956,0.9792360836580637,-0.004345550723819205,0.0024409916449561787,3.867494226199359e-05,0.003204312795316353,-2.2985086056692694e-17,0.9149198520345252,0.877620532501799,0.6754927919976463,0.12962717138923996,0.316951681451914,0.11671989161887486,0.0,99,106242,0.980767959817593,0.923193379087606,0.5783375314861461,0.8573574441042232,0.8363353753314438,0.8118811881188119,3.661253696549478e-05,5.815957812343401e-05,0.00030248366907894723,0.002440991644956197,0.14242013516311816,0.09325878654392801,0.03736751943675759,0.16292050224958116,0.10294422168257375,0.026618474802808684,/common/users/shared/pracsys/adaptive_roa_experiments/gaussian_torque/cp_high_v2_epi_bald,0.966741896943038,0.9482149853577803
fm,high,yield_a1,0,300,0.017876989984332937,100.0,0.23949960093200368,100.0,0.07610022401686715,0.017420554678258322,0.017282199438581572,0.02820860728133217,0.013835523967675093,0.039916453364807127,0.047536191757080876,0.047137027223432805,0.04713702722343282,0.8683665593644698,0.9072871369138382,0.9749722332034412,-0.07463771389845823,0.036210619380682076,0.00032143580716552627,0.0367481391540069,-1.3183898417423734e-16,0.3230553269761363,0.1814857902609274,0.12215252558600197,0.3554375838811597,0.316951681451914,0.11671989161887486,0.0,92,106242,0.9961194029850746,0.9954421148587056,0.9203980099502488,0.19278987809809925,0.09984456432294048,0.06541725601131541,0.016522731194480455,0.01606225086656527,0.01632842769887718,0.03621061938068189,0.031531785922704766,0.010325483330509592,0.0018919071553622862,0.16292050224958116,0.10294422168257375,0.026618474802808684,/common/users/shared/pracsys/adaptive_roa_experiments/gaussian_torque/cp_high_v2_yield_a1,0.825768078409672,0.23180095322852678
fm,high,yield_a1,1,450,0.008223907355887808,100.0,0.12351462913993543,100.0,0.05311439920182226,0.00863618542203627,0.008400939797362734,0.034884696224315906,0.023524562467353464,0.039916453364807127,0.047536191757080876,0.047137027223432805,0.04713702722343282,0.9124734097626174,0.9351857081003746,0.9749157583629826,-0.04458952203460025,0.0206532707964797,0.0002301648287089073,0.021287680954801297,5.551115123125783e-17,0.6376777712838496,0.5585331452750354,0.4301902929228138,0.23945261208912422,0.316951681451914,0.11671989161887486,0.0,101,106242,0.9792963140258497,0.9345633984123579,0.5440778799351,0.472759835923508,0.3982810642772241,0.35572842998585574,0.006575919674889038,0.0063788807675406204,0.006409880863842313,0.02065327079647959,0.07865062781197643,0.04387153856290356,0.01740366333465108,0.16292050224958116,0.10294422168257375,0.026618474802808684,/common/users/shared/pracsys/adaptive_roa_experiments/gaussian_torque/cp_high_v2_yield_a1,0.9008981783846733,0.5618461321588706
fm,high,yield_a1,2,600,0.004433474347509276,100.0,0.07846720606602642,100.0,0.04598605071440673,0.005894764767462896,0.00560330498981404,0.037273577145390535,0.02914597776488554,0.039916453364807127,0.047536191757080876,0.047137027223432805,0.04713702722343282,0.926723894504998,0.942583912200448,0.9762523295871689,-0.03368281847103782,0.015466755067856327,0.00018831969572884096,0.016157379379153253,1.734723475976807e-17,0.7201552895503074,0.6343364105023378,0.47404627892432766,0.194405189015259,0.316951681451914,0.11671989161887486,0.0,100,106242,0.953092293054234,0.9209747606614447,0.5774504824784155,0.5787162747703507,0.4837706866599616,0.402050919377652,0.002718159998973208,0.002561968777589723,0.003258351451070903,0.015466755067856115,0.09892509553660511,0.054074659739086234,0.018533160143822593,0.16292050224958116,0.10294422168257375,0.026618474802808684,/common/users/shared/pracsys/adaptive_roa_experiments/gaussian_torque/cp_high_v2_yield_a1,0.9317860302436474,0.6718767393933686
fm,high,yield_a1,3,750,0.00559011978085141,100.0,0.09225613553738479,100.0,0.04839997364507445,0.0070559868457210784,0.006784218780094652,0.03683569152612797,0.027176806562642677,0.039916453364807127,0.047536191757080876,0.047137027223432805,0.04713702722343282,0.9210669979857307,0.9395060333954557,0.9767700156247059,-0.03784407296549388,0.017085554477399508,0.000199439436727678,0.01775648707667401,2.7755575615628914e-17,0.6906220025086697,0.6078945762918675,0.46603202077022937,0.20819411848659186,0.316951681451914,0.11671989161887486,0.0,100,106242,0.9553945085230172,0.9134580124679135,0.6003344481605352,0.5407591426425559,0.45551796653561305,0.38083451202263086,0.003920308073915306,0.0036050990125649587,0.0036001343172649162,0.017085554477399227,0.09221400199544437,0.051335629976845314,0.016885977297114135,0.16292050224958116,0.10294422168257375,0.026618474802808684,/common/users/shared/pracsys/adaptive_roa_experiments/gaussian_torque/cp_high_v2_yield_a1,0.9242191145769765,0.6375343231465833
fm,high,yield_a1,4,900,0.003769155469236959,100.0,0.0593954857492919,100.0,0.036831573200805705,0.0037106181790235618,0.0034080790169542705,0.039667654799717705,0.030253916206929143,0.039916453364807127,0.047536191757080876,0.047137027223432805,0.04713702722343282,0.9436192842755219,0.9553284011972666,0.9761393799062518,-0.022805481824513845,0.01087745144066938,0.0001555288950072732,0.011579155136386738,8.673617379884035e-18,0.7951436388508891,0.7444264943457188,0.5712836123795029,0.1753334686985067,0.316951681451914,0.11671989161887486,0.0,100,106242,0.974352527030425,0.9055417267129569,0.5474878444084279,0.6716159223525333,0.6319831763737771,0.5972418670438473,0.0025261794850951935,0.0024889089688321674,0.0029215271998997592,0.010877451440669194,0.11230022025187779,0.07184540953671806,0.029037480469117676,0.16292050224958116,0.10294422168257375,0.026618474802808684,/common/users/shared/pracsys/adaptive_roa_experiments/gaussian_torque/cp_high_v2_yield_a1,0.9387445198363081,0.7692376443446572
fm,high,yield_a1,5,1050,0.002498592581011137,100.0,0.04208935854241239,100.0,0.03242342952881158,0.00159543648286092,0.0012575100431470518,0.04072161430948114,0.03379264397138685,0.039916453364807127,0.047536191757080876,0.047137027223432805,0.04713702722343282,0.9549707272076956,0.9629713296059939,0.9737674366069916,-0.011062385873759906,0.007672922957098706,0.00011594565399630137,0.008410013930460645,-1.5612511283791264e-17,0.8456375838926175,0.802232053086668,0.5866824855405607,0.1580273414916828,0.316951681451914,0.11671989161887486,0.0,100,106242,0.9576847182635387,0.8910106085985483,0.5052362707535122,0.7570627996995782,0.7295419219164304,0.6994342291371994,0.00156342473157382,0.0014978002384112956,0.0024216525801107453,0.007672922957098753,0.1287908736657819,0.08428869938442424,0.03684983339922065,0.16292050224958116,0.10294422168257375,0.026618474802808684,/common/users/shared/pracsys/adaptive_roa_experiments/gaussian_torque/cp_high_v2_yield_a1,0.9478052674700146,0.8372208981120401
fm,high,yield_a1,6,1200,0.001123157206851224,100.0,0.029243801714682348,100.0,0.03333380395700382,0.001531360575451906,0.0011357950388715165,0.04184975805155161,0.039556553658038944,0.039916453364807127,0.047536191757080876,0.047137027223432805,0.04713702722343282,0.9642984883567703,0.9648632367613561,0.9639125769469701,0.012524895992168822,0.006423064210752694,8.855283703591774e-05,0.007217794280981156,-1.214306433183765e-17,0.8898248467772387,0.836020206457281,0.5553235908141962,0.1451817846640684,0.316951681451914,0.11671989161887486,0.0,100,106242,0.894789110877439,0.8045316198850186,0.41318605453917845,0.8849153619504304,0.8700740605284814,0.8465346534653465,0.00029638946764458553,0.0002880483074756504,0.001447198245485122,0.006423064210752619,0.1611227198283165,0.11133073549067224,0.054535870936164604,0.16292050224958116,0.10294422168257375,0.026618474802808684,/common/users/shared/pracsys/adaptive_roa_experiments/gaussian_torque/cp_high_v2_yield_a1,0.9588030693130035,0.8637363323676116
fm,high,yield_a1,7,1350,0.0010074019065960537,100.0,0.027344142705331895,100.0,0.032145196814819,0.001264144209120711,0.0008573761938842934,0.04232922943582752,0.040676801523641753,0.039916453364807127,0.047536191757080876,0.047137027223432805,0.04713702722343282,0.9654562225861711,0.9679411155663485,0.9652303232243369,0.01262975094595358,0.005665173981489563,7.849734938740116e-05,0.006471106530374051,-1.0408340855860843e-17,0.8941081424202204,0.8497308744374835,0.5597139451728248,0.14328212565474144,0.316951681451914,0.11671989161887486,0.0,101,106242,0.8930774108017753,0.8210418620513258,0.42215030564545125,0.8951412559939915,0.8804973941665905,0.8302687411598303,0.00021174614990794558,0.0002719425196411685,0.0014801327627879301,0.005665173981489552,0.16329700118597165,0.11039890062310574,0.05235217710509968,0.16292050224958116,0.10294422168257375,0.026618474802808684,/common/users/shared/pracsys/adaptive_roa_experiments/gaussian_torque/cp_high_v2_yield_a1,0.9598630129223767,0.8798147801167808
fm,high,yield_a1,8,1500,0.003372476326009175,100.0,0.0813584658278118,100.0,0.08024095931928993,0.006734925788478891,0.005964479148551255,0.03421800295810847,0.0770446639927636,0.039916453364807127,0.047536191757080876,0.047137027223432805,0.04713702722343282,0.8982417499670563,0.9505939270721561,0.9683835018166074,0.054746333841606896,0.018883503413875583,0.0001576208672788431,0.02005311458745129,-3.469446951953614e-18,0.7385805827590377,0.769081870573226,0.5292221443587947,0.19729644877875424,0.316951681451914,0.11671989161887486,0.0,100,106242,0.6351160276137403,0.7411395624894014,0.4383561643835616,0.8823155583800335,0.7992136783395812,0.6676096181046676,0.00019870216114745265,0.0005390763112003364,0.006614217117642895,0.018883503413875295,0.2263323356111519,0.11101071139474031,0.04053952297584759,0.16292050224958116,0.10294422168257375,0.026618474802808684,/common/users/shared/pracsys/adaptive_roa_experiments/gaussian_torque/cp_high_v2_yield_a1,0.9357572471957547,0.5993912954169458
fm,high,yield_a1,9,1650,0.0028642165032406334,100.0,0.06901605842165294,100.0,0.0664629807420794,0.0035360419703061845,0.0028599188673236473,0.03429132598845142,0.06761231029825371,0.039916453364807127,0.047536191757080876,0.047137027223432805,0.04713702722343282,0.9061294026844374,0.9592816400293669,0.9759793678582858,0.03452382297020011,0.01570562010230503,0.00014788380988874796,0.01678090773893564,0.0,0.7437103281679643,0.7965575620767493,0.5795716639209225,0.18495404137217913,0.316951681451914,0.11671989161887486,0.0,99,106242,0.6697833734493612,0.8200832768470998,0.5425663170882171,0.8359812814142932,0.7743439700100576,0.621994342291372,0.000287129376498288,0.0005133472105517059,0.005551313212126528,0.01570562010230508,0.2033470755445116,0.09720261290261856,0.030515238794450405,0.16292050224958116,0.10294422168257375,0.026618474802808684,/common/users/shared/pracsys/adaptive_roa_experiments/gaussian_torque/cp_high_v2_yield_a1,0.9343974648522496,0.6668092786619892
fm,high,yield_a1,10,1800,0.0008995386757334428,100.0,0.024510931166511925,100.0,0.0291236987255511,0.0011395594116937644,0.0007513303657135464,0.0429156939409363,0.03882290459802179,0.039916453364807127,0.047536191757080876,0.047137027223432805,0.04713702722343282,0.9695788859396473,0.9700306846633159,0.966773968863538,0.010054404096308428,0.0049726636482100425,7.749353441589554e-05,0.005760057227838331,-1.3010426069826053e-17,0.9053919559744745,0.8586271201491875,0.5792610250297974,0.1404489141158621,0.316951681451914,0.11671989161887486,0.0,100,106242,0.9176407761229455,0.8346137246439361,0.4368932038834951,0.8934658270264024,0.8840632714638383,0.8592644978783592,0.000215948367861399,0.0002493069472230241,0.0011735541879010294,0.004972663648209909,0.15862841437472938,0.10904350445209993,0.05235217710509968,0.16292050224958116,0.10294422168257375,0.026618474802808684,/common/users/shared/pracsys/adaptive_roa_experiments/gaussian_torque/cp_high_v2_yield_a1,0.9607554874801614,0.894506210062012
fm,high,yield_a1,11,1950,0.0006810979687719268,100.0,0.020751470213956645,100.0,0.02698753788520547,0.001229551953646339,0.000865753438763507,0.04382314003233257,0.03637985148828318,0.039916453364807127,0.047536191757080876,0.047137027223432805,0.04713702722343282,0.9733627002503717,0.9709436945840628,0.9657385967884641,0.0073561303439317795,0.0041796406298637056,6.131647728145007e-05,0.004942603678394609,-3.382710778154774e-17,0.9153809352948211,0.8625740105952011,0.5790934320074006,0.13668945316324443,0.316951681451914,0.11671989161887486,0.0,100,106242,0.9486829872947009,0.840534443866042,0.4302405498281787,0.8843376278236755,0.8858004937368565,0.8854314002828855,0.00012875709896746138,0.00014364004876231683,0.0006712820845583238,0.0041796406298635885,0.15187025846651983,0.10848816852092392,0.05478059524481843,0.16292050224958116,0.10294422168257375,0.026618474802808684,/common/users/shared/pracsys/adaptive_roa_experiments/gaussian_torque/cp_high_v2_yield_a1,0.9632263376901465,0.9113299909633267
fm,high,yield_mlp,0,300,0.017876989984332937,100.0,0.23949960093200368,100.0,0.07610022401686715,0.017420554678258322,0.017282199438581572,0.02820860728133217,0.013835523967675093,0.039916453364807127,0.047536191757080876,0.047137027223432805,0.04713702722343282,0.8683665593644698,0.9072871369138382,0.9749722332034412,-0.07463771389845823,0.036210619380682076,0.00032143580716552627,0.0367481391540069,-1.3183898417423734e-16,0.3230553269761363,0.1814857902609274,0.12215252558600197,0.3554375838811597,0.316951681451914,0.11671989161887486,0.0,92,106242,0.9961194029850746,0.9954421148587056,0.9203980099502488,0.19278987809809925,0.09984456432294048,0.06541725601131541,0.016522731194480455,0.01606225086656527,0.01632842769887718,0.03621061938068189,0.031531785922704766,0.010325483330509592,0.0018919071553622862,0.16292050224958116,0.10294422168257375,0.026618474802808684,/common/users/shared/pracsys/adaptive_roa_experiments/gaussian_torque/cp_high_v2_yield_mlp,0.825768078409672,0.23180095322852678
fm,high,yield_mlp,1,450,0.0067952012895331395,100.0,0.11209666442490207,100.0,0.05199563261233787,0.00938140710648441,0.0091459419715219,0.03684265298528744,0.02354651349625089,0.039916453364807127,0.047536191757080876,0.047137027223432805,0.04713702722343282,0.9157395380358051,0.9359857683402044,0.9750851828843583,-0.044031174111933136,0.019440316209667314,0.00021818925168875836,0.020074945878277888,4.163336342344337e-17,0.6539353641564868,0.5653479900300378,0.4393137047235755,0.22803464737407625,0.316951681451914,0.11671989161887486,0.0,101,106242,0.9881995560228999,0.9390658174097665,0.5478077126254622,0.48864752440926684,0.40440705860839354,0.36669024045261667,0.005007494113805003,0.004884499443713267,0.005018139129488177,0.019440316209666946,0.08056135991415825,0.04433274975998193,0.017817812164680636,0.16292050224958116,0.10294422168257375,0.026618474802808684,/common/users/shared/pracsys/adaptive_roa_experiments/gaussian_torque/cp_high_v2_yield_mlp,0.9128185157258274,0.587578654090364
fm,high,yield_mlp,2,600,0.004396771812440745,100.0,0.07829723820449702,100.0,0.04715263266881272,0.004024637785702894,0.003720229810314516,0.035607303630244495,0.030440797538837862,0.039916453364807127,0.047536191757080876,0.047137027223432805,0.04713702722343282,0.9241731142109524,0.946348901564353,0.9750851828843583,-0.027898100562865912,0.015249953403502848,0.0001850140744447368,0.015953525912539297,2.0816681711721685e-17,0.7135949943117179,0.6718102257024412,0.5172350902790444,0.19423522115382422,0.316951681451914,0.11671989161887486,0.0,100,106242,0.9276273223033552,0.9071684030477375,0.5340866290018832,0.5798139696111849,0.5334186705677973,0.5014144271570015,0.0024185000268580627,0.0024367353434953903,0.004807983284857067,0.015249953403502584,0.10183354982022176,0.060531616498183394,0.02499011690291975,0.16292050224958116,0.10294422168257375,0.026618474802808684,/common/users/shared/pracsys/adaptive_roa_experiments/gaussian_torque/cp_high_v2_yield_mlp,0.9296048580258878,0.6764761313602363
fm,high,yield_mlp,3,750,0.004105298499920525,100.0,0.07186461933736665,100.0,0.04257534684964515,0.005725273021479602,0.005441291216266081,0.03895409198813864,0.02839818052135215,0.039916453364807127,0.047536191757080876,0.047137027223432805,0.04713702722343282,0.9297264735227123,0.9487114323902035,0.9763276293744471,-0.032776209032209486,0.013624226451560275,0.00017338369052955697,0.014307372790421866,2.7755575615628914e-17,0.7299819168173598,0.6815870975281949,0.49870440502292207,0.18780260228658405,0.316951681451914,0.11671989161887486,0.0,99,106242,0.9759210908035973,0.944300518134715,0.5714938328003655,0.5830492807210121,0.5332358050653744,0.44236209335219234,0.0025550721103452948,0.002537450710489627,0.003075127275769643,0.013624226451560067,0.09733438753035523,0.058131435778693924,0.020603904293970368,0.16292050224958116,0.10294422168257375,0.026618474802808684,/common/users/shared/pracsys/adaptive_roa_experiments/gaussian_torque/cp_high_v2_yield_mlp,0.935705624948625,0.7109655136506491
fm,high,yield_mlp,4,900,0.0033891919350527685,100.0,0.06110034736968764,100.0,0.03876508348863914,0.0037717240065492036,0.0034623990976647987,0.03941067361833915,0.030932490888440516,0.039916453364807127,0.047536191757080876,0.047137027223432805,0.04713702722343282,0.9403531560023343,0.9525046591743378,0.9787748724609853,-0.028631238116752323,0.011188752702758462,0.00015077609433864812,0.011897242145290938,1.0408340855860843e-17,0.7795289287826601,0.7096996893337936,0.548367714800721,0.17703833031893923,0.316951681451914,0.11671989161887486,0.0,100,106242,0.9797970963792199,0.9570209464701319,0.6323325635103926,0.647235542203478,0.563957209472433,0.48408769448373407,0.0020206488623825867,0.001963491392530759,0.003520192750385456,0.011188752702758112,0.10762222096722576,0.06066339112592007,0.020378004932136068,0.16292050224958116,0.10294422168257375,0.026618474802808684,/common/users/shared/pracsys/adaptive_roa_experiments/gaussian_torque/cp_high_v2_yield_mlp,0.9408033917944877,0.7626334675344928
fm,high,yield_mlp,5,1050,0.002657463436009179,100.0,0.046991565313419824,100.0,0.03411268613166168,0.002701316408072656,0.0023719473803583413,0.04057765424674086,0.032936902771431485,0.039916453364807127,0.047536191757080876,0.047137027223432805,0.04713702722343282,0.9478548973099151,0.9578791814913122,0.9791701963441953,-0.023139812880028615,0.008931320357050295,0.00013440288697458698,0.009659853918412682,1.3877787807814457e-17,0.8123433371722784,0.7528307097486882,0.5754843660080567,0.16292954826267447,0.316951681451914,0.11671989161887486,0.0,99,106242,0.9818226479980349,0.9507533482142857,0.6289308176100629,0.6927609913917615,0.6231141995062631,0.5304101838755304,0.0014350289092629903,0.0014359365192369098,0.002785873441333737,0.00893132035705029,0.11495453775343084,0.06746860940117844,0.022448749082283843,0.16292050224958116,0.10294422168257375,0.026618474802808684,/common/users/shared/pracsys/adaptive_roa_experiments/gaussian_torque/cp_high_v2_yield_mlp,0.9481084577663346,0.8105243184998662
fm,high,yield_mlp,6,1200,0.002183958806059789,100.0,0.039186022729435346,100.0,0.03215244441934452,0.0026147860898302266,0.0022778479503168343,0.04162770644765281,0.03369381395133923,0.039916453364807127,0.047536191757080876,0.047137027223432805,0.04713702722343282,0.9512904501044784,0.9589522034600252,0.9795090453869468,-0.021820560606916287,0.007787168726096833,0.0001216811157695853,0.008523271399258299,6.938893903907228e-18,0.8272869872843173,0.7598436037226719,0.5776915615906887,0.15512400567867687,0.316951681451914,0.11671989161887486,0.0,99,106242,0.9794531373478742,0.9552755469399058,0.6398796733992265,0.7160436766999827,0.6307945506080278,0.5265205091937766,0.0013292984435155813,0.0011050700145408367,0.0020368317858680965,0.007787168726096901,0.11910543852713616,0.06797688296530563,0.021902825624517612,0.16292050224958116,0.10294422168257375,0.026618474802808684,/common/users/shared/pracsys/adaptive_roa_experiments/gaussian_torque/cp_high_v2_yield_mlp,0.9529374872061858,0.8347972032859623
fm,high,yield_mlp,7,1350,0.0012936914575084608,100.0,0.02850864066981316,100.0,0.029725344025903128,0.0013597006789888607,0.000984969443134905,0.04225406340423674,0.037473123585395576,0.039916453364807127,0.047536191757080876,0.047137027223432805,0.04713702722343282,0.9594510645507427,0.9621806818395738,0.9788125223546243,-0.01395681557199601,0.005867933262330959,9.165261663828931e-05,0.006641829031832985,-1.1275702593849246e-17,0.8621175265651005,0.786208364371608,0.5839955645906487,0.14444662361913072,0.316951681451914,0.11671989161887486,0.0,99,106242,0.9664872622891999,0.9403080056001019,0.6116918312040264,0.7780923219134555,0.6755051659504434,0.5586987270155587,0.0005125850247973637,0.0004932630459258343,0.0014848189402793686,0.0058679332623309596,0.13116281696504206,0.07395380358050488,0.02431241881741684,0.16292050224958116,0.10294422168257375,0.026618474802808684,/common/users/shared/pracsys/adaptive_roa_experiments/gaussian_torque/cp_high_v2_yield_mlp,0.9577501647683612,0.8755132937315596
fm,high,yield_mlp,8,1500,0.0039762699344436615,100.0,0.07281033602895855,100.0,0.06511614992187649,0.0008496680874576956,0.0002565365594557774,0.03246294706051718,0.05931315280019183,0.039916453364807127,0.047536191757080876,0.047137027223432805,0.04713702722343282,0.9112027258522994,0.9547636527926808,0.9776077257581748,0.011795241053444027,0.014930616722371394,0.00014026619948385763,0.015922912784021387,-6.938893903907228e-18,0.7233268813420141,0.7420012883830792,0.5465980560320183,0.18874831897937025,0.316951681451914,0.11671989161887486,0.0,100,106242,0.734528560366907,0.8985827590690417,0.5928069450186028,0.7124617251141024,0.6318917436225656,0.5070721357850071,0.0013013375317483743,0.001465156031237237,0.007250673333327422,0.014930616722369647,0.15802601607650457,0.07239133299448429,0.02276877317821577,0.16292050224958116,0.10294422168257375,0.026618474802808684,/common/users/shared/pracsys/adaptive_roa_experiments/gaussian_torque/cp_high_v2_yield_mlp,0.9199039408671024,0.6832507775342043
fm,high,yield_mlp,9,1650,0.0015464899320161108,100.0,0.029382745194344573,100.0,0.028200899832457972,0.0007547013111503216,0.00037988479258274416,0.04201434518697895,0.037481651856757746,0.039916453364807127,0.047536191757080876,0.047137027223432805,0.04713702722343282,0.9618230078500029,0.9682611396622804,0.977955987274336,-0.007573276105495002,0.005502566829036588,0.00010059036787624323,0.0062765478812522365,-1.5612511283791264e-17,0.872892510184895,0.8308587479935794,0.6286076752299397,0.14532072814369168,0.316951681451914,0.11671989161887486,0.0,100,106242,0.953838778165879,0.9203244804978331,0.569867740080506,0.8046103183315039,0.75724604553351,0.7008486562942009,0.0008060557573475809,0.0007998700888518437,0.0020712391819458433,0.005502566829036594,0.137431524255944,0.0847028482144538,0.032736582519154386,0.16292050224958116,0.10294422168257375,0.026618474802808684,/common/users/shared/pracsys/adaptive_roa_experiments/gaussian_torque/cp_high_v2_yield_mlp,0.9563641632868356,0.8832644493477699
fm,high,yield_mlp,10,1800,0.0008311157452482958,100.0,0.020248387571778263,100.0,0.02417170233994089,0.000620955204982543,0.00024380202562966857,0.04365782936638561,0.037715317935287436,0.039916453364807127,0.047536191757080876,0.047137027223432805,0.04713702722343282,0.9701718717644623,0.9719602417123172,0.9780501120084336,-0.004823986747237439,0.0037229998826768464,6.734319484529079e-05,0.004499317595677793,-1.5612511283791264e-17,0.9022908765763267,0.8545765194044422,0.6435340874350353,0.13618637052107524,0.316951681451914,0.11671989161887486,0.0,99,106242,0.9674689235651944,0.9167364893171345,0.56677436725902,0.845340574267722,0.800310871354119,0.7443422913719944,0.000302626243611702,0.0002979932036237432,0.0009679479692327261,0.0037229998826767683,0.14235424784924983,0.08987029611641346,0.034957926243858364,0.16292050224958116,0.10294422168257375,0.026618474802808684,/common/users/shared/pracsys/adaptive_roa_experiments/gaussian_torque/cp_high_v2_yield_mlp,0.9622451466963258,0.9210175078494117
fm,high,yield_mlp,11,1950,0.0006651227928592049,100.0,0.018766084165846082,100.0,0.02448090209145159,0.0006196034319061661,0.00023786739531046958,0.04377042029017112,0.03817360365956966,0.039916453364807127,0.047536191757080876,0.047137027223432805,0.04713702722343282,0.9697577229344327,0.9719508292389074,0.978153649215941,-0.004755934564484855,0.0036044743285721425,5.975329676347852e-05,0.0043853748988159115,-1.0408340855860843e-17,0.9007874015748031,0.85433571219083,0.6392041038395772,0.1347040671151644,0.316951681451914,0.11671989161887486,0.0,99,106242,0.9674980100822499,0.9178657704022687,0.5703190013869626,0.8426829972846496,0.7990308128371583,0.727015558698727,0.00013672419997423505,0.00017588204858775777,0.0007827782733564437,0.003604474328572072,0.14190244912558123,0.08961615933434988,0.033931966642194236,0.16292050224958116,0.10294422168257375,0.026618474802808684,/common/users/shared/pracsys/adaptive_roa_experiments/gaussian_torque/cp_high_v2_yield_mlp,0.9637949756102645,0.9235319972240362
fm,high,partx,0,300,0.012595103043613933,1.0,0.1711500885099369,100.0,0.11423746233778008,0.026405517388334264,0.026405517388334264,0.021226618310952454,0.059287036844500436,0.039916453364807127,0.047536191757080876,0.047137027223432805,0.04713702722343282,0.8697596054291147,0.878230831497901,0.9052069802902807,0.07548301870651139,0.052245311198237984,0.000425466527018025,0.052644475731886034,-7.06151025766516e-05,0.672163385220461,0.5377496694894058,0.22904386434968993,0.2870880714608493,0.316951681451914,0.11671989161887486,0.0,20,106242,0.569724475861515,0.4413489736070381,0.14616511968734733,0.8195158588017795,0.6880314528664168,0.5289957567185289,0.0015504889109354497,0.00232551528772684,0.03049994708970026,0.052245311198239316,0.23435176295626964,0.16048267163645263,0.0963366653489204,0.16292050224958116,0.10294422168257375,0.026618474802808684,/common/users/shared/pracsys/adaptive_roa_experiments/gaussian_torque/cp_high_v2_partx,0.9015845426278707,-0.10837094054725904
fm,high,partx,1,450,0.010608599479190203,1.0,0.13527899835812618,100.0,0.11056158173025502,0.015331769671758968,0.015331769671758968,0.02781707174434573,0.07762154906540045,0.039916453364807127,0.047536191757080876,0.047137027223432805,0.04713702722343282,0.8972157903653922,0.9166337230097324,0.9295946988949756,0.07979486059929215,0.03443633758633497,0.00027939273831684196,0.034835502119983035,-0.00021538756451108115,0.7304768486523843,0.6482944843743796,0.29112964366944655,0.25121698130975195,0.316951681451914,0.11671989161887486,0.0,20,106242,0.6376524324557246,0.5730029481959849,0.19886069394096323,0.8549309607718528,0.7463655481393435,0.5431400282885431,0.0012522596559850787,0.00760411340005596,0.01992634896257681,0.034436337586335755,0.21843527042036107,0.13409009619547824,0.07270194461700645,0.16292050224958116,0.10294422168257375,0.026618474802808684,/common/users/shared/pracsys/adaptive_roa_experiments/gaussian_torque/cp_high_v2_partx,0.918550006554337,0.26944188857934737
fm,high,partx,2,600,0.013878982408115532,1.0,0.1806009142707997,100.0,0.16009213133968764,0.02693595068352244,0.02693595068352244,0.02338370493839498,0.12511237627261618,0.039916453364807127,0.047536191757080876,0.047137027223432805,0.04713702722343282,0.8337851320570019,0.8760753750870653,0.9508480638542196,0.13836911724597542,0.050447810772350665,0.0003170322777061829,0.050846975305998736,-0.00024146219620959503,0.6558706031374841,0.5599893055277053,0.29527665317139,0.296538897223605,0.316951681451914,0.11671989161887486,0.0,20,106242,0.4948538493207081,0.4412957598103766,0.23876036665211697,0.9722109885030908,0.7660235896498125,0.3868458274398868,0.001022384725046679,0.005443961584046495,0.030653827670302797,0.05044781077235241,0.32008057077238755,0.1786958076843433,0.043127953163532316,0.16292050224958116,0.10294422168257375,0.026618474802808684,/common/users/shared/pracsys/adaptive_roa_experiments/gaussian_torque/cp_high_v2_partx,0.9122044514012507,-0.07023742785527176
fm,high,partx,3,750,0.05760344512654612,1.0,0.36311665703879137,100.0,0.2956692248998393,0.08537136312337229,0.08537136312337229,0.01714649657241112,0.19326036520524387,0.039916453364807127,0.047536191757080876,0.047137027223432805,0.04713702722343282,0.48942979236083656,0.7980742079403625,0.9384800737937915,0.2743532074356312,0.11518403068511246,0.000362851570979051,0.11558319521876054,-0.00017786308928151306,0.38497471597995425,0.44386260531432276,0.2294270219287904,0.4790546399925896,0.316951681451914,0.11671989161887486,0.0,20,106242,0.23948708544343975,0.30975468557782765,0.17209055535903786,0.9808192269917384,0.7827557831215142,0.34405940594059403,0.017329151503368004,0.05886045823102382,0.09462020732325217,0.11518403068511777,0.6672408275446622,0.2601419400990192,0.05321812465879784,0.16292050224958116,0.10294422168257375,0.026618474802808684,/common/users/shared/pracsys/adaptive_roa_experiments/gaussian_torque/cp_high_v2_partx,0.8528138875329709,-1.443599808259695
fm,high,partx,4,900,0.010341787488530228,1.0,0.15570853870468349,100.0,0.14256369122392443,0.020064252609546564,0.020064252609546564,0.02449474552164196,0.11813661369255218,0.039916453364807127,0.047536191757080876,0.047137027223432805,0.04713702722343282,0.8293047947139549,0.8940626117731217,0.9637337399521846,0.11763981773774926,0.04238429970612497,0.00026879271246718086,0.042783464239773035,-0.00032223460521244723,0.6426389737324374,0.5948378271356062,0.3046381519581303,0.2716465216573002,0.316951681451914,0.11671989161887486,0.0,20,106242,0.48764878282193913,0.490559315995725,0.3110947290821968,0.9420532670864868,0.7554173905092805,0.2984441301272984,0.0005386906508871075,0.0030032912984163,0.023635564342758004,0.04238429970612614,0.3147342858756424,0.158524877167222,0.02553604036068598,0.16292050224958116,0.10294422168257375,0.026618474802808684,/common/users/shared/pracsys/adaptive_roa_experiments/gaussian_torque/cp_high_v2_partx,0.9148627696400327,0.10082790106341633
fm,high,partx,5,1050,0.008872952970570658,1.0,0.14174029890460516,100.0,0.1319528334436244,0.016688680492379704,0.016688680492379704,0.02667656342796354,0.11230641841082807,0.039916453364807127,0.047536191757080876,0.047137027223432805,0.04713702722343282,0.8757647634645432,0.9054893544925735,0.9578603565444928,0.10789362575252576,0.036850206204403504,0.0002543949423474387,0.03724937073805158,-0.00029893808344545747,0.714028815946268,0.6220214568040654,0.3163841807909604,0.2576782818571164,0.316951681451914,0.11671989161887486,0.0,20,106242,0.571240379948693,0.5286664960327617,0.27841977962913195,0.9519902940666706,0.7554173905092805,0.36633663366336633,0.00033446619468823337,0.003157944314874737,0.01900043535881884,0.03685020620440432,0.27151220797801245,0.14709813444777017,0.0350238135577267,0.16292050224958116,0.10294422168257375,0.026618474802808684,/common/users/shared/pracsys/adaptive_roa_experiments/gaussian_torque/cp_high_v2_partx,0.9244690787639561,0.2182322820289252
fm,high,partx,6,1200,0.019245184120672446,1.0,0.22148565670019388,100.0,0.17796324316176507,0.046731753247285256,0.046731753247285256,0.020919473273414358,0.11726723929134038,0.039916453364807127,0.047536191757080876,0.047137027223432805,0.04713702722343282,0.7760866700551571,0.8263210406430602,0.9272886429095838,0.16465580687372056,0.07275002937997335,0.00041633842066266517,0.07314919391362142,-0.00019927781733035388,0.5895971707064608,0.5087326943556976,0.2513809477662564,0.33742363965282496,0.316951681451914,0.11671989161887486,0.0,20,106242,0.4203069657615112,0.35886263756901926,0.17314110265652116,0.9872320757987174,0.8735485050745176,0.4586280056577086,0.00025790518756571996,0.0021707586550726884,0.048243739649501155,0.07275002937997613,0.382673518947309,0.25058827958811014,0.07050883831253177,0.16292050224958116,0.10294422168257375,0.026618474802808684,/common/users/shared/pracsys/adaptive_roa_experiments/gaussian_torque/cp_high_v2_partx,0.9015715215307746,-0.5433733025872232
fm,high,partx,7,1350,0.005095744624105548,1.0,0.09237376746933389,100.0,0.0791428218032216,0.008119216567738737,0.008119216567738737,0.029363685301720472,0.06138040858849343,0.039916453364807127,0.047536191757080876,0.047137027223432805,0.04713702722343282,0.9145347414393554,0.922441219103556,0.9463018391973043,0.04697450488173603,0.025871130970885375,0.0002512400566729261,0.026270295504533442,-2.1427518565698273e-05,0.7670958805725132,0.6534903280067282,0.3423631123919308,0.20831175042014585,0.316951681451914,0.11671989161887486,0.0,20,106242,0.6898094754809245,0.6049988320485867,0.2539763981528989,0.8638858397365532,0.7104324769132303,0.5251060820367751,0.0002295887049133392,0.0009480602436985073,0.010764072177887688,0.025871130970885538,0.20403418610342425,0.1208843960015813,0.05503473202688203,0.16292050224958116,0.10294422168257375,0.026618474802808684,/common/users/shared/pracsys/adaptive_roa_experiments/gaussian_torque/cp_high_v2_partx,0.9305749160510476,0.4511505605083155
fm,high,partx,8,1500,0.030455965914528784,1.0,0.27059281010606084,100.0,0.21607736074320646,0.055586957544563685,0.055586957544563685,0.015391594761526298,0.14161662633608474,0.039916453364807127,0.047536191757080876,0.047137027223432805,0.04713702722343282,0.6938498898740612,0.8125600045179873,0.9329549519022609,0.19260625477768573,0.08728544261367263,0.0004277449800937865,0.08768460714732071,-4.694739279755e-05,0.5022343290891282,0.4544408525560244,0.2010095344924285,0.38653079305904314,0.316951681451914,0.11671989161887486,0.0,20,106242,0.34160507962943687,0.32442792880891846,0.14719894857893873,0.948003928592062,0.7583432385480479,0.31683168316831684,0.0006444484563773444,0.01906939506269701,0.06594950820420083,0.08728544261367581,0.45212816023794733,0.2406298827205813,0.05729372564522505,0.16292050224958116,0.10294422168257375,0.026618474802808684,/common/users/shared/pracsys/adaptive_roa_experiments/gaussian_torque/cp_high_v2_partx,0.8619452399906518,-0.8517383839233965
fm,high,partx,9,1650,0.002123347512044694,1.0,0.05132096060309349,100.0,0.05547941847308944,0.0018775493309937002,0.0018775493309937002,0.03546785895232802,0.05423281602847714,0.039916453364807127,0.047536191757080876,0.047137027223432805,0.04713702722343282,0.9427815741420531,0.9446923062442348,0.964194951149263,0.01974464130215365,0.013299583284675873,0.0001437239921684079,0.013698747818323942,-0.0002471343174226103,0.8270800739581853,0.7167373698418819,0.4376108811354228,0.1672589435534714,0.316951681451914,0.11671989161887486,0.0,20,106242,0.8146363330718368,0.7580299785867237,0.37601626016260165,0.8399098734762263,0.6797110725061717,0.5233380480905233,2.262439187461088e-07,8.233166416586703e-05,0.0041029576303908254,0.013299583284676043,0.16797500047062366,0.09230812672954199,0.03704749534082566,0.16292050224958116,0.10294422168257375,0.026618474802808684,/common/users/shared/pracsys/adaptive_roa_experiments/gaussian_torque/cp_high_v2_partx,0.9489764876467276,0.7178527355652932
fm,high,partx,10,1800,0.0013174642700954048,1.0,0.04055157936597835,100.0,0.050176835916264366,0.0013524319156880498,0.0013524319156880498,0.037942504891240625,0.05808908243401676,0.039916453364807127,0.047536191757080876,0.047137027223432805,0.04713702722343282,0.951149263003332,0.948692607443384,0.9702471715517403,0.022792204585864652,0.010097621755507031,0.00010242282025677983,0.010496786289155105,-0.00044933249237319277,0.8577068596808686,0.7447436197611801,0.47307884647441245,0.1564895623164014,0.316951681451914,0.11671989161887486,0.0,20,106242,0.816175319593008,0.7632942983298138,0.4474929044465468,0.9036917210699636,0.7270732376337204,0.5017680339462518,6.481229228760653e-07,7.983717698969283e-06,0.0021506421745669966,0.010097621755507132,0.18039005289810056,0.09805914798290695,0.02984695318235726,0.16292050224958116,0.10294422168257375,0.026618474802808684,/common/users/shared/pracsys/adaptive_roa_experiments/gaussian_torque/cp_high_v2_partx,0.9565772428819099,0.785781532050301
fm,high,partx,11,1950,0.0019718205607394154,1.0,0.052684239193353764,100.0,0.060345031800109195,0.0019438958585072956,0.0019438958585072956,0.03719938801122587,0.06422579907052417,0.039916453364807127,0.047536191757080876,0.047137027223432805,0.04713702722343282,0.942743924248414,0.9537471056644266,0.9671881176935675,0.029854800989914398,0.011564383220189803,9.991447419472088e-05,0.011963547753837876,-0.0003171518505244268,0.832160693099357,0.7649928263988522,0.4492890995260663,0.1686222221442378,0.316951681451914,0.11671989161887486,0.0,20,106242,0.7964508291961551,0.8019653063270831,0.40605368360936606,0.87122306314634,0.7312791441894486,0.5028288543140028,1.0461850000878249e-06,0.00011758211202878844,0.004102676177058039,0.011564383220189904,0.1782157715404454,0.09387059731556259,0.03296248188098869,0.16292050224958116,0.10294422168257375,0.026618474802808684,/common/users/shared/pracsys/adaptive_roa_experiments/gaussian_torque/cp_high_v2_partx,0.9513645093404814,0.7546645619934025
clf,high,clf_dir00,0,300,0.006356705136697289,1.0,0.10730691987683058,100.0,0.07682513705045958,0.0019219356109265884,0.0019219356109265884,0.02140623716908303,0.04644932434454066,0.039916453364807127,0.047536191757080876,0.047137027223432805,0.04713702722343282,0.8867208825135069,0.9103179533517818,0.9733815251971913,-0.02766827638600528,0.027175809429737144,0.00024975773943182743,0.02757497396338521,-0.0004769162355392244,0.5844411449880874,0.2857571214392804,nan,0.22324490282707848,0.316951681451914,0.11671989161887486,0.0,20,106242,0.726313079299691,0.7931751976695797,nan,0.4889363914726443,0.17427082380908843,0.0,6.401007938123491e-07,0.000660727701430916,0.01580353925029633,0.02717580942973714,0.10967414017055402,0.02261817360365957,0.0,0.16292050224958116,0.10294422168257375,0.026618474802808684,/common/users/shared/pracsys/adaptive_roa_experiments/gaussian_torque/cp_high_v2_clf_dir00,0.8972588088833835,0.4234721400456185
clf,high,clf_dir00,1,450,0.004696900648126874,1.0,0.08653100387824195,100.0,0.07374071590428068,0.0008963648300941835,0.0008963648300941835,0.023968306385426796,0.0521599894569234,0.039916453364807127,0.047536191757080876,0.047137027223432805,0.04713702722343282,0.8963404303382843,0.9133864196833644,0.9733815251971913,-0.01662872028839001,0.02368042744943747,0.00020715496799536591,0.024079591983085544,-0.0003846582186627194,0.6530355061277213,0.35388288161775033,nan,0.20246898682845882,0.316951681451914,0.11671989161887486,0.0,20,106242,0.7181263858093127,0.762481089258699,nan,0.5987636489687446,0.23041053305293957,0.0,8.447034350003072e-08,0.00045855764403582896,0.011779088406685082,0.023680427449437887,0.1358408162496941,0.03110822461926545,0.0,0.16292050224958116,0.10294422168257375,0.026618474802808684,/common/users/shared/pracsys/adaptive_roa_experiments/gaussian_torque/cp_high_v2_clf_dir00,0.9119262005563892,0.49762577650069906
clf,high,clf_dir00,2,600,0.0021154760326950895,1.0,0.05294237546855159,100.0,0.0505117195105034,0.003711621784628139,0.003711621784628139,0.03557886396260271,0.037923370081608225,0.039916453364807127,0.047536191757080876,0.047137027223432805,0.04713702722343282,0.9325502155456411,0.9258485344778901,0.9709719320042921,-0.027764576937763994,0.015340942162077906,0.00015441684450905876,0.015740106695725977,7.115711661967103e-05,0.756787944610372,0.5193410616229408,0.039850560398505604,0.1688803584180237,0.316951681451914,0.11671989161887486,0.0,20,106242,0.9172357054709996,0.7804878048780488,0.16666666666666666,0.6441157779190017,0.3891377891560757,0.02263083451202263,5.70100431957082e-08,2.3412659039290297e-07,0.0026261332623352734,0.01534094216207784,0.11440861429566461,0.05132621750343555,0.003614389789348845,0.16292050224958116,0.10294422168257375,0.026618474802808684,/common/users/shared/pracsys/adaptive_roa_experiments/gaussian_torque/cp_high_v2_clf_dir00,0.9512164847983682,0.6745458280735277
clf,high,clf_dir00,3,750,0.00403886034802435,1.0,0.0775040915336629,100.0,0.06781676463942055,0.0010654823961297227,0.0010654823961297227,0.02689749063370632,0.05185209096253393,0.039916453364807127,0.047536191757080876,0.047137027223432805,0.04713702722343282,0.9142147173434235,0.9064776642005986,0.9718567045048098,-0.01239868304510635,0.021877519324875694,0.00021213977690854322,0.022276683858523768,0.0005725003390194897,0.7262240913187143,0.3031280684527984,0.08730158730158731,0.1934420744837137,0.316951681451914,0.11671989161887486,0.0,20,106242,0.7563982228896815,0.650707618187293,0.31919642857142855,0.6983650124212837,0.19758617536801681,0.05056577086280056,1.1508183892948497e-08,3.000123546739753e-05,0.009661158560180568,0.021877519324876013,0.15042073756141638,0.03125882419382165,0.004216788087573652,0.16292050224958116,0.10294422168257375,0.026618474802808684,/common/users/shared/pracsys/adaptive_roa_experiments/gaussian_torque/cp_high_v2_clf_dir00,0.9226786681584533,0.5358740121396558
clf,high,clf_dir00,4,900,0.003130257512655831,1.0,0.06577863209114523,100.0,0.06270686591714068,0.00132802874153802,0.00132802874153802,0.02958316657454905,0.04871354666037813,0.039916453364807127,0.047536191757080876,0.047137027223432805,0.04713702722343282,0.9190527286760415,0.911023888857514,0.9727226520585079,-0.01823104466438326,0.019221284692121064,0.00018511981711195376,0.01962044922576914,0.00033939530169929677,0.7317194908909408,0.3259893048128342,0.07765754296626352,0.1817166150410393,0.316951681451914,0.11671989161887486,0.0,20,106242,0.7952803960127484,0.7402849740932642,0.3885350318471338,0.6775665838581085,0.20901526926945233,0.04314002828854314,5.6965573322933303e-11,1.6564241327201519e-06,0.007444271469825907,0.01922128469212115,0.13880574537376933,0.029065717889346962,0.0029555166506654617,0.16292050224958116,0.10294422168257375,0.026618474802808684,/common/users/shared/pracsys/adaptive_roa_experiments/gaussian_torque/cp_high_v2_clf_dir00,0.9337216219503801,0.5922253518235076
clf,high,clf_dir00,5,1050,0.0019150642375793969,1.0,0.04651846321454783,100.0,0.0527896367054319,0.002497751002819064,0.002497751002819064,0.03557752772497617,0.046730216317322305,0.039916453364807127,0.047536191757080876,0.047137027223432805,0.04713702722343282,0.9367670036332147,0.9230624423486004,0.9733815251971913,-0.022658386839655986,0.013721018050034665,0.00013093854957575663,0.014120182583682736,-0.0003362324512410364,0.7849689520517252,0.4269489624228828,0.012569832402234636,0.162456446164325,0.316951681451914,0.11671989161887486,0.0,20,106242,0.8800689011698845,0.915238954012624,0.5,0.7084175862268184,0.27841272743896867,0.006364922206506365,3.769844953658421e-08,4.0154147267794836e-07,0.002762605861917372,0.013721018050034733,0.13114399201822255,0.03131529903428023,0.00033884904275145424,0.16292050224958116,0.10294422168257375,0.026618474802808684,/common/users/shared/pracsys/adaptive_roa_experiments/gaussian_torque/cp_high_v2_clf_dir00,0.9507458448632315,0.708912104596752
clf,high,clf_dir00,6,1200,0.0013144691823907219,1.0,0.034708173157684465,100.0,0.04457895709889618,0.0020862052353596266,0.0020862052353596266,0.03878741644137999,0.04724203921002675,0.039916453364807127,0.047536191757080876,0.047137027223432805,0.04713702722343282,0.953765930611246,0.9316748555185331,0.9733815251971913,-0.018453369494607942,0.010063030881193917,0.00010111044411408463,0.01046219541484199,-0.0003727851362185213,0.8492141453831041,0.5274396198164182,nan,0.15064615610734267,0.316951681451914,0.11671989161887486,0.0,20,106242,0.9060064190738194,0.9156871609403255,nan,0.7991218441273326,0.3703940751577215,0.0,2.8404172692825278e-08,4.1362893163291807e-07,0.0016744368724730093,0.01006303088119394,0.14370023154684589,0.04164078236478982,0.0,0.16292050224958116,0.10294422168257375,0.026618474802808684,/common/users/shared/pracsys/adaptive_roa_experiments/gaussian_torque/cp_high_v2_clf_dir00,0.9578178318964182,0.7865153686189321
clf,high,clf_dir00,7,1350,0.0015013246276121331,1.0,0.03937090852581812,100.0,0.047916984684499765,0.0030718077197363883,0.0030718077197363883,0.03786373884449006,0.04485283545542043,0.039916453364807127,0.047536191757080876,0.047137027223432805,0.04713702722343282,0.9452570546488206,0.922365919316278,0.973390937670601,-0.024464701419339218,0.011967319272341074,0.0001166138431353542,0.012366483805989146,-0.00037777682633805855,0.8147888669511495,0.4184177125934283,0.007024938531787847,0.1553088914754652,0.316951681451914,0.11671989161887486,0.0,20,106242,0.9077556233591144,0.9143297380585517,0.5263157894736842,0.7390952683575018,0.2712809728444729,0.003536067892503536,4.742557080172554e-08,5.535848247659675e-07,0.001694252675451359,0.01196731927234104,0.13264998776378456,0.030543476214679694,0.00017883699478548972,0.16292050224958116,0.10294422168257375,0.026618474802808684,/common/users/shared/pracsys/adaptive_roa_experiments/gaussian_torque/cp_high_v2_clf_dir00,0.9559688655713667,0.7461163765034409
clf,high,clf_dir00,8,1500,0.00177450549089716,1.0,0.04588308485381702,100.0,0.05143771540084856,0.004960198579438319,0.004960198579438319,0.037775845337667466,0.04065713466666968,0.039916453364807127,0.047536191757080876,0.047137027223432805,0.04713702722343282,0.9331432013704561,0.9189680164153536,0.9733815251971913,-0.0332122910207614,0.013950636936675935,0.00013099250629308146,0.01434980147032401,-0.00037074352852771615,0.7567382444604267,0.3597828511935748,nan,0.16182106780339456,0.316951681451914,0.11671989161887486,0.0,20,106242,0.9291841883936081,0.9637450199203187,nan,0.6382806632387775,0.22117582518057968,0.0,4.749062127502331e-08,2.5095793175296335e-07,0.002064893003059813,0.013950636936676034,0.11191430884207752,0.02362530825850417,0.0,0.16292050224958116,0.10294422168257375,0.026618474802808684,/common/users/shared/pracsys/adaptive_roa_experiments/gaussian_torque/cp_high_v2_clf_dir00,0.9559236675456974,0.7040407985308675
clf,high,clf_dir00,9,1650,0.0016234454592872064,1.0,0.042551320102408634,100.0,0.048504397534392216,0.00477511023557775,0.00477511023557775,0.038830122561466215,0.03999855613565327,0.039916453364807127,0.047536191757080876,0.047137027223432805,0.04713702722343282,0.9367011163193464,0.9248413998230455,0.9733815251971913,-0.032641025271104684,0.012689819728184162,0.00012262845251517258,0.013088984261832236,-0.0003921951693601749,0.7702033145395524,0.43292379802570835,nan,0.15848930305193537,0.316951681451914,0.11671989161887486,0.0,20,106242,0.9426229508196722,0.9694656488549618,nan,0.6511063608527355,0.27868702569260306,0.0,7.602402162415377e-08,2.5263341502343836e-07,0.0017820144901127494,0.012689819728184233,0.11253553208712186,0.02959281640029367,0.0,0.16292050224958116,0.10294422168257375,0.026618474802808684,/common/users/shared/pracsys/adaptive_roa_experiments/gaussian_torque/cp_high_v2_clf_dir00,0.95801124115767,0.7307887137635234
clf,high,clf_dir00,10,1800,0.0013484583599059736,1.0,0.03697685548874087,100.0,0.046252044580816054,0.004387374486569367,0.004387374486569367,0.03994910795855235,0.04129353449856609,0.039916453364807127,0.047536191757080876,0.047137027223432805,0.04713702722343282,0.9427627491952335,0.9283993147719358,0.9733815251971913,-0.030044085993378454,0.011114126048135553,0.00010157720804959725,0.011513290581783625,-0.00046116770331426464,0.7968191386280864,0.4747635158461645,nan,0.15291483843827713,0.316951681451914,0.11671989161887486,0.0,20,106242,0.9448494453248811,0.9695431472081218,nan,0.6888901727425039,0.31434579866508183,0.0,2.8498557319649664e-08,6.205952238337308e-07,0.00121618247451085,0.011114126048135461,0.11878541443120423,0.03337663071101824,0.0,0.16292050224958116,0.10294422168257375,0.026618474802808684,/common/users/shared/pracsys/adaptive_roa_experiments/gaussian_torque/cp_high_v2_clf_dir00,0.9603865853834787,0.7642166529625677
clf,high,clf_dir00,11,1950,0.0015058965104966433,1.0,0.041644120519712495,100.0,0.04872425408450342,0.006558105590686482,0.006558105590686482,0.040538896238424535,0.038296216567739884,0.039916453364807127,0.047536191757080876,0.047137027223432805,0.04713702722343282,0.9380094501233034,0.9209258108845843,0.9733815251971913,-0.03678081115661972,0.012686737676906135,0.00011774790306294629,0.013085902210554206,-0.0004694988987886152,0.7688798427849522,0.37894581207954464,nan,0.15758210346921658,0.316951681451914,0.11671989161887486,0.0,20,106242,0.9792616429784572,0.9895752895752896,nan,0.6329077358599573,0.23434214135503337,0.0,5.702200856325222e-08,3.925594170068766e-07,0.001454661176726523,0.012686737676906062,0.1052973400350144,0.02437830613128518,0.0,0.16292050224958116,0.10294422168257375,0.026618474802808684,/common/users/shared/pracsys/adaptive_roa_experiments/gaussian_torque/cp_high_v2_clf_dir00,0.9612634448130241,0.7308540986946397
clf,high,clf_yield,0,300,0.006356705136697289,1.0,0.10730691987683058,100.0,0.07682513705045958,0.0019219356109265884,0.0019219356109265884,0.02140623716908303,0.04644932434454066,0.039916453364807127,0.047536191757080876,0.047137027223432805,0.04713702722343282,0.8867208825135069,0.9103179533517818,0.9733815251971913,-0.02766827638600528,0.027175809429737144,0.00024975773943182743,0.02757497396338521,-0.0004769162355392244,0.5844411449880874,0.2857571214392804,nan,0.22324490282707848,0.316951681451914,0.11671989161887486,0.0,20,106242,0.726313079299691,0.7931751976695797,nan,0.4889363914726443,0.17427082380908843,0.0,6.401007938123491e-07,0.000660727701430916,0.01580353925029633,0.02717580942973714,0.10967414017055402,0.02261817360365957,0.0,0.16292050224958116,0.10294422168257375,0.026618474802808684,/common/users/shared/pracsys/adaptive_roa_experiments/gaussian_torque/cp_high_v2_clf_yield,0.8972588088833835,0.4234721400456185
clf,high,clf_yield,1,450,0.006557659488371192,1.0,0.11118410656272236,100.0,0.07878777697551928,0.0024231941347921844,0.0024231941347921844,0.02066623974508944,0.044646988835471295,0.039916453364807127,0.047536191757080876,0.047137027223432805,0.04713702722343282,0.8825040944259332,0.9101202914101768,0.973710961766533,-0.02936817561928311,0.028465134708739386,0.00025773296778313265,0.02886429924238746,-0.00042884690439615875,0.547340174783334,0.3057797164667394,0.05354117248390376,0.227122089512998,0.316951681451914,0.11671989161887486,0.0,20,106242,0.7350019477989872,0.7462739531582683,0.6422764227642277,0.4360159454618984,0.19228307579775075,0.027934936350777935,3.591008162154108e-07,0.00044061667485761305,0.016865097673202503,0.02846513470873946,0.09664727697144256,0.026524350068711056,0.0011577342294008018,0.16292050224958116,0.10294422168257375,0.026618474802808684,/common/users/shared/pracsys/adaptive_roa_experiments/gaussian_torque/cp_high_v2_clf_yield,0.8937673697760392,0.39611943337426336
clf,high,clf_yield,2,600,0.003605299315829476,1.0,0.08078128920013415,100.0,0.06469988856111637,0.006025003420023321,0.006025003420023321,0.03054045523750761,0.03672324788580439,0.039916453364807127,0.047536191757080876,0.047137027223432805,0.04713702722343282,0.8989759228930179,0.9171043466802207,0.9733815251971913,-0.04122371987389575,0.02216140100417985,0.00021064622672086795,0.022560565537827922,-0.00046017440176866417,0.5802010404036453,0.3500848645856395,nan,0.19671927214995472,0.316951681451914,0.11671989161887486,0.0,20,106242,0.8981593606200049,0.9074215761285387,nan,0.42850540181408514,0.21687848587363995,0.0,9.232860137425439e-10,3.583392601199152e-06,0.00679213932017684,0.022161401004179907,0.07772820541781969,0.024604205493119483,0.0,0.16292050224958116,0.10294422168257375,0.026618474802808684,/common/users/shared/pracsys/adaptive_roa_experiments/gaussian_torque/cp_high_v2_clf_yield,0.9360420125632944,0.5298515347789488
clf,high,clf_yield,3,750,0.0025124403197304833,1.0,0.08961183404976093,100.0,0.05579856769479289,0.009165863766810443,0.009165863766810443,0.03696310237743675,0.02768490606958807,0.039916453364807127,0.047536191757080876,0.047137027223432805,0.04713702722343282,0.9110991886447921,0.9215658590764481,0.973513299824928,-0.04516804430001279,0.019405289204698268,0.00017935925732290002,0.019804453738346342,6.550059189177476e-05,0.642112841498996,0.4240790655884995,0.2269230769230769,0.20554981699898714,0.316951681451914,0.11671989161887486,0.0,20,106242,0.9329442853996917,0.8686296715741789,0.5086206896551724,0.48951412559939916,0.28051568071683275,0.14603960396039603,7.320605936993528e-07,1.8824946552442883e-06,0.0029095994340001194,0.0194052892046983,0.08548408350746409,0.033244856083281565,0.007642928408727245,0.16292050224958116,0.10294422168257375,0.026618474802808684,/common/users/shared/pracsys/adaptive_roa_experiments/gaussian_torque/cp_high_v2_clf_yield,0.9537084280421472,0.5883217430595308
clf,high,clf_yield,4,900,0.002543945587507424,1.0,0.0771289490253478,100.0,0.059203035617451834,0.010723953102910253,0.010723953102910253,0.037316319307793555,0.029109980441437148,0.039916453364807127,0.047536191757080876,0.047137027223432805,0.04713702722343282,0.9035221475499332,0.9150430150034826,0.9735791871387963,-0.050345429794249635,0.020582958727848936,0.00018419935625533544,0.020982123261497006,3.8297709299434796e-05,0.5929955527318933,0.3087762291315668,0.07390300230946882,0.1930669319747025,0.316951681451914,0.11671989161887486,0.0,20,106242,0.9481904761904761,0.9504950495049505,0.5517241379310345,0.4313940724478595,0.18432842644235164,0.039603960396039604,2.8521564495982116e-08,3.840104021952539e-06,0.0024257673376952317,0.020582958727848936,0.07412322810188061,0.019963856102106513,0.0019107321021818112,0.16292050224958116,0.10294422168257375,0.026618474802808684,/common/users/shared/pracsys/adaptive_roa_experiments/gaussian_torque/cp_high_v2_clf_yield,0.9540773791109372,0.5633377847464952
clf,high,clf_yield,5,1050,0.0025389496275194223,1.0,0.08734215292432806,100.0,0.062255191565259556,0.014157119478804547,0.014157119478804547,0.03880783432338012,0.0254593392491566,0.039916453364807127,0.047536191757080876,0.047137027223432805,0.04713702722343282,0.8942320362944974,0.9109580015436456,0.9743039475913481,-0.05639885641659709,0.022701688705537466,0.00019308395624314788,0.023100853239185537,0.0002153763266802347,0.5298523074348354,0.25158227848101267,0.1233140655105973,0.20328013587359167,0.316951681451914,0.11671989161887486,0.0,20,106242,0.9605582524271845,0.9336465061655901,0.6713286713286714,0.365821249061182,0.1453780744262595,0.06789250353606789,3.042327218717576e-07,1.4374501212539818e-06,0.001802087627812466,0.02270168870553736,0.062047024717155175,0.016029442216825736,0.0026919673951921086,0.16292050224958116,0.10294422168257375,0.026618474802808684,/common/users/shared/pracsys/adaptive_roa_experiments/gaussian_torque/cp_high_v2_clf_yield,0.9580274142087728,0.5183894691124693
clf,high,clf_yield,6,1200,0.0022073306604651105,1.0,0.07764628862730642,100.0,0.05829860187134571,0.014139520806999194,0.014139520806999194,0.04106010842204516,0.025621443694006343,0.039916453364807127,0.047536191757080876,0.047137027223432805,0.04713702722343282,0.9015267031870635,0.9152030270514486,0.9752075450386852,-0.055339907609549335,0.02022871031196506,0.00017346739728106044,0.020627874845613133,1.2270703578225184e-05,0.5686128979053274,0.3004891684136967,0.14702072538860103,0.19358427157653504,0.316951681451914,0.11671989161887486,0.0,20,106242,0.993086562004897,0.9963954685890835,0.8730769230769231,0.3983476803974811,0.17692237359422144,0.08026874115983026,1.1408736205925805e-07,6.274919657033675e-07,0.0012010974364110188,0.0202287103119651,0.06535080288398186,0.018279023361759003,0.0024472430865382804,0.16292050224958116,0.10294422168257375,0.026618474802808684,/common/users/shared/pracsys/adaptive_roa_experiments/gaussian_torque/cp_high_v2_clf_yield,0.9625605202767957,0.5708530744614091
clf,high,clf_yield,7,1350,0.002733880845874922,1.0,0.10386676398181405,100.0,0.0623193892127306,0.016020512350368585,0.016020512350368585,0.03964111327874288,0.021879457338457,0.039916453364807127,0.047536191757080876,0.047137027223432805,0.04713702722343282,0.8930178272246381,0.9138476308804427,0.9763370418478567,-0.05934591886374162,0.02396232784383165,0.00021074150753725,0.024361492377479723,0.00044590154877314353,0.5134001198732768,0.28115919264902217,0.2540059347181009,0.2198047469310018,0.316951681451914,0.11671989161887486,0.0,20,106242,0.9912382211935857,0.9966592427616926,0.7896678966789668,0.3464093824022185,0.16366462466855627,0.15134370579915135,4.0881305882011794e-07,1.4793744857837823e-06,0.0018959789742945756,0.02396232784383174,0.056936051655654074,0.01690480224393366,0.005101560588091338,0.16292050224958116,0.10294422168257375,0.026618474802808684,/common/users/shared/pracsys/adaptive_roa_experiments/gaussian_torque/cp_high_v2_clf_yield,0.959639130045196,0.4916453315935998
clf,high,clf_yield,8,1500,0.002377929750215825,1.0,0.08386314367651101,100.0,0.05991129786754254,0.013662282026785641,0.013662282026785641,0.03981563007510004,0.025760036728490983,0.039916453364807127,0.047536191757080876,0.047137027223432805,0.04713702722343282,0.9017902524425369,0.9112497882193483,0.975376969560061,-0.05605629478672004,0.020979060588947912,0.00017597185335428033,0.021378225122595983,-4.6185861704919895e-06,0.5695544554455446,0.24258976624628487,0.15992292870905586,0.19980112662577357,0.316951681451914,0.11671989161887486,0.0,20,106242,0.9959601789063627,0.9986772486772487,0.8706293706293706,0.398809867698885,0.13806345432934078,0.08804809052333805,3.0423297301939145e-07,9.088761990079774e-07,0.0021349470861059166,0.020979060588947853,0.0652378532030647,0.014231659795561078,0.0026919673951921086,0.16292050224958116,0.10294422168257375,0.026618474802808684,/common/users/shared/pracsys/adaptive_roa_experiments/gaussian_torque/cp_high_v2_clf_yield,0.9592731598587545,0.5549345848751621
clf,high,clf_yield,9,1650,0.0024379967679685954,1.0,0.08438498184041582,100.0,0.06127418655421867,0.014873379290719444,0.014873379290719444,0.04009940058085208,0.025361483046599378,0.039916453364807127,0.047536191757080876,0.047137027223432805,0.04713702722343282,0.8957850944071083,0.9097908548408351,0.9752828448259634,-0.057643800590920335,0.021947982754490176,0.00018317942003579166,0.022347147288138247,3.697682119000942e-05,0.5307281512248877,0.2213194670133247,0.1479558728098637,0.20032296478968925,0.316951681451914,0.11671989161887486,0.0,20,106242,0.99618138424821,0.9934354485776805,0.8976377952755905,0.3617193367612225,0.12453140715004114,0.08062234794908062,3.6127665663110774e-07,1.3158333460264562e-06,0.0021677050566350784,0.021947982754490176,0.05915739538035805,0.012904501044784548,0.002390768246079705,0.16292050224958116,0.10294422168257375,0.026618474802808684,/common/users/shared/pracsys/adaptive_roa_experiments/gaussian_torque/cp_high_v2_clf_yield,0.9592991649167781,0.5343791484673992
clf,high,clf_yield,10,1800,0.0024367238816029053,1.0,0.07724431296332496,100.0,0.05777001258826755,0.01208054297606866,0.01208054297606866,0.03875293242455536,0.026691990567832648,0.039916453364807127,0.047536191757080876,0.047137027223432805,0.04713702722343282,0.9026467875228252,0.9169255096854352,0.9766758908906082,-0.05109130256978237,0.02060493940835375,0.00018619308547099424,0.021004103942001823,0.00014030163340764817,0.5822529181307807,0.34505788067675863,0.26512455516014233,0.19318229591260602,0.316951681451914,0.11671989161887486,0.0,20,106242,0.9675167785234899,0.9157148483654982,0.8216911764705882,0.4164307585649084,0.21258114656670019,0.15806223479490805,4.0881305871820225e-07,1.8139155802278486e-06,0.0017878969386894115,0.020604939408353815,0.0701229269027315,0.023898269987387286,0.005120385534910864,0.16292050224958116,0.10294422168257375,0.026618474802808684,/common/users/shared/pracsys/adaptive_roa_experiments/gaussian_torque/cp_high_v2_clf_yield,0.958013644348194,0.5628714702205362
clf,high,clf_yield,11,1950,0.0024409113831182676,1.0,0.07465210489966786,100.0,0.05999436112792357,0.012415565597194507,0.012415565597194507,0.038818681506689344,0.028094129593153817,0.039916453364807127,0.047536191757080876,0.047137027223432805,0.04713702722343282,0.8998512829201257,0.9127934338585494,0.9756593437623539,-0.053321853452188483,0.020655823564910948,0.0001794952045440271,0.02105498809855902,-7.808774902701848e-05,0.5573306706606757,0.2655568767340468,0.17115384615384616,0.19059008784909467,0.316951681451914,0.11671989161887486,0.0,20,106242,0.9956890144195035,0.9982121573301549,0.9143835616438356,0.3869663181004102,0.15314985827923563,0.09441301272984441,4.46842170191165e-07,1.5753895307428224e-06,0.0026660048080362013,0.02065582356491103,0.06331770862747313,0.015794130381581672,0.002748442235650684,0.16292050224958116,0.10294422168257375,0.026618474802808684,/common/users/shared/pracsys/adaptive_roa_experiments/gaussian_torque/cp_high_v2_clf_yield,0.9571699276420508,0.5617919758282401
clf,high,clf_epi_var,0,300,0.006356705136697289,1.0,0.10730691987683058,100.0,0.07682513705045958,0.0019219356109265884,0.0019219356109265884,0.02140623716908303,0.04644932434454066,0.039916453364807127,0.047536191757080876,0.047137027223432805,0.04713702722343282,0.8867208825135069,0.9103179533517818,0.9733815251971913,-0.02766827638600528,0.027175809429737144,0.00024975773943182743,0.02757497396338521,-0.0004769162355392244,0.5844411449880874,0.2857571214392804,nan,0.22324490282707848,0.316951681451914,0.11671989161887486,0.0,20,106242,0.726313079299691,0.7931751976695797,nan,0.4889363914726443,0.17427082380908843,0.0,6.401007938123491e-07,0.000660727701430916,0.01580353925029633,0.02717580942973714,0.10967414017055402,0.02261817360365957,0.0,0.16292050224958116,0.10294422168257375,0.026618474802808684,/common/users/shared/pracsys/adaptive_roa_experiments/gaussian_torque/cp_high_v2_clf_epi_var,0.8972588088833835,0.4234721400456185
clf,high,clf_epi_var,1,450,0.004655217727560147,1.0,0.0891410043141836,100.0,0.06812144096623167,0.004238501884151393,0.004238501884151393,0.02764781205384554,0.04062257448891911,0.039916453364807127,0.047536191757080876,0.047137027223432805,0.04713702722343282,0.9020726266448297,0.9127934338585494,0.9733815251971913,-0.037975173548285265,0.023273547875782574,0.000225748608339693,0.023672712409430644,-0.0004541691779560847,0.6026277595294477,0.2802765478132525,nan,0.2050789872641748,0.316951681451914,0.11671989161887486,0.0,20,106242,0.8891017694128254,0.9318181818181818,nan,0.4557744525969149,0.16494468318551705,0.0,2.3506234604458293e-08,0.0004158058314116564,0.010827240809327936,0.023273547875782886,0.0835168765648237,0.018222548521300428,0.0,0.16292050224958116,0.10294422168257375,0.026618474802808684,/common/users/shared/pracsys/adaptive_roa_experiments/gaussian_torque/cp_high_v2_clf_epi_var,0.9226139204329946,0.5062576227927077
clf,high,clf_epi_var,2,600,0.0029446172696007,1.0,0.08501733515414543,100.0,0.053496268996389804,0.008213159433349127,0.008213159433349127,0.03578160668407703,0.02821918091966012,0.039916453364807127,0.047536191757080876,0.047137027223432805,0.04713702722343282,0.9139417556145404,0.9268086067656859,0.9726097023775908,-0.04187615207793976,0.019661864174926418,0.00020580946018706293,0.020061028708574485,9.328420222151634e-05,0.6537922677874967,0.4878145171914109,0.2644084934277047,0.20095531810344439,0.316951681451914,0.11671989161887486,0.0,20,106242,0.9486813186813187,0.8723203769140165,0.46365248226950356,0.49875787162747703,0.33857547773612506,0.18493635077793494,1.3305929411737834e-07,8.454310122792739e-07,0.00403036529672966,0.01966186417492652,0.08565350802883982,0.03995594962444231,0.010617270006212232,0.16292050224958116,0.10294422168257375,0.026618474802808684,/common/users/shared/pracsys/adaptive_roa_experiments/gaussian_torque/cp_high_v2_clf_epi_var,0.9504850940387496,0.5828785705613593
clf,high,clf_epi_var,3,750,0.002853340285389429,1.0,0.09175496003208523,100.0,0.05917083883334023,0.010040314139611631,0.010040314139611631,0.03592890475489983,0.026611405818840334,0.039916453364807127,0.047536191757080876,0.047137027223432805,0.04713702722343282,0.9029950490389864,0.9165678356958642,0.9715837427759266,-0.04600191881287958,0.022062106019402325,0.00020742009091707483,0.022461270553050392,0.0008136694112577149,0.5944116489571035,0.3671283735541911,0.2702441382644428,0.2076929429813363,0.316951681451914,0.11671989161887486,0.0,20,106242,0.9322305888161956,0.8377321603128055,0.4270435446906035,0.43630481252527586,0.23507360336472524,0.19766619519094766,4.468421805697647e-07,1.8406612185787488e-06,0.003475366751968997,0.022062106019402405,0.07625044709248696,0.028886880894561474,0.012320927693379266,0.16292050224958116,0.10294422168257375,0.026618474802808684,/common/users/shared/pracsys/adaptive_roa_experiments/gaussian_torque/cp_high_v2_clf_epi_var,0.9519114512398166,0.531958052534234
clf,high,clf_epi_var,4,900,0.0026150843672299996,1.0,0.09441932132101136,100.0,0.0554497061013485,0.011038727462432152,0.011038727462432152,0.038504620774397154,0.02381320546616676,0.039916453364807127,0.047536191757080876,0.047137027223432805,0.04713702722343282,0.9080777846802582,0.9255190979085484,0.9727320645319177,-0.04613664382999372,0.020634434185867346,0.00020290534670630383,0.02103359871951541,0.0009633002743995346,0.6119367400460939,0.45446397793864185,0.36203479409821626,0.21035730427017837,0.316951681451914,0.11671989161887486,0.0,20,106242,0.9800178185057911,0.9237668161434978,0.4798598949211909,0.4448552776012479,0.3013623479930511,0.29066478076379065,2.5669657181728337e-07,1.0154062223156769e-06,0.0024752187378255163,0.020634434185867356,0.07395380358050488,0.033583705126033016,0.016123566950923363,0.16292050224958116,0.10294422168257375,0.026618474802808684,/common/users/shared/pracsys/adaptive_roa_experiments/gaussian_torque/cp_high_v2_clf_epi_var,0.9576103787821248,0.5622457460446396
clf,high,clf_epi_var,5,1050,0.0024490026119495354,1.0,0.08948442230644786,100.0,0.056638087731047504,0.013921879913765079,0.013921879913765079,0.04044335809290447,0.022511929442632302,0.039916453364807127,0.047536191757080876,0.047137027223432805,0.04713702722343282,0.9002748442235651,0.9231659795561078,0.9766194160501497,-0.05160542454742566,0.021379373087201173,0.00020267384412166225,0.021778537620849244,0.000763824042907757,0.5605010992657734,0.41621969534434666,0.4046021093000958,0.2054224052556059,0.316951681451914,0.11671989161887486,0.0,20,106242,0.9938217122683142,0.9553512803676953,0.6279761904761905,0.3903171760355884,0.2660693060254183,0.2984441301272984,3.802912175070862e-07,1.5592380179123923e-06,0.001162665252532766,0.021379373087201104,0.06398599423956627,0.028670394006136933,0.012650364262720959,0.16292050224958116,0.10294422168257375,0.026618474802808684,/common/users/shared/pracsys/adaptive_roa_experiments/gaussian_torque/cp_high_v2_clf_epi_var,0.9613581117630112,0.5464420574114391
clf,high,clf_epi_var,6,1200,0.0024075735621309686,1.0,0.08704178714717804,100.0,0.057360927674097555,0.014182761256086814,0.014182761256086814,0.040652223932037095,0.02310726659133896,0.039916453364807127,0.047536191757080876,0.047137027223432805,0.04713702722343282,0.8973193275728996,0.9219423580128386,0.9771276896142769,-0.053968755279648534,0.021207399135734342,0.0001941343353006057,0.021606563669382416,0.0005398345882518217,0.5403834000421319,0.39205336852136935,0.3485254691689008,0.2029797700963558,0.316951681451914,0.11671989161887486,0.0,20,106242,0.9979769685652039,0.988905325443787,0.720620842572062,0.3705008954878965,0.2444911767395081,0.22984441301272984,3.8029121750707817e-07,1.1409058481218146e-06,0.0014085282322114552,0.0212073991357343,0.06048455413113458,0.025451328099998116,0.008490051015605881,0.16292050224958116,0.10294422168257375,0.026618474802808684,/common/users/shared/pracsys/adaptive_roa_experiments/gaussian_torque/cp_high_v2_clf_epi_var,0.9617229008991777,0.5500904408924691
clf,high,clf_epi_var,7,1350,0.002200933175670806,1.0,0.07335598092705531,100.0,0.05584509921258748,0.012888007271115562,0.012888007271115562,0.040956611935386404,0.024901074704402844,0.039916453364807127,0.047536191757080876,0.047137027223432805,0.04713702722343282,0.9005195685322189,0.9211611227198283,0.9771935769281451,-0.0513224629956886,0.01976727774883091,0.0001812046890158529,0.02016644228247898,0.0006988551896689489,0.5620156644979487,0.38275607958732494,0.36620455139942454,0.1892939638762631,0.316951681451914,0.11671989161887486,0.0,20,106242,0.9939900322486075,0.9863273832130649,0.7035175879396985,0.3917615113524756,0.23745085489622383,0.24752475247524752,4.2782761969019424e-07,1.848264967126663e-06,0.0012344835940334403,0.019767277748830813,0.06421189360140057,0.02478304248790497,0.009365411042713804,0.16292050224958116,0.10294422168257375,0.026618474802808684,/common/users/shared/pracsys/adaptive_roa_experiments/gaussian_torque/cp_high_v2_clf_epi_var,0.9623787809117486,0.5806422484996216
clf,high,clf_epi_var,8,1500,0.002014545812900545,1.0,0.06417049154194679,100.0,0.053118773765243356,0.011600401399432891,0.011600401399432891,0.041158657493233955,0.026693846528095783,0.039916453364807127,0.047536191757080876,0.047137027223432805,0.04713702722343282,0.9078142354247849,0.9226200560983415,0.9779277498541067,-0.04855069531143722,0.01797701095246515,0.00016813693693843804,0.018376175486113228,0.00039823982283341414,0.6070769477653857,0.40128177117471414,0.3691148775894539,0.18010847449116785,0.316951681451914,0.11671989161887486,0.0,20,106242,0.993304450571091,0.9860415175375805,0.7716535433070866,0.4371136403027327,0.25189722958763827,0.24257425742574257,4.2782761969223247e-07,1.4755704725407574e-06,0.0009183976816296228,0.017977010952465178,0.07169480996216186,0.026298450706876753,0.008367688861278966,0.16292050224958116,0.10294422168257375,0.026618474802808684,/common/users/shared/pracsys/adaptive_roa_experiments/gaussian_torque/cp_high_v2_clf_epi_var,0.9629125099218103,0.6186223015878185
clf,high,clf_epi_var,9,1650,0.002048598606441772,1.0,0.06504906288494951,100.0,0.05411335390224554,0.012546831401514216,0.012546831401514216,0.04139070201828734,0.02691585222911053,0.039916453364807127,0.047536191757080876,0.047137027223432805,0.04713702722343282,0.9059693906364714,0.9192786280378757,0.9767700156247059,-0.050685294231242545,0.018472274577245186,0.00016892771758950643,0.018871439110893257,0.0001791179705855038,0.5962331258588635,0.3593306439563723,0.28711727325245523,0.18098704583416417,0.316951681451914,0.11671989161887486,0.0,20,106242,0.9923314946858603,0.9820334830543079,0.7839116719242902,0.4261366918943902,0.2198957666636189,0.17574257425742573,4.7536402039225843e-07,1.665708224315665e-06,0.000784679670670099,0.018472274577245172,0.06996291485476554,0.02305114738050865,0.005967508141789499,0.16292050224958116,0.10294422168257375,0.026618474802808684,/common/users/shared/pracsys/adaptive_roa_experiments/gaussian_torque/cp_high_v2_clf_epi_var,0.9631864931908416,0.6081154102127546
clf,high,clf_epi_var,10,1800,0.0019888433031826605,1.0,0.06354143341389151,100.0,0.05472371842186117,0.013397162970925311,0.013397162970925311,0.04202836095238419,0.027188707512565358,0.039916453364807127,0.047536191757080876,0.047137027223432805,0.04713702722343282,0.9072683119670187,0.9160877995519663,0.9756122813953051,-0.0523515684892534,0.018487155586172543,0.00016574079054404288,0.018886320119820613,-1.867365580137878e-05,0.602741935483871,0.31459983086030596,0.17352472089314197,0.17947941636310288,0.316951681451914,0.11671989161887486,0.0,20,106242,0.9977306100654119,0.9884057971014493,0.8859934853420195,0.4317984863365879,0.18707140897869617,0.09618104667609619,4.278276188856973e-07,1.6961390913009406e-06,0.0006985392549219503,0.01848715558617249,0.07050883831253177,0.01948381995820862,0.0028896293367971235,0.16292050224958116,0.10294422168257375,0.026618474802808684,/common/users/shared/pracsys/adaptive_roa_experiments/gaussian_torque/cp_high_v2_clf_epi_var,0.9643964575208342,0.6077997134069968
clf,high,clf_epi_var,11,1950,0.0019257320467427946,1.0,0.05823037087868143,100.0,0.05311450267247917,0.011951083707783033,0.011951083707783033,0.041615267719033615,0.028804381398597072,0.039916453364807127,0.047536191757080876,0.047137027223432805,0.04713702722343282,0.9112309632725287,0.917800869712543,0.9752734323525536,-0.04974052514145539,0.01741719121874184,0.00016057976797970419,0.01781635575238991,-5.565199344038582e-05,0.6263914748643188,0.3392600438828781,0.15557698489231758,0.17416835382791662,0.316951681451914,0.11671989161887486,0.0,20,106242,0.9964708847995967,0.9833333333333333,0.8551236749116607,0.4567566006123982,0.20499222821614702,0.08557284299858557,3.8029121749580904e-07,1.772205512304219e-06,0.0007783404775439529,0.017417191218741822,0.0746785640330566,0.021460439374258768,0.0026637299749628206,0.16292050224958116,0.10294422168257375,0.026618474802808684,/common/users/shared/pracsys/adaptive_roa_experiments/gaussian_torque/cp_high_v2_clf_epi_var,0.9636179396545389,0.6304987343350456
clf,high,clf_epi_bald,0,300,0.006356705136697289,1.0,0.10730691987683058,100.0,0.07682513705045958,0.0019219356109265884,0.0019219356109265884,0.02140623716908303,0.04644932434454066,0.039916453364807127,0.047536191757080876,0.047137027223432805,0.04713702722343282,0.8867208825135069,0.9103179533517818,0.9733815251971913,-0.02766827638600528,0.027175809429737144,0.00024975773943182743,0.02757497396338521,-0.0004769162355392244,0.5844411449880874,0.2857571214392804,nan,0.22324490282707848,0.316951681451914,0.11671989161887486,0.0,20,106242,0.726313079299691,0.7931751976695797,nan,0.4889363914726443,0.17427082380908843,0.0,6.401007938123491e-07,0.000660727701430916,0.01580353925029633,0.02717580942973714,0.10967414017055402,0.02261817360365957,0.0,0.16292050224958116,0.10294422168257375,0.026618474802808684,/common/users/shared/pracsys/adaptive_roa_experiments/gaussian_torque/cp_high_v2_clf_epi_bald,0.8972588088833835,0.4234721400456185
clf,high,clf_epi_bald,1,450,0.00528675533146212,1.0,0.0931214532120414,100.0,0.07383059304400992,0.001583743564317666,0.001583743564317666,0.023931360696265596,0.04867416987329566,0.039916453364807127,0.047536191757080876,0.047137027223432805,0.04713702722343282,0.897225202838802,0.9101485288304061,0.9733815251971913,-0.025110015150259086,0.0243963801190754,0.00022464303764733776,0.02479554465272347,-0.00039302997240947546,0.6337749454972329,0.2637667746413697,nan,0.20905943616217257,0.316951681451914,0.11671989161887486,0.0,20,106242,0.7554773708619863,0.8427796944307541,nan,0.5458432029579987,0.15635000457163756,0.0,6.386271343418489e-09,0.0003082784549619275,0.013502655132338295,0.024396380119075793,0.1177123924624913,0.01909790854840835,0.0,0.16292050224958116,0.10294422168257375,0.026618474802808684,/common/users/shared/pracsys/adaptive_roa_experiments/gaussian_torque/cp_high_v2_clf_epi_bald,0.9090220553583792,0.48243702337368777
clf,high,clf_epi_bald,2,600,0.0024680757713140163,1.0,0.05974911039623518,100.0,0.054059633981747894,0.0061799415460555675,0.0061799415460555675,0.03639585078896317,0.037082737890270286,0.039916453364807127,0.047536191757080876,0.047137027223432805,0.04713702722343282,0.9226200560983415,0.9207657988366182,0.973390937670601,-0.03870290214619332,0.016616056021686573,0.00017283152374497282,0.017015220555334644,-0.0003050619588386254,0.6968546037833254,0.38121140840929135,0.005627857896588112,0.17568709334587312,0.316951681451914,0.11671989161887486,0.0,20,106242,0.9632008154943935,0.9722534683164604,0.5333333333333333,0.5459009763706743,0.2370851238913779,0.002828854314002829,2.841732014964822e-08,5.01754663825339e-06,0.0038153102634290712,0.016616056021686674,0.09233636414977128,0.0251030665838369,0.00014118710114643926,0.16292050224958116,0.10294422168257375,0.026618474802808684,/common/users/shared/pracsys/adaptive_roa_experiments/gaussian_torque/cp_high_v2_clf_epi_bald,0.9507310569688582,0.6474946130368956
clf,high,clf_epi_bald,3,750,0.0017802387501270516,1.0,0.04870951253450023,100.0,0.049056790787080126,0.0049782526878790565,0.0049782526878790565,0.0381200425430536,0.036619497049848196,0.039916453364807127,0.047536191757080876,0.047137027223432805,0.04713702722343282,0.9281075280962331,0.9296323487886147,0.9740968731763333,-0.0336740970220668,0.013738613035762891,0.00013037677257257406,0.014137777569410958,-0.0002566243324953702,0.7308098963840135,0.5049662296384585,0.1373040752351097,0.1646474954839985,0.316951681451914,0.11671989161887486,0.0,20,106242,0.937008585630366,0.9154861944777911,0.6049723756906077,0.5989947426194465,0.34863308036938834,0.07743988684582744,1.8929846507397738e-08,5.767846671048376e-07,0.001691645659838297,0.013738613035762907,0.10414901827902336,0.0392029517516613,0.0034073153743340674,0.16292050224958116,0.10294422168257375,0.026618474802808684,/common/users/shared/pracsys/adaptive_roa_experiments/gaussian_torque/cp_high_v2_clf_epi_bald,0.9561847395893999,0.7085388314659535
clf,high,clf_epi_bald,4,900,0.0020715727413371235,1.0,0.06445995042053684,100.0,0.05243735142189806,0.009393365672242259,0.009393365672242259,0.03945329888031178,0.02988874003515225,0.039916453364807127,0.047536191757080876,0.047137027223432805,0.04713702722343282,0.9196833643944956,0.9212740724007454,0.9735603621919768,-0.045886459532923585,0.01706439250621266,0.0001607973121192377,0.017463557039860734,-1.2701509150621348e-05,0.6788362377206519,0.3959266214069045,0.10569882203120026,0.18039793336979937,0.316951681451914,0.11671989161887486,0.0,20,106242,0.973866090712743,0.9422481952561017,0.5303514376996805,0.5210006355075394,0.2506171710706775,0.0586987270155587,7.605822542141067e-08,5.906031519319264e-06,0.001467929167142066,0.017064392506212625,0.08715950377440183,0.027380885148999456,0.0029461041772556994,0.16292050224958116,0.10294422168257375,0.026618474802808684,/common/users/shared/pracsys/adaptive_roa_experiments/gaussian_torque/cp_high_v2_clf_epi_bald,0.9592141812967416,0.6379832689633514
clf,high,clf_epi_bald,5,1050,0.001953804943558381,1.0,0.062208046236082226,100.0,0.04986869471918491,0.009317474149536448,0.009317474149536448,0.04034963010669473,0.028518651184089316,0.039916453364807127,0.047536191757080876,0.047137027223432805,0.04713702722343282,0.9213399597146138,0.9248413998230455,0.9748122211554753,-0.04259575852170691,0.016456326274081508,0.00016314366199662414,0.016855490807729582,0.00035145500780698474,0.6857443688188621,0.44904436624577376,0.3106646058732612,0.17814602918527958,0.316951681451914,0.11671989161887486,0.0,20,106242,0.9821197759586385,0.9150731158605174,0.5721062618595826,0.5267779767750881,0.2975221724421688,0.21322489391796323,1.8063832831586336e-07,9.849820629241092e-07,0.0009168069116788668,0.016456326274081407,0.08738540313623613,0.033470755445115866,0.009920746973889798,0.16292050224958116,0.10294422168257375,0.026618474802808684,/common/users/shared/pracsys/adaptive_roa_experiments/gaussian_torque/cp_high_v2_clf_epi_bald,0.9612295263823175,0.6508832388585439
clf,high,clf_epi_bald,6,1200,0.002035285961379552,1.0,0.07282932908346786,100.0,0.05419129688797776,0.012696509596339084,0.012696509596339084,0.041827064590250596,0.025142165737436214,0.039916453364807127,0.047536191757080876,0.047137027223432805,0.04713702722343282,0.9087554827657612,0.920257525272491,0.9768641403588035,-0.050655604184059774,0.018536053672988433,0.00017026942682019872,0.018935218206636503,0.0005295814434671392,0.6119295436349079,0.3716065865598576,0.34278074866310154,0.18876731203264194,0.316951681451914,0.11671989161887486,0.0,20,106242,0.9963498891930648,0.9842829076620825,0.7028508771929824,0.44156219307874517,0.2290390417847673,0.22666195190947666,7.795969958895254e-07,1.5668440577736054e-06,0.0008357924337201185,0.018536053672988332,0.07220308352628904,0.02395474482784586,0.008584175749703507,0.16292050224958116,0.10294422168257375,0.026618474802808684,/common/users/shared/pracsys/adaptive_roa_experiments/gaussian_torque/cp_high_v2_clf_epi_bald,0.9637995926059937,0.6067623529772839
clf,high,clf_epi_bald,7,1350,0.0019948201860452014,1.0,0.06894976659954513,100.0,0.05384104664050978,0.012725192247201733,0.012725192247201733,0.04193089722508226,0.026137389925429227,0.039916453364807127,0.047536191757080876,0.047137027223432805,0.04713702722343282,0.9108544643361383,0.9185726925321436,0.9762711545339885,-0.05084593772282076,0.01819443675240769,0.0001659536034247381,0.01859360128605576,0.00026311450685541013,0.6245391476709613,0.35008639471114117,0.2741145983299741,0.184887749548726,0.316951681451914,0.11671989161887486,0.0,20,106242,0.9950732693279434,0.9814658803706824,0.737984496124031,0.45508117164480905,0.2130383103227576,0.16831683168316833,9.126989220167985e-07,1.5858591460338629e-06,0.0008279363802020174,0.01819443675240764,0.07450913951168088,0.022345211874776453,0.006071045349296888,0.16292050224958116,0.10294422168257375,0.026618474802808684,/common/users/shared/pracsys/adaptive_roa_experiments/gaussian_torque/cp_high_v2_clf_epi_bald,0.9640244854211002,0.6140096687437504
clf,high,clf_epi_bald,8,1500,0.0018169483394774992,1.0,0.06048864856891572,100.0,0.05242413338393067,0.011980997376405,0.011980997376405,0.0422784100103201,0.02781380134236007,0.039916453364807127,0.047536191757080876,0.047137027223432805,0.04713702722343282,0.9137252687261158,0.9200692758042959,0.9762335046403494,-0.049585496727461535,0.01677028477139577,0.00014816243223700093,0.01716944930504384,-6.932981812193123e-05,0.6412243619852827,0.36918734214826915,0.22091946929959894,0.17642663151811966,0.316951681451914,0.11671989161887486,0.0,20,106242,0.9941740502488166,0.9841584158415841,0.8668280871670703,0.4732220232249119,0.22721038676053762,0.1265912305516266,3.042329738051947e-07,1.163718225096625e-06,0.0007002853064271673,0.016770284771395687,0.0775493684230342,0.02376649535965061,0.003887351518231961,0.16292050224958116,0.10294422168257375,0.026618474802808684,/common/users/shared/pracsys/adaptive_roa_experiments/gaussian_torque/cp_high_v2_clf_epi_bald,0.9648044104876793,0.6442226894813827
clf,high,clf_epi_bald,9,1650,0.0016764679033543447,1.0,0.054443844998534066,100.0,0.048900708037581495,0.010527261602507419,0.010527261602507419,0.042535890008396256,0.028397681153167806,0.039916453364807127,0.047536191757080876,0.047137027223432805,0.04713702722343282,0.9200975132245252,0.9245684380941623,0.9774947760772575,-0.04588931107754937,0.015240868599804218,0.0001423861418591982,0.015640033133452292,0.00011246978226025009,0.6759057763524606,0.42576669532817424,0.3311888111888112,0.17038182794772044,0.316951681451914,0.11671989161887486,0.0,20,106242,0.9963980189104007,0.9841006955945677,0.7925033467202142,0.5114102490034086,0.2716467038493188,0.20933521923620935,3.2324753461401915e-07,1.1180825147637612e-06,0.0005388576020609753,0.015240868599804254,0.08362041377233109,0.028416257224073344,0.007031117637092675,0.16292050224958116,0.10294422168257375,0.026618474802808684,/common/users/shared/pracsys/adaptive_roa_experiments/gaussian_torque/cp_high_v2_clf_epi_bald,0.9652553634748992,0.6766688631516486
clf,high,clf_epi_bald,10,1800,0.0017793265971062342,1.0,0.05726709511300387,100.0,0.05326785268586157,0.01228347025754025,0.01228347025754025,0.042390522409288145,0.028481612626003683,0.039916453364807127,0.047536191757080876,0.047137027223432805,0.04713702722343282,0.9121816230869148,0.9161066244987858,0.9763464543212665,-0.050213469577786385,0.01695996236973888,0.0001486020177731967,0.017359126903386955,-7.001270194602685e-05,0.6312835915270313,0.31338109544719206,0.22366388631448875,0.17320507806223764,0.316951681451914,0.11671989161887486,0.0,20,106242,0.9989993746091307,0.9951076320939335,0.8850855745721271,0.4614362470391126,0.18597421596415836,0.128005657708628,3.2324753488078603e-07,1.5630408469188269e-06,0.00072396566476356,0.016959962369738815,0.07525272491105213,0.01923909564955479,0.0038497016245929105,0.16292050224958116,0.10294422168257375,0.026618474802808684,/common/users/shared/pracsys/adaptive_roa_experiments/gaussian_torque/cp_high_v2_clf_epi_bald,0.9650040017202287,0.640198727651036
clf,high,clf_epi_bald,11,1950,0.001570464017725187,1.0,0.048929529569540144,100.0,0.04990031995963884,0.01039746550409463,0.01039746550409463,0.04261008078740446,0.030069387586976064,0.039916453364807127,0.047536191757080876,0.047137027223432805,0.04713702722343282,0.9188080043673876,0.9194480525592515,0.9774194762899795,-0.04569157218132121,0.01501455228174752,0.00013496270396989174,0.01541371681539559,9.01403416245488e-05,0.6689946277820414,0.36010168984596974,0.31043403276803677,0.16486751251879983,0.316951681451914,0.11671989161887486,0.0,20,106242,0.996114729745172,0.9881001231021748,0.8294930875576036,0.5036108382922179,0.22017006491725336,0.19094766619519093,2.4718928549333076e-07,1.1104599958112973e-06,0.0005622383756691616,0.01501455228174756,0.08236855480883266,0.0229381976995915,0.006127520189755464,0.16292050224958116,0.10294422168257375,0.026618474802808684,/common/users/shared/pracsys/adaptive_roa_experiments/gaussian_torque/cp_high_v2_clf_epi_bald,0.9653564378541489,0.6814701060680495
clf,high,clf_epi_var_anch,0,300,0.006356705136697289,1.0,0.10730691987683058,100.0,0.07682513705045958,0.0019219356109265884,0.0019219356109265884,0.02140623716908303,0.04644932434454066,0.039916453364807127,0.047536191757080876,0.047137027223432805,0.04713702722343282,0.8867208825135069,0.9103179533517818,0.9733815251971913,-0.02766827638600528,0.027175809429737144,0.00024975773943182743,0.02757497396338521,-0.0004769162355392244,0.5844411449880874,0.2857571214392804,nan,0.22324490282707848,0.316951681451914,0.11671989161887486,0.0,20,106242,0.726313079299691,0.7931751976695797,nan,0.4889363914726443,0.17427082380908843,0.0,6.401007938123491e-07,0.000660727701430916,0.01580353925029633,0.02717580942973714,0.10967414017055402,0.02261817360365957,0.0,0.16292050224958116,0.10294422168257375,0.026618474802808684,/common/users/shared/pracsys/adaptive_roa_experiments/gaussian_torque/cp_high_v2_clf_epi_var_anch,0.8972588088833835,0.4234721400456185
clf,high,clf_epi_var_anch,1,450,0.003560829530344656,1.0,0.070243665945351,100.0,0.06345640099542213,0.001985634368953688,0.001985634368953688,0.029650812264877424,0.047203749389654784,0.039916453364807127,0.047536191757080876,0.047137027223432805,0.04713702722343282,0.914986540163024,0.9232036294497468,0.9733815251971913,-0.024857376135591098,0.018968928738875058,0.00018301585412555514,0.01936809327252313,-0.00050292058863401,0.6922657580919932,0.42310683730467363,nan,0.18618164889540684,0.316951681451914,0.11671989161887486,0.0,20,106242,0.843700689311519,0.9332501559575795,nan,0.5869200993702698,0.27356679162476,0.0,1.3315366681604668e-08,3.2442589445708876e-05,0.007767467782647636,0.018968928738875124,0.11333559232695167,0.03017638975169895,0.0,0.16292050224958116,0.10294422168257375,0.026618474802808684,/common/users/shared/pracsys/adaptive_roa_experiments/gaussian_torque/cp_high_v2_clf_epi_var_anch,0.9315345426748066,0.5975790189533803
clf,high,clf_epi_var_anch,2,600,0.002208165842817479,1.0,0.0622383366132612,100.0,0.05439202319231002,0.009070743298406797,0.009070743298406797,0.0382715742734532,0.03144259470545816,0.039916453364807127,0.047536191757080876,0.047137027223432805,0.04713702722343282,0.9128310837521884,0.919391577718793,0.9742004103838406,-0.04515677767869103,0.017762377886296258,0.00016544458561976592,0.018161542419944325,-0.00017381836209014873,0.6445595854922279,0.37652882935352355,0.09328481640754217,0.17817631956264343,0.316951681451914,0.11671989161887486,0.0,20,106242,0.9600960439057855,0.9239013933547695,0.7230769230769231,0.4851233462360622,0.2364450946328975,0.04985855728429986,6.654725790451738e-08,3.150403586283406e-07,0.002115858794099658,0.01776237788629635,0.08232149244178386,0.026345513073925565,0.0018354323149037104,0.16292050224958116,0.10294422168257375,0.026618474802808684,/common/users/shared/pracsys/adaptive_roa_experiments/gaussian_torque/cp_high_v2_clf_epi_var_anch,0.9571422812752528,0.6231756872977725
clf,high,clf_epi_var_anch,3,750,0.001979685017761153,1.0,0.06325505346536102,100.0,0.05312763512877702,0.010974307741486961,0.010974307741486961,0.04087653086386137,0.028469109419472387,0.039916453364807127,0.047536191757080876,0.047137027223432805,0.04713702722343282,0.9130099207469738,0.922083545113985,0.973673311872894,-0.047573133431485184,0.017302072933300792,0.00015668344495392352,0.01770123746694886,6.726883224239533e-05,0.6421158612143741,0.41107000569151964,0.0962843295638126,0.17919303641460912,0.316951681451914,0.11671989161887486,0.0,20,106242,0.9736934820904286,0.9262584161590254,0.5580524344569289,0.47899936449246056,0.26414921824997717,0.05268741159830269,4.753585537445425e-08,4.2583983120404333e-07,0.0009447991481371598,0.01730207293330072,0.08014721108412869,0.029357504565049604,0.002513130400406619,0.16292050224958116,0.10294422168257375,0.026618474802808684,/common/users/shared/pracsys/adaptive_roa_experiments/gaussian_torque/cp_high_v2_clf_epi_var_anch,0.9622021876590601,0.632940939374735
clf,high,clf_epi_var_anch,4,900,0.0021550976653224754,1.0,0.07032627391000329,100.0,0.05441151187982222,0.011813189188045864,0.011813189188045864,0.040567934263210766,0.027574954246577438,0.039916453364807127,0.047536191757080876,0.047137027223432805,0.04713702722343282,0.9123981099753393,0.9192221531974172,0.97303326368103,-0.05046366584590731,0.018393471891965153,0.00016862501770724644,0.018792636425613223,1.1189743697247873e-05,0.6348047871296841,0.36410788381742737,0.05414328161109276,0.18626425685922993,0.316951681451914,0.11671989161887486,0.0,20,106242,0.9893590998043053,0.9601406799531067,0.4079601990049751,0.46732913513201224,0.2246502697266161,0.028995756718528994,1.901455929560486e-07,2.624022158133501e-07,0.0013309892121188024,0.018393471891965114,0.07695638259821916,0.024086519455582538,0.0018919071553622862,0.16292050224958116,0.10294422168257375,0.026618474802808684,/common/users/shared/pracsys/adaptive_roa_experiments/gaussian_torque/cp_high_v2_clf_epi_var_anch,0.9616211357250954,0.6097871890652161
clf,high,clf_epi_var_anch,5,1050,0.0023453215940282142,1.0,0.07598211943223881,100.0,0.059175514676025144,0.014380300727696462,0.014380300727696462,0.04068857618105738,0.026403586374549076,0.039916453364807127,0.047536191757080876,0.047137027223432805,0.04713702722343282,0.8999924700212721,0.9146006287532238,0.9737015492931232,-0.055427662325783895,0.020746642752201713,0.00018115114098153214,0.021145807285849787,-8.210901787017097e-05,0.5574576200591445,0.29343509072502144,0.051595383570943655,0.1919201023815697,0.316951681451914,0.11671989161887486,0.0,20,106242,0.9988059701492538,0.9894957983193278,0.6440677966101694,0.3866196776243573,0.17225930328243577,0.026874115983026876,2.849684057532739e-08,5.11613278367783e-06,0.0017860141676653777,0.020746642752201755,0.06306357184540953,0.017921349372188023,0.0011106718623519888,0.16292050224958116,0.10294422168257375,0.026618474802808684,/common/users/shared/pracsys/adaptive_roa_experiments/gaussian_torque/cp_high_v2_clf_epi_var_anch,0.9611350807482321,0.559865269953042
clf,high,clf_epi_var_anch,6,1200,0.002306594219747387,1.0,0.07605665230534035,100.0,0.05831229917603053,0.014656002317513888,0.014656002317513888,0.04091496773698816,0.025741195996831598,0.039916453364807127,0.047536191757080876,0.047137027223432805,0.04713702722343282,0.8996065586114719,0.9147135784341409,0.9743604224318066,-0.05565040881551846,0.020903547953639384,0.0001850849827049531,0.02130271248728746,2.5486149680856163e-05,0.5559903421863291,0.29546691548091125,0.10217534607778508,0.1919946352545508,0.316951681451914,0.11671989161887486,0.0,20,106242,0.9947862356621481,0.9875259875259875,0.7524271844660194,0.38581084984690045,0.17372222730181952,0.05480905233380481,1.1408736524948026e-07,4.905894610333407e-07,0.0011839231641420328,0.02090354795363929,0.06318593399973645,0.018109598840383274,0.0019389695224110992,0.16292050224958116,0.10294422168257375,0.026618474802808684,/common/users/shared/pracsys/adaptive_roa_experiments/gaussian_torque/cp_high_v2_clf_epi_var_anch,0.9624320342956565,0.5565365661573205
clf,high,clf_epi_var_anch,7,1350,0.0020555376823721185,1.0,0.06562947494066443,100.0,0.052841188849185664,0.011930343212643097,0.011930343212643097,0.041282836968420174,0.02703841421427507,0.039916453364807127,0.047536191757080876,0.047137027223432805,0.04713702722343282,0.9085107584571074,0.9220364827469363,0.9753957945068805,-0.04956866703176859,0.01793325328154578,0.0001683218118648548,0.01833241781519385,0.00014871981389005112,0.6111377820451273,0.39781897491821155,0.24798619102416572,0.18156745788985953,0.316951681451914,0.11671989161887486,0.0,20,106242,0.9936256016651489,0.9709013484740951,0.6651234567901234,0.44127332601536773,0.25016000731462007,0.1524045261669024,1.2359464568980293e-07,4.2213517107689434e-07,0.001118110307568277,0.017933253281545714,0.07235368310084524,0.026524350068711056,0.006099282769526176,0.16292050224958116,0.10294422168257375,0.026618474802808684,/common/users/shared/pracsys/adaptive_roa_experiments/gaussian_torque/cp_high_v2_clf_epi_var_anch,0.9631087904735152,0.6195506094064672
clf,high,clf_epi_var_anch,8,1500,0.0019031966432189948,1.0,0.05922243121916822,100.0,0.049575820543958524,0.010488365617100839,0.010488365617100839,0.0413121195591636,0.02808067878278119,0.039916453364807127,0.047536191757080876,0.047137027223432805,0.04713702722343282,0.916097212025376,0.925377910807402,0.9761017300126127,-0.045521479331224794,0.016420633912668105,0.00016075540310022182,0.016819798446316175,0.00010736063129805976,0.6550042572954564,0.4420830401125968,0.31802309965081926,0.17516041416835532,0.316951681451914,0.11671989161887486,0.0,20,106242,0.9921444483526791,0.9596700274977086,0.6614525139664804,0.4888786180599688,0.2871902715552711,0.20933521923620935,2.2817473050425157e-07,6.617254032477493e-07,0.0008585027812649536,0.01642063391266802,0.08027898571186537,0.030807025470153047,0.008424163701737543,0.16292050224958116,0.10294422168257375,0.026618474802808684,/common/users/shared/pracsys/adaptive_roa_experiments/gaussian_torque/cp_high_v2_clf_epi_var_anch,0.9631432585225874,0.6516404431948339
clf,high,clf_epi_var_anch,9,1650,0.00210828478016446,1.0,0.06967947213091619,100.0,0.05593547904097622,0.014087145247556561,0.014087145247556561,0.04183224479409441,0.026363170398737777,0.039916453364807127,0.047536191757080876,0.047137027223432805,0.04713702722343282,0.9025526627887276,0.9155889384612489,0.9752922572993731,-0.05382604090452644,0.019497291588510993,0.00017394177155247826,0.019896456122159064,0.00010536391161604028,0.5737576680802009,0.3085582112567463,0.175306314797361,0.1856174550801136,0.316951681451914,0.11671989161887486,0.0,20,106242,0.9982808022922636,0.9842597147073291,0.7859154929577464,0.4025651395227916,0.18295693517417938,0.09865629420084866,3.1374025444334623e-07,4.829834839011038e-07,0.0010733129462896533,0.019497291588510983,0.06569906440014307,0.019135558442047403,0.0033414280604657292,0.16292050224958116,0.10294422168257375,0.026618474802808684,/common/users/shared/pracsys/adaptive_roa_experiments/gaussian_torque/cp_high_v2_clf_epi_var_anch,0.9637256342709218,0.5863699359721507
clf,high,clf_epi_var_anch,10,1800,0.0022851698734892138,1.0,0.07669850656638126,100.0,0.057734540568156315,0.015105114340272221,0.015105114340272221,0.0414285457546635,0.025261985678643215,0.039916453364807127,0.047536191757080876,0.047137027223432805,0.04713702722343282,0.8993524218294083,0.9147324033809604,0.9752075450386852,-0.056021133276440704,0.02078738015767126,0.00018607718267054258,0.021186544691319326,-2.6215651370269794e-05,0.5531737077430947,0.295622424383796,0.15631005765534914,0.1926364895155732,0.316951681451914,0.11671989161887486,0.0,20,106242,0.9995469646632438,0.988045738045738,0.8299319727891157,0.38240221849904676,0.173813660053031,0.08628005657708628,3.137402544433464e-07,5.514378360526356e-07,0.0011714915437707279,0.02078738015767112,0.062329398919448054,0.018109598840383274,0.0027672671824702094,0.16292050224958116,0.10294422168257375,0.026618474802808684,/common/users/shared/pracsys/adaptive_roa_experiments/gaussian_torque/cp_high_v2_clf_epi_var_anch,0.9631991693713862,0.559001036294936
clf,high,clf_epi_var_anch,11,1950,0.0017897853181367972,1.0,0.05749500109069396,100.0,0.05169862999513185,0.011644269072796733,0.011644269072796733,0.042305180356727055,0.02855805415231846,0.039916453364807127,0.047536191757080876,0.047137027223432805,0.04713702722343282,0.9148077031682386,0.9200128009638373,0.9753299071930122,-0.04897824591783485,0.016457314467282005,0.00014768759652183055,0.01685647900093008,-1.8801472220473375e-05,0.6467351001131884,0.36874164314366364,0.1817046518888542,0.17343298403990343,0.316951681451914,0.11671989161887486,0.0,20,106242,0.9967516843118384,0.982970297029703,0.776,0.4786527240164076,0.22693608850690317,0.1028995756718529,3.137402544433463e-07,6.084831286128228e-07,0.0007944164037780461,0.01645731446728193,0.07823647898194687,0.02376649535965061,0.0035296775286609815,0.16292050224958116,0.10294422168257375,0.026618474802808684,/common/users/shared/pracsys/adaptive_roa_experiments/gaussian_torque/cp_high_v2_clf_epi_var_anch,0.964713149618501,0.6508622745920489
